type,x,y
path,-10.964516672375524,-12.212515215328072
path,-10.964364573359903,-12.20807076553436
path,-10.964204348529504,-12.20363853735824
path,-10.964033521568929,-12.199207435211914
path,-10.963851593424069,-12.19477740545216
path,-10.963670685397553,-12.19051817752463
path,-10.963516263430932,-12.186458679869437
path,-10.963353876155495,-12.182423859615707
path,-10.963178691377562,-12.178390151132056
path,-10.962990323912011,-12.174357560908893
path,-10.962751259822355,-12.170017435459366
path,-10.962469020354302,-12.165514751976309
path,-10.962172395119142,-12.161013168047118
path,-10.961861006841415,-12.156512711372931
path,-10.961534487166467,-12.152013411879565
path,-10.961210513861229,-12.147673814054015
path,-10.960891504012116,-12.143441954928361
path,-10.960556703178836,-12.139214690626714
path,-10.9602054609379,-12.134988828769652
path,-10.959837459705717,-12.130764394993879
path,-10.959470863475273,-12.126700684743142
path,-10.959113546593885,-12.12276885693136
path,-10.958738843414322,-12.118839740548838
path,-10.95834625205568,-12.114912225264028
path,-10.957935502623286,-12.110986333950207
path,-10.957524314826536,-12.107197568100364
path,-10.957104829016592,-12.103464398899215
path,-10.956666442583877,-12.099732915161598
path,-10.956208920975287,-12.096003141674972
path,-10.955732035372709,-12.09227510291498
path,-10.955258062720853,-12.08868611464878
path,-10.954775782937697,-12.08515704375046
path,-10.954273534925635,-12.081629848152977
path,-10.953751121487336,-12.078104544427585
path,-10.953208351153432,-12.074581149170506
path,-10.952627929913882,-12.07070721233583
path,-10.951971415756784,-12.066518642280831
path,-10.951289910019973,-12.062326448525923
path,-10.95055897269175,-12.058140246403005
path,-10.949763927172762,-12.053960449209555
path,-10.949029011598583,-12.049984669273869
path,-10.948252706627605,-12.04604155553129
path,-10.9474687683277,-12.042099653554548
path,-10.946681599373072,-12.038158044668874
path,-10.945891204549708,-12.034216719419925
path,-10.945227771820182,-12.030480789621475
path,-10.94454176578267,-12.026800757388935
path,-10.943807020535841,-12.023125703113525
path,-10.943059170185846,-12.019452010187019
path,-10.942308481588201,-12.015778606190857
path,-10.941620684693271,-12.0122294822494
path,-10.940897962712773,-12.00869866245675
path,-10.940168489421911,-12.005168527647834
path,-10.939436406701573,-12.001638637881147
path,-10.938701718044264,-11.99810898722716
path,-10.93808913082087,-11.99479741372995
path,-10.937452921613657,-11.991565534679465
path,-10.936775699580949,-11.988337778763317
path,-10.936094559932814,-11.985110374647698
path,-10.935411262677816,-11.981883134269408
path,-10.934776081235071,-11.978753585533749
path,-10.93411219329294,-11.975634962381651
path,-10.933446233946224,-11.97251655967032
path,-10.932778220098218,-11.969398367498865
path,-10.932108154682187,-11.966280381200317
path,-10.931455994480718,-11.963233633421247
path,-10.930797868882339,-11.960191153402103
path,-10.930137815382723,-11.957148829282875
path,-10.929475833412791,-11.954106661582152
path,-10.928811922322515,-11.951064650951679
path,-10.928182294524495,-11.948099069712127
path,-10.927533737836262,-11.945141352671058
path,-10.926883302819082,-11.942183866559498
path,-10.926230993823449,-11.939226604679682
path,-10.925576814646456,-11.936269561145698
path,-10.924936775050654,-11.933372514650534
path,-10.924292646129974,-11.930478366920397
path,-10.923646746109691,-11.927584395910177
path,-10.92299907577768,-11.924690600236053
path,-10.922349635730782,-11.921796978805371
path,-10.921694510397904,-11.918498033736467
path,-10.92093542119007,-11.914951064655058
path,-10.92013234424849,-11.911408456023752
path,-10.91932561851282,-11.907866131745656
path,-10.918516339252966,-11.904323981378614
path,-10.917762265865331,-11.900894613037085
path,-10.916977220423238,-11.897478603849507
path,-10.916189741121444,-11.89406282100161
path,-10.915399832295222,-11.89064726439832
path,-10.914607488811383,-11.887231937239779
path,-10.913871008730016,-11.883931085222253
path,-10.91310402412676,-11.880643858033707
path,-10.912334741348824,-11.877356892779396
path,-10.911563165829204,-11.874070186206199
path,-10.910789296123768,-11.870783737706816
path,-10.91004690562064,-11.867580389210724
path,-10.909290601082903,-11.864384802525489
path,-10.908532075240105,-11.861189536899337
path,-10.907771331420808,-11.857994585267923
path,-10.907008372481458,-11.854799941462606
path,-10.90626641341672,-11.851683296944675
path,-10.905518595375922,-11.848571686329828
path,-10.904768703253676,-11.84546031904137
path,-10.904016736194716,-11.84234919522919
path,-10.903262693294028,-11.839238315232311
path,-10.902547659489109,-11.836215847127427
path,-10.901813796047534,-11.83320247516918
path,-10.901077939522782,-11.830189403142782
path,-10.900340093137945,-11.827176625221176
path,-10.899600259683558,-11.82416413632026
path,-10.898884131555105,-11.821235111468352
path,-10.898161941555935,-11.818311881030674
path,-10.897437911255967,-11.81538886985061
path,-10.896712039507255,-11.812466079310534
path,-10.895984325166872,-11.809543510830675
path,-10.895300910895354,-11.80671892233633
path,-10.894597091091633,-11.803904568450434
path,-10.893891523260324,-11.80109048454343
path,-10.89318420994301,-11.798276666239502
path,-10.892475153338491,-11.795463109734522
path,-10.891782697985548,-11.792713173095152
path,-10.891086791430734,-11.78996628631912
path,-10.89038923993473,-11.787219619764832
path,-10.889690043350619,-11.784473173509033
path,-10.88898920145992,-11.78172694776337
path,-10.88829957250209,-11.779027518234324
path,-10.887607646415992,-11.776329459714473
path,-10.886914136137502,-11.773631606224248
path,-10.886219040723622,-11.7709339592253
path,-10.885522359242742,-11.768236520174835
path,-10.884835705312796,-11.765115630217522
path,-10.884027660088837,-11.76171582215006
path,-10.88315066105059,-11.758322946735667
path,-10.882263753161574,-11.754931119252118
path,-10.881374389449947,-11.751539579567941
path,-10.880526197244404,-11.748242031618624
path,-10.879659694385154,-11.744954125538618
path,-10.878790828716678,-11.741666571819577
path,-10.877919597876344,-11.738379370893322
path,-10.877045999587656,-11.73509252339991
path,-10.876215796816755,-11.731907162691305
path,-10.875368011363975,-11.728733524164204
path,-10.874517986896196,-11.725560263213032
path,-10.87366572409411,-11.722387376620832
path,-10.87281122344584,-11.719214861703314
path,-10.871990973582452,-11.716132599496808
path,-10.871159254646525,-11.71305899775036
path,-10.87032539664009,-11.70998580814895
path,-10.869489403306984,-11.70691302312837
path,-10.86865127791465,-11.703840636052812
path,-10.867871299251066,-11.700871340155754
path,-10.867064769997913,-11.697915765921278
path,-10.866252607496804,-11.6949609226583
path,-10.865438489485765,-11.692006438103702
path,-10.864622419034163,-11.68905230602777
path,-10.863815444718918,-11.685714683506017
path,-10.8629319240035,-11.682185732738793
path,-10.862002544316521,-11.678661410031332
path,-10.861029119573715,-11.67514153936357
path,-10.860042851642897,-11.671623116843794
path,-10.859134613468322,-11.668228866907446
path,-10.85818903264603,-11.664849801188979
path,-10.857234316575012,-11.661471838435935
path,-10.856277042748346,-11.65809432707
path,-10.8553172132509,-11.654717263623438
path,-10.854415805501151,-11.651439942209084
path,-10.853484841795796,-11.648174358513122
path,-10.852549726974487,-11.64490942065328
path,-10.851612197634033,-11.6416449469911
path,-10.850697966528676,-11.638386753231801
path,-10.849764816970579,-11.635272248109542
path,-10.848815573836616,-11.632170657942567
path,-10.847864320702076,-11.629069368372917
path,-10.846911061599421,-11.625968371114705
path,-10.845955799940537,-11.622867658987992
path,-10.845045319922338,-11.619877508262645
path,-10.844123566438189,-11.61689633845923
path,-10.843199929366339,-11.613915490109415
path,-10.842274414152,-11.610934952431432
path,-10.841347025510446,-11.607954715958012
path,-10.840458862575924,-11.60508644033913
path,-10.839564570037183,-11.602225982813717
path,-10.838668592586135,-11.599365722169598
path,-10.83777092921555,-11.596505659474893
path,-10.836871578922203,-11.59364579578633
path,-10.836000229047418,-11.590851803075035
path,-10.835120518554213,-11.58806226449932
path,-10.834239144061504,-11.585273025639397
path,-10.83335611017334,-11.582484077255955
path,-10.832471420886147,-11.5796954112249
path,-10.831602833173575,-11.576960272878294
path,-10.830732129323717,-11.574226470147611
path,-10.82985984613653,-11.571492914004239
path,-10.828985985333226,-11.568759600585393
path,-10.828110548331418,-11.566026526597543
path,-10.8272639282246,-11.563379130757864
path,-10.826413849754369,-11.56073576866198
path,-10.825562314969165,-11.558092592644247
path,-10.824709322687111,-11.555449604380483
path,-10.823854871782025,-11.552806805447679
path,-10.823009154627032,-11.550195607196635
path,-10.82216200899219,-11.547584612420794
path,-10.821313435877158,-11.544973807282968
path,-10.820463434161555,-11.54236319340281
path,-10.819612002602696,-11.539752772668798
path,-10.818781846466056,-11.537192404929504
path,-10.817945676879026,-11.534634575335865
path,-10.817108070881439,-11.532077055992787
path,-10.816269033590817,-11.529519836541258
path,-10.815428569519963,-11.526962907786345
path,-10.814603346873593,-11.524454831885436
path,-10.813776327815328,-11.521947604854331
path,-10.812947953733541,-11.51944062366862
path,-10.812118226904966,-11.516933883646251
path,-10.811287149288498,-11.514427380690103
path,-10.810467106275397,-11.511958038276084
path,-10.809645693223308,-11.509489062524159
path,-10.808822973292978,-11.507020307614894
path,-10.807998947372212,-11.504551771455137
path,-10.807173616195117,-11.502083452233554
path,-10.80636171702599,-11.499658329775656
path,-10.80554835480649,-11.497233859771438
path,-10.804733735474924,-11.494809592837989
path,-10.803917858910705,-11.492385528835795
path,-10.803100725487173,-11.489961666606154
path,-10.802296172114366,-11.487578309684887
path,-10.80149027173221,-11.485195442834227
path,-10.800683156703899,-11.482812769009204
path,-10.799874826392145,-11.480430289138326
path,-10.799065280470677,-11.478048003509409
path,-10.798260120544189,-11.475220810435072
path,-10.797290739202468,-11.472219789770339
path,-10.796283272333445,-11.469202520034768
path,-10.79535075458553,-11.466156375118294
path,-10.794494892679078,-11.46310158096634
path,-10.793716217300814,-11.460093874043531
path,-10.793025032711256,-11.457102190292346
path,-10.792475245072815,-11.454155164833342
path,-10.791954129506946,-11.451202783357125
path,-10.791430648645358,-11.448251057811396
path,-10.790921229190289,-11.445376672756947
path,-10.790409002093513,-11.442511976011136
path,-10.789894458549234,-11.439647861257475
path,-10.789377596445428,-11.436784330275893
path,-10.788858413825679,-11.433921384931578
path,-10.788350622618374,-11.431134839563224
path,-10.78784289749418,-11.428362876051876
path,-10.787333035686983,-11.425591490465541
path,-10.786821031601548,-11.422820682508284
path,-10.78630688014998,-11.42005045213524
path,-10.785804905777553,-11.417351536387827
path,-10.785301434740113,-11.414665233877276
path,-10.784795994410736,-11.411979508303409
path,-10.784288575519513,-11.409294357187074
path,-10.783779169662093,-11.406609778485883
path,-10.783135373964651,-11.40360285399234
path,-10.78250256350047,-11.40043973369715
path,-10.78189163843248,-11.39726322007914
path,-10.78127786919693,-11.39408749331947
path,-10.780661250540277,-11.390912554368935
path,-10.780054061100762,-11.387837886284762
path,-10.779454909201794,-11.384781840740168
path,-10.778853099853007,-11.381726528035218
path,-10.778248629987429,-11.378671949842536
path,-10.777641496812178,-11.375618107969675
path,-10.777043881922149,-11.372666406081326
path,-10.776455664422727,-11.369733644154799
path,-10.775864969939706,-11.366801561278455
path,-10.775271797820933,-11.363870159987316
path,-10.77467614746196,-11.360939442835754
path,-10.774091081094257,-11.358099523202698
path,-10.773512129540318,-11.355275899173431
path,-10.772930887964186,-11.352452923498552
path,-10.772347353945946,-11.34963059893932
path,-10.771761525968797,-11.3468089272594
path,-10.771185598701964,-11.344064816766807
path,-10.770613402950616,-11.341331776924463
path,-10.77003714749626,-11.338621345956781
path,-10.769364850923372,-11.33598111872431
path,-10.768751413940457,-11.333325541880617
path,-10.76818902029704,-11.330529301358283
path,-10.767622243039193,-11.327732335651916
path,-10.767055734936942,-11.32493925455863
path,-10.766486357504208,-11.322145757936624
path,-10.76591473260087,-11.319352904580319
path,-10.765338695789254,-11.31661162933493
path,-10.764774493608366,-11.31389359697626
path,-10.764212312784878,-11.311182189593083
path,-10.763647503792976,-11.308471494353673
path,-10.763081954086955,-11.305762743396238
path,-10.76251340290312,-11.303106778003539
path,-10.761957384654577,-11.30047384385957
path,-10.761400724993539,-11.297844714970005
path,-10.76084386473366,-11.295218195951938
path,-10.760284924493652,-11.29259212052059
path,-10.759722939902598,-11.290033878494851
path,-10.759176236333785,-11.28750181358858
path,-10.758632402940952,-11.284977187916903
path,-10.758086059936893,-11.282452948160504
path,-10.757539693843542,-11.279931302155683
path,-10.756991895086456,-11.277452534895188
path,-10.75645189965913,-11.274990093993305
path,-10.75591368424476,-11.272533058943964
path,-10.755373892923,-11.270076838279278
path,-10.754832519295377,-11.267621420629741
path,-10.754244550080443,-11.264930953643805
path,-10.753643604718569,-11.262223671101381
path,-10.753040512096003,-11.259517001890092
path,-10.752434984674554,-11.256810486912025
path,-10.751824889581531,-11.254101528672239
path,-10.75121498073512,-11.251449108398669
path,-10.750618153140618,-11.248820086408301
path,-10.750018060585258,-11.246190572347905
path,-10.749416413905974,-11.243561531957727
path,-10.748810965380487,-11.240931116214977
path,-10.748208400225822,-11.238359353049395
path,-10.747615085583082,-11.2358051601709
path,-10.747021255307633,-11.233252929953938
path,-10.74642382561547,-11.230699431827075
path,-10.745824146319205,-11.22814597558535
path,-10.745227270468435,-11.225645124004307
path,-10.744639220308228,-11.223161071694257
path,-10.744050190877571,-11.220678900027778
path,-10.74345881735247,-11.218188749176914
path,-10.742822678688688,-11.215671654015985
path,-10.74224159417331,-11.213207528157476
path,-10.741671856131743,-11.21074546631886
path,-10.741100848666406,-11.20827416346041
path,-10.740528011823656,-11.205803442793401
path,-10.739953341599668,-11.203333307197546
path,-10.73937099816533,-11.200838781432214
path,-10.738786774595587,-11.198344850064586
path,-10.738200670105615,-11.195851523511317
path,-10.737612682224729,-11.193358804159573
path,-10.73702280876366,-11.190866694330452
path,-10.736437861485426,-11.188424987896443
path,-10.735858729624972,-11.18599532651323
path,-10.735277819772557,-11.183566282717445
path,-10.73469512871631,-11.181137855463662
path,-10.734110653596321,-11.17871004395452
path,-10.733531689668457,-11.17632969281985
path,-10.73295722156011,-11.17395970725193
path,-10.732381074941111,-11.171590354491007
path,-10.731803245369878,-11.169221629998725
path,-10.731223728866883,-11.166853529809702
path,-10.730651815739146,-11.16453261469941
path,-10.730082089087256,-11.162218241403492
path,-10.729510710434296,-11.159904408360761
path,-10.728937680109736,-11.157591118087275
path,-10.728362998450294,-11.155278372987631
path,-10.727787801523391,-11.15297406951135
path,-10.727214301855549,-11.150671401645557
path,-10.726639298987127,-11.148369310362035
path,-10.726062788502704,-11.146067790182144
path,-10.725484766438269,-11.143766836262465
path,-10.724913870615017,-11.141560137565493
path,-10.724364959236704,-11.139386762629009
path,-10.723814674773369,-11.137213860951455
path,-10.723263016278295,-11.135041432065456
path,-10.722709982928885,-11.13286947564467
path,-10.722159770997044,-11.130724108734967
path,-10.721611477473463,-11.1285836772528
path,-10.7210619009731,-11.126443786231711
path,-10.720511035915697,-11.124304427919418
path,-10.719958877277023,-11.122165595395245
path,-10.719412796682386,-11.120060024209943
path,-10.718867380059493,-11.117957725825637
path,-10.718320686131053,-11.115855898523277
path,-10.717772713067854,-11.113754540168491
path,-10.717223459240127,-11.11165364891617
path,-10.716680001641324,-11.10958386640594
path,-10.716136982068598,-11.107516947846502
path,-10.715592704607571,-11.105450458279236
path,-10.715047169524787,-11.103384398661978
path,-10.714500377086589,-11.101318769941733
path,-10.71395625213163,-11.099278379285302
path,-10.713414546372514,-11.09724338431107
path,-10.71287167281546,-11.095208887241293
path,-10.712327626800219,-11.093174881577257
path,-10.711782404132668,-11.091141361519941
path,-10.711120366202925,-11.0886000131109
path,-10.710389064628195,-11.085887596274532
path,-10.709655624307358,-11.083175984820684
path,-10.708920042897958,-11.080465176218555
path,-10.70818231833751,-11.077755168363675
path,-10.707451071136306,-11.07509561332458
path,-10.706725515629609,-11.072447536430872
path,-10.705997927366335,-11.069800250554044
path,-10.705268303306795,-11.067153752065572
path,-10.704536640754196,-11.064508037856331
path,-10.703813354258104,-11.06192351555462
path,-10.703098433930585,-11.059353952049706
path,-10.70238158301578,-11.056785123473988
path,-10.701662799920618,-11.054217028314
path,-10.70094208325426,-11.051649665358843
path,-10.700228694379327,-11.049137515100826
path,-10.699523362044722,-11.04663965142282
path,-10.69881619786611,-11.044142484547912
path,-10.698107200787733,-11.041646013705602
path,-10.697396369901904,-11.039150238344517
path,-10.696692131356958,-11.03672429254848
path,-10.696003947538838,-11.034322161564818
path,-10.695314090826548,-11.03192071606002
path,-10.69462255801372,-11.02951995216697
path,-10.693929346247318,-11.027119866515335
path,-10.69316570453981,-11.024461600133009
path,-10.692386928762993,-11.021780865331904
path,-10.6916060416674,-11.01910096047545
path,-10.690823041693143,-11.016421884275875
path,-10.690037927491638,-11.013743635748634
path,-10.689261930312716,-11.0111286484185
path,-10.688495916580935,-11.008530647944507
path,-10.68772789578265,-11.005933408480997
path,-10.686957868396938,-11.003336931616616
path,-10.686185834915372,-11.000741218952838
path,-10.685421486980365,-10.998196918856037
path,-10.684664136047694,-10.995665284169835
path,-10.683904888424735,-10.993134398985344
path,-10.68314374345782,-10.990604263173907
path,-10.682380700609109,-10.988074876772775
path,-10.681626684317855,-10.985602989332174
path,-10.680881353981059,-10.98314579566037
path,-10.680134229727836,-10.980689311227641
path,-10.679385311354327,-10.978233536485456
path,-10.678634598725973,-10.975778471983128
path,-10.677892391621914,-10.973375572719055
path,-10.677157593777316,-10.970985415568794
path,-10.676421104945602,-10.968595950286247
path,-10.675682924110628,-10.966207176110615
path,-10.674943050399168,-10.963819092484384
path,-10.674211182914753,-10.961478458764542
path,-10.673485642354636,-10.959148918431527
path,-10.672758509115974,-10.956820065010339
path,-10.672029780751362,-10.954491895680935
path,-10.671299455089107,-10.95216440801465
path,-10.67057725699788,-10.949881028256364
path,-10.669859828970564,-10.947606484942915
path,-10.669140904969714,-10.945332637069685
path,-10.668420480376303,-10.943059478756302
path,-10.667698551050412,-10.940787004799029
path,-10.666987151155896,-10.938558580651007
path,-10.66627765261941,-10.936335216406611
path,-10.665566676318146,-10.934112461280458
path,-10.664854222142317,-10.93189031566923
path,-10.664140290031801,-10.929668780037801
path,-10.663432911781097,-10.927483524317012
path,-10.662729582394796,-10.925305885339881
path,-10.662024874317726,-10.923128891983733
path,-10.661318783640919,-10.92095253936519
path,-10.660611306863387,-10.918776823168882
path,-10.659913224870422,-10.91663873341281
path,-10.659216230151028,-10.914504413052477
path,-10.658517873028597,-10.912370671038712
path,-10.657818153114905,-10.910237507324227
path,-10.657117070094255,-10.9081049219609
path,-10.656306022752535,-10.905609386466333
path,-10.655460494171631,-10.903050115826371
path,-10.654612997289039,-10.900491677825928
path,-10.65375750183972,-10.897929035516501
path,-10.652901300887509,-10.895370726233951
path,-10.65205415419235,-10.892868063830212
path,-10.651213068833052,-10.890378280903121
path,-10.650369857596704,-10.887889541115264
path,-10.649524796279865,-10.885401670752463
path,-10.648677882760389,-10.882914665379474
path,-10.647842704392593,-10.880485236725162
path,-10.647007370178171,-10.878063014522201
path,-10.646174570557319,-10.875648552954097
path,-10.64533887505654,-10.873235729431768
path,-10.644501461441601,-10.870823798386677
path,-10.643678557840188,-10.868467954209015
path,-10.642859836741149,-10.866120277412827
path,-10.642039427798244,-10.863773366063846
path,-10.641217331994138,-10.861427219331286
path,-10.640393550271071,-10.859081836592038
path,-10.6395798852413,-10.856782920195009
path,-10.638772159263462,-10.854494371555543
path,-10.637962853822222,-10.85220658357864
path,-10.637151967329755,-10.849919553062813
path,-10.63633949839862,-10.847633277232907
path,-10.635414287861916,-10.844724615555752
path,-10.63423710085851,-10.84091130670676
path,-10.632810209226825,-10.836844203170154
path,-10.631489307411949,-10.832813146232601
path,-10.630276866838033,-10.828819186043487
path,-10.628902461995532,-10.824935346796874
path,-10.627554793052774,-10.82109082470062
path,-10.62664538797479,-10.817393586044103
path,-10.62619140159097,-10.813802712004678
path,-10.625979608846208,-10.810005781554468
path,-10.625263819918004,-10.806315810269995
path,-10.624329490771903,-10.802855006391244
path,-10.623595191087793,-10.79936401492786
path,-10.622990095677615,-10.795505976426915
path,-10.622540618057792,-10.791331011857622
path,-10.621788943472103,-10.787542831873548
path,-10.621065762217068,-10.784153562694781
path,-10.620594662915483,-10.780773576765784
path,-10.620158616596155,-10.777088030573191
path,-10.619730363668795,-10.773117698300624
path,-10.618985320921851,-10.769572770018861
path,-10.618438609569582,-10.766482296895132
path,-10.617898349443873,-10.763335469099966
path,-10.61736029431643,-10.759932936364946
path,-10.616810620729163,-10.756251822970825
path,-10.616220686377869,-10.752399254826534
path,-10.615594817145222,-10.748519375932547
path,-10.615087310373674,-10.745164235948366
path,-10.61458717712353,-10.742751523455947
path,-10.613925234847411,-10.74087858582039
path,-10.61323113035734,-10.739179221474512
path,-10.61195744175974,-10.736617926464634
path,-10.610434526024349,-10.732752019782637
path,-10.60881040679472,-10.728567373843285
path,-10.60719553980142,-10.724296143660832
path,-10.605678690396767,-10.719969044889634
path,-10.604221003145058,-10.71560586159535
path,-10.602879157170419,-10.711162985355822
path,-10.601608085234282,-10.706656077144112
path,-10.600389864380858,-10.702035438512652
path,-10.599251841007108,-10.6973506927583
path,-10.59816790649308,-10.692632460124976
path,-10.597158896175543,-10.687791372765309
path,-10.596190577820375,-10.682849593917448
path,-10.59518982037385,-10.677868555048917
path,-10.594138690823176,-10.672898447722249
path,-10.592985928411778,-10.667997544579308
path,-10.591890872180617,-10.663039566788923
path,-10.590786615616908,-10.65810182364661
path,-10.589686412745593,-10.653218687372227
path,-10.588622193332315,-10.648473825519789
path,-10.587540464018245,-10.643891972557785
path,-10.586546041710923,-10.639392538325412
path,-10.585610105950101,-10.63501449561734
path,-10.584710076554497,-10.630692452962233
path,-10.583771660746242,-10.62641119053532
path,-10.582753415985964,-10.62214010973428
path,-10.581717203313064,-10.617681427143536
path,-10.580573119436242,-10.613082334346277
path,-10.579345999282546,-10.608397762122179
path,-10.578084876707027,-10.603753865468015
path,-10.576753979083984,-10.599141225085086
path,-10.575349409527517,-10.594386113592384
path,-10.573885379892385,-10.589573620347743
path,-10.57240908243185,-10.584735981025027
path,-10.570973117514542,-10.580001893142459
path,-10.569648214976114,-10.575342891542402
path,-10.568269067094164,-10.570537778212799
path,-10.566942581928332,-10.565739270971363
path,-10.566270977894185,-10.561251427580515
path,-10.566076809058337,-10.557271956225815
path,-10.56593819654694,-10.553685181393558
path,-10.5658394819457,-10.550426831276
path,-10.56575567400318,-10.547485504453766
path,-10.565685779623847,-10.54484048484409
path,-10.565599555380736,-10.542316183857736
path,-10.56547749526847,-10.53988203893342
path,-10.565343280233359,-10.53751649984682
path,-10.565193839092906,-10.535208738478326
path,-10.565029451197562,-10.532948907790258
path,-10.56485526302572,-10.530783361652997
path,-10.564666037354595,-10.528656218298156
path,-10.564463978232748,-10.526553777822727
path,-10.564249163425998,-10.524473169534906
path,-10.564022337864976,-10.52241065740127
path,-10.563786503026163,-10.520406134643725
path,-10.563537334298351,-10.518412326510868
path,-10.56327750960586,-10.516428752799495
path,-10.563006980468963,-10.514453420007822
path,-10.562722902683298,-10.512484007173072
path,-10.562428015679286,-10.510552820596791
path,-10.562117408691684,-10.508622652812058
path,-10.561793937655594,-10.506696124255441
path,-10.561458022583507,-10.504771632321312
path,-10.561109379616274,-10.502849494893766
path,-10.560748620019469,-10.500957197020284
path,-10.560375272532921,-10.499065626768616
path,-10.55998883467512,-10.497174006296481
path,-10.559581662762247,-10.49528264548432
path,-10.559170889821177,-10.493391308221026
path,-10.558748808936578,-10.491523265843464
path,-10.558317743490006,-10.489653169393177
path,-10.557881854971045,-10.487782017579748
path,-10.557441440448725,-10.48590873748471
path,-10.557002165355065,-10.484034292364269
path,-10.556564895799974,-10.482147198047725
path,-10.556134915834294,-10.48025902368657
path,-10.555715832709955,-10.478369811304246
path,-10.555312162453095,-10.47647952787312
path,-10.554931996748678,-10.474591278773293
path,-10.554585570685061,-10.472730465219037
path,-10.554274797519001,-10.470868354510682
path,-10.55402527667954,-10.469004529353715
path,-10.553845501057523,-10.467141237716973
path,-10.553743408274089,-10.465261085461835
path,-10.553770065575176,-10.463418345206625
path,-10.553941031809499,-10.461648384340334
path,-10.554265070208745,-10.45996290290839
path,-10.554678848154678,-10.458335161408028
path,-10.555089586272723,-10.456723929476983
path,-10.555476083042393,-10.455136329847297
path,-10.55587566693936,-10.453539286215282
path,-10.556272413590683,-10.451951706243142
path,-10.556666141587876,-10.450363169917123
path,-10.557059339243782,-10.448777979752055
path,-10.55745137184356,-10.447206843663597
path,-10.557835052919591,-10.445639650205692
path,-10.558223649834408,-10.4440754001701
path,-10.558605424836701,-10.442512670205142
path,-10.558985739641182,-10.44095454448237
path,-10.559361966076477,-10.439408102238218
path,-10.559738133308391,-10.437864777925354
path,-10.560111578606808,-10.436324567556955
path,-10.560488368844872,-10.434786509377165
path,-10.560857788530589,-10.433249480568827
path,-10.561223795261466,-10.431725584630758
path,-10.561593619059902,-10.430205008839362
path,-10.561957796275417,-10.428686332203176
path,-10.562320632843234,-10.427168645106683
path,-10.562682506828368,-10.425655277778713
path,-10.563042180607253,-10.424151088107697
path,-10.56340261958719,-10.422647643615443
path,-10.563757107650344,-10.421145989790851
path,-10.564115268802285,-10.419649528619663
path,-10.564469604525668,-10.418153509125313
path,-10.56482005933134,-10.416666681719999
path,-10.565172312206217,-10.415185301726213
path,-10.565519482209755,-10.413703220857833
path,-10.565866774763748,-10.412225495652367
path,-10.56621555962222,-10.410749270819801
path,-10.566558128724393,-10.40928003959464
path,-10.56690259232885,-10.407816107996432
path,-10.567243224062471,-10.406354328265317
path,-10.567581690803717,-10.404893239468983
path,-10.56792339825301,-10.403431752659742
path,-10.568265603141729,-10.401966721067065
path,-10.568602025984244,-10.400496348983191
path,-10.56894259216594,-10.399032222413812
path,-10.569276398305604,-10.39756697084803
path,-10.569615673589265,-10.396102056011202
path,-10.569951179325376,-10.394651224790142
path,-10.57028485068328,-10.393206518059179
path,-10.570611924420408,-10.391758164266587
path,-10.570945278055152,-10.390308462504624
path,-10.571276800785819,-10.38886467945395
path,-10.571604954230478,-10.387433488380129
path,-10.571931546411001,-10.386007345176541
path,-10.57225370124479,-10.38457404533242
path,-10.572580596680778,-10.383140451712098
path,-10.572905889816365,-10.381711736560886
path,-10.573228113554523,-10.38029434250488
path,-10.573548956834015,-10.37888108309582
path,-10.573868510724202,-10.377471683570326
path,-10.574186902619243,-10.37606567924345
path,-10.574501866637622,-10.374650051455696
path,-10.574820133837857,-10.37323873415534
path,-10.575137079373803,-10.371830935535309
path,-10.575452795608154,-10.370426330051755
path,-10.575767387810215,-10.36902452325169
path,-10.576080937489666,-10.367625216217402
path,-10.576389453877853,-10.366246497735636
path,-10.576696862753783,-10.364870112346813
path,-10.57700337486663,-10.363495633071722
path,-10.57730907049348,-10.36212272049136
path,-10.577613993864134,-10.360751219414668
path,-10.577916838007846,-10.359386961936972
path,-10.578219008393551,-10.35802366695005
path,-10.578520558462994,-10.356661097863718
path,-10.578821543061455,-10.355299004337516
path,-10.57912200830259,-10.353937168117449
path,-10.579420712989739,-10.352581202497799
path,-10.579718960480207,-10.351225159941999
path,-10.580016788160476,-10.349868862176015
path,-10.58031423665767,-10.348512106340081
path,-10.580611366838559,-10.347154589001807
path,-10.580907000645896,-10.345801703036214
path,-10.581202327109352,-10.344447935344421
path,-10.581497403576206,-10.343093008981675
path,-10.58179225597283,-10.34173678394645
path,-10.582084424262426,-10.34037811246636
path,-10.582371675149108,-10.33902069000791
path,-10.582622379817451,-10.337650451326697
path,-10.58288798097095,-10.336279830552938
path,-10.583164471647327,-10.334912247537089
path,-10.583436796451213,-10.33354006921881
path,-10.583707378706144,-10.332148246907463
path,-10.58396700544927,-10.330750059456774
path,-10.584206790943343,-10.329343400880145
path,-10.584420158886171,-10.327926500723112
path,-10.584602297090564,-10.32649761763396
path,-10.584753019453396,-10.325062517280344
path,-10.584884233143109,-10.323621191457546
path,-10.584994702741213,-10.322172978446607
path,-10.58508231779243,-10.32071662165898
path,-10.585145235150385,-10.319250864227321
path,-10.585180634711147,-10.317780319067323
path,-10.585185774415582,-10.316296736239725
path,-10.585168980171014,-10.314804331963852
path,-10.585150218451108,-10.313313242200786
path,-10.585132410252509,-10.311824671775133
path,-10.585116275439566,-10.310342946676405
path,-10.58510308530841,-10.308864104360117
path,-10.585092715023723,-10.307386785633396
path,-10.58508433709247,-10.305910206715984
path,-10.585060470515664,-10.304434870698936
path,-10.584891899035657,-10.302926915862832
path,-10.584696024797182,-10.301410882475093
path,-10.584499675726732,-10.299897082152729
path,-10.584303068470232,-10.298385354874533
path,-10.58410641899315,-10.29687553316551
path,-10.583912455422638,-10.295372769898512
path,-10.583718891192404,-10.29387157852403
path,-10.583525949440713,-10.292371788813485
path,-10.583333854166977,-10.290873234707385
path,-10.583142829059526,-10.289375749403659
path,-10.582956117567024,-10.28788559824447
path,-10.582770914935592,-10.286396183223697
path,-10.582568295422753,-10.284927632689028
path,-10.582334029930411,-10.283466548396627
path,-10.582070177551293,-10.2820112402469
path,-10.581781265540238,-10.280568388208096
path,-10.58146578778389,-10.27913195573295
path,-10.581125130742501,-10.277702248675153
path,-10.580760616580356,-10.276279571405794
path,-10.580373507052752,-10.274864225713676
path,-10.579968076445283,-10.273462726082897
path,-10.579542399012565,-10.272069154208992
path,-10.579097591210788,-10.270683808501595
path,-10.578634759200037,-10.26930700042431
path,-10.578154966720815,-10.267939016489741
path,-10.577662642995621,-10.266586823324934
path,-10.577155596846401,-10.265243912252517
path,-10.576635398716697,-10.263910218158761
path,-10.576103189979117,-10.26258592438917
path,-10.575559957986526,-10.261271315519679
path,-10.575007164333975,-10.259967466065483
path,-10.574445323682898,-10.258673892082257
path,-10.573875377925823,-10.25739095420279
path,-10.573298293406797,-10.256119029843994
path,-10.572718580301434,-10.25485624621189
path,-10.572144184123639,-10.253607372991432
path,-10.571572592594837,-10.252365440929044
path,-10.571004361109111,-10.251130702274706
path,-10.570440105303446,-10.249903402262364
path,-10.569880439024436,-10.248683827716109
path,-10.569328931328242,-10.247478978488784
path,-10.56878325464878,-10.24628241781774
path,-10.568246504501248,-10.245101119872798
path,-10.567720338364412,-10.243913141393358
path,-10.567204609306385,-10.242717040887019
path,-10.566702310337712,-10.241518792438978
path,-10.566210596451477,-10.240312551378265
path,-10.565729107320454,-10.239098667890225
path,-10.565257789390465,-10.237877281928014
path,-10.564796625362467,-10.236648501360337
path,-10.564347988425277,-10.235417896816541
path,-10.563909435131668,-10.234180150525495
path,-10.563480964341034,-10.23293535230993
path,-10.563062580650712,-10.231683592071237
path,-10.562654280863919,-10.230424962315793
path,-10.562257717678838,-10.229163528031878
path,-10.5618710848459,-10.22789550553767
path,-10.561494207228119,-10.226621096576618
path,-10.561126957167971,-10.225340464278728
path,-10.560768844038886,-10.224054023167067
path,-10.560417968507666,-10.222772043600449
path,-10.560068901476996,-10.221489321139485
path,-10.55972166104096,-10.220205847772554
path,-10.55937628923034,-10.2189216040044
path,-10.55903282828211,-10.21763656866634
path,-10.55869298699075,-10.216354567523123
path,-10.55835514366405,-10.215071737608323
path,-10.558019345900455,-10.21378805643743
path,-10.557685641734954,-10.212503499385916
path,-10.557354080529214,-10.211218044801791
path,-10.557026192922395,-10.209935109603823
path,-10.556700551270055,-10.208651232362557
path,-10.556377195119358,-10.207366394977365
path,-10.556057847990953,-10.206079436549803
path,-10.555745986095534,-10.204788049972779
path,-10.555442689625107,-10.20349555508319
path,-10.555146717581161,-10.202198840836507
path,-10.554858162967454,-10.200897889819451
path,-10.554577127587244,-10.199592680144631
path,-10.554303714524043,-10.198283186546137
path,-10.55403920512638,-10.19697214274852
path,-10.553782542327944,-10.195656754391031
path,-10.553533848309975,-10.194336980109554
path,-10.553293251507371,-10.193012774286823
path,-10.553060886743626,-10.191684086106589
path,-10.552837200645858,-10.19035158169868
path,-10.552622035888904,-10.189014477111689
path,-10.552415547122218,-10.187672705975707
path,-10.552217895879938,-10.186326194768888
path,-10.552029248366594,-10.184974863376706
path,-10.55185069870498,-10.183620820825713
path,-10.551681501931093,-10.182261784593448
path,-10.551517221462369,-10.180904125126029
path,-10.551339158244017,-10.179551668172124
path,-10.551146247988356,-10.178199239546798
path,-10.550939956272437,-10.176848730633374
path,-10.550720134659683,-10.175498218189112
path,-10.550487402829583,-10.174146950446156
path,-10.550241947195707,-10.172789144657298
path,-10.549983960894949,-10.17143145929833
path,-10.54971473517896,-10.17007552857675
path,-10.549434098819896,-10.168719703323102
path,-10.549142575971645,-10.167363969948564
path,-10.548840666629316,-10.166008311127852
path,-10.548528848954104,-10.164652707688628
path,-10.548208264155852,-10.163298629476097
path,-10.547878662577437,-10.16194455560181
path,-10.547540462262623,-10.160590456090207
path,-10.547194077391522,-10.1592362891992
path,-10.546839878007347,-10.157882028630477
path,-10.546477848395902,-10.156526835605428
path,-10.54610871975765,-10.155171469274908
path,-10.545732827856828,-10.15381588728723
path,-10.545350493929902,-10.15246004507848
path,-10.544962023227438,-10.15110389394523
path,-10.544568458793055,-10.149748922745438
path,-10.544169330581935,-10.14839354022399
path,-10.543764909344382,-10.147037691152972
path,-10.543355453556726,-10.145681316732794
path,-10.542941211058322,-10.144324356698032
path,-10.542523006449779,-10.142967924497967
path,-10.542100478529015,-10.141610778136394
path,-10.541673846120581,-10.140252848704788
path,-10.541243319498884,-10.138894065373744
path,-10.540809101925834,-10.137534354049928
path,-10.540371769771966,-10.136174398317417
path,-10.539931123208893,-10.134813359398002
path,-10.53948734052726,-10.133451155354887
path,-10.539040594041428,-10.13208770083346
path,-10.538591047311229,-10.130722908314413
path,-10.538138991501722,-10.12935693914619
path,-10.537684446035758,-10.127989446705127
path,-10.53722755947449,-10.126620333940163
path,-10.536768472005562,-10.125249499645529
path,-10.536307320002782,-10.123876840690496
path,-10.535841011919423,-10.122496098016402
path,-10.53537291262218,-10.121113314619269
path,-10.534903145578381,-10.119728377492496
path,-10.534431829406072,-10.118341168341003
path,-10.533959079364918,-10.116951566175004
path,-10.533486216468704,-10.115561711373317
path,-10.533012138568811,-10.11416920648216
path,-10.532536954335258,-10.112773915718247
path,-10.532060770087616,-10.111375700239313
path,-10.531583692111347,-10.109974416429132
path,-10.531106814511562,-10.108571744820127
path,-10.530629246211367,-10.107165705453973
path,-10.530151090471985,-10.105756138838045
path,-10.529672862417815,-10.10434262759425
path,-10.529194509105677,-10.1029250824839
path,-10.52871657809494,-10.101504805326892
path,-10.52823845540699,-10.10008030934857
path,-10.527760251419602,-10.098651411676148
path,-10.527282081725826,-10.097217921625273
path,-10.526804010984499,-10.095779676594644
path,-10.526321414226958,-10.094340384089271
path,-10.52583099983289,-10.092901220679655
path,-10.525333095634018,-10.091462161987044
path,-10.52482801144907,-10.090023186402314
path,-10.524316037619071,-10.088584274265129
path,-10.523797467910729,-10.087145452276221
path,-10.523272545789428,-10.08570665970235
path,-10.52274152005772,-10.084267878957533
path,-10.522204625795199,-10.082829094693459
path,-10.521662085596512,-10.08139029462786
path,-10.521113791150205,-10.079950633606876
path,-10.520560257755864,-10.078510929975803
path,-10.520001675712408,-10.07707117432384
path,-10.519438228818272,-10.075631356155036
path,-10.518870366487905,-10.07419129670353
path,-10.518297481906753,-10.072749048654776
path,-10.517716116809286,-10.071309240204386
path,-10.517126747260649,-10.06987179517229
path,-10.51652969977795,-10.068436716069103
path,-10.515925285960563,-10.067004005975308
path,-10.515312414953296,-10.06557043786613
path,-10.514696151976102,-10.064137139223421
path,-10.514077243221397,-10.062703716397088
path,-10.513455775292808,-10.06127016425044
path,-10.512831831991244,-10.059836478349625
path,-10.512203331850738,-10.058397724728996
path,-10.511572570472822,-10.056958829453272
path,-10.510941505045363,-10.055519772802059
path,-10.510310998254669,-10.054080527823427
path,-10.509681054058808,-10.052641095352316
path,-10.509047793662628,-10.051193057512316
path,-10.508415276345293,-10.04974476673417
path,-10.50778333153435,-10.048296286557362
path,-10.507151959780268,-10.046847616905385
path,-10.506521163546621,-10.045398758186254
path,-10.505886329813437,-10.043939394317505
path,-10.505252184083155,-10.042479798753988
path,-10.504618623011897,-10.041020012005852
path,-10.503985642512324,-10.039560033045808
path,-10.503353250552227,-10.03809986371372
path,-10.502714542559076,-10.036625688768973
path,-10.502075640774054,-10.035151544856713
path,-10.5014385310239,-10.03367682804609
path,-10.500801612751168,-10.032202052369762
path,-10.500163630766053,-10.030727628338159
path,-10.499514661885623,-10.029235321128992
path,-10.498862298071446,-10.027743423887067
path,-10.498206876171974,-10.026252529373787
path,-10.497548472239401,-10.024762611263554
path,-10.49688725173785,-10.023273615933947
path,-10.49621617090288,-10.021770735470271
path,-10.495542130652373,-10.020268369094348
path,-10.49486574586944,-10.018766768267875
path,-10.494187166460803,-10.01726588781675
path,-10.493506536629848,-10.015765680423266
path,-10.492813235460256,-10.014242709707373
path,-10.492116493899664,-10.012719229874397
path,-10.491418121018674,-10.011196285794535
path,-10.490718246153037,-10.009673834356635
path,-10.490016997481515,-10.00815183480756
path,-10.489360594865646,-10.006667041891724
path,-10.488703505640057,-10.005186451561315
path,-10.488045827887529,-10.003709711076299
path,-10.487387671325171,-10.00223648752588
path,-10.486729141527727,-10.000766461174369
path,-10.486068930789344,-9.999298516037001
path,-10.485408551313613,-9.997833133425832
path,-10.484748067963071,-9.996369565040704
path,-10.484087572559886,-9.994907417598617
path,-10.48342716762406,-9.993446430402534
path,-10.482765247895639,-9.991985355454075
path,-10.482103624476576,-9.99052493452321
path,-10.481442400700676,-9.989064922115217
path,-10.480781679970661,-9.987605074864605
path,-10.480121564569172,-9.986145150484688
path,-10.479459915704435,-9.984683600249442
path,-10.478799079616216,-9.983221491520164
path,-10.478139162161424,-9.981758581272244
path,-10.477480270626353,-9.980294626860726
path,-10.476822539513226,-9.97882977552809
path,-10.47616326502963,-9.977362346603012
path,-10.475505383342897,-9.975893733943174
path,-10.474849003540564,-9.974423672405198
path,-10.474194236325985,-9.9729518868231
path,-10.47354119617633,-9.97147808920368
path,-10.472885551426467,-9.969999370202018
path,-10.472231862713771,-9.968518040470476
path,-10.471580248756297,-9.967033784971093
path,-10.470930828890763,-9.965546274521998
path,-10.470283725463904,-9.964055164144737
path,-10.469634624719387,-9.962557469266965
path,-10.468988095222423,-9.961055437369458
path,-10.468344270604288,-9.959548674556943
path,-10.46770328598396,-9.95803676594624
path,-10.467064728547356,-9.956519402402863
path,-10.466423033397495,-9.954993158062967
path,-10.46578344456289,-9.953460698913206
path,-10.4651462289623,-9.951921547450254
path,-10.464511541929559,-9.950375187447381
path,-10.463879540376407,-9.948821081401833
path,-10.463244230708126,-9.947254867771917
path,-10.462611684312519,-9.94567973428635
path,-10.461982330357314,-9.944095106596167
path,-10.461356349076993,-9.942500352255225
path,-10.460733932966207,-9.940894804840049
path,-10.46010843153825,-9.939273511431063
path,-10.459486566870018,-9.937639850199501
path,-10.458868881994317,-9.935993215502425
path,-10.458255606079423,-9.93433269774112
path,-10.45764695222108,-9.932657769466113
path,-10.457081561561562,-9.931028762903475
path,-10.45651865386042,-9.92941200731509
path,-10.455959314809252,-9.927797338339992
path,-10.455403846294198,-9.926183075659969
path,-10.454852395476047,-9.924569235562625
path,-10.454303141943631,-9.922949803516529
path,-10.453758243547377,-9.921330465482814
path,-10.453217819513029,-9.919711598204326
path,-10.452682024658786,-9.91809321737779
path,-10.45215101305619,-9.916475337519545
path,-10.451622674045295,-9.914850915983767
path,-10.451099477165707,-9.91322667148144
path,-10.45058155117091,-9.911602973145477
path,-10.450069061940914,-9.90997983044157
path,-10.449562219412323,-9.908356847811804
path,-10.449058603747746,-9.906725880181723
path,-10.44856124467272,-9.905092567896773
path,-10.448070443748616,-9.903455925673454
path,-10.447586525960954,-9.90181471830427
path,-10.44710983115196,-9.900167680857447
path,-10.44666466172843,-9.898502810199032
path,-10.446248382782619,-9.896810361717018
path,-10.4458263225602,-9.89509333128017
path,-10.445398528935364,-9.893370161602313
path,-10.444964407330344,-9.891646120856329
path,-10.444515305464547,-9.889893041185099
path,-10.444057433502328,-9.888118251724315
path,-10.443594119885647,-9.886339167995171
path,-10.443125683182773,-9.884554492438747
path,-10.442652446721612,-9.88276295639497
path,-10.442169527794642,-9.880959646054105
path,-10.441681933608006,-9.879146939173483
path,-10.441190496987367,-9.877323782621486
path,-10.440695541612556,-9.875489044606718
path,-10.440197393591857,-9.873641611751442
path,-10.439690589465545,-9.871776172236427
path,-10.439180508163265,-9.869895465244479
path,-10.43866822244519,-9.867999142714421
path,-10.43815405124072,-9.866085871784529
path,-10.437638421588598,-9.864154129560537
path,-10.437115379463561,-9.862197953229384
path,-10.43659048279303,-9.860220888766563
path,-10.436065182766226,-9.858222193542963
path,-10.435541068096205,-9.856207022044517
path,-10.435021106337798,-9.854187400698997
path,-10.434496709768672,-9.852147050235892
path,-10.433975104415767,-9.850094766470272
path,-10.433459877567307,-9.848036414457999
path,-10.432951705950204,-9.845971339473408
path,-10.432451436031956,-9.843898742359231
path,-10.431953059630843,-9.841809319724073
path,-10.431463520734955,-9.839710155779802
path,-10.430984427991273,-9.837601085682465
path,-10.430516801339321,-9.835481168806348
path,-10.430061272130507,-9.833349870812437
path,-10.429605466625375,-9.831187488880763
path,-10.42915805928819,-9.829006456412506
path,-10.42872592843807,-9.826811146818779
path,-10.42831014730243,-9.824600626798492
path,-10.427911795618893,-9.822373995017601
path,-10.427513527513172,-9.820110320875399
path,-10.427128397164665,-9.817825121322212
path,-10.426759846181834,-9.815527289440496
path,-10.426408734017505,-9.813216422054795
path,-10.426074602905041,-9.810893365051212
path,-10.425740880733857,-9.808529439291727
path,-10.425421297668722,-9.806141296451804
path,-10.425122483417654,-9.803741753888666
path,-10.424842928547465,-9.801324394983146
path,-10.424585164781364,-9.79889090660254
path,-10.42433000789193,-9.796408968867265
path,-10.42409102471969,-9.793896764566325
path,-10.42387883861091,-9.79136432531248
path,-10.423697372190066,-9.788814120344924
path,-10.423538084790103,-9.7862389902058
path,-10.42338538738429,-9.78360643725514
path,-10.423251821402634,-9.78093596830283
path,-10.42315300040159,-9.778239718084322
path,-10.423089889558431,-9.775517586991946
path,-10.423063293208337,-9.77276959537731
path,-10.423115532886257,-9.770281408686063
path,-10.42319968961573,-9.767803841069222
path,-10.423306121620756,-9.765310571760926
path,-10.423435928207695,-9.76279982665413
path,-10.423590094100996,-9.760271716781494
path,-10.423774198975126,-9.757730233131921
path,-10.42390537196237,-9.75538477493591
path,-10.424014962864115,-9.753122612847621
path,-10.42410122421875,-9.750943559059557
path,-10.424164755626213,-9.748843322043477
path,-10.424178032925097,-9.746797978756225
path,-10.424115762772473,-9.74480862301198
path,-10.42398324093015,-9.742875873688009
path,-10.423780842751988,-9.740999725593456
path,-10.423508373555167,-9.739180233132982
path,-10.42316447797446,-9.737413076036324
path,-10.422749744617755,-9.73570009879226
path,-10.422265180122391,-9.734041080447444
path,-10.42171127523767,-9.732437030502215
path,-10.421088299930899,-9.730888190589836
path,-10.420423737111674,-9.729448648987791
path,-10.419698031247176,-9.728066141109323
path,-10.418944739794217,-9.726663937855239
path,-10.418210377388096,-9.725215568543454
path,-10.417496766021138,-9.723722971814803
path,-10.416798576807802,-9.722182167287203
path,-10.416120160780311,-9.720598213712272
path,-10.415461059414007,-9.718971585223517
path,-10.414820815223871,-9.717302810426027
path,-10.414198997314863,-9.715592371633207
path,-10.413590266904405,-9.71383610560183
path,-10.412998403272347,-9.71204083004413
path,-10.412420348638745,-9.710211563425972
path,-10.411852773530494,-9.708353810752937
path,-10.411287481996771,-9.706482725962477
path,-10.410717202230966,-9.704593500418966
path,-10.410148091961133,-9.70269266692675
path,-10.409578359417914,-9.700783915109055
path,-10.409004009583613,-9.698875876486914
path,-10.408424718487439,-9.69696900868823
path,-10.407834719131657,-9.695049646744868
path,-10.40724097845977,-9.69312761405163
path,-10.406641845915162,-9.691206858396416
path,-10.406037161888179,-9.689287420392112
path,-10.405426259444562,-9.687370471707666
path,-10.404803097353462,-9.685440181503147
path,-10.404176161683788,-9.683505232640442
path,-10.403544310685762,-9.68157456655911
path,-10.40290770363895,-9.679647552294107
path,-10.402265460029268,-9.677722299341289
path,-10.401611963766642,-9.675778142833476
path,-10.400952698386025,-9.673834031746892
path,-10.40028873714215,-9.671891233319515
path,-10.399620491237437,-9.669949574843853
path,-10.398947694967063,-9.668009149389475
path,-10.398264025214086,-9.666046435913245
path,-10.397575309402715,-9.664083366780064
path,-10.396881187125922,-9.662121816752142
path,-10.396181366322992,-9.660161883272291
path,-10.395475549868213,-9.658203664108749
path,-10.394756587356424,-9.65622104827155
path,-10.394031116237898,-9.654237941325977
path,-10.39329871212129,-9.65225683995453
path,-10.392559053452207,-9.650277843886263
path,-10.39181181220733,-9.648301053256429
path,-10.391049976608752,-9.646303389754005
path,-10.390279167483394,-9.644306295403206
path,-10.389500242539434,-9.642314383357716
path,-10.38871026907113,-9.6403238474121
path,-10.387910972906596,-9.638335924153965
path,-10.387097077369708,-9.636331109095472
path,-10.386273078972689,-9.634328028991025
path,-10.38543858037932,-9.632327892337601
path,-10.384593173795412,-9.630330809901013
path,-10.383736310070601,-9.628336972480072
path,-10.382857340105968,-9.62630623969693
path,-10.381965326989173,-9.624270392671816
path,-10.381060654309257,-9.622238027680137
path,-10.380142880367629,-9.62020924603846
path,-10.379211507634887,-9.618184164513684
path,-10.378256329596216,-9.616124621336347
path,-10.377285499814315,-9.614061840015712
path,-10.376299552107051,-9.612003067130255
path,-10.375297959886057,-9.609948406821825
path,-10.374280811666852,-9.607908950259406
path,-10.373232057302083,-9.605822131049639
path,-10.372164260414914,-9.603730910471953
path,-10.371078546374042,-9.601644258805727
path,-10.369974305337507,-9.599562264177678
path,-10.368850911192844,-9.597485012747661
path,-10.367698754014198,-9.595374598957791
path,-10.366524375940937,-9.593262059298041
path,-10.365328835262948,-9.591154494114416
path,-10.364111432950217,-9.5890519778174
path,-10.362871461164172,-9.586954577027154
path,-10.361597988687395,-9.58481421881316
path,-10.360295431412865,-9.58266393866432
path,-10.358968219681906,-9.580518860094022
path,-10.35761530607733,-9.578379112638089
path,-10.356235891267008,-9.576244728542646
path,-10.354894977574737,-9.574450946806833
path,-10.353546600465311,-9.572711384657795
path,-10.352173239032657,-9.570976166167629
path,-10.35077489411641,-9.569247644183646
path,-10.34934857784087,-9.5675222308873
path,-10.348163441324305,-9.565690380183815
path,-10.347605879450242,-9.56383199692273
path,-10.347097459513511,-9.561968403845386
path,-10.346593333310636,-9.56009171187761
path,-10.346089717158907,-9.558209085572098
path,-10.345566116862866,-9.556288677948244
path,-10.345045613006922,-9.554344980984329
path,-10.344532867485867,-9.552371345553617
path,-10.344031551030211,-9.550363861813912
path,-10.343543409660352,-9.548320622499192
path,-10.343053809809886,-9.546229139688938
path,-10.342588484302924,-9.544095276037336
path,-10.342135378951593,-9.54193173865932
path,-10.341681969873042,-9.539742385241597
path,-10.341268077026484,-9.53757891194978
path,-10.340821140043449,-9.535419826065823
path,-10.340365691577013,-9.533172773189614
path,-10.33990927089182,-9.53089989887651
path,-10.339453012984857,-9.52862475849339
path,-10.33899689320751,-9.526348464910939
path,-10.33853590704141,-9.524047982066742
path,-10.338073093508491,-9.521734455021724
path,-10.337610434073072,-9.519419747284344
path,-10.337147925008235,-9.517103819342655
path,-10.336685576279187,-9.514786706026598
path,-10.336223154004786,-9.512447753638842
path,-10.335820578350067,-9.510085207748752
path,-10.335438376200472,-9.50772517137171
path,-10.335073565719119,-9.505386414625836
path,-10.334723162541014,-9.503072804213469
path,-10.334403222879489,-9.500784431777472
path,-10.334109353318917,-9.498518872463702
path,-10.333840689243218,-9.49629376619492
path,-10.33360019200227,-9.49411466960377
path,-10.333386757051539,-9.491985693856842
path,-10.33321063845098,-9.489879531155227
path,-10.333071735929922,-9.4878243639516
path,-10.332964500659102,-9.485829237293714
path,-10.332874179083449,-9.483885304927863
path,-10.332831898529879,-9.482011532527514
path,-10.33277576482565,-9.480293292478796
path,-10.3327676576609,-9.47867676228377
path,-10.332814271911245,-9.477165360528918
path,-10.332915398962347,-9.475757421352153
path,-10.333068683378258,-9.474449235222547
path,-10.333269954818384,-9.473214704349203
path,-10.33350781746681,-9.472042907745925
path,-10.333746843006429,-9.47086230387816
path,-10.333981640608295,-9.469661274609155
path,-10.334212385920106,-9.468439310996361
path,-10.334437595083317,-9.46718431875548
path,-10.33465556852412,-9.46591064581377
path,-10.334865646251039,-9.464619616470493
path,-10.335069134728215,-9.463311374666743
path,-10.335267354948066,-9.461986078264866
path,-10.335459808350285,-9.460635723578985
path,-10.33564664465225,-9.45927046842722
path,-10.335820785896427,-9.457896078788364
path,-10.33598333344914,-9.456513300736061
path,-10.336135778679175,-9.455122467501402
path,-10.336278562406752,-9.453716215333534
path,-10.336410305318498,-9.452301999625917
path,-10.336535587935145,-9.450880367823665
path,-10.336655507085839,-9.449451421402827
path,-10.336771088880276,-9.448015225412094
path,-10.336880585113759,-9.446562868347606
path,-10.336987599346514,-9.445103269993899
path,-10.337092999565586,-9.44363641576603
path,-10.337197609630266,-9.442162268010033
path,-10.337302214816145,-9.440680772914321
path,-10.337401165798363,-9.439171984643476
path,-10.337501557447705,-9.437655636438258
path,-10.337604093086828,-9.436131640939056
path,-10.33770944621447,-9.43459989461381
path,-10.337818264817392,-9.433060288049758
path,-10.337927243047687,-9.431500944097314
path,-10.33804090603469,-9.429933471993955
path,-10.33815984328224,-9.428357750189305
path,-10.338284620796045,-9.426773654865158
path,-10.338415792783866,-9.425181057289903
path,-10.338548605050242,-9.423566986545584
path,-10.3386850037163,-9.421943958998192
path,-10.338828459321165,-9.42031233027461
path,-10.338979552772102,-9.418671931369289
path,-10.3391069332931,-9.417039900623282
path,-10.33919835908885,-9.41544637721462
path,-10.339258546890015,-9.413865731281053
path,-10.339291782056941,-9.412299625020692
path,-10.339298226042525,-9.410748002129932
path,-10.33927801723732,-9.409210810176557
path,-10.33927700763574,-9.407773947779663
path,-10.339251198828622,-9.406415246613479
path,-10.339203306448667,-9.405093725411724
path,-10.339138706532111,-9.403812426856106
path,-10.33911703685556,-9.402577104226825
path,-10.339157468730582,-9.401299534389015
path,-10.33917191096343,-9.399956080924419
path,-10.33908744355664,-9.39858478515648
path,-10.338952405393618,-9.39721538080907
path,-10.338792011580184,-9.395862850701945
path,-10.33860885589958,-9.394516480618062
path,-10.338415204144313,-9.393177303413365
path,-10.338211711434486,-9.391844275399858
path,-10.33799890276901,-9.390516681551219
path,-10.337777330063254,-9.389193957302295
path,-10.337545301543683,-9.387868551039125
path,-10.337305406559768,-9.38654724367438
path,-10.337058520762211,-9.385229537068293
path,-10.336805169879025,-9.38391511383862
path,-10.336545639687042,-9.382603785647074
path,-10.336274575842426,-9.381287439688041
path,-10.336000589764033,-9.379974545966354
path,-10.335721171053668,-9.37866429786459
path,-10.335436560880202,-9.377356576913586
path,-10.335146988486471,-9.376051275926939
path,-10.334853190700521,-9.374750028143577
path,-10.334554856302564,-9.373451014411662
path,-10.334252180031722,-9.372154153790047
path,-10.333945346027662,-9.370859373615499
path,-10.333634527893963,-9.369566608120408
path,-10.333317416286711,-9.368267598189522
path,-10.332996628404565,-9.366970493061423
path,-10.332672309311121,-9.365675249293389
path,-10.332344593436208,-9.364381824973636
path,-10.33201360580445,-9.363090183456189
path,-10.331676804648092,-9.36179151896286
path,-10.331336944993224,-9.360494583157369
path,-10.330994126316956,-9.359199358539922
path,-10.330645163666233,-9.357904600897152
path,-10.330296185336705,-9.356613040860998
path,-10.32994158748586,-9.355313709765506
path,-10.329584299315203,-9.354016055061896
path,-10.32922438048905,-9.352720082172684
path,-10.328861881096566,-9.351425795800768
path,-10.32849684299303,-9.35013320446032
path,-10.328126198773601,-9.348832164045033
path,-10.327753064757717,-9.347532855813073
path,-10.327377460155095,-9.346235304894554
path,-10.326999394992804,-9.344939534988995
path,-10.326618871512625,-9.343645573275152
path,-10.326232541504202,-9.342342544912604
path,-10.325843723455618,-9.341041401519728
path,-10.325452397911851,-9.339742186551177
path,-10.325058536372929,-9.33844494137935
path,-10.324662106217886,-9.337149708918405
path,-10.324255826076381,-9.335832634920939
path,-10.323843576328533,-9.334516285946425
path,-10.32343123177959,-9.333203573747534
path,-10.323016050440886,-9.331893163818167
path,-10.322597953372979,-9.330585100629957
path,-10.322172808721007,-9.329266333177328
path,-10.321744567963748,-9.327950068825155
path,-10.321313218073765,-9.326636347609403
path,-10.320878870547219,-9.325325149623987
path,-10.320441139835134,-9.324016672171837
path,-10.319995499675604,-9.322696868351446
path,-10.319546191798404,-9.32137998505223
path,-10.31909308142115,-9.320066115916052
path,-10.318636024072974,-9.318755350174508
path,-10.318174882933647,-9.317447760492216
path,-10.31770655342595,-9.31613045069318
path,-10.317235035862666,-9.314814963269887
path,-10.316760167483057,-9.313501366209502
path,-10.3162817821893,-9.31218972255378
path,-10.315801190825965,-9.310882586331648
path,-10.315392119929363,-9.309642829532487
path,-10.315044777687206,-9.308447826614737
path,-10.314747031514294,-9.30723316666134
path,-10.314497522837662,-9.305992313164456
path,-10.31429614170404,-9.304725335268428
path,-10.314140288107264,-9.303428953690982
path,-10.314030639070994,-9.302107545078638
path,-10.313962866457599,-9.300763546132337
path,-10.313908149042339,-9.29940981632391
path,-10.313833301458116,-9.298082499887208
path,-10.31373900539629,-9.296758710608739
path,-10.313632423031105,-9.29544060358127
path,-10.313521245807031,-9.294124905292716
path,-10.3134056462058,-9.292811554109928
path,-10.313285731896908,-9.291500512861358
path,-10.31316012907445,-9.290186793171253
path,-10.313030417965829,-9.288875312793124
path,-10.312896692573714,-9.287566041186013
path,-10.312759041799424,-9.286258946729875
path,-10.312617550189577,-9.28495399915347
path,-10.312470390007372,-9.28364459103001
path,-10.312319693883465,-9.282337211009041
path,-10.312165543329392,-9.281031832192403
path,-10.312008005988773,-9.279728429637371
path,-10.311847145643975,-9.278426979700043
path,-10.311680947241989,-9.277120370468403
path,-10.311511549270888,-9.27581566984468
path,-10.311339004559548,-9.2745128617749
path,-10.311163384272374,-9.27321191804603
path,-10.310985019795172,-9.27191269613001
path,-10.310801791173093,-9.270607510615164
path,-10.310615977792581,-9.269303983889262
path,-10.31058931543569,-9.26802597470964
path,-10.310840176840594,-9.26682029237356
path,-10.311152466369888,-9.265663284944976
path,-10.311471056380748,-9.264486941533072
path,-10.311794519666957,-9.263296943824171
path,-10.312122931824444,-9.262093193822345
path,-10.312456373635742,-9.260875577990527
path,-10.312794931664225,-9.259643968625083
path,-10.31314026020912,-9.258392290201456
path,-10.313490814376268,-9.25712660508493
path,-10.313845329029661,-9.255851203407461
path,-10.314203418481204,-9.25456742825642
path,-10.314565148645531,-9.253275167997728
path,-10.314932395669155,-9.251967647841813
path,-10.31530351237361,-9.250651137789813
path,-10.31567860394406,-9.249325416107126
path,-10.316057779521973,-9.247990249965907
path,-10.316441108084062,-9.246645546313678
path,-10.316831450236453,-9.245280727603623
path,-10.317223470817247,-9.243914557279696
path,-10.31761661318266,-9.242548798776628
path,-10.318010877183484,-9.24118344936552
path,-10.318406262623359,-9.239818506487126
path,-10.318804812694516,-9.238446927256915
path,-10.319204547102748,-9.237075599418255
path,-10.319605461931966,-9.235704522251334
path,-10.320007937435884,-9.234332495223253
path,-10.320412221160483,-9.232958758662567
path,-10.320822609178665,-9.231568706129632
path,-10.321235197312943,-9.230175872472925
path,-10.321649609725299,-9.22878144540778
path,-10.322065837586582,-9.227385475020984
path,-10.322483872226591,-9.225988010259872
path,-10.322908525935988,-9.224572953601443
path,-10.323335425809146,-9.223155200596022
path,-10.32376415157226,-9.221736061001751
path,-10.324194746268553,-9.220315422593366
path,-10.324626956730583,-9.218894090276441
path,-10.32506687463707,-9.217451941587482
path,-10.325508733054413,-9.216008264090354
path,-10.325951938436916,-9.214564861202009
path,-10.326403187885955,-9.21312754797784
path,-10.32684558364089,-9.211686134367381
path,-10.327294729048024,-9.210230539355468
path,-10.327746621413814,-9.208773928658703
path,-10.328201078483282,-9.207316840034933
path,-10.328658101744322,-9.205859269754686
path,-10.32911769310684,-9.204401214418366
path,-10.329548550942468,-9.20303090005703
path,-10.32997057741853,-9.201684750248312
path,-10.330397762062443,-9.200337961154885
path,-10.330833140363605,-9.198993540790646
path,-10.331269253890202,-9.197647498809625
path,-10.331710178280456,-9.196299536466425
path,-10.332154226584219,-9.194954296300633
path,-10.332601520641742,-9.193610731822213
path,-10.33305155242016,-9.192270083626514
path,-10.333502377859611,-9.190934351569014
path,-10.333953977968818,-9.189601246820352
path,-10.334406327295262,-9.188269735049508
path,-10.334859398651375,-9.186939941652476
path,-10.33531324171713,-9.18561162944304
path,-10.335768107698108,-9.184283862231952
path,-10.336226852729029,-9.182948341425742
path,-10.336686661662156,-9.1816132778413
path,-10.337147510472498,-9.180278742932384
path,-10.337609399965576,-9.17894473040941
path,-10.338072330773986,-9.177611234475796
path,-10.338538942307695,-9.176270680287807
path,-10.339006622681424,-9.174930597662996
path,-10.339475357392786,-9.173591022172657
path,-10.33994514659219,-9.172251949524613
path,-10.340415990255025,-9.170913375755708
path,-10.340889611570223,-9.169570413429977
path,-10.341364297695511,-9.168227944394769
path,-10.34184004545281,-9.166885967340146
path,-10.342316854487331,-9.165544479247652
path,-10.342794724384337,-9.164203477286678
path,-10.34327248929123,-9.162866111874669
path,-10.343751173243072,-9.161529709677426
path,-10.344230910743988,-9.160193783549065
path,-10.344711701206299,-9.158858331265622
path,-10.345193544006195,-9.157523350721139
path,-10.34567943215068,-9.156180575362544
path,-10.346166395554627,-9.15483824785115
path,-10.34665445277518,-9.153496283053649
path,-10.347143658617487,-9.152154483716547
path,-10.34763404474499,-9.150812740056356
path,-10.348128687020088,-9.14946281795668
path,-10.34862466599919,-9.148112459730026
path,-10.349122104492805,-9.146761218241178
path,-10.349624793279073,-9.145395720513397
path,-10.350130293285202,-9.144024931953695
path,-10.350639819714424,-9.142646875127783
path,-10.351150515914819,-9.141269312605734
path,-10.351662373282181,-9.139892256653713
path,-10.352175390791464,-9.138515705898648
path,-10.352689567413167,-9.137139659015157
path,-10.353209605590573,-9.135751603442833
path,-10.35373146430779,-9.134361838324905
path,-10.35425483669482,-9.132971468432073
path,-10.354779480235955,-9.13158132214117
path,-10.355305458532172,-9.130191180382683
path,-10.355809015718494,-9.12885835913443
path,-10.356311801278467,-9.127528919320804
path,-10.356815949270334,-9.126199224168465
path,-10.357321640455783,-9.124868643736468
path,-10.357828957117153,-9.123536921134377
path,-10.358338469311443,-9.12220267008452
path,-10.35884975702383,-9.120866814654233
path,-10.359363387953191,-9.119520027868177
path,-10.359928018622206,-9.118116103488743
path,-10.360540705721528,-9.116663025868805
path,-10.36120046624328,-9.11516371543359
path,-10.36189417246501,-9.11363271664545
path,-10.362619026803468,-9.112072693599128
path,-10.363374873481424,-9.110483501654414
path,-10.364161579584763,-9.1088649737619
path,-10.364978882495334,-9.107216221880032
path,-10.365826847087954,-9.105537734762446
path,-10.366701782572617,-9.103833115276895
path,-10.3675815839908,-9.102125413888052
path,-10.368462452815919,-9.100418395526724
path,-10.369347710816893,-9.098706441642392
path,-10.370233999885532,-9.096994771342015
path,-10.371121174617134,-9.095283320004542
path,-10.372009179930915,-9.093571932573436
path,-10.37289796302226,-9.09186045350418
path,-10.373789785092269,-9.090145034648481
path,-10.374682289704849,-9.088429207644456
path,-10.375575425286995,-9.08671281828874
path,-10.37646914720681,-9.084995707727767
path,-10.377363412643884,-9.083277715825966
path,-10.37826347140181,-9.081550089132806
path,-10.379164315068191,-9.079820917894251
path,-10.380065581553827,-9.078090376375263
path,-10.380967234765048,-9.076358298068335
path,-10.381847471472119,-9.074635564354798
path,-10.382597896635005,-9.073037346103348
path,-10.383432025622367,-9.07148578560698
path,-10.384342851452205,-9.069935967680468
path,-10.385284300162335,-9.068348404042148
path,-10.386227821382638,-9.066753015569097
path,-10.387176717460308,-9.065142537323522
path,-10.38812457068929,-9.063527955852505
path,-10.389070962106583,-9.061909855590683
path,-10.390015931166886,-9.060288244449321
path,-10.390959306379317,-9.058672448527961
path,-10.391909543182521,-9.057068012054545
path,-10.392860250137883,-9.055457465406885
path,-10.393809423139523,-9.053843009730862
path,-10.39475713498177,-9.052224799661465
path,-10.395704598740716,-9.050608019700634
path,-10.396662017239576,-9.048978282485987
path,-10.397620060047752,-9.047347435257011
path,-10.39857758649185,-9.045716667631174
path,-10.399534591721538,-9.044085984291764
path,-10.400491071425238,-9.042455389382498
path,-10.401454873471977,-9.040811057843554
path,-10.4024188095167,-9.03916611760985
path,-10.403382199603998,-9.037521277863892
path,-10.404345041168192,-9.035876541166987
path,-10.405307331980548,-9.034231909794608
path,-10.406276201194064,-9.032574910464502
path,-10.407244941153941,-9.030917569734367
path,-10.408213129080792,-9.029267293990173
path,-10.409201985030197,-9.027602490423478
path,-10.410213506698463,-9.025920851304347
path,-10.411195521803394,-9.024312645651644
path,-10.41219340254813,-9.022701455305715
path,-10.41321785986002,-9.021079135474762
path,-10.414254094274142,-9.019459110851557
path,-10.415293081417577,-9.017848364106264
path,-10.416336255908124,-9.016243994959948
path,-10.417369374636197,-9.014675245746115
path,-10.418322610514622,-9.013197387027919
path,-10.419191172340993,-9.0117944318373
path,-10.419975540793937,-9.010465845349234
path,-10.420683287087499,-9.009202623745873
path,-10.42132562483006,-9.007994681178475
path,-10.421902858960802,-9.006841680366682
path,-10.422415151282703,-9.00574347039181
path,-10.422862610900271,-9.004699860827541
path,-10.423247583403102,-9.003707871474116
path,-10.423615489567089,-9.002731407581209
path,-10.423983069684898,-9.00175660666318
path,-10.424350394760648,-9.000783298112097
path,-10.424717539871608,-8.999811309491392
path,-10.42508532847212,-8.998838304621458
path,-10.425453117528557,-8.997866208099682
path,-10.425821086647488,-8.996894623464177
path,-10.426189317152982,-8.995923370513326
path,-10.426557883966856,-8.994952283692287
path,-10.426928202142488,-8.993977345383424
path,-10.427299010238727,-8.993002239589067
path,-10.427670383832826,-8.992026803685615
path,-10.428042399932442,-8.991050872266442
path,-10.428415136205162,-8.990074280021505
path,-10.42878906178153,-8.989095740091411
path,-10.429163757350809,-8.98811644230074
path,-10.429539263364804,-8.987136303084977
path,-10.42991566043654,-8.986155153214698
path,-10.430293030801478,-8.985172822758356
path,-10.430672312380906,-8.984186704771114
path,-10.43105273429359,-8.983199063690446
path,-10.431434381120022,-8.982209727814821
path,-10.43181730768366,-8.98121859074683
path,-10.432201443127521,-8.980225814448099
path,-10.43258780109892,-8.97922858369622
path,-10.432975525337117,-8.978229400568969
path,-10.433364706495254,-8.977228085341713
path,-10.433755436951651,-8.976224455175872
path,-10.434147810070355,-8.975218325847646
path,-10.434542788859522,-8.974207065985222
path,-10.434939641703316,-8.973192850950893
path,-10.435338481342027,-8.972175462512471
path,-10.435739560788674,-8.971154379568086
path,-10.436146658986274,-8.970121656338565
path,-10.436561056850513,-8.969074299287946
path,-10.43698219255781,-8.968013965499098
path,-10.437410171769683,-8.966940518979246
path,-10.437845146658615,-8.965853728171332
path,-10.438281355878159,-8.964767143146736
path,-10.438682031446792,-8.963767215242747
path,-10.439071067230314,-8.962778566134409
path,-10.43946048688188,-8.961790001308172
path,-10.439850290512211,-8.96080152054892
path,-10.440240477781098,-8.959813124166264
path,-10.440632818140713,-8.958820342396177
path,-10.441025545360343,-8.957827644502114
path,-10.441418659559565,-8.956835031990968
path,-10.441812160581852,-8.955842505093491
path,-10.442206048106152,-8.954850063994902
path,-10.44260324905719,-8.953850354118552
path,-10.443000842098968,-8.95285072903909
path,-10.443398827091626,-8.951851191333215
path,-10.44379720388157,-8.950851741166586
path,-10.444195972244287,-8.94985237885445
path,-10.444596293108518,-8.948850202778774
path,-10.444997007585497,-8.947848114311324
path,-10.445398115619392,-8.946846114309714
path,-10.445799616848781,-8.94584420326649
path,-10.446201511372553,-8.944842381105973
path,-10.446605432832538,-8.943836586396813
path,-10.447009750409226,-8.942830880243186
path,-10.447414463858523,-8.941825264291289
path,-10.447819572870369,-8.940819738698826
path,-10.448225077609836,-8.939814303361606
path,-10.448633594212117,-8.938802489015485
path,-10.449042511123398,-8.937790764551327
path,-10.449451828561916,-8.936779131708343
path,-10.449861546027108,-8.9357675911043
path,-10.450271663618745,-8.934756142508569
path,-10.450663281980294,-8.933789294661144
path,-10.451054362659137,-8.932826732054428
path,-10.451445805127397,-8.93186425348507
path,-10.451837609409814,-8.930901858955448
path,-10.452229775509686,-8.929939548521416
path,-10.452621938088962,-8.92897821580995
path,-10.453014461596627,-8.9280169674636
path,-10.45340734548345,-8.927055803757398
path,-10.453800590073273,-8.926094724289918
path,-10.454194195004755,-8.925133729380295
path,-10.454587496311271,-8.924174436028215
path,-10.454981156380352,-8.923215227748308
path,-10.455375175525084,-8.922256103872556
path,-10.455769553257925,-8.92129706484956
path,-10.45616428942818,-8.920338110756875
path,-10.456558874218235,-8.919380476729925
path,-10.456953816364525,-8.91842292796403
path,-10.457349115954115,-8.917465463914812
path,-10.457744772676035,-8.91650808491107
path,-10.45814078614561,-8.915550791423248
path,-10.458536773649001,-8.914594506020757
path,-10.458933117083916,-8.913638306366572
path,-10.459329816423622,-8.912682192006093
path,-10.459726871589709,-8.91172616307118
path,-10.46012428240197,-8.9107702197862
path,-10.460521601245949,-8.909815435630936
path,-10.460919274593381,-8.908860737532551
path,-10.461317302422934,-8.907906125172365
path,-10.461715684461678,-8.906951598801097
path,-10.462114420787744,-8.90599715831054
path,-10.462513045124798,-8.905043916479542
path,-10.462912022500845,-8.9040907609448
path,-10.463311352916826,-8.90313769150412
path,-10.46371103604267,-8.902184708494206
path,-10.46411107189386,-8.901231811782855
path,-10.464512028670699,-8.900277651213308
path,-10.464913338811717,-8.899323577117375
path,-10.465315002085909,-8.89836959009985
path,-10.465717018461476,-8.897415690241031
path,-10.466119387956182,-8.89646187755803
path,-10.466522422870101,-8.895507413069788
path,-10.466925811157076,-8.894553035844682
path,-10.46732955264705,-8.893598746314023
path,-10.467733646936868,-8.892644544828311
path,-10.468138094175693,-8.89169043120621
path,-10.468543579652344,-8.890734792688512
path,-10.46894941911526,-8.889779241981275
path,-10.4693556120673,-8.888823780127787
path,-10.469762158682428,-8.887868406754496
path,-10.470169058521076,-8.88691312247333
path,-10.470576945370464,-8.885956443209897
path,-10.47098518639247,-8.884999852992776
path,-10.471393781473346,-8.884043352101305
path,-10.471802730723072,-8.883086940569875
path,-10.472212033607217,-8.882130619025952
path,-10.472622677430067,-8.881172086408965
path,-10.473033676398513,-8.88021364367903
path,-10.473445030394291,-8.879255291439572
path,-10.473858824703305,-8.878293163033716
path,-10.474271598045442,-8.877333687257979
path,-10.474685867473218,-8.876372056480262
path,-10.475101329619337,-8.875408981038609
path,-10.475517986421083,-8.874444466584695
path,-10.475935839061595,-8.87347851911427
path,-10.476354889544329,-8.872511143553805
path,-10.476776132460007,-8.87154006065608
path,-10.477198583660494,-8.870567550964791
path,-10.47762224497522,-8.869593619854008
path,-10.478047119233139,-8.868618270823884
path,-10.47847320914136,-8.867641507664777
path,-10.478901432702456,-8.866661242655988
path,-10.479330883504332,-8.865679562679189
path,-10.47976156469887,-8.864696471356114
path,-10.48019347956389,-8.863711971372297
path,-10.480626631778598,-8.862726064692982
path,-10.481061823866648,-8.861736941600677
path,-10.48150025441414,-8.860742809111992
path,-10.481937274380828,-8.859752101215559
path,-10.482374703752047,-8.858761516003248
path,-10.482812540600921,-8.857771055098478
path,-10.483251861962177,-8.856778288728561
path,-10.483691590029006,-8.855785652152548
path,-10.484131723347788,-8.854793148634425
path,-10.484572260649493,-8.853800780494817
path,-10.485013200676677,-8.852808549759342
path,-10.485455711981821,-8.851813833779994
path,-10.485898626577724,-8.850819258598928
path,-10.486341943229329,-8.849824826632588
path,-10.486785661400463,-8.848830539281323
path,-10.487229780532973,-8.84783639750644
path,-10.487675781473737,-8.84683909361194
path,-10.48812218468305,-8.845841937684414
path,-10.488568989347385,-8.844844931804536
path,-10.489016194771873,-8.843848077027321
path,-10.489463800922467,-8.842851373846132
path,-10.4899131731327,-8.841851789315202
path,-10.490362947224092,-8.840852358145616
path,-10.490813122964669,-8.839853081777282
path,-10.49126369979047,-8.838853960953804
path,-10.491714677727666,-8.837854995969948
path,-10.492167221629838,-8.83685361274869
path,-10.492620167667123,-8.835852386691021
path,-10.493073515551092,-8.834851319035334
path,-10.4935272655306,-8.83385040961388
path,-10.493981416835945,-8.832849659433785
path,-10.494438168575318,-8.831844234985098
path,-10.494895325310143,-8.830838970260695
path,-10.495352885818718,-8.829833865200388
path,-10.49581111103046,-8.828828923096184
path,-10.496264989962699,-8.827820041844513
path,-10.4967194505088,-8.826812498479224
path,-10.497169947453548,-8.825805161706985
path,-10.497616481552953,-8.824798055062653
path,-10.498059054255775,-8.82379120272462
path,-10.498497666958192,-8.822784627333856
path,-10.498919774705428,-8.821802516277996
path,-10.499338868246918,-8.820823794672219
path,-10.499754187065832,-8.81984536212808
path,-10.500165688364346,-8.81886717692313
path,-10.500573353816812,-8.817889235805927
path,-10.500976422294258,-8.816913323996054
path,-10.501375603297658,-8.815937613459838
path,-10.501771038671095,-8.814962333255629
path,-10.502162519538558,-8.813987207258354
path,-10.502549204340056,-8.813011089634653
path,-10.502928680429077,-8.812032853273218
path,-10.50329623234747,-8.811042334942274
path,-10.503653258078597,-8.810043287904627
path,-10.503998372936735,-8.809034888917555
path,-10.504330666021724,-8.808015483754202
path,-10.504649612424974,-8.80698340217659
path,-10.504957932630726,-8.805936840093896
path,-10.505255046134899,-8.804875017288424
path,-10.505541256354258,-8.803798329196837
path,-10.505816144687996,-8.802706211683946
path,-10.506082130834534,-8.801603838630154
path,-10.506348010928813,-8.800500901755917
path,-10.506614124394966,-8.799397844620952
path,-10.506880473475068,-8.798294667842365
path,-10.507147060311526,-8.797191371820679
path,-10.507413426267071,-8.796089826676724
path,-10.507680039284757,-8.794988172573289
path,-10.507946895010468,-8.79388639997576
path,-10.508213994787269,-8.792784509356283
path,-10.508481339706224,-8.79168250130225
path,-10.508748782155667,-8.790580989105399
path,-10.509016471908778,-8.789479360365034
path,-10.509284410065531,-8.788377614747283
path,-10.509552597193883,-8.787275752980293
path,-10.509821034445359,-8.78617377484385
path,-10.510089282833372,-8.785073318815241
path,-10.51035781199771,-8.783972787795621
path,-10.510626592182572,-8.782872141883407
path,-10.51089562394366,-8.781771381338904
path,-10.511164908082232,-8.780670505990821
path,-10.511434044881073,-8.779570884470557
path,-10.511703482644442,-8.778471214416172
path,-10.511973172942442,-8.77737143104265
path,-10.512243116337675,-8.776271534256207
path,-10.512513312769018,-8.775171524825726
path,-10.51278331237496,-8.774072376018184
path,-10.513053724041374,-8.77297332587577
path,-10.513324363627934,-8.771874130797025
path,-10.51359500203027,-8.770774486326582
path,-10.513865314294053,-8.769673960867294
path,-10.514134643166535,-8.768572343794796
path,-10.514402989402234,-8.767468976480083
path,-10.514670024835107,-8.76636342270842
path,-10.514935421549605,-8.765255246911023
path,-10.515198850281259,-8.764144011168197
path,-10.515459448366217,-8.763029641873558
path,-10.515717418287222,-8.761911337169108
path,-10.51597243012702,-8.760788658282173
path,-10.51622415346047,-8.75966116643446
path,-10.516472257913742,-8.758528421107792
path,-10.516716095332653,-8.757390199525576
path,-10.516955650608727,-8.756245844548733
path,-10.517190592284832,-8.755094913708527
path,-10.517420588635742,-8.753936966371212
path,-10.517645306510001,-8.75277155813532
path,-10.517864213303337,-8.751598379360289
path,-10.518077174170736,-8.750416850937242
path,-10.51828385561586,-8.74922652829233
path,-10.518483921633518,-8.748026964392933
path,-10.518677039522718,-8.746817714849625
path,-10.518862810562803,-8.745598375313755
path,-10.519040963999732,-8.744368456438325
path,-10.519211164727825,-8.743127510708213
path,-10.519373077692896,-8.741875090217505
path,-10.519526366356269,-8.740610745021364
path,-10.51967078852745,-8.739333963262398
path,-10.51980591466853,-8.738044357561416
path,-10.519931407575685,-8.736741477118326
path,-10.520046929888913,-8.735424869698571
path,-10.520152144794002,-8.734094083753131
path,-10.520247006358394,-8.732748466812366
path,-10.520330884607839,-8.731387763331352
path,-10.520403441955326,-8.730011519913662
path,-10.520464340951051,-8.728619282522198
path,-10.520513242418494,-8.727210595727415
path,-10.520566239124337,-8.725773795309633
path,-10.520606566928052,-8.724319612277
path,-10.520633874395438,-8.722847584232978
path,-10.520647814473152,-8.72135724330883
path,-10.520648039811672,-8.719848119645857
path,-10.520632918835288,-8.718323394248054
path,-10.520611669772588,-8.716789948379828
path,-10.520584864511177,-8.715248542099525
path,-10.520552157298923,-8.713698712861657
path,-10.520513201652514,-8.712139996179731
path,-10.520464452366927,-8.710574109781428
path,-10.520408758710555,-8.70899840895053
path,-10.52034577779838,-8.707412430503847
path,-10.520275163287495,-8.705815709835065
path,-10.520196568436376,-8.704207781642465
path,-10.520106612448812,-8.70259025016061
path,-10.520007981898965,-8.700960580854682
path,-10.519900407945368,-8.699318411219304
path,-10.5197883551416,-8.697669684606572
path,-10.519674234702975,-8.696017592706127
path,-10.519556306382018,-8.694362624550061
path,-10.519435615025268,-8.692703365364464
path,-10.519311815383244,-8.691039352559176
path,-10.519184690176436,-8.689370295255822
path,-10.519056895772017,-8.687699726812511
path,-10.518929607779183,-8.686033472044638
path,-10.518803057699419,-8.684367586958468
path,-10.518676982129865,-8.682701718661672
path,-10.518551380632513,-8.681035866154005
path,-10.518426252341834,-8.679370029524994
path,-10.518301544700899,-8.677707697027905
path,-10.51817768735828,-8.676045888926984
path,-10.518054295961715,-8.674384092131191
path,-10.517931370239738,-8.672722307086033
path,-10.517808909970755,-8.6710605342293
path,-10.517686832954789,-8.669401819431704
path,-10.517565497710356,-8.667743490815317
path,-10.517444631137304,-8.666085183201787
path,-10.51732423247671,-8.664426896156689
path,-10.517204301461817,-8.662768628138723
path,-10.517084498716635,-8.66111156701133
path,-10.516965547348672,-8.659455042765549
path,-10.516846823491623,-8.65779822294303
path,-10.516728262650915,-8.656141018004138
path,-10.516609968778209,-8.654483571983219
path,-10.516491651641585,-8.652826231045795
path,-10.516373584953193,-8.651168629017013
path,-10.516255717333673,-8.64951069402232
path,-10.516137705238263,-8.647851969885753
path,-10.51601808284369,-8.646190501839877
path,-10.515894441811408,-8.644522903013442
path,-10.515769666724562,-8.642853198366497
path,-10.515645254625257,-8.64118337874391
path,-10.515521206975993,-8.639513446362708
path,-10.51539752387114,-8.637843403819138
path,-10.515276771150004,-8.636150504403123
path,-10.515151690510665,-8.634451206829851
path,-10.51502699063667,-8.632751799785494
path,-10.514902553242688,-8.63105212653046
path,-10.514778038461898,-8.629351733133944
path,-10.514649324432856,-8.627652720424658
path,-10.514519890213016,-8.625952135555915
path,-10.514389343701145,-8.624249450302926
path,-10.514257364247369,-8.62254423770766
path,-10.514123600753726,-8.620836026946167
path,-10.513984897693602,-8.619126067910754
path,-10.51384360160788,-8.617412030092298
path,-10.513699280417821,-8.615693335432224
path,-10.513551525771602,-8.613969430869973
path,-10.513400048190999,-8.612239930537038
path,-10.513242131812452,-8.610505782775034
path,-10.51308129024101,-8.608767099617628
path,-10.512921184008317,-8.607028783005546
path,-10.512762025200042,-8.605291113576742
path,-10.512603813085065,-8.603554091117244
path,-10.512446992000633,-8.601822639353093
path,-10.51229110940307,-8.600091837679553
path,-10.512136164792073,-8.598361678891669
path,-10.511982158099022,-8.596632162221624
path,-10.51182908735965,-8.594903289658344
path,-10.51167711682536,-8.593176935485033
path,-10.511526079107247,-8.591451224415136
path,-10.511375973844256,-8.589726155143968
path,-10.511226798595779,-8.588001726621577
path,-10.51107855396926,-8.586277941188854
path,-10.51093142287668,-8.584556961207591
path,-10.510785218033126,-8.582836624567516
path,-10.510639937755466,-8.581116925747754
path,-10.510495582268819,-8.579397867464767
path,-10.510352150140742,-8.577679447681932
path,-10.510209723131075,-8.575962672825186
path,-10.510068217121274,-8.574246536076972
path,-10.509927630548834,-8.572531038316995
path,-10.509787963098947,-8.57081617784591
path,-10.509649213563202,-8.569101955256844
path,-10.509511338306348,-8.567387843364099
path,-10.509374379428396,-8.565674370262467
path,-10.509238337043458,-8.563961535629137
path,-10.509103209685685,-8.562249338431794
path,-10.508968996089598,-8.560537780895551
path,-10.508835555292181,-8.558825045138079
path,-10.508703028240578,-8.557112949293298
path,-10.508571414972069,-8.555401490239843
path,-10.508440714225928,-8.55369067211144
path,-10.508310926016314,-8.551980490796069
path,-10.50818179111731,-8.55026703791608
path,-10.508053530003362,-8.54855416962842
path,-10.507926182180741,-8.546841944478171
path,-10.50779974720117,-8.54513036068259
path,-10.507674223773808,-8.543419415192707
path,-10.50754931864122,-8.54170405164711
path,-10.50742524531931,-8.539989216530385
path,-10.507302086783197,-8.538275023924164
path,-10.50717989088654,-8.53656153937122
path,-10.507058629484336,-8.534848729069148
path,-10.506937903599571,-8.533130136407586
path,-10.506817981158518,-8.531412030733238
path,-10.50669896819032,-8.5296945679711
path,-10.506580864912848,-8.527977742217375
path,-10.506463678787581,-8.526261571020568
path,-10.506346972926131,-8.524537957603588
path,-10.506231045765707,-8.522814800326113
path,-10.506116037530752,-8.521092298223877
path,-10.506001950995701,-8.519370446107075
path,-10.505888784191468,-8.517649251650036
path,-10.505776117875337,-8.515920885960876
path,-10.50566352490328,-8.51419182785397
path,-10.505551751305859,-8.512456400260765
path,-10.505430317367683,-8.510712404484039
path,-10.50530681579766,-8.508964227493982
path,-10.505183982573435,-8.50720550955069
path,-10.505061638502882,-8.505446873073408
path,-10.504940300586053,-8.503689023005126
path,-10.504819971125208,-8.501931970499676
path,-10.50470064679581,-8.500175719893022
path,-10.504588002001125,-8.498457250865673
path,-10.504473493424276,-8.496745187732643
path,-10.504359940173371,-8.495033892017716
path,-10.504247340623918,-8.493323374753643
path,-10.504135694895533,-8.491613628085043
path,-10.504025179892537,-8.489907426625834
path,-10.503915612101368,-8.488202005147992
path,-10.50380699152543,-8.486497358733963
path,-10.503699317080581,-8.484793493675255
path,-10.503592586978636,-8.483090411250283
path,-10.503486860105843,-8.481389063571658
path,-10.503382074876768,-8.47968849799948
path,-10.503278230665618,-8.477988716330122
path,-10.503175326630778,-8.476289716754483
path,-10.50307336177919,-8.474591501237928
path,-10.502972329484095,-8.472893970168203
path,-10.502872234186999,-8.471197227975846
path,-10.502773075232529,-8.469501270312525
path,-10.502674852307614,-8.467806096967033
path,-10.502577564086964,-8.466111710101135
path,-10.502481117215545,-8.4644164822226
path,-10.502385605036572,-8.462722043463039
path,-10.502342182642844,-8.460938609388
path,-10.502325976331177,-8.459103679420414
path,-10.502317676953766,-8.45725862732622
path,-10.50232322503413,-8.455412957724686
path,-10.502337386542024,-8.453667093056131
path,-10.502404738014194,-8.451974571541509
path,-10.502525058252973,-8.450333561928671
path,-10.502695003226782,-8.448740304029016
path,-10.50291350447225,-8.447191036327112
path,-10.5031752474903,-8.445682157681532
path,-10.503477915958392,-8.444210967099075
path,-10.503821500175386,-8.442777554474572
path,-10.504206002371028,-8.441382026206382
path,-10.504633583154966,-8.440021353116633
path,-10.50510163450026,-8.438698344339247
path,-10.505609997321999,-8.437413002104005
path,-10.506159390678985,-8.436166131814675
path,-10.506749864729322,-8.434957919027513
path,-10.507384134161724,-8.433784659751284
path,-10.508059612877807,-8.432650478080154
path,-10.508774292811092,-8.431554343840682
path,-10.509495662588474,-8.430476720005135
path,-10.510212486208022,-8.429410988264316
path,-10.51092676109654,-8.428354235076144
path,-10.511636336376421,-8.427309682665879
path,-10.512341129705643,-8.42627750282055
path,-10.513041058114496,-8.425257876759733
path,-10.513736036058496,-8.42425099636545
path,-10.514427763398997,-8.42325441134468
path,-10.515114360501865,-8.422270987596534
path,-10.515795732322685,-8.421300951177642
path,-10.516471783009658,-8.420344538431541
path,-10.517142482385015,-8.419401795084841
path,-10.517799553815,-8.418485116330688
path,-10.518451041108115,-8.417582749337909
path,-10.519115567024024,-8.416698467423549
path,-10.519782210938944,-8.415831760770374
path,-10.520459366250652,-8.414949397287618
path,-10.521140049896209,-8.414002837020439
path,-10.521790176690049,-8.413039400014835
path,-10.522409943402632,-8.41205946406441
path,-10.522997586724417,-8.411060987536965
path,-10.52355305355295,-8.410061655634303
path,-10.52398027257973,-8.409030142517253
path,-10.524297300082594,-8.40787145293252
path,-10.524504121904098,-8.406586038621503
path,-10.524600672763043,-8.40517427849464
path,-10.524586841178099,-8.403636473551623
path,-10.524461889660847,-8.40197366534106
path,-10.524226418833129,-8.400185495143221
path,-10.523925911446215,-8.398318896731851
path,-10.523638062783093,-8.396447819800992
path,-10.523364489767255,-8.394574007790537
path,-10.523105195374944,-8.392699382811658
path,-10.522859833782338,-8.390822177770012
path,-10.522628252365642,-8.388942460361966
path,-10.522410310024783,-8.387060294562838
path,-10.522205877100715,-8.385175739612993
path,-10.522015052614154,-8.383291152201467
path,-10.521837509982298,-8.381404281409486
path,-10.521692324063954,-8.379601717919185
path,-10.521527545614482,-8.377802503727006
path,-10.521344180461478,-8.376001646904559
path,-10.52114209892925,-8.374199237816557
path,-10.520921162291229,-8.37239582422894
path,-10.520678956472704,-8.370590042788008
path,-10.520418658660896,-8.368782098914764
path,-10.520142387981828,-8.366972566266746
path,-10.519849950102627,-8.365159834675804
path,-10.519541154180267,-8.363345378155321
path,-10.51921579073893,-8.36152912277644
path,-10.518873639642488,-8.359710988549075
path,-10.518514470138816,-8.357890890337218
path,-10.518138085143395,-8.356065452101388
path,-10.517723562557777,-8.354238700559547
path,-10.517289174845493,-8.352404468020556
path,-10.516869720379857,-8.350567492509745
path,-10.516464887969862,-8.348727883518835
path,-10.516073916977275,-8.346880093819031
path,-10.515696985311331,-8.345029872417081
path,-10.51533381575874,-8.343177318238682
path,-10.514984142500106,-8.341322521711927
path,-10.514647710523,-8.339465568960694
path,-10.51432364281256,-8.337598440896134
path,-10.514008035997856,-8.335730100415113
path,-10.513695877659476,-8.333861471541391
path,-10.513386933228052,-8.331992603067496
path,-10.513080970268199,-8.330123542984948
path,-10.512796127150008,-8.328093686015038
path,-10.512480823987561,-8.325994519399666
path,-10.512168007810967,-8.323895269483703
path,-10.511857442392209,-8.321795992531667
path,-10.511548892962804,-8.319696742383261
path,-10.511244153144007,-8.317626207670788
path,-10.510940936360031,-8.315555807314936
path,-10.510638634001074,-8.313485633514814
path,-10.510328257587448,-8.311417187990909
path,-10.51000597559846,-8.30935107993358
path,-10.509679288369538,-8.307315305450183
path,-10.509352862860267,-8.305280106345007
path,-10.509027401244497,-8.303245077526618
path,-10.50870318451777,-8.30121018007473
path,-10.508380213646406,-8.29917541925516
path,-10.508062988595363,-8.297172140717976
path,-10.507747415622505,-8.295168957373255
path,-10.50743305142983,-8.293165917995001
path,-10.507119896170579,-8.291163026016608
path,-10.506807949840484,-8.289160284550258
path,-10.506499355546195,-8.287172099141873
path,-10.506232150342703,-8.285286434560726
path,-10.506205001685021,-8.283384273854605
path,-10.50626591195722,-8.281494927011202
path,-10.506318135522045,-8.279613603311821
path,-10.50636576223322,-8.277754212252656
path,-10.506408157645641,-8.27589603004655
path,-10.506445696201432,-8.27403898999324
path,-10.506478610027386,-8.2721830573825
path,-10.50650700907777,-8.270328215071833
path,-10.506557004375333,-8.268487891898765
path,-10.506604380964996,-8.266648791689077
path,-10.506651595044907,-8.264810199732802
path,-10.50670353577084,-8.262971422417728
path,-10.50675189565819,-8.261133610250068
path,-10.506806335262038,-8.259312232273661
path,-10.506856741815865,-8.257491868130362
path,-10.506907684966006,-8.25567190453395
path,-10.506954260416943,-8.253852992828117
path,-10.507004634681804,-8.252034038956134
path,-10.507049958513143,-8.250226359670604
path,-10.507090327214165,-8.248419803557065
path,-10.507128925303048,-8.2466139466647
path,-10.507167328860165,-8.244808550651559
path,-10.507201709937641,-8.243004134380039
path,-10.507233891203018,-8.24121425822814
path,-10.507268835716468,-8.239424492049974
path,-10.507299410558357,-8.237635737508663
path,-10.507325674383585,-8.235847981497905
path,-10.507347958791042,-8.234061175926875
path,-10.507366482159462,-8.232285626178598
path,-10.50738385065094,-8.230510639760409
path,-10.507401970147217,-8.228736001462488
path,-10.507417480302756,-8.226962109437217
path,-10.507431544686485,-8.225188822085377
path,-10.507448640850933,-8.22319992750762
path,-10.50747268313197,-8.221084895300482
path,-10.507492303896122,-8.218970919388374
path,-10.507506986690117,-8.216858063657842
path,-10.507517112244182,-8.214746280332955
path,-10.507523026206012,-8.212666887395294
path,-10.507524067381576,-8.210588606220744
path,-10.507520114333321,-8.20851142528024
path,-10.507502415007847,-8.206436388753795
path,-10.50746725272582,-8.204363926903083
path,-10.507439863323425,-8.202320130861578
path,-10.507444808819592,-8.200285294162091
path,-10.50745098004345,-8.198250765297445
path,-10.507585532218213,-8.196215616095195
path,-10.507725173824905,-8.19416623816566
path,-10.50785121545505,-8.192150918124245
path,-10.507970464087752,-8.190136980308951
path,-10.508102744856902,-8.188122048262635
path,-10.508234926088317,-8.18610769940782
path,-10.508366970191245,-8.184093891931447
path,-10.508496648021186,-8.182109074953038
path,-10.508629847601773,-8.180124385135567
path,-10.50876343707328,-8.178140211126527
path,-10.508897375742269,-8.176156508472225
path,-10.509034407013267,-8.174173016196104
path,-10.50916876625149,-8.1722023249932
path,-10.509306569593363,-8.17023180846222
path,-10.509442058047538,-8.1682620536122
path,-10.509583553156535,-8.166292180131405
path,-10.509719719989006,-8.164323401068867
path,-10.509861578011614,-8.162378755574535
path,-10.509998065976946,-8.160435207428094
path,-10.510143307978078,-8.158491230629394
path,-10.510280291364303,-8.156548646248872
path,-10.51043748695816,-8.154609526408949
path,-10.510581967056027,-8.152704095403871
path,-10.510717147818145,-8.150811010233259
path,-10.510861283681278,-8.14892933377813
path,-10.511002990672825,-8.147061630210937
path,-10.511144096541022,-8.145209460583823
path,-10.511284047973886,-8.143387136992112
path,-10.511422666897646,-8.141585740542657
path,-10.51155891108442,-8.139809957115085
path,-10.51169185757758,-8.138066074137946
path,-10.511823411869816,-8.136365723453748
path,-10.5119392704121,-8.134744390567988
path,-10.512043517500405,-8.133151702326424
path,-10.5121711992325,-8.13145843042244
path,-10.512334291165208,-8.129651882472423
path,-10.512477386433552,-8.127962336941163
path,-10.51263926914181,-8.126182763909052
path,-10.512784567691387,-8.124392795970596
path,-10.512930264819408,-8.122556421410872
path,-10.513083109520922,-8.120618056727599
path,-10.513284021123066,-8.118557873726306
path,-10.513528199490434,-8.116377030213092
path,-10.513776489724128,-8.11420468732281
path,-10.51401163158301,-8.11206096766561
path,-10.514250842479983,-8.10993863711868
path,-10.514498488056093,-8.107833117114737
path,-10.514731416836113,-8.105771411305328
path,-10.514966829725203,-8.10372425842537
path,-10.515204464747228,-8.101690468615812
path,-10.51544207575529,-8.09965954272085
path,-10.515684847403236,-8.097637623304562
path,-10.515925386623984,-8.095654734191172
path,-10.516167413895792,-8.093682535438253
path,-10.516411518820924,-8.091720585440303
path,-10.516652808547468,-8.089769200018944
path,-10.516900966151551,-8.087825717190935
path,-10.517153443183313,-8.085907319690424
path,-10.517397369562739,-8.083990383930033
path,-10.517634790056139,-8.0820743133121
path,-10.517886798857075,-8.08015716530189
path,-10.518130884064627,-8.078241366563326
path,-10.518382687267598,-8.076356004416546
path,-10.518628455104592,-8.074473443708944
path,-10.518869208765459,-8.072591049569885
path,-10.519129728952317,-8.070695768107909
path,-10.5194319444925,-8.06880730983629
path,-10.519723440015989,-8.066932453655452
path,-10.520005224941922,-8.065058902477109
path,-10.520297545098634,-8.063183426087791
path,-10.520589884058465,-8.061308708157197
path,-10.5208854930144,-8.059434652557497
path,-10.521170558947796,-8.05758684142636
path,-10.521466651752998,-8.055739261679586
path,-10.52175368942016,-8.05389213372518
path,-10.522051448095441,-8.052044974572075
path,-10.522339924213933,-8.050198058823188
path,-10.5226384455511,-8.048368192978668
path,-10.522927365290997,-8.046539970731498
path,-10.523222574016348,-8.044710105481037
path,-10.523490674240126,-8.042892914629403
path,-10.523754804657232,-8.041081912750357
path,-10.524020115819216,-8.039281635717426
path,-10.524286235830218,-8.037481339765765
path,-10.524555147971098,-8.03568243050952
path,-10.524818241421976,-8.033880905492396
path,-10.525091351846974,-8.03208238744673
path,-10.525393648758087,-8.030089020374007
path,-10.525721229262382,-8.027902270373795
path,-10.526054876286189,-8.025715596684622
path,-10.526389699757335,-8.023529058683163
path,-10.526722841438295,-8.021341959087145
path,-10.52705660290715,-8.019171183899383
path,-10.527394742258034,-8.017002055100862
path,-10.527732721874926,-8.01483227371338
path,-10.528070346133957,-8.012662207797627
path,-10.528408965498182,-8.01049196726862
path,-10.528744620735258,-8.008363004390004
path,-10.529079832488428,-8.006234336748674
path,-10.52941940317463,-8.004107303081064
path,-10.529758727134366,-8.00197962860858
path,-10.530097753980316,-7.999851722318973
path,-10.530435123120379,-7.997752790192913
path,-10.53077132387301,-7.995653644362516
path,-10.531116371002602,-7.993556946035626
path,-10.531454790362462,-7.991458470202601
path,-10.531801908405038,-7.989362215549938
path,-10.532140046701302,-7.987285354667908
path,-10.532483280429943,-7.985210084428159
path,-10.532823039198522,-7.983133601815427
path,-10.533168393931748,-7.981058969337917
path,-10.533513035199785,-7.978983700234048
path,-10.533850482872793,-7.976938262194701
path,-10.534195772523224,-7.9748948559924235
path,-10.534541190116121,-7.972851060645098
path,-10.534885547658934,-7.970807122045856
path,-10.535237104053202,-7.968765128219199
path,-10.535579226560223,-7.966745715229459
path,-10.53592168045163,-7.9647258931550295
path,-10.536269453473308,-7.962707951330633
path,-10.536617284708695,-7.960687864179034
path,-10.536977622384859,-7.958665811021344
path,-10.537350595490482,-7.956663898462547
path,-10.537735284051346,-7.95466176693647
path,-10.538123702013449,-7.952660234597808
path,-10.53851112744687,-7.9506577776715375
path,-10.538897857517533,-7.948654843432433
path,-10.539288084909616,-7.9466689949147264
path,-10.539677080434435,-7.944682620226362
path,-10.540071249342821,-7.942697572491149
path,-10.54045922839455,-7.940710680487457
path,-10.540855803206489,-7.938725884521475
path,-10.541242143720558,-7.9367574550730895
path,-10.541627890655533,-7.934788662782294
path,-10.542022510035702,-7.9328223224753565
path,-10.542424632176019,-7.93083565198271
path,-10.542848739253204,-7.928814387918263
path,-10.543292330807477,-7.9266527868500996
path,-10.543773432571383,-7.9243459510308
path,-10.54428742078568,-7.9218958487079
path,-10.544826443982185,-7.919362278195742
path,-10.545361417507815,-7.9168257866511045
path,-10.545900245992167,-7.914338259309734
path,-10.546431968485116,-7.911850861238836
path,-10.546965853505109,-7.909363651533541
path,-10.54750232129283,-7.906874407181951
path,-10.548038848469233,-7.904388509123842
path,-10.548572892436122,-7.901944455011694
path,-10.549101881350724,-7.899500266013547
path,-10.54963372194789,-7.897055146555627
path,-10.550169108938842,-7.894612900797712
path,-10.550700216601806,-7.892167540878491
path,-10.551229337135451,-7.8897834362764065
path,-10.551753320933779,-7.887399920719356
path,-10.552276281420948,-7.88501569167296
path,-10.552808837733044,-7.882633794489478
path,-10.553338260135629,-7.880251047547961
path,-10.553862277452478,-7.877923012806014
path,-10.554379321287637,-7.875594502046693
path,-10.554903157756046,-7.873267935563346
path,-10.555428535903275,-7.8709401146384845
path,-10.555952196245414,-7.868614317277368
path,-10.556468537539324,-7.866335366456572
path,-10.556982323627173,-7.864057681095205
path,-10.55750348085286,-7.861781311393664
path,-10.558021458315304,-7.859504022346046
path,-10.558542176098738,-7.857228307855652
path,-10.559015694447025,-7.855170276618151
path,-10.559468640634572,-7.853178699529169
path,-10.559926124799993,-7.851189515372236
path,-10.560384658759498,-7.849198720503475
path,-10.560844896055032,-7.847209934995414
path,-10.561300014247063,-7.845239699005827
path,-10.561759681668637,-7.843270818410619
path,-10.562219994733159,-7.841302148643287
path,-10.56267754524746,-7.8393320594733344
path,-10.56313888999961,-7.837363850309154
path,-10.563596457939816,-7.835404419176942
path,-10.564058143264472,-7.833446097174962
path,-10.564521012619313,-7.831488190039037
path,-10.564980888179601,-7.829528810373687
path,-10.565444408067354,-7.82757121570327
path,-10.565904479153174,-7.825624708547527
path,-10.566368174614334,-7.823679132452418
path,-10.566833340225608,-7.8217341102178315
path,-10.567295318479655,-7.81978752404614
path,-10.5677629002125,-7.817842899318556
path,-10.56826624862877,-7.815812134165048
path,-10.568778562046703,-7.813668981280642
path,-10.56930037590489,-7.811515742477573
path,-10.569820613928936,-7.809362034314267
path,-10.570342572129599,-7.807208433412175
path,-10.570857668433543,-7.805082952693048
path,-10.57137664842924,-7.802959023357743
path,-10.5718911834528,-7.800833077285722
path,-10.572412459263525,-7.798708951289315
path,-10.572933215568556,-7.796585458152827
path,-10.573446843402133,-7.7944905524538095
path,-10.57396572668017,-7.7923972336443175
path,-10.57448600256541,-7.790304305633679
path,-10.57500045893964,-7.788209834990002
path,-10.575523763000827,-7.786117319110376
path,-10.576039088837595,-7.784051520978935
path,-10.576551235421894,-7.781984591309067
path,-10.577071745712676,-7.77991946851442
path,-10.577591530658578,-7.777854312052341
path,-10.578107250035798,-7.775789176110878
path,-10.578622492505618,-7.773740006561841
path,-10.579141497522327,-7.771693041634374
path,-10.5796620962451,-7.769646294957359
path,-10.580175734610155,-7.767597977674436
path,-10.580700346930556,-7.765551988109015
path,-10.581223366277335,-7.763531400015195
path,-10.581747139869435,-7.761530853395951
path,-10.582255327155272,-7.759531174423155
path,-10.582756796013285,-7.757527567757908
path,-10.583273214994719,-7.75552896065196
path,-10.58378679620434,-7.753545040717458
path,-10.58430414443768,-7.751562521199315
path,-10.584822094436014,-7.7495806294236615
path,-10.585336545133188,-7.747597363222163
path,-10.585857717430136,-7.745615881734282
path,-10.586372387832787,-7.74366002120173
path,-10.586886955729108,-7.741704143661863
path,-10.587397840459738,-7.73974827813208
path,-10.587915779729917,-7.737793058579947
path,-10.588434256393608,-7.735838060603304
path,-10.588948240385454,-7.733900657838886
path,-10.58946821063223,-7.731966525802439
path,-10.589997525366766,-7.730040272656174
path,-10.590521350135026,-7.728105735967106
path,-10.591036631618156,-7.7261640310426
path,-10.59152848911409,-7.7242272951380135
path,-10.59200582092374,-7.722278458156822
path,-10.592472363968424,-7.720320859420624
path,-10.592925965454207,-7.718353671759083
path,-10.59337072219533,-7.716377858132146
path,-10.593789827976725,-7.714226891217646
path,-10.594254112730074,-7.71191100904181
path,-10.59477773929655,-7.709449952026793
path,-10.595325826337456,-7.706946054755816
path,-10.595875225458862,-7.70444213762714
path,-10.596419742900316,-7.701948019255863
path,-10.596969324097499,-7.699453190859074
path,-10.59752104088893,-7.696958962830544
path,-10.598072485862167,-7.6944631944660316
path,-10.598625092987376,-7.691967290967442
path,-10.599192849144151,-7.689388963729987
path,-10.599770995004581,-7.68679071399764
path,-10.600350873772571,-7.6841926134252985
path,-10.600929570725969,-7.681593127766605
path,-10.601510043348606,-7.678993232974199
path,-10.60211661969682,-7.676294646241973
path,-10.602739888302057,-7.673559928454565
path,-10.603361159820418,-7.670827337201167
path,-10.603964967346656,-7.668088808619765
path,-10.604570903265348,-7.665355858782519
path,-10.605195019985315,-7.662554595512841
path,-10.605849139506994,-7.659753987574061
path,-10.60652985615566,-7.656966505576694
path,-10.607193677787425,-7.654169231604038
path,-10.607864796407911,-7.651374903022463
path,-10.608513547587467,-7.64865100707476
path,-10.60916618863429,-7.645937114576225
path,-10.60981658016156,-7.643220971946874
path,-10.610445135387238,-7.640495243024459
path,-10.611097253159443,-7.637779799109427
path,-10.611774582050474,-7.634982364080501
path,-10.61243872420052,-7.63215817615539
path,-10.613140540470667,-7.6293527982878935
path,-10.61381046079377,-7.6265294175537495
path,-10.614505374086285,-7.623718156543348
path,-10.615185598871532,-7.620839622079971
path,-10.615890918134044,-7.6179664320886955
path,-10.616597054922321,-7.615092616687284
path,-10.617289467475455,-7.612210367683953
path,-10.617996643741531,-7.609334918005568
path,-10.618702022731698,-7.606392326920424
path,-10.61942772885931,-7.603453259057064
path,-10.620137006842715,-7.6005043025569865
path,-10.620850790717864,-7.5975565799919895
path,-10.621589896489088,-7.594621385546348
path,-10.6224562445044,-7.59140559067759
path,-10.623421711406877,-7.587775587102571
path,-10.624418529913816,-7.583918954316575
path,-10.625444576660868,-7.579835084906658
path,-10.626496242933067,-7.5755215669649845
path,-10.6278037444112,-7.570979184127561
path,-10.6292864826456,-7.566199133638355
path,-10.63061949239504,-7.56100494341247
path,-10.631898321352725,-7.555503993612102
path,-10.633188638538403,-7.549769226422385
path,-10.634642291915014,-7.543786301729327
path,-10.636020748872465,-7.537357095866831
path,-10.63731959089287,-7.530588914492794
path,-10.638640568692868,-7.52357559209071
path,-10.640061334016002,-7.51636752817052
path,-10.641649910195175,-7.508891571195004
path,-10.643223998937346,-7.501128581052107
path,-10.644816479200175,-7.493117439318829
path,-10.64651818416709,-7.484923153577608
path,-10.648328625580557,-7.476545363777129
path,-10.650245448161982,-7.467985225490886
path,-10.652310559669226,-7.45923362036628
path,-10.654517884061628,-7.450331840063783
path,-10.656919203070228,-7.44147265227143
path,-10.659435891023957,-7.43269928403115
path,-10.662008531576788,-7.42394939428219
path,-10.664630019990758,-7.415214661890753
path,-10.66729891024494,-7.406493253013811
path,-10.670012831670716,-7.397782434623466
path,-10.672766907099154,-7.389075001763571
path,-10.675675386717574,-7.380794034383215
path,-10.678513114756898,-7.372773624484956
path,-10.681366827412745,-7.364830620811546
path,-10.684207660992191,-7.357196560255724
path,-10.686917462580167,-7.349959627812509
path,-10.689671964527424,-7.3434208275825545
path,-10.692211507094981,-7.3376100656349434
path,-10.694603106937155,-7.3322797941872295
path,-10.696886456230573,-7.327348060348249
path,-10.69913594472923,-7.322652902034888
path,-10.701243360457225,-7.318513108974298
path,-10.70318090225427,-7.3147634203708956
path,-10.705019383001353,-7.311364214422873
path,-10.706854354253412,-7.308161691446865
path,-10.708656961939985,-7.305138615129529
path,-10.710619746777365,-7.301839847746462
path,-10.712716736545126,-7.298294604301273
path,-10.71484443400547,-7.2947445948464935
path,-10.716956781144132,-7.291267183543861
path,-10.719051961956929,-7.2878665848485165
path,-10.721276663724899,-7.284266019332574
path,-10.723537017393737,-7.2806468100363375
path,-10.725950350128766,-7.275025831438468
path,-10.728359211567424,-7.267876869623599
path,-10.730609849514323,-7.260458931357325
path,-10.732723440024168,-7.253173985356181
path,-10.734706681049415,-7.245995290191043
path,-10.736563820511485,-7.238666745528337
path,-10.738361438903885,-7.2312676948549885
path,-10.7401031863375,-7.223800069750649
path,-10.741699161611578,-7.216669161688705
path,-10.743059687530167,-7.209857227634934
path,-10.744166436048928,-7.202748916333771
path,-10.745207538794114,-7.19559963635354
path,-10.74609164116123,-7.188464843612812
path,-10.746807841695743,-7.181783562006494
path,-10.747206147024439,-7.175247362036259
path,-10.747426689446279,-7.1687442963266195
path,-10.74747888452232,-7.162284956179108
path,-10.747344147257811,-7.155904718586511
path,-10.747684539734903,-7.149797232309534
path,-10.748521357309869,-7.143864093034135
path,-10.74964518317837,-7.137830508834586
path,-10.750862894459509,-7.131833225996657
path,-10.752007872276982,-7.125887360102645
path,-10.753104149768387,-7.1200534955069505
path,-10.754127498653592,-7.114326827345744
path,-10.755046739370627,-7.108677428472007
path,-10.75591275049283,-7.103085358398957
path,-10.756791633843784,-7.097518924486329
path,-10.757623386926296,-7.092013430085807
path,-10.75843775874098,-7.086563300446033
path,-10.759236639151641,-7.081148786989944
path,-10.760017501686598,-7.075777554141819
path,-10.760784772767877,-7.070450585952556
path,-10.761502490903883,-7.065150558239227
path,-10.76221218503403,-7.0599163327795535
path,-10.762886803519764,-7.054737937607016
path,-10.763535193225069,-7.04961986646148
path,-10.76417940117951,-7.044593427815184
path,-10.765145456934428,-7.039352754254741
path,-10.766277525032859,-7.034043390421177
path,-10.767439413507493,-7.028788936116489
path,-10.76862065246862,-7.023583232747877
path,-10.769790499781584,-7.018400443637272
path,-10.77108262663481,-7.012457378874197
path,-10.772542397866074,-7.005432407641477
path,-10.77427234576153,-6.997705909960966
path,-10.776002421129451,-6.9898039767314675
path,-10.777739669514446,-6.981759410004253
path,-10.779522112150296,-6.973486957520525
path,-10.781301296907712,-6.965041504307413
path,-10.78307669777254,-6.956451841500182
path,-10.784880090239605,-6.9477167588528275
path,-10.786706805468453,-6.938838042955766
path,-10.788559271477851,-6.930443285955891
path,-10.790127588190458,-6.922850133722247
path,-10.791515357563442,-6.915618908966664
path,-10.792651856640385,-6.908549141414973
path,-10.793794929661027,-6.901506053630982
path,-10.794930335543164,-6.894894507133097
path,-10.796049378596441,-6.888929481035205
path,-10.79696564155884,-6.883195886749589
path,-10.797785251896201,-6.877513920678031
path,-10.798544086264437,-6.871913235034302
path,-10.799466899337517,-6.865704011633978
path,-10.80049831302903,-6.859187452955985
path,-10.801518890746804,-6.852637376286652
path,-10.802517596236884,-6.846075396676244
path,-10.80349682144292,-6.83951003159427
path,-10.804384042739695,-6.833031165625487
path,-10.805201710710616,-6.826669289668697
path,-10.80601197391767,-6.820379775633087
path,-10.80674299123092,-6.814207771174616
path,-10.807478311277977,-6.808084927786143
path,-10.808310775602438,-6.802494244080238
path,-10.808990217013381,-6.79718326332659
path,-10.80960749154389,-6.791992085759697
path,-10.810208600665225,-6.786858291721015
path,-10.810769797543113,-6.781798008231134
path,-10.811304457873842,-6.776926506444479
path,-10.81184123535676,-6.772190094654853
path,-10.812332716909843,-6.7675257937929665
path,-10.81281832860972,-6.762913595081067
path,-10.813285896670706,-6.758344029463813
path,-10.81375728098529,-6.753825167234215
path,-10.814198513158557,-6.749362496522933
path,-10.814651712073504,-6.744934596438945
path,-10.815068467574923,-6.740546840615072
path,-10.815497042252973,-6.736182338216466
path,-10.815923135703997,-6.731881106194941
path,-10.816329638079276,-6.727641803531796
path,-10.81672171994136,-6.723453377311682
path,-10.817095363806663,-6.7193023966226
path,-10.817463154299803,-6.715182235220526
path,-10.817827824182652,-6.711125869860964
path,-10.818183218150693,-6.707128830364619
path,-10.818531448002702,-6.703164323067646
path,-10.818886999030319,-6.699210816796113
path,-10.819251459879018,-6.695257145676213
path,-10.819628703541854,-6.691430841049095
path,-10.820000973603312,-6.687692804362561
path,-10.820359693241274,-6.68398364426934
path,-10.820699786378889,-6.680281180447901
path,-10.821026218713484,-6.676590709737878
path,-10.82141097667158,-6.672619256311114
path,-10.821793867744345,-6.668545842168803
path,-10.822168226497705,-6.6644168898391465
path,-10.822517596935613,-6.6602495394029155
path,-10.822870580916884,-6.656038841698953
path,-10.823232791661935,-6.651848507448588
path,-10.82362452576012,-6.6477072879377035
path,-10.824031758172218,-6.643583811917802
path,-10.824471473604042,-6.639487228633021
path,-10.824910939740805,-6.635419112824399
path,-10.825297290427628,-6.631529588069743
path,-10.825662665343303,-6.627744668621621
path,-10.826038820190988,-6.623993636612507
path,-10.826422295695917,-6.620271199155213
path,-10.826799259028556,-6.616574399073651
path,-10.827150375587873,-6.6129522488937615
path,-10.827514973187311,-6.609372897512336
path,-10.827879274962605,-6.605833130685734
path,-10.828232029015092,-6.602322571559561
path,-10.828569397232918,-6.598840778382537
path,-10.828875047568587,-6.595282237622792
path,-10.829167887448914,-6.591649671508645
path,-10.829451296105667,-6.587949936284808
path,-10.829760174641885,-6.584192551094864
path,-10.830067056019027,-6.580426726458983
path,-10.830376088936845,-6.576688527496806
path,-10.830672690539116,-6.5729884148107285
path,-10.830955324193576,-6.569324350719893
path,-10.831226741221029,-6.565681552431128
path,-10.831496304535095,-6.562045702750626
path,-10.831764964883842,-6.558447789187117
path,-10.832024857048834,-6.554886684517546
path,-10.832272045854237,-6.551366338793807
path,-10.83251545821473,-6.547874539084386
path,-10.832752827164779,-6.544399048411231
path,-10.83298639507586,-6.5409614916351675
path,-10.833204358470958,-6.537583966363657
path,-10.83341572907672,-6.534243233646151
path,-10.83362163828152,-6.530940082661583
path,-10.833831080682328,-6.527660285073382
path,-10.83402521828789,-6.524422642078312
path,-10.834223142133684,-6.521220055850111
path,-10.834414482787095,-6.518055314776546
path,-10.83460240635875,-6.514910150260124
path,-10.834790937374194,-6.511772356250594
path,-10.834998723885288,-6.508220002003184
path,-10.835209925300214,-6.50452008227259
path,-10.835426813597634,-6.500729848204076
path,-10.83565378321956,-6.4969012447740635
path,-10.835875635914032,-6.493074901788674
path,-10.836071972135764,-6.48928777298305
path,-10.836264194648614,-6.485558409119048
path,-10.83645296211962,-6.481858637896815
path,-10.83664239051971,-6.478175404303073
path,-10.836830078172614,-6.47451200690967
path,-10.836988985503558,-6.470894646814274
path,-10.837151293094445,-6.467340066031412
path,-10.837297917499964,-6.463824240768264
path,-10.837447164411055,-6.4603175600044604
path,-10.837587502762164,-6.456825521669808
path,-10.837708826874437,-6.4534017167360815
path,-10.837834927142339,-6.4500346769803025
path,-10.837950763911556,-6.446709874927154
path,-10.838071940216974,-6.443403751615954
path,-10.838191033703387,-6.440114690009503
path,-10.838273734693539,-6.436889351505781
path,-10.838348133169882,-6.433768659201739
path,-10.838429482183951,-6.430701155652632
path,-10.838517394208242,-6.427680605854645
path,-10.838607034980859,-6.424685766903345
path,-10.83868669243064,-6.421741095391018
path,-10.838769494286385,-6.41883384495564
path,-10.838847178470203,-6.415953422237559
path,-10.838924892668762,-6.413085909286327
path,-10.839003396261662,-6.410221630996814
path,-10.839065971746615,-6.407401553608283
path,-10.839130687756418,-6.404610772807377
path,-10.839196301497,-6.4018448452105705
path,-10.839260447565277,-6.399088268914951
path,-10.839325278342075,-6.396331246264533
path,-10.839377098753113,-6.3936113339399405
path,-10.839428753793694,-6.3909175120982225
path,-10.839481859524863,-6.388238858506878
path,-10.839534881624592,-6.38555964689494
path,-10.839584494917707,-6.382881678612711
path,-10.839640022066007,-6.379880349957882
path,-10.83969891601653,-6.376762756740259
path,-10.8397559897818,-6.373588069502841
path,-10.839809458877367,-6.370380267073617
path,-10.839866845970283,-6.367161950738489
path,-10.839906673633335,-6.363970381013486
path,-10.83994063440315,-6.360796680395073
path,-10.839975227780117,-6.35763140304558
path,-10.84001049266625,-6.354468640590452
path,-10.840051462589429,-6.351305744847205
path,-10.840069464331608,-6.348191506859178
path,-10.840082678032118,-6.345117282527698
path,-10.840100796478986,-6.342070065007631
path,-10.840125338642592,-6.339023457754624
path,-10.840147161928522,-6.33599009983005
path,-10.840150130710995,-6.333007172736382
path,-10.84014695873873,-6.330066638387238
path,-10.840148569724763,-6.327147637874059
path,-10.840160426179047,-6.324234964528056
path,-10.8401726397911,-6.32132760321425
path,-10.840165031281288,-6.318464482801727
path,-10.840162595355416,-6.315619812849502
path,-10.84016077808936,-6.312791827134741
path,-10.8401645448668,-6.3099659978283
path,-10.840166005885306,-6.307144651722299
path,-10.840157017547153,-6.304048776665441
path,-10.840140585815575,-6.300847188827653
path,-10.840110475479094,-6.297591061682767
path,-10.84008074384458,-6.29428319539209
path,-10.8400710481373,-6.2909459764316225
path,-10.840042609116766,-6.287661307704851
path,-10.840011648496997,-6.284408440481088
path,-10.839993002013253,-6.281167013856581
path,-10.839973918305589,-6.277932244050023
path,-10.839953570534758,-6.274701782406936
path,-10.839913462878627,-6.271520672156709
path,-10.839878591496309,-6.268373248921746
path,-10.839845637804023,-6.265237554135822
path,-10.839812077256642,-6.262110895267901
path,-10.839778501162131,-6.258987724610359
path,-10.839722061330356,-6.25592574857955
path,-10.83966927251807,-6.2529029717861615
path,-10.83962559541939,-6.249895061080998
path,-10.839582610412748,-6.246894838479558
path,-10.839538575602026,-6.243898573696445
path,-10.839463021912463,-6.240979097728724
path,-10.839386901554207,-6.238135438262514
path,-10.83932362407527,-6.23532972465109
path,-10.839268580406323,-6.232537309479418
path,-10.839214632881156,-6.229753963819224
path,-10.839145271391372,-6.22702200798258
path,-10.839084374565797,-6.224315552001753
path,-10.839025543313463,-6.221618766495413
path,-10.838967703299875,-6.21892744258975
path,-10.83890856490981,-6.216238201286014
path,-10.838838301471872,-6.213578421365066
path,-10.838771600243058,-6.210937115518734
path,-10.838706984824245,-6.208304774790086
path,-10.838641295879903,-6.205674922421975
path,-10.838574253175324,-6.2030466519636285
path,-10.838493952241453,-6.200455500887488
path,-10.838422094355465,-6.1978857382871295
path,-10.838350388250138,-6.195322090720537
path,-10.838277523316433,-6.192760344564011
path,-10.838203288308263,-6.190199920109639
path,-10.838087126785018,-6.187281840942027
path,-10.837973943061721,-6.184187170750336
path,-10.837864042548148,-6.181036066980534
path,-10.837759514463121,-6.177877347708296
path,-10.8376543270041,-6.174720591056486
path,-10.837536828467721,-6.171607617197881
path,-10.837422758506754,-6.168521909351932
path,-10.837311894584412,-6.165445945208875
path,-10.837199568556828,-6.162372923336429
path,-10.837083540534698,-6.159299805026918
path,-10.836952906797297,-6.156288494077484
path,-10.83682945361395,-6.153312719901044
path,-10.836710624726564,-6.150350376557866
path,-10.836589305409968,-6.147391149339157
path,-10.836467571779822,-6.1444335877918395
path,-10.836330653525795,-6.141533194082659
path,-10.836200059989567,-6.138678491302809
path,-10.836075118988896,-6.135839623200963
path,-10.835966399817451,-6.133083450803075
path,-10.835868932084693,-6.130737625164456
path,-10.835751411404836,-6.1284837569244495
path,-10.835666147363135,-6.126186401418847
path,-10.835570891629054,-6.123887051725238
path,-10.835464334400692,-6.121592743886411
path,-10.835345072906192,-6.119310483425351
path,-10.835237388600268,-6.11683144963756
path,-10.835153940228302,-6.114212963973973
path,-10.83506845567403,-6.111548695471911
path,-10.834969411502486,-6.108892966804694
path,-10.834859347645905,-6.106240991156738
path,-10.834757597165625,-6.103677621851374
path,-10.834644379719537,-6.101132721776542
path,-10.834518631904768,-6.098594474072278
path,-10.834383688980928,-6.0960599634318315
path,-10.834234706557549,-6.093533160544863
path,-10.83409061372313,-6.091090627377432
path,-10.83393791602003,-6.088620111105888
path,-10.833788601780824,-6.086102274404501
path,-10.833631832305398,-6.083574183899287
path,-10.833448799791045,-6.081062005094954
path,-10.833254370702534,-6.078614648080898
path,-10.83303309702487,-6.076187235397914
path,-10.832799039186998,-6.0737639663311676
path,-10.832555601587861,-6.0713447033476164
path,-10.832296304795143,-6.068935243669022
path,-10.832063406663556,-6.066574900532081
path,-10.831812515557624,-6.064235148446346
path,-10.83156550627079,-6.0618927732233505
path,-10.831311332728037,-6.059554740090672
path,-10.83105789694444,-6.0572140920337585
path,-10.83081585124396,-6.054946032828974
path,-10.83058109782511,-6.052676601729735
path,-10.8303386360733,-6.050411140535044
path,-10.83009086545226,-6.048148637362205
path,-10.829838779959331,-6.045888804778948
path,-10.82958852412393,-6.0436713973027105
path,-10.829338399112057,-6.041457816246645
path,-10.829091737234371,-6.039241842381927
path,-10.828847689007937,-6.0370243694603705
path,-10.828612838478357,-6.034768745632512
path,-10.82835958906566,-6.032610859766841
path,-10.828106892648053,-6.030458247618733
path,-10.827847509140733,-6.028309537770082
path,-10.827583890253397,-6.026164712388574
path,-10.827324158303421,-6.024014074521571
path,-10.827124712745459,-6.021562229760498
path,-10.826976248185057,-6.018919821424074
path,-10.826858991621515,-6.016141561255928
path,-10.826766072797843,-6.013214696014604
path,-10.826688658865866,-6.010177440522216
path,-10.82659935005656,-6.007152457720459
path,-10.826492861244697,-6.004144578430071
path,-10.826373097984483,-6.0011463804296765
path,-10.826234952003093,-5.9981593187163575
path,-10.826094301367798,-5.995177218018821
path,-10.82593326436929,-5.992292015913509
path,-10.825761117665742,-5.98941046472982
path,-10.825561790991111,-5.986539459318863
path,-10.825365421632064,-5.98365198542026
path,-10.82516984960373,-5.980754844608921
path,-10.82497006360065,-5.9779859098086
path,-10.824767778300659,-5.975223154525838
path,-10.824564621417498,-5.972462045375417
path,-10.824357083305232,-5.969702440799918
path,-10.824149826616322,-5.966942109385802
path,-10.823951056257071,-5.964298507749613
path,-10.823756995288909,-5.961666548751825
path,-10.823558006845877,-5.959034739341438
path,-10.823264335437269,-5.9561719874592605
path,-10.822951928639634,-5.953236374144114
path,-10.822621252784955,-5.950429362485929
path,-10.82229585491198,-5.9477253343932786
path,-10.82198414700174,-5.945084917472714
path,-10.821698834493953,-5.942495176323921
path,-10.821429883407335,-5.939939737253546
path,-10.821169726930853,-5.937429478108329
path,-10.820909434178674,-5.9349519262421
path,-10.820650061596817,-5.932481476811961
path,-10.8203910584961,-5.930017178368582
path,-10.820130100618128,-5.927552948027447
path,-10.819874316786702,-5.925127933734289
path,-10.819616162881445,-5.92273057338709
path,-10.819356263696339,-5.920334224174949
path,-10.81909500987499,-5.917939027085649
path,-10.818831312437057,-5.915543254657882
path,-10.818568335403118,-5.913180885468032
path,-10.818307490705681,-5.910851600695589
path,-10.818046450059812,-5.908526431649602
path,-10.817783050163438,-5.906200250644417
path,-10.817518407960225,-5.903875200676963
path,-10.817225275499245,-5.90125503408397
path,-10.816906373715549,-5.898401929888236
path,-10.816570732733926,-5.895524062152894
path,-10.816232109369878,-5.892645808154156
path,-10.815890587138165,-5.889767974404306
path,-10.81554363603573,-5.88693055538949
path,-10.815198827467281,-5.884137089842521
path,-10.814861308740628,-5.881362056063375
path,-10.814522019840638,-5.878588778319827
path,-10.814179930955438,-5.875815702118917
path,-10.81383480369561,-5.873081318632624
path,-10.813491336237306,-5.8703877386737675
path,-10.813153969151085,-5.867710775794443
path,-10.812814084873116,-5.865033778615541
path,-10.812471942068436,-5.862357378750926
path,-10.812126015289635,-5.859711267170875
path,-10.811784548471216,-5.857096597318579
path,-10.811444177160244,-5.854488569439836
path,-10.811101719527276,-5.851880862753368
path,-10.810756974876691,-5.849273741726528
path,-10.810409132621153,-5.846701327091332
path,-10.810063907076373,-5.844160578427654
path,-10.809723015770341,-5.841632669877191
path,-10.809380465846342,-5.839106031829889
path,-10.809035984613232,-5.836580066982865
path,-10.80868599852867,-5.834028324133686
path,-10.80833352719421,-5.831476594879461
path,-10.807978804926277,-5.828923937408689
path,-10.807620747821447,-5.826359903262568
path,-10.807260621150848,-5.823796213413562
path,-10.80689613268378,-5.821260700806941
path,-10.806537644026816,-5.818748785026949
path,-10.806179230982988,-5.816241215363032
path,-10.805818876959556,-5.813734049732071
path,-10.805456522716522,-5.811227158786877
path,-10.805089289299605,-5.808749484622885
path,-10.804726798200512,-5.80629766403263
path,-10.80436819934206,-5.803856966469958
path,-10.804007819295792,-5.8014167656666
path,-10.803645538313251,-5.798976805652394
path,-10.803278007745716,-5.796562816968492
path,-10.802914921954939,-5.794171880281958
path,-10.802555949148655,-5.79179224289383
path,-10.802195382505651,-5.789413237519475
path,-10.801833012592521,-5.787034464826371
path,-10.801441346661248,-5.784385481325481
path,-10.80101155267288,-5.781593983190765
path,-10.800579182079092,-5.77880270699326
path,-10.800144247845909,-5.776011667978996
path,-10.79970675802355,-5.773220872388855
path,-10.79926716084216,-5.770463172151425
path,-10.798820986606499,-5.767736078837106
path,-10.798377764663918,-5.765018961736683
path,-10.797937063217685,-5.762311069894058
path,-10.797498549916469,-5.759611862201078
path,-10.797057520726485,-5.7569484835429385
path,-10.79661286089461,-5.754307129032586
path,-10.796169089247163,-5.751643897369924
path,-10.795734068009363,-5.74890565530518
path,-10.795299635440065,-5.7461644043222515
path,-10.794874195327147,-5.743481578129225
path,-10.794448891574786,-5.740807120450216
path,-10.794023011947514,-5.738132815428743
path,-10.793596548894765,-5.735458653608163
path,-10.793169500943492,-5.732784631605754
path,-10.792763208664308,-5.729766538731825
path,-10.792252738789502,-5.726547355940688
path,-10.791683375935259,-5.723186536333558
path,-10.791126606430495,-5.719742522017815
path,-10.790570014024418,-5.716294174502816
path,-10.790037308326355,-5.712944175598621
path,-10.789497699738876,-5.709615467750309
path,-10.78895720324644,-5.706286979876237
path,-10.788415813922164,-5.7029587073745915
path,-10.787873528086614,-5.699630646016805
path,-10.787362569022902,-5.696437203861931
path,-10.786845231701282,-5.693273046519963
path,-10.786327177146804,-5.690109183673183
path,-10.785808291857887,-5.686945492067382
path,-10.785288574682484,-5.683781970222964
path,-10.78479564926608,-5.6807652216117726
path,-10.784302778141246,-5.677777000388487
path,-10.783809376052522,-5.674789160166175
path,-10.783315245362083,-5.671801484732734
path,-10.782820383770401,-5.668813971722421
path,-10.782341928311329,-5.665913688912912
path,-10.78186221396379,-5.663026352002837
path,-10.781381810281008,-5.660139160231223
path,-10.780900715888103,-5.6572521123007995
path,-10.780418929535202,-5.654365207054309
path,-10.779930166316252,-5.6514432341095455
path,-10.779440890808296,-5.648520236434334
path,-10.778950902365477,-5.645597382021868
path,-10.778460200104579,-5.642674670171746
path,-10.77796878321419,-5.639752100270788
path,-10.777490408699824,-5.636904523957041
path,-10.777011648088475,-5.63406641205702
path,-10.776532225238189,-5.631228448622652
path,-10.776052138286662,-5.628390631813777
path,-10.775571385538486,-5.625552959984455
path,-10.775106164449172,-5.622802812021928
path,-10.774640779396139,-5.620063762573986
path,-10.774174772126262,-5.617324847057303
path,-10.77370814134192,-5.614586064259504
path,-10.77324088585958,-5.611847413101025
path,-10.772789998966276,-5.609201436338033
path,-10.77233927995246,-5.606566810824332
path,-10.771887977464841,-5.603932301899266
path,-10.77143609097692,-5.601297909217358
path,-10.770983620003552,-5.598663632481793
path,-10.770488564632448,-5.595707128736179
path,-10.769881422945721,-5.592541940298641
path,-10.769270578240405,-5.5892429817283205
path,-10.76867597332438,-5.585868585618226
path,-10.76806735081783,-5.582572016542241
path,-10.767481182644103,-5.579389053242599
path,-10.766895287444267,-5.57622977126737
path,-10.76630842151081,-5.573070718950638
path,-10.765720581092525,-5.569911887856753
path,-10.765131762786112,-5.566753270410449
path,-10.764568959576492,-5.56376571376267
path,-10.763982433086728,-5.5609848254313565
path,-10.763445052624752,-5.558271768165992
path,-10.762956587512122,-5.555626964498619
path,-10.762516944887203,-5.553050808419557
path,-10.762102960183325,-5.55058409410613
path,-10.761707053621164,-5.54821064210356
path,-10.761324566258963,-5.545867003811603
path,-10.760942540977267,-5.543527383859791
path,-10.76055668883519,-5.541191035644407
path,-10.760178276392942,-5.538946664831747
path,-10.759810284070442,-5.536728358234012
path,-10.759433014736853,-5.5345096101336155
path,-10.759055440021418,-5.532292510463588
path,-10.758679470270204,-5.530078830136395
path,-10.758301889336666,-5.527911264967169
path,-10.757926878753489,-5.525750872496036
path,-10.757553357323612,-5.523594678817658
path,-10.757170032487355,-5.521435898869621
path,-10.756792401179787,-5.519282084709661
path,-10.75641359613646,-5.517178583173732
path,-10.756041890481498,-5.515084034129746
path,-10.755661991726162,-5.512989757175459
path,-10.755281331832943,-5.510898486816856
path,-10.754898562211888,-5.508809883015938
path,-10.754524525556509,-5.506773744356417
path,-10.75414930110898,-5.504747068348228
path,-10.753771506970345,-5.5027200701015735
path,-10.753394922424121,-5.500693283624634
path,-10.753013849456,-5.4986722202129235
path,-10.752638303865417,-5.496686942519354
path,-10.752263040276087,-5.494711321579227
path,-10.75188424298679,-5.492738445001822
path,-10.751502528829198,-5.4907668963388145
path,-10.751121327775222,-5.488795886893693
path,-10.750601911835176,-5.486427268564853
path,-10.75009071737507,-5.4838352929441525
path,-10.749581114787294,-5.481245678596559
path,-10.7490674464461,-5.478657827638823
path,-10.748546975547036,-5.476073233589389
path,-10.748033483119288,-5.473533967648316
path,-10.747517794678464,-5.471000883031478
path,-10.746998622522407,-5.468471509904665
path,-10.746476717553472,-5.465944708086728
path,-10.745951751879005,-5.463420924626306
path,-10.745431698656034,-5.46098383151058
path,-10.744924744955306,-5.458572858084793
path,-10.74441496288363,-5.456166117658059
path,-10.743897982671465,-5.453760362828019
path,-10.743381743123484,-5.451348781545443
path,-10.742866505200158,-5.448985573124165
path,-10.742339818164771,-5.446602069577511
path,-10.741807728543252,-5.444212709322692
path,-10.741272583011302,-5.4418279229021
path,-10.740737734617769,-5.439446430313377
path,-10.74020181997297,-5.437296608067727
path,-10.73968598081948,-5.435270736483588
path,-10.739227298279747,-5.433324131389089
path,-10.738798257688996,-5.431471874871603
path,-10.738393343027285,-5.429698501799268
path,-10.738001071323929,-5.427969529820613
path,-10.737607387331979,-5.426243934871495
path,-10.737211673815379,-5.424520686684296
path,-10.736814741425937,-5.42279873687773
path,-10.736416293924187,-5.42107823786256
path,-10.736021274159787,-5.419383201531384
path,-10.735624857517184,-5.4176905227489325
path,-10.735227822962365,-5.416000062005771
path,-10.734828536059261,-5.414312024571199
path,-10.734428860689626,-5.412625959704493
path,-10.734033466459431,-5.410960777258899
path,-10.733635820755387,-5.4092987345233485
path,-10.733228453173641,-5.407637431884258
path,-10.732823783772302,-5.405976028159528
path,-10.7324172352074,-5.404316440179045
path,-10.731934865696783,-5.402475176679774
path,-10.731476452306948,-5.4006052199311165
path,-10.731017765196114,-5.398733778017829
path,-10.73054713878942,-5.396866201331343
path,-10.730081614747425,-5.394998726425335
path,-10.729619137141823,-5.393174996092354
path,-10.72915816851386,-5.391355906579966
path,-10.728696156562966,-5.389537600958999
path,-10.728232777217888,-5.387720966984097
path,-10.727768013713783,-5.385905968914077
path,-10.72730554232523,-5.384119944841228
path,-10.72684207587944,-5.382334128135659
path,-10.726377709239092,-5.380551873042593
path,-10.725913284043822,-5.378768670245571
path,-10.725447552923958,-5.376987152935519
path,-10.724986368694697,-5.375237495456661
path,-10.724523485184555,-5.373488251186951
path,-10.724058249982066,-5.371743746964661
path,-10.723591691666822,-5.370000802580076
path,-10.723123427023491,-5.368259530725646
path,-10.722662801147788,-5.366544138271293
path,-10.722199064219732,-5.364832212453685
path,-10.721733778002324,-5.3631229436886
path,-10.72126691712532,-5.361415272130863
path,-10.72079576365859,-5.359708934819311
path,-10.720337129825403,-5.358032755164177
path,-10.71987127956845,-5.356357045092265
path,-10.719407516956165,-5.35468358827471
path,-10.718941794443937,-5.353012203783546
path,-10.718474584646593,-5.3513425457702555
path,-10.718009963416185,-5.3496894383011195
path,-10.71754608792384,-5.348039408718117
path,-10.717079997609854,-5.346391481832226
path,-10.716611554073987,-5.344745174725285
path,-10.716143880248413,-5.3430992881312775
path,-10.715681552857953,-5.3414796473942
path,-10.715217345584666,-5.339862196173052
path,-10.714751603578556,-5.3382463747057045
path,-10.714283828975265,-5.336633029678573
path,-10.7138159506339,-5.335018867775916
path,-10.713351971076914,-5.333420724923688
path,-10.712882771790596,-5.331825044753433
path,-10.712415870094949,-5.330230497989919
path,-10.711944934285295,-5.328638033716245
path,-10.711475753154579,-5.327046122286796
path,-10.710841704096708,-5.325049821385665
path,-10.710174162713544,-5.322806431910303
path,-10.709500620383812,-5.320566655962632
path,-10.708825923515027,-5.318328120822255
path,-10.708146200788674,-5.316093184420709
path,-10.707481144356592,-5.313899621170228
path,-10.706810914715632,-5.311715410952895
path,-10.706139978683925,-5.309531297477917
path,-10.705464363030034,-5.3073525495185825
path,-10.704788171156025,-5.305174501938414
path,-10.704126011884437,-5.303052984540703
path,-10.703462513608313,-5.300945040216463
path,-10.7027969367547,-5.298840711810641
path,-10.702130764063018,-5.296738773480751
path,-10.70146006140432,-5.2946398127658005
path,-10.700804553649258,-5.292584917919632
path,-10.700144967760084,-5.29053900094784
path,-10.69948429953127,-5.288494681864945
path,-10.698821860080798,-5.286452581810983
path,-10.698155750232969,-5.284413846910335
path,-10.69751365159018,-5.282504908866143
path,-10.69692606115918,-5.280677609792393
path,-10.696327034174319,-5.2788652896444885
path,-10.695727382210958,-5.277054677061619
path,-10.695126498357737,-5.27524565961453
path,-10.694538101134548,-5.273484488069927
path,-10.693950637703379,-5.2717239285457165
path,-10.693360315081128,-5.269967863365489
path,-10.692767924722135,-5.26821409561776
path,-10.692173199011172,-5.266462451097852
path,-10.691587913446208,-5.2647300507665
path,-10.690997573828497,-5.2630047810996015
path,-10.69040515059912,-5.261279980122151
path,-10.689811476823325,-5.2595567341991245
path,-10.68920298131793,-5.2578204630401455
path,-10.6885956562964,-5.256122694731289
path,-10.687987589521784,-5.25442618848234
path,-10.687375379977574,-5.252732772297217
path,-10.686762132459616,-5.2510407005506625
path,-10.686145887359215,-5.249348833195808
path,-10.685539413078057,-5.2476832932943225
path,-10.684931699421961,-5.246019884814472
path,-10.684322745901527,-5.24435940793817
path,-10.683712896966552,-5.24269920444151
path,-10.683098809976421,-5.241042724809423
path,-10.682495236998527,-5.23941113200445
path,-10.681889208724447,-5.237782591514378
path,-10.681280562739945,-5.236156369405974
path,-10.680672104550682,-5.23453288192018
path,-10.68006245224437,-5.23290954858434
path,-10.679460066154137,-5.231309878569383
path,-10.67885607863541,-5.229711364213562
path,-10.678246919113432,-5.228115324172644
path,-10.677638603924096,-5.226520867786778
path,-10.67702772542871,-5.2249263292142425
path,-10.67641718186733,-5.223334939345382
path,-10.675805453846754,-5.221743527678356
path,-10.675192683163166,-5.220155252283317
path,-10.674579107808372,-5.218566951834387
path,-10.673961305213815,-5.216982916700879
path,-10.673340610811755,-5.215399237662366
path,-10.672721312099393,-5.213816942855382
path,-10.672098503992412,-5.212237470379746
path,-10.671476851836475,-5.210658170171786
path,-10.67085194601553,-5.2090818903269716
path,-10.67022784025636,-5.207505679745934
path,-10.669576427855523,-5.205870110837411
path,-10.668921060540344,-5.204227668065042
path,-10.668264822779845,-5.20258602758293
path,-10.667606794523168,-5.20094593266828
path,-10.666945584194442,-5.1993094516189915
path,-10.66628357534663,-5.197671089424493
path,-10.665622219098196,-5.196034436587173
path,-10.66495746478949,-5.194403656992181
path,-10.664293717243527,-5.192770683330981
path,-10.663626873192502,-5.191143593390519
path,-10.662960464376605,-5.1895145155893365
path,-10.662290475101344,-5.187891720168393
path,-10.661618758227075,-5.186271159778689
path,-10.660943410886551,-5.184652034799476
path,-10.660268451259839,-5.183034605281659
path,-10.659592374365372,-5.1814188882173
path,-10.658924159857696,-5.179816709834916
path,-10.658260896685729,-5.178239872026435
path,-10.657556625488048,-5.176578415215651
path,-10.656784881459366,-5.174756232297195
path,-10.656033218980006,-5.172980106069886
path,-10.655280986022174,-5.171220806815548
path,-10.654527571281209,-5.169462948581626
path,-10.65377171684032,-5.167706869250341
path,-10.653039457827019,-5.166000831273714
path,-10.65230730968833,-5.164305986565896
path,-10.651572677561806,-5.162614294503012
path,-10.650834932892272,-5.160925422446557
path,-10.650096225092696,-5.159237501015822
path,-10.649365852133498,-5.157575915218114
path,-10.648636142801037,-5.15591751963849
path,-10.647905323878978,-5.154260534826168
path,-10.647173027658349,-5.152606080005068
path,-10.646438556474367,-5.150954341880005
path,-10.645714588728524,-5.149328093015239
path,-10.644987285650602,-5.147707738448997
path,-10.644259079926837,-5.146089090563561
path,-10.643530686976046,-5.144472230290426
path,-10.642801903709604,-5.1428571819358835
path,-10.642078003332404,-5.1412611142297
path,-10.641353525636903,-5.13966675633334
path,-10.640625724746844,-5.138075631169263
path,-10.639895644224467,-5.13648503873191
path,-10.639165505130414,-5.134896175293135
path,-10.638399453791425,-5.133243572676971
path,-10.637634816495549,-5.131587574569838
path,-10.636868971193945,-5.1299334782728225
path,-10.63610082964864,-5.128282483484279
path,-10.635327851172546,-5.126634917065831
path,-10.634569828956879,-5.125014621599362
path,-10.633811372986726,-5.123399030925043
path,-10.633052438979133,-5.121785457936053
path,-10.632291668123598,-5.120174095026917
path,-10.6315266277077,-5.118567947970819
path,-10.630770657863454,-5.116974199888405
path,-10.630011269462825,-5.115384770967352
path,-10.629251809573166,-5.1137978147052605
path,-10.628491787084233,-5.112212935869554
path,-10.627729622355705,-5.110630976858165
path,-10.626975762750051,-5.109071992848275
path,-10.626219856305106,-5.107516226147163
path,-10.625463913225765,-5.105962153892504
path,-10.624707441135701,-5.1044109892278104
path,-10.623949669945464,-5.1028617546520865
path,-10.6232153264069,-5.101367650379119
path,-10.622482257862554,-5.099884644344349
path,-10.621750729586504,-5.098402169120573
path,-10.621018003498584,-5.096921406566184
path,-10.620282878288213,-5.095444176910488
path,-10.619551874665143,-5.093978881037819
path,-10.618818930714838,-5.092516194167731
path,-10.61808745363619,-5.091055130778535
path,-10.617355039806652,-5.089595472902226
path,-10.616619692123344,-5.088139865569307
path,-10.615891597864344,-5.086699997038764
path,-10.615162047658385,-5.0852631708198075
path,-10.614432570206716,-5.083827940891889
path,-10.61370282962915,-5.082394434783355
path,-10.612971289675006,-5.080963146426722
path,-10.612241206372714,-5.079545528250798
path,-10.611511282341969,-5.07812830144673
path,-10.610781424035586,-5.076712277126104
path,-10.610051328023385,-5.075297961564559
path,-10.609319456653687,-5.073885852646005
path,-10.60858885511593,-5.0724870372282025
path,-10.607858434728298,-5.071088383495947
path,-10.607128107315463,-5.06969089846223
path,-10.606397568701405,-5.068295088316845
path,-10.605664281016992,-5.0669031488155944
path,-10.604938498468956,-5.065526773275127
path,-10.604211355666514,-5.064152988810454
path,-10.603484376591732,-5.062780637494727
path,-10.602757233216344,-5.0614098687673215
path,-10.60202733931356,-5.060043094206384
path,-10.601301744763594,-5.058686991216868
path,-10.600574449996202,-5.057332522105226
path,-10.599848698570664,-5.05597959940125
path,-10.599122320520195,-5.054627378775481
path,-10.59839301676434,-5.053279819649615
path,-10.597666872514754,-5.051939745914874
path,-10.596939273087445,-5.050600270187065
path,-10.596213664504118,-5.049261171217153
path,-10.595486412339815,-5.047925108734003
path,-10.59475557014566,-5.046594741543813
path,-10.594029774884142,-5.0452687188672956
path,-10.593304699433041,-5.043946513834728
path,-10.592579646469943,-5.042625403543907
path,-10.591852067064849,-5.041308596219739
path,-10.591120718101841,-5.039994615264156
path,-10.590229310004801,-5.038432836567793
path,-10.589319463930977,-5.036798698643171
path,-10.588407489064169,-5.035169070209029
path,-10.587486534224572,-5.0335411482650745
path,-10.586564233339658,-5.031896298889839
path,-10.585643027977724,-5.0302612120624
path,-10.584714187156727,-5.028620416102185
path,-10.583783001136432,-5.026971921216144
path,-10.582849734178147,-5.02531868406809
path,-10.581913256755843,-5.023666919540409
path,-10.580992577281458,-5.022047104629884
path,-10.580067834869956,-5.020429479488634
path,-10.57914471986341,-5.018813550635824
path,-10.57822067607266,-5.017199886300572
path,-10.577292539801714,-5.015593281189159
path,-10.576376685101351,-5.01399953196415
path,-10.575461004660067,-5.012412473320268
path,-10.574543739255285,-5.010827773925013
path,-10.573620496662526,-5.009250790807254
path,-10.572697797127862,-5.007670002902142
path,-10.571787578434778,-5.006112629055221
path,-10.570875623023797,-5.004556806780511
path,-10.56995795467483,-5.003006126264176
path,-10.569042525107927,-5.001452128785972
path,-10.568127843898194,-4.999899107054063
path,-10.567248304339026,-4.998417652623128
path,-10.566373517911076,-4.9969411255853275
path,-10.56549832449824,-4.99546776314693
path,-10.564619367812377,-4.9940014245743205
path,-10.563737723790833,-4.992530732154158
path,-10.562867194356677,-4.991075523976177
path,-10.56199439534784,-4.989623451413936
path,-10.56111776992245,-4.988175609832884
path,-10.560240889669043,-4.986723834174796
path,-10.559366261811286,-4.985272855394998
path,-10.558498307250677,-4.983841575030339
path,-10.557624987927529,-4.9824156188069955
path,-10.556753287765723,-4.9809871730041095
path,-10.55588254252915,-4.979559582781753
path,-10.55500820589786,-4.978137851693899
path,-10.554138456407625,-4.976727076567156
path,-10.553308986400642,-4.975488094153259
path,-10.552538900953463,-4.974318203652291
path,-10.551821107048864,-4.973142906614997
path,-10.551155392984576,-4.971961970337168
path,-10.550516402491427,-4.970686236034018
path,-10.549801899936794,-4.969504829743207
path,-10.54907215406746,-4.968345529915513
path,-10.548341578569701,-4.967186914582335
path,-10.547610174336002,-4.966028986676406
path,-10.54681330479298,-4.964770998909698
path,-10.546014107327169,-4.963510388064996
path,-10.545213929043049,-4.962250606416309
path,-10.544412770631093,-4.960991655797919
path,-10.543610632779895,-4.959733537913448
path,-10.542814696871554,-4.958487606304379
path,-10.542017879729935,-4.9572424890437325
path,-10.541220102651664,-4.955998195119996
path,-10.540421365448735,-4.954754723890285
path,-10.539621668710609,-4.953512076317031
path,-10.538828340785207,-4.952281695170577
path,-10.53803413050871,-4.951052121086884
path,-10.537238979371256,-4.949823357707508
path,-10.536442887903874,-4.9485954056226555
path,-10.535645856614895,-4.947368265351188
path,-10.53485356580556,-4.946150701191566
path,-10.53406037936456,-4.944933937755582
path,-10.533266267618105,-4.943717975711814
path,-10.53247123101951,-4.9425028153562724
path,-10.531675269800864,-4.94128845640906
path,-10.53088523093338,-4.940085393183399
path,-10.530094336957744,-4.938883115315472
path,-10.529302535272635,-4.937681626124978
path,-10.528509826296236,-4.936480925729206
path,-10.527716210433288,-4.935281014220083
path,-10.526923328748211,-4.934084365451244
path,-10.526129545173745,-4.932888503514542
path,-10.525334859588583,-4.931693427352288
path,-10.524539272353568,-4.930499136977808
path,-10.523742783821314,-4.929305632389161
path,-10.522955028035069,-4.928122439609164
path,-10.522163520159413,-4.926940957472498
path,-10.521371148288305,-4.925760244725529
path,-10.520577910769273,-4.924580301548571
path,-10.519783806133457,-4.9234011280933085
path,-10.51899425074184,-4.922230776739907
path,-10.518203857622632,-4.921061185255504
path,-10.5174126057854,-4.919892353302647
path,-10.516620494344982,-4.9187242809426035
path,-10.515827522525795,-4.917556968218822
path,-10.515040234568673,-4.916400070503235
path,-10.514252131362367,-4.915243918859015
path,-10.513463180087843,-4.914088514381861
path,-10.512673380330003,-4.912933857058325
path,-10.51188273173766,-4.911779946864102
path,-10.51109763099845,-4.910636131926723
path,-10.510311720718533,-4.909493051694001
path,-10.50952497445994,-4.908350706418697
path,-10.508737392084605,-4.907209096042058
path,-10.507948973491196,-4.9060682204988275
path,-10.507166024512735,-4.904937209463454
path,-10.506382273508668,-4.903806921846608
path,-10.505597699389243,-4.9026773571351905
path,-10.504812302177424,-4.901548515243658
path,-10.504026081916864,-4.900420396082664
path,-10.503245205554949,-4.8993018452497035
path,-10.502463534367097,-4.898184006993487
path,-10.501681053137847,-4.897066879902954
path,-10.500897761980712,-4.8959504638775
path,-10.5001136610206,-4.894834758814363
path,-10.49933585725999,-4.893729884538586
path,-10.498557283296554,-4.892625708160172
path,-10.497777914412284,-4.8915222296153225
path,-10.496997750779546,-4.890419448794341
path,-10.4962167925758,-4.889317365586521
path,-10.495439636656895,-4.88822245010379
path,-10.494661697172711,-4.887128226726785
path,-10.493882972983318,-4.886034692455765
path,-10.493103464278235,-4.884941847178506
path,-10.492323171249977,-4.883849690782221
path,-10.491547658482611,-4.882765991721631
path,-10.490771374509698,-4.881682975019202
path,-10.489994317928314,-4.880600637088645
path,-10.489216488935794,-4.879518977817367
path,-10.488437887731198,-4.878437997092504
path,-10.487665127389935,-4.877366860102806
path,-10.486891615191082,-4.876296392992526
path,-10.486119760562364,-4.875225509082365
path,-10.485344578972443,-4.874156359784474
path,-10.4845686240956,-4.87308792526847
path,-10.483797104203743,-4.8720272664868745
path,-10.483024852564082,-4.870967265651033
path,-10.48225186651557,-4.869907919702675
path,-10.481478145004687,-4.868849228753657
path,-10.48070368709827,-4.867791192895876
path,-10.47993447888309,-4.866741972302259
path,-10.47916454590556,-4.865693400496726
path,-10.478393885826248,-4.864645473854682
path,-10.477622498084141,-4.863598192406779
path,-10.476850382190941,-4.862551556171241
path,-10.476082299334045,-4.861512004473186
path,-10.47531349790109,-4.860473092957142
path,-10.474543976234326,-4.8594348187115814
path,-10.473773734069498,-4.858397181716891
path,-10.473002771186255,-4.857360181945753
path,-10.472235703493197,-4.856330013544305
path,-10.471467924689437,-4.8553004774837625
path,-10.470699433360851,-4.854271570924126
path,-10.469930229421136,-4.853243293815127
path,-10.46916031281048,-4.852215646101745
path,-10.468430891237201,-4.851234466182462
path,-10.467697879706744,-4.850259135829761
path,-10.466964235231178,-4.849284371404879
path,-10.466229956807025,-4.848310173050899
path,-10.465495043542425,-4.847336540889874
path,-10.464764292923086,-4.846369818205162
path,-10.464032915690115,-4.845403657389033
path,-10.463300909884005,-4.844438055640652
path,-10.462568274959162,-4.8434730130168955
path,-10.461835010437447,-4.84250852956162
path,-10.46110486290422,-4.841549523005095
path,-10.460374092504916,-4.840591072197019
path,-10.459642697883092,-4.839633174919527
path,-10.458910678769357,-4.838675831176287
path,-10.458178034935045,-4.837719040962917
path,-10.457446956261661,-4.836765658015971
path,-10.456715256868383,-4.835812826562039
path,-10.455982936018694,-4.8348605452808515
path,-10.455257008556227,-4.8339061110587656
path,-10.454639806157887,-4.8329195861633485
path,-10.454150650999857,-4.831907807126357
path,-10.453785612809172,-4.830864445761013
path,-10.453529732712397,-4.8297862370287294
path,-10.453082388777888,-4.82861523866323
path,-10.452641218182409,-4.827383994752289
path,-10.452113825649505,-4.825993222948297
path,-10.451473228162184,-4.8245088765963455
path,-10.450944318897953,-4.822966089341382
path,-10.45041516696653,-4.821346884170874
path,-10.449882367262884,-4.819657578798155
path,-10.449428876004049,-4.817911909434248
path,-10.448975218850117,-4.81609818515517
path,-10.4485614835987,-4.814215363735593
path,-10.448156574866298,-4.812298751062546
path,-10.447749237334916,-4.810379271810175
path,-10.447366621283496,-4.808424959709617
path,-10.44699648745206,-4.8064831796624645
path,-10.446560865726404,-4.804632065015921
path,-10.446158250713248,-4.802750799633059
path,-10.445778722380268,-4.800798574883925
path,-10.445410381841198,-4.798937485981344
path,-10.444977711844714,-4.797168881141526
path,-10.444589374229404,-4.795376781503265
path,-10.444180881335784,-4.793560257378302
path,-10.443804049716261,-4.791715794740515
path,-10.443434804742601,-4.7898859644850065
path,-10.443027785656248,-4.788123345665345
path,-10.44264551981752,-4.786301348025655
path,-10.442307754213973,-4.784393875016216
path,-10.442000831699632,-4.7824483565192315
path,-10.441743202971306,-4.7805851016519565
path,-10.441499415717962,-4.778758427487471
path,-10.441262202877251,-4.7769511224063885
path,-10.441030252315564,-4.775156701402638
path,-10.44075516214678,-4.773368098003563
path,-10.440403668121983,-4.771552417558935
path,-10.439968940348807,-4.76971221309442
path,-10.439461096675018,-4.767839318325321
path,-10.438887234528316,-4.765937388652139
path,-10.438300043639291,-4.764030369519767
path,-10.43772206969756,-4.762160906163937
path,-10.43714707207573,-4.760298915400241
path,-10.436571434848387,-4.7584375541702775
path,-10.435995157879708,-4.756576823317662
path,-10.435418239481866,-4.754716722028089
path,-10.434842179550472,-4.752902256561183
path,-10.434250449048017,-4.751137757103319
path,-10.433672569391684,-4.749343177359281
path,-10.43310428697984,-4.747521011966107
path,-10.432535387513772,-4.745699478190196
path,-10.431970725705439,-4.743894497983732
path,-10.43140577394653,-4.742090730594916
path,-10.430840215115554,-4.7402875779901175
path,-10.430274050352185,-4.738485039932056
path,-10.42970727920205,-4.736683114714505
path,-10.429146971969653,-4.734905547562879
path,-10.42858709734559,-4.733130495780557
path,-10.428026633558465,-4.731356036768987
path,-10.42746558063904,-4.72958216971355
path,-10.42690393864755,-4.727808893904551
path,-10.426163998971738,-4.725926367073119
path,-10.425407258148295,-4.7239704947475865
path,-10.424670810398155,-4.721955983347809
path,-10.423954743987382,-4.7198825789923475
path,-10.423258924969836,-4.717750652763638
path,-10.422580432050754,-4.7156339744063205
path,-10.421905188337808,-4.7135257828533765
path,-10.421229104142986,-4.711418422863555
path,-10.420552180270478,-4.709311894684152
path,-10.419874417434395,-4.707206198513507
path,-10.419208052112173,-4.705145483817093
path,-10.418498430991416,-4.703140974926293
path,-10.417787399109182,-4.701144595746147
path,-10.417075734334539,-4.699148682463195
path,-10.416363436060113,-4.697153236639009
path,-10.41566260964127,-4.695201098559403
path,-10.414967940643479,-4.6932593049444025
path,-10.41427267107469,-4.691317958415244
path,-10.41357680089886,-4.6893770603319425
path,-10.412880330112676,-4.687436611971504
path,-10.412190433471622,-4.685517854964191
path,-10.41150092590502,-4.683600968076231
path,-10.410810831825666,-4.681684523617423
path,-10.410120151350622,-4.679768522604639
path,-10.40942888457683,-4.677852965979801
path,-10.408747106861924,-4.675969190240497
path,-10.408067418241561,-4.674089717602692
path,-10.407387165100442,-4.672210675496401
path,-10.40670634757617,-4.670332064675949
path,-10.406024965832383,-4.668453885873866
path,-10.405364308697148,-4.6666648645131446
path,-10.404730464437769,-4.664922925815741
path,-10.40409753949302,-4.663183402994415
path,-10.403464129732168,-4.661444252596578
path,-10.40283023656785,-4.659705475954905
path,-10.402205440613974,-4.657996078743896
path,-10.401582333978357,-4.656290175883294
path,-10.400958761717499,-4.654584634187564
path,-10.400334115238353,-4.652874307656903
path,-10.399694778548,-4.651105005040663
path,-10.399040589072396,-4.649337986409129
path,-10.398386955007934,-4.647572818180789
path,-10.39773359216916,-4.645810058589114
path,-10.397080502453118,-4.644048187602538
path,-10.39642709878162,-4.642286681438316
path,-10.395774146484628,-4.640534223551138
path,-10.395123016388757,-4.638785461270346
path,-10.3944733260053,-4.637037062342517
path,-10.393823466139166,-4.635290663620578
path,-10.393173463293845,-4.633544772919629
path,-10.392524672858649,-4.631814756383296
path,-10.391879869523098,-4.63008874091573
path,-10.391236503144441,-4.6283660826429065
path,-10.390593541612487,-4.626644380299973
path,-10.38995096100335,-4.624922132876821
path,-10.389269495465157,-4.623035017853598
path,-10.38856073143661,-4.620969774825093
path,-10.38780037560094,-4.618808781189917
path,-10.386997946831471,-4.616564606261453
path,-10.386152026158676,-4.614251140982887
path,-10.385278326015511,-4.611936517580842
path,-10.384398671612155,-4.609619367898405
path,-10.38351604957714,-4.607300731299118
path,-10.382631465378875,-4.604980295195774
path,-10.381742308682966,-4.6026677627074575
path,-10.380854818827146,-4.600380512122921
path,-10.37997258790069,-4.59810471941955
path,-10.379093906648926,-4.595832911340282
path,-10.37821666045654,-4.593563288551666
path,-10.377339584741069,-4.5912947867463245
path,-10.376466752411151,-4.589067838128036
path,-10.375603969527369,-4.586854575527864
path,-10.374746154609044,-4.584646445572952
path,-10.373890383086467,-4.5824409685272
path,-10.37303558214757,-4.580237244941464
path,-10.372186344115159,-4.578078620890409
path,-10.371347935106723,-4.5759352763532775
path,-10.370514356415768,-4.573794772551495
path,-10.369682897176013,-4.57165846971082
path,-10.368851998898581,-4.5695224173727444
path,-10.368025591375394,-4.567426714302086
path,-10.367208795781679,-4.565344193630326
path,-10.36639663021742,-4.5632663898727825
path,-10.36558667333756,-4.561191293092001
path,-10.364777945353998,-4.559118083471845
path,-10.36397830538028,-4.557095158724114
path,-10.363189221718272,-4.555092719668269
path,-10.36240643232345,-4.553097433216175
path,-10.361626787527745,-4.551105568587534
path,-10.360848477089402,-4.549115610074164
path,-10.360072696292741,-4.547151868783004
path,-10.35930335942682,-4.54519666609499
path,-10.358537356771478,-4.543246083302205
path,-10.35777361252579,-4.541298156608285
path,-10.35701048816627,-4.5393525774474535
path,-10.356250042504687,-4.5374360129873335
path,-10.355496610061724,-4.535527892416521
path,-10.354746947410005,-4.533623652862872
path,-10.353999052638846,-4.531721611102076
path,-10.353252200122034,-4.529821240772352
path,-10.352508299999316,-4.52794685199069
path,-10.351769863065007,-4.526080156946047
path,-10.351035037818901,-4.524218239385132
path,-10.350302063948705,-4.522359629159153
path,-10.34957094963324,-4.520502425505819
path,-10.34884236079921,-4.518658774178116
path,-10.348115408531811,-4.516819668863466
path,-10.347388009376184,-4.514980515311743
path,-10.346660541261858,-4.513142322319266
path,-10.345932512006037,-4.511304346544547
path,-10.345203799729806,-4.509482617213942
path,-10.344477731328258,-4.5076663010503415
path,-10.343754251222531,-4.505853989475231
path,-10.343032266538533,-4.504042755502423
path,-10.342311257173659,-4.502234225341815
path,-10.341571988064107,-4.500344629816629
path,-10.340810302557239,-4.498397210305585
path,-10.340028082363649,-4.496420449783882
path,-10.339234184420436,-4.494430224397899
path,-10.33843351597241,-4.492434165933958
path,-10.337631245363474,-4.490453985009698
path,-10.336832250006749,-4.488480544934778
path,-10.33603535775531,-4.4865095271612
path,-10.335240629165053,-4.48454021539527
path,-10.334446878515667,-4.482573469913329
path,-10.33365544752086,-4.480632388620417
path,-10.332869512246722,-4.478700799000324
path,-10.332087419770343,-4.47677332119464
path,-10.331307468412641,-4.4748490472270515
path,-10.330528669695244,-4.472929199780885
path,-10.32975089192437,-4.4710204220737415
path,-10.328976933726018,-4.469116763430845
path,-10.328205279300125,-4.467215087014811
path,-10.327434821961571,-4.465316386063288
path,-10.326665670099313,-4.4634180025728485
path,-10.325897118346253,-4.461539837053099
path,-10.325132950860805,-4.459669196358782
path,-10.324371342228702,-4.4578015439629555
path,-10.323612731801227,-4.455936544858567
path,-10.322853639811138,-4.454074335085871
path,-10.322080143117796,-4.452234377929066
path,-10.321293749081857,-4.450399931140561
path,-10.320492760205978,-4.448566567644677
path,-10.319673223306332,-4.446735546558863
path,-10.318834188038855,-4.444901743778598
path,-10.317988596228906,-4.443092365946764
path,-10.31713733839068,-4.441312506164946
path,-10.31626941569205,-4.439559488904986
path,-10.315435484905947,-4.437799994801684
path,-10.314603802468442,-4.436045499563631
path,-10.313776144411172,-4.4343096935852255
path,-10.312953724594536,-4.432577904162465
path,-10.312132541188435,-4.430850688301759
path,-10.311305322216647,-4.4291270986878235
path,-10.310482624414007,-4.427397551453966
path,-10.309662850156359,-4.425683153143589
path,-10.308842509611294,-4.423977483683081
path,-10.308028420441518,-4.422269507242516
path,-10.307213570588328,-4.4205625753003766
path,-10.30639235229757,-4.4188585696969
path,-10.30557965972594,-4.41715985207616
path,-10.304769625600784,-4.415465551832651
path,-10.303954325882062,-4.413776592331976
path,-10.303142985687845,-4.412082044810147
path,-10.30232610425601,-4.410390743440498
path,-10.301519366898832,-4.40871066697003
path,-10.300709653860848,-4.407031005233892
path,-10.299904943084327,-4.405338808375851
path,-10.299095653003045,-4.403628518230974
path,-10.298283407047453,-4.401915229928848
path,-10.297427044873135,-4.40008097378954
path,-10.296523942970023,-4.398153739366932
path,-10.295590348145788,-4.396168808895134
path,-10.2946352116291,-4.394163953554844
path,-10.293672803103146,-4.392144088040605
path,-10.292708763743397,-4.390138646235977
path,-10.291750023579747,-4.388140293448811
path,-10.290790459184267,-4.386140298726982
path,-10.289829846994978,-4.384141102839563
path,-10.288868651849894,-4.382139509319187
path,-10.287911057147097,-4.380163932484597
path,-10.286962216394905,-4.378197404860278
path,-10.286013155995096,-4.37623271796651
path,-10.285064021934906,-4.374266422353655
path,-10.284113221988843,-4.372297465855976
path,-10.283169940426907,-4.370363373127757
path,-10.28223914469899,-4.368444350155255
path,-10.281306562744586,-4.366523616784014
path,-10.280371184580222,-4.364604167486289
path,-10.279437485383378,-4.362682570479972
path,-10.27850416449946,-4.360776987768496
path,-10.277574739297284,-4.358871770639136
path,-10.276643868058157,-4.35696742100228
path,-10.275711155327269,-4.355062857065684
path,-10.274776674611436,-4.353156598805777
path,-10.273850321786687,-4.35127483990858
path,-10.272928457588888,-4.349400406908028
path,-10.27200508330773,-4.347524442058582
path,-10.271080125870203,-4.345648612569486
path,-10.270154326642581,-4.3437725180273965
path,-10.269238057111385,-4.341923298312739
path,-10.268326451276415,-4.340081094968879
path,-10.267415018403906,-4.338239889398395
path,-10.26650384493286,-4.336399514127922
path,-10.265592878289258,-4.334561215026752
path,-10.26468363294996,-4.332732469644099
path,-10.263776654542015,-4.3309074329300845
path,-10.262870777692518,-4.329084245297626
path,-10.261965360623028,-4.3272623159080075
path,-10.261060634275506,-4.325442667435673
path,-10.260160487445777,-4.323643869383775
path,-10.259264981586067,-4.3218504336264605
path,-10.258371323917727,-4.320059350409375
path,-10.257479128647024,-4.318270356646695
path,-10.256588382784692,-4.316482925718616
path,-10.255701828718317,-4.314714134144106
path,-10.25481923362972,-4.312952070259035
path,-10.253939174123799,-4.311192861591206
path,-10.253060652779574,-4.309435848510255
path,-10.252183288415836,-4.307680354220112
path,-10.251308022742842,-4.305939345160469
path,-10.25043623774394,-4.304202986936578
path,-10.249566730151182,-4.3024694063034135
path,-10.248698711254535,-4.300737942333046
path,-10.247832225800384,-4.29900783680531
path,-10.246967095243193,-4.297287904405853
path,-10.246104325742378,-4.2955726088907475
path,-10.245243529345773,-4.29385985472829
path,-10.244384334333509,-4.292148502353085
path,-10.243525692883251,-4.29043873968282
path,-10.24266836662526,-4.288738692757583
path,-10.241813277759404,-4.287042621575136
path,-10.24095996500589,-4.285348903753441
path,-10.240108187515203,-4.283657007738481
path,-10.239257730989829,-4.281967272867264
path,-10.238386631908483,-4.280189424057143
path,-10.237491809597065,-4.278367023171941
path,-10.236580891266897,-4.276519340389689
path,-10.23565682744737,-4.274656477096637
path,-10.234721777483404,-4.272781533347457
path,-10.233779255650765,-4.270912101387117
path,-10.232832034560401,-4.2690435690631405
path,-10.231883335226549,-4.267172813562773
path,-10.230933828922149,-4.265303234816493
path,-10.229983278706555,-4.263432502652332
path,-10.229035485101182,-4.2615807182765995
path,-10.228089847080609,-4.259738993723469
path,-10.227149028078479,-4.25789950877394
path,-10.226210129320313,-4.2560621807194154
path,-10.22527273425737,-4.254226204533903
path,-10.224338573372647,-4.252406697914432
path,-10.223407442528996,-4.2505943825951995
path,-10.222479693568483,-4.2487853704826914
path,-10.22155446514012,-4.246978480595232
path,-10.220630255278428,-4.245173509723269
path,-10.219707649919181,-4.243378760282396
path,-10.218787634745793,-4.241587874746495
path,-10.217869959638929,-4.239800471434822
path,-10.216953292711146,-4.23801368393642
path,-10.216037514220542,-4.236227766409698
path,-10.215092043486814,-4.234309457071125
path,-10.214098490352479,-4.232286297368486
path,-10.213072593084165,-4.230216899215777
path,-10.212020523698934,-4.228117784467833
path,-10.210955255794037,-4.225999337484809
path,-10.209880437929638,-4.22387671338424
path,-10.208796685170528,-4.221747636897087
path,-10.207704562395744,-4.219609301198995
path,-10.206605621606265,-4.217466097779942
path,-10.20550092866731,-4.215311199165499
path,-10.204396472437407,-4.213174976597268
path,-10.203287324974882,-4.211051552973047
path,-10.202178528018141,-4.208928306559879
path,-10.201070213286235,-4.20680741943537
path,-10.199961799725816,-4.204686964989263
path,-10.198861260601909,-4.202599202587141
path,-10.197766469623474,-4.2005257791283395
path,-10.196677525964693,-4.198459019260481
path,-10.195592653619302,-4.196396078649332
path,-10.194510549038602,-4.194336748621997
path,-10.193437052412119,-4.192308606435445
path,-10.192369995282347,-4.1902936660294365
path,-10.19130897403156,-4.188285435817251
path,-10.19025223443284,-4.18628096549198
path,-10.189198262670573,-4.184280412726662
path,-10.188147683285692,-4.182294691722207
path,-10.18710108787908,-4.180315878119927
path,-10.186057949247045,-4.178340474683325
path,-10.18501696506977,-4.176367148190926
path,-10.18397736411424,-4.174396289718418
path,-10.182944104547616,-4.1724447694676545
path,-10.181914225059675,-4.170509325485432
path,-10.180889824881971,-4.168578693449216
path,-10.17986917372309,-4.166652312118787
path,-10.178850310483332,-4.164727011862634
path,-10.177838788255439,-4.162823678965731
path,-10.176830870030868,-4.160934265616675
path,-10.175828597630877,-4.1590497935733755
path,-10.174829726163836,-4.157168616509329
path,-10.173833149032111,-4.155290204628044
path,-10.172841046578617,-4.153427283857227
path,-10.171852973651744,-4.151575275696442
path,-10.170869277543307,-4.149728087438836
path,-10.169887777568977,-4.1478820877702445
path,-10.168907714730096,-4.146038520506945
path,-10.167930151331104,-4.144204102806194
path,-10.166955233686023,-4.142376959037852
path,-10.165982332237997,-4.140550991294816
path,-10.165010710495762,-4.138727329418605
path,-10.164039368740847,-4.136904595719522
path,-10.16307367407714,-4.135096391075028
path,-10.162109940481345,-4.133300383190809
path,-10.161150747972663,-4.131508589235821
path,-10.16019415101944,-4.129721353962987
path,-10.159239944571528,-4.127934667689016
path,-10.158289536549333,-4.126157244111466
path,-10.157341232240828,-4.124385257296341
path,-10.156394811563327,-4.122615972465622
path,-10.15544114529884,-4.120842453949751
path,-10.154479476161393,-4.1190630234765635
path,-10.15351903369132,-4.117299626867143
path,-10.152551289885123,-4.115533909801583
path,-10.15157814219373,-4.1137660114508305
path,-10.150598876551156,-4.11199338805245
path,-10.149618807867489,-4.110220983226736
path,-10.148619331739928,-4.1083132331414465
path,-10.147584354287892,-4.106322119096259
path,-10.146513491881386,-4.104280921584373
path,-10.14541284741378,-4.102202209337222
path,-10.144283536230684,-4.1000904964505
path,-10.143129654620802,-4.097948804052155
path,-10.14194673224182,-4.095783372618716
path,-10.140740974276351,-4.093606750032576
path,-10.139523608720685,-4.091422273641315
path,-10.138301564275107,-4.089236463509813
path,-10.137094741607697,-4.087094037493229
path,-10.135897444410553,-4.084961839155683
path,-10.134703172680455,-4.0828335780351015
path,-10.13350954832204,-4.080706671315695
path,-10.132315783607323,-4.078580575102206
path,-10.131141534274551,-4.076501065642783
path,-10.129976154605806,-4.074433784647585
path,-10.128814110900631,-4.072369666324116
path,-10.127652938247179,-4.070307004409674
path,-10.126491674979391,-4.068245135454526
path,-10.125345600860257,-4.066225024887054
path,-10.12420946002506,-4.064214982798024
path,-10.123076631407722,-4.062208959148622
path,-10.121944409451487,-4.060204161020821
path,-10.12081226879352,-4.0582002293786275
path,-10.119684909675625,-4.056214474796336
path,-10.118563113819258,-4.054233938988006
path,-10.117443219330564,-4.052256422528644
path,-10.116326404149742,-4.050281807685422
path,-10.115211000224406,-4.0483098821443715
path,-10.114215710858073,-4.046526872089658
path,-10.113235621740507,-4.044801143009734
path,-10.112256804007771,-4.04307763219685
path,-10.111274307300214,-4.041351824298755
path,-10.110289145938758,-4.039625772897344
path,-10.109308241707767,-4.037922883123834
path,-10.108333267354165,-4.036227235638405
path,-10.10735964637047,-4.034534746978581
path,-10.10638574470217,-4.0328423603007595
path,-10.105411141043144,-4.031151675749181
path,-10.10443794853383,-4.029469861971811
path,-10.10346731800752,-4.027792072621646
path,-10.102497120638661,-4.0261156474886555
path,-10.101526583386109,-4.024438985251768
path,-10.100555578806512,-4.022763971477967
path,-10.099588049765364,-4.021103041554532
path,-10.098625472256218,-4.019447883856213
path,-10.097664478100686,-4.017794550547842
path,-10.096703964079987,-4.01614116389914
path,-10.095743550731108,-4.0144894870488725
path,-10.094788837221937,-4.012856341230394
path,-10.093841055809577,-4.011230230233464
path,-10.092895292526684,-4.009604638496017
path,-10.091951354406001,-4.007983924385391
path,-10.091009234620637,-4.006362093784468
path,-10.090070171722566,-4.004747618422369
path,-10.089135214051188,-4.003136883499191
path,-10.08820287794934,-4.001527559097699
path,-10.087272941253849,-3.9999181135055113
path,-10.086345532447082,-3.9983107243371894
path,-10.085391021617223,-3.996584785494495
path,-10.08442595200183,-3.9948030294038523
path,-10.08344137715323,-3.9929890015057796
path,-10.082440324040416,-3.991145224306319
path,-10.081433284971654,-3.9892781920820006
path,-10.080428992248473,-3.9874103287050664
path,-10.079429139646495,-3.9855277917906253
path,-10.078421381823167,-3.9836595119833866
path,-10.077463370200146,-3.9817717217359863
path,-10.076548325844925,-3.979885181257709
path,-10.075699252482913,-3.9780277969893927
path,-10.074944624576252,-3.9762165542676304
path,-10.074214715523482,-3.974490428769346
path,-10.073321284480732,-3.972880630641352
path,-10.072410207485795,-3.9712481615595503
path,-10.071636936128833,-3.9696314893174054
path,-10.070839642009403,-3.968065073903611
path,-10.069840154028908,-3.9665734015183425
path,-10.068769942724673,-3.9650207751209408
path,-10.067684570768392,-3.9634326950989363
path,-10.066615811178993,-3.9617984025104622
path,-10.065528140239682,-3.960135100501727
path,-10.06442798245138,-3.958434321606461
path,-10.063313689452016,-3.9567065103408923
path,-10.062188995933175,-3.9549561745568242
path,-10.061052975650432,-3.953195669036184
path,-10.059905631885828,-3.951418883529129
path,-10.0587463437642,-3.9496240511608764
path,-10.057572963952854,-3.9478172559393094
path,-10.056384882236348,-3.9459977398833477
path,-10.055190443776446,-3.9443577572329755
path,-10.053952497093254,-3.942949168939671
path,-10.052756173067806,-3.9416161754888273
path,-10.05161791157404,-3.940354515959858
path,-10.050531801808935,-3.939155969534915
path,-10.049511601052833,-3.938004046481164
path,-10.048549121536974,-3.9368933259225596
path,-10.04760882620247,-3.9358174950263316
path,-10.046671906642725,-3.9347458022507817
path,-10.045734241405034,-3.933680634764196
path,-10.044802097781622,-3.932619353335479
path,-10.043869704968591,-3.9315627976545757
path,-10.042937739293096,-3.930506994183567
path,-10.042004688513751,-3.9294514192739958
path,-10.041070249360443,-3.9283962742599705
path,-10.040139354955958,-3.9273454977123605
path,-10.039208843515633,-3.926297173036314
path,-10.03827767993857,-3.925249537873854
path,-10.037344344373825,-3.924201918557831
path,-10.036401127976397,-3.9231470650029885
path,-10.035372995543417,-3.9220345709105464
path,-10.034270934302626,-3.920846792601215
path,-10.033137423382088,-3.9196523984154465
path,-10.031979624371068,-3.918466314928637
path,-10.030814506784395,-3.9172825649095433
path,-10.029656724593266,-3.916107641613022
path,-10.028500147795642,-3.914935074219945
path,-10.027343662068699,-3.913763842710167
path,-10.026186868895657,-3.912591764154176
path,-10.025029753208004,-3.911422355706529
path,-10.023816482022122,-3.91020126684623
path,-10.022554175994783,-3.9089068024720155
path,-10.021267393074758,-3.907608966179618
path,-10.01997665541617,-3.906312340553127
path,-10.018685914366975,-3.9050172169898185
path,-10.01740309906844,-3.903729601338449
path,-10.016122821545514,-3.902447742509151
path,-10.014842281547566,-3.9011671335515072
path,-10.013561474514377,-3.8998877687190077
path,-10.01228045650791,-3.8986096097153946
path,-10.011009444476079,-3.897343134700108
path,-10.009740317156577,-3.8960777074692947
path,-10.008470781933152,-3.8948152130263365
path,-10.007200879289146,-3.893554266369134
path,-10.005930546012742,-3.892293722950561
path,-10.004665739409049,-3.891040170765186
path,-10.003401042547388,-3.889788117906829
path,-10.002136361298307,-3.888537480700758
path,-10.00087119944422,-3.8872878510050315
path,-9.999605985779699,-3.886037617103699
path,-9.998350616698303,-3.8848004215677285
path,-9.997107298133242,-3.8836139446914792
path,-9.995894156239915,-3.8825871204935143
path,-9.99474870181465,-3.8815836517767948
path,-9.993663853974668,-3.8806471287363324
path,-9.992627159506789,-3.8797772804233914
path,-9.991615693601567,-3.878959700426347
path,-9.990622989440798,-3.8781754307838874
path,-9.989645681869199,-3.877393132709599
path,-9.98866992703406,-3.8766080977965776
path,-9.987704860508034,-3.875836009452542
path,-9.986742832931581,-3.8750613701407906
path,-9.98578241388039,-3.8742903945533267
path,-9.984827451128822,-3.87352024880051
path,-9.983873868209884,-3.872754630559129
path,-9.982920522946818,-3.871987759333096
path,-9.98196549966306,-3.87122821238764
path,-9.981017458539792,-3.8704617167916413
path,-9.980074661415129,-3.869698289756936
path,-9.979130953920976,-3.868943521307545
path,-9.978190888218656,-3.8681868387858955
path,-9.977250552580808,-3.867435035804445
path,-9.976308883108016,-3.86667725559241
path,-9.975374286453887,-3.865922583253718
path,-9.974446114200601,-3.865165890816337
path,-9.973521256754305,-3.864415691751417
path,-9.972595044739316,-3.8636639657662166
path,-9.971672745375455,-3.862922336901186
path,-9.970747443661573,-3.8621728909640836
path,-9.96981452603974,-3.8614262342801933
path,-9.968887406860864,-3.8606848970939027
path,-9.967964281187614,-3.859943743581057
path,-9.967040663484527,-3.8591962176998393
path,-9.966116472032416,-3.8584564245931827
path,-9.965188864706162,-3.857717527335299
path,-9.96426024341037,-3.856980714900413
path,-9.9633306761225,-3.856244052179524
path,-9.962401998111707,-3.8555051827785216
path,-9.961471247037188,-3.854776110494084
path,-9.960538342405009,-3.854036161295356
path,-9.959606371884732,-3.853303982856078
path,-9.958672824739724,-3.8525733600749175
path,-9.957737726647453,-3.851840937448076
path,-9.956803653730548,-3.8511069338422783
path,-9.955867238922993,-3.8503755139422986
path,-9.954927457710584,-3.849648960457324
path,-9.953982978582001,-3.8489165575859707
path,-9.953042768200543,-3.8481907885521243
path,-9.952104890478354,-3.8474658536561157
path,-9.951167538860723,-3.846738945070033
path,-9.950220619383934,-3.846015790675559
path,-9.949277462753647,-3.8452919314930845
path,-9.948335998272755,-3.8445698254294
path,-9.94739894986054,-3.8438417952618003
path,-9.946455311875242,-3.843121307896989
path,-9.94551101113057,-3.8424013523263176
path,-9.94457418477812,-3.8416824814357344
path,-9.943630147622288,-3.8409651644338565
path,-9.942687158599558,-3.8402518621393997
path,-9.94174562335972,-3.8395360174731716
path,-9.940797999952059,-3.838817064043829
path,-9.939854219111457,-3.8381046209848844
path,-9.938904355580675,-3.8373959657477483
path,-9.937959587901608,-3.836680186141074
path,-9.937007484247752,-3.8359655335515925
path,-9.936055259714987,-3.8352563891900053
path,-9.935109401720474,-3.8345477171202336
path,-9.934157106774189,-3.8338401993107643
path,-9.933211187340579,-3.8331312757014553
path,-9.932257268533135,-3.832422028849071
path,-9.931181625384726,-3.8315992007559068
path,-9.930067388643252,-3.8307726725865585
path,-9.928944000371455,-3.829945613422313
path,-9.927819197014372,-3.8291277666250316
path,-9.926692832782274,-3.82830820777346
path,-9.925569590088683,-3.8274904272358072
path,-9.924446092249378,-3.826671923537459
path,-9.923318028387078,-3.8258559490714026
path,-9.922191367077454,-3.8250413071917833
path,-9.921059152916868,-3.824231918900422
path,-9.919927696631555,-3.823422789730271
path,-9.918798409124218,-3.822612893280753
path,-9.917668043822719,-3.8218050215569055
path,-9.916532463370308,-3.8209966542098215
path,-9.915394496865662,-3.820191160675396
path,-9.914263286319011,-3.819383520826189
path,-9.913126299621018,-3.8185776465731234
path,-9.911987691277846,-3.8177765999910394
path,-9.910850720763579,-3.8169749926023777
path,-9.909710814140025,-3.8161727915060593
path,-9.908568732641953,-3.8153718298452044
path,-9.907424169111614,-3.814572078163237
path,-9.906282962179642,-3.8137773499929573
path,-9.905138793891952,-3.812979209627912
path,-9.903993316215459,-3.8121894434100967
path,-9.90284726373537,-3.81139728250477
path,-9.90170313584329,-3.8106040372217667
path,-9.900555336400274,-3.8098119918998505
path,-9.899408285087418,-3.8090242084353134
path,-9.898258223348675,-3.808237998969314
path,-9.89710737033182,-3.8074579036402807
path,-9.895956498451287,-3.8066723782711764
path,-9.894805552950642,-3.8058909385949393
path,-9.893650477553779,-3.8051109959257228
path,-9.892498987301922,-3.804327560933273
path,-9.891349935477496,-3.8035546947741934
path,-9.890203134271859,-3.802779920590486
path,-9.88905455943338,-3.8020099259424103
path,-9.887906208130982,-3.801237965562837
path,-9.886755163310642,-3.8004682866354997
path,-9.885607223151574,-3.799700238071083
path,-9.884454462877986,-3.798934491817156
path,-9.883303818823832,-3.7981674745838854
path,-9.882147652502768,-3.7974026485690056
path,-9.880991750955573,-3.7966410530080887
path,-9.87983673034263,-3.7958777833676853
path,-9.878678998212935,-3.795116711499304
path,-9.877525862230968,-3.7943549734167834
path,-9.876368792209124,-3.793599456646312
path,-9.875211536946646,-3.792844112806123
path,-9.874054729178452,-3.792088600342399
path,-9.872895412795867,-3.7913334203082454
path,-9.871734626331548,-3.790584007131768
path,-9.870569271904168,-3.7898326589744205
path,-9.86939828109267,-3.78908185996567
path,-9.868230108031787,-3.788333352530063
path,-9.867065438926472,-3.7875826295494956
path,-9.865899632338925,-3.786833952090352
path,-9.864729743050615,-3.7860830971400508
path,-9.863559463509727,-3.7853389282468184
path,-9.862383478803931,-3.78459827123471
path,-9.861208308438867,-3.7838498843886152
path,-9.860037102218199,-3.7831061561685493
path,-9.858860827800852,-3.7823679258101857
path,-9.857683920673056,-3.781623938755047
path,-9.856507814185612,-3.780889676325818
path,-9.855332935230885,-3.780152674435216
path,-9.85416076559142,-3.779415914411565
path,-9.852985071629377,-3.7786822280328467
path,-9.851808261064619,-3.7779500414555103
path,-9.850624626102388,-3.7772179570192406
path,-9.849444784591546,-3.7764901359474714
path,-9.848259048720008,-3.775764329487366
path,-9.847080063566638,-3.7750308398316506
path,-9.845900030782468,-3.774301133417696
path,-9.84471962855494,-3.773571254071694
path,-9.843537442106802,-3.7728446812573884
path,-9.842351115688466,-3.7721196250899585
path,-9.841165033529624,-3.771395753622166
path,-9.839976907404763,-3.7706703377947597
path,-9.838785351689811,-3.769950558516974
path,-9.837596060529329,-3.769228483690994
path,-9.83640532158391,-3.7685082490504613
path,-9.835209567570425,-3.7677917368707714
path,-9.834009890279317,-3.7670774980872785
path,-9.832812413506032,-3.766362105811122
path,-9.831613400130735,-3.765648242481603
path,-9.830409799296541,-3.7649368218354144
path,-9.829208974961363,-3.764224965722082
path,-9.82800956154002,-3.763513954564154
path,-9.826810039042725,-3.7628015889871107
path,-9.825607321028231,-3.7620892822562673
path,-9.824403744334772,-3.7613787362717743
path,-9.823194494484293,-3.7606727355888583
path,-9.821988064622039,-3.759966421596353
path,-9.820871134206671,-3.759349399462797
path,-9.819836317939956,-3.7587419430299263
path,-9.818803277297787,-3.7581383353910853
path,-9.817771601777698,-3.7575351150408385
path,-9.816735511963627,-3.756938837743925
path,-9.81570031888152,-3.756338447617003
path,-9.81466598639802,-3.7557354358529684
path,-9.81362918720871,-3.755137594770089
path,-9.812587764682325,-3.754541931906603
path,-9.811544851599503,-3.7539472450967177
path,-9.810507910251136,-3.7533490142775614
path,-9.80946923242979,-3.752749720864581
path,-9.80842928358072,-3.7521545496960633
path,-9.807388953255872,-3.751560708290203
path,-9.806349798646513,-3.7509658810653965
path,-9.805307604678793,-3.750370466642409
path,-9.804266196466093,-3.7497749471749215
path,-9.803224882076748,-3.7491820258384
path,-9.802181309848127,-3.748590093836873
path,-9.801136211090476,-3.7479987465789937
path,-9.800089466774445,-3.7474061552333215
path,-9.799040263221938,-3.7468194531207835
path,-9.797987018897283,-3.7462346053525124
path,-9.796933511080303,-3.7456509813077528
path,-9.795880242698836,-3.745066287862065
path,-9.794822580127818,-3.7444851625039073
path,-9.793773841244708,-3.7439051789532747
path,-9.792736960178633,-3.7433072208281035
path,-9.791699231485218,-3.7427212893130557
path,-9.790667555182829,-3.742135070247705
path,-9.78939451158421,-3.7413401309401246
path,-9.787899818168931,-3.740462201827662
path,-9.786365050233648,-3.7395997188378485
path,-9.784830159331513,-3.7387375389189828
path,-9.783289421391766,-3.7378761671632263
path,-9.78174582572712,-3.7370174738652104
path,-9.780198969194409,-3.73614658422708
path,-9.778648288654948,-3.735292693423798
path,-9.777098816485474,-3.7344362631811028
path,-9.775550846340757,-3.733577706036111
path,-9.773994433861553,-3.732723522740866
path,-9.77243219561824,-3.731868459455279
path,-9.770871232245083,-3.731017669860792
path,-9.769308019114538,-3.7301697374009537
path,-9.767738469943083,-3.729322920430482
path,-9.766173221599741,-3.7284705461969736
path,-9.76460123683513,-3.7276249135488144
path,-9.763029131642936,-3.726777877167112
path,-9.761456001733114,-3.7259325793487026
path,-9.759875921470547,-3.7250961404264524
path,-9.758290086697604,-3.7242527792963376
path,-9.75670262507826,-3.7234141666893317
path,-9.755106960030812,-3.7225782103016622
path,-9.753516640420505,-3.721744752267941
path,-9.751923847117236,-3.720910252781903
path,-9.750323515769109,-3.720070390361932
path,-9.748717253022079,-3.719238270642222
path,-9.74710976453907,-3.7184080597206397
path,-9.745496891396693,-3.7175756114458034
path,-9.743885042743932,-3.7167500025632565
path,-9.74226727836132,-3.71592252781021
path,-9.740650255841684,-3.7150976948676435
path,-9.739032215356808,-3.71427243087687
path,-9.737412575123246,-3.7134504768017256
path,-9.735789056127095,-3.7126311764712043
path,-9.734281428867485,-3.7118601868050765
path,-9.732920451327777,-3.7112398023751143
path,-9.731647264838427,-3.7105937491669643
path,-9.730378999167014,-3.709957911477563
path,-9.729120254670201,-3.709319756319105
path,-9.727873012769022,-3.7086960328404777
path,-9.726637315174141,-3.7080688824186567
path,-9.7254043613267,-3.7074455746166017
path,-9.724170601769728,-3.706824265683276
path,-9.722939827472175,-3.7062046744302664
path,-9.721721302004651,-3.7055855589845774
path,-9.720499343769717,-3.704970574806891
path,-9.719280029422764,-3.7043552683024576
path,-9.71805620860905,-3.703739710708499
path,-9.716834070427764,-3.703127538871004
path,-9.71561770049688,-3.7025223524092987
path,-9.714401632296408,-3.70192001113136
path,-9.713189183081,-3.7013130853701246
path,-9.711971540392613,-3.700712999463599
path,-9.710757857302035,-3.7001084250241547
path,-9.709546797549692,-3.6995087950586476
path,-9.70833440764977,-3.698913360693755
path,-9.707118458318867,-3.6983204625684216
path,-9.705905972606029,-3.697722910567512
path,-9.70469182398524,-3.697127635732011
path,-9.703485134056807,-3.696542598080883
path,-9.702280149636554,-3.6959554913814587
path,-9.701075592641171,-3.6953690293822117
path,-9.69986960707555,-3.6947840856099328
path,-9.698661889086964,-3.6942032715235973
path,-9.697456793415217,-3.6936202209940374
path,-9.696247250367094,-3.693042793827383
path,-9.69503887082373,-3.692463339160987
path,-9.693830440002595,-3.691884903634211
path,-9.692619913158952,-3.6913084749298117
path,-9.691412824509397,-3.690738624948303
path,-9.690207261680671,-3.690167324149061
path,-9.689002637754347,-3.689596959845037
path,-9.687795904649116,-3.6890268388032617
path,-9.686586277839968,-3.688461009631706
path,-9.685385758695636,-3.687897288866281
path,-9.68418439781045,-3.687337899195757
path,-9.682983617314914,-3.686777353783462
path,-9.681783654182038,-3.6862177739645925
path,-9.680580355148175,-3.685659007980944
path,-9.679379205878119,-3.6851038754322123
path,-9.67817839829007,-3.6845495075296983
path,-9.676977235654705,-3.6839987503710137
path,-9.675777217163194,-3.6834471999996508
path,-9.674575296432199,-3.6828952182705295
path,-9.67338018896575,-3.6823508253550297
path,-9.672183811685438,-3.6818069475122375
path,-9.670988759656927,-3.6812639427620213
path,-9.669792609607473,-3.6807202257129723
path,-9.668596620710108,-3.6801795642504134
path,-9.667404934905662,-3.6796418705567753
path,-9.66621469262705,-3.6791087980218515
path,-9.665025519572529,-3.6785759704028296
path,-9.66383576441658,-3.678042001419434
path,-9.662644499074993,-3.6775125460913887
path,-9.661456558958939,-3.6769850423749917
path,-9.660272482692047,-3.6764579353906286
path,-9.659085555893537,-3.6759313226009533
path,-9.657898595695112,-3.6754086649127298
path,-9.656707520711706,-3.674884915013994
path,-9.655524991662224,-3.674364694978886
path,-9.654340973140323,-3.673847561780828
path,-9.653160357368979,-3.6733301240526863
path,-9.651977410186563,-3.67281302580008
path,-9.650793978930581,-3.672298882691048
path,-9.649614984991883,-3.6717868737708144
path,-9.648436134286424,-3.6712813050650053
path,-9.6472600506277,-3.6707728847797854
path,-9.64608126579218,-3.670265365485409
path,-9.644901954686267,-3.669758762895216
path,-9.64372639351727,-3.6692575894580903
path,-9.642550152664926,-3.6687556797825644
path,-9.641207533402014,-3.6680626989730905
path,-9.639538282129129,-3.6666481530064123
path,-9.637827096184848,-3.6651141454509095
path,-9.636125822680011,-3.663590702503033
path,-9.634423926912195,-3.6620683715112046
path,-9.632721406415142,-3.660547150861901
path,-9.631018262438582,-3.6590270406122594
path,-9.629314496161072,-3.6575080408445575
path,-9.62762179728008,-3.6560005566326463
path,-9.625928490888693,-3.6544941697559663
path,-9.624234573756885,-3.6529888785666365
path,-9.622540046830617,-3.651484683219412
path,-9.620844911012796,-3.649981583884219
path,-9.619191190244,-3.6485191954349205
path,-9.617539454018731,-3.647057813889437
path,-9.615887204210654,-3.645597516893356
path,-9.614234435728047,-3.644138300228263
path,-9.612581144007896,-3.6426801601114533
path,-9.610964247896135,-3.641255324107028
path,-9.609347259083298,-3.639832156306585
path,-9.607729757414198,-3.6384100060949733
path,-9.606111740333088,-3.6369888713663494
path,-9.60449320556849,-3.635568750244479
path,-9.602911150450435,-3.634181783783202
path,-9.60132901169877,-3.632796412362639
path,-9.599746370610456,-3.631412001345563
path,-9.598163226156618,-3.630028549879549
path,-9.596579577444416,-3.628646057218831
path,-9.595012844075526,-3.627279709740664
path,-9.593445622689693,-3.625914301530064
path,-9.59187790631773,-3.624549829627705
path,-9.590309694480599,-3.623186293613584
path,-9.588740986781628,-3.6218236931317294
path,-9.587198883192823,-3.620485486191582
path,-9.585656302440395,-3.619148233785878
path,-9.584113242290082,-3.6178118838928373
path,-9.582569702578105,-3.616476436383025
path,-9.581025683191136,-3.6151418911617523
path,-9.579501560402798,-3.6138258368706646
path,-9.57797697804806,-3.6125106639560207
path,-9.576451928582552,-3.6111963696167133
path,-9.574926412037517,-3.6098829538583366
path,-9.573400428474667,-3.6085704167072725
path,-9.571902453035543,-3.6072831914274555
path,-9.570404090887262,-3.605996890746955
path,-9.568905278962644,-3.6047114357181673
path,-9.56740601744144,-3.6034268264822464
path,-9.565906306517862,-3.6021430631868454
path,-9.56415131627705,-3.6004675225067033
path,-9.562113378707178,-3.598697360509561
path,-9.560046619764224,-3.59693447464169
path,-9.557979009574057,-3.5951732003930723
path,-9.555910549036355,-3.59341353755372
path,-9.553881698765913,-3.5916899647333285
path,-9.551853904074317,-3.5899697421804797
path,-9.549825363613744,-3.5882510914075856
path,-9.547796071813472,-3.586534009810146
path,-9.545766023711613,-3.5848184950869535
path,-9.543802201298229,-3.583160859439917
path,-9.541845734347318,-3.581448083512094
path,-9.539804949326061,-3.579613719564595
path,-9.537624487406514,-3.5778012536452475
path,-9.53531095895369,-3.5760108656136893
path,-9.533059747977068,-3.57431063163428
path,-9.530811389923734,-3.572608464692259
path,-9.528561670931527,-3.5709078751342607
path,-9.526310255778474,-3.569210174046495
path,-9.524057138744524,-3.567515356294585
path,-9.52184349818872,-3.565854296594428
path,-9.51962823307963,-3.5641960157547787
path,-9.517411317960258,-3.562540504528776
path,-9.515192749842306,-3.5608877600958677
path,-9.512972526303814,-3.559237780103934
path,-9.510810612989191,-3.5576349882708924
path,-9.508647163570291,-3.55603482033457
path,-9.506482144725863,-3.554437266634123
path,-9.504315555578048,-3.552842326120382
path,-9.502147395597246,-3.551249998025148
path,-9.500043906371445,-3.5497088015511373
path,-9.497939074081474,-3.548170119371689
path,-9.495832770376529,-3.54663389130817
path,-9.493724991511554,-3.5451001176174337
path,-9.491615820126334,-3.5435688766757902
path,-9.489497015037514,-3.5420832486641753
path,-9.487392741770321,-3.540557395978908
path,-9.485272205249494,-3.5390202087128895
path,-9.483135497838202,-3.5374718341203235
path,-9.480982714666002,-3.535912421067162
path,-9.478860836913759,-3.5343760732075995
path,-9.476723783809435,-3.532829449128001
path,-9.474571628354095,-3.5312726870467825
path,-9.472404475442373,-3.5297059332468117
path,-9.470222434898233,-3.5281293357444676
path,-9.468088165755404,-3.5265883246559784
path,-9.465951081749626,-3.52503862633757
path,-9.463820424557861,-3.5235030926255644
path,-9.461685351935586,-3.521948642558057
path,-9.459550537774552,-3.5203861996818095
path,-9.457440698350666,-3.518845071929566
path,-9.455330184684849,-3.517307269298092
path,-9.453218900912228,-3.5157725129322235
path,-9.451106850141874,-3.514240809340735
path,-9.448994035620322,-3.5127121648172137
path,-9.446928355244948,-3.511220591029404
path,-9.444862202004515,-3.5097327127718523
path,-9.44279532866077,-3.508247764769416
path,-9.440727742154312,-3.5067657587483776
path,-9.438659442495187,-3.505286689433149
path,-9.436442423157162,-3.5034922327968587
path,-9.434019288832218,-3.501528984640822
path,-9.431418535586578,-3.499523711472762
path,-9.42865134940445,-3.497479470650802
path,-9.425727395779706,-3.4953995639465583
path,-9.422869960142112,-3.493378894813744
path,-9.42001948334797,-3.4913773365502387
path,-9.417173909011442,-3.4893897164945433
path,-9.41433190236183,-3.4874030753338037
path,-9.411507580388383,-3.485424159312972
path,-9.408853943513382,-3.483561141768373
path,-9.406222622839861,-3.4817132217297226
path,-9.403603511114419,-3.4798767608972327
path,-9.40099024642652,-3.478061196516041
path,-9.398374583130021,-3.4762754499713937
path,-9.395813699132349,-3.474559910700086
path,-9.393248364707476,-3.4728739521875185
path,-9.39067718319493,-3.4712143618851896
path,-9.38810665131471,-3.4695595872360343
path,-9.385537949633596,-3.467906078785922
path,-9.383054848193472,-3.4663092642829616
path,-9.380575990772085,-3.46471362533438
path,-9.378098897260232,-3.4631191642026113
path,-9.375623595966895,-3.4615258786676093
path,-9.373150112430643,-3.4599337671316053
path,-9.370736495575697,-3.4583805259482885
path,-9.368325371040758,-3.456828480343818
path,-9.365916045579816,-3.455277549666433
path,-9.36350854546099,-3.453727732648299
path,-9.361102890865606,-3.452179029012061
path,-9.35877191703511,-3.4506802908569565
path,-9.356447592294256,-3.4491843251656014
path,-9.354125172112887,-3.4476894028075535
path,-9.351804662984424,-3.446195524156419
path,-9.349486087994917,-3.444702686819855
path,-9.347194213752703,-3.4432342776722553
path,-9.344916215761836,-3.441767447796546
path,-9.342640102557974,-3.4403015470701366
path,-9.340365903208127,-3.438836581441517
path,-9.338093650576994,-3.4373725555548997
path,-9.335884949580576,-3.435949533307666
path,-9.333679750705539,-3.434526802607283
path,-9.331475810117734,-3.433106071056272
path,-9.329274181994979,-3.431685585713809
path,-9.327073858231602,-3.43026712321453
path,-9.32490493075506,-3.4288677523142
path,-9.322738397627033,-3.4274686225565167
path,-9.320573163067204,-3.426071543508867
path,-9.318410463914654,-3.424674696873165
path,-9.316250199029767,-3.4232781287772767
path,-9.314144627417923,-3.4219184524995963
path,-9.312041602050508,-3.420558979078045
path,-9.309940966716562,-3.4191998485196455
path,-9.307841592443287,-3.417843114154335
path,-9.305745625124352,-3.416485192579031
path,-9.303676869577393,-3.4151442215229157
path,-9.301609601464449,-3.4138055180775484
path,-9.299545732657332,-3.4124656616158084
path,-9.297483408377463,-3.4111280765505554
path,-9.295424517162237,-3.4097893752076134
path,-9.29341205277129,-3.4084841097355194
path,-9.291400456367521,-3.407180619404278
path,-9.289390107461433,-3.405878683730769
path,-9.287380239082891,-3.4045793436861866
path,-9.285371525156012,-3.403279915025509
path,-9.282981155642958,-3.401673126149196
path,-9.28013398141781,-3.399825009258048
path,-9.277293478925326,-3.398017661157963
path,-9.274454197576192,-3.396213394406284
path,-9.271592125118785,-3.3944164568001693
path,-9.26874799434053,-3.3926447840690095
path,-9.265922253557829,-3.390850397437962
path,-9.26309368412782,-3.3890587818075337
path,-9.2602625156188,-3.387270193378261
path,-9.257429506939623,-3.3854828064713742
path,-9.254709285284795,-3.3837876382830814
path,-9.252008014637966,-3.382094466148224
path,-9.249305179222576,-3.380402177383778
path,-9.246599197384654,-3.378714613027872
path,-9.243904253444406,-3.3770408730559307
path,-9.241356649654326,-3.3754820486742965
path,-9.238842744747293,-3.373927181872813
path,-9.23632432085321,-3.3723762028667883
path,-9.23380552129995,-3.370826952462199
path,-9.231282499626843,-3.369283709033472
path,-9.228803845872733,-3.367770249201536
path,-9.226332580432626,-3.3662606179525922
path,-9.223858923278428,-3.364753798533822
path,-9.221380708008995,-3.3632502425120574
path,-9.2189026499653,-3.3617483915708317
path,-9.216502418387234,-3.3603060582391704
path,-9.21411168962967,-3.3588630617960304
path,-9.211718937520338,-3.3574231681616387
path,-9.209321346848371,-3.3559871998481157
path,-9.20690048505024,-3.3545734382915846
path,-9.20445232555608,-3.3531188784291754
path,-9.202008118486189,-3.3516597594546313
path,-9.199561763140553,-3.350202686845241
path,-9.1971138665837,-3.3487466928586316
path,-9.19466268475411,-3.3472945574380217
path,-9.192280615365403,-3.3458881970456145
path,-9.189904221010762,-3.34448731189871
path,-9.187526900292102,-3.3430865832614365
path,-9.185146741595947,-3.341689219111921
path,-9.182764117265007,-3.340294565945768
path,-9.180444232543337,-3.3389387045145265
path,-9.178131805897669,-3.337591769775376
path,-9.17581889352081,-3.336244530946467
path,-9.173503314650615,-3.3349004160446367
path,-9.171185690563782,-3.3335584485230805
path,-9.16892718231553,-3.332254897991891
path,-9.166672955799795,-3.330952427987333
path,-9.164419680850052,-3.3296477950348367
path,-9.162162931437534,-3.3283476099091875
path,-9.159904676736986,-3.3270488107161684
path,-9.157674393464664,-3.325770641480055
path,-9.155442956796733,-3.3244942600502525
path,-9.15321174148393,-3.323215652663549
path,-9.150976564133526,-3.321942343131374
path,-9.148739423725083,-3.320671157109249
path,-9.146545740534092,-3.319428514028955
path,-9.144353482133432,-3.318186645248466
path,-9.14215925868824,-3.3169465493629664
path,-9.139962290933388,-3.315710711516076
path,-9.137766129929636,-3.3144718022304676
path,-9.135283367818845,-3.31301376488252
path,-9.132345688624715,-3.3113571713925842
path,-9.12934970293447,-3.3096886504301555
path,-9.12635219226312,-3.308020905753062
path,-9.12335032250409,-3.306358354259829
path,-9.120405885156071,-3.3047319248924913
path,-9.117464932030625,-3.303114260201348
path,-9.114522605379172,-3.301497482159168
path,-9.111576730240802,-3.2998862895003196
path,-9.108629510484658,-3.29827458004249
path,-9.10580672592988,-3.2967469777517087
path,-9.103019172045565,-3.2952321855520865
path,-9.100226995774367,-3.293722163418424
path,-9.097432103675198,-3.292215245892951
path,-9.09463520297153,-3.290710144133335
path,-9.091937953672025,-3.28926324135224
path,-9.089250682485147,-3.2878280644443767
path,-9.086577427925953,-3.2863958495018717
path,-9.083926637428634,-3.2849760050291392
path,-9.081295448877682,-3.2835682206636636
path,-9.078729791678956,-3.2822195343114857
path,-9.076169258040302,-3.280893783329139
path,-9.073604903849628,-3.2795969802215064
path,-9.071039380601059,-3.2783086038842155
path,-9.068472635557606,-3.277021997207812
path,-9.066000573585075,-3.275793397125701
path,-9.06354319747809,-3.2745666485644134
path,-9.061083365375774,-3.273343400943478
path,-9.058623793009234,-3.27211994511789
path,-9.056161747138626,-3.2708999948780972
path,-9.053596794053593,-3.2696234702615548
path,-9.051020897592105,-3.2683515127445717
path,-9.048445126493652,-3.267079502850333
path,-9.045866709367754,-3.265811178099871
path,-9.043287042526966,-3.2645446655814623
path,-9.040752512205591,-3.263303179156458
path,-9.038217094341277,-3.2620632425143485
path,-9.035680460683654,-3.260825059465243
path,-9.033142608727179,-3.259588632085762
path,-9.030603511989442,-3.2583539933829777
path,-9.02815406052065,-3.2571689553888676
path,-9.025716500170502,-3.2559886464791026
path,-9.023277846168924,-3.2548100019333472
path,-9.02083806454563,-3.2536330579824293
path,-9.018397137864358,-3.252457829823094
path,-9.01599572911427,-3.251304169198737
path,-9.01359341995833,-3.2501519609889304
path,-9.011190000139795,-3.24900140198475
path,-9.008785456895414,-3.247852504298404
path,-9.006379786708099,-3.246705268741191
path,-9.00404096816689,-3.245594360195823
path,-9.001707603944745,-3.2444862711527365
path,-8.999373293437454,-3.243379755754653
path,-8.99703802327363,-3.2422748138517496
path,-8.994701781369109,-3.241171445467079
path,-8.99242956199594,-3.240102325181449
path,-8.990160221818012,-3.2390343900681944
path,-8.987889918704674,-3.2379679331645206
path,-8.985618646936748,-3.236902955406557
path,-8.983346401355165,-3.2358394577881953
path,-8.981102869637077,-3.234792232679492
path,-8.978860343452263,-3.2337464219005683
path,-8.976618295815456,-3.232700106037215
path,-8.974373815132058,-3.231657187609929
path,-8.972128360339084,-3.2306157096657158
path,-8.96953352316821,-3.2293089596679634
path,-8.96635154613634,-3.227757606199038
path,-8.9629912412971,-3.2262089088241748
path,-8.959628580276883,-3.2246635518106688
path,-8.95626363684834,-3.223121540430399
path,-8.953056893899568,-3.221664722239613
path,-8.949897268313642,-3.220225972287601
path,-8.946736372378838,-3.2187893238550638
path,-8.943573595111753,-3.2173555984012356
path,-8.940407797211725,-3.2159252587724794
path,-8.937349494667826,-3.2145513364087175
path,-8.934305228008231,-3.213183620938165
path,-8.931260139262392,-3.211817390193866
path,-8.92821332296396,-3.2104538572203616
path,-8.925164766480485,-3.2090930313740618
path,-8.92227428567738,-3.207811774555755
path,-8.919424174123662,-3.2065460757222928
path,-8.91657261908798,-3.205282778955539
path,-8.91371963085576,-3.2040218574878634
path,-8.91086519347897,-3.2027633156504
path,-8.908107297727787,-3.2015558805233075
path,-8.905362043564326,-3.200351367701394
path,-8.902615509323043,-3.1991490422595428
path,-8.899867664383963,-3.197948906478327
path,-8.897118497224339,-3.1967509609014186
path,-8.894493547321877,-3.195620753149125
path,-8.89189720455084,-3.194495384793397
path,-8.889300111737475,-3.193371220277438
path,-8.886703165620576,-3.1922472193357745
path,-8.884103600728425,-3.1911269536529088
path,-8.88153503529178,-3.1900228624308897
path,-8.878965591897236,-3.1889205005548042
path,-8.876395360164052,-3.187819628359737
path,-8.873823080273265,-3.186721828883037
path,-8.871251024035322,-3.1856239607390306
path,-8.86874441656947,-3.184560723889673
path,-8.866245005192946,-3.1834998181170824
path,-8.863743126323834,-3.1824426583813596
path,-8.861241911189756,-3.181384741862802
path,-8.858739346515218,-3.180329276850633
path,-8.856331637096464,-3.1793213686422193
path,-8.853938621771125,-3.1783168799175208
path,-8.851544218751588,-3.177314440084942
path,-8.84914889600065,-3.1763138892436027
path,-8.846752685166768,-3.1753147825332517
path,-8.84445999261366,-3.1743652353763614
path,-8.842190703378852,-3.173422495434691
path,-8.839920557074434,-3.1724810783724258
path,-8.837646620657944,-3.171541573546638
path,-8.835373845014646,-3.170601283307464
path,-8.833144551614009,-3.169684028431688
path,-8.830915780415362,-3.1687677618720107
path,-8.828685908550044,-3.1678535333260545
path,-8.826456862993554,-3.1669384053561274
path,-8.824225557659194,-3.1660266951292857
path,-8.822067622539759,-3.1651476128365608
path,-8.8199154410137,-3.1642714272593735
path,-8.817762552960323,-3.163396399855787
path,-8.815608556573565,-3.162523305415685
path,-8.81345357803366,-3.161648895562192
path,-8.811328482053174,-3.160791936882308
path,-8.809204731785908,-3.1599337959814333
path,-8.807078857766715,-3.159078964870734
path,-8.8049526660309,-3.1582254304120125
path,-8.802826915373295,-3.1573712526581375
path,-8.800679477111466,-3.1565115545144073
path,-8.79853068175754,-3.1556537733114403
path,-8.796382225043196,-3.1547953804357896
path,-8.794231551359093,-3.1539403289267454
path,-8.792081471694777,-3.153085062195879
path,-8.789990044413834,-3.152260341798151
path,-8.787907064460127,-3.151434975392548
path,-8.785822031278478,-3.1506127909130472
path,-8.783737963826928,-3.1497902862007154
path,-8.78165165727033,-3.1489710505920776
path,-8.779583699769251,-3.1481580160012603
path,-8.7775148547367,-3.14734863528245
path,-8.775446801358965,-3.146538190257915
path,-8.77337693834922,-3.1457310931279254
path,-8.771307357304979,-3.144923292927602
path,-8.76928025909519,-3.1441372132102154
path,-8.767259164520736,-3.1433517349325846
path,-8.765236217506505,-3.142568846941773
path,-8.76321367555004,-3.1417860732865077
path,-8.761189535646244,-3.141005636590172
path,-8.759215025667578,-3.140245767925512
path,-8.757242846874135,-3.1394883454399194
path,-8.755271325866556,-3.1387298845646145
path,-8.753331707353405,-3.137930822140542
path,-8.751432164242521,-3.13712545675701
path,-8.74958158175522,-3.1363303966354974
path,-8.747756561415866,-3.135540730456012
path,-8.74595639900518,-3.134756292079171
path,-8.744180929593053,-3.1339770062632817
path,-8.742430006118937,-3.133202801366683
path,-8.740672190633072,-3.132419613857972
path,-8.738939560492977,-3.1316415491697653
path,-8.737229842767917,-3.130870815076199
path,-8.735533499427246,-3.1301123783340965
path,-8.733854635566356,-3.1293677750821076
path,-8.73219007499028,-3.1286570442247585
path,-8.730527763210704,-3.1279644954206187
path,-8.728863454442191,-3.1272739361716435
path,-8.727198210380955,-3.1265843892352017
path,-8.725532025252857,-3.125895850692286
path,-8.72387722400073,-3.1252135223533006
path,-8.722222136908465,-3.1245323072944657
path,-8.720566110512676,-3.1238520761172692
path,-8.71890914887169,-3.123172827732826
path,-8.717251244353974,-3.1224945589923077
path,-8.715610521382379,-3.1218250062623842
path,-8.713970770847856,-3.121156643843658
path,-8.712331472200084,-3.120487965670176
path,-8.710694549006815,-3.1198172162176134
path,-8.709061928910657,-3.1191426370717044
path,-8.707457779003429,-3.1184669763284765
path,-8.705866749164398,-3.117782669553543
path,-8.704286033758388,-3.117089198840025
path,-8.7027169427464,-3.1163853704698115
path,-8.701150864059308,-3.115679050393905
path,-8.699584495667443,-3.1149736974796474
path,-8.698017499099754,-3.114269161335566
path,-8.696449868927882,-3.113565441497883
path,-8.694881598904763,-3.112862537504313
path,-8.693312684848172,-3.1121604492262533
path,-8.69175299860901,-3.1114637362102133
path,-8.69019321685871,-3.1107679093470093
path,-8.688632781517649,-3.1100728860306326
path,-8.687071691147649,-3.10937866707959
path,-8.685509943499689,-3.1086852528026037
path,-8.683962653430829,-3.107999808122445
path,-8.68241642736765,-3.10731539769487
path,-8.680869540428194,-3.1066317741353746
path,-8.679321992502881,-3.1059489381294165
path,-8.677773784673137,-3.1052668905409835
path,-8.676220515725593,-3.10461662560194
path,-8.674690321893909,-3.1039465124727514
path,-8.673160935858906,-3.103275998992554
path,-8.671631013666468,-3.102606291896128
path,-8.670100546064107,-3.1019373884202937
path,-8.668577921474206,-3.1012730811555995
path,-8.667055235151368,-3.100609634141806
path,-8.665531985490599,-3.099946975062387
path,-8.664008167992261,-3.099285102560179
path,-8.662483773721977,-3.0986240148141557
path,-8.660973660190427,-3.0979706810175367
path,-8.65946498057351,-3.0973183909798285
path,-8.657955713230303,-3.0966668643391397
path,-8.65644585276347,-3.096016100265219
path,-8.65493540052244,-3.095366098841472
path,-8.653431893247122,-3.09472022003831
path,-8.651928261487198,-3.094075159721154
path,-8.650424037499267,-3.0934308533775003
path,-8.648919221848525,-3.092787301281102
path,-8.647413813320384,-3.0921445035147985
path,-8.64590586295702,-3.0915238019439504
path,-8.644416984462548,-3.0908900776093535
path,-8.642927745286606,-3.0902571442584486
path,-8.641438006127096,-3.089624980765472
path,-8.63994776215065,-3.0889935847213392
path,-8.638469323090803,-3.0883686247207898
path,-8.636992127391343,-3.0877446456040767
path,-8.635514403875383,-3.0871214116279635
path,-8.634036149228523,-3.086498921408017
path,-8.632557362780954,-3.0858771740575133
path,-8.63108609896961,-3.085259739382795
path,-8.629615029084267,-3.0846431321777663
path,-8.628143420832282,-3.084027255895429
path,-8.626671273773631,-3.083412110157571
path,-8.625198587170104,-3.0827976946416524
path,-8.623734599776117,-3.082188156734616
path,-8.62227122568098,-3.0815794859532177
path,-8.620807308249228,-3.0809715335449783
path,-8.61934284826684,-3.0803642996641796
path,-8.61787784677304,-3.0797577845553548
path,-8.616407237211902,-3.0791680902093814
path,-8.614953388716282,-3.0785681183482527
path,-8.613499409033878,-3.0779689282386045
path,-8.612044970395802,-3.0773704761962377
path,-8.610590064538437,-3.0767727593381298
path,-8.60913972361094,-3.076177933048146
path,-8.607689269743549,-3.0755838872264243
path,-8.606234993317443,-3.074993638320977
path,-8.604774111325918,-3.074409618956771
path,-8.603306512772614,-3.073831918394093
path,-8.601827554274402,-3.073258867028014
path,-8.600341622697716,-3.0726923449120793
path,-8.598848621516444,-3.072132435161153
path,-8.59734842891289,-3.071579237470945
path,-8.595840934503698,-3.0710328435422913
path,-8.594336355375965,-3.0704971559783436
path,-8.592824876212953,-3.0699683354618617
path,-8.591306136871786,-3.0694463805219274
path,-8.589779727562076,-3.068931525535229
path,-8.588245527152441,-3.0684238727159405
path,-8.586710228495365,-3.067925726796848
path,-8.585166963024257,-3.0674349315995797
path,-8.583615594864053,-3.0669515970977113
path,-8.582055982780357,-3.0664758423762404
path,-8.580487994064715,-3.066007780541733
path,-8.578916427817019,-3.065548960134876
path,-8.577336259723118,-3.065098024477436
path,-8.575747337330435,-3.0646550994064214
path,-8.574149509230853,-3.064220313828712
path,-8.572542621994549,-3.0637937986819477
path,-8.570935892422703,-3.0633780937105954
path,-8.569319902738314,-3.0629708321832805
path,-8.567694475477289,-3.0625721578587353
path,-8.566059441872383,-3.0621822149895297
path,-8.56441462655021,-3.0618011533909186
path,-8.562765705027697,-3.0614304284246487
path,-8.561106719823432,-3.061068827403862
path,-8.559437747565353,-3.0607162866292645
path,-8.557765491912932,-3.060366850076615
path,-8.556092883616154,-3.0600178243163225
path,-8.554427942380984,-3.059670881193994
path,-8.552762657064498,-3.0593243462731587
path,-8.551097023367628,-3.058978221761474
path,-8.549431041639389,-3.0586325089246102
path,-8.54776471209388,-3.0582872088104085
path,-8.546105463159433,-3.057943859304937
path,-8.544445942265789,-3.0576009028374984
path,-8.542785394695063,-3.0572545239010314
path,-8.541121307421161,-3.056913189957185
path,-8.539453816478227,-3.0565730605870414
path,-8.537789637026508,-3.0562354504834737
path,-8.5361221627631,-3.0558989653208926
path,-8.534451428097006,-3.0555635727142088
path,-8.532777470800369,-3.0552292386566404
path,-8.531100328579512,-3.0548959303127816
path,-8.52942298642051,-3.0545641967179913
path,-8.527742545797564,-3.054233419963661
path,-8.526059491212262,-3.053903134675384
path,-8.524376442666908,-3.053570791401575
path,-8.522696608980805,-3.0532331956968153
path,-8.52102619304362,-3.0528901059438773
path,-8.519365219759031,-3.0525353120408654
path,-8.517716671804761,-3.0521655456330974
path,-8.516083584540473,-3.0517773714328857
path,-8.514492544067421,-3.0513778222475376
path,-8.512948215286142,-3.050994150175301
path,-8.511406717555683,-3.050599555616205
path,-8.509870239105089,-3.0501896321652557
path,-8.508340864430597,-3.0497599840814424
path,-8.5068205549109,-3.0493062336766736
path,-8.505310057473297,-3.048823504297812
path,-8.503812144697136,-3.0483080188112015
path,-8.50232543618123,-3.047761373670942
path,-8.500836259378401,-3.0472099263364205
path,-8.499342597629202,-3.046657287837523
path,-8.49784797288872,-3.046104745201523
path,-8.496348549840379,-3.0455508615023277
path,-8.4948441406787,-3.0449955492180565
path,-8.49333453990899,-3.0444387132712896
path,-8.491819525672941,-3.043880250199253
path,-8.490300029000707,-3.0433204790121446
path,-8.48877463792008,-3.0427588466136277
path,-8.487243040902051,-3.0421952169547626
path,-8.485704922231344,-3.041629440751469
path,-8.484158461199709,-3.0410620229220235
path,-8.482607707003991,-3.040491958439656
path,-8.481049241619191,-3.039919193704154
path,-8.479482572086715,-3.0393434978493943
path,-8.477907141521579,-3.038764610123449
path,-8.476322317072373,-3.038182234099417
path,-8.4747274827026,-3.037596070673305
path,-8.473123065196818,-3.0370103612233863
path,-8.47151843372013,-3.0364140106168818
path,-8.4699070704163,-3.0358355205783543
path,-8.468268645084681,-3.0352799485265325
path,-8.466605515878364,-3.0346681894391128
path,-8.464921082141204,-3.034049785822233
path,-8.463216444229552,-3.033427052341438
path,-8.461495997040103,-3.032803327306179
path,-8.459780783245105,-3.032187584822
path,-8.458105513512521,-3.0315958779790195
path,-8.456497971504682,-3.0310450559674758
path,-8.45495697938392,-3.0305113466236713
path,-8.453445266179596,-3.02998900677582
path,-8.451940180365328,-3.0294633669797673
path,-8.450433772814108,-3.028937960002412
path,-8.448925526282164,-3.0284136558075545
path,-8.447418121660656,-3.0278897754337573
path,-8.445910260635745,-3.0273666656779192
path,-8.444401283853097,-3.026844717374789
path,-8.442889316509879,-3.026321473096019
path,-8.441374872145149,-3.025798663874291
path,-8.439858828647761,-3.0252768770884146
path,-8.43834366756981,-3.0247556562727764
path,-8.43682806980416,-3.0242352174420937
path,-8.435309315954216,-3.02371479458854
path,-8.433790027431357,-3.0231973097885607
path,-8.432270115857058,-3.0226773558730278
path,-8.430749015457371,-3.0221584669137336
path,-8.429229087166307,-3.0216403653296053
path,-8.427702412338519,-3.0211204030548062
path,-8.426172157985139,-3.0206007564519033
path,-8.424640871688492,-3.0200822087869907
path,-8.423110110668626,-3.019564349024114
path,-8.421577441449795,-3.019047431821483
path,-8.420036154658472,-3.018527105848957
path,-8.418490425008603,-3.0180069382241217
path,-8.416943613327899,-3.017487524236152
path,-8.415394896010767,-3.016969061108798
path,-8.413848125823588,-3.0164515234564035
path,-8.412295112739143,-3.0159325273406545
path,-8.41073920333028,-3.015413963097252
path,-8.409182009739544,-3.0148964580012576
path,-8.40762581111762,-3.014379719080425
path,-8.406068705939573,-3.0138637576004363
path,-8.404530434821966,-3.0133589473812212
path,-8.403009904442184,-3.012857345938733
path,-8.401489644044029,-3.012357035515189
path,-8.39997116852235,-3.0118575675104946
path,-8.398452240524668,-3.0113589085154353
path,-8.396928277617759,-3.0108590888712072
path,-8.395400708852552,-3.0103598794146933
path,-8.393873604867924,-3.0098612920473555
path,-8.39234613204557,-3.009363530984292
path,-8.390817505163634,-3.0088668113355177
path,-8.389287108739325,-3.0083696326139675
path,-8.387754574291801,-3.007872973697143
path,-8.386220416348571,-3.00737728295627
path,-8.384688008899627,-3.0068824312072024
path,-8.383154538882865,-3.006388290879542
path,-8.381615535501027,-3.0058927459941005
path,-8.380072419992183,-3.005397740457417
path,-8.378529853392246,-3.004903377450084
path,-8.376986753258507,-3.0044098242792447
path,-8.375441939704556,-3.0039172368828124
path,-8.373888631737168,-3.003421389294078
path,-8.372329770183084,-3.0029254922575688
path,-8.37077023345368,-3.002430398273406
path,-8.36920884238294,-3.0019362657366324
path,-8.367649074984584,-3.001442970719899
path,-8.366085370408285,-3.00094914656335
path,-8.364519854212224,-3.000457911110008
path,-8.36295156057531,-2.999969538867008
path,-8.36138452626323,-2.999478045603436
path,-8.359816718449597,-2.9989875200892433
path,-8.358235875556085,-2.9984930233331735
path,-8.356644671972665,-2.997997830782977
path,-8.355053211506277,-2.997503375466152
path,-8.353459836645744,-2.997009978874797
path,-8.351866976223118,-2.9965174678107127
path,-8.350264984484834,-2.9960232495575356
path,-8.34866029713452,-2.9955293003730903
path,-8.34705313697975,-2.9950362367978407
path,-8.345444795862516,-2.994544005875855
path,-8.343837473202434,-2.994052786089487
path,-8.342212562847514,-2.9935563221677075
path,-8.340576599011643,-2.9930588502323916
path,-8.338938842922408,-2.99256206519722
path,-8.337300322069838,-2.9920661766535983
path,-8.335661332874784,-2.9915712393431617
path,-8.33400642873864,-2.99107168739129
path,-8.33234539970901,-2.9905720196246013
path,-8.330688205850391,-2.9900741791322423
path,-8.329032214264197,-2.9895779995841263
path,-8.327378784470216,-2.989083637105937
path,-8.325711650025953,-2.9885860805991995
path,-8.32404248388927,-2.9880899340631077
path,-8.322373224503657,-2.9876040406307456
path,-8.320702805123808,-2.987110441949145
path,-8.319033422153696,-2.9866187739937
path,-8.317346253285491,-2.9861223075352616
path,-8.315652865487252,-2.9856271098133726
path,-8.313957346788238,-2.9851334555393705
path,-8.312263316941099,-2.9846418436016746
path,-8.310568705459515,-2.984152021704233
path,-8.308936775992295,-2.983702045343972
path,-8.307366629924656,-2.9832566193786167
path,-8.305812259380101,-2.9828132110600336
path,-8.30426246383636,-2.9823716956713437
path,-8.302714632320912,-2.9819320153710356
path,-8.301163046238736,-2.981491926487285
path,-8.299609628142758,-2.9810533083545505
path,-8.29805605832029,-2.9806162113459616
path,-8.296504994094134,-2.9801810087626235
path,-8.29495419224046,-2.9797470424248838
path,-8.293395431739064,-2.9793114944147896
path,-8.291834239340865,-2.978877454349644
path,-8.290275483492811,-2.9784446938258475
path,-8.288717613118402,-2.9780138540780587
path,-8.287161457260678,-2.9775846178804994
path,-8.285598336002549,-2.9771550332683825
path,-8.284032684677877,-2.976734686651352
path,-8.28246662609324,-2.976307503710492
path,-8.280903246646588,-2.975882034346298
path,-8.279338888248475,-2.9754582142882406
path,-8.27775451257755,-2.975032093509555
path,-8.276168976532144,-2.9746073673731774
path,-8.274580024597661,-2.974184309952598
path,-8.272985209220149,-2.9737629232935374
path,-8.271386227146904,-2.9733430189459265
path,-8.269765071913632,-2.9729199608756054
path,-8.268136219650408,-2.9724980393645706
path,-8.266501501940157,-2.972077759561273
path,-8.264860835164665,-2.9716592476007477
path,-8.263219509201557,-2.9712425575487176
path,-8.261576851125358,-2.9708243761965747
path,-8.25993460259568,-2.9704079233220333
path,-8.258298565489689,-2.969993884528563
path,-8.256667202077535,-2.9695817060755565
path,-8.255039698796292,-2.969171378308061
path,-8.253391208868415,-2.9687562355974597
path,-8.251742529601978,-2.9683430181173205
path,-8.250096322705478,-2.967931728128762
path,-8.248450125700332,-2.967522377227898
path,-8.246799609012378,-2.9671223412385084
path,-8.245122096334207,-2.9667085702395024
path,-8.243444189422522,-2.9662969178540175
path,-8.241765901979528,-2.9658873924921085
path,-8.240087267822886,-2.965479857762137
path,-8.238408514163975,-2.9650734078028136
path,-8.236714842457122,-2.9646643012019953
path,-8.235021080977079,-2.964256127291499
path,-8.233327239351263,-2.9638488824371545
path,-8.231633317986075,-2.9634425630037953
path,-8.229939317286574,-2.9630371657500283
path,-8.228211859953621,-2.9626247276434654
path,-8.22648430021529,-2.962213240752735
path,-8.224756659359983,-2.961802703806284
path,-8.223028937582072,-2.9613931147433985
path,-8.221301135452029,-2.9609844717567935
path,-8.219554689596942,-2.9605723970488107
path,-8.21780815104181,-2.960161284860565
path,-8.216061531785183,-2.9597511344858556
path,-8.214314832304929,-2.9593419447957925
path,-8.21256805308292,-2.958933714791008
path,-8.210785212296758,-2.958518061232275
path,-8.20900226712756,-2.95810340412544
path,-8.207219240432648,-2.9576897439074963
path,-8.205436132741415,-2.9572770799901367
path,-8.203652944586539,-2.956865411861521
path,-8.20197033832599,-2.9565022022551437
path,-8.200392074831159,-2.956141667440237
path,-8.198825123881292,-2.9557822386889403
path,-8.197255855602924,-2.9554274890107384
path,-8.1956861965454,-2.955069281705045
path,-8.194107417392539,-2.9547109093907182
path,-8.192528607295516,-2.9543537860605054
path,-8.19094976042386,-2.953997905423623
path,-8.189370865975448,-2.95364326126494
path,-8.187791914302302,-2.953289847721448
path,-8.186200489661974,-2.9529348944879126
path,-8.184608981302592,-2.952581179713478
path,-8.183017390143483,-2.9522286987051896
path,-8.181425710179957,-2.9518774466482753
path,-8.179833936102542,-2.9515274189539364
path,-8.178231321575756,-2.9511762598458104
path,-8.176628595371191,-2.9508263325716992
path,-8.17502576057637,-2.9504776333592564
path,-8.173422814081967,-2.950130158292158
path,-8.171819753196493,-2.9497839036046076
path,-8.170198730093288,-2.9494350288604396
path,-8.168577573874904,-2.9490873939476194
path,-8.166956293984459,-2.9487409958816593
path,-8.165334889081075,-2.9483958313007532
path,-8.1637133580746,-2.9480518969492597
path,-8.162071531527392,-2.94770493196587
path,-8.160429561171734,-2.947359221047999
path,-8.158787459084962,-2.9470147616502365
path,-8.157145225012506,-2.9466715507767947
path,-8.155502858851143,-2.9463295855114833
path,-8.153849296999386,-2.9459865704819186
path,-8.15219561317392,-2.9456447319390158
path,-8.15054188527756,-2.94530376417472
path,-8.148888119611545,-2.94496363774017
path,-8.147234315672232,-2.944624352755932
path,-8.145531575861295,-2.9442759089694825
path,-8.14383005811959,-2.943922906042097
path,-8.142129781898456,-2.9435653652689266
path,-8.14042945318758,-2.943208744954333
path,-8.138729071958522,-2.9428530451896218
path,-8.136998796218558,-2.9424920440878077
path,-8.135268447554136,-2.942131995605277
path,-8.133538044551916,-2.941772900862901
path,-8.13180758742185,-2.941414759849423
path,-8.130077076369506,-2.9410575727267805
path,-8.128329900370039,-2.940697922733914
path,-8.126582659620718,-2.9403392447965153
path,-8.124835364709043,-2.9399815395848736
path,-8.123088015964072,-2.9396248072879034
path,-8.121340613771823,-2.9392690479435135
path,-8.11955635770161,-2.9389067959194835
path,-8.117772023913123,-2.938545557466503
path,-8.115987635637067,-2.9381853337717807
path,-8.11420319330992,-2.937826125118018
path,-8.112418697445147,-2.9374679315117964
path,-8.11059602695124,-2.93710312935851
path,-8.108773278027689,-2.9367393853899926
path,-8.106950474824002,-2.936376700798924
path,-8.105127617912464,-2.9360150756991423
path,-8.10330470786875,-2.9356545102270104
path,-8.101454501714505,-2.9352896366387324
path,-8.099603547816981,-2.934928806110101
path,-8.097753165917522,-2.9345662503327787
path,-8.095902856160576,-2.9342043310313897
path,-8.094052486071044,-2.9338435406162517
path,-8.092339164218712,-2.9335528800769897
path,-8.090773638611388,-2.933251642028779
path,-8.08921331284435,-2.9329500359624605
path,-8.087652991632584,-2.9326492260361774
path,-8.086092671781136,-2.9323492099575557
path,-8.084517010992116,-2.9320470468460886
path,-8.082941335849707,-2.931745688693906
path,-8.081365653921214,-2.9314451345934165
path,-8.079789962762407,-2.931145383255654
path,-8.078214252713515,-2.9308464602814226
path,-8.07663064975809,-2.9305536697248944
path,-8.075047541585809,-2.9302594049392927
path,-8.073464418831787,-2.9299659470264467
path,-8.071881280798813,-2.9296732933147114
path,-8.07029812689152,-2.9293814414143147
path,-8.06870096382454,-2.929087820261762
path,-8.06710377491683,-2.9287950102513256
path,-8.065506568448441,-2.928503010143019
path,-8.063909344159399,-2.928211818410704
path,-8.06231210185351,-2.927921433690925
path,-8.060707245629509,-2.9276304792734256
path,-8.05910236627556,-2.9273403368815676
path,-8.057497468431572,-2.927051005805057
path,-8.055892552109352,-2.9267624851834126
path,-8.054287617360218,-2.926474774251702
path,-8.052666138224644,-2.926184921242372
path,-8.051044630277723,-2.9258958926903436
path,-8.049423103840713,-2.92560768863073
path,-8.047801559102885,-2.92532030859806
path,-8.04617999627788,-2.925033752183596
path,-8.044546349097583,-2.924745894959148
path,-8.042912676622947,-2.9244588725124485
path,-8.041278986551466,-2.924172684991775
path,-8.039645279183548,-2.923887332167241
path,-8.038011554834648,-2.9236028138428436
path,-8.036364731112391,-2.923316860393833
path,-8.034717882771387,-2.9230317540733446
path,-8.033071018208936,-2.922747495226469
path,-8.031424340465739,-2.922464184143235
path,-8.029754099502872,-2.922210485459649
path,-8.028076234249554,-2.921920585543516
path,-8.026390393988569,-2.9216273772631585
path,-8.024700987881323,-2.9213331156603686
path,-8.02301157743343,-2.921039643687126
path,-8.021322157997323,-2.9207469711954044
path,-8.01961707754458,-2.920452401048679
path,-8.017911972680967,-2.920158661397899
path,-8.01620684661762,-2.919865762191973
path,-8.014501696420185,-2.919573710087682
path,-8.01279651948371,-2.91928251112357
path,-8.011065185445887,-2.9189877228343493
path,-8.009333807795048,-2.918693821890603
path,-8.007602395605842,-2.9184008171552627
path,-8.005870947326292,-2.9181087127378516
path,-8.004139461603597,-2.9178175123734102
path,-8.002378599781693,-2.9175223056141077
path,-8.000617684348915,-2.917228036619839
path,-7.998856726622236,-2.916934713065499
path,-7.997095725898405,-2.9166423375218926
path,-7.995334681594717,-2.9163509123329643
path,-7.993660577873058,-2.916090456350312
path,-7.992053550628575,-2.9158266524879277
path,-7.990448461732513,-2.915563489538132
path,-7.9888433294017585,-2.915301120396773
path,-7.987238154059744,-2.9150395464705494
path,-7.985625678762198,-2.914777591890292
path,-7.984013157927854,-2.9145164411187716
path,-7.98240059498002,-2.91425609642715
path,-7.980787990347735,-2.913996558806308
path,-7.979175344460081,-2.913737829166384
path,-7.977550710465108,-2.9134780009531815
path,-7.975926030558355,-2.913218992510757
path,-7.974301310098194,-2.9129608065064154
path,-7.9726765495231895,-2.9127034436004853
path,-7.97105174931595,-2.9124469044241432
path,-7.969414007716866,-2.9121891628466567
path,-7.967776221403878,-2.9119322571886577
path,-7.966138396129195,-2.911676190044851
path,-7.964500532342186,-2.9114209618768125
path,-7.962862630492396,-2.9111665731164793
path,-7.961204624618575,-2.9109099241848484
path,-7.959546572442535,-2.910654132972319
path,-7.957888482662712,-2.910399203095995
path,-7.956230355745744,-2.910145134900232
path,-7.9545721921585235,-2.909891928711403
path,-7.952904647676706,-2.9096381657457484
path,-7.951237063233143,-2.9093852736547596
path,-7.949569443129594,-2.9091332542311483
path,-7.947901787841798,-2.9088821077473552
path,-7.946234097845796,-2.9086318344648783
path,-7.944552472753378,-2.908380360333622
path,-7.9428708076656145,-2.9081297723121833
path,-7.941189108752403,-2.907880072872178
path,-7.9395073765027755,-2.907631262244455
path,-7.937825611406111,-2.9073833406531797
path,-7.936117901585589,-2.907132510703219
path,-7.934410148349387,-2.9068825937284446
path,-7.932702362780871,-2.9066335940873906
path,-7.930994545393372,-2.9063855119903024
path,-7.929286696700641,-2.9061383476433242
path,-7.92755597425933,-2.9058826320370947
path,-7.925776205450997,-2.9056266534238904
path,-7.923959466418029,-2.9054111462457866
path,-7.9221074860187795,-2.9052323209178557
path,-7.9202322152795395,-2.9050721255140735
path,-7.918334775793495,-2.9049134644498515
path,-7.91642852327137,-2.90475671554794
path,-7.914518696823923,-2.904600481950855
path,-7.912605518562987,-2.904448240772881
path,-7.910691691313079,-2.9042960269679563
path,-7.908764921271811,-2.904141681333611
path,-7.906830445629542,-2.9039904480370065
path,-7.9048922735203915,-2.9038398347537853
path,-7.902954160949032,-2.9036907489989967
path,-7.901016299055919,-2.9035446667388602
path,-7.899056897468921,-2.9033925145741626
path,-7.897088245740916,-2.903245012831504
path,-7.895116636774176,-2.903098085860272
path,-7.893144246390464,-2.902952753448878
path,-7.89117141973579,-2.9028098878570514
path,-7.889164625286729,-2.9026605611419622
path,-7.887140715714262,-2.9025136180651923
path,-7.885114111222409,-2.902369648175431
path,-7.883087377612848,-2.902228060212605
path,-7.88105959708236,-2.9020860228330134
path,-7.879215154958665,-2.901915953278792
path,-7.8774897474326595,-2.9017717381433794
path,-7.875779660367542,-2.9016525844607344
path,-7.874068781377242,-2.9015340958947857
path,-7.872357820540227,-2.9014168193824754
path,-7.870641132292714,-2.901300484224974
path,-7.868921827492117,-2.9011863489931176
path,-7.8672015553006105,-2.901070627753289
path,-7.865481518599674,-2.9009562281434706
path,-7.863761200071535,-2.900842936270068
path,-7.862029942021972,-2.9007299980124888
path,-7.860302106169831,-2.900617450229243
path,-7.858569881874686,-2.900505730235083
path,-7.856836076634055,-2.9003957211241223
path,-7.85510152604908,-2.9002863594195603
path,-7.8533641748749465,-2.9001782633884963
path,-7.851623368056091,-2.9000696344885486
path,-7.8498824281795265,-2.8999621396382973
path,-7.848141108204275,-2.8998556774840707
path,-7.846399098927935,-2.8997501770277796
path,-7.844649697861999,-2.899646375463574
path,-7.8428968863879795,-2.8995414702247073
path,-7.841143753777898,-2.899437639427791
path,-7.839389562322334,-2.89933546602365
path,-7.837635601477618,-2.8992337142839184
path,-7.835872205439068,-2.899134011706509
path,-7.834102518280271,-2.899032620818063
path,-7.832332838707375,-2.8989324272953447
path,-7.830562780358836,-2.898833277562327
path,-7.828792065520866,-2.8987350868024535
path,-7.82707322288613,-2.8986338119317065
path,-7.825370932733217,-2.8985404913622985
path,-7.823669396824194,-2.8984485354297562
path,-7.821967471355278,-2.8983574354101527
path,-7.820265515240832,-2.898267340751204
path,-7.818564213999706,-2.898179814598321
path,-7.816862093190588,-2.8980903497478994
path,-7.815160705592303,-2.898001794852396
path,-7.813458516951812,-2.8979144067241913
path,-7.811756549905689,-2.897827815266079
path,-7.810053313974297,-2.8977428421170752
path,-7.808350229403354,-2.897658122824598
path,-7.806647382158354,-2.897574765201065
path,-7.8049437659089325,-2.8974918644537917
path,-7.8032400535511535,-2.8974099304711527
path,-7.801534596485374,-2.897328912655969
path,-7.7998330215912715,-2.897244671055568
path,-7.798173236524562,-2.8971096588050056
path,-7.796516865101455,-2.896970203068924
path,-7.7948606737135115,-2.89683217476612
path,-7.793201548298066,-2.8966948794393614
path,-7.7915432322715805,-2.8965582801207335
path,-7.789884145731151,-2.896422728162552
path,-7.788224711609859,-2.8962877924563606
path,-7.786565372015909,-2.8961541649259437
path,-7.784902110125802,-2.8960217981189027
path,-7.783267096117301,-2.8958815546935583
path,-7.7816467387158905,-2.8957468903142543
path,-7.780028960235986,-2.8956188333621897
path,-7.778412452471793,-2.895497346115853
path,-7.776793793212689,-2.8953824585178434
path,-7.775173449526951,-2.8952749066523142
path,-7.773554028755184,-2.8951739852998544
path,-7.771935897792995,-2.8950786053588806
path,-7.7703203219096935,-2.894984990659686
path,-7.768701001977419,-2.8948942118235372
path,-7.767082666118772,-2.8948034705732866
path,-7.765462748326334,-2.8947141385419344
path,-7.763842785958484,-2.8946257897675047
path,-7.762224341543521,-2.894537657946979
path,-7.760598234599817,-2.894452915347675
path,-7.758972427316893,-2.894367257175712
path,-7.757344716717835,-2.8942828946671812
path,-7.755718553553245,-2.894198641919723
path,-7.754090815034636,-2.8941161250979452
path,-7.752461061437543,-2.8940344735153407
path,-7.750829024556807,-2.8939541275585077
path,-7.749198442590068,-2.8938737856280428
path,-7.747566220177126,-2.8937951198181584
path,-7.745935601587081,-2.893716651268456
path,-7.744296809697933,-2.8936415980659294
path,-7.742655057317439,-2.89356649080234
path,-7.741014305743223,-2.893491214518834
path,-7.739371859408346,-2.8934171985301194
path,-7.737730843022181,-2.8933435475372464
path,-7.736077794660746,-2.8932751269002854
path,-7.734423608634246,-2.893204762333112
path,-7.732768747754972,-2.893134422701355
path,-7.731112039649597,-2.8930654157875653
path,-7.7294570257016435,-2.8929965979467047
path,-7.727837895765648,-2.892918912214804
path,-7.726232956375235,-2.892845491303032
path,-7.7246287707016075,-2.8927786321050455
path,-7.723027313619416,-2.89271349575369
path,-7.721426224705539,-2.8926501011860566
path,-7.719824404516618,-2.8925878686489557
path,-7.718224312048087,-2.892526408067645
path,-7.716624237862564,-2.892466005147337
path,-7.715022814525837,-2.892407005688221
path,-7.713422911386725,-2.8923485299989493
path,-7.71182268563806,-2.892291165212661
path,-7.7102208917977135,-2.892235242002375
path,-7.708620771346833,-2.8921794306841653
path,-7.707020537309056,-2.89212481015869
path,-7.705418761892313,-2.8920716668628716
path,-7.703818066324743,-2.8920188954295907
path,-7.7022171935931425,-2.8919670462530065
path,-7.700616312360315,-2.891916190771168
path,-7.699013959500804,-2.8918668540156465
path,-7.69741319206856,-2.8918177179795306
path,-7.695810778080397,-2.891769934131239
path,-7.69420805464731,-2.891722936324412
path,-7.692603763711113,-2.8916773284488415
path,-7.691001087852381,-2.891631931008664
path,-7.68939833183422,-2.8915876918139056
path,-7.68779219861927,-2.891545087006619
path,-7.686185446060961,-2.8915030731659583
path,-7.684578512467434,-2.8914618149614086
path,-7.682936678798233,-2.891365285963164
path,-7.681265697129223,-2.891214032239517
path,-7.679592654614816,-2.891062635945793
path,-7.6779181556065055,-2.890913244720294
path,-7.676244636516699,-2.890763282634611
path,-7.674570942336962,-2.890614010948296
path,-7.672896171901925,-2.890466530968979
path,-7.671217140596289,-2.890317383193356
path,-7.669537942587257,-2.8901689209260093
path,-7.667858096845181,-2.8900213634068006
path,-7.666176845258249,-2.8898756999530932
path,-7.66449658793789,-2.889729547779628
path,-7.6628115378319075,-2.8895825463222864
path,-7.661125387740279,-2.8894366543552663
path,-7.659437182356023,-2.8892929047249427
path,-7.6577508006267205,-2.8891483438529484
path,-7.656063794039805,-2.8890046850804008
path,-7.65437086354194,-2.888860042846407
path,-7.65267675947365,-2.8887165505408747
path,-7.650982233084703,-2.888573873846564
path,-7.649286237256333,-2.8884330090013104
path,-7.647591789316431,-2.8882915332518966
path,-7.645889885030045,-2.888149089814902
path,-7.644186503120997,-2.8880079432397348
path,-7.642483059534182,-2.8878674544965497
path,-7.640779075092596,-2.8877278429719673
path,-7.639075584865983,-2.887588635018906
path,-7.637366875930086,-2.8874490848834005
path,-7.635657330695948,-2.8873105610246323
path,-7.633947677704189,-2.8871727192207315
path,-7.632237440819043,-2.8870357798815824
path,-7.630527572189821,-2.886899304697359
path,-7.6288448444068635,-2.886772730602775
path,-7.627169485698325,-2.886643864561229
path,-7.625498259732051,-2.8865133374119347
path,-7.623827518922395,-2.88638319205106
path,-7.6221569273658805,-2.8862535815597177
path,-7.620489949836896,-2.886125268229536
path,-7.618823523003078,-2.8859973016987928
path,-7.617157096840629,-2.8858699350809864
path,-7.615490615492976,-2.8857431942074365
path,-7.613824068364309,-2.8856170840125386
path,-7.61215841802354,-2.8854917925877084
path,-7.610492859001137,-2.885367058311313
path,-7.608827245688646,-2.885242948671082
path,-7.607162007948462,-2.885119260939559
path,-7.605496411719269,-2.8849963394467957
path,-7.603833480583257,-2.8848732530833043
path,-7.602169177353125,-2.8847515959611925
path,-7.600504938939464,-2.8846305050826864
path,-7.5988405062461,-2.8845101021981017
path,-7.597176066599662,-2.8843902993152093
path,-7.595511748352714,-2.884270970308219
path,-7.593847119932598,-2.884152385805498
path,-7.592182632132779,-2.8840343693032153
path,-7.590519751680107,-2.883916134472966
path,-7.588855221632781,-2.8837994310477075
path,-7.587189859188622,-2.8836832466943285
path,-7.585524366714378,-2.8835677183178365
path,-7.583858799379656,-2.8834528711543026
path,-7.582194890802455,-2.8833377787167205
path,-7.5805293931077165,-2.883224192372032
path,-7.578861533385875,-2.883110837086531
path,-7.5771930247858466,-2.8829982783080084
path,-7.575526010328243,-2.8828855521784633
path,-7.573857361613632,-2.882774358039375
path,-7.572188852073407,-2.882663747238482
path,-7.570520172927427,-2.882552652730769
path,-7.568849671830626,-2.882443182621085
path,-7.567178837797723,-2.88233452169426
path,-7.565508383116339,-2.882226330391877
path,-7.563839251902017,-2.8821180492215994
path,-7.562164890819535,-2.8820104176022223
path,-7.560490881855648,-2.8819028953811863
path,-7.558815091881378,-2.8817969862208677
path,-7.5571393936093525,-2.881691687393385
path,-7.5554652171006875,-2.881586203814845
path,-7.553785984570241,-2.8814817105619337
path,-7.552106168063439,-2.881377930161281
path,-7.55042766978619,-2.8812740660218776
path,-7.548747465427705,-2.8811717860460457
path,-7.547068884280922,-2.881069272152198
path,-7.545383935788027,-2.880967303539101
path,-7.5436989195045125,-2.880865587531049
path,-7.542012351657319,-2.8807653871147862
path,-7.540327420726791,-2.880664951651306
path,-7.538640577244671,-2.880566206969034
path,-7.536947739538504,-2.880465653628544
path,-7.535251855467957,-2.880367353539319
path,-7.533557388245654,-2.880268931230618
path,-7.531861290963698,-2.880172070648777
path,-7.530166779318039,-2.880075003440684
path,-7.528466624678677,-2.8799787021901464
path,-7.526766641626165,-2.879882605733588
path,-7.525065151321482,-2.8797880217494862
path,-7.5233653521450075,-2.8796931764069984
path,-7.521663553072078,-2.879600086353381
path,-7.519987911089899,-2.879511919000475
path,-7.518318219242222,-2.8794216903777317
path,-7.51664750167065,-2.8793327111398272
path,-7.514978602151639,-2.8792433809529343
path,-7.513309920292544,-2.8791545904244766
path,-7.511642567081865,-2.8790679204060328
path,-7.509977498905805,-2.8789808728957316
path,-7.508311078926033,-2.8788952362360933
path,-7.506646264468799,-2.878809347022102
path,-7.504981560023009,-2.8787240475151448
path,-7.50331606359687,-2.8786404133227315
path,-7.501652322278453,-2.878556502628641
path,-7.499988679313939,-2.8784731861914867
path,-7.498323399919391,-2.878391425384399
path,-7.4966596469243685,-2.878309446729888
path,-7.494996753702149,-2.8782282083409
path,-7.493332334808776,-2.8781484708846055
path,-7.491669443981429,-2.8780685121950724
path,-7.490006593411252,-2.8779891761369814
path,-7.488342077058333,-2.877911413630979
path,-7.486678976435601,-2.8778334290744807
path,-7.485015890277141,-2.877756080452428
path,-7.48335296883988,-2.877679289293708
path,-7.481688497557392,-2.877604015398565
path,-7.480025431494134,-2.877528578640201
path,-7.478361201722642,-2.877453621179009
path,-7.476697036547744,-2.8773792725812064
path,-7.475033401295395,-2.877314748590611
path,-7.473368478954402,-2.87724337974392
path,-7.4717098173821785,-2.8771726636393984
path,-7.47005166647284,-2.8771035309047246
path,-7.468394635476277,-2.8770377083133414
path,-7.466742135662013,-2.876973350617993
path,-7.4650928911982675,-2.876911138224354
path,-7.46344540562287,-2.876851778953114
path,-7.461800640423575,-2.8767935974165826
path,-7.460158821429348,-2.8767376212243425
path,-7.45851879708809,-2.87668432037529
path,-7.456882784102206,-2.87663266246837
path,-7.45524738767862,-2.8765833121586812
path,-7.453609687603481,-2.8765336178067016
path,-7.451969181253139,-2.8764856943949417
path,-7.4503299003924806,-2.8764378529066597
path,-7.44868873779186,-2.876391406413166
path,-7.44704871853666,-2.8763450767910426
path,-7.445402528698193,-2.8762983914821616
path,-7.443753358022875,-2.8762535542090144
path,-7.4421042476601595,-2.8762092782392163
path,-7.440454045953432,-2.876166095100009
path,-7.43880484227457,-2.876123094690013
path,-7.437153491112984,-2.876080429825244
path,-7.435499414624106,-2.8760395178311295
path,-7.433846628454855,-2.875998685524818
path,-7.432192452958081,-2.875959083298065
path,-7.430539199681485,-2.8759197042333624
path,-7.428878721420783,-2.875879941433406
path,-7.427214977425281,-2.875842156596245
path,-7.425551851751291,-2.875804731286932
path,-7.423888574460616,-2.8757680193418285
path,-7.4222238382180725,-2.8757325852959603
path,-7.42057636089928,-2.875700077188581
path,-7.418931858977565,-2.8756671040594255
path,-7.417289017714415,-2.875634071478385
path,-7.415646148811318,-2.875601696999244
path,-7.4140018345040986,-2.8755705908637506
path,-7.412360306396933,-2.8755400270391953
path,-7.410719107150718,-2.8755099878646826
path,-7.409076528315013,-2.8754811990683575
path,-7.407434770235489,-2.8754526853456515
path,-7.405793317615111,-2.8754247121345387
path,-7.404154076351337,-2.8753978891104204
path,-7.402513990826087,-2.8753721196086555
path,-7.400874773951399,-2.875346610326012
path,-7.399235848821944,-2.875321655532608
path,-7.397596618409466,-2.8752974831315767
path,-7.3959578462172155,-2.8752749103901376
path,-7.394321279279936,-2.875252225777696
path,-7.392684248538522,-2.8752303872892315
path,-7.391047410103661,-2.8752091511949835
path,-7.389408212871797,-2.875196306210367
path,-7.387770851831466,-2.875176251620389
path,-7.38613292384802,-2.8751572582819582
path,-7.384496154804381,-2.8751384842889514
path,-7.382859014040961,-2.8751205809247957
path,-7.381222119292656,-2.8751033158119688
path,-7.379684513414108,-2.8750457789692194
path,-7.378277663227826,-2.874960808069313
path,-7.376850721378083,-2.8748435481708934
path,-7.375399847207654,-2.874707588218071
path,-7.373939408940216,-2.874558604625729
path,-7.372468933203391,-2.874396990722566
path,-7.370988908155352,-2.8742224553757296
path,-7.369499348079209,-2.8740350586087042
path,-7.368000271867178,-2.8738348661308595
path,-7.366491702451121,-2.873621949689527
path,-7.364973174965194,-2.8733967447621276
path,-7.363445215584557,-2.8731589775853985
path,-7.3619078625183505,-2.872908737524359
path,-7.360361157955841,-2.87264612044584
path,-7.358805149083786,-2.872371228355593
path,-7.357238346968562,-2.8720852922108926
path,-7.3556623477493295,-2.8717873053070035
path,-7.354077214235311,-2.8714773851563256
path,-7.352483012066377,-2.8711556535294074
path,-7.3508800195589625,-2.870822527041128
path,-7.349268986005765,-2.870484998537556
path,-7.34766913627875,-2.870199161548044
path,-7.346117232445181,-2.8700013412815766
path,-7.344611128616313,-2.8698671190641347
path,-7.343148998624086,-2.8697938700169097
path,-7.341695491623473,-2.8697365656737794
path,-7.340241799065106,-2.869679673671706
path,-7.338787924082832,-2.869623193284355
path,-7.337333871835298,-2.8695671248896395
path,-7.335879644371085,-2.869511466404324
path,-7.3344192788421285,-2.86945599068989
path,-7.332958742949506,-2.86940092745323
path,-7.33149804153244,-2.8693462754845
path,-7.33003717558214,-2.8692920345211133
path,-7.328576148203607,-2.86923820390225
path,-7.3271116601275335,-2.8691846622377066
path,-7.325647012511871,-2.8691315322640802
path,-7.324182210937707,-2.869078812705198
path,-7.322717256912797,-2.869026503203568
path,-7.32125215318172,-2.868974603156676
path,-7.319791656928304,-2.868923279383054
path,-7.3183310168247795,-2.8688723611212
path,-7.316870262558519,-2.8688218299917145
path,-7.315420188897444,-2.86877638039419
path,-7.313962966313458,-2.868725606662011
path,-7.312509844196896,-2.868676021164237
path,-7.3110586649462865,-2.8686295472971945
path,-7.309608002159864,-2.868578717681628
path,-7.308158714777979,-2.8685313547059086
path,-7.306709118666724,-2.8684802537732343
path,-7.305262789104523,-2.8684328694880756
path,-7.303818401725169,-2.868384479761975
path,-7.302374600586439,-2.868334685105827
path,-7.300930419464518,-2.8682838185952004
path,-7.299497801508823,-2.868242239402614
path,-7.2980603044483425,-2.868195095692571
path,-7.296623511023237,-2.868146626281953
path,-7.295187963579852,-2.8680975282638097
path,-7.293754404513395,-2.868051116064316
path,-7.292320036173957,-2.8680016594799573
path,-7.290891508085606,-2.867956284813832
path,-7.289467502046893,-2.8679078254384787
path,-7.288039951241634,-2.8678585877767175
path,-7.286613070798234,-2.8678221545858924
path,-7.285163373074799,-2.8678066330877923
path,-7.283691799655685,-2.867823416625446
path,-7.282216610753766,-2.8678463617233088
path,-7.2807405525612,-2.86787345234975
path,-7.279269677599798,-2.867900422957429
path,-7.277803778898354,-2.8679267282140746
path,-7.276342980702191,-2.867951253038421
path,-7.274888916736641,-2.867977649691036
path,-7.2734402504278215,-2.868003839481952
path,-7.271997329633743,-2.8680296154473055
path,-7.270561884034244,-2.868050548230973
path,-7.269131216403043,-2.868076509624697
path,-7.267706552705216,-2.868104761217677
path,-7.26628631282548,-2.868130705496985
path,-7.264871803494807,-2.8681557466100767
path,-7.2634628687425735,-2.868180399312119
path,-7.262058819051901,-2.8682071389793933
path,-7.260654326971573,-2.8682311836004613
path,-7.259250625454986,-2.8682584786508762
path,-7.257846903091902,-2.868285892733975
path,-7.256442421963564,-2.8683114247375854
path,-7.255038597893875,-2.868339198640887
path,-7.2536358129463485,-2.8683633820496177
path,-7.2522332000783285,-2.8683930904646076
path,-7.250833598447924,-2.868420488276503
path,-7.249436266139804,-2.8684520033408045
path,-7.248030252265672,-2.868482300815395
path,-7.246622132808845,-2.868511575076409
path,-7.24521561565131,-2.8685429937525493
path,-7.243807857794924,-2.8685728447565713
path,-7.242401354165877,-2.868605087995447
path,-7.240990378998651,-2.868635750444095
path,-7.239580272026568,-2.8686692434788443
path,-7.238172037280131,-2.868698193397176
path,-7.236763201820675,-2.868733306169859
path,-7.23535393774867,-2.868768729615514
path,-7.233925980305549,-2.8688029498818364
path,-7.2324923209019,-2.868837533800309
path,-7.231059265373944,-2.868875164471614
path,-7.229625235093394,-2.8689104988133285
path,-7.228192470436352,-2.8689487313372815
path,-7.226764629786876,-2.8689854048794445
path,-7.2253391927958885,-2.869024326917593
path,-7.223913583338176,-2.869060483229204
path,-7.222500222221773,-2.869107706888512
path,-7.221094675865827,-2.869156236411515
path,-7.219681759611443,-2.8692013346798144
path,-7.218266475506028,-2.8692474391597984
path,-7.216851461570524,-2.869293653112571
path,-7.215436073193812,-2.8693404195780543
path,-7.2140209159075335,-2.8693873478846004
path,-7.212609985673362,-2.8694347578852994
path,-7.211200512740202,-2.8694822051835036
path,-7.20979186700282,-2.869533114498163
path,-7.208389601842734,-2.8695797072675604
path,-7.206981246511433,-2.86962903779217
path,-7.205576771837138,-2.869679399611374
path,-7.204173410438123,-2.869729259146554
path,-7.202770099337154,-2.86977935209077
path,-7.201366204464445,-2.869830111355175
path,-7.199963475864733,-2.8698800679536043
path,-7.198563648392926,-2.8699283962808284
path,-7.19716406211335,-2.869976887716693
path,-7.195764783615092,-2.8700255108462827
path,-7.194369052868341,-2.8700724856257254
path,-7.192974992651524,-2.8701254252555763
path,-7.191578243793913,-2.8701765662838423
path,-7.19018232818307,-2.8702273801853613
path,-7.188785923096793,-2.8702787659579276
path,-7.187389987983872,-2.870330110742417
path,-7.185993631229845,-2.8703820171870063
path,-7.184599932434479,-2.8704370365906753
path,-7.183205435740801,-2.870489462154832
path,-7.18181084076615,-2.870542690306699
path,-7.18041647830221,-2.8705956907426793
path,-7.179022518344263,-2.870649084715789
path,-7.177636061628796,-2.870699092140712
path,-7.1762439677548295,-2.8707539003489386
path,-7.1748526338043215,-2.870812078777906
path,-7.173460049655528,-2.870867704126057
path,-7.172067120490483,-2.8709242237572026
path,-7.170675415303023,-2.870980298225902
path,-7.16928324157589,-2.8710369889781044
path,-7.167891690980706,-2.8710935857022033
path,-7.166499650993203,-2.8711508360597535
path,-7.165107786826176,-2.8712083104964345
path,-7.163716309015568,-2.871265953483342
path,-7.162325712108318,-2.8713270168706075
path,-7.160941477535146,-2.871380700535409
path,-7.159550885994578,-2.8714408618134435
path,-7.1581602387772945,-2.8715009080330396
path,-7.156768886740521,-2.871561417364077
path,-7.155377595810158,-2.8716221506957726
path,-7.153986527720453,-2.8716830186781324
path,-7.1525962648886505,-2.8717472750042736
path,-7.151204689805137,-2.871809429874729
path,-7.149812813400111,-2.8718712824070303
path,-7.148420398818555,-2.871933827777715
path,-7.147028193490898,-2.871996578837576
path,-7.145636306319855,-2.8720594742307934
path,-7.144248140074586,-2.8721211270025533
path,-7.142861353956206,-2.872185108010805
path,-7.141467884379153,-2.872250004839678
path,-7.140073622926334,-2.872315681527084
path,-7.138679500277846,-2.872381536494821
path,-7.137285347822735,-2.872447695681381
path,-7.135889929703025,-2.8725167357782366
path,-7.134491858125956,-2.872584119799851
path,-7.133094248406571,-2.87265122423996
path,-7.131696263332152,-2.87271892067913
path,-7.130298503759155,-2.8727868201792477
path,-7.1288991921608105,-2.872854876939609
path,-7.127500846477628,-2.872926280622262
path,-7.126101262627763,-2.872995266568617
path,-7.12470878084474,-2.873060178890308
path,-7.1233106039585055,-2.8731306216390005
path,-7.121908726479106,-2.8732013567903736
path,-7.120506013261311,-2.87327290680022
path,-7.119104328192919,-2.873347667590672
path,-7.117701124110788,-2.8734203854318334
path,-7.116298161098936,-2.8734929868710144
path,-7.114890739751409,-2.873565395428516
path,-7.113482283351021,-2.8736388309510628
path,-7.112075054533161,-2.8737154135998413
path,-7.110666114948084,-2.873790127212126
path,-7.109257780538573,-2.873864560857271
path,-7.107846556341925,-2.8739392989033132
path,-7.10643479762158,-2.874014777001261
path,-7.10502701528101,-2.8740886890673036
path,-7.103622626363198,-2.8741652142473235
path,-7.102211642421239,-2.874242742321299
path,-7.100807665698209,-2.8743211811520544
path,-7.099405565051753,-2.874398665116526
path,-7.098003158316317,-2.8744766540882765
path,-7.09660084230465,-2.8745548983247335
path,-7.095199748234045,-2.874636265656456
path,-7.093801415024073,-2.874715815995406
path,-7.092404514939815,-2.8747946870697754
path,-7.0910074055798695,-2.8748740526785923
path,-7.089610435559606,-2.874953692937255
path,-7.088213639129992,-2.8750335888346705
path,-7.086825713093601,-2.8751151201798453
path,-7.08543155171316,-2.8751904953041065
path,-7.08402933728832,-2.875260523751899
path,-7.082622107366902,-2.8753230735644997
path,-7.081210071346844,-2.8753816718560694
path,-7.079793645491754,-2.8754297659872243
path,-7.078372859193328,-2.875472549096966
path,-7.076944268031157,-2.875504427880867
path,-7.075508229615234,-2.8755279641220683
path,-7.074065836095299,-2.8755461947435403
path,-7.072615093001222,-2.875552199678182
path,-7.071166938748095,-2.8755468055242854
path,-7.069700856039127,-2.8755340135456486
path,-7.068225170861915,-2.8755148029973308
path,-7.066738234979968,-2.8754847751313095
path,-7.065244160817209,-2.8754450156658513
path,-7.063751918745679,-2.87540792988497
path,-7.062257837206675,-2.875368739794991
path,-7.060765680246863,-2.8753325046006726
path,-7.059271298344746,-2.875294508125444
path,-7.057779966935507,-2.8752591164924444
path,-7.056286591984783,-2.87522182882475
path,-7.054795181163653,-2.87518756845153
path,-7.05330264619193,-2.8751504682787377
path,-7.051811447761316,-2.8751170296280795
path,-7.05032034105486,-2.875083973979749
path,-7.048827460971206,-2.8750487744202955
path,-7.04733670920973,-2.8750164302407484
path,-7.045844386125038,-2.8749817917044456
path,-7.044354051842816,-2.8749501314684207
path,-7.042861186995428,-2.8749163164001317
path,-7.0413699018387605,-2.874885788612018
path,-7.039876782589447,-2.8748532080872304
path,-7.038385670846871,-2.874823654849261
path,-7.036893453121527,-2.8747913064451907
path,-7.035400711479207,-2.8747624447214304
path,-7.033907107665162,-2.874734420009275
path,-7.032412386043628,-2.8747037150489465
path,-7.0309197365914775,-2.8746759536219186
path,-7.029425251137889,-2.874646137741695
path,-7.027930653389301,-2.8746198181601788
path,-7.026435088169511,-2.8745906108056856
path,-7.024941015278367,-2.874564935882458
path,-7.023445752218438,-2.874536569313868
path,-7.021951351351824,-2.8745122815123505
path,-7.020454259486412,-2.874487263789301
path,-7.018955024561629,-2.874460452936417
path,-7.017457144156126,-2.8744372591670144
path,-7.015958153307002,-2.8744113244141634
path,-7.014460628792701,-2.8743889238154816
path,-7.012959234115356,-2.8743631649840227
path,-7.011458068679683,-2.874342047265723
path,-7.009957900486789,-2.874320586796234
path,-7.0084618984521825,-2.8742957372370648
path,-7.00696490310107,-2.874274904527025
path,-7.005455289249154,-2.874253657304265
path,-7.003945364897298,-2.874233083991856
path,-7.002436841973628,-2.8742119480512147
path,-7.00092116636343,-2.874192617137255
path,-6.99940251435646,-2.874176082698824
path,-6.9978915303226294,-2.874159040817763
path,-6.996383711504724,-2.8741446211352217
path,-6.994874282512922,-2.8741279420166648
path,-6.993365104967441,-2.874111503030466
path,-6.991856135701851,-2.874095363686394
path,-6.990351114549351,-2.874082948678951
path,-6.988845099823763,-2.8740680482555754
path,-6.987339426818139,-2.8740533331428946
path,-6.985833993558198,-2.874038912757575
path,-6.984337776042689,-2.874026470993558
path,-6.982989172186088,-2.874100698096264
path,-6.9817473000651695,-2.8742360137974057
path,-6.980516559346749,-2.8743683600003576
path,-6.979288506119462,-2.874500515855093
path,-6.978061746037932,-2.8746325644568596
path,-6.976836684627223,-2.8747659775910037
path,-6.9756127292352925,-2.8749000041792367
path,-6.974389462717002,-2.875034744681057
path,-6.9731670567394275,-2.8751695697808595
path,-6.971944992292473,-2.8753058236921687
path,-6.970725215487294,-2.8754428242938035
path,-6.969506691063063,-2.875580402016978
path,-6.968288967587432,-2.8757186398839605
path,-6.967072096904622,-2.8758569609919826
path,-6.9658556135033525,-2.8759966858313173
path,-6.964640720538954,-2.8761371680428365
path,-6.963426809067396,-2.876278295966538
path,-6.9622135436262464,-2.876420154764151
path,-6.961000897958038,-2.8765627518724823
path,-6.959793268859955,-2.8767038473016604
path,-6.958591741644963,-2.8768535211979236
path,-6.957392378702349,-2.8770030102176887
path,-6.9561968562758025,-2.8771478290542167
path,-6.954998594693832,-2.8772971407609917
path,-6.953806889053103,-2.8774443064583384
path,-6.952617184953562,-2.877593492948726
path,-6.95142660498555,-2.8777437827707812
path,-6.950239599968909,-2.8778909705659
path,-6.949051663524685,-2.8780429678212585
path,-6.947864451372994,-2.878195619789209
path,-6.9466781957685875,-2.8783450272572035
path,-6.945490618844094,-2.8784994446018737
path,-6.94430687441047,-2.878650280675789
path,-6.943121384887898,-2.8788056384217175
path,-6.94193697296165,-2.8789629824108096
path,-6.940755003429491,-2.8791216451846053
path,-6.939570401800179,-2.8792799069136503
path,-6.938389391813055,-2.879434402807687
path,-6.937206610185361,-2.879593614895477
path,-6.936025810201936,-2.8797514776524227
path,-6.934844502493625,-2.8799104095781445
path,-6.933663026208646,-2.8800729290337377
path,-6.932483016747899,-2.880230945032968
path,-6.931303110166358,-2.8803939650669945
path,-6.930122354303815,-2.880558671066683
path,-6.928916397540627,-2.8807206284769147
path,-6.927696168057824,-2.880890522491102
path,-6.926473285785603,-2.8810605417954025
path,-6.925250593314431,-2.8812331623521064
path,-6.924026960773498,-2.8814090267822867
path,-6.922813627489344,-2.8815868154365725
path,-6.921598725929304,-2.881763683731423
path,-6.9203858420741415,-2.8819363889419662
path,-6.919172798725135,-2.882113315539938
path,-6.917959714534223,-2.882291882265773
path,-6.916751970586406,-2.8824668796311603
path,-6.915543847230974,-2.8826461062151547
path,-6.914338945901631,-2.8828256976372417
path,-6.9131314205471055,-2.8830055229809393
path,-6.911925039593629,-2.883188026332065
path,-6.910727093170975,-2.8833711764011967
path,-6.909528407944185,-2.883555613015026
path,-6.908330863520045,-2.8837406422840677
path,-6.907133283210142,-2.8839292949559026
path,-6.905935957844316,-2.8841152112592052
path,-6.904744673691217,-2.884297969575508
path,-6.9035562611728345,-2.8844815497326675
path,-6.902367382382062,-2.8846676073568718
path,-6.901182764350069,-2.8848598566713473
path,-6.8999930116924215,-2.8850492448351726
path,-6.898806803900106,-2.8852378779474472
path,-6.89762560010687,-2.885432083878508
path,-6.896440604088076,-2.88562297685986
path,-6.895257811564969,-2.8858140156488625
path,-6.894079901898123,-2.8860067229132293
path,-6.89290130519168,-2.8861995003082233
path,-6.891728677933967,-2.886393180089857
path,-6.890552454542693,-2.886586821702046
path,-6.889378556427089,-2.8867764998307583
path,-6.888204570276477,-2.886968584301362
path,-6.887031848071356,-2.887163611370611
path,-6.885864788352832,-2.887361169255211
path,-6.88469329856307,-2.887557700945918
path,-6.883526579644548,-2.88775937562889
path,-6.88235382699861,-2.8879584386677997
path,-6.8811869954230565,-2.8881577838308305
path,-6.880026182441543,-2.8883581009929857
path,-6.878861515141296,-2.888558444042178
path,-6.877696830869464,-2.888758336082799
path,-6.876538814791726,-2.888961652259995
path,-6.875376481967597,-2.889163282824649
path,-6.874219996975893,-2.889359869200541
path,-6.873061186393091,-2.8895619886621047
path,-6.871889322568815,-2.889772149050204
path,-6.870672519124864,-2.890012961797835
path,-6.869456574055966,-2.8902630226830923
path,-6.868239447909889,-2.8905224211685487
path,-6.867021125509682,-2.890791112114872
path,-6.865801635770914,-2.8910688763493178
path,-6.864580966997924,-2.8913557036801647
path,-6.863360163532004,-2.8916514259959936
path,-6.862138183598784,-2.8919561150146076
path,-6.860915027944469,-2.892269740907381
path,-6.859690682919792,-2.8925923458033806
path,-6.858465129362616,-2.8929240012159685
path,-6.857240099159078,-2.893264697387252
path,-6.856013812202574,-2.8936146338977524
path,-6.854786272302665,-2.893973765577694
path,-6.853557387576049,-2.894342144738756
path,-6.852327193969111,-2.8947197902383017
path,-6.851097023385177,-2.895106701541844
path,-6.849865511367755,-2.895503039048806
path,-6.84863586800072,-2.895901805425726
path,-6.847441111572932,-2.8962270162914407
path,-6.84625923146095,-2.8964797174642665
path,-6.845061662335222,-2.8967376162269103
path,-6.843862380697587,-2.897006264704577
path,-6.842661398695311,-2.8972856608603124
path,-6.841458769574083,-2.8975756117411366
path,-6.840254524065212,-2.897876021690942
path,-6.839048868360539,-2.8981867732706985
path,-6.837841640651639,-2.898507856255919
path,-6.836632856100509,-2.898839232497424
path,-6.835422510370919,-2.899180943448768
path,-6.834210528304295,-2.899533333506529
path,-6.832996826398157,-2.899896235553042
path,-6.831781537046045,-2.900269552887787
path,-6.830564552484159,-2.900653315938938
path,-6.82934596197926,-2.901047545637511
path,-6.828125740741187,-2.9014523381824184
path,-6.8269031475180615,-2.9018678395596806
path,-6.825704522101615,-2.9022437730194084
path,-6.824545109098541,-2.902523975875479
path,-6.8233590838696445,-2.9027887469840024
path,-6.8221710181418445,-2.903065401328664
path,-6.820979401873737,-2.9033539165218873
path,-6.819785835900942,-2.903654056726831
path,-6.818590393813545,-2.9039655537212483
path,-6.817393083629635,-2.9042884236054802
path,-6.8161939027632945,-2.9046227245590006
path,-6.814947144032536,-2.904970155919756
path,-6.813696519707143,-2.9053273580621344
path,-6.8124683933365064,-2.9056304582975856
path,-6.811277531223509,-2.905835612769769
path,-6.810096098410924,-2.905955174010213
path,-6.808910158742883,-2.906074186112549
path,-6.807721764550897,-2.9062057206318928
path,-6.806530984497217,-2.906349634592435
path,-6.805337885605501,-2.906505795682987
path,-6.804142530265311,-2.9066740824364103
path,-6.802948488115743,-2.9068541022484715
path,-6.801752300632139,-2.907046033943375
path,-6.8005540154528035,-2.9072497885022273
path,-6.799353677646795,-2.9074652871153144
path,-6.798151348505392,-2.9076923689709067
path,-6.7969535193610495,-2.9079303252701902
path,-6.795753800399791,-2.9081796029517486
path,-6.794552221040237,-2.9084401502792527
path,-6.793348835983773,-2.9087118053957273
path,-6.792143729288459,-2.9089942654003975
path,-6.790943631478198,-2.9092868887998646
path,-6.789741894882944,-2.9095900638254806
path,-6.788538552192452,-2.9099036897273534
path,-6.78733363539144,-2.910227678248117
path,-6.7861272146251626,-2.9105617560518073
path,-6.784921915665625,-2.910905656903924
path,-6.783715123571509,-2.911259674976768
path,-6.782525518321733,-2.911577643069762
path,-6.781374473957792,-2.9117947115999936
path,-6.780258113444717,-2.9119175359912934
path,-6.779107578820518,-2.9120338464336513
path,-6.777955316611334,-2.912161094229765
path,-6.776801287930163,-2.912299294044755
path,-6.775645531217528,-2.9124481685071686
path,-6.774488061321035,-2.9126075866839547
path,-6.773331991687833,-2.9127779685680415
path,-6.772183194194421,-2.9129632901199396
path,-6.771027294869448,-2.913155608111604
path,-6.769864182487553,-2.9133546577746148
path,-6.76869553080757,-2.9135611158084376
path,-6.76752235695467,-2.9137739538294096
path,-6.766341058691752,-2.91399550598735
path,-6.7651515658679,-2.9142253181903746
path,-6.763953752899563,-2.9144631513940684
path,-6.762747437891663,-2.91470898771563
path,-6.761536528188023,-2.914962547875736
path,-6.760316789072026,-2.915223973474807
path,-6.75908800301296,-2.915493234735131
path,-6.757849934798904,-2.9157703250035505
path,-6.75660234486846,-2.9160551768275718
path,-6.7553465824391195,-2.9163477112611793
path,-6.75408079246922,-2.916647862571064
path,-6.752804652745076,-2.916955726688767
path,-6.751517805662828,-2.917271494332506
path,-6.750222613155527,-2.9175907661214295
path,-6.748942295610511,-2.917840904984582
path,-6.747690699769074,-2.9179958315922105
path,-6.746461510098327,-2.918048551167386
path,-6.745177175526351,-2.9180319458675803
path,-6.743879224693153,-2.918024276905005
path,-6.742568603076294,-2.9180253318278964
path,-6.74124349051218,-2.9180354716836168
path,-6.739903457767472,-2.918054160854749
path,-6.738547970080822,-2.9180812798796345
path,-6.73717644449845,-2.9181167156031727
path,-6.735706443024731,-2.9181621926775585
path,-6.734205606192731,-2.9182100211206894
path,-6.732684162134355,-2.918264667392126
path,-6.731141072857609,-2.9183259481688983
path,-6.729575190516046,-2.9183936752222106
path,-6.728000354977593,-2.9184680091771114
path,-6.72640052624663,-2.918548490847658
path,-6.724792827721299,-2.918610353197717
path,-6.7232145722174845,-2.9186051525726078
path,-6.721670755693225,-2.918525025337506
path,-6.720123582655884,-2.918441738250061
path,-6.718555524813261,-2.918471137509642
path,-6.716961219608619,-2.918529395737094
path,-6.715345701019553,-2.9185966248993362
path,-6.71372378694689,-2.918671086090059
path,-6.712105445081018,-2.918748324541212
path,-6.710490108022555,-2.918822242120932
path,-6.708875429132719,-2.9189000718475944
path,-6.707259264168581,-2.9189750076581076
path,-6.7056434870548625,-2.9190524523883785
path,-6.704034994825611,-2.9191290984329012
path,-6.702431488666595,-2.9192063724171353
path,-6.700824648421379,-2.9192850890539357
path,-6.699218441619737,-2.919364958277308
path,-6.6976138294137115,-2.919446795900972
path,-6.696016199202352,-2.9195245509790877
path,-6.694420745186797,-2.919603802941297
path,-6.692828032936126,-2.919685810417547
path,-6.691236638894734,-2.9197657561580046
path,-6.689644275063356,-2.9198493584727734
path,-6.688064234732623,-2.919932837870253
path,-6.686486276795039,-2.9200077703016114
path,-6.68491078412631,-2.9200847108764503
path,-6.683333609242786,-2.9201605141414304
path,-6.681758881766536,-2.9202376739461555
path,-6.680188622686232,-2.920320324905656
path,-6.678621715325854,-2.9204057628289286
path,-6.677052081127068,-2.9204898190857973
path,-6.6754842010242115,-2.9205794266326293
path,-6.673917003363434,-2.920668084696052
path,-6.672351820881572,-2.9207526070896273
path,-6.670789848754192,-2.9208417510414635
path,-6.669228551274105,-2.92092780609242
path,-6.667669515365076,-2.9210163418938797
path,-6.6661076086787565,-2.921103320433621
path,-6.664546981470577,-2.9211918646534203
path,-6.662988089957995,-2.9212846529740624
path,-6.661425940294119,-2.9213744337158607
path,-6.659866160416896,-2.921469345424529
path,-6.658304899748914,-2.9215638701570086
path,-6.656744082204249,-2.921660181267975
path,-6.655186688746827,-2.921759951461105
path,-6.653624585357454,-2.921851874301246
path,-6.652065523692835,-2.9219522382668512
path,-6.650508357389606,-2.922056725276445
path,-6.64895109749353,-2.922161255922198
path,-6.647391689469319,-2.922264913236512
path,-6.645833127736579,-2.922368080024046
path,-6.6442724358972125,-2.9224744231895867
path,-6.642714068015628,-2.9225841754490123
path,-6.64115206228063,-2.922690004568207
path,-6.639598957576387,-2.922805827505361
path,-6.638038103580255,-2.922913490364103
path,-6.636477800828662,-2.9230225206974043
path,-6.6349188331728115,-2.923134239865039
path,-6.6333017747086815,-2.9232395441670995
path,-6.631644836814991,-2.9233422916685656
path,-6.629980192227973,-2.923455504837574
path,-6.62831484294146,-2.923578028460295
path,-6.626650384093662,-2.9237010638283505
path,-6.624993148743494,-2.9238259101232904
path,-6.6233426256147165,-2.9239571108693925
path,-6.621686607635672,-2.9240775825942187
path,-6.620033963378424,-2.9242062763404637
path,-6.618374847182489,-2.924325735867253
path,-6.616731417340885,-2.9244430909024817
path,-6.615092156302977,-2.924563824454678
path,-6.613452077465462,-2.9246841516268733
path,-6.6118139057434195,-2.9248056327737615
path,-6.6101743273028735,-2.924923737504028
path,-6.608554678691483,-2.9250579263728653
path,-6.606927421360452,-2.9251802240786438
path,-6.6053000692921175,-2.9253023008595203
path,-6.603672358136256,-2.92542361919245
path,-6.6020481759658365,-2.9255493282581777
path,-6.600438603085074,-2.925679612940174
path,-6.598826866826014,-2.9258023122088956
path,-6.597215713393878,-2.9259242688824005
path,-6.595606675821136,-2.926050399735628
path,-6.5939939686205955,-2.926173421396729
path,-6.592396793410889,-2.926298434010095
path,-6.590798247929751,-2.926421679931304
path,-6.589201963717881,-2.926547868528902
path,-6.587607378605341,-2.92667421262874
path,-6.5860099396783545,-2.926802027243878
path,-6.584418796842688,-2.926931971379661
path,-6.582827885086716,-2.927061226047643
path,-6.581235261158301,-2.9271867640327005
path,-6.579642988162799,-2.927314755367889
path,-6.57805242024227,-2.9274451509138104
path,-6.57646855303003,-2.927574433701984
path,-6.574888871508401,-2.9277052341296925
path,-6.573313115184971,-2.9278416692105695
path,-6.571734298180156,-2.927975298450991
path,-6.570155937585147,-2.9281090536472045
path,-6.56858091309565,-2.928243555215719
path,-6.567006916438453,-2.9283779146097744
path,-6.5654329288600355,-2.928512824631706
path,-6.563849099014328,-2.9286382142864866
path,-6.562266704682127,-2.9287658460581305
path,-6.5606912232380425,-2.928897633995521
path,-6.559121857118619,-2.929033184957274
path,-6.557543976507914,-2.929160844349468
path,-6.555965472125056,-2.9292895767683045
path,-6.55438665798525,-2.9294190009544674
path,-6.552816157902824,-2.9295539083890514
path,-6.551254325318597,-2.9296951466785788
path,-6.549684348529812,-2.9298269600525906
path,-6.548111945462991,-2.9299598021842557
path,-6.546538736855274,-2.9300936464753824
path,-6.544966635169511,-2.930228545237192
path,-6.5433924555300855,-2.93036264019358
path,-6.541819732352782,-2.930498883649006
path,-6.540246728123916,-2.9306356318524203
path,-6.538656373232226,-2.9307763848796875
path,-6.537029865294544,-2.930932157126627
path,-6.5354035112352395,-2.9310882907588565
path,-6.533753018209123,-2.9312150411379867
path,-6.532100796720397,-2.931344090487761
path,-6.530446555299642,-2.9314756942485625
path,-6.528692334896559,-2.931670210087573
path,-6.526920139814767,-2.9318733801533465
path,-6.525147574059018,-2.9320828181956657
path,-6.523385103545048,-2.9323142314555506
path,-6.521657082555992,-2.932602551134825
path,-6.519981641806824,-2.9329401166795503
path,-6.518362121885937,-2.9333674815557993
path,-6.516812306524838,-2.9339030451709416
path,-6.515333582069597,-2.9345493683968114
path,-6.513945204173592,-2.9353331912109395
path,-6.512616628016925,-2.936182361220055
path,-6.511272997171735,-2.9369737795822237
path,-6.509877363334861,-2.9377280726200206
path,-6.508437832251128,-2.9384250360170037
path,-6.506960997241022,-2.9390828420012824
path,-6.505464356010972,-2.939686311267329
path,-6.503956841885329,-2.9402755741150357
path,-6.5024528535770285,-2.940870618549592
path,-6.500947371530448,-2.941463350100159
path,-6.49944038700172,-2.9420537004954563
path,-6.497952250684169,-2.9426422219122785
path,-6.496464130898588,-2.9432308516891945
path,-6.494973773147566,-2.9438158922225512
path,-6.493485335711658,-2.94440406960335
path,-6.491998426692315,-2.944994836641139
path,-6.490515342940557,-2.9455784928251068
path,-6.489034278847693,-2.9461654194326807
path,-6.487554170758131,-2.9467539593937535
path,-6.486072129880919,-2.9473394404912856
path,-6.484590716686306,-2.9479259147755843
path,-6.483124249341376,-2.948511134357634
path,-6.481655971559398,-2.9490934812106864
path,-6.480187216355412,-2.949675029205465
path,-6.47872200761762,-2.9502623428880663
path,-6.4772543043816295,-2.9508456728064267
path,-6.475791227177925,-2.9514256492321023
path,-6.474331764111588,-2.9520114700811573
path,-6.472870661040882,-2.9525946979322324
path,-6.471408098701287,-2.953175571550422
path,-6.469948249353917,-2.9537608369269956
path,-6.4684967782557505,-2.9543432803244465
path,-6.467042883402287,-2.9549218119923335
path,-6.465592035858233,-2.9555052588301787
path,-6.464140614732953,-2.9560878286810848
path,-6.462687554970689,-2.9566677837130384
path,-6.46124242286745,-2.957248728128271
path,-6.459798261449323,-2.9578312831448024
path,-6.458351559244446,-2.9584097529750375
path,-6.456905709413859,-2.9589895851250887
path,-6.455463183333405,-2.9595748293092266
path,-6.454024954087879,-2.9601515357962485
path,-6.452587512143591,-2.9607294806436584
path,-6.4511530339400025,-2.9613122491363866
path,-6.449715480924219,-2.9618900822888667
path,-6.448360060962375,-2.9624261175070163
path,-6.447029831926445,-2.9629617425385955
path,-6.445702432802101,-2.9634946729380314
path,-6.444375689815149,-2.964027661302674
path,-6.443049229078083,-2.9645607857412952
path,-6.441717444105226,-2.9650907223273233
path,-6.440392854548267,-2.965625451401954
path,-6.439068232431475,-2.9661600300251374
path,-6.437745067179004,-2.966696359780194
path,-6.436422276539541,-2.9672314232898525
path,-6.435099177045271,-2.967766980608233
path,-6.4337085329619175,-2.968310907692349
path,-6.432288340840145,-2.9688738597798907
path,-6.43085922636563,-2.96944597963673
path,-6.4294152724301314,-2.9700170616707844
path,-6.427974840810364,-2.970602820640856
path,-6.4265396850644825,-2.971191967789708
path,-6.425104870258837,-2.971779780697486
path,-6.4236705388740765,-2.9723688608988046
path,-6.422235424725298,-2.9729550671066747
path,-6.4207995009299115,-2.973541906949815
path,-6.419371804459229,-2.9741312519607255
path,-6.4179459261129415,-2.9747205362909765
path,-6.416519925638447,-2.97531056458537
path,-6.415096206028485,-2.9758985989999895
path,-6.413671234482077,-2.97648925789567
path,-6.41225404625514,-2.9770708857168495
path,-6.41084120710796,-2.9776574743451962
path,-6.409428683943425,-2.978243912921813
path,-6.408015591552431,-2.9788322684945157
path,-6.4066028051787205,-2.979420368245354
path,-6.405195490761996,-2.980009324167666
path,-6.403789031071173,-2.9805978229420385
path,-6.402382940597367,-2.9811867774745933
path,-6.40097667663228,-2.9817682042767246
path,-6.399573868651435,-2.9823560171972563
path,-6.398178534634201,-2.982943492343812
path,-6.396785879575859,-2.983528521947513
path,-6.395393513124817,-2.984115047879652
path,-6.3939823766988795,-2.9847049130896606
path,-6.392517622423581,-2.985313005396205
path,-6.390993955159257,-2.985940626961667
path,-6.389437998884537,-2.9865946993174326
path,-6.387866857673776,-2.9872633107530278
path,-6.386283640528597,-2.987935623623421
path,-6.384699341464932,-2.9886131831895555
path,-6.383135138929618,-2.989290341135149
path,-6.38155227740677,-2.9899751131705585
path,-6.379946476810181,-2.990661790555681
path,-6.378341082160895,-2.991356814811558
path,-6.376732487243458,-2.992049046977999
path,-6.375132998396718,-2.9927427627438647
path,-6.373531494875006,-2.9934348656519862
path,-6.371931832194001,-2.994128807473082
path,-6.370333259003133,-2.994824068392263
path,-6.368733902490692,-2.995518775273817
path,-6.36714370428632,-2.9962132938910475
path,-6.365550756708301,-2.9969054441058898
path,-6.363963374554721,-2.997603100302328
path,-6.362370590877524,-2.998295961878287
path,-6.360784937406484,-2.998995786579323
path,-6.35920191372561,-2.9996856718324176
path,-6.357627459219818,-3.0003837950302836
path,-6.356045508378004,-3.0010752642866154
path,-6.354472818408579,-3.0017755969192574
path,-6.352891035284072,-3.002467736510746
path,-6.351323928663841,-3.0031661724015075
path,-6.349750435229881,-3.0038590086050863
path,-6.348184325873176,-3.0045589311158865
path,-6.346612269456727,-3.0052537041601326
path,-6.345046182692195,-3.0059542346464077
path,-6.343483980800478,-3.006648368963317
path,-6.341925692126122,-3.0073463322994387
path,-6.340365383496392,-3.008042805708516
path,-6.338808440741932,-3.008742602526954
path,-6.3372481075291756,-3.0094395766492963
path,-6.335617388900818,-3.010200499554835
path,-6.333916536051497,-3.0109918620709064
path,-6.332164422949884,-3.0117941255076746
path,-6.330347453603147,-3.0126355714374804
path,-6.328475995651873,-3.0134930106318727
path,-6.326545675029473,-3.0143503727531002
path,-6.324524439286779,-3.015159671533573
path,-6.322419591083384,-3.0159434120395066
path,-6.320252842709371,-3.0166884378713332
path,-6.318027226357454,-3.0173723807095216
path,-6.315773908768857,-3.0179908058579588
path,-6.313506370008114,-3.018594497145249
path,-6.311239955524095,-3.0191999090164856
path,-6.308974103455289,-3.019806479222955
path,-6.306708783698178,-3.0204141669965785
path,-6.304478715053068,-3.0210151125497973
path,-6.3022512978043,-3.021618426933874
path,-6.300018430687505,-3.0222163247097114
path,-6.297784610851468,-3.0228143053910084
path,-6.29554742197089,-3.0234096519489326
path,-6.293332559393979,-3.0239876343505774
path,-6.29111653056598,-3.024565312272969
path,-6.28891573379718,-3.0251605661657663
path,-6.286732655262985,-3.025776203126204
path,-6.28455941734847,-3.026403445132395
path,-6.282433802376958,-3.0270233146408354
path,-6.280314912948649,-3.027650997746698
path,-6.278198080034817,-3.028281292079769
path,-6.276083318739414,-3.028914204289852
path,-6.273970645852679,-3.0295497556193367
path,-6.271981621476351,-3.0301306662601344
path,-6.270021550918751,-3.030722871967217
path,-6.268063627072616,-3.0313177392595145
path,-6.26610786579051,-3.031915274239249
path,-6.264154286809334,-3.0325154972612864
path,-6.2622099620271925,-3.0331117053203487
path,-6.260267854833832,-3.033710623600169
path,-6.258327974798471,-3.0343122740845105
path,-6.256390339994999,-3.034916676099434
path,-6.2544549672332606,-3.035523848098933
path,-6.252543841097202,-3.036112946550738
path,-6.250635038063124,-3.0367048318248266
path,-6.248728556087744,-3.037299542144559
path,-6.2468244152880965,-3.0378970995140357
path,-6.244922633053932,-3.038497524021923
path,-6.243034715366607,-3.039089953854373
path,-6.241149205671892,-3.039685279582627
path,-6.23926611525114,-3.0402835344965107
path,-6.237385465129162,-3.0408847425938834
path,-6.235507272637412,-3.0414889240228677
path,-6.233647562569913,-3.0420809860789944
path,-6.231790260851379,-3.0426765611035282
path,-6.229929142065442,-3.0432680954944034
path,-6.2280616042608665,-3.043853280614153
path,-6.226190369308908,-3.044434912499374
path,-6.224333017377131,-3.04501228708418
path,-6.222475963933804,-3.0455902061235998
path,-6.220619007856915,-3.046168464451784
path,-6.218762153263585,-3.0467470657396
path,-6.216905403987837,-3.0473260132358875
path,-6.215070701828457,-3.047897495575488
path,-6.213236811883771,-3.0484700703614083
path,-6.211403033767728,-3.049042989952274
path,-6.209569370077098,-3.049616256562021
path,-6.207735823378139,-3.050189872032272
path,-6.205737130148587,-3.050833525589655
path,-6.203568268751464,-3.051580696812749
path,-6.2012468086183965,-3.052387118889817
path,-6.1988814085907595,-3.053194205507577
path,-6.19648974041157,-3.05397286940145
path,-6.194131426282084,-3.0547076063368865
path,-6.191780029306492,-3.0554485212838873
path,-6.189428804600036,-3.056189979171399
path,-6.187077758921578,-3.056931985493153
path,-6.184726898383294,-3.057674545262248
path,-6.182403714049621,-3.0584071701340254
path,-6.180082004771191,-3.0591417417474327
path,-6.177760490330676,-3.0598768643843792
path,-6.175439175074258,-3.0606125413171297
path,-6.173118063284056,-3.0613487752509325
path,-6.170851837798347,-3.062058258688881
path,-6.168595380765224,-3.0627751861547123
path,-6.166339124546319,-3.0634926457672216
path,-6.16408307198386,-3.064210639469654
path,-6.16182722582105,-3.0649291689143823
path,-6.159596253080672,-3.0656389432359985
path,-6.1573664982440075,-3.066350348407114
path,-6.155136951844734,-3.0670622807290195
path,-6.152907615886022,-3.0677747412926646
path,-6.150678492294882,-3.0684877310255345
path,-6.1484976365660975,-3.06917864843046
path,-6.146323852825968,-3.069875086124943
path,-6.144150275634788,-3.0705720288613896
path,-6.141976906494829,-3.0712694771885594
path,-6.139803746891742,-3.0719674315310517
path,-6.137652145372286,-3.072658048063878
path,-6.13550144553144,-3.0733499172304235
path,-6.133352043569296,-3.0740434134761685
path,-6.131204722912421,-3.0747393697294796
path,-6.1290576146699856,-3.075435826373396
path,-6.127088517806511,-3.076050773541408
path,-6.125186756724367,-3.076662663681858
path,-6.123289181972608,-3.077279519237207
path,-6.121391774205131,-3.077896766363033
path,-6.11949453393023,-3.078514404854544
path,-6.11761038279985,-3.079127957916795
path,-6.115726589495133,-3.079742098265877
path,-6.113842961780231,-3.080356623874575
path,-6.111959501494426,-3.08097153456529
path,-6.110076209347767,-3.0815868299670135
path,-6.108217240890734,-3.0821931477369797
path,-6.106359453834415,-3.082800967507589
path,-6.1045018319229465,-3.0834091612113865
path,-6.102644375537181,-3.0840177287619226
path,-6.1007870853818185,-3.084626669792504
path,-6.098939877490671,-3.0852325948540473
path,-6.097092934638327,-3.0858389905367405
path,-6.095246154253493,-3.0864457564388497
path,-6.093399536299814,-3.0870528926421974
path,-6.091553081186478,-3.0876603989624587
path,-6.089725140025384,-3.0882615089159087
path,-6.087897861452889,-3.0888635368805124
path,-6.0860707432600325,-3.089465927123321
path,-6.084243785492855,-3.0900686797126102
path,-6.082416988425064,-3.090671794496729
path,-6.080602065039744,-3.0912711898726717
path,-6.0787874525335965,-3.091871101887152
path,-6.076973003492198,-3.092471369644722
path,-6.075158718203095,-3.0930719930402835
path,-6.073344596803577,-3.0936729720832012
path,-6.071374542735409,-3.0943380519887516
path,-6.069241496427824,-3.095069893395339
path,-6.067067550279191,-3.0957924917503017
path,-6.0648937959366975,-3.0965155537497666
path,-6.062720237278523,-3.097239084121759
path,-6.060569567621296,-3.0979543065683552
path,-6.05841989918389,-3.098670951515107
path,-6.0562703985366655,-3.099388077253887
path,-6.054121077189968,-3.100105683424983
path,-6.051970563395202,-3.1008228846729864
path,-6.049850555758008,-3.1015194407773206
path,-6.047728682680986,-3.102214034775291
path,-6.0456012032363535,-3.1029107165413756
path,-6.043470430241382,-3.1036018970047894
path,-6.041341168877028,-3.1042930610257065
path,-6.03923439906019,-3.104977827061015
path,-6.037145203520386,-3.1056569273162427
path,-6.035058164629155,-3.1063357594590393
path,-6.03297257511695,-3.107014578354455
path,-6.03088843553979,-3.1076933831974634
path,-6.028819248766614,-3.1083678994840778
path,-6.026756116147585,-3.1090407615035915
path,-6.024694410433891,-3.109713607643606
path,-6.022634132401883,-3.1103864372654733
path,-6.0205752828769015,-3.111059249771584
path,-6.018533636040086,-3.1117270727704818
path,-6.016500523134196,-3.112392353662969
path,-6.014468809740155,-3.1130576162462638
path,-6.012438496775701,-3.1137228600316393
path,-6.010409585208923,-3.1143880845974623
path,-6.0084004222552565,-3.1150476087528296
path,-6.006406468488672,-3.1157022262242817
path,-6.004413884736597,-3.116356817865366
path,-6.002422662020244,-3.1170113892323434
path,-6.000432801311207,-3.1176659398762316
path,-5.998319094846415,-3.1183490106423286
path,-5.996089810259192,-3.119074694927445
path,-5.993756341536409,-3.1198378504487043
path,-5.991318971667631,-3.120638368826044
path,-5.988787804609427,-3.121472693926513
path,-5.986222702502328,-3.1223210040005274
path,-5.983659459904787,-3.1231696022674003
path,-5.981098527723229,-3.1240181597383683
path,-5.978539908372931,-3.124866675795954
path,-5.975983604273117,-3.1257151497922457
path,-5.973451333352398,-3.1265568350309536
path,-5.97094268602745,-3.127390921830416
path,-5.968437149344866,-3.128224650168845
path,-5.965933858101872,-3.129058335459672
path,-5.963432814624636,-3.129891977097126
path,-5.9609600289265705,-3.1307177916559197
path,-5.958521001366952,-3.131532402968854
path,-5.956098512456691,-3.132341850755537
path,-5.953678152799726,-3.133151254660597
path,-5.951259923722981,-3.1339606146473775
path,-5.948867310451772,-3.134762467941853
path,-5.94649722638563,-3.135557016136542
path,-5.944129472304396,-3.136351417495152
path,-5.941763768008231,-3.1371457814255934
path,-5.9394001117495,-3.1379401099102164
path,-5.937062062878581,-3.138727285841507
path,-5.934752302615493,-3.1395050989940065
path,-5.932463296963869,-3.140276198486267
path,-5.93017722833045,-3.141046896319027
path,-5.927893108335349,-3.141817551833979
path,-5.925628021822697,-3.142582721564026
path,-5.92338245739851,-3.143341589280937
path,-5.9211399667099665,-3.1440999863736425
path,-5.918899372727261,-3.1448583396391583
path,-5.916660677483255,-3.1456166484133443
path,-5.914275711466538,-3.1464162232902573
path,-5.911719144208222,-3.1472954744703427
path,-5.909013082500284,-3.148208348201537
path,-5.906147465209423,-3.1491785634240794
path,-5.903141014229658,-3.150197404377286
path,-5.900014834481859,-3.151261631191632
path,-5.896768491076143,-3.1523673430186157
path,-5.893484934225227,-3.153499846569098
path,-5.890172069232782,-3.1546455213195497
path,-5.886824941260687,-3.155798489070385
path,-5.883466222639018,-3.1569708386577373
path,-5.880065757858694,-3.158141497285263
path,-5.876648134140928,-3.1593385430663257
path,-5.873193681177468,-3.160536554698318
path,-5.869733620340337,-3.161743573660566
path,-5.866381839293998,-3.162973420382125
path,-5.8630717408954025,-3.164204424813545
path,-5.859787351451096,-3.1654254777028337
path,-5.856500420069032,-3.166610110760171
path,-5.853204634164789,-3.1677762906446247
path,-5.849990817084087,-3.1689641788752216
path,-5.846796577590729,-3.1701467185742
path,-5.843609161260433,-3.1713082486436845
path,-5.84042503398694,-3.172456314368119
path,-5.837241894079847,-3.173609532741606
path,-5.834166056575622,-3.174780978090727
path,-5.8311181762567585,-3.175943322426735
path,-5.828084308435315,-3.1770886559964038
path,-5.825054342721661,-3.178215304956027
path,-5.822023484693405,-3.179337959130631
path,-5.81905682735631,-3.1804746632645835
path,-5.816107505113201,-3.181599155783696
path,-5.813164278160896,-3.1827099760321884
path,-5.810226364200098,-3.1838165572031527
path,-5.807289279371062,-3.1849273691199227
path,-5.804279968479607,-3.18603282996361
path,-5.801220190490759,-3.1871215802351287
path,-5.798153083499277,-3.1882235275196984
path,-5.7950798986157,-3.1893393412984294
path,-5.792000734554434,-3.1904688597585107
path,-5.789000541054975,-3.1916292431803774
path,-5.786005541625148,-3.1927967843504654
path,-5.783011418764548,-3.1939685702334737
path,-5.780018166644164,-3.1951445925212796
path,-5.777025775533472,-3.1963248330908858
path,-5.774068191635129,-3.1975057033906094
path,-5.771119421731958,-3.198677636930374
path,-5.7681714848393515,-3.1998536304683216
path,-5.765224365589234,-3.201033682043888
path,-5.7622780607323225,-3.2022177835119026
path,-5.759441804988363,-3.2033673546703394
path,-5.7566110604136345,-3.2045138058529914
path,-5.753785516620355,-3.2056573942168547
path,-5.750966237457735,-3.2067978464735285
path,-5.748153238112123,-3.20793515140718
path,-5.7454090190258365,-3.2090553660376253
path,-5.74268926267977,-3.210156915016606
path,-5.739976715608633,-3.2112536921670407
path,-5.737270271278925,-3.2123472319319633
path,-5.734569921797506,-3.2134375554341323
path,-5.731940933115357,-3.2145225877929176
path,-5.729331341879484,-3.21558436393963
path,-5.726744586188518,-3.2166277905842118
path,-5.724167196985952,-3.217663564618161
path,-5.721620081788665,-3.2186662496885745
path,-5.719126961169491,-3.2196359681207984
path,-5.716668773370981,-3.220566894337824
path,-5.714245675818399,-3.2214588421095907
path,-5.711859991750304,-3.222320221963635
path,-5.709516123828212,-3.2231668476223607
path,-5.7070574036432715,-3.2240819630131954
path,-5.704429807346165,-3.225202141112091
path,-5.701616754073445,-3.226369367726669
path,-5.698626633436081,-3.2275671636900833
path,-5.695463567877566,-3.228799333497665
path,-5.692102464256779,-3.230145375483342
path,-5.688565263802232,-3.231582324773312
path,-5.68484884058989,-3.2330581744008713
path,-5.680977084745097,-3.2345606313763873
path,-5.676942123161322,-3.2360970937133975
path,-5.672822726780013,-3.2376447619669912
path,-5.668651269942444,-3.2392050302200217
path,-5.664432229461902,-3.240779103618114
path,-5.6601982589900475,-3.2423673333125578
path,-5.655964991837883,-3.2439657627268206
path,-5.651795561247127,-3.245589405018376
path,-5.647630167986163,-3.247223417826626
path,-5.643467095752463,-3.24886636881061
path,-5.639306475439749,-3.250518070166265
path,-5.635148426303062,-3.252178329189198
path,-5.631061353303479,-3.2538463806302365
path,-5.626991655819221,-3.2555062027639945
path,-5.622935700321717,-3.2571600389975286
path,-5.61889336253884,-3.258808010679276
path,-5.614864518828264,-3.260450237932815
path,-5.610905671199595,-3.2620908936350084
path,-5.606984806883298,-3.2637072915756082
path,-5.60309188212314,-3.2652953835059098
path,-5.599213374234972,-3.2668754570091116
path,-5.595347084614234,-3.2684506622426652
path,-5.591514257580336,-3.2700149570441375
path,-5.587701719278156,-3.2715739725452306
path,-5.583900115429685,-3.2731252632944194
path,-5.580145363441255,-3.2746620952868533
path,-5.576443022020352,-3.276147389446706
path,-5.572653150558645,-3.2777635187400693
path,-5.568782455818077,-3.2795537950809788
path,-5.564824470609587,-3.281363318130477
path,-5.560782033528732,-3.2831915401123313
path,-5.5566749734173095,-3.2850343380432228
path,-5.552360217287544,-3.286994494046219
path,-5.547946168773524,-3.289015562756709
path,-5.543483842967566,-3.2909523642564107
path,-5.539041150982942,-3.2928185539966726
path,-5.534476848754434,-3.294550429933198
path,-5.529651702992101,-3.2963827596692497
path,-5.524638641684112,-3.298572434422503
path,-5.519422355070504,-3.300827259660918
path,-5.514117809132272,-3.302986464405168
path,-5.5086919475031815,-3.3051004528441
path,-5.5030221592129696,-3.307498318638022
path,-5.497148569622464,-3.310262263903701
path,-5.491029430157335,-3.3131440582781355
path,-5.484700045018867,-3.3159811522471725
path,-5.478141701758918,-3.318795899444735
path,-5.47133807758474,-3.3218200339696824
path,-5.464339611688387,-3.325092163004502
path,-5.457162976357268,-3.3284479278795605
path,-5.449674654508463,-3.331832362330394
path,-5.44193983454138,-3.3352218478561375
path,-5.434233761450467,-3.3387321750509464
path,-5.426302987880672,-3.342478699982785
path,-5.418173932477163,-3.346487456557114
path,-5.409877787149719,-3.3504777274711324
path,-5.401380652117389,-3.3544244102776
path,-5.392691157563926,-3.3584444781448415
path,-5.3838190705971565,-3.362489456852911
path,-5.3750136259125645,-3.3664908696293985
path,-5.366183125677334,-3.3704792831248085
path,-5.357157755841283,-3.374643328696634
path,-5.34837481069466,-3.379221142773944
path,-5.339689571433963,-3.3839263797808097
path,-5.330961091739426,-3.38861521906112
path,-5.322403961026936,-3.3931713628055102
path,-5.313854376393265,-3.3977172321875466
path,-5.306079148730328,-3.40244787802588
path,-5.298868144661108,-3.4070292755745304
path,-5.291776935257849,-3.411348046569278
path,-5.28458156083588,-3.415619808443809
path,-5.277263077198959,-3.4198405576970266
path,-5.270757277266742,-3.42398591358479
path,-5.265282566946309,-3.4275199054788144
path,-5.260554144523814,-3.4304796242870466
path,-5.2562664657079665,-3.4330279600911964
path,-5.252364875677043,-3.4353717793385115
path,-5.248751776125478,-3.4373286663693152
path,-5.245661717084327,-3.439150404761093
path,-5.242971354168756,-3.44068587966247
path,-5.240748485852745,-3.441973965752544
path,-5.2388203892887395,-3.4431154151651326
path,-5.237058183107572,-3.444093832398917
path,-5.23532108592631,-3.445197148648076
path,-5.233506665451786,-3.4462087245925543
path,-5.231946819708938,-3.447141388129449
path,-5.230411052915105,-3.4480732260957905
path,-5.22890971713661,-3.4488907845519443
path,-5.227370610038911,-3.4498552743375113
path,-5.22579945018506,-3.450738537216041
path,-5.224384945855715,-3.451584923260378
path,-5.222913657692352,-3.452393982779671
path,-5.221475429418703,-3.4532386403015667
path,-5.220004760799116,-3.4541537082170373
path,-5.218560963340491,-3.455018872525349
path,-5.217102833361618,-3.455897980089184
path,-5.215095353605236,-3.4571559657771216
path,-5.212201036017103,-3.4589632379578172
path,-5.2087165722136435,-3.4608631982357694
path,-5.204715792897617,-3.46281185201444
path,-5.2003741211111585,-3.4647895748910504
path,-5.195708439239806,-3.4667933147723855
path,-5.1909926712061845,-3.468759325996084
path,-5.186452770187692,-3.470696882625948
path,-5.181871248650702,-3.4725571795456363
path,-5.177373785264924,-3.474373865220083
path,-5.1729050318798695,-3.4761886775123862
path,-5.168505749208655,-3.4779055072994494
path,-5.164233309896053,-3.479612136946235
path,-5.159953747023078,-3.481274478472671
path,-5.155725712143122,-3.482921342453044
path,-5.15156763933794,-3.484541111972887
path,-5.147474862394468,-3.4861192646029155
path,-5.143444232350655,-3.4877042875480364
path,-5.139411142798251,-3.4892484522160694
path,-5.135382013539287,-3.490794887878124
path,-5.131352038156553,-3.492331499131098
path,-5.127330221205815,-3.493832998691048
path,-5.12333175720126,-3.4953280089855316
path,-5.119337726467866,-3.4968036065288275
path,-5.115345748597631,-3.4982705037781283
path,-5.111356947749779,-3.4997286677124237
path,-5.107411063979582,-3.5011670066824943
path,-5.103525121873366,-3.502615991314409
path,-5.099692154488544,-3.504078535494772
path,-5.095914651069895,-3.505548642091992
path,-5.092269330580034,-3.5069727902884584
path,-5.0888541226674215,-3.5083487132043447
path,-5.085667556224957,-3.5097191715865796
path,-5.082659944415617,-3.5110863473901532
path,-5.079804190851747,-3.512448784756395
path,-5.077074826359707,-3.513802898454363
path,-5.074439378553173,-3.515269921149146
path,-5.071837980327676,-3.516775265307845
path,-5.069323856353508,-3.5183204411163627
path,-5.066911748997495,-3.519840052793955
path,-5.064574744862477,-3.521369355359731
path,-5.062326912069631,-3.5228531359108133
path,-5.060159204793064,-3.524329188496252
path,-5.058011037356661,-3.5258017786180917
path,-5.055855655195891,-3.5272779330990804
path,-5.0536942405996435,-3.528756637755665
path,-5.0515822115149165,-3.5301848707331356
path,-5.049504862162212,-3.531602444665396
path,-5.047424286986033,-3.5330205121703067
path,-5.045341055295842,-3.534438604668455
path,-5.043255627336849,-3.5358563436479753
path,-5.041207657802057,-3.5372413996343615
path,-5.0391726508854875,-3.538620980499839
path,-5.037136463922998,-3.5399995120760126
path,-5.0350992862629695,-3.541376834955687
path,-5.033061270253658,-3.542752820311711
path,-5.031072926536517,-3.544083464501478
path,-5.029116603101145,-3.5454007784006585
path,-5.027159717094245,-3.546716666613792
path,-5.0252023360363385,-3.5480310721339134
path,-5.023244514470433,-3.549343948609926
path,-5.021327083130246,-3.550621863859502
path,-5.01942786717871,-3.5518918430138324
path,-5.017528384388006,-3.55316027929452
path,-5.015628653050904,-3.554427154515664
path,-5.013728687499103,-3.5556924539347126
path,-5.011851954670143,-3.556939901273144
path,-5.009978573509975,-3.5581841646318693
path,-5.008104961215283,-3.559426881228038
path,-5.006231125756959,-3.560668043206166
path,-5.004355925935117,-3.5619055742922705
path,-5.002354857061961,-3.563206249719262
path,-5.000334827638788,-3.5645383250198104
path,-4.998314554354091,-3.565868551335497
path,-4.996294041457457,-3.5671969262421683
path,-4.994273292643841,-3.568523447573633
path,-4.992291953677804,-3.569815873602659
path,-4.990330663565764,-3.571099472703629
path,-4.988369198602572,-3.5723813038791117
path,-4.9864075572805735,-3.5736613673475133
path,-4.984445738260607,-3.574939663201427
path,-4.98251202856577,-3.576193518831656
path,-4.980587750123955,-3.5774434418543586
path,-4.978663426260802,-3.5786916090845304
path,-4.976739044105112,-3.579938025739322
path,-4.974814592096016,-3.58118269638723
path,-4.972925796553668,-3.582397087273778
path,-4.971053209129296,-3.583604634129311
path,-4.969180607400673,-3.58481050435856
path,-4.967307976877802,-3.586014703759427
path,-4.965435304550357,-3.587217237420978
path,-4.963594696649551,-3.5883925716763883
path,-4.961767458344573,-3.5895624730189164
path,-4.959940251934781,-3.590730756602492
path,-4.958113059764513,-3.591897429534679
path,-4.95628586596124,-3.5930624980928982
path,-4.954482080595615,-3.5942101664147126
path,-4.952683163356312,-3.5953541488301055
path,-4.950884170361186,-3.5964966058517662
path,-4.949085095134764,-3.5976375395129674
path,-4.94728593191915,-3.5987769515108994
path,-4.945127290816629,-3.6000745969520533
path,-4.94283982084547,-3.6015119036129004
path,-4.940547904349157,-3.6029558938665707
path,-4.93825579221306,-3.6043974317496374
path,-4.935963482495341,-3.605836516174878
path,-4.933715053873796,-3.607233886101674
path,-4.93151978203746,-3.6086073116325634
path,-4.929329011439663,-3.609975546505315
path,-4.9271380852915465,-3.6113415246582106
path,-4.92494700050383,-3.612705245725862
path,-4.922786564256526,-3.6140427692478756
path,-4.92064173349328,-3.6153729830083283
path,-4.9184968360237145,-3.6167009951828577
path,-4.9163518617589705,-3.618026808546384
path,-4.914206801755631,-3.6193504253653113
path,-4.912102002024746,-3.6206367300651916
path,-4.910044713116802,-3.6219027241504853
path,-4.907992840211403,-3.6231624662107733
path,-4.905940982778913,-3.6244201560877367
path,-4.903889125230914,-3.6256757990746102
path,-4.901863810737636,-3.6269115811045562
path,-4.899848415801535,-3.628141085129027
path,-4.897832910171938,-3.629368655718811
path,-4.89581729137257,-3.6305942925756667
path,-4.893801557321939,-3.6318179952307403
path,-4.891807682212045,-3.6330228319618447
path,-4.889822677014223,-3.6342236908212606
path,-4.887837702710533,-3.6354226139654204
path,-4.885852744492476,-3.636619606385911
path,-4.883867789116695,-3.637814672401141
path,-4.8819162741898685,-3.6389835569546443
path,-4.879996017249181,-3.640136417639646
path,-4.878078160312509,-3.6412856389564623
path,-4.876160305047909,-3.6424330587719713
path,-4.874242441022332,-3.643578680301156
path,-4.8721169131857,-3.644830699697357
path,-4.869968572897466,-3.646109593911341
path,-4.867820170088516,-3.647386249118166
path,-4.86567169877638,-3.64866066598689
path,-4.8635231537646515,-3.6499328448899897
path,-4.861405587405637,-3.651180303628973
path,-4.859317555197698,-3.6524139654184777
path,-4.857238992192684,-3.6536383340154
path,-4.855160356534757,-3.6548606042817706
path,-4.853081236162485,-3.6560810868985665
path,-4.851025518473028,-3.65728271256146
path,-4.848989260750539,-3.65847424169323
path,-4.846954368854304,-3.659662720168988
path,-4.84491883304896,-3.6608496540461566
path,-4.8428826451555755,-3.662035045714824
path,-4.84087420724207,-3.6631990447450384
path,-4.838886537656954,-3.66435466796526
path,-4.836909029565902,-3.6655008591753684
path,-4.834933469194645,-3.666643702759424
path,-4.832957302333414,-3.6677850971183155
path,-4.831001527706362,-3.6689124954135615
path,-4.829058298384706,-3.670032265625879
path,-4.827118454205906,-3.671147671098653
path,-4.825177951022508,-3.672261703084479
path,-4.8232367896761215,-3.6733743615121752
path,-4.821316701379213,-3.674470163266598
path,-4.819409262367336,-3.675562448456973
path,-4.81750594080162,-3.6766500102443413
path,-4.815606085122075,-3.67773331678555
path,-4.813709039089865,-3.67881284058714
path,-4.811825051217645,-3.6798808481766394
path,-4.809946163692149,-3.6809481412855822
path,-4.8080682747018875,-3.6820131033631514
path,-4.806190739719254,-3.6830761965780368
path,-4.804312914352326,-3.6841378841533294
path,-4.801965398450153,-3.685404142162235
path,-4.799362114164258,-3.686867183324548
path,-4.796751462914593,-3.6883326928347895
path,-4.794136380375225,-3.6897981610325803
path,-4.791515966636055,-3.6912642449168915
path,-4.788919134007915,-3.6927120596444425
path,-4.7863281177431425,-3.6941639747839625
path,-4.783729405324315,-3.695618574712572
path,-4.7811222084818255,-3.6970764428402534
path,-4.7785057499880335,-3.6985381563792576
path,-4.775962028916562,-3.6999407827234876
path,-4.773447712340353,-3.70134594886572
path,-4.770930894452062,-3.7027506024996444
path,-4.76841338671312,-3.7041534442671837
path,-4.765895181427732,-3.7055544746480336
path,-4.763453167752669,-3.7069021564186317
path,-4.76102379520167,-3.7082495984692954
path,-4.758593754020674,-3.7095953577084364
path,-4.75616304002867,-3.710939434235683
path,-4.753731649545774,-3.7122818280931478
path,-4.751398035859672,-3.7135487519299017
path,-4.7490820167352785,-3.7148237303703615
path,-4.746765432635554,-3.71609713845524
path,-4.744448276846353,-3.7173689798115572
path,-4.742130542858505,-3.718639258351478
path,-4.739872593086014,-3.71986856820713
path,-4.737621913807318,-3.721098302383169
path,-4.7353707166080135,-3.7223265680991653
path,-4.733118993714077,-3.723553368246494
path,-4.730866738172595,-3.724778705401653
path,-4.728689315832575,-3.725953443722619
path,-4.726524188279492,-3.727128046928486
path,-4.724358559814156,-3.72830130343705
path,-4.722192425763234,-3.7294732148963914
path,-4.720025781970752,-3.7306437827638312
path,-4.717352956628033,-3.732026524015988
path,-4.7142101195930435,-3.733682686705832
path,-4.710994349814548,-3.735360449341641
path,-4.707718758388501,-3.7370649030778744
path,-4.704425683138349,-3.7388322362548094
path,-4.701154556957368,-3.7405858454482783
path,-4.697896240589689,-3.7423576156519833
path,-4.694623870578333,-3.744140649462622
path,-4.6913490613868385,-3.745921467874744
path,-4.688071295788095,-3.747699015480052
path,-4.684849657051211,-3.7494304734170454
path,-4.681645961154676,-3.751159817706645
path,-4.678441278706449,-3.752885923957531
path,-4.675235140640737,-3.7546088188056133
path,-4.672027542872649,-3.7563285004251465
path,-4.668925756286581,-3.757972666332441
path,-4.665863634209132,-3.75960593867394
path,-4.662801380902311,-3.7612363726852758
path,-4.659737820390468,-3.7628638783374426
path,-4.656672948656564,-3.764488454303286
path,-4.653675887859392,-3.7660634363955063
path,-4.650696774189458,-3.767633856274893
path,-4.647716687577874,-3.769202755981288
path,-4.644735423276645,-3.770768883012498
path,-4.641745970525059,-3.772332610273338
path,-4.638840628310345,-3.7738358905230838
path,-4.63598186138518,-3.775332488916864
path,-4.63313713887751,-3.7768257660394577
path,-4.630304177868417,-3.7783158911410144
path,-4.627482737966638,-3.7798029154708233
path,-4.6239974969166,-3.781347719171064
path,-4.619529571286147,-3.7830131525306157
path,-4.614580864166635,-3.7850061157415995
path,-4.609279820399701,-3.78728537966807
path,-4.60388617465867,-3.7897065396569096
path,-4.598599046657779,-3.7921229487794013
path,-4.59331851592301,-3.7945484668315443
path,-4.588044247251811,-3.7969793150338287
path,-4.582776862920225,-3.7994159179592595
path,-4.577516846672148,-3.801858869541541
path,-4.572463878529672,-3.8040785974369475
path,-4.567448615738624,-3.806263398984765
path,-4.562440468202967,-3.8084583320280956
path,-4.55744144425999,-3.8106620215165408
path,-4.552451998917669,-3.812875033799831
path,-4.547768106464591,-3.8149213426167043
path,-4.543272673982036,-3.8170519374002034
path,-4.538846129131447,-3.819208247257504
path,-4.534439573790492,-3.821351842929309
path,-4.530033576997598,-3.8234872668513096
path,-4.525711017634028,-3.8255520764758097
path,-4.521475720656821,-3.827579709809376
path,-4.5172450093672065,-3.829587705174088
path,-4.513012810198301,-3.831578841002607
path,-4.508779317873963,-3.833554378123914
path,-4.50471294293319,-3.835361982816243
path,-4.500798373943182,-3.8371269227545657
path,-4.496912919058492,-3.8388699385369596
path,-4.493025992479296,-3.8405957343160297
path,-4.489137784894719,-3.8423056206085544
path,-4.48532938131516,-3.8439514849145318
path,-4.481602532326042,-3.845571929498833
path,-4.477916118894567,-3.8471836735856013
path,-4.474333941613955,-3.848799966468104
path,-4.470755695983916,-3.8504096766959104
path,-4.467253472017385,-3.8519380206174882
path,-4.463861093779085,-3.8534534774477303
path,-4.460473552717208,-3.8549626706460574
path,-4.457086552167456,-3.856466760691578
path,-4.453700093497466,-3.857965742540381
path,-4.4503879915621924,-3.8593896010988793
path,-4.4471858511583955,-3.8607836721035476
path,-4.444005706549664,-3.8621397910097315
path,-4.440802844401225,-3.8635282056085907
path,-4.43757454140691,-3.864934781638365
path,-4.434383446922174,-3.8663220177804147
path,-4.431192879367467,-3.8677077290173996
path,-4.428001225448892,-3.8690900985334515
path,-4.424808484281902,-3.8704691261691417
path,-4.421614655419509,-3.8718448116583817
path,-4.418512721578518,-3.8731710067513565
path,-4.415430977989119,-3.8744913124366134
path,-4.41234819698502,-3.8758085123374455
path,-4.409264381827438,-3.8771226055892773
path,-4.406179535785149,-3.878433591304897
path,-4.403140482383395,-3.879717855563672
path,-4.400106889637066,-3.8809998564928643
path,-4.3970724080165535,-3.8822788426573442
path,-4.394037031442116,-3.8835548144508665
path,-4.391000754715406,-3.884827772125563
path,-4.3880458379752865,-3.886057210415337
path,-4.385105986180259,-3.887283241397637
path,-4.382159528068705,-3.888505417562357
path,-4.379218027265981,-3.889724370415126
path,-4.376291997457016,-3.8909403236065416
path,-4.372812266339988,-3.892710020969488
path,-4.3684914531557375,-3.895130248998265
path,-4.363611605282538,-3.897418462637293
path,-4.3582115491382005,-3.8996238531624217
path,-4.35257989913351,-3.901704911855247
path,-4.346711197604457,-3.9037920592897453
path,-4.340806001651413,-3.905857502807662
path,-4.334902793104178,-3.9079415944368656
path,-4.329001024827483,-3.910036158711518
path,-4.323096809555771,-3.9121241752063103
path,-4.317415954693165,-3.9140774498851285
path,-4.311934002431681,-3.916001683968866
path,-4.306452915738517,-3.9179207478550424
path,-4.300988868536459,-3.9198354135424847
path,-4.295797236943705,-3.9218164220987988
path,-4.2910525499582075,-3.9234862099960375
path,-4.286742076702401,-3.924981852277624
path,-4.282581104546789,-3.926481889319832
path,-4.278451082149902,-3.927996007154873
path,-4.274352040821916,-3.929524075091091
path,-4.270403104526157,-3.930894496484537
path,-4.26651089885168,-3.9322605701827156
path,-4.26264948206454,-3.9336408690107074
path,-4.258818866915116,-3.935035259742541
path,-4.255019083326511,-3.936443615786581
path,-4.2514247688686355,-3.937619046262689
path,-4.2479184496591245,-3.9387921471342686
path,-4.244442296622799,-3.939980783852056
path,-4.240996648221003,-3.9411836615774045
path,-4.23758149569796,-3.942400654791278
path,-4.234444856647933,-3.943315864479916
path,-4.231414181543662,-3.9441898523232473
path,-4.22841427847992,-3.945082716975023
path,-4.2254442360756705,-3.9459899686300566
path,-4.22250395530876,-3.946911472743128
path,-4.219638364443799,-3.947786735040459
path,-4.216803776418295,-3.948675456934787
path,-4.21399864470022,-3.949578171995601
path,-4.211222905589594,-3.9504947642370047
path,-4.208476511758167,-3.9514251242197393
path,-4.2058153599214005,-3.9522939863264
path,-4.2031860550112965,-3.9531756622109775
path,-4.200585918375697,-3.954070953359295
path,-4.198014929942747,-3.954979766073565
path,-4.195473085895295,-3.955902012992753
path,-4.193007569229352,-3.95677420523743
path,-4.190572814492974,-3.957659065295952
path,-4.188167176183673,-3.95855725904284
path,-4.1857906834310405,-3.9594687155052117
path,-4.1834433816478676,-3.9603933698885383
path,-4.1811725999003935,-3.9612676362260975
path,-4.178932734265573,-3.9621543835455744
path,-4.1767221784327,-3.963054304003023
path,-4.174541011086938,-3.963967348659276
path,-4.17238932737907,-3.9648934746371873
path,-4.170295502908838,-3.9657955438928734
path,-4.168231361649131,-3.966710706547564
path,-4.166197019880903,-3.9676389413289272
path,-4.1641926206828455,-3.968580224429248
path,-4.16221832345388,-3.9695345382202007
path,-4.159707281398551,-3.9704892300733095
path,-4.156781531816545,-3.9714975082022947
path,-4.153734159012296,-3.9726499847971186
path,-4.150565798655136,-3.9739462281518287
path,-4.147277007632335,-3.975385847639033
path,-4.143827887794148,-3.976961257726876
path,-4.140263794418598,-3.978673847862836
path,-4.136586530268994,-3.9805117407258193
path,-4.132813384106669,-3.982447820236004
path,-4.12894963483855,-3.9844688257536536
path,-4.125083534420494,-3.986545238345794
path,-4.121146858672525,-3.98861575316008
path,-4.117125805545949,-3.9905156014133234
path,-4.113115077248208,-3.9921286332339827
path,-4.1090451865368465,-3.9935350520622177
path,-4.105066490310291,-3.9945275328005017
path,-4.101183923650832,-3.9950679285271966
path,-4.097393528879207,-3.995410944026702
path,-4.093723673190764,-3.9956658583071074
path,-4.090174024882799,-3.9958321075788827
path,-4.086842756586556,-3.9959403536344453
path,-4.083578009877326,-3.995931599656473
path,-4.080579289673158,-3.996084889726077
path,-4.077737964147936,-3.9962358682016874
path,-4.074999244161182,-3.9963355637492706
path,-4.0724009389448526,-3.9964028440852224
path,-4.069906579527722,-3.9964180459632224
path,-4.067515141153024,-3.9963806486101863
path,-4.065226781937343,-3.9962900369345604
path,-4.063041703447062,-3.996145555994631
path,-4.060734194151245,-3.9959318326045654
path,-4.058399886831627,-3.995693751805652
path,-4.056045095166359,-3.9954308427916976
path,-4.053669966522107,-3.9951430827388648
path,-4.051274843555357,-3.994830612023342
path,-4.048891442427842,-3.994490939831631
path,-4.046490163058953,-3.994131889080348
path,-4.044121728188489,-3.9938029497659535
path,-4.041789381572794,-3.993477883534615
path,-4.039458107819285,-3.993145179256367
path,-4.0371691304967365,-3.992812815394066
path,-4.034877796606168,-3.9924749131516366
path,-4.0325832983854095,-3.9921317786898816
path,-4.030285662731924,-3.9917834285826146
path,-4.0279849162652015,-3.9914298792915752
path,-4.025714877418824,-3.991076531154789
path,-4.023442013796164,-3.990718100928278
path,-4.021166205485573,-3.990354670310251
path,-4.018887476948514,-3.9899862546616354
path,-4.016605852406668,-3.9896128692512605
path,-4.014336881816878,-3.9892371190703186
path,-4.012065110905525,-3.988856493892492
path,-4.009790553208185,-3.9884710107403207
path,-4.007513231559639,-3.9880806842381653
path,-4.005233168579213,-3.98768552893051
path,-4.002979226932928,-3.98729064603764
path,-4.00072267371063,-3.9868910792864707
path,-3.998463512383769,-3.986486846725689
path,-3.9962017639334335,-3.9860779620675277
path,-3.9939374491499247,-3.9856644389546867
path,-3.9913951723971124,-3.9852321093109784
path,-3.9888004314460006,-3.984794638179055
path,-3.9861893576249865,-3.9843442350572107
path,-3.983562227891891,-3.9838809853927004
path,-3.9809193055663608,-3.9834049684999937
path,-3.9782759839562694,-3.982916626084525
path,-3.9756174153370174,-3.982415720079903
path,-3.972943808062955,-3.981902310839178
path,-3.9702553645311145,-3.9813764490440535
path,-3.9675522746767724,-3.9808381793841447
path,-3.9648655365539125,-3.9802887146766355
path,-3.9621648337515047,-3.979727165495741
path,-3.9594504162805757,-3.9791536285988007
path,-3.9567223885299843,-3.9785681066621774
path,-3.953981074169115,-3.9779707241199294
path,-3.951264754603659,-3.9773636003595305
path,-3.948535847772068,-3.976744823233416
path,-3.9457943990076023,-3.976114543481224
path,-3.9430404736087636,-3.975472746646027
path,-3.9402740922955974,-3.9748193933720986
path,-3.937509766664798,-3.9741553781023953
path,-3.934733095263487,-3.973479797568731
path,-3.931952559543452,-3.9728402463124683
path,-3.9292891505151926,-3.9722366735036796
path,-3.926638572937005,-3.971619447250498
path,-3.924023807115162,-3.9710059320200664
path,-3.921406870589537,-3.9703869973067545
path,-3.9187874446139506,-3.9697627476266604
path,-3.916165546578252,-3.9691332010577365
path,-3.9135412832922265,-3.968498132914113
path,-3.910937369871514,-3.967878708029849
path,-3.908320780427239,-3.967268979788542
path,-3.905699787546277,-3.966670612429991
path,-3.903076235986649,-3.9660677754544436
path,-3.9004503287370014,-3.965459922246884
path,-3.8971012469176842,-3.964818677776084
path,-3.893340607770462,-3.9641095765980734
path,-3.8895373900743824,-3.963360559800749
path,-3.8857108390047217,-3.9625917617407636
path,-3.8818627255780624,-3.9618024070859987
path,-3.8774568059985604,-3.9609419447358287
path,-3.87264915520772,-3.96010915638069
path,-3.8675399584162795,-3.9594091437993177
path,-3.862131197840014,-3.958844303164986
path,-3.856410241316615,-3.9583751212972422
path,-3.8503990841153373,-3.9580374836084338
path,-3.844059365446521,-3.95785301406877
path,-3.8371181992982053,-3.9579680722075654
path,-3.830073872947793,-3.9578942426309593
path,-3.8231082076024827,-3.957667958426576
path,-3.816336390325912,-3.957329952990932
path,-3.8097772865459314,-3.9568318314301636
path,-3.8034477877034405,-3.9562306263851967
path,-3.797347890225747,-3.955526353799989
path,-3.791367707916623,-3.9547592802871248
path,-3.7855993123435914,-3.95408935447973
path,-3.7800627423573845,-3.953323762696265
path,-3.774626279516969,-3.952504334341819
path,-3.7691903777548035,-3.951667816786519
path,-3.7637550058253275,-3.9508141978534184
path,-3.758547794133787,-3.9500921883992888
path,-3.7535749860485486,-3.9492794247546428
path,-3.748773200570108,-3.94838826443707
path,-3.7439808296382613,-3.9474778615120694
path,-3.7391879401485375,-3.946550968963116
path,-3.734146161209433,-3.9453167816233083
path,-3.728755162213704,-3.944028461509381
path,-3.72307382021297,-3.942829061802835
path,-3.717101547076202,-3.941716162935452
path,-3.7108817449062164,-3.9406745219917707
path,-3.704767923612845,-3.939642535894686
path,-3.6986904127531544,-3.9385790544863126
path,-3.692613820971221,-3.93749697615599
path,-3.6865381238276194,-3.936396293610059
path,-3.6804632953452607,-3.935276993328029
path,-3.6745987467653456,-3.9342398159268814
path,-3.668947131849793,-3.933112648516206
path,-3.6633239279511023,-3.9319578020193213
path,-3.657700995472323,-3.930785372292851
path,-3.652078295143739,-3.929595273905025
path,-3.646414460146688,-3.9286966302801782
path,-3.641011890670278,-3.9280386977275814
path,-3.6358478729504085,-3.9272791356774968
path,-3.6308799502754736,-3.9264317220046987
path,-3.6259313983964376,-3.9255608788784606
path,-3.621135765383984,-3.9247344364040586
path,-3.6163939261418596,-3.923889037007699
path,-3.6116532927261824,-3.9230361918060535
path,-3.6069138581993236,-3.9221759300260226
path,-3.602266792980784,-3.9212776329295993
path,-3.5978664636203823,-3.9204982663006676
path,-3.5936448552244538,-3.919669992350722
path,-3.5894245573728,-3.918827008800932
path,-3.5852023440187963,-3.9179707775483577
path,-3.5809783889114786,-3.9171018274297884
path,-3.5768785816150634,-3.9162577331654798
path,-3.572797868238363,-3.915417931589113
path,-3.568716482970692,-3.9145694264321276
path,-3.564633428291113,-3.9137088764648427
path,-3.560548964347941,-3.9128371184136443
path,-3.5567408175801782,-3.9121328681976206
path,-3.553218372955356,-3.911422095147059
path,-3.5498031914067014,-3.9106589233265683
path,-3.5463889116828837,-3.9098941901591653
path,-3.5429749747454626,-3.9091260260023617
path,-3.5396774130092474,-3.908386930425795
path,-3.5363896590534165,-3.9076407523831507
path,-3.5331022415479976,-3.9068914847924257
path,-3.5298151596195773,-3.906139134639571
path,-3.5265284123893688,-3.905383708905116
path,-3.523290283944582,-3.9046367692028454
path,-3.5200530825139604,-3.9038866080980963
path,-3.516820777637994,-3.9031377823045705
path,-3.5136123620436783,-3.9024817068436133
path,-3.5103686111504016,-3.901926365158251
path,-3.5071583834707436,-3.9015039494247574
path,-3.5039138090784423,-3.901183151375215
path,-3.5006331311369565,-3.900963551472315
path,-3.4973299239184983,-3.9008198269029037
path,-3.4940282260213813,-3.9007072940170686
path,-3.4908365907985988,-3.900626539382881
path,-3.487652673882161,-3.900576053586771
path,-3.4844704899685413,-3.9005568379569984
path,-3.4812899299087907,-3.900569154763039
path,-3.4781108812732726,-3.9006132897672865
path,-3.4750093869281415,-3.900690721104911
path,-3.471912452310739,-3.9007999501240693
path,-3.4688166521378445,-3.9009416949838873
path,-3.4657218672566286,-3.90111672760527
path,-3.4626916550478004,-3.9012186297374885
path,-3.4593192286312657,-3.901480745274047
path,-3.4554673570030983,-3.901583360526946
path,-3.4516044938971864,-3.9014728450480867
path,-3.4478376939462887,-3.901197389477475
path,-3.444082211271607,-3.90089862813736
path,-3.4405414835587504,-3.9006241810335576
path,-3.4370850004852365,-3.900365785611249
path,-3.433630367524299,-3.9000796576076193
path,-3.4301778165774057,-3.899784714215019
path,-3.4267255042804288,-3.8994916485580164
path,-3.42336780419434,-3.8992022482213082
path,-3.4200177168384096,-3.898905893970026
path,-3.416668225783385,-3.89860820046647
path,-3.4133198184084237,-3.8983092937829356
path,-3.4099725765443267,-3.8980003551108093
path,-3.4067594420775658,-3.897708918893069
path,-3.403564830156001,-3.8974134481454596
path,-3.4003714557036457,-3.897108089214452
path,-3.3971777808580783,-3.896799491648329
path,-3.3939846908953273,-3.89649294269989
path,-3.3909416535184262,-3.8961986122709873
path,-3.3879251476228855,-3.8959100394246495
path,-3.384909850335071,-3.895602940350498
path,-3.3818950499132545,-3.8953009435725825
path,-3.378880675455466,-3.8949954156851847
path,-3.3759270610875216,-3.8946896353296423
path,-3.372978349798655,-3.894382457902233
path,-3.370030443085144,-3.894076569026253
path,-3.367083855335563,-3.8937637793957762
path,-3.3641366761299385,-3.89344469091504
path,-3.36092165887412,-3.8930157821881197
path,-3.3574628904146655,-3.892614542841649
path,-3.353970693630488,-3.892229123618056
path,-3.3504792515215316,-3.8918421950332633
path,-3.3469888668665204,-3.8914518769365425
path,-3.343645526355201,-3.8910794457282334
path,-3.340332572569762,-3.8906999715631394
path,-3.337020298617506,-3.89030843074139
path,-3.333707697801589,-3.8899221225575005
path,-3.3303954078490183,-3.8895340021260787
path,-3.3271680879507737,-3.8891484561320926
path,-3.323948263027718,-3.8887589508965497
path,-3.320729120385011,-3.8883713933577737
path,-3.3175107721857735,-3.8879795101874155
path,-3.3142935527240915,-3.887575277412947
path,-3.311215496228062,-3.887202175756457
path,-3.3081563109679686,-3.886815629817649
path,-3.30509605060798,-3.8864259009727675
path,-3.302036638990852,-3.886039534267099
path,-3.2989788047602366,-3.8856460853659094
path,-3.296030900819272,-3.8852698673638852
path,-3.2931063367267157,-3.8848853992999035
path,-3.290181105936455,-3.884505230822057
path,-3.287257464114016,-3.884115734424617
path,-3.2843327827692765,-3.883723589993313
path,-3.281466568290968,-3.8833426096536274
path,-3.2786026975473215,-3.88295322057362
path,-3.275737689396522,-3.882561267292985
path,-3.2728733334270785,-3.8821732276436194
path,-3.270010617019387,-3.881778391002983
path,-3.26682412313412,-3.8811839804659654
path,-3.263260362680857,-3.8804335657185494
path,-3.2594692092455184,-3.879745453461495
path,-3.2554368831268063,-3.8791244488397973
path,-3.25133357050339,-3.8785259774500367
path,-3.2474324111558164,-3.877973297763742
path,-3.2435769275198285,-3.8774121658884186
path,-3.2397270712616826,-3.8768349727899984
path,-3.2358785871380746,-3.8762473838153935
path,-3.232029166770617,-3.875661491155114
path,-3.2282957986603713,-3.8750904189220012
path,-3.2245760660195653,-3.874516830201521
path,-3.2208578496165554,-3.873929135088851
path,-3.2171385247894273,-3.8733485357211768
path,-3.213421506539136,-3.8727551576718566
path,-3.2098709955433127,-3.872205461921942
path,-3.206351674830816,-3.8716328768940924
path,-3.202831076969183,-3.8710688952214736
path,-3.1993128571628824,-3.870489434284629
path,-3.195794370070801,-3.8699146186729494
path,-3.192441253155515,-3.869369767205992
path,-3.1891185014009964,-3.8688220854011637
path,-3.1857959008173253,-3.8682648044381547
path,-3.182474754910626,-3.867706882036922
path,-3.1791535411856473,-3.867141395910755
path,-3.1759101658297424,-3.8665946512146916
path,-3.172672904937396,-3.866035047919271
path,-3.1694353348371367,-3.86548139439195
path,-3.166199037664368,-3.8649150802451433
path,-3.1629623671865166,-3.8643550203639725
path,-3.159488280438504,-3.8636458283728263
path,-3.1557904961721377,-3.8629584726452175
path,-3.152021664539354,-3.8622892582313337
path,-3.148253085450166,-3.861612951294402
path,-3.1444853570373463,-3.860934707655755
path,-3.140888403793287,-3.860299895318804
path,-3.137332305282435,-3.859654044959073
path,-3.1337764948445574,-3.8589992187223063
path,-3.130221391888571,-3.8583457843844564
path,-3.12666649992942,-3.8576838488773526
path,-3.1232857926721085,-3.8570644064215625
path,-3.119937751068108,-3.856445761357299
path,-3.1165920426229783,-3.8558190300927477
path,-3.113247357970713,-3.8551814706292635
path,-3.1098737630478777,-3.854565141248008
path,-3.106491560009218,-3.8539895007625162
path,-3.103114550186304,-3.853403477258689
path,-3.099738190857122,-3.85281427619817
path,-3.096362295962095,-3.852222283849403
path,-3.092986865899606,-3.8516275083065796
path,-3.0897343721003625,-3.851064151382971
path,-3.086493900442611,-3.850493454698279
path,-3.083243945731189,-3.849918985870197
path,-3.0799946444052884,-3.849331175384686
path,-3.0767416028445758,-3.8487448379810933
path,-3.0736279377011084,-3.8481897891925843
path,-3.070529683879709,-3.847628386840215
path,-3.067432435574387,-3.8470650665622537
path,-3.0643382917746376,-3.846491990820912
path,-3.061253410192176,-3.8458950859320304
path,-3.0579581662763413,-3.8452407872658787
path,-3.054535740936179,-3.844410441702361
path,-3.051014422476282,-3.8434928975696
path,-3.047428182885078,-3.8424137282977253
path,-3.043781422582156,-3.8411848876266323
path,-3.040142570579353,-3.839933537824222
path,-3.0365064054217226,-3.8386804043126457
path,-3.0328728528696396,-3.837424614931795
path,-3.029231145238635,-3.836149992157935
path,-3.0255887527557874,-3.834864784549707
path,-3.0219888859018966,-3.8336113708044626
path,-3.018405519338369,-3.8323862560420485
path,-3.0148234216855205,-3.8311691070793406
path,-3.011232685391152,-3.8299381847067933
path,-3.007641559756868,-3.8287002131616656
path,-3.0040723002417136,-3.827471888258628
path,-3.000508147471469,-3.8262626719015764
path,-2.9969496610868647,-3.8250473933819626
path,-2.993381400597115,-3.8238321404723083
path,-2.9898110844717842,-3.8226057715753337
path,-2.986260234366985,-3.82139978401574
path,-2.982719995941074,-3.8202178125727
path,-2.979170965547275,-3.819035679222919
path,-2.975624172448555,-3.8178461799912293
path,-2.9720668991103643,-3.8166543592745636
path,-2.968786418252131,-3.8157713211622792
path,-2.9656106833984515,-3.814880581554014
path,-2.96251397191059,-3.8139536595477592
path,-2.9594886686939272,-3.8130065382218765
path,-2.95639532761573,-3.812219651841889
path,-2.9533200314480164,-3.81144389650959
path,-2.9502393567513012,-3.8106658416901387
path,-2.947148848457982,-3.8098967369394585
path,-2.9440512562937107,-3.809121056780271
path,-2.940948741906663,-3.8083473315436387
path,-2.9378543053351933,-3.8075840142988127
path,-2.9347585333097586,-3.8068323729591076
path,-2.931662653936175,-3.8060764021898104
path,-2.928566422001938,-3.805318026129559
path,-2.9254684037334155,-3.8045562316782413
path,-2.922410297864478,-3.8038015828505523
path,-2.9193684864276586,-3.803059376679938
path,-2.9163402957878968,-3.802309274192563
path,-2.9133132852423484,-3.801557594764931
path,-2.910298415860411,-3.80080318032553
path,-2.907313275924153,-3.8000651687508453
path,-2.90434881106237,-3.79932291492334
path,-2.9013949243001473,-3.7985845077290956
path,-2.898444358169149,-3.7978401256901866
path,-2.895508896968189,-3.797091144809021
path,-2.8926063971793146,-3.7963667262664207
path,-2.88972340151011,-3.7956345285267377
path,-2.8868560990015975,-3.794898440550765
path,-2.8839938331874984,-3.7941587418184963
path,-2.881144308746269,-3.7934148845740645
path,-2.878233372972028,-3.792603115612273
path,-2.875201826695646,-3.7916814861216386
path,-2.8720844379630837,-3.7906546949871407
path,-2.868897588897963,-3.7895685533732713
path,-2.865655312893564,-3.7884917282344936
path,-2.862387966101503,-3.787415432234401
path,-2.8590941072244758,-3.7863526198362623
path,-2.855770032119481,-3.785289986425233
path,-2.85242861450045,-3.784256504884976
path,-2.8490479207280788,-3.7832382953935517
path,-2.845690030403916,-3.7822423022411247
path,-2.8423383148498256,-3.78124171566311
path,-2.838993173930516,-3.7802347231786046
path,-2.835650994166834,-3.77922321616167
path,-2.8323118365880418,-3.778207883512022
path,-2.829057541360988,-3.777214899825308
path,-2.82581118636338,-3.77621793395983
path,-2.822568665970442,-3.77521620162266
path,-2.8193295630815305,-3.7742104199501347
path,-2.8160938495530092,-3.773200748189513
path,-2.8129669953240604,-3.772221120621731
path,-2.809849625536959,-3.771234567231308
path,-2.8067294751341536,-3.7702480901775752
path,-2.8036308319927383,-3.7692556051981065
path,-2.8005348733589255,-3.768283482009161
path,-2.797491544412709,-3.7673333894996444
path,-2.794449622720057,-3.766379901194772
path,-2.791410461520588,-3.765422380300795
path,-2.78837318540849,-3.764461634635173
path,-2.7853388342184315,-3.763497811769301
path,-2.78222472683786,-3.762357925431844
path,-2.779031795605695,-3.761020678211122
path,-2.7757982021571452,-3.7596188212462605
path,-2.7725391187502435,-3.7582171837220977
path,-2.769233547139931,-3.756780904138719
path,-2.765927649155592,-3.755368394778813
path,-2.7625600729368354,-3.7540032958331535
path,-2.7590907619737735,-3.7526326114876163
path,-2.7554979183445,-3.75124704890338
path,-2.7518132182785147,-3.7498382504252383
path,-2.7482066772356046,-3.7484456781910067
path,-2.744612782327429,-3.747040775229548
path,-2.741033810544963,-3.7456214199103557
path,-2.737471432483919,-3.744186211186204
path,-2.7339270106388582,-3.742733781832281
path,-2.7304668474754203,-3.7412871528410694
path,-2.727025304446397,-3.73982002406848
path,-2.7236061698357843,-3.738331192086851
path,-2.7202108884795293,-3.7368190999431494
path,-2.71684037000347,-3.735282533943821
path,-2.713592091376531,-3.7337575972984687
path,-2.710375963211028,-3.732206635431253
path,-2.7071890105305534,-3.7306271606673618
path,-2.7040322463252617,-3.729017210981497
path,-2.700906705330461,-3.727375408030666
path,-2.697994632119434,-3.725789646427996
path,-2.6953843810939904,-3.724187847283678
path,-2.692900639300446,-3.72264400831102
path,-2.690452729926507,-3.721062478177971
path,-2.6880417263795082,-3.7194425374543743
path,-2.685685698553498,-3.7178139186072743
path,-2.683333222020193,-3.716181344218854
path,-2.6809813832323837,-3.7145489694458522
path,-2.6786305518459654,-3.712916412746604
path,-2.6762802773755263,-3.7112804791724066
path,-2.6739238762755626,-3.709632669025069
path,-2.671571276630034,-3.7079827057313177
path,-2.6692165543583397,-3.706337152128266
path,-2.666865968465505,-3.7046878126290936
path,-2.6645132187583696,-3.703042640175523
path,-2.6621590686626435,-3.7013899196055804
path,-2.6598029677363546,-3.69974130671631
path,-2.6574507523797424,-3.698089077227937
path,-2.6550967841566004,-3.6964402864214962
path,-2.6527467021105626,-3.694788940778215
path,-2.650392118170199,-3.693138850153927
path,-2.648041072611074,-3.6914859415364627
path,-2.645688329881928,-3.6898356881631122
path,-2.6433394002934687,-3.688183408621377
path,-2.6409889448186243,-3.6865344172931356
path,-2.6386303840263077,-3.6848773587742585
path,-2.6362798575956696,-3.68324569173658
path,-2.633898650788372,-3.681627857734022
path,-2.6316057774606145,-3.6800535580120215
path,-2.6293572840791635,-3.678543828170085
path,-2.6266688766195565,-3.6770675680155196
path,-2.6237200925907778,-3.6753792579549907
path,-2.6207548045028948,-3.67357295089831
path,-2.6177010996723205,-3.671623087768357
path,-2.614508835099158,-3.669504064765927
path,-2.611174585313347,-3.6672113380618403
path,-2.6076969500755314,-3.6647460493704163
path,-2.6040773475719496,-3.6621091105634314
path,-2.6003336674350512,-3.6593172152740676
path,-2.5965505491762415,-3.6564501419951307
path,-2.5927955680509918,-3.653577048020787
path,-2.5890610465197312,-3.6506890672270953
path,-2.5853451647400623,-3.647787536618051
path,-2.5816457536357427,-3.6448736619095454
path,-2.5779608064386776,-3.6419486722855243
path,-2.5742859000652514,-3.6390092851170834
path,-2.570616332171172,-3.636064501372348
path,-2.566942317704119,-3.6331204781564224
path,-2.563263525219789,-3.6301774805553153
path,-2.559579905876576,-3.6272358067785535
path,-2.555869198936875,-3.624277503287836
path,-2.5521532446123087,-3.6213207992652596
path,-2.5484321337929154,-3.6183661771778457
path,-2.5447060016199687,-3.615414149357475
path,-2.5409750394155735,-3.6124652865015228
path,-2.5374795503538827,-3.610024578798519
path,-2.5341745980963144,-3.6079033586081866
path,-2.5308875286813213,-3.6057839558547315
path,-2.5276121247480594,-3.6036678907240747
path,-2.5243503717313938,-3.601553685485825
path,-2.521301028849366,-3.599742470741527
path,-2.5182926035735917,-3.5979814818220155
path,-2.515297797145022,-3.596215419931109
path,-2.512317844963403,-3.594443884008999
path,-2.509353934120602,-3.5926665357088567
path,-2.5065373180178385,-3.5911749779086857
path,-2.50396228454137,-3.5900089475091495
path,-2.501437948497092,-3.58895113402074
path,-2.4988805941238503,-3.5878591514822182
path,-2.4962937087077903,-3.586740442684126
path,-2.4936928078174754,-3.585604575604406
path,-2.4910757318711094,-3.584443733451602
path,-2.488442673705228,-3.583259356945286
path,-2.4857931826312907,-3.5820527623473875
path,-2.4831353687283597,-3.5808256438402895
path,-2.480481737403969,-3.5795980795506224
path,-2.4778255753908125,-3.578351923060116
path,-2.4752567764971762,-3.5771751848440334
path,-2.472696194046041,-3.575917601583003
path,-2.470139154714239,-3.5745912106043507
path,-2.467486518454801,-3.5729745984203722
path,-2.464753847245034,-3.5712120540460055
path,-2.4619658953285897,-3.5694206560406427
path,-2.459121834875796,-3.5676033778108165
path,-2.456214557308086,-3.565715335233031
path,-2.45324676693434,-3.5635896939934195
path,-2.4503246943818997,-3.561414496421683
path,-2.4474598466378095,-3.5592135389904174
path,-2.444647033798425,-3.5569896017885956
path,-2.4418462335412263,-3.554763800308309
path,-2.4390507203963083,-3.55254183362903
path,-2.436258826689369,-3.55032234712995
path,-2.433470562183263,-3.548105370700884
path,-2.430685940633761,-3.5458909368704377
path,-2.4279049794018914,-3.543679080641661
path,-2.4251130094271365,-3.541457702402667
path,-2.4223245308002395,-3.539238861766124
path,-2.419539579251387,-3.537022604507645
path,-2.4167581904299373,-3.534808977181762
path,-2.4139804034926056,-3.5325980288883345
path,-2.41119043763829,-3.5303767307206364
path,-2.408404147315492,-3.5281582348468983
path,-2.4056215900593454,-3.5259426027469982
path,-2.40284282319278,-3.5237298967783093
path,-2.4000679077400973,-3.521520182096621
path,-2.3972828924324836,-3.5193019564814945
path,-2.3944966956809597,-3.517083910212594
path,-2.391741648615022,-3.5148888616236165
path,-2.3890382257376253,-3.512728514115674
path,-2.386386225801261,-3.5106029932283502
path,-2.383934731560562,-3.508788560474433
path,-2.3816390708248476,-3.5072742675306507
path,-2.3794376831077426,-3.506093431934125
path,-2.3772673445069614,-3.504994920613319
path,-2.375191313019646,-3.50393085123377
path,-2.3731936415213988,-3.5028928032706035
path,-2.371242771930445,-3.5018858516693054
path,-2.369339273233763,-3.500910468894806
path,-2.367483788216265,-3.4999667832612222
path,-2.3656770113642507,-3.4990549356245406
path,-2.363913223099512,-3.498147417974815
path,-2.362129416189489,-3.4971996650966592
path,-2.3600723188229686,-3.496454279145846
path,-2.3578687132596965,-3.4955717324487976
path,-2.355583060992979,-3.494326878694483
path,-2.3533064669540606,-3.4929933289695336
path,-2.3510825111161804,-3.4916917151454285
path,-2.3488642177566734,-3.490473556969304
path,-2.3466158908575245,-3.489268836890787
path,-2.3443534940819264,-3.488032845983963
path,-2.342086586552714,-3.4867964824238764
path,-2.3398041666251443,-3.4855698834502484
path,-2.3375072238799484,-3.484336856078317
path,-2.3351964599574004,-3.4830971584205983
path,-2.3328695727514033,-3.481853671758905
path,-2.3302196432674354,-3.480572034653049
path,-2.327554213764196,-3.4791378360982916
path,-2.3248793142099022,-3.477621938769501
path,-2.322195797606084,-3.4760265630538028
path,-2.319499375991306,-3.4743803396887736
path,-2.3168050433108482,-3.472716418483609
path,-2.3140970835906542,-3.4710511768196164
path,-2.3113767504900595,-3.4693891656739075
path,-2.308641409665658,-3.4677458408703226
path,-2.3058941540094584,-3.4661015957892602
path,-2.3031537177235863,-3.464417316386275
path,-2.3004061010573746,-3.4627038781067614
path,-2.297654022477567,-3.460986057799188
path,-2.29489358761238,-3.4592575146249778
path,-2.292124295685764,-3.4575643430760237
path,-2.2893581595683186,-3.455863902218659
path,-2.2865792816164343,-3.454208678549163
path,-2.2837943414271065,-3.452554810919665
path,-2.2810018443665045,-3.4508778046948567
path,-2.2782047707468553,-3.449199616702777
path,-2.2754095214484797,-3.4475212009276426
path,-2.272605334246945,-3.4458286484148997
path,-2.2697974028802106,-3.444113215108462
path,-2.266981967344483,-3.442404789745474
path,-2.2641601357164234,-3.440695933114428
path,-2.2613464572358057,-3.438944946783652
path,-2.258441134632327,-3.4372649012153897
path,-2.255425365185523,-3.435664328162869
path,-2.2523062876388016,-3.434095778155471
path,-2.2490840633590143,-3.4325543486172183
path,-2.2462039527969804,-3.4314012851290934
path,-2.2434682281063334,-3.430459274917412
path,-2.240756364052168,-3.429595326821559
path,-2.238068230812274,-3.4288090408706373
path,-2.2354037410182963,-3.4281002683047466
path,-2.23276261919797,-3.4274940661805258
path,-2.230066525164136,-3.427025131931697
path,-2.2273744586656408,-3.426536545460638
path,-2.224684401350886,-3.4260305421478834
path,-2.2219923375435218,-3.4255153614531917
path,-2.219356038981071,-3.424965985151487
path,-2.2167228504314473,-3.424409321860886
path,-2.214095741728336,-3.4238261634344256
path,-2.2114659925638476,-3.4232352528116707
path,-2.2088371629124617,-3.4226285243771355
path,-2.206276273620398,-3.42199386776213
path,-2.203718511775811,-3.421343273302088
path,-2.201167230181245,-3.420677577711249
path,-2.1986119047964907,-3.420007590968725
path,-2.196057047141688,-3.4193369973586156
path,-2.193558279584692,-3.4186755109153983
path,-2.1910650577709894,-3.4180190018778647
path,-2.1885672042238324,-3.4173670984737443
path,-2.186069055776559,-3.416713673539759
path,-2.18372793552552,-3.415989039798723
path,-2.181358732808379,-3.415199713036108
path,-2.1789644227650418,-3.414393935465018
path,-2.176551335661928,-3.4135624976495857
path,-2.1741257400652843,-3.4127033951161247
path,-2.1716815727824033,-3.4118099345819495
path,-2.1692448654308265,-3.41088429696716
path,-2.1667947187972856,-3.409928096597883
path,-2.164324016909336,-3.408937290927152
path,-2.1618383051982746,-3.4079147776591814
path,-2.1593442776697036,-3.4068629183492387
path,-2.1568915479431285,-3.4058139303802957
path,-2.1544442558458483,-3.4047656200171117
path,-2.151995323912718,-3.4037341213345265
path,-2.149542591697449,-3.4027107898949875
path,-2.1470921884067975,-3.401681916752125
path,-2.1446545307167386,-3.4006714583845663
path,-2.142213576570939,-3.3996714923924896
path,-2.1397735685270645,-3.398655889433466
path,-2.137335764587946,-3.397637495130579
path,-2.1348991851761454,-3.396624596242647
path,-2.1324693286433956,-3.3956511114841903
path,-2.1300329493821546,-3.3946822625871866
path,-2.127601888520373,-3.393695680660205
path,-2.125166116890981,-3.3927275919887183
path,-2.1227233706925426,-3.391771382465088
path,-2.120001694112422,-3.3907757631600313
path,-2.117231162018054,-3.389747555946097
path,-2.1144540404891283,-3.388694782005871
path,-2.111675871551576,-3.3876091518256057
path,-2.1088964389437472,-3.386493757853111
path,-2.1061531844459322,-3.3853519598281694
path,-2.103409284822189,-3.3841874881804714
path,-2.100660927481436,-3.3829908870366268
path,-2.0979048285845088,-3.3817772684427116
path,-2.0951477925540356,-3.3805271111494077
path,-2.092415248519196,-3.379246196647404
path,-2.0896762078729507,-3.3779377441422946
path,-2.0869279212860983,-3.3766024832103048
path,-2.0841704030343187,-3.375241791240209
path,-2.0814004530282872,-3.3738712068845427
path,-2.0786352915814006,-3.3725274614569973
path,-2.0758579702311994,-3.371177532451143
path,-2.073058093898955,-3.369849754593254
path,-2.070236365106585,-3.3685363303038622
path,-2.067405391142983,-3.3672053737639405
path,-2.064592240779381,-3.3658548170535316
path,-2.061766723751805,-3.3644959553865017
path,-2.0589294096356836,-3.363127644026319
path,-2.0560779961072284,-3.3617484100529835
path,-2.0532129699949078,-3.360358259384856
path,-2.0503518695120198,-3.3589464432476013
path,-2.0474874085544084,-3.357526301009652
path,-2.044658439502292,-3.3561045773213163
path,-2.042056498410421,-3.354701118021294
path,-2.0397066470591954,-3.353339059867565
path,-2.0376161462605134,-3.3520058907661645
path,-2.0357486592945606,-3.3507141447421436
path,-2.0339538302531417,-3.3493926354278885
path,-2.032159958777944,-3.3480594877503176
path,-2.0303642279061025,-3.3467217980141912
path,-2.0285855611237755,-3.3453927333829263
path,-2.0268052669831014,-3.3440603169267287
path,-2.025023081978126,-3.342723356846488
path,-2.0232385131801713,-3.341382257353898
path,-2.0214522618444013,-3.3400361417945077
path,-2.0196612294207914,-3.3386820069344916
path,-2.0178679026085296,-3.33732358522966
path,-2.0160727803837744,-3.3359598355303657
path,-2.0142752197380953,-3.3345923546559866
path,-2.0124765311436565,-3.333217827468717
path,-2.010668975775779,-3.331836713309759
path,-2.008862692606435,-3.3304472180020936
path,-2.007048910829631,-3.329069897644417
path,-2.005240296603458,-3.3276837520517795
path,-2.003428396430347,-3.326289567667318
path,-2.001605628910081,-3.3248916492559997
path,-1.9997837488129848,-3.323488675151354
path,-1.9979597870559072,-3.3220774721708226
path,-1.9961360894516555,-3.32066135227666
path,-1.9943070654891466,-3.319240984887004
path,-1.992486008229597,-3.317828497860098
path,-1.9906658846510243,-3.3164062042269946
path,-1.9888412705594678,-3.3149791166727507
path,-1.987012286487704,-3.3135513531054945
path,-1.9851836131186005,-3.312116062569265
path,-1.9833429007321852,-3.3106667886592964
path,-1.9814974130121,-3.309211865939294
path,-1.9796467981713792,-3.307754078754901
path,-1.977798590231462,-3.306291497492835
path,-1.9759472424092377,-3.3048199524733874
path,-1.9740789729782209,-3.30333994854076
path,-1.972210861277292,-3.3018538906746615
path,-1.970344830466859,-3.3003568797009524
path,-1.968466800086118,-3.2988589247023543
path,-1.9665904952195044,-3.297357529694722
path,-1.964702289955768,-3.2958369544269384
path,-1.9628101903399595,-3.294309997992938
path,-1.9609122094358118,-3.2927822594910205
path,-1.9590168387028541,-3.291248025683084
path,-1.9571175583629377,-3.2897048900117865
path,-1.9551981713848,-3.2881511726811277
path,-1.9532808419606884,-3.286587853404937
path,-1.9513595247897473,-3.2850156203818948
path,-1.9494327412664603,-3.283441864403031
path,-1.9475066624492952,-3.281861637673166
path,-1.9457073503227842,-3.2803249573507207
path,-1.9439765325429588,-3.278894583578016
path,-1.9422538800854454,-3.2774704823491034
path,-1.9405200941533687,-3.2760414453349367
path,-1.9387864405430066,-3.2746091437878353
path,-1.9370492509487434,-3.2731597194193567
path,-1.9352997713364348,-3.271709120750839
path,-1.9335508081519486,-3.2702550062924773
path,-1.9318056573271358,-3.2687897752571513
path,-1.9300486387396427,-3.267323571185623
path,-1.9282846121597699,-3.2658475163538725
path,-1.9265245522279464,-3.2643593208410655
path,-1.9247513273193346,-3.2628763449035083
path,-1.9229824712439743,-3.2613808198328793
path,-1.9212096374966265,-3.2598774435200815
path,-1.9194240874767212,-3.258367437890432
path,-1.9176399241504283,-3.2568502584475247
path,-1.915852418760923,-3.255323420197987
path,-1.9140581097460092,-3.2537952789290534
path,-1.9122649810891397,-3.252260146266113
path,-1.910458284541654,-3.2507075227523763
path,-1.9086446943504058,-3.2491522203721104
path,-1.906831948018656,-3.247589114966677
path,-1.9050155088341767,-3.246016180146445
path,-1.90319221453859,-3.2444412706323313
path,-1.9008817860783418,-3.242746990091522
path,-1.898282018010412,-3.240848163906421
path,-1.8955978986522357,-3.2387438318263104
path,-1.8929594376119454,-3.2364862140676243
path,-1.8903373233982383,-3.2341604161067
path,-1.8875314046596325,-3.2317413335178835
path,-1.884708300241055,-3.2292323424401372
path,-1.8818783646950439,-3.226707038846773
path,-1.8790444270641007,-3.224157148480941
path,-1.8761920715810092,-3.221594518911632
path,-1.8733141109358267,-3.2189985260715144
path,-1.8704311348197615,-3.2163756546273237
path,-1.8675292447818288,-3.2137378596684014
path,-1.8646186239513713,-3.2110803617346653
path,-1.8616972002121126,-3.20839678211206
path,-1.8587116846494725,-3.205646687498154
path,-1.8557002307245611,-3.2028825980850764
path,-1.85266617922262,-3.2000865351667707
path,-1.8496188835772716,-3.197245183560681
path,-1.8465522705931054,-3.1943754666350577
path,-1.8434047148704413,-3.191422319648351
path,-1.8402368052454683,-3.1884233099387087
path,-1.8370482202522433,-3.185377829056111
path,-1.8338291989166138,-3.182307151447752
path,-1.8305830645448726,-3.1792142825258827
path,-1.8272550776742764,-3.1761301682140783
path,-1.8238764901681281,-3.1730980726762166
path,-1.8204445254077695,-3.17012486616127
path,-1.8169564648553858,-3.1672092431678434
path,-1.8134229483342066,-3.164346128439928
path,-1.8097712560627321,-3.1614870175404852
path,-1.8060853607857799,-3.1586524940241825
path,-1.8023762150023273,-3.155845342585494
path,-1.7986402421634404,-3.153065658244956
path,-1.794885149755615,-3.1503125148618025
path,-1.7915653102548916,-3.147827658549682
path,-1.7885191699744785,-3.1455015237731327
path,-1.785555597859435,-3.1431649673047084
path,-1.782646602791981,-3.140838116503158
path,-1.7797094622073169,-3.1385818347960583
path,-1.776694597730106,-3.1363623629326653
path,-1.7736594747429315,-3.1341613290234323
path,-1.7706153416574808,-3.1319747615001767
path,-1.7675520952979713,-3.1298021173073374
path,-1.7644876022340032,-3.1276383004618706
path,-1.7614115790268527,-3.125493358622081
path,-1.7583362361221049,-3.1233539720856727
path,-1.755248621758034,-3.121226176923128
path,-1.7521642953729606,-3.1190982448703015
path,-1.7490688667623975,-3.1169808201702365
path,-1.7460120837308428,-3.11488386630068
path,-1.7429575133807762,-3.1127881757564846
path,-1.7399070656934208,-3.1106933501965215
path,-1.7368533626972367,-3.10859740704398
path,-1.7338027186291378,-3.106499175027689
path,-1.730808393579481,-3.1044265766424717
path,-1.7278268817385423,-3.1023478692833826
path,-1.7248539198559656,-3.100261390914824
path,-1.7218871825766415,-3.0981661290888503
path,-1.718935860004208,-3.0960611473978688
path,-1.7160171565311908,-3.0939579177966565
path,-1.713110073357055,-3.091846023957006
path,-1.7102742040487975,-3.0897014921606694
path,-1.7075354360549053,-3.087557123813125
path,-1.7048144635801286,-3.08548270781552
path,-1.7019608349620587,-3.083530828749841
path,-1.6990208408589214,-3.08162147530744
path,-1.6960007199683567,-3.0797860506279227
path,-1.6929184553424848,-3.078007890171184
path,-1.689755775399911,-3.0762894720422107
path,-1.68655031601437,-3.0746452266741318
path,-1.6832803502451343,-3.07305480670654
path,-1.67994555412734,-3.071524554956625
path,-1.6765426526326288,-3.070047082057367
path,-1.6730804579971588,-3.0686236823654998
path,-1.6695888211863503,-3.0672703865575137
path,-1.6660357233234444,-3.0659698848647827
path,-1.6624316626416262,-3.0647179049197804
path,-1.6587769289040741,-3.063511289376771
path,-1.6550740846647694,-3.0623515934885837
path,-1.6514197475913968,-3.061300369431517
path,-1.647727359667996,-3.060320722540835
path,-1.6439718913079568,-3.0594594710075285
path,-1.6401577374793812,-3.058719860305658
path,-1.6362878079782148,-3.058101301435492
path,-1.6324131022085249,-3.057592853541405
path,-1.6285071104447257,-3.0572060726600907
path,-1.624639786210884,-3.05691524802087
path,-1.620813005368924,-3.056725647530232
path,-1.6170161834519141,-3.0566008642190696
path,-1.613373412108665,-3.056470878163371
path,-1.6097537472214134,-3.05637571984945
path,-1.6061506712321487,-3.0563047175367477
path,-1.602604589667385,-3.0562639742001676
path,-1.5991584579679918,-3.0562304273091225
path,-1.595363230011942,-3.0561185349280944
path,-1.5912396892818208,-3.0559757240738703
path,-1.5868858799271317,-3.0558303041881447
path,-1.5822998579449101,-3.0556908985459605
path,-1.577564328878343,-3.0555410206934166
path,-1.573015237991795,-3.055377335246014
path,-1.568659710027429,-3.0551700469494723
path,-1.5644553530891907,-3.0549510973681127
path,-1.560269216946041,-3.054736315649747
path,-1.5560897560960971,-3.0545233972683064
path,-1.5520814715175666,-3.0542993474804296
path,-1.54816373846894,-3.054099651521118
path,-1.5442493056559607,-3.0539012181824847
path,-1.5403403252045529,-3.0537060550293194
path,-1.5364359001300807,-3.0535134148252023
path,-1.5327618079397163,-3.053346974416406
path,-1.529272546653526,-3.0531693320488094
path,-1.5257975095137088,-3.053002462064585
path,-1.5223269028548894,-3.052843246167755
path,-1.518862223677626,-3.0526968766625453
path,-1.5156292453826883,-3.0525515953361135
path,-1.512500558324073,-3.0524074019507
path,-1.5093776739681486,-3.052284612103719
path,-1.5062583899432949,-3.0521789578752965
path,-1.5031428647156797,-3.052086152610508
path,-1.5001250795481678,-3.051991437518488
path,-1.4971255670309123,-3.0518992080441754
path,-1.4941282346269882,-3.0518062614440367
path,-1.4911328928588152,-3.0517121475075264
path,-1.4881404354518297,-3.0516175488129447
path,-1.4847823532780544,-3.051499950947761
path,-1.4811479414369424,-3.051405925179133
path,-1.4772560120613827,-3.0513265979081634
path,-1.473153918507762,-3.0512424314108153
path,-1.4690352320113176,-3.0511565993584893
path,-1.4649857239797732,-3.0510708839271827
path,-1.460942021754652,-3.0509840403489363
path,-1.4569021740943888,-3.0508960096043127
path,-1.4528662164367554,-3.0508067999718165
path,-1.4488341738398323,-3.0507164203434347
path,-1.4450775430756786,-3.0506329824332914
path,-1.4413526949553523,-3.050547710427974
path,-1.4375225082543044,-3.0504764849038404
path,-1.4336225068818547,-3.050424153593888
path,-1.4296834730623218,-3.0503982893047143
path,-1.4260820476955878,-3.050305697543764
path,-1.4225444152799223,-3.050224294900913
path,-1.419011863651719,-3.050155793261334
path,-1.4154843995229072,-3.050100243740412
path,-1.4119620324816382,-3.0500577022586737
path,-1.4085747767641579,-3.049987667875262
path,-1.4052027795448516,-3.0499252380789876
path,-1.4018359024883758,-3.0498759791886383
path,-1.3984741577150386,-3.049839946554339
path,-1.3951175599681938,-3.049817200492064
path,-1.3919650637856165,-3.0497432787778935
path,-1.3888370259556264,-3.049673353573962
path,-1.3857547261473167,-3.049597929926828
path,-1.3826915772681994,-3.049515725412924
path,-1.3796284015346514,-3.0494329163563587
path,-1.376666763063017,-3.0493536986023377
path,-1.373709497267677,-3.0492750442197636
path,-1.3707526678552797,-3.049197093202943
path,-1.367796271028676,-3.049119842882168
path,-1.3648403031854905,-3.0490432904650664
path,-1.3619626655516885,-3.048969497401694
path,-1.3590872979940511,-3.048896341684544
path,-1.35621232799068,-3.048823837858555
path,-1.3533377527044212,-3.048751983084088
path,-1.3504635694191371,-3.0486807744529285
path,-1.3477202688470575,-3.0486139966138506
path,-1.3449859560802415,-3.0485474371272177
path,-1.3422519922102893,-3.048481454206752
path,-1.3395183751352484,-3.048416045248638
path,-1.3367851028318616,-3.0483512076107977
path,-1.3341291304867338,-3.048289335603456
path,-1.3314792241767868,-3.0482274460999506
path,-1.3288294750317142,-3.0481661001535643
path,-1.3261799122120639,-3.048105292709953
path,-1.3235305590682072,-3.048045019181423
path,-1.3209823238130767,-3.0479878794218487
path,-1.3184381474885065,-3.047930981515415
path,-1.3158942022192979,-3.047874565680413
path,-1.313350497426122,-3.0478186287696727
path,-1.3108070405180106,-3.0477631677990145
path,-1.3083523592349429,-3.047710330900556
path,-1.3059006537148632,-3.0476577517837713
path,-1.3034491900558276,-3.047605607556726
path,-1.300997970918452,-3.0475538958795196
path,-1.2985469982708873,-3.0475026144701185
path,-1.2961376602716377,-3.0474526208961565
path,-1.2937285986889961,-3.047403035519536
path,-1.2913197780128596,-3.0473538596729206
path,-1.288911198593905,-3.0473050913240525
path,-1.286502860547606,-3.047256728463043
path,-1.2839408363619425,-3.0472212111849837
path,-1.281289793334719,-3.0472326975706623
path,-1.2785518281850754,-3.0472938084413355
path,-1.275732652155949,-3.0474024762598715
path,-1.2728781206751763,-3.0475261481462113
path,-1.2700770153614465,-3.047626551149449
path,-1.2672740019535504,-3.0477216287278646
path,-1.2644691508817294,-3.04781167388477
path,-1.2616625917639215,-3.047896907882758
path,-1.2588541516635112,-3.047977052814991
path,-1.256175197276698,-3.048010881014362
path,-1.2534994030228503,-3.0480339646197394
path,-1.250808977137397,-3.0480431825291348
path,-1.248089833423485,-3.0480401783966964
path,-1.2453447454281452,-3.0480252720868632
path,-1.2426440457099515,-3.0480193387357035
path,-1.2399264572026458,-3.0480256534711985
path,-1.2372001282254084,-3.0480455767929033
path,-1.2344787821421197,-3.0480793333209517
path,-1.2317627187575089,-3.0481273726848226
path,-1.2291491824555842,-3.0481648689451726
path,-1.2265448956165284,-3.048214561121301
path,-1.2239417987864214,-3.0482671637793852
path,-1.2213387689777158,-3.048319509606492
path,-1.2187358074270793,-3.0483715981393273
path,-1.216180553379275,-3.0484193972003353
path,-1.2136264976230011,-3.0484700073463364
path,-1.2110725102674784,-3.0485203688274454
path,-1.2085185921362445,-3.048570481262906
path,-1.2059647439811745,-3.0486203443082758
path,-1.2032399306392594,-3.048664780487473
path,-1.200323737378797,-3.0487951458392937
path,-1.1972868522051352,-3.04898522477916
path,-1.1942465950297863,-3.049175014852315
path,-1.191203572899369,-3.0493646317384626
path,-1.1882448848659954,-3.0495290523703087
path,-1.185291789868081,-3.0496906291615145
path,-1.182339006199852,-3.0498524206474333
path,-1.179386715084382,-3.0500149075411316
path,-1.1764350978815394,-3.050178570792164
path,-1.1736149828460152,-3.0503117384302083
path,-1.1708064045205273,-3.050442039614773
path,-1.1679989820458385,-3.0505749185525723
path,-1.1651928853318607,-3.050710824153775
path,-1.1623882848434883,-3.050850206312681
path,-1.159667880135328,-3.0509716059112195
path,-1.1569521824059328,-3.051096005480378
path,-1.1542384579991685,-3.051225210696721
path,-1.151526872363588,-3.0513596556695353
path,-1.1488175919039885,-3.051499776203017
path,-1.146209839914421,-3.0516234349318534
path,-1.1436168204082473,-3.0517478378046263
path,-1.1410263064215824,-3.051879317620119
path,-1.138438507718299,-3.0520182697882037
path,-1.1358536260786143,-3.0521650963280362
path,-1.1333205416392471,-3.0523068639655166
path,-1.1307907846187901,-3.0524573069010152
path,-1.128264496824005,-3.0526168479210445
path,-1.1257418587396093,-3.05278589814955
path,-1.1232278831387892,-3.052972142768194
path,-1.120832731105313,-3.053220142555793
path,-1.1184540241078098,-3.0534984247651464
path,-1.1160753378106265,-3.0537759142286136
path,-1.113696679542551,-3.0540526110670565
path,-1.111318055187277,-3.0543285151826027
path,-1.1086529274091212,-3.0545305372022202
path,-1.1056201374820225,-3.054729413134359
path,-1.102338816755691,-3.0551197709476345
path,-1.0988873555451883,-3.0555926414406147
path,-1.0953460673139912,-3.0560339136505514
path,-1.0914973705968702,-3.0564132477922064
path,-1.0873929697722038,-3.056915376688469
path,-1.083128403076091,-3.0574894743157124
path,-1.0787672230663903,-3.058033409123991
path,-1.074326843814875,-3.0585461593368404
path,-1.0702293067692297,-3.058951334914811
path,-1.066282515336449,-3.059371629444491
path,-1.0623383866642993,-3.059796613458623
path,-1.0583942970573577,-3.060219396989902
path,-1.0544502565176772,-3.060639981213341
path,-1.050719253908451,-3.0610242598448103
path,-1.0470251894422304,-3.061414353359766
path,-1.0433311802456557,-3.061802520191155
path,-1.039637232880325,-3.062188761336738
path,-1.0359865726460897,-3.0625390633000404
path,-1.032537711546632,-3.0628004617439846
path,-1.0292097968792784,-3.0629673888294695
path,-1.0260001646907024,-3.063039644034999
path,-1.0229009497205008,-3.063019243313606
path,-1.0198202176460074,-3.0629264955668862
path,-1.0168228692346957,-3.062766698387319
path,-1.013857116594888,-3.062532149828504
path,-1.0108843479686087,-3.0622317534381875
path,-1.0079045734879688,-3.061865800606682
path,-1.0049178064493751,-3.061434573514851
path,-1.0020275719769052,-3.0609330719667813
path,-0.9991811689543788,-3.060357773599726
path,-0.9963278100829088,-3.059717942914368
path,-0.993467728599888,-3.0590156044100625
path,-0.9906027617798852,-3.0582674919018986
path,-0.9873315270411347,-3.05746599743643
path,-0.9836307794432096,-3.056678782686532
path,-0.9798639633131921,-3.055841237174604
path,-0.9760904069752655,-3.0549406989076764
path,-0.9723111131049768,-3.0539860642754344
path,-0.9686310537315458,-3.0529888569094035
path,-0.9649805919600183,-3.051945455161652
path,-0.9613290619363954,-3.0508907634628586
path,-0.9576776850527656,-3.049835732116701
path,-0.9539593203578927,-3.048879931212037
path,-0.9501223118785257,-3.0481998254313654
path,-0.9462744713323131,-3.0477087116135624
path,-0.9425134767122556,-3.0473076820234506
path,-0.9389029739931535,-3.0468382323341383
path,-0.9354221237956919,-3.0462819386325535
path,-0.9320937351105687,-3.04565286975923
path,-0.9288422313758312,-3.044946476152716
path,-0.9255644515516905,-3.0442140092708003
path,-0.9221221247717085,-3.043701234642664
path,-0.9186912698572953,-3.043246297790465
path,-0.9154464565725424,-3.042737178645943
path,-0.9123489502352617,-3.0421535603551138
path,-0.9093368041645489,-3.041493885638268
path,-0.9061947003226344,-3.040979320810866
path,-0.9028989409694606,-3.040769435975959
path,-0.8997233749483855,-3.0407020631067803
path,-0.8965732058969278,-3.0406689159162927
path,-0.8934228856361789,-3.0406350637289306
path,-0.8902698199175617,-3.040595292776049
path,-0.8871194866416022,-3.040560259346354
path,-0.8841921402250483,-3.0405150986612846
path,-0.8813076397666892,-3.0404818953995796
path,-0.8784231433466168,-3.0404481096670777
path,-0.8755386716780315,-3.0404137456033973
path,-0.8726542417349893,-3.040378806583163
path,-0.8698429128831565,-3.04034379811155
path,-0.867033482261279,-3.0403086792313023
path,-0.8642241216680073,-3.040273021023161
path,-0.8614148388514689,-3.0402368250015943
path,-0.8586056401962363,-3.0402000924191586
path,-0.8559302606696229,-3.0401604893026244
path,-0.8532652687237459,-3.0401246838074343
path,-0.8506003622822564,-3.0400883974687907
path,-0.8479355443517925,-3.0400516308876404
path,-0.8452708174272134,-3.0400143845765677
path,-0.8426599686644469,-3.0399773788967384
path,-0.8400493979245742,-3.0399399635273894
path,-0.8374389191529134,-3.0399020887338417
path,-0.8348285335534887,-3.0398637548117873
path,-0.8322182421300403,-3.0398249620280677
path,-0.829699436338494,-3.039786090651233
path,-0.8271841552969293,-3.039747854346658
path,-0.8246689632966611,-3.039709192477893
path,-0.8221538608375255,-3.0396701052322666
path,-0.8196388483358552,-3.039630592788002
path,-0.8172053666275194,-3.039591416129125
path,-0.8147744354620031,-3.039552425931937
path,-0.8123435889598825,-3.039513038843428
path,-0.8099128273280093,-3.039473255011236
path,-0.8074822013775407,-3.0394331212152847
path,-0.8050875475486636,-3.0393908637288223
path,-0.8026915040887985,-3.039347026316587
path,-0.8002926099146699,-3.039300116235327
path,-0.7978909028008105,-3.039250176187608
path,-0.7954864199481706,-3.039197248400132
path,-0.7931305247760196,-3.039163562454488
path,-0.7907733053960561,-3.0391186242736223
path,-0.7884076696926565,-3.039056373689869
path,-0.7860393904331828,-3.038991229400249
path,-0.7836686504414873,-3.038923583451682
path,-0.7811025077410588,-3.0389094689129164
path,-0.7784137825852699,-3.0389349062682838
path,-0.7756212744435843,-3.038983213216787
path,-0.7727300762314009,-3.0390514031253915
path,-0.7697688726751224,-3.0391238450641183
path,-0.7669140623429421,-3.0391371266914846
path,-0.7640515574337058,-3.0391210762406486
path,-0.7611762794663469,-3.0390779678109276
path,-0.7582881145655576,-3.0390075205559617
path,-0.7553870939830545,-3.038911812846991
path,-0.7525422784567661,-3.0387915782059762
path,-0.749694600113985,-3.0386682264620193
path,-0.7468541591641997,-3.0385541930844804
path,-0.7440365875782449,-3.0384878453620283
path,-0.741236708983367,-3.0384693928051787
path,-0.7385715111319114,-3.0384669360263263
path,-0.7359295264203595,-3.038509575865854
path,-0.7332997785794927,-3.0385868467168096
path,-0.73066380259793,-3.038656301373216
path,-0.7280230413399938,-3.0387192984416616
path,-0.725419129904776,-3.0387647362492696
path,-0.7227864971315381,-3.038764516999299
path,-0.7200948209792574,-3.0386785145670117
path,-0.7174018015376621,-3.0385903525168834
path,-0.7147090008788002,-3.038501518038771
path,-0.7121093802502814,-3.0384129653043193
path,-0.7095129975381986,-3.038326081045723
path,-0.7069169182263505,-3.0382385978383435
path,-0.704348375506281,-3.0381584035941827
path,-0.7018543965776296,-3.038078005899491
path,-0.6992034179417975,-3.0379240502929545
path,-0.6963733743332127,-3.0377743643258555
path,-0.6935310321479163,-3.0376277469403252
path,-0.6906888998090176,-3.0374793521402688
path,-0.6878469878401837,-3.037329179177334
path,-0.6850647068610446,-3.037217099794945
path,-0.6823070675644591,-3.0370982620910745
path,-0.67955952184433,-3.0369691123476796
path,-0.6768218891770258,-3.0368298177201454
path,-0.674093902312307,-3.0366806211755315
path,-0.6714063361303781,-3.036559703036901
path,-0.6687306337985145,-3.0364318875706955
path,-0.6660641625794737,-3.036294618578437
path,-0.6634067469302722,-3.0361480567849948
path,-0.6607572157108489,-3.035993237464126
path,-0.6581575996061095,-3.0358786170276244
path,-0.6555725507338763,-3.0357599957524615
path,-0.6529959052258287,-3.0356327571913586
path,-0.6504274936371518,-3.0354970555959766
path,-0.6478671469668463,-3.0353530445891415
path,-0.6453348174472164,-3.035224986211888
path,-0.6428108727390575,-3.035089655407617
path,-0.6402945095691083,-3.0349464905506913
path,-0.637785562235073,-3.034795641495744
path,-0.6352838654655708,-3.0346372575650413
path,-0.6328400750373495,-3.0345023758975405
path,-0.6304110725836221,-3.03435739098147
path,-0.6279888410222546,-3.034205295077865
path,-0.6255731671118198,-3.034046286562987
path,-0.623160005939467,-3.033883930697775
path,-0.6207725024027175,-3.0337438670764025
path,-0.6183919176934782,-3.0335981465256396
path,-0.616017340704458,-3.033446068376841
path,-0.6136486166898035,-3.03328777601229
path,-0.6112852877635826,-3.0331236791132774
path,-0.6087182870876233,-3.032885704765102
path,-0.6059197346261193,-3.0326807569422254
path,-0.6030876436639865,-3.032488897080973
path,-0.6002603370259675,-3.0322913416633868
path,-0.5974376298928721,-3.0320882603920967
path,-0.5946637641039173,-3.0319308382436625
path,-0.591898974799539,-3.031773534422532
path,-0.5891382794603179,-3.0316112522381644
path,-0.5863814981724406,-3.0314441559614203
path,-0.5836284512196608,-3.0312724093502066
path,-0.5809374199761247,-3.0311384488008244
path,-0.5782626827961966,-3.0310020165486016
path,-0.5755911941856107,-3.0308614657326176
path,-0.572922780558744,-3.0307169541096353
path,-0.5702572684685766,-3.0305686390329982
path,-0.5676270748889655,-3.03043498248719
path,-0.5650021117308,-3.030297789572342
path,-0.5623794473428588,-3.030157379608118
path,-0.5597591317482682,-3.0300137122933166
path,-0.5571408823021232,-3.029867039933224
path,-0.5546032646528836,-3.0297386382010756
path,-0.5521021429869857,-3.0295899213820183
path,-0.5496451591330139,-3.029400430886149
path,-0.547205890813821,-3.029194437866175
path,-0.5447668863280207,-3.0289872018870225
path,-0.5423667557253824,-3.0287838412924337
path,-0.5399704706718262,-3.0285777569646277
path,-0.5375636114964897,-3.028369362944886
path,-0.5350034448244114,-3.0281415137834053
path,-0.5322965775693093,-3.0278664383421696
path,-0.529614776878603,-3.027524079351958
path,-0.526911032450908,-3.0271296646382337
path,-0.5241760385457215,-3.026668580463577
path,-0.5214001672528645,-3.026122197646002
path,-0.518579114571419,-3.0254837447545446
path,-0.5157896324107148,-3.0247177640210317
path,-0.5129511491319492,-3.023843279420642
path,-0.5100851216417748,-3.022937467315085
path,-0.5072043734713998,-3.0220338492994423
path,-0.5043214217393218,-3.021132466917342
path,-0.5015468726158083,-3.0202462780546653
path,-0.4988199050790101,-3.0193993214181054
path,-0.4961134167869388,-3.0185772132798423
path,-0.49342089950291274,-3.0177746984923597
path,-0.4907257244611913,-3.016969331194595
path,-0.4880825008467751,-3.0161728720358774
path,-0.4854477253496491,-3.0153842673641433
path,-0.48282210242985774,-3.0146069113821294
path,-0.4801878201850034,-3.0138165634583935
path,-0.47755806953607555,-3.0130200145622648
path,-0.4749770775259652,-3.0122135610654643
path,-0.47239115143017973,-3.011391792893094
path,-0.46980027528136176,-3.0105572304774717
path,-0.4672215214801771,-3.009732959247887
path,-0.4646377622366482,-3.0088957197833412
path,-0.46210419599814534,-3.0080566748008932
path,-0.45958051805454186,-3.0072210785592572
path,-0.45705302238595347,-3.0063742260796436
path,-0.45452350589556245,-3.005527377901558
path,-0.45200415402780475,-3.0046862049456524
path,-0.44950492729012664,-3.0038394998136275
path,-0.4470051740125124,-3.002993977296566
path,-0.44451304816763804,-3.002150131241752
path,-0.4420188142525556,-3.0012985887648145
path,-0.4395279956895532,-3.000455339984833
path,-0.4368460475349236,-2.9996366549887945
path,-0.43400569984825066,-2.998773948080249
path,-0.4310878026331035,-2.9978450955983993
path,-0.42817427184562573,-2.9968802078233283
path,-0.42524828541837106,-2.9958767615122994
path,-0.42235029922454576,-2.994870022860171
path,-0.41946180892005785,-2.9938670435562456
path,-0.4165690125055439,-2.9928549846649832
path,-0.41368321620391246,-2.9918493727697464
path,-0.4107956299653012,-2.99082945501296
path,-0.40801117537843484,-2.989847541504048
path,-0.4053011981725646,-2.988871653610378
path,-0.40267427301332415,-2.987905420438492
path,-0.4001308745633341,-2.9869482255672475
path,-0.39767211245993,-2.9859987458271235
path,-0.39530913411317675,-2.985047846084428
path,-0.3930298938001241,-2.984107759635978
path,-0.390843963821782,-2.9831606718210595
path,-0.38872982697653363,-2.9822377364644814
path,-0.38668799128770115,-2.981297160151145
path,-0.3847273760861409,-2.980340046150106
path,-0.38282323339132557,-2.9793948230108103
path,-0.3809954078277555,-2.978423008899052
path,-0.37917023819870105,-2.977565782995313
path,-0.37741721194446504,-2.9766850281752952
path,-0.3757352796004079,-2.975758845313779
path,-0.3741092614937102,-2.974785431518262
path,-0.3725393648966942,-2.9737650339895145
path,-0.37100411694149243,-2.9727145274467848
path,-0.36947527191133456,-2.971647106909105
path,-0.36748646568012233,-2.9704706429822734
path,-0.3653153598123277,-2.9692147434029796
path,-0.36318895747212354,-2.9679097326300155
path,-0.3610873596566708,-2.9665680357669424
path,-0.35900733447435335,-2.9651921914073895
path,-0.3569717368532902,-2.963772359717097
path,-0.3549556179350154,-2.962319944000728
path,-0.3529543644325304,-2.9608379237569245
path,-0.3509734560165789,-2.9593262450476936
path,-0.348985815892169,-2.9578178213437503
path,-0.347013677584275,-2.956299690344618
path,-0.3450399480908498,-2.954775680326587
path,-0.3430679828902641,-2.9532598535259216
path,-0.34109607820645554,-2.9517404376815946
path,-0.33912943997355355,-2.950228706262183
path,-0.33716651700783,-2.9487080464024924
path,-0.33520206348626497,-2.9471935712429556
path,-0.33324005795390066,-2.945679145463292
path,-0.33127767151353155,-2.944163303147974
path,-0.329319127858266,-2.942638643701583
path,-0.3273602700935489,-2.941119782097784
path,-0.3253972414862125,-2.9396040053267787
path,-0.32344010823978553,-2.938077751057616
path,-0.3214848804037465,-2.9365463646631507
path,-0.31952229890169315,-2.9350253581910626
path,-0.3175681483168916,-2.9334930481061403
path,-0.3156124522025545,-2.9319625507135125
path,-0.3136608831009556,-2.9304302839839838
path,-0.31170170452032575,-2.928902177377598
path,-0.30974986689258643,-2.9273632945734733
path,-0.3078003837512,-2.9258217652126426
path,-0.3058408329597358,-2.9242900747871503
path,-0.30389165514414684,-2.9227465617222292
path,-0.3019457844226637,-2.9212025005247635
path,-0.29999480897465464,-2.919663383030905
path,-0.2981192978895825,-2.9181366217886238
path,-0.29628199764787705,-2.9165892344676307
path,-0.29444791431752454,-2.9150414490578265
path,-0.2926168971649047,-2.913493664076899
path,-0.29078892978085025,-2.911946136174397
path,-0.2889642096535431,-2.910399134327731
path,-0.28713953746302967,-2.9088600362939827
path,-0.2853226010203603,-2.9073483953771877
path,-0.28351461160930014,-2.905839526079542
path,-0.28171024339453055,-2.9043321412005865
path,-0.27990995041126276,-2.9028265018568615
path,-0.27811114827618,-2.901344418549231
path,-0.2763225984813146,-2.8998642933011634
path,-0.27453805643655543,-2.8983866995144765
path,-0.27276024074216393,-2.896910110512971
path,-0.2710014896193891,-2.895463819064399
path,-0.2692496694956095,-2.894027444567921
path,-0.2675013337183741,-2.89259266060939
path,-0.26575626606437375,-2.891159282878097
path,-0.26401436148939433,-2.8897272441636606
path,-0.26226237594778473,-2.888287376695118
path,-0.26051484731063973,-2.886844703137068
path,-0.25877040364850623,-2.8854032089613053
path,-0.25702883459028075,-2.8839627087613997
path,-0.2552876149539049,-2.8825249537007833
path,-0.2535397750417479,-2.8810743970677266
path,-0.25179507403284335,-2.8796236405342674
path,-0.25005310952024035,-2.8781736710183
path,-0.24831374500435985,-2.876724377345224
path,-0.24658364315521744,-2.8752936085727088
path,-0.24489934880311554,-2.8739715634785683
path,-0.24328416346222487,-2.8727913410038006
path,-0.24172717966052693,-2.8717169204754187
path,-0.2401741306014197,-2.8706723175525086
path,-0.23861842454779228,-2.8696181204678926
path,-0.23713204256051099,-2.8686045274118643
path,-0.23566183562687903,-2.867614756487006
path,-0.23419352443384567,-2.8666236464967723
path,-0.23272852597419053,-2.8656217217744553
path,-0.23126273652276982,-2.8646116195573894
path,-0.2298012462404446,-2.8635957131171352
path,-0.22833585974837708,-2.8625997643520185
path,-0.2268744732904298,-2.861603900388713
path,-0.22541245138977217,-2.8606013703520916
path,-0.2239502714412475,-2.859588380782681
path,-0.2224946586420515,-2.8585718316177293
path,-0.22103887069713501,-2.8575521107553397
path,-0.21958230284740324,-2.8565532082901126
path,-0.21812637975085133,-2.855550598643112
path,-0.21667192130326,-2.8545497188801203
path,-0.21522582522570927,-2.85352812036127
path,-0.21377042429336615,-2.852522568641985
path,-0.2123217332017927,-2.8515144860808883
path,-0.21087753607877227,-2.8504864598786672
path,-0.20942616123436672,-2.849473206685564
path,-0.20797787230341422,-2.8484619260441466
path,-0.20653092162071038,-2.8474415269759503
path,-0.20508277693993351,-2.846411076569752
path,-0.20363385222768784,-2.845395957260621
path,-0.20218849121660584,-2.8443634727330793
path,-0.20074485982379878,-2.843338108768033
path,-0.19929873808592685,-2.8423096242597126
path,-0.19786188020784018,-2.841274000479711
path,-0.19641719223991508,-2.8402393782331514
path,-0.1949793291908793,-2.839216154993223
path,-0.193539795760091,-2.8381768028354446
path,-0.19210311199814875,-2.837130775513161
path,-0.19066653415049026,-2.8360940595842004
path,-0.18922919453755413,-2.8350548063279364
path,-0.1877937784197202,-2.8340078743853407
path,-0.18633849238519895,-2.8329637129401113
path,-0.1848776075273053,-2.831909883386294
path,-0.18341599721801088,-2.8308558506884416
path,-0.18196339709996961,-2.8297810957475464
path,-0.18050027616509048,-2.8287269325910507
path,-0.1790498802125363,-2.8276513069821476
path,-0.17758879686910028,-2.826585867133228
path,-0.1761363390796969,-2.8255189149452455
path,-0.17468375508179315,-2.8244480884174346
path,-0.17322924612997886,-2.82338070368144
path,-0.17177917016641392,-2.822299809065581
path,-0.17032560414592718,-2.8212255667029376
path,-0.16887011018059125,-2.820147242152027
path,-0.16742044599372571,-2.819062175717793
path,-0.16594411280138432,-2.8179977149081146
path,-0.16446518116573006,-2.816915267367605
path,-0.16299715224269806,-2.8158198061837107
path,-0.16152142118897045,-2.814730289657188
path,-0.16005506711825737,-2.8136291258377693
path,-0.15858801172690468,-2.8125253166681077
path,-0.1571151482573312,-2.8114248134856816
path,-0.15561608825494883,-2.8103317368537066
path,-0.15404356093288019,-2.8092959639372403
path,-0.15246558386800074,-2.808316980617834
path,-0.15086848669856856,-2.8073778683110966
path,-0.1492513843922315,-2.806472625095958
path,-0.1476131027656063,-2.805609244880704
path,-0.14594825021476918,-2.804786668384157
path,-0.144274704082814,-2.8039884639326855
path,-0.14258747186591003,-2.803224989426068
path,-0.14089480649539687,-2.8024905407551612
path,-0.1391907126814034,-2.8017743850932004
path,-0.13748454147187777,-2.8010772882015824
path,-0.13577457931001993,-2.8003919032905786
path,-0.1340403541484428,-2.7997321086704323
path,-0.1320565054596237,-2.7990028092355113
path,-0.12993212866954384,-2.79820602444403
path,-0.12774159108593955,-2.7974046755875857
path,-0.12552628997394327,-2.796623895192078
path,-0.12330035636560849,-2.7958682354800617
path,-0.1210875901087458,-2.7951284765152913
path,-0.11885588276919151,-2.7944137450813407
path,-0.11661199095234158,-2.793722456070349
path,-0.11436410435757095,-2.793045421147795
path,-0.11209101346547509,-2.79239054147373
path,-0.1098734678943227,-2.7917602975885485
path,-0.10766351068644489,-2.791153705241978
path,-0.10543292576929696,-2.7905714105364767
path,-0.10318170387404976,-2.7900119945157433
path,-0.10092678156043156,-2.789470140102949
path,-0.0986948063291013,-2.7889472034837044
path,-0.09645481132449502,-2.788441734106526
path,-0.09419506556434856,-2.787963845722435
path,-0.09191268603064519,-2.7875110060644155
path,-0.08962512419510335,-2.7870756235808063
path,-0.08736410349375598,-2.7866652449018496
path,-0.08509166192027152,-2.786288568177669
path,-0.08280310745719759,-2.785931914606513
path,-0.08050159675324882,-2.785601510651979
path,-0.0781956657287683,-2.7852807007152482
path,-0.07593853315833184,-2.78498356887962
path,-0.07368805230849608,-2.7847046430425486
path,-0.07143374520296406,-2.784443491633046
path,-0.0691568017161059,-2.784202819555667
path,-0.06687484351398647,-2.7839793743962766
path,-0.06461707395340055,-2.7837792505551633
path,-0.06236399017255353,-2.783597234285937
path,-0.06009650456553649,-2.78343698425787
path,-0.057825793110927726,-2.783286809247558
path,-0.055530377721557125,-2.7831620013931535
path,-0.05332767210537193,-2.7830722411350997
path,-0.051241096657309707,-2.7829819512857594
path,-0.04914464814610166,-2.782903664482574
path,-0.047023596458034424,-2.7828452752672357
path,-0.04489864535010095,-2.782801850454261
path,-0.04278974762759341,-2.78278231651458
path,-0.04068758094116192,-2.7827799789243275
path,-0.03856291838301936,-2.7828036810687213
path,-0.036438470194426725,-2.782837044828675
path,-0.03428995848230012,-2.7828963393435413
path,-0.03219536725046137,-2.78296991518131
path,-0.030098659731860274,-2.783063495513589
path,-0.027990814653479617,-2.7831766993395366
path,-0.025875538534822884,-2.78330232153536
path,-0.02374722231287121,-2.783438967758017
path,-0.021657386352619445,-2.7835732494277745
path,-0.019584230525289768,-2.783702391800955
path,-0.017513076931138235,-2.78382867043004
path,-0.015430675889917651,-2.7839599307721357
path,-0.013362078580541557,-2.7840843811940257
path,-0.011346804290212757,-2.7841990687926907
path,-0.009337250868314561,-2.7843194251702843
path,-0.007335614759785666,-2.7844375866775457
path,-0.0053311614640586796,-2.7845570040845864
path,-0.003322570898304142,-2.784673096840236
path,-0.0013655935349209767,-2.784770189638789
path,0.000582336568707858,-2.7848775959549954
path,0.0025329438145379047,-2.7849855912274393
path,0.00449266276970057,-2.7850957399590843
path,0.006456256174769268,-2.785204741882869
path,0.008352031115464656,-2.785287836228296
path,0.010229873469587338,-2.7853760485839056
path,0.012128453061988839,-2.7854786056901846
path,0.01402996809677191,-2.785580426472135
path,0.01592419503184996,-2.785680504302922
path,0.01801617022886472,-2.7856849940787063
path,0.02018218164182706,-2.7856260118142
path,0.02237944357928724,-2.7855453903842298
path,0.02459079784686505,-2.7854742631350025
path,0.026817538999221097,-2.785420081459175
path,0.0290031562469505,-2.7853894182772336
path,0.031159613764080135,-2.785362406747355
path,0.03333486695201476,-2.7853537770448153
path,0.03551688062405669,-2.7853616209019947
path,0.03770550507844674,-2.7853809531506486
path,0.03986253819041794,-2.785421780755221
path,0.042001412077025194,-2.7854703544021224
path,0.044153907147185034,-2.785533874617432
path,0.04631300913869466,-2.785613894519
path,0.04847964470766218,-2.785702335965346
path,0.05058388866555356,-2.785778367909865
path,0.05266670481462183,-2.785854097450113
path,0.05475811328025174,-2.785943324291566
path,0.05686008784605868,-2.786036866830011
path,0.058967557850446425,-2.7861309814244537
path,0.06102099702317238,-2.7862155725297693
path,0.06306833739489232,-2.7863031681330366
path,0.06512230764872672,-2.7863918405869295
path,0.06716608545728167,-2.786474726095615
path,0.06920583701644069,-2.786557312576824
path,0.07117871806329472,-2.786631515686751
path,0.07312827727959006,-2.7867019636607466
path,0.07509381196271821,-2.7867802993563657
path,0.07706150184012282,-2.786857913839381
path,0.07902264518970854,-2.7869329786143715
path,0.08095266521521856,-2.7869940954435894
path,0.08288704931752197,-2.787065845814431
path,0.08482463369778284,-2.7871400076099473
path,0.0867601239173478,-2.7872114168468034
path,0.08868356764359074,-2.78727960278856
path,0.09057546786509389,-2.7873395341430736
path,0.09247191979495921,-2.7874077694683574
path,0.09436945154484735,-2.7874760321096974
path,0.09626538438722501,-2.787542734466907
path,0.09815513074578763,-2.7876071336725796
path,0.10020280384785413,-2.7876051110000386
path,0.10230360026748142,-2.787565850917513
path,0.10439720749943637,-2.78748765427424
path,0.10650476687161926,-2.787414876218596
path,0.1086100730515303,-2.7873431119064014
path,0.11067243979662388,-2.7872831749314697
path,0.11271118041292365,-2.7872248661104693
path,0.11475739805650557,-2.787176643758852
path,0.11681434022721808,-2.787141533695884
path,0.11886772505632683,-2.787106418731982
path,0.1208939646513183,-2.787084548683687
path,0.1229222019275226,-2.7870781682955887
path,0.12494765073956327,-2.787075787228263
path,0.12698552956999226,-2.7870865108060996
path,0.1290289069291255,-2.7871083789949047
path,0.13105025719290983,-2.7871380227841605
path,0.13307953647483842,-2.787183433044172
path,0.13510292449832972,-2.7872277469220843
path,0.1371366355153174,-2.7872766560163353
path,0.13917573726379712,-2.7873259438597398
path,0.14114085956036806,-2.7873602570240616
path,0.14307950266119276,-2.7873932441270846
path,0.14502251563934937,-2.787429577972833
path,0.14697160259916536,-2.7874693813550016
path,0.14891339209268956,-2.7875053354912978
path,0.15083256687297789,-2.787538286362428
path,0.15274951081200008,-2.787578058244971
path,0.15465956539651332,-2.787611928162917
path,0.15656891706609644,-2.787650006557788
path,0.15847998229908553,-2.787685649906354
path,0.1603378061723157,-2.7877171784852908
path,0.16219130176877555,-2.787748340313456
path,0.16403890572477622,-2.7877764516130377
path,0.16588984841654777,-2.7878067489851004
path,0.16773100962431764,-2.787831299565018
path,0.1695533799384694,-2.787851622221559
path,0.17135730348341108,-2.7878711847007858
path,0.1731717904700571,-2.7878971225294964
path,0.17497952051587662,-2.787918926822061
path,0.17679234245931785,-2.7879427455087025
path,0.17856433297440588,-2.787960786755496
path,0.18032565013515697,-2.7879853477650167
path,0.18208064120462705,-2.788002382003013
path,0.1838333188402667,-2.788021806582672
path,0.18558653324693766,-2.788037765634149
path,0.1873144208515093,-2.788055594025372
path,0.1890375148990768,-2.7880692506461804
path,0.19075810538648758,-2.788085498964301
path,0.19247511624467095,-2.788095228624647
path,0.19419618183593065,-2.7881096143930417
path,0.19587601115993042,-2.7881087130520577
path,0.19754979609710185,-2.7881181790227574
path,0.19921600586179175,-2.7881221141362365
path,0.20088369519253402,-2.7881264691688097
path,0.2025574112547775,-2.7881365270165923
path,0.2041972778133799,-2.7881302849674583
path,0.20584515879146312,-2.7881298522092246
path,0.20748899006320032,-2.788132142473337
path,0.209160301799214,-2.7880800909494647
path,0.21078996906791148,-2.787880451153174
path,0.21231732175411394,-2.7875629338970596
path,0.2136974730492112,-2.7871865635056747
path,0.21493887661769456,-2.7867302373477765
path,0.2162672943321036,-2.7862752786896023
path,0.21758326784794307,-2.785819524582115
path,0.21918839638085813,-2.7852803134475113
path,0.22087540344829593,-2.7846316152248844
path,0.22260408236913984,-2.783942714193698
path,0.22434220225527113,-2.7832354615828936
path,0.22609022754005914,-2.7825378050896177
path,0.2278053552032281,-2.781839327131393
path,0.22952858356556394,-2.7811570602267586
path,0.23124300492904037,-2.780471650675482
path,0.23297262956676362,-2.7798012767737763
path,0.23469566295256497,-2.779128949510526
path,0.2364109767856829,-2.778463675596785
path,0.23811881873591828,-2.7777974179627645
path,0.23983683516027296,-2.7771392351308766
path,0.24157782865298777,-2.7764745753981788
path,0.24328037202780922,-2.775757716256614
path,0.24501606951414842,-2.774955158631391
path,0.24685187359261898,-2.7740475078648843
path,0.24878698480802616,-2.7730626880922817
path,0.25079866037487747,-2.772042137102245
path,0.25288650392631434,-2.771032675920157
path,0.25502017195961374,-2.770048524212951
path,0.2572019223160342,-2.769088082495877
path,0.2594382684772633,-2.7681484745797484
path,0.2617412928478987,-2.767237379773305
path,0.26410320116169217,-2.7663516720514
path,0.2665429891136388,-2.765511680048816
path,0.26907854697023514,-2.7646749648714386
path,0.27168793751938153,-2.7638466480305546
path,0.2743219986576722,-2.763017378557079
path,0.27694361855312616,-2.762185977237256
path,0.2795491595116789,-2.7613752156763733
path,0.28215579918890876,-2.7605769988466773
path,0.28476189541272057,-2.7597817513608156
path,0.2873517456369717,-2.75897852436755
path,0.2899449972505324,-2.7581691107877866
path,0.2926117767796547,-2.757283448530086
path,0.2954097650488582,-2.7562859734610283
path,0.29833437535910523,-2.755223161211036
path,0.3013606004204091,-2.754129960982293
path,0.30452587986029,-2.7530622578182746
path,0.30774045452878446,-2.7520381161782472
path,0.31096349312670846,-2.7510199607223402
path,0.31418391353694125,-2.7500057628668033
path,0.3173871716590085,-2.748989133356221
path,0.32057990773461836,-2.747958351137921
path,0.32369250851431836,-2.746949223189379
path,0.3267713792193524,-2.7459687280449545
path,0.3298517924456358,-2.7449810908127974
path,0.33291656918784707,-2.7439863521171346
path,0.3359824354895497,-2.742993267087641
path,0.3389989895471358,-2.742019967858163
path,0.34200300636673575,-2.7410501478895464
path,0.3450040520957718,-2.74007829303004
path,0.3480029604172236,-2.739104344893579
path,0.35099923008351336,-2.738127821349961
path,0.3538787335080858,-2.7371751394955104
path,0.35673574806157615,-2.736242050196777
path,0.35959373250989396,-2.735303433803225
path,0.36245179297977287,-2.734362906661971
path,0.3653071241789673,-2.733420674776399
path,0.3681409237407761,-2.7324763116195543
path,0.37094802051518294,-2.7315443267479873
path,0.3737502271622556,-2.730612776160673
path,0.376550113084704,-2.7296795168266024
path,0.3793488787861349,-2.7287415070056045
path,0.38206106634711356,-2.7278283513256314
path,0.3847448842409168,-2.726925772497402
path,0.3874188724391476,-2.7260215037007094
path,0.39009282133425893,-2.7251182634665425
path,0.3927684456386882,-2.7242122083193463
path,0.3953059082745944,-2.7233396033566715
path,0.3978272465293566,-2.7224863234448726
path,0.4003495490630575,-2.7216254851502697
path,0.4028696389050234,-2.720762039567113
path,0.4053744634423858,-2.719900178353364
path,0.40785405882811704,-2.7190485268024798
path,0.41032263070843844,-2.7181973598477973
path,0.41277961048072404,-2.7173475018407083
path,0.4152288369439035,-2.7164989388665837
path,0.4176769903983419,-2.7156474579854044
path,0.42010292492802653,-2.7148008660646736
path,0.42250772407508635,-2.713962617945684
path,0.4249016960830812,-2.713126407726372
path,0.427285465284024,-2.712289618948067
path,0.4296676508096194,-2.7114544888057974
path,0.4320465814785465,-2.710617896644034
path,0.434425792362625,-2.7097754686545756
path,0.43678509867422455,-2.7089432522692416
path,0.4391347388263691,-2.7081121948810147
path,0.4414908612111204,-2.7072761232550877
path,0.4438227308087423,-2.7064589038463547
path,0.4461429835383372,-2.7056438915094696
path,0.4484535336761093,-2.7048326043205524
path,0.45074962641699157,-2.7039866481113735
path,0.4529706593309403,-2.703090653746904
path,0.455104721196011,-2.702171364771995
path,0.45716449973374756,-2.701216439134602
path,0.4591532450535615,-2.700224868607478
path,0.4610684290400556,-2.6992006233401233
path,0.46289609096341217,-2.6982014494468056
path,0.46467303597845644,-2.6971924901194644
path,0.46640536681735184,-2.696155436222452
path,0.46809358999633005,-2.6950895530641197
path,0.4697380922546615,-2.6939942843660494
path,0.4713392862950711,-2.6928690294877913
path,0.4729280503720805,-2.6916110774260744
path,0.47449807212639733,-2.690315019319521
path,0.47604772235481146,-2.688988123611823
path,0.4775773461944046,-2.687629856698612
path,0.47908501365722417,-2.6862405179755124
path,0.4805675012968982,-2.684822550777675
path,0.4820285107219619,-2.6833697952868203
path,0.48346954726105273,-2.6818845189653855
path,0.4851646374124883,-2.6803257386841612
path,0.48688189906736196,-2.6788463779657854
path,0.48856664964912533,-2.6774332178710254
path,0.4902100735052234,-2.676120131382972
path,0.49181714867847154,-2.674914475468813
path,0.49338812124459536,-2.6738299915142716
path,0.49494141702012406,-2.672813275163319
path,0.4964951541751156,-2.6718076195678084
path,0.49805618570615484,-2.670802254529897
path,0.4996272834223651,-2.6697980158900347
path,0.50121115587083,-2.668795681428449
path,0.5028104224041429,-2.667796036910283
path,0.5044237557225787,-2.6668109700127522
path,0.5060573292342887,-2.6658300269169084
path,0.5077133441590385,-2.6648538280465686
path,0.5093938828885103,-2.6638829589382134
path,0.5111008179857541,-2.662917935966965
path,0.5128030562908908,-2.6619687377293375
path,0.5144143492739981,-2.6609903740666834
path,0.5159268148055226,-2.659980659264881
path,0.5173412795700022,-2.6589399833108285
path,0.518659753776987,-2.657869066230697
path,0.5198748854928119,-2.656780096082141
path,0.5210573110316624,-2.655680105641743
path,0.5222376326540195,-2.654578253421896
path,0.5234158562972915,-2.653474541453951
path,0.5245919854293736,-2.6523689725015953
path,0.5256985856118171,-2.651339808395264
path,0.5267751345906898,-2.650317898605349
path,0.5278500513854795,-2.64929805961856
path,0.5289232145758763,-2.64827662741061
path,0.529994628455292,-2.6472536069837647
path,0.5310608598920724,-2.646232301539224
path,0.5321253559351943,-2.6452094293867248
path,0.5331881249897282,-2.644184992703727
path,0.5342491687565037,-2.6431589961318855
path,0.5353084906249597,-2.642131443608265
path,0.5363610124807976,-2.641107294266071
path,0.5374118304760627,-2.640081613650682
path,0.5384609541303945,-2.6390544022378566
path,0.5395083865906601,-2.6380256633388317
path,0.5405541315994441,-2.636995399965532
path,0.5415962130999108,-2.6359655745931656
path,0.5426366178808146,-2.634934237501825
path,0.5436753524101829,-2.633901390144119
path,0.5447124192477892,-2.632867035460544
path,0.5457478221620743,-2.6318311759693858
path,0.5467778684055671,-2.630797530539101
path,0.5478062636850187,-2.629762398500172
path,0.5488330172743411,-2.6287257797455097
path,0.5498581325270024,-2.627687676636155
path,0.5508816236202186,-2.626648086823463
path,0.551901199982645,-2.6256093494640074
path,0.5529191535618687,-2.6245691421344604
path,0.5539354890079026,-2.6235274661275754
path,0.5549502096043087,-2.6224843236163875
path,0.5559633193276442,-2.621439716546954
path,0.5569716465131512,-2.620396936713368
path,0.5579783760940265,-2.6193527074096465
path,0.5589835155504117,-2.618307028738416
path,0.5599870671412577,-2.6172599030328905
path,0.5609890352085473,-2.6162113320039557
path,0.5620374703084292,-2.61508601921598
path,0.5631221459065463,-2.6139330247274257
path,0.5642049483069624,-2.6127713946485893
path,0.565286433763633,-2.6116247597873605
path,0.5663661279211776,-2.6104764050471774
path,0.5674394927623917,-2.609331183912851
path,0.5685110743830543,-2.6081842685668795
path,0.5695808770573189,-2.6070356607300558
path,0.5706489021162179,-2.6058853640320456
path,0.5717151491142355,-2.6047333825908185
path,0.5727745310559125,-2.6035852431170996
path,0.5738321485690724,-2.602435444943179
path,0.5748880079014133,-2.6012839888932744
path,0.5759421114271022,-2.600130878115587
path,0.5769944608005629,-2.598976115944829
path,0.5780429836522591,-2.5978219928502386
path,0.5790897613858964,-2.596666232292583
path,0.580134798465186,-2.595508836205858
path,0.5811780981002721,-2.594349807367606
path,0.5822196621547541,-2.593189148932195
path,0.5832562656624083,-2.592030478668873
path,0.5842911474357748,-2.590870196108023
path,0.5853243138178327,-2.5897083022306715
path,0.5863557673766043,-2.588544799892272
path,0.5873855125359395,-2.5873796914064915
path,0.5884105785729207,-2.586216361271238
path,0.5894339485350906,-2.5850514414190826
path,0.5904556304572582,-2.5838849323162663
path,0.5914756268321304,-2.5827168367638422
path,0.5924939420382878,-2.5815471570141644
path,0.5934804441670857,-2.580411573004868
path,0.5944644063300061,-2.5792747065453567
path,0.5954467977841562,-2.578136358408358
path,0.5964276242836659,-2.57699653011981
path,0.5974068872231235,-2.5758552244560984
path,0.5983829852285696,-2.574714323759768
path,0.5993575311574838,-2.57357195544973
path,0.6003305296934869,-2.5724281209139583
path,0.6013019849995884,-2.5712828221018587
path,0.602271898918117,-2.5701360616224873
path,0.6032381599796152,-2.568990355937893
path,0.6042028917576956,-2.567843200233349
path,0.605166100402509,-2.5666945952983724
path,0.6061277902640063,-2.5655445429943513
path,0.6070879648102243,-2.5643930454394046
path,0.608045665739735,-2.5632412626627485
path,0.6090018608167378,-2.562088042104491
path,0.6099565537757016,-2.5609333855532275
path,0.6109097491871675,-2.5597772947905413
path,0.6118614485761278,-2.558619772462309
path,0.6128099227068857,-2.5574629403868716
path,0.6137569123836076,-2.55630468684191
path,0.6147024234431446,-2.555145012760078
path,0.6156464601634051,-2.553983919984303
path,0.6165890257336045,-2.55282141066862
path,0.617529098386484,-2.551658757709165
path,0.6184677089731633,-2.5504946960167834
path,0.6194070090428285,-2.549331252647891
path,0.6203245821270076,-2.548181557067729
path,0.6212225086283054,-2.547037138689439
path,0.6220796521205184,-2.54586724476793
path,0.6229441666708866,-2.544694676312615
path,0.6238237976734714,-2.5435223666976103
path,0.6247191610938093,-2.542350379551748
path,0.6256308788908748,-2.5411787780415716
path,0.6265188072673401,-2.5401424435149207
path,0.6273640819271308,-2.539123560814118
path,0.6282077689286172,-2.538103725060655
path,0.6290498870607948,-2.537082931843876
path,0.629890439866519,-2.536061182535998
path,0.6307286948371728,-2.535039378569818
path,0.6315653947813448,-2.5340166229433816
path,0.632400545351902,-2.5329929161680798
path,0.6332341514943431,-2.5319682591470443
path,0.6340662170846435,-2.5309426531228905
path,0.6348951577867883,-2.5299180665990595
path,0.6357225703951472,-2.528892537911836
path,0.6365484617313719,-2.5278660669627677
path,0.6373728370545452,-2.5268386545210557
path,0.6381957009592576,-2.5258103015715996
path,0.6390164581145233,-2.52478176155428
path,0.6398357138172015,-2.523752284938456
path,0.6406534740197118,-2.5227218721123563
path,0.6414697430730825,-2.5216905241122913
path,0.6422845258992479,-2.5206582417852617
path,0.6430965597435283,-2.5196266382766583
path,0.6439071197038982,-2.5185941060066903
path,0.644716211220862,-2.517560645335364
path,0.6455238399456771,-2.5165262568457125
path,0.6463300103916445,-2.5154909414916036
path,0.64713423801675,-2.5144553314689686
path,0.6479370169936737,-2.513418798081791
path,0.6487383534152029,-2.51238134163708
path,0.64953825173672,-2.511342963080432
path,0.6503367168447154,-2.5103036632145583
path,0.6511330076302292,-2.509264417182089
path,0.6519278756226871,-2.5082242539805506
path,0.652721326872006,-2.507183173838945
path,0.6535133671861162,-2.5061411772432556
path,0.6543039974116445,-2.5050982662672676
path,0.6551033398681747,-2.504052901617459
path,0.6559315587440108,-2.5029994888528817
path,0.6567881261569961,-2.5019353532009045
path,0.657688057608823,-2.5008836620716597
path,0.6586289005404827,-2.499866280779628
path,0.6596006254799416,-2.4988388250191536
path,0.6606033573393209,-2.4978016654367843
path,0.6616372529965483,-2.4967548894526126
path,0.662702387703002,-2.4956986119043574
path,0.6637987528367767,-2.4946329758463457
path,0.6649238276219296,-2.493560449470273
path,0.6660797220956197,-2.492478976440628
path,0.6672661720505104,-2.4913887838846436
path,0.6684828228526959,-2.4902901287061594
path,0.6697292334152831,-2.4891832956274813
path,0.6710024008260633,-2.4880707473807666
path,0.6722903632533989,-2.486953796832575
path,0.6735773505063879,-2.485836082958868
path,0.6748633652309612,-2.4847176086187233
path,0.6761484121395462,-2.4835983756714715
path,0.6774257678009808,-2.4824842622610115
path,0.6787021653785781,-2.4813694047537362
path,0.6799776172232679,-2.4802538012630175
path,0.6812521269019632,-2.4791374531636636
path,0.6825256977786964,-2.4780203617657954
path,0.6837944512352413,-2.4769059425890605
path,0.6850622727642253,-2.475790789041837
path,0.6863291701796758,-2.4746749003636603
path,0.6875951462199398,-2.473558277703144
path,0.6888602035095099,-2.4724409221882446
path,0.6901897639338124,-2.4711298992836817
path,0.6916205891631136,-2.469779216553022
path,0.6931109563016978,-2.4684518135142044
path,0.6946039532554169,-2.4671247610954707
path,0.6960957534782486,-2.4657966544780874
path,0.6975682838073457,-2.4644836305415905
path,0.6990396176900643,-2.4631695957496755
path,0.7005097755338703,-2.4618545454164966
path,0.7019787552778485,-2.4605384836141786
path,0.7034465551180776,-2.4592214142376485
path,0.7049052811371136,-2.4579104431536174
path,0.7063628278720169,-2.4565984861757806
path,0.7078192047966153,-2.4552855425963696
path,0.7092744115389454,-2.453971615529133
path,0.7107284479971898,-2.452656707945234
path,0.7121667237913444,-2.451354054781214
path,0.7136038347961421,-2.4500504533453844
path,0.7150398003042107,-2.448745898823051
path,0.716474620978139,-2.4474403936871023
path,0.7179082935953681,-2.446133942359612
path,0.719327006373854,-2.444839170415064
path,0.720744581561539,-2.4435434798112077
path,0.722161038155334,-2.442246865655642
path,0.723576377403828,-2.440949330012143
path,0.7249906006504234,-2.4396508748902237
path,0.7263970887826574,-2.438357598013023
path,0.7278024657508128,-2.4370634174385435
path,0.7292067416762114,-2.435768331644623
path,0.7306099181612099,-2.4344723424467567
path,0.7320119968630111,-2.433175451626302
path,0.7333481421012912,-2.4319420240043685
path,0.73467657593964,-2.4307097562444095
path,0.7360040262816938,-2.429476680958959
path,0.7373304946273427,-2.4282427996058686
path,0.7386559825085854,-2.4270081136215507
path,0.7399755081042114,-2.4257772789276424
path,0.7412940572586486,-2.424545650993406
path,0.7426116380514294,-2.4233132286282815
path,0.7439282520895909,-2.4220800131852536
path,0.7452439009977142,-2.4208460060033126
path,0.7465493233900634,-2.4196199198818142
path,0.7478537853922934,-2.4183930605119213
path,0.7491573007294992,-2.4171654243985508
path,0.7504598710385387,-2.415937012809113
path,0.7517614979651636,-2.41470782700158
path,0.7530563008115605,-2.413483437948633
path,0.7543501643893623,-2.4122582871745304
path,0.7556430980419349,-2.4110323728555665
path,0.7569351034149873,-2.409805696202124
path,0.7582261821579228,-2.4085782584179354
path,0.7595078795846186,-2.407358121390284
path,0.7607886546750281,-2.406137239925498
path,0.7620685201513039,-2.4049156108003906
path,0.7633474776369098,-2.403693235173356
path,0.7646255287559722,-2.4024701141978646
path,0.7658940717389996,-2.401254503628301
path,0.76716171497151,-2.4000381637903265
path,0.7684284669904556,-2.398821092514664
path,0.769694331215827,-2.397603290397113
path,0.7709593092355631,-2.396384758547561
path,0.7722210268428563,-2.3951677925666215
path,0.7739070465920468,-2.394090978480668
path,0.7759538573427233,-2.3929283072289564
path,0.7780188265494803,-2.3917424870332855
path,0.7800832620658009,-2.3905552274210224
path,0.7823863957825145,-2.3892692166138034
path,0.7847952317327699,-2.387848203047951
path,0.787230091877175,-2.3864644410858262
path,0.7896649854769922,-2.3850744286491508
path,0.7920991523923434,-2.383682436897562
path,0.7945036042500296,-2.3823057187315215
path,0.7969065761163501,-2.3809268323942305
path,0.7993088153379405,-2.3795459965450463
path,0.8017103146532504,-2.378163205711089
path,0.804111067304467,-2.3767784549211646
path,0.8064529570701419,-2.3754268810990364
path,0.8087923742893345,-2.3740728977292425
path,0.8111310665018651,-2.3727170407597087
path,0.8134690286717715,-2.3713593068130203
path,0.8158062560665457,-2.3699996928141562
path,0.8180967637384177,-2.3686665762323216
path,0.8203847920929235,-2.367331108086269
path,0.8226721041312897,-2.3659938293312095
path,0.8249586961816503,-2.364654737856304
path,0.8272445647548549,-2.3633138317332536
path,0.8294795382468002,-2.362002182384526
path,0.8317120420384474,-2.3606882625588983
path,0.8339438463781282,-2.3593726055114583
path,0.8361749484648078,-2.3580552099033008
path,0.8384053456073932,-2.356736074505858
path,0.8406049131872037,-2.3554338759775004
path,0.8428028563116745,-2.3541297161636363
path,0.8450001069348401,-2.3528238618360375
path,0.8471966627765976,-2.3515163121220892
path,0.8493925216228952,-2.350207066216151
path,0.8515481318824553,-2.3489213439191414
path,0.853701292532809,-2.3476334617167143
path,0.8558537763371232,-2.3463439447308
path,0.8580055813749629,-2.3450527923783597
path,0.8601567057655124,-2.343760004117122
path,0.8622819378300515,-2.34248127015984
path,0.8644059180758877,-2.3412007849993164
path,0.8665292286958588,-2.3399187016079352
path,0.8686518679856788,-2.3386350195791086
path,0.870773834264733,-2.3373497385312976
path,0.872860453428384,-2.336085144660168
path,0.8749450279682545,-2.334818611417501
path,0.877028947537823,-2.333550532122099
path,0.8791122106025271,-2.3322809064810084
path,0.8811948156418922,-2.331009734216774
path,0.8832545051718627,-2.329750955460968
path,0.8853131637365659,-2.3284905731118246
path,0.8873711741714413,-2.32722867687181
path,0.889428535044011,-2.3259652665184216
path,0.8914852449300976,-2.324700341838945
path,0.8935153659914639,-2.3234505041718774
path,0.8955441473914446,-2.3221990093943647
path,0.897572290496955,-2.320946038711329
path,0.8995997939605526,-2.3196915919476595
path,0.9016266564396267,-2.3184356689345544
path,0.9036305671690174,-2.3171908227398306
path,0.9056326072656022,-2.3159487703903543
path,0.907591804989495,-2.314676977963075
path,0.9095313153636986,-2.313411410175411
path,0.9114659368898512,-2.31214460294668
path,0.9133673405906361,-2.310902031633367
path,0.9152501096074409,-2.3096787760634614
path,0.9171207713712705,-2.3084674510161762
path,0.9189730596390749,-2.3072751567658396
path,0.9208050764342378,-2.306107722639174
path,0.9226051919319779,-2.3050281560733024
path,0.9243792037696701,-2.303991179339554
path,0.9261318385302816,-2.3029807633384203
path,0.9278666155940829,-2.3019697911495154
path,0.929594759441349,-2.3008320505545616
path,0.9313897529132085,-2.2995640119829446
path,0.9331969608857563,-2.2982757790395727
path,0.9350038614955528,-2.2969866136647217
path,0.9368104546224427,-2.2956965124132904
path,0.9386167400992719,-2.294405472119634
path,0.9404044641668106,-2.293126911664775
path,0.9421915194422804,-2.2918473317124546
path,0.9439782726156943,-2.2905668244646913
path,0.9457647233910292,-2.2892853876466237
path,0.9475508714443635,-2.2880030191526353
path,0.9493123166800477,-2.28673807388536
path,0.9510726500624233,-2.285471992505344
path,0.952832688104346,-2.2842050005996537
path,0.9545924304182701,-2.2829370966133338
path,0.956351876600092,-2.2816682790939167
path,0.9580880104296413,-2.2804158570654387
path,0.9598231615380536,-2.2791623555964713
path,0.961558023172923,-2.277907961512665
path,0.9632925948999668,-2.2766526737014274
path,0.9650268762750279,-2.2753964911122044
path,0.9667459391986148,-2.2741502796291466
path,0.9684646615615925,-2.272903187903682
path,0.9701830972099738,-2.2716552140854462
path,0.9719012456820635,-2.2704063573298643
path,0.9736191065102076,-2.2691566168298873
path,0.9753159051347355,-2.267921604093764
path,0.9770119362593072,-2.2666856048178916
path,0.9787076854239388,-2.2654487414341493
path,0.9804031521609193,-2.2642110132693234
path,0.982098335998899,-2.262972419672883
path,0.9840332762828847,-2.2616843172830126
path,0.9861226148401426,-2.260182917364676
path,0.988246559638837,-2.258626100960433
path,0.9903700563277494,-2.257067919341582
path,0.9924931039348521,-2.2555083715227475
path,0.9945707088844352,-2.25398470144964
path,0.9966438208241788,-2.252458573433095
path,0.9987165014372932,-2.2509311389453392
path,1.0007887498087393,-2.2494023970990926
path,1.0028605650213045,-2.247872347014979
path,1.0049089445162438,-2.2463585959572687
path,1.006956298676802,-2.2448434159729143
path,1.009003226810981,-2.2433269548815318
path,1.0110497280253123,-2.2418092118552
path,1.0130958014247078,-2.240290186070664
path,1.0150936396663028,-2.238808447738411
path,1.0170880905145008,-2.2373246810473204
path,1.0190821320020136,-2.2358396922176347
path,1.0210757632933223,-2.2343534804966034
path,1.0230689835516953,-2.2328660451342115
path,1.0250415097109415,-2.2313928775966847
path,1.0270132874961844,-2.229918435849031
path,1.0289846602642394,-2.228442793485174
path,1.0309556271996532,-2.226965949785493
path,1.0329261874859605,-2.2254879040319095
path,1.034853586726702,-2.224042747686085
path,1.0367786391801903,-2.2225959387315233
path,1.0387033005722126,-2.221147979862964
path,1.0406275702890722,-2.2196988703168494
path,1.042551447760419,-2.218248609301942
path,1.0444569624823004,-2.216810849002414
path,1.0463619883134783,-2.2153719501393194
path,1.048266626987146,-2.213931919397438
path,1.0501708777546697,-2.212490756131281
path,1.0520747398666626,-2.211048459695759
path,1.053785032033631,-2.209760630240568
path,1.0554592442980821,-2.208490283048047
path,1.0571331218602185,-2.207219057414595
path,1.058806667296088,-2.2059469529551063
path,1.0604798828869928,-2.2046739692783226
path,1.0621416145649951,-2.203408604841714
path,1.0638030141227204,-2.2021423824344986
path,1.065464093241459,-2.2008752913234333
path,1.0671248532892579,-2.1996073311068316
path,1.0687852954554244,-2.1983385013795567
path,1.070423746448795,-2.1970857325285547
path,1.0720615332541292,-2.19583204623471
path,1.0736990133363649,-2.194577511941105
path,1.0753361930883176,-2.1933221222274204
path,1.0769730681465293,-2.1920658812158096
path,1.078600649343929,-2.1908156977902005
path,1.080227919906365,-2.189564682944611
path,1.0818548886639714,-2.188312827677511
path,1.0834815559089557,-2.187060131537311
path,1.0851079217861634,-2.185806594123582
path,1.0867143055352506,-2.184567591729578
path,1.0883201938602998,-2.1833277380831335
path,1.0899257881416073,-2.182087062440573
path,1.0915310883334872,-2.18084556441283
path,1.0931360943499853,-2.179603243610237
path,1.0947326556979349,-2.178366415655784
path,1.096328918133899,-2.1771287801076182
path,1.0979248888970987,-2.1758903289716285
path,1.0995205677820834,-2.174651061862173
path,1.1011159545588605,-2.1734109783932403
path,1.1026955212059124,-2.172182161806623
path,1.1042747867213283,-2.1709525584585245
path,1.1058537025104798,-2.1697221875217223
path,1.107432133234968,-2.1684911547602606
path,1.1090099052515312,-2.1672598589145617
path,1.1107818178962003,-2.1659528450086003
path,1.1126616803733438,-2.164487753278406
path,1.1145456081065854,-2.1630145299563024
path,1.1164285312494495,-2.1615410786938156
path,1.1183104480021357,-2.1600673987848644
path,1.1201638402827108,-2.158615274231188
path,1.1220159648052193,-2.157162721899122
path,1.1238670299259679,-2.1557100280502124
path,1.1257170416812696,-2.154257184858583
path,1.1275660054135022,-2.152804185320621
path,1.1293935119274077,-2.1513668320128096
path,1.1312191891007042,-2.1499302197290047
path,1.1330438598217474,-2.1484934324800844
path,1.1348675266518216,-2.147056466411871
path,1.1366901917837666,-2.1456193180848913
path,1.1384924655548503,-2.144197067214068
path,1.1402930491546581,-2.1427754326974213
path,1.1420926628007875,-2.141353606443564
path,1.1438913070145738,-2.139931586880396
path,1.1456889821381095,-2.1385093727116016
path,1.147459461964133,-2.1371074293539625
path,1.1492275958619358,-2.135706507333621
path,1.15099471864203,-2.1343054696389903
path,1.152760837104012,-2.1329043082182837
path,1.1545259572753335,-2.1315030158179975
path,1.1562727879121306,-2.1301151459518795
path,1.1580180776950582,-2.1287277861715554
path,1.1597624067149657,-2.1273402769588845
path,1.161505778173981,-2.125952614115691
path,1.1632481948568971,-2.124564793741169
path,1.1649657340243518,-2.123195466723023
path,1.166681273183116,-2.1218282985182872
path,1.1683988237680243,-2.1204678220859665
path,1.170115467618921,-2.1191071584483985
path,1.1718312055022182,-2.1177463064423323
path,1.173678632388235,-2.116311856128504
path,1.175569241624014,-2.114810145146
path,1.1774587515462962,-2.1133082014166127
path,1.1793471613429505,-2.1118060255470645
path,1.1812344704535485,-2.1103036173926397
path,1.1831043292994659,-2.108813931639829
path,1.1849728983335892,-2.1073242599644293
path,1.1868403851159561,-2.105834358454603
path,1.1887067886369282,-2.104344227271711
path,1.1905721078336071,-2.1028538665971124
path,1.1924150385227434,-2.101378205373576
path,1.1942558528789367,-2.099905057799653
path,1.196095511062359,-2.0984317832990307
path,1.1979340210610818,-2.0969583729586048
path,1.1997713899508968,-2.0954848187467983
path,1.2015760201744743,-2.0940360568057916
path,1.2033778748076704,-2.0925889557904775
path,1.2051786568492289,-2.0911416853336395
path,1.2069783692788951,-2.0896942414717143
path,1.2087770146518173,-2.088246620650865
path,1.2105543621471384,-2.0868149683494845
path,1.2123301479412811,-2.085383720272498
path,1.2141049000310555,-2.0839522873469116
path,1.2158786192957798,-2.0825206676901398
path,1.2176513063957564,-2.081088859630736
path,1.2193949851788832,-2.079679169570991
path,1.2211364949943502,-2.0782705757458078
path,1.2228770161145794,-2.0768617865850287
path,1.224616547671895,-2.075452801985128
path,1.226355088753104,-2.07404362188333
path,1.2280748101680914,-2.0726486003789275
path,1.2297932055850156,-2.0712537927990797
path,1.2315106309086041,-2.069858791036849
path,1.233227084861243,-2.0684635954148414
path,1.2349425661624478,-2.0670682062552195
path,1.236597197543757,-2.065718285349958
path,1.238243144777587,-2.064377538415479
path,1.2398881596578242,-2.0630366468752497
path,1.2415322441015517,-2.061695607871418
path,1.243175399730124,-2.060354418844978
path,1.2447925467441616,-2.0590333155308915
path,1.2464078862954113,-2.057713077467198
path,1.2480223361187672,-2.056392681128217
path,1.2496358962619072,-2.0550721256020337
path,1.2512485666608608,-2.053751410089465
path,1.2528534631414336,-2.0524361624506855
path,1.2544574650595444,-2.0511207793730564
path,1.256050481931139,-2.0497996531304525
path,1.2576225945671633,-2.048459769352941
path,1.2591993587536299,-2.0471111798575885
path,1.2607747479425855,-2.0457496783034803
path,1.2623548301018397,-2.0443794382722986
path,1.263939620767378,-2.04300043987001
path,1.2655291334411611,-2.0416126616751455
path,1.2671233287389758,-2.040216163016937
path,1.268706155573664,-2.0388274268219906
path,1.2702878470976882,-2.0374390744003112
path,1.2718684497393815,-2.0360510090975805
path,1.273447962883232,-2.0346632307723427
path,1.2750263858858466,-2.033275739306613
path,1.2765710866617948,-2.0319238234594503
path,1.2781180058006265,-2.0305673246936324
path,1.2796694387208325,-2.029202381724678
path,1.2812210468700962,-2.027835745150377
path,1.2827715345452113,-2.0264694473904274
path,1.2843126684074546,-2.0251107120304557
path,1.2858526715294993,-2.023752364923055
path,1.2873915786786736,-2.022394337857156
path,1.2889293932756118,-2.021036626553436
path,1.2904661183288844,-2.0196792271506627
path,1.292110228099924,-2.018321805714734
path,1.2938211468402934,-2.016867897333186
path,1.2955527980638852,-2.015379822829115
path,1.2972891007762624,-2.013882609288303
path,1.2990300703772424,-2.012376231197191
path,1.3007672651172995,-2.0108546575796415
path,1.3025093224044428,-2.009323668042296
path,1.3042562609145663,-2.0077832389700547
path,1.3060080965007317,-2.0062333447005787
path,1.3077646834885708,-2.004674207838684
path,1.3094741790038391,-2.0031523587700857
path,1.3111790854755376,-2.001636081020862
path,1.3128825976836789,-2.0001202101421143
path,1.3145847198836798,-1.9986047403877703
path,1.3162854558080745,-1.99708966658625
path,1.3179709460539841,-1.995587281946305
path,1.3196550074738453,-1.9940854048684757
path,1.3213377133006665,-1.9925839052680447
path,1.3230190656374168,-1.9910827797664923
path,1.3246990662709104,-1.9895820253239163
path,1.3263361853942728,-1.988116372921735
path,1.3279689168482485,-1.986656281425521
path,1.3296003876035976,-1.9851965168845902
path,1.3312305968334417,-1.983737079098957
path,1.3328595436846487,-1.9822779678991163
path,1.3344657905521276,-1.9808354946381073
path,1.336070098639038,-1.9793967344947403
path,1.3376730952112534,-1.9779583785426704
path,1.3392747872774455,-1.9765204183745821
path,1.3408751810684258,-1.9750828463964665
path,1.3424282019130627,-1.9736834154555585
path,1.3439760224761277,-1.9722916334127327
path,1.3455226557654603,-1.97090017968003
path,1.3470681037047065,-1.9695090512833513
path,1.3486123679387163,-1.968118245541045
path,1.3501417099591642,-1.9667400835141033
path,1.3516698152941622,-1.9653623658070454
path,1.3531967614223102,-1.96398495864337
path,1.3547225491192696,-1.9626078602778132
path,1.3562471789946904,-1.9612310691394608
path,1.357754002038342,-1.9598695189429864
path,1.3592593958993175,-1.9585086533827034
path,1.3607636603099782,-1.9571480825772904
path,1.3622667951962835,-1.9557878057067823
path,1.3637688004752924,-1.9544278218558468
path,1.3652479449514794,-1.953084671033078
path,1.3667251547884305,-1.9517455627202125
path,1.3682011884741125,-1.9504068241251313
path,1.3696760535412675,-1.9490684460819563
path,1.3711497564367217,-1.9477304209959114
path,1.3726044988607897,-1.9464087841290758
path,1.3740577256794215,-1.945087977010258
path,1.3755098357434168,-1.9437674934422435
path,1.3769608329143233,-1.9424473284114219
path,1.378410720599654,-1.9411274773893559
path,1.3798525448211167,-1.9398142465530264
path,1.381290688805763,-1.9385087115204904
path,1.3827133486504557,-1.937235888994739
path,1.3841235361231878,-1.9359785142493933
path,1.3855205212953379,-1.9347360318639226
path,1.3869041422005521,-1.933508232928388
path,1.3882731505892076,-1.9322943350200155
path,1.3896268457171577,-1.9310938491008254
path,1.390964529727432,-1.9299062883440068
path,1.3922855083408443,-1.9287311685330415
path,1.3937812749033627,-1.9273159621494678
path,1.3953312089667242,-1.9258347325892027
path,1.3969040600535076,-1.9243262673830086
path,1.3985862067665327,-1.9228743425144947
path,1.4002847484745555,-1.9214152677288507
path,1.401990511973673,-1.9199394564976449
path,1.403699853577153,-1.9184563658465266
path,1.4054081857101246,-1.9169715197418709
path,1.407115516574936,-1.915484903714353
path,1.4088218535302255,-1.9139965046859626
path,1.4104952396326016,-1.9125175225459377
path,1.4121577831265562,-1.9110623368980406
path,1.4138193560468129,-1.9096055806973602
path,1.4154800285340596,-1.9081470488589787
path,1.4171398019670236,-1.9066867381567194
path,1.4187767107267835,-1.905231365980749
path,1.420407417404143,-1.9037908054542019
path,1.4220371525848106,-1.902348693951077
path,1.4236659270269398,-1.900905012847999
path,1.4252914131708834,-1.8994591040019926
path,1.4268069794585967,-1.8979524895091076
path,1.4281647680877843,-1.8964063108820093
path,1.4293680842581082,-1.8948644964839267
path,1.4305041296669618,-1.8932776953034087
path,1.431634760201027,-1.891685336520283
path,1.4327492939914837,-1.8901127957925736
path,1.4338624027644653,-1.8885432195415903
path,1.434975176881641,-1.8869731702481916
path,1.4360876172192363,-1.8854026464735145
path,1.437199724529118,-1.8838316469300824
path,1.438293302076698,-1.8822829628555187
path,1.4393849573495687,-1.8807390210085302
path,1.4404762975225591,-1.879194611080149
path,1.441567322509974,-1.877649732863077
path,1.4426580321958122,-1.8761043861833473
path,1.4437380833947537,-1.8745725298022484
path,1.444817500511948,-1.8730413842305331
path,1.4458966086050582,-1.8715097781350158
path,1.4469754074108248,-1.8699777115253093
path,1.4480538966535916,-1.8684451844234482
path,1.4491164857816983,-1.8669335516845227
path,1.4501734476886767,-1.8654299942142374
path,1.4512300036348145,-1.8639261375269602
path,1.4522861636815778,-1.8624219680794145
path,1.4533419368909797,-1.8609174736332372
path,1.454388156598672,-1.8594251525598142
path,1.4554338095859218,-1.8579333582943005
path,1.4564791031479747,-1.856441216772824
path,1.457524043227276,-1.8549487198417665
path,1.4585686351621716,-1.8534558601380626
path,1.4596003047287367,-1.8519793564182914
path,1.4606309961354513,-1.850504682105296
path,1.461661361477643,-1.8490296356127942
path,1.462691404053636,-1.8475542122627264
path,1.4637211268120862,-1.8460784078356574
path,1.4647423915805076,-1.8446134795871842
path,1.465763200024094,-1.8431487976126417
path,1.466783700379197,-1.8416837309959049
path,1.467803894507429,-1.8402182769518105
path,1.4688237840589937,-1.838752432973057
path,1.4698320923128882,-1.8373013860589567
path,1.4708396309080873,-1.8358516728954333
path,1.4718468763082235,-1.8344015719517623
path,1.4728538294244082,-1.8329510817040493
path,1.4738604910483557,-1.8315002007856367
path,1.474859583558463,-1.8300590825857228
path,1.4758582683070114,-1.8286180986112281
path,1.476856667473794,-1.8271767265839982
path,1.4778547814832261,-1.8257349656279356
path,1.4788526106874822,-1.8242928149622466
path,1.4801202442158339,-1.8225649330499316
path,1.4814134821708944,-1.8206943188698559
path,1.48270556055567,-1.8188222149949493
path,1.4839972303002995,-1.816949420751744
path,1.4852884840929097,-1.8150759375152037
path,1.4865671412700638,-1.813217997982016
path,1.4878448076359825,-1.8113610620811866
path,1.4891188797429953,-1.809506462788488
path,1.4903907381527837,-1.8076526545492555
path,1.4916774100039127,-1.8057923048098723
path,1.4929982018176124,-1.8039183193046278
path,1.4943292041781944,-1.8020349595396539
path,1.4956779473203548,-1.8000928318977336
path,1.4972466819350254,-1.798170999881309
path,1.498881363866462,-1.796260076887983
path,1.500624703413232,-1.7943945311392508
path,1.5023887915874627,-1.7925321819940123
path,1.5041517808775018,-1.7906685904304243
path,1.5059136638070048,-1.788803754678703
path,1.5076726602425568,-1.7869384518543427
path,1.5093911789886385,-1.785121102657769
path,1.511104342192497,-1.783299998229336
path,1.5128154367822648,-1.7814780609460061
path,1.5145244582624158,-1.7796552907950582
path,1.51623140170127,-1.7778316881477776
path,1.517903981683541,-1.7760425525612624
path,1.519573506705665,-1.7742529374545484
path,1.5212410261756177,-1.7724625233091864
path,1.5229065331065712,-1.7706713118152724
path,1.5245700202266734,-1.7688793049149971
path,1.5261900526768515,-1.7671378753235705
path,1.5278050928969777,-1.7653927475791464
path,1.5294181518907572,-1.7636468862354022
path,1.531029226542588,-1.7619002930899428
path,1.5326367042368523,-1.76015356037704
path,1.5342171542318963,-1.7584346723785156
path,1.5357964141303655,-1.756714830274351
path,1.5373746210116248,-1.754993965864741
path,1.53895177783608,-1.7532720780384514
path,1.5405278872058081,-1.7515491658388
path,1.5420622565042206,-1.7498708049279526
path,1.543594217411426,-1.748191922555816
path,1.545125202435141,-1.746512064998118
path,1.546655211964932,-1.7448312320485098
path,1.5481842462849789,-1.743149423566689
path,1.5496907464681804,-1.7414904961027857
path,1.5511961471861795,-1.7398306781997603
path,1.5527006015553924,-1.7381699119692744
path,1.5542041094425958,-1.7365081974897651
path,1.5557066706622873,-1.7348455348770802
path,1.5571837999653697,-1.7332093069516485
path,1.5586596663641477,-1.7315722827916495
path,1.560134619103504,-1.729934341337525
path,1.5616086575911787,-1.7282954828760213
path,1.5630817812299815,-1.726655707709676
path,1.5645355795400884,-1.725035541994338
path,1.5659884767460275,-1.7234144948526275
path,1.5674404800954895,-1.7217925547798925
path,1.5688915889994055,-1.7201697221117982
path,1.5703418028658178,-1.7185459971937216
path,1.5717648969476727,-1.7169550203715704
path,1.5731884767646411,-1.7153580125199537
path,1.574611123276536,-1.7137601646247422
path,1.5760328424425134,-1.7121614751739767
path,1.5774536395922474,-1.7105619428361736
path,1.5788577905447252,-1.7089793066448833
path,1.5802610409929285,-1.7073958545010395
path,1.5816634013878796,-1.705811575327995
path,1.5830648751089635,-1.7042264683481103
path,1.5844654651561216,-1.7026405328944443
path,1.5859527887901015,-1.7008579684943852
path,1.5875872593090552,-1.6989042025455874
path,1.5892760000838917,-1.6968592217535354
path,1.590985714752568,-1.6947591212351916
path,1.5927254113486844,-1.6926592237973288
path,1.5944912624914955,-1.6906024717970607
path,1.5962839525130268,-1.6885464432319806
path,1.5980816546509753,-1.6864894967848225
path,1.5998779169039081,-1.68443116378374
path,1.6016727393731063,-1.682371444724336
path,1.603414322565918,-1.6803778106187572
path,1.6051502747421915,-1.6783801802585019
path,1.6068848417176655,-1.6763812617280711
path,1.6086180265149221,-1.6743810545929014
path,1.6103498317595588,-1.6723795585337384
path,1.6120432272041536,-1.6704205321897503
path,1.613734114432516,-1.6684607066982637
path,1.6154236979799592,-1.6664996502769855
path,1.617111977288151,-1.6645373582440277
path,1.6187989526898492,-1.6625738309293652
path,1.6204375961694553,-1.6606720987949488
path,1.622071105073477,-1.658765905550665
path,1.6237033498629088,-1.6568585645860185
path,1.6253343341850843,-1.6549500751650212
path,1.6269640612462957,-1.6530404366849685
path,1.6285626069336347,-1.6511653288452788
path,1.630159204880234,-1.6492893932671835
path,1.6317546047325988,-1.6474123486520866
path,1.633348040820766,-1.6455341517913382
path,1.6349389345233352,-1.643654769943717
path,1.6364904292815161,-1.6418228697908364
path,1.638038195888239,-1.6399901960416146
path,1.6395780659756685,-1.6381560717930141
path,1.641110168191686,-1.6363205573822874
path,1.6426337487776832,-1.6344836291019615
path,1.6441443875451252,-1.6326726477582698
path,1.6456396875479686,-1.6308597641083133
path,1.647118891779933,-1.6290452690875674
path,1.648581294248126,-1.6272291660754086
path,1.6500261995353633,-1.6254114603786918
path,1.651451000016451,-1.6236342453746822
path,1.6528569426079351,-1.6218554626278898
path,1.6542433074770821,-1.620075094751549
path,1.6556090241676176,-1.6182931376430465
path,1.656953369359577,-1.6165096031864412
path,1.6582746256668925,-1.6147500040951261
path,1.6595732703466537,-1.612988872835015
path,1.6608487041195965,-1.6112262125468708
path,1.6621003417861795,-1.6094620427885102
path,1.6633276136641495,-1.6076963840375929
path,1.664528598297489,-1.605963259292677
path,1.6654700468442896,-1.604294231972047
path,1.6662798922751054,-1.6027026754267837
path,1.6670849920583135,-1.6011157000664025
path,1.667867829277627,-1.5995112843998294
path,1.6686608126117075,-1.5979061706433877
path,1.6694350124854112,-1.5963236855814267
path,1.6701180392130444,-1.594772878582287
path,1.6708230046148345,-1.5932131228538509
path,1.671579515431506,-1.5916506660893426
path,1.672355054401924,-1.5900886018900968
path,1.6730876115829347,-1.5885401836117725
path,1.6738023420079928,-1.5869961935060992
path,1.6745163099778297,-1.5854508664885478
path,1.6752650426820428,-1.5839001030993274
path,1.676039920520309,-1.5823406796474742
path,1.6767466768011583,-1.580789594192145
path,1.6773733203890393,-1.5792555160156392
path,1.677945079324179,-1.577733030177858
path,1.6784642018732308,-1.576221618432974
path,1.678971573321971,-1.5743674086236061
path,1.6794788269597276,-1.5723410121793004
path,1.6799555797476662,-1.5702822269350332
path,1.6804245531463464,-1.5682105092679517
path,1.6809091425831277,-1.5661823929544763
path,1.6813649922146596,-1.5641937302027513
path,1.6817899658587898,-1.5622111260961697
path,1.6821838095839299,-1.56023458969285
path,1.6825463934767317,-1.558264111880977
path,1.6828775793591497,-1.5562996846233463
path,1.6831781252875142,-1.5543545256926863
path,1.683455475898666,-1.552413626181902
path,1.6837310677105002,-1.5504724270406707
path,1.6840059117715862,-1.5485307135880213
path,1.6842800088922367,-1.5465884868203594
path,1.6845512904329392,-1.544660504439932
path,1.68482183407534,-1.5427320241117894
path,1.685091644248271,-1.540803041148088
path,1.685358953459342,-1.5388699640671843
path,1.6856310160946657,-1.5369255514855777
path,1.6859181103535072,-1.534981184789296
path,1.6862190007762103,-1.5330316122343175
path,1.6865336362989292,-1.5310768621342625
path,1.6868619678250014,-1.5291169637086557
path,1.6872039480610819,-1.5271519454890257
path,1.687561338819965,-1.5251899461012597
path,1.6879323716148058,-1.5232228660699174
path,1.6883169262440003,-1.5212507549895937
path,1.688714963171546,-1.5192736383624972
path,1.6891264446057441,-1.5172915410208414
path,1.6895534730703243,-1.5153140786336279
path,1.6899938806609471,-1.5133316942219281
path,1.6904476351963362,-1.5113444074722933
path,1.6909147064758518,-1.5093522402378472
path,1.6913950659998416,-1.507355213720183
path,1.6918917064413448,-1.5053668792169603
path,1.692401589971579,-1.503373740804147
path,1.6929209688852505,-1.501363078108138
path,1.6934770323459418,-1.4992842251193155
path,1.6940879173034111,-1.497154221890948
path,1.6947588620033807,-1.4950068913705004
path,1.6954915320070238,-1.4928493747678862
path,1.6962809189830503,-1.4906680904611807
path,1.6971072078505276,-1.4884711962584236
path,1.6979623834070932,-1.4862619982503262
path,1.6988518428121304,-1.4840558311805643
path,1.6997702884395882,-1.4818373631612833
path,1.7007177663497854,-1.479606582803635
path,1.7016943244395555,-1.4773634828322053
path,1.702700011270344,-1.4751080556621252
path,1.7037462945125084,-1.4728730159599257
path,1.7048218190888613,-1.4706256645795814
path,1.705926571637198,-1.4683660083488812
path,1.7070617899936957,-1.4660935496549456
path,1.7082292757036877,-1.4638075623125062
path,1.7094330823493773,-1.461518807536686
path,1.7106694764223342,-1.4592164305824296
path,1.7119385120795554,-1.456900418443748
path,1.7132394234322226,-1.454571098497701
path,1.7145500581070388,-1.452237576744104
path,1.7158395413356355,-1.4499413491164472
path,1.7171288483881564,-1.44764499799897
path,1.718418013452774,-1.44534850284554
path,1.7197070365412903,-1.4430518638327716
path,1.720995917672143,-1.4407550811395335
path,1.7222628392496706,-1.4384970809163522
path,1.7235295881913446,-1.4362389637262925
path,1.724796200063514,-1.4339807082024574
path,1.7260626748995906,-1.4317223145217675
path,1.7273290127371088,-1.4294637828623034
path,1.7285593546411953,-1.4272704806628191
path,1.7297885368617296,-1.4250774836914248
path,1.7310175901151978,-1.42288435714516
path,1.7322465144426924,-1.4206911011915657
path,1.7334753098880207,-1.418497715998618
path,1.734684649041805,-1.4163387422977796
path,1.7358938319209953,-1.4141796628294587
path,1.7371028901061107,-1.412020458636796
path,1.7383118236446897,-1.4098611298820363
path,1.7395206309646796,-1.407701677943044
path,1.7406986544328837,-1.4055969450776784
path,1.7418764989354227,-1.4034921290865023
path,1.7430542252983934,-1.4013871953624688
path,1.7442318335664782,-1.3992821440591938
path,1.7454093237858592,-1.397176975329975
path,1.7465744233938825,-1.3950936567326415
path,1.7477393874523064,-1.3930102356015666
path,1.7489042360673808,-1.390926699921641
path,1.7500689692871056,-1.3888430498410567
path,1.75123358716044,-1.3867592855076862
path,1.752382742269997,-1.3847028994696355
path,1.7535317600648044,-1.3826464176744457
path,1.7546806656980138,-1.380589825039959
path,1.7558294592180832,-1.3785331217081245
path,1.7569781406741263,-1.3764763078205582
path,1.7581050682345192,-1.3744581806153071
path,1.7592318526060102,-1.3724399687290891
path,1.7603585292646529,-1.3704216508093539
path,1.7614850982568366,-1.3684032269900923
path,1.7626115596294716,-1.3663846974049239
path,1.7636514321010826,-1.3640197814011346
path,1.764700744906809,-1.3615163479094181
path,1.7657898088662864,-1.358966341640179
path,1.7669003515351978,-1.3563830395715677
path,1.7680317012728914,-1.3537672590958758
path,1.7692004452752166,-1.3511639012320127
path,1.7703899697126784,-1.3485288287263129
path,1.7716003334248076,-1.3458620736799414
path,1.7728314026274357,-1.3431638491073854
path,1.774082688119152,-1.340434403871661
path,1.7753636912647106,-1.3376990998681164
path,1.7766649244485277,-1.334932270875813
path,1.7779865155358003,-1.3321333129400397
path,1.779322265149189,-1.329306704238941
path,1.7805816189432289,-1.3265428365058063
path,1.7817794469458728,-1.3239927956847983
path,1.7830062655226064,-1.321434004014401
path,1.784260841020113,-1.3188634498099625
path,1.7855432366163855,-1.3162811208670009
path,1.7868535159854169,-1.313687004628752
path,1.788205803355684,-1.3111211205177402
path,1.7895861196387068,-1.3085434609830215
path,1.7909945263279843,-1.3059540006677683
path,1.7924302306459599,-1.3033530780998337
path,1.7938737125841415,-1.300748719836038
path,1.7952747458076683,-1.2982230642259291
path,1.7966737312725742,-1.2956981074436393
path,1.7980212110990441,-1.2930544273520037
path,1.7993481762319918,-1.2903565243147637
path,1.8006678724423748,-1.2876550495722516
path,1.8019494645841594,-1.2850087125788996
path,1.803223701184995,-1.2823587959951
path,1.8044905617498836,-1.2797052482024363
path,1.8057499899841465,-1.2770480407404494
path,1.8070019243692674,-1.2743871425483981
path,1.8081993524280728,-1.2718149902966511
path,1.8093878979093276,-1.2692397384434655
path,1.8105690884827585,-1.2666608591763604
path,1.8117428415759247,-1.2640783110015028
path,1.8129090833736798,-1.2614920571222321
path,1.8140311842789905,-1.2589723060796936
path,1.8151452867876658,-1.2564488851908258
path,1.816251622182955,-1.2539216251840712
path,1.8173590617785218,-1.2514073568380935
path,1.8185207325069355,-1.2489093612294904
path,1.8196649066838755,-1.246453597148469
path,1.8208089667853777,-1.2439978846440582
path,1.8219529366753209,-1.241542207644002
path,1.8230968163557721,-1.2390865661669752
path,1.8242406058284109,-1.23663096023174
path,1.8253533845884522,-1.2342418331177203
path,1.8264660404568267,-1.231852764959985
path,1.8275786109625516,-1.2294637304849756
path,1.8286910961039229,-1.2270747297115914
path,1.8298034958792175,-1.224685762658648
path,1.8309031191483087,-1.2223241091275534
path,1.8320026435850907,-1.219962498961908
path,1.8331020846006447,-1.2176009217991328
path,1.83420144219228,-1.215239377657743
path,1.8353007163573782,-1.2128778665561428
path,1.8363727266795886,-1.2105748312908553
path,1.8374446246441254,-1.2082718497031248
path,1.838516443278278,-1.2059688995778715
path,1.8395881825777243,-1.2036659809331438
path,1.8406598425383767,-1.2013630937868027
path,1.8417259386669231,-1.1990720343582957
path,1.8427919495964111,-1.196781010624304
path,1.8438578819920652,-1.1944900181159865
path,1.8449237358501318,-1.1921990568506124
path,1.8459895111670335,-1.1899081268453093
path,1.8470315388850034,-1.1876681515245158
path,1.8480734627339337,-1.1854282254696082
path,1.8491153115074876,-1.1831883293364738
path,1.850157085200942,-1.1809484631418603
path,1.8511987838098471,-1.1787086269023244
path,1.8522308036617001,-1.1764894887699913
path,1.8532627381186377,-1.1742703879246459
path,1.8542945988678157,-1.1720513165267643
path,1.8553263859049458,-1.1698322745923364
path,1.8563580992259712,-1.1676132621371893
path,1.8573689337523462,-1.1654390669931978
path,1.8583796721800543,-1.1632649171868399
path,1.8593903398467369,-1.1610907957155354
path,1.860400936747554,-1.158916702594723
path,1.8614114628779561,-1.1567426378396484
path,1.8624134804882382,-1.154586770879886
path,1.8634154182230924,-1.152430938740239
path,1.8644172863617061,-1.1502751345336801
path,1.8654190848998151,-1.1481193582749092
path,1.8664208138333873,-1.1459636099784696
path,1.8674092009184062,-1.1438364775222842
path,1.8683975040548717,-1.1417093831683611
path,1.8693857394228528,-1.1395823160747132
path,1.8703739070180736,-1.1374552762554988
path,1.871362006836494,-1.135328263724721
path,1.8723399298553003,-1.1332230589930112
path,1.8733177741478841,-1.131117889283774
path,1.8742955520437414,-1.1290127463419688
path,1.8752732635388236,-1.1269076301812009
path,1.8762509086292953,-1.1248025408149338
path,1.8772833076951507,-1.1224067028556095
path,1.8784231837177923,-1.119671339043489
path,1.8796769940920968,-1.116813234196521
path,1.8810074234096528,-1.1139235665098355
path,1.882329226127521,-1.111027379442176
path,1.883613044068703,-1.1081760210106135
path,1.8848851026926499,-1.1053189502552108
path,1.8861454172816732,-1.1024561392192262
path,1.8873935650725884,-1.099587379839109
path,1.8886224678398562,-1.096723518637513
path,1.889811415987263,-1.093980676147349
path,1.8910811637562939,-1.091237392138231
path,1.8923522840358724,-1.0884940238103504
path,1.8936234779984902,-1.085750612710543
path,1.894894727872922,-1.0830071673495318
path,1.8961393702180822,-1.0803211983187047
path,1.897384010003116,-1.0776352295847307
path,1.8986286666453314,-1.0749492456472833
path,1.8998733282245575,-1.0722632522077356
path,1.9011179839546388,-1.0695772544248874
path,1.9023311367704174,-1.0669592283201792
path,1.9035442320832918,-1.0643412303062374
path,1.9047573004304479,-1.0617232384439974
path,1.9059703345754146,-1.059105256192017
path,1.9070346586324913,-1.0565774751889139
path,1.907933309855654,-1.0541155588315547
path,1.908847704527522,-1.0516717423287423
path,1.9097919751423416,-1.0492524511729848
path,1.9107662077918797,-1.0468577640634553
path,1.9117704955867292,-1.0444877642543862
path,1.9127908120638224,-1.0421722177364177
path,1.9138414608348213,-1.0398816205104706
path,1.914922639129334,-1.037616105100304
path,1.9160345444356122,-1.0353758339774684
path,1.917177397359632,-1.033160986830802
path,1.9183286937430428,-1.0310195947135978
path,1.9195111786188233,-1.0289041056386474
path,1.92072541409649,-1.02681466738844
path,1.9219717090266688,-1.024751525308355
path,1.923250396375719,-1.022714941834638
path,1.9245490657017221,-1.020731851321372
path,1.925880845429251,-1.0187759015192244
path,1.9272461598621315,-1.0168473925807182
path,1.9286454748541233,-1.0149466826158926
path,1.9300790244184298,-1.0130739400015516
path,1.9315343479028435,-1.011257092313409
path,1.9330368848936264,-1.0094453711871596
path,1.9346498726152797,-1.0075783439633839
path,1.936379737079626,-1.0056725036874574
path,1.9382262394823482,-1.0037284814468572
path,1.9401162582915739,-1.0018297222382844
path,1.9420006426281906,-0.9999285309347281
path,1.943879913978512,-0.9980251299673076
path,1.945784833198122,-0.9961242096660505
path,1.9475486456747115,-0.9942366579205122
path,1.9491978566350097,-0.9924036278673503
path,1.9507421229839514,-0.990622763089557
path,1.9521781417905195,-0.988890932148268
path,1.9535590560738179,-0.9871523555303093
path,1.9549167528234161,-0.9853693370427575
path,1.9562115310944128,-0.9835878391165955
path,1.9574762290912973,-0.9817835528761696
path,1.958760014201835,-0.9800440352662046
path,1.9601299050077896,-0.9783702067603536
path,1.9615851203331465,-0.9767615190549944
path,1.9630701444289744,-0.9752170682879097
path,1.9645650414263232,-0.9736800859473825
path,1.9660621622328482,-0.9721449526381015
path,1.9675591887829078,-0.9706097444108078
path,1.9690572050416624,-0.9690751349897958
path,1.9706915961926423,-0.9673147874788096
path,1.9725674604904433,-0.9653355010962061
path,1.9746287851913553,-0.9631905266626961
path,1.9767244455421564,-0.9610320291006752
path,1.9788177114714662,-0.9588718189396552
path,1.980829323095452,-0.9567869607567822
path,1.982836613556082,-0.9547087235357405
path,1.9848452969272463,-0.9526314196979399
path,1.9868471228866083,-0.9505686301606854
path,1.9888506302624496,-0.9485268959426161
path,1.9908061284725944,-0.9465574724506789
path,1.9927602143305674,-0.9445957509323223
path,1.994714583816763,-0.9426344235242256
path,1.9966730272922057,-0.9406759775667565
path,1.9986336396124031,-0.9387186586601127
path,2.0005129044630556,-0.9368658183765592
path,2.002383366192025,-0.9350218085139635
path,2.0042533490018504,-0.9331774516384264
path,2.006123079067382,-0.9313328783035751
path,2.007993579260616,-0.9294888005361039
path,2.0098278221593264,-0.9276856059307227
path,2.011660956998815,-0.9258820415560189
path,2.0134927503144713,-0.924077476696012
path,2.01532088866626,-0.9222704702760869
path,2.0171516569310617,-0.9204651445095733
path,2.018939901652871,-0.9187073653242335
path,2.020724233475503,-0.916949145675377
path,2.0225060803077035,-0.9151892134096813
path,2.0242875849088957,-0.9134290128638306
path,2.026070091451459,-0.9116694734416905
path,2.02779334067858,-0.9099798618868308
path,2.0295087172585444,-0.9082905483467484
path,2.031220598405387,-0.9065987468771517
path,2.0329316244693376,-0.9049063063066864
path,2.0346436967377497,-0.9032145489886375
path,2.036298962871598,-0.9015855702418134
path,2.037948179374394,-0.8999575530898839
path,2.039596042507129,-0.8983285384513243
path,2.0412432490555568,-0.896699053219053
path,2.0428901361623377,-0.8950693525741088
path,2.0445150595763573,-0.8934658003833875
path,2.0461383101432506,-0.89186102801629
path,2.0477597053216003,-0.8902549417378351
path,2.049380268732222,-0.8886482770452234
path,2.051001988937929,-0.8870424100271586
path,2.0525772362201296,-0.8854873909842679
path,2.054149743837169,-0.8839333820545331
path,2.055718771999822,-0.8823769268370741
path,2.057288569510693,-0.880821003481033
path,2.0588582858204476,-0.8792650305382701
path,2.060408693944539,-0.8777296532114605
path,2.0619582238105836,-0.8761936529240295
path,2.0635073052179,-0.8746573423463705
path,2.065056152448852,-0.8731208834489784
path,2.066605079247419,-0.871584496983612
path,2.068125777500897,-0.8700805558504446
path,2.0696446955018666,-0.8685753853551985
path,2.071162206759476,-0.8670692183804204
path,2.072679885712617,-0.8655631836704687
path,2.074196899860395,-0.8640567003577989
path,2.075688875960017,-0.8625810746253713
path,2.0771782829359156,-0.8611035882519269
path,2.0786667187046906,-0.8596253979094829
path,2.0801546713782026,-0.8581468722490735
path,2.08164235691684,-0.8566681745432133
path,2.083273031714436,-0.8549675686348084
path,2.0851032846623565,-0.8530300512295921
path,2.0870932960664286,-0.850936695875353
path,2.08909059320951,-0.8488275389589738
path,2.0910762327068584,-0.8467093721367351
path,2.09301547370909,-0.8446402910369095
path,2.0949421747068064,-0.8425702026838781
path,2.0968613855608282,-0.8404941120109989
path,2.098773329938475,-0.8384122357059528
path,2.100678404801526,-0.8363249137306867
path,2.102513142777108,-0.8343250072468792
path,2.1043348071781875,-0.8323268961240381
path,2.1061527504886306,-0.8303258128400226
path,2.1079696442432057,-0.8283238024392856
path,2.1097854786890116,-0.8263208756499687
path,2.1115446605026524,-0.8243908117437593
path,2.113294771330821,-0.8224603838451008
path,2.1150417663850147,-0.8205275177397678
path,2.116787765668407,-0.8185938191453959
path,2.1185327625300805,-0.8166592959153188
path,2.120225622066332,-0.8147865245223049
path,2.1219119505018305,-0.8129133817355013
path,2.1235973301771063,-0.8110394816346493
path,2.1252817594386606,-0.8091648274458848
path,2.1269652369926657,-0.8072894220735866
path,2.128610175435311,-0.8054582097344188
path,2.130251562513286,-0.8036262203555852
path,2.1318920412971223,-0.8017935215514644
path,2.1335316114008718,-0.7999601152856998
path,2.135170272604054,-0.7981260033692843
path,2.136753611147555,-0.7963602046978449
path,2.1383284963678175,-0.7945943257240499
path,2.139902498725628,-0.792827765498649
path,2.141475660746832,-0.7910605573743752
path,2.143047982629249,-0.7892927025583188
path,2.1445877133948894,-0.7875629459763143
path,2.1461268228081223,-0.7858336392022415
path,2.147668308863126,-0.7841061556649328
path,2.1492123715527662,-0.7823806508479934
path,2.150759209948052,-0.780657280236572
path,2.152290086539424,-0.7789626601344692
path,2.15382411815987,-0.7772705084074648
path,2.155361521818436,-0.7755809581088
path,2.1569024967562314,-0.7738941654730066
path,2.1584453506664376,-0.7722086629904428
path,2.15993517143926,-0.7705683612177904
path,2.161405222738764,-0.7689150154866234
path,2.1628752441370933,-0.7672615859443644
path,2.16434817223225,-0.765610320749626
path,2.1658362161834153,-0.7639708992011879
path,2.1673244757732557,-0.762377430661831
path,2.168832213059736,-0.7607990664491471
path,2.1703472455085424,-0.7592263964496507
path,2.171857063606307,-0.757649644929382
path,2.173321308510122,-0.7560432158857463
path,2.1747301883478585,-0.754456684241888
path,2.176137270339019,-0.7528698285276376
path,2.1775437318725657,-0.7512824850184813
path,2.178944415908013,-0.7496940437515679
path,2.180329821528667,-0.7480925498608548
path,2.1816917400693834,-0.7465125344067344
path,2.183052621171979,-0.7449315696674101
path,2.184413019727025,-0.7433500543112395
path,2.18577293382473,-0.7417680033419876
path,2.1871323574853028,-0.7401854270275326
path,2.1884599168642676,-0.7386395459363291
path,2.189786052449385,-0.7370925094637621
path,2.1911117033514715,-0.7355449886870538
path,2.1924368727610957,-0.7339969960605156
path,2.1937615572196036,-0.7324485379187938
path,2.1951711854675793,-0.7306743140589562
path,2.196732657179888,-0.7286893663437954
path,2.1984696792878977,-0.7265709373580249
path,2.2003198175134098,-0.724422803852288
path,2.2021757030566587,-0.722279244744684
path,2.2039602023674805,-0.7201885391466215
path,2.2057435669650487,-0.7181062674036803
path,2.207526015604586,-0.7160232511604371
path,2.2093074945372946,-0.7139394517165673
path,2.211088004543074,-0.7118548724074772
path,2.2128199350472206,-0.7098240205783753
path,2.214549238071016,-0.7077944424542097
path,2.216277648259088,-0.7057641498880668
path,2.2180051481602208,-0.703733130965021
path,2.2197317386942164,-0.7017013878981135
path,2.221412010061066,-0.6997212734509675
path,2.2230898499608314,-0.6977422080873144
path,2.2247668495035837,-0.6957624756953964
path,2.2264429942036243,-0.6937820659244495
path,2.228118284955504,-0.691800980330932
path,2.2297308357171417,-0.6898869155644027
path,2.2313416548175775,-0.6879771557062465
path,2.2329517247226116,-0.6860668036023324
path,2.2345474982378364,-0.6841452460540938
path,2.2361628023027413,-0.6822413310952168
path,2.2377535815243714,-0.6803884126156876
path,2.2393449643460226,-0.6785324163321397
path,2.2409258637471337,-0.6766582856754513
path,2.2425217623669687,-0.6747734897762825
path,2.244136512741275,-0.6728742741861773
path,2.24570211062304,-0.6709952417125102
path,2.247232573603486,-0.6690404010379524
path,2.248725815301097,-0.6669731510557061
path,2.2501296681004352,-0.6647918768137716
path,2.2513787724206806,-0.6626209713686829
path,2.2523333922036826,-0.6605927782174683
path,2.2533134258200294,-0.6585992591792532
path,2.254299797331534,-0.6566114919589088
path,2.2552919498217734,-0.6546289461252489
path,2.2562897667611934,-0.6526515305663935
path,2.2572505669159684,-0.6507217559598153
path,2.2582129231355,-0.648797754539161
path,2.259178222255622,-0.6468760719983111
path,2.260147116568729,-0.6449576817165114
path,2.2611218529076273,-0.6430444504322302
path,2.2620838467394297,-0.6411544722800419
path,2.2630513741964196,-0.6392697406326326
path,2.2640246035706477,-0.6373901119988418
path,2.265003522951923,-0.635515596414654
path,2.265988124486688,-0.633646205588649
path,2.2669610828144973,-0.6317989691393129
path,2.2679395383234997,-0.6299570326429166
path,2.2689192222396386,-0.6281193119126508
path,2.2699011986818562,-0.6262827016323376
path,2.270888734539895,-0.6244509500181558
path,2.271857271125765,-0.6226482754771224
path,2.272830643235113,-0.6208512091620357
path,2.2738094408344307,-0.6190589309040883
path,2.2747936558671706,-0.6172714616836965
path,2.2757832804425124,-0.6154888193091888
path,2.2767585391679184,-0.6137306382115175
path,2.277739026225153,-0.6119774642350514
path,2.2787262719414216,-0.6102313742948162
path,2.2797105039951115,-0.6084841611700219
path,2.280699910120042,-0.606741139036837
path,2.2816688201449997,-0.6050289193522108
path,2.2826430463241056,-0.6033216683851953
path,2.283622763865687,-0.6016192614835685
path,2.284607961478567,-0.5999217133625417
path,2.2855986337990655,-0.5982290417479175
path,2.286583979370567,-0.5965517141958783
path,2.287520883557696,-0.5948313342950909
path,2.2883714597599716,-0.5930325751442524
path,2.289202196758497,-0.5912128913350694
path,2.2900310525764103,-0.5893911343599825
path,2.29102523558544,-0.5873291033804996
path,2.292069061937398,-0.5850908388650664
path,2.29315991422907,-0.5826945798227582
path,2.29429766783953,-0.5801544743706197
path,2.2954594784159013,-0.577573540432232
path,2.296600047014671,-0.5750649691246957
path,2.2977420203916408,-0.5725582068305569
path,2.2988820904712237,-0.5700493634068968
path,2.3000227448014527,-0.5675411839661596
path,2.3011639238245354,-0.565033548764986
path,2.3022759911706254,-0.5625835738629007
path,2.303387675894209,-0.56013649586189
path,2.304503396093128,-0.5576932879788019
path,2.3056169137469515,-0.5552480685047733
path,2.306730700316235,-0.5528031337082887
path,2.3078048523549803,-0.550440581427122
path,2.30888023341304,-0.5480836689801967
path,2.3099560093592353,-0.5457271192196707
path,2.311032262224186,-0.5433709267368358
path,2.3121083074732702,-0.5410146852330728
path,2.3131660303176758,-0.5386904261626871
path,2.3142245424757117,-0.5363667743409326
path,2.3152877020568274,-0.5340475298683599
path,2.316345970866621,-0.5317237322960302
path,2.317407466862994,-0.5294033914496628
path,2.3184476473610394,-0.5271222871889754
path,2.3194888268307112,-0.5248428878208916
path,2.320530416028612,-0.522563925242211
path,2.3215724433811826,-0.5202857266577892
path,2.3226152370003024,-0.518007949860395
path,2.3236293096636556,-0.5157874240537601
path,2.3246452927737224,-0.5135687407588727
path,2.3256613090263523,-0.5113502165711281
path,2.3266778647214648,-0.509132221617986
path,2.3276947026434183,-0.5069145164708591
path,2.3286878654618235,-0.5047455187212071
path,2.3296829503753713,-0.5025783890974249
path,2.3306743587752714,-0.5004079600274721
path,2.331670718178973,-0.4982421584102568
path,2.332663518157241,-0.4960731109115485
path,2.3336304232438447,-0.49395936435332255
path,2.334597057240863,-0.49185038517718177
path,2.3355641765826793,-0.4897417680320759
path,2.336531952587627,-0.4876339888659602
path,2.337487895033659,-0.4855201281304678
path,2.338442576100165,-0.48344552637163885
path,2.339395947966896,-0.48136903610384935
path,2.3403142378488964,-0.4792655180976055
path,2.341225041803703,-0.477150870132233
path,2.3421340388049097,-0.47503474732390416
path,2.343021848648571,-0.4729677456032115
path,2.3439096438457505,-0.47090173856162293
path,2.3447985648694876,-0.46883675936708097
path,2.345687476238342,-0.46677167198446995
path,2.3465743097625102,-0.46470467579614744
path,2.347456173098955,-0.4626600463788795
path,2.348337343816548,-0.46061480764032847
path,2.349216695445105,-0.45856791539028846
path,2.3500973149766917,-0.45652219819643575
path,2.3509806654716825,-0.4544789258137949
path,2.3518495979129876,-0.45246488865188905
path,2.352717838770065,-0.4504502164910457
path,2.353587014301559,-0.4484364075630259
path,2.35445663230265,-0.44642298188764673
path,2.355325430274801,-0.44440886641773203
path,2.3561842272882636,-0.4424179224850608
path,2.3570454369008944,-0.44042924371350906
path,2.3579040643765112,-0.43843825956280447
path,2.3587653302635285,-0.43644973183918495
path,2.359627269320746,-0.4344618461951978
path,2.3606479495753034,-0.43217711070011794
path,2.361704334838738,-0.4296546493979852
path,2.3627883055791528,-0.42694839254274475
path,2.3638837521459632,-0.4240702385049846
path,2.3650430673984375,-0.42108293434592775
path,2.3662456093974225,-0.41816194028382214
path,2.3674945275646007,-0.41523541526247076
path,2.368755087490089,-0.41231369362987463
path,2.370014607271795,-0.40939079012019924
path,2.371271867293958,-0.40646595941959396
path,2.372502636749376,-0.4036099004169444
path,2.3737358497559202,-0.4007562062420467
path,2.3749659122581988,-0.39789974802850325
path,2.376194595834684,-0.39504214096293866
path,2.3774278363675614,-0.3921890289475756
path,2.37860891160035,-0.38944681710092005
path,2.379791405262438,-0.3867074913752534
path,2.3809750430021857,-0.38396932805707534
path,2.382157392511525,-0.38123007762135214
path,2.383339367392999,-0.378490588959948
path,2.3844912624478383,-0.37582222062026244
path,2.3856422686576852,-0.3731529284754611
path,2.386796362800383,-0.37048650799272576
path,2.387948743431903,-0.36781866691604526
path,2.3891030338912187,-0.36515285817855225
path,2.3902033641217786,-0.36260735042977177
path,2.3913043416633375,-0.36006483659351407
path,2.392405663417148,-0.35752269723796637
path,2.3935033381425783,-0.35497736300922905
path,2.3946139224517156,-0.3524440483143148
path,2.3957247702435605,-0.3499657033488928
path,2.3968474793816235,-0.3475050933929546
path,2.3979880896439396,-0.34506053247760504
path,2.3991466058300386,-0.34263206279749786
path,2.400323019975754,-0.34021970951157565
path,2.4014816729948674,-0.3378611102803492
path,2.4026579831314043,-0.33551871607369316
path,2.4038510115252882,-0.33319142553847897
path,2.4050496561130643,-0.33086910925179114
path,2.406248672895043,-0.3285470131075534
path,2.4073871700765777,-0.32627514103937083
path,2.4085325826792903,-0.32401106732346985
path,2.409673538027985,-0.32174335803081805
path,2.4108207601585154,-0.3194790518510895
path,2.4119299595258803,-0.31718453921147494
path,2.4130296774972018,-0.31494546109788824
path,2.414150348907205,-0.3127253473544839
path,2.4152899368346454,-0.31052208305717266
path,2.416430403459178,-0.30831944289194346
path,2.41757123535971,-0.3061169844083937
path,2.4186623352960104,-0.30398280720827997
path,2.4197620324220197,-0.3018589097684793
path,2.420862540432662,-0.299735645183677
path,2.4219633880485327,-0.2976126002057355
path,2.423064568710223,-0.2954897816322965
path,2.4241493881220504,-0.29339250595012706
path,2.4252366871416147,-0.2912976446588712
path,2.426324298474122,-0.28920301954790634
path,2.4274094495135143,-0.28710550654053246
path,2.428459377993338,-0.28497914264663843
path,2.429497724916316,-0.2828919614030102
path,2.4305524679636035,-0.2808194161565484
path,2.4316215801670698,-0.2787597554797524
path,2.4326929376619395,-0.2767019579412599
path,2.4337645900395706,-0.2746442745246036
path,2.4348054246887068,-0.2726284300810125
path,2.435852534859829,-0.2706184001878839
path,2.4368999158180724,-0.2686085097544812
path,2.437947567747376,-0.2665987728266929
path,2.4389954877945157,-0.26458919933949876
path,2.440025643493508,-0.2626066021529114
path,2.4410585448304225,-0.260626648586169
path,2.442091700943622,-0.2586468745508123
path,2.443125110168632,-0.25666728702963937
path,2.444128109161956,-0.25466239039532373
path,2.445105221230092,-0.2527097029475422
path,2.4461010192674904,-0.25077437760977406
path,2.4471083204452304,-0.24884910969359172
path,2.4481154665338805,-0.24692352060322498
path,2.449122858242895,-0.2449979918504198
path,2.4501158621775474,-0.24309672372940921
path,2.4511102669085885,-0.24119664703271923
path,2.452104904595793,-0.23929666983156145
path,2.4530997730859245,-0.2373968041135707
path,2.454094870672204,-0.23549706093119985
path,2.4550582607825615,-0.2336293232055742
path,2.456019218426581,-0.23175951068610773
path,2.456977433909106,-0.22988583797078585
path,2.457903372515861,-0.22798638540391672
path,2.4588523270518974,-0.22610715847555377
path,2.4598063234956067,-0.22425679374207488
path,2.460771089186918,-0.2224160061350481
path,2.4617365396170823,-0.22057566508570398
path,2.462702277834953,-0.2187354249818871
path,2.463668297042663,-0.21689529797666748
path,2.4646220781888526,-0.2150743577962061
path,2.4655776081606326,-0.21325508241063343
path,2.466533394486403,-0.21143594073776795
path,2.467489430726624,-0.20961693930074546
path,2.468445711389557,-0.20779808429405855
path,2.469381541191742,-0.2060043893957843
path,2.4703223206569236,-0.20421558946429788
path,2.471263336264091,-0.20242693986301324
path,2.4722026348921746,-0.20063704720074335
path,2.4731118744426266,-0.19882191871068683
path,2.4740276283095572,-0.19704030820993496
path,2.4749564554422845,-0.19527051369210885
path,2.4758883191455494,-0.19350308504791489
path,2.476820405645597,-0.19173567286406235
path,2.4777527110208526,-0.18996829424886252
path,2.4788084388316274,-0.18793061114798212
path,2.479886553328904,-0.18568650628948502
path,2.481015613082536,-0.18330250320024402
path,2.4822549995685725,-0.18081866539839725
path,2.4835368414093106,-0.17829406618745522
path,2.4847907452558875,-0.17581041565942637
path,2.4860625670168095,-0.17334288307657023
path,2.487350868496115,-0.17089022565870648
path,2.4886479000457715,-0.16844523376135517
path,2.4899460297292473,-0.16600118670521025
path,2.491174935428036,-0.16362751187855512
path,2.4924029926986235,-0.16125841661496024
path,2.4936319549378094,-0.1588888580566842
path,2.4948285950086015,-0.1564935568601896
path,2.496046118821208,-0.15411654415769835
path,2.4972467103725866,-0.15178497282210549
path,2.498463487160901,-0.14946809506465242
path,2.4996902390464926,-0.14715991190312486
path,2.500918320094622,-0.14485279646759333
path,2.502146634488123,-0.1425457668423659
path,2.503340927280352,-0.1402810873293825
path,2.5044797603876616,-0.13802513045710166
path,2.5054769834760533,-0.13579308107685426
path,2.506334829924916,-0.13358786747665383
path,2.5070533019188983,-0.13140959523985982
path,2.5076121365188686,-0.12926525019807644
path,2.5080362668271516,-0.12713244384572192
path,2.508339562820657,-0.12499047470101407
path,2.5085350814055287,-0.1228187822264062
path,2.5086487552727395,-0.12060723788142019
path,2.508749662997672,-0.11842128323480389
path,2.508850199159825,-0.11623615049968301
path,2.508950612525966,-0.1140510609961061
path,2.509050802595237,-0.1118659077471504
path,2.509150766170073,-0.10968068631057705
path,2.509252472454441,-0.10751554094976926
path,2.50938029777791,-0.10542875282607644
path,2.509533151807932,-0.1034463625445076
path,2.5097103630973043,-0.10156606346475265
path,2.509912125289556,-0.09978900506541412
path,2.5101367072421,-0.09811385501092923
path,2.5103833090282723,-0.09650103509522834
path,2.510632703976971,-0.09489950046995925
path,2.5108848972568025,-0.09329554811224236
path,2.511134417714143,-0.09169471215994736
path,2.5113866427887173,-0.09009492639672974
path,2.511633587728141,-0.08849642979573616
path,2.5118823736610056,-0.08689722743873135
path,2.5121290861349728,-0.08529629316765856
path,2.512373177471889,-0.08369664277207058
path,2.512620607949604,-0.08209650488413521
path,2.5128624935606134,-0.08049714971513394
path,2.5131072874153397,-0.07889681318434599
path,2.5133472141399564,-0.0772957099846575
path,2.513588430957807,-0.07569475813906024
path,2.513827299909744,-0.07409744170181524
path,2.5140603793003513,-0.07250166743062593
path,2.5142983290356518,-0.07090401192569361
path,2.514533521821043,-0.06930511347805673
path,2.5147694074358364,-0.06770652148277082
path,2.5150026599638533,-0.0661079407047226
path,2.515236393428839,-0.06450975480108252
path,2.515468177524243,-0.0629103248719189
path,2.515697911716396,-0.061312217231655995
path,2.515934260683,-0.05971074395618836
path,2.5161596316165595,-0.05811578381272029
path,2.5163862585299808,-0.05651967741263441
path,2.516613397398311,-0.05492391989514839
path,2.516840206092391,-0.05332504893779887
path,2.5170625895291296,-0.051728587953084396
path,2.5172835953692134,-0.05014324765047893
path,2.5175132213462055,-0.04854337492174001
path,2.5177326880146405,-0.04696358080075448
path,2.5179732942639403,-0.04531199272460245
path,2.518206466073889,-0.04364836787912739
path,2.518420452646282,-0.04205407664283574
path,2.5186416812163825,-0.040385157836818536
path,2.518851800864772,-0.03878862655549382
path,2.519064905534962,-0.03720487537289661
path,2.519282844197934,-0.03561080808111777
path,2.519500861907822,-0.0339022308490625
path,2.5197095179724176,-0.03229147109232453
path,2.519914125722518,-0.030707733982684598
path,2.5201274604228088,-0.029120114543931916
path,2.5203432268227304,-0.027495353367075683
path,2.520539709848378,-0.025874448647382812
path,2.520747548490322,-0.024290244643584244
path,2.5209521821099203,-0.022695710602750115
path,2.521153075400235,-0.02108754748880538
path,2.5213533741203955,-0.0195184853166799
path,2.521564499502255,-0.01793762619300928
path,2.5217594785632835,-0.016310232234333224
path,2.521959397157777,-0.014723535061840338
path,2.522160958811762,-0.013137778025028973
path,2.52236665148185,-0.011495059879063081
path,2.5225627503615566,-0.009882838833345448
path,2.522759131733925,-0.008300281761319181
path,2.5229552068637995,-0.006718303669165596
path,2.523173310944906,-0.005056066026070608
path,2.523406180241362,-0.003352881499285428
path,2.523648500456483,-0.001653690080375985
path,2.52387878923128,4.451066328812841e-05
path,2.5241199961984004,0.0017445471302711397
path,2.5243571862533343,0.0034448213739424597
path,2.5245918625712065,0.005143810315745498
path,2.5248437232698757,0.006846884686101009
path,2.525090471616184,0.008548905139050123
path,2.5253416639264237,0.01025343777490912
path,2.5255783188558905,0.011958158220194495
path,2.525827498685973,0.013662913120987646
path,2.5260680712345347,0.01536176538053473
path,2.526305244014175,0.017062224722675785
path,2.5265404947011296,0.018761861969546923
path,2.526771620200495,0.020463917327600268
path,2.5270062484650233,0.022166225527163134
path,2.5272279610464965,0.023866188243069915
path,2.5274621645674276,0.02556717503712669
path,2.527680049742183,0.027267915365852075
path,2.5279077511907717,0.02896907746279611
path,2.5281323633270785,0.030671791870684795
path,2.5283474176555263,0.03237152695076187
path,2.5285705342674176,0.034071429712429845
path,2.528781198548832,0.03577197385744658
path,2.5290014857482825,0.037473323743179895
path,2.529208469335808,0.03917577339308631
path,2.529418608639287,0.04087340917049857
path,2.529635281419405,0.042570505302270446
path,2.529846571322748,0.04426619184497926
path,2.530069249965173,0.04596242322546124
path,2.5302817786436713,0.04765839471519818
path,2.5305045473754424,0.04935181810947836
path,2.5307212618117756,0.05104495692099636
path,2.5309474292939407,0.05273817797173103
path,2.531164115445954,0.05443121770089068
path,2.531377891189702,0.056125791504487925
path,2.5315907847586687,0.057817272506364974
path,2.531788384003323,0.05950935417952658
path,2.5319931566928133,0.06120309895444611
path,2.532177378062796,0.06289779860273427
path,2.532373283044423,0.0645937571639071
path,2.5325738449498294,0.06629159440450312
path,2.5327666040323544,0.06798943456911903
path,2.5329603735764588,0.06968855409208417
path,2.5331459732433554,0.0713881088609978
path,2.533343623640771,0.07308835398345465
path,2.5335340958995523,0.074784263464016
path,2.533719684451131,0.07648141224340786
path,2.533878761270892,0.07818073288059074
path,2.534050252635708,0.07987844812318215
path,2.5342379681090907,0.0815761952762895
path,2.534416899605626,0.08327273307983007
path,2.5345923115108575,0.08496887268802332
path,2.5347724130651006,0.08666610561393591
path,2.534955586822447,0.08836342741390499
path,2.5351333239476377,0.09006043221276598
path,2.5353089957983177,0.09175461461990748
path,2.5354804848395864,0.09344835471455269
path,2.5356590299573654,0.09514312180787513
path,2.535828462290249,0.09683755075037129
path,2.536006636384233,0.09853308779015897
path,2.5361670304861215,0.10022870914562482
path,2.5363399698226647,0.10192489135590609
path,2.5365020109697958,0.10362183090384439
path,2.5366554594094346,0.10531950510093836
path,2.536821610207406,0.10701728661533831
path,2.5369800215639158,0.1087145618887399
path,2.5371374574031873,0.11041088123702818
path,2.5372992155902994,0.11210722061729494
path,2.537461132892724,0.11380474022579853
path,2.5376143371523265,0.11550176744439077
path,2.537772942064174,0.11719751603680488
path,2.5379267353491692,0.11889296860372704
path,2.5380784571670776,0.12058993139866257
path,2.5382334363227055,0.12228715425140614
path,2.538383564799014,0.12398385834281818
path,2.5385321363042954,0.12568040341165893
path,2.5386820249210587,0.12736401303960718
path,2.538914412125687,0.12902312245070016
path,2.5391885067790385,0.13066571357596965
path,2.539506860900675,0.1322994582211121
path,2.5398642165957463,0.13392326171125507
path,2.54025981008422,0.135538537746457
path,2.540685784608849,0.13714205615849961
path,2.5412061224932154,0.13875912883872948
path,2.5417513452824587,0.1403641154153136
path,2.5423111816855846,0.14194703183309731
path,2.5429032299184824,0.14351777039893274
path,2.5435504255652575,0.1450875900049715
path,2.544252898110917,0.14665583709546415
path,2.5449808347636136,0.14820970112707832
path,2.5457210976570614,0.14973185189138294
path,2.5465141465473904,0.1512509286790536
path,2.547359614263357,0.15276708175815332
path,2.548234604906857,0.1542705475127146
path,2.549125228871091,0.15575504068110566
path,2.5500837373991545,0.15723651355727075
path,2.5510583072058526,0.15869917675566472
path,2.552072182566654,0.16015232392672019
path,2.553139259061687,0.1616046086688654
path,2.554222040657566,0.16303803180406212
path,2.555335787845371,0.16443802374486716
path,2.5564868266611644,0.16582852051599065
path,2.557684902859024,0.1672135015120771
path,2.5589182567795974,0.16858807997931438
path,2.56019139975019,0.16995418450562508
path,2.5614894250288653,0.17129468115148774
path,2.562832093425269,0.17262880105935519
path,2.56420787179985,0.17395080040943636
path,2.565627562664103,0.17526328573274877
path,2.567108228258364,0.17656306173019057
path,2.5686318625100424,0.1778303913667086
path,2.570216719257005,0.17908906858169368
path,2.571806526184183,0.1803295916975007
path,2.5733997096231187,0.18155607364310392
path,2.574992330070017,0.18278136895659855
path,2.576740627022089,0.18438537426131363
path,2.5786197497352243,0.18621202832709272
path,2.5805876846378775,0.18803794536752788
path,2.5826224983927886,0.18984572969209496
path,2.584756793833297,0.19166042036367784
path,2.5869962477279715,0.19345809639354974
path,2.5892740609189646,0.19523276849374605
path,2.591546732763892,0.1970004712063476
path,2.5938173609553026,0.19876862741168294
path,2.596085942430625,0.20053724085977737
path,2.598208658576367,0.2022349281545565
path,2.6003213863192087,0.20390177550250324
path,2.6024362686044338,0.2055559818765128
path,2.604549374301909,0.20721053031316172
path,2.6066606815037163,0.2088654913723302
path,2.6086813103539934,0.2104696898894699
path,2.6107012310284197,0.2120566726038945
path,2.61271956949886,0.21364379451777837
path,2.6147231188534805,0.2152898747039273
path,2.6166319742937674,0.21701126139334068
path,2.6184097544643445,0.21869796849932932
path,2.620071565462001,0.2203708218879892
path,2.621631250362922,0.22208504784700858
path,2.623106732610997,0.2238376545883206
path,2.6244734166635073,0.22563392290454581
path,2.6257324823671375,0.22742754496090012
path,2.6268764287985027,0.22926081350934965
path,2.627946246774034,0.23113033625317772
path,2.6289037203466403,0.23304418946901917
path,2.6297776797081425,0.23499621748980978
path,2.630530118522395,0.23694702942882062
path,2.6311813881699355,0.23893427302464865
path,2.631751085983879,0.24095943058832656
path,2.6322299048712585,0.24305262167657776
path,2.632732858931821,0.24523015621897942
path,2.633065272585043,0.24736317055524484
path,2.633259052874563,0.24951338593725536
path,2.633408968741634,0.2516901606097316
path,2.633615658562316,0.25386553047071214
path,2.633950981199187,0.25602220330901104
path,2.6343963232262237,0.2581541137160295
path,2.6349389642516248,0.26026348115386644
path,2.6355696081685593,0.2623476053470151
path,2.6362829334270583,0.26440442281471743
path,2.6370664712024148,0.2664322919080818
path,2.637873213923712,0.2684394055480161
path,2.6386832843939345,0.270429830025005
path,2.6394948637005515,0.2724011471192067
path,2.64030538824605,0.27435175190859856
path,2.6411172770869857,0.2762890937119363
path,2.641926468320935,0.2782099059573258
path,2.6427332271473487,0.2801176659594635
path,2.6435362122275237,0.28201128156305333
path,2.64433342226221,0.28388929739816626
path,2.6451229597028636,0.28575030189173367
path,2.6458993768069354,0.2875910194773184
path,2.6466701972103066,0.28941325437532156
path,2.6474241228056132,0.2912144371021364
path,2.6481635943857693,0.2929933827189075
path,2.648834935112755,0.29494490607360735
path,2.649503023085895,0.29687605516552357
path,2.650186314015209,0.2987690326342659
path,2.6508561189161286,0.30063331609831917
path,2.6515025570325252,0.30247017684306193
path,2.6521221788725415,0.30427995070003505
path,2.652712887128219,0.3060614059793967
path,2.653276101814352,0.30781541609576374
path,2.6538110942881796,0.3095410894305791
path,2.6543174949074255,0.31123814621757145
path,2.654796357016626,0.3129114996873883
path,2.6554029869773874,0.31501472125510827
path,2.6561200127237563,0.31758806099356307
path,2.6566855497279787,0.32058707391576313
path,2.657232596084811,0.3236274749996387
path,2.6578149924455916,0.3266005598245291
path,2.6584219678164023,0.3295246357409127
path,2.6590778091459497,0.3323917914032988
path,2.6597918128941953,0.3352162835255514
path,2.66056514548437,0.33800294137623893
path,2.6613917981268,0.3407552718988943
path,2.6628069963543837,0.34372743489613505
path,2.6646115449626717,0.3468419582191411
path,2.6664427151170176,0.34995333762400677
path,2.6682887734876544,0.3530640308231502
path,2.67014906705116,0.35617413904653145
path,2.672016621605334,0.35922793154908816
path,2.6738970994020987,0.3622788040496861
path,2.675789824742417,0.3653293626175027
path,2.6776941206404903,0.36837971133960545
path,2.679609304635586,0.37142995496877573
path,2.6815158414968243,0.3743428996889715
path,2.6834319118522365,0.37721927394421584
path,2.6853568163301613,0.3800957483546657
path,2.687289857081908,0.38297242892507916
path,2.6892303323509967,0.38584942210148676
path,2.6911637319642785,0.3886209764080251
path,2.693104447355262,0.39137685063684324
path,2.695051589553637,0.39413311369540655
path,2.6969980946965917,0.3968908350007815
path,2.6989413884711086,0.3996504047695534
path,2.7007617968013546,0.4022869043023382
path,2.7025795735546665,0.40489908834724914
path,2.7043806623977718,0.407546004074974
path,2.7061572983043254,0.41018776470784074
path,2.7079575316912705,0.41282529401187185
path,2.7097606398999736,0.4154613559300655
path,2.7115390114425395,0.4181185657268166
path,2.713270457423118,0.42080157340140234
path,2.7149552307140508,0.4235118170950104
path,2.7165930934928118,0.4262494122644119
path,2.7181283896037263,0.4288973836722012
path,2.719608080175878,0.4315548997285927
path,2.7210402031080294,0.43424005677769495
path,2.7224245625627694,0.4369529517381143
path,2.72377294045572,0.43968677190466593
path,2.725084553304339,0.44234486696272174
path,2.7263897361963485,0.4450045118881794
path,2.7276934233115706,0.4476652522718279
path,2.7289956018224273,0.4503270883092318
path,2.7302962598425955,0.45299002011985834
path,2.731578473256969,0.4555390195379647
path,2.7328278882046995,0.4581017240477403
path,2.734074961825194,0.4606659015329203
path,2.7353205395833156,0.4632310738493524
path,2.736564618955975,0.4657972425982687
path,2.7377844353037686,0.46831579542916496
path,2.7390018751673275,0.4708350531263849
path,2.7402178728438042,0.47335527499285734
path,2.7414324252245676,0.47587646174327103
path,2.742645529256175,0.4783986139764103
path,2.7438280183167882,0.4808553461114089
path,2.7450062589829396,0.48331289493555935
path,2.746183134184423,0.4857713650371938
path,2.747358639720729,0.4882307561995806
path,2.7485327715715475,0.49069106818015973
path,2.7496908749320386,0.49312148476658907
path,2.7508476101625137,0.4955527922741456
path,2.752002995374234,0.4979849968297925
path,2.7531570271977692,0.5004180981239672
path,2.754309702373258,0.5028520958304287
path,2.7554448901078317,0.505200436779229
path,2.75655887224853,0.5075583094217732
path,2.757678711801373,0.5099109657151214
path,2.7587901806146573,0.5122691522342515
path,2.7599003206655217,0.5146279803948293
path,2.7609925327237583,0.51695225275999
path,2.762083405778759,0.5192772973096025
path,2.763172966930382,0.5216031242882309
path,2.7642612185595103,0.5239297360464408
path,2.765348162632694,0.5262571346682813
path,2.766411448035106,0.5285362703377027
path,2.767472835524172,0.5308159273824186
path,2.768532977992178,0.5330963441093306
path,2.7695918756819524,0.5353775216244983
path,2.770649528778548,0.5376594608775294
path,2.771691748479626,0.5399114390552773
path,2.7727327306177165,0.5421641543626492
path,2.7737725003672007,0.5444176128496178
path,2.774811057256176,0.5466718150257559
path,2.775848400692207,0.5489267613101066
path,2.7768622775414356,0.551132922042003
path,2.7778743681304636,0.5533395625400709
path,2.778885300646953,0.5555469170025216
path,2.77989507375068,0.5577549854215353
path,2.780903686075682,0.5599637677492431
path,2.7819019714090008,0.5621531186498101
path,2.7828991010883284,0.5643431656703161
path,2.783895086908165,0.5665339132597739
path,2.7848899274662013,0.5687253612537454
path,2.7858836213451084,0.5709175094625742
path,2.78742550258102,0.5735380091680164
path,2.789260289928673,0.5766952224025983
path,2.7910831793586097,0.5800122107084141
path,2.7928351907499493,0.5833698631836974
path,2.794516086034224,0.586768300732328
path,2.7961183726555436,0.590193984703824
path,2.7976649135879654,0.5936515961516201
path,2.7992050208709904,0.5971129445902937
path,2.800742243395732,0.6005760123606156
path,2.80227939485133,0.6040394646130044
path,2.803806992387263,0.6072814315204511
path,2.8052671698123786,0.6105439255301002
path,2.806687928390804,0.6138371692498665
path,2.808104628375134,0.6171344919873972
path,2.8095186500150677,0.6204332798033796
path,2.8109007193050153,0.6236608062152499
path,2.8122781114010733,0.626889175066761
path,2.8136529750099877,0.6301189509144322
path,2.8150253141019514,0.6333501333246773
path,2.816395131841195,0.6365827217625447
path,2.8177285415919187,0.6397294570436368
path,2.8190561769856717,0.6428769148923501
path,2.820381450717838,0.6460257097258746
path,2.8217043616434805,0.6491758400051733
path,2.8230249083399457,0.6523273042027892
path,2.8243155980279835,0.6553584352698661
path,2.8255837343110985,0.6583968465788406
path,2.82684961639829,0.6614364703962768
path,2.828113247648027,0.6644773073579687
path,2.8293746307496375,0.6675193579183809
path,2.8306065590300853,0.6704936324534473
path,2.8318346880298897,0.6734684566482216
path,2.8330606861925793,0.6764444447205908
path,2.8342845530952325,0.6794215961463801
path,2.83550628803523,0.6823999103338368
path,2.8367020814222004,0.6852810337075715
path,2.8378819409607408,0.6881677804975088
path,2.8390597221280847,0.6910555854417206
path,2.840235430853216,0.6939444506717861
path,2.8414090722042964,0.6968343780098888
path,2.8425556578598026,0.6996612622946281
path,2.843699018185155,0.7024886148984384
path,2.844840420984027,0.7053169897632388
path,2.845979867822588,0.7081463874074206
path,2.847117359846999,0.7109768081960601
path,2.8482241907262034,0.7137322046649309
path,2.8493371096129794,0.7164824320280924
path,2.85044230472737,0.719230625147821
path,2.8515304237327816,0.721983250730829
path,2.8526163479304762,0.724736667794269
path,2.853682696018442,0.7274442357539295
path,2.8547463986155828,0.7301524966702349
path,2.855808281563604,0.7328616504653952
path,2.8568683505252084,0.735571699446261
path,2.8579266103889225,0.7382826456124906
path,2.858960797933596,0.7409293342179333
path,2.8599901645084915,0.7435770976257386
path,2.8610178291256747,0.7462257248877976
path,2.862043793102181,0.7488752165542695
path,2.8630680574165406,0.7515255730379458
path,2.8640790003198764,0.7541465903287216
path,2.865088270900802,0.756768443307443
path,2.8660958810695787,0.7593911418444578
path,2.86710183082163,0.7620146859476551
path,2.8681061199492928,0.7646390755397295
path,2.869088772072083,0.7672079418988382
path,2.8700681626332885,0.7697774351246335
path,2.871045970711528,0.772347741139609
path,2.872022194682723,0.7749188592607676
path,2.8729968328464572,0.7774907887915457
path,2.873968921447947,0.7800100877207756
path,2.8749256592205437,0.7825399381053851
path,2.875880115133168,0.7850709260695337
path,2.8768329309452736,0.787602650575233
path,2.8777841147189243,0.790135115113745
path,2.879350733997016,0.7930965606868521
path,2.881324128394746,0.7966117209996629
path,2.883376883431897,0.8005136029367539
path,2.885414165337431,0.8044812846417686
path,2.8874238627421613,0.808466156052133
path,2.8893668441376548,0.812397619223576
path,2.8912777854850793,0.816339862359358
path,2.8931598829507377,0.8203000081468304
path,2.895012742920198,0.8242783099423276
path,2.8968348356749813,0.82827575691825
path,2.8985391965890375,0.8321456729084908
path,2.900182649563739,0.835995288665243
path,2.901787771291802,0.839869008035025
path,2.903354175443071,0.8437670821429271
path,2.904881481230506,0.8476897584096075
path,2.906350151159821,0.8513735971595889
path,2.90776192923007,0.8550299301691494
path,2.909133568301571,0.8587115867085438
path,2.910464727330101,0.8624187927680521
path,2.911771868018295,0.8661408725730375
path,2.91306109584388,0.869711758053145
path,2.914315309846904,0.8732928336093271
path,2.915563172603059,0.8768773709537035
path,2.916807836156046,0.8804633420714615
path,2.9180493000855274,0.8840507473693427
path,2.919277164537768,0.8874268895006743
path,2.920457516598949,0.890808607791863
path,2.9216215848111857,0.8942002041129619
path,2.922782740274197,0.8975930513935431
path,2.9239409865753903,0.9009871516082172
path,2.9250994554161536,0.9043917253759591
path,2.926255007460226,0.9077975652341436
path,2.927407641596936,0.9112046686611601
path,2.9285573588548464,0.9146130362131809
path,2.9297041597672764,0.9180226681729485
path,2.9311583421689233,0.921747364583441
path,2.9327173737198877,0.9257380937160592
path,2.9342418388190246,0.929758854699538
path,2.935727867768065,0.9338035671186969
path,2.9371751321432753,0.9378724452039988
path,2.9386392992305677,0.9420601694557692
path,2.9400700321388173,0.9462831684324401
path,2.941464249300005,0.9505288142691081
path,2.9428482042353874,0.9547801029028387
path,2.944227637489325,0.959033325339521
path,2.9456215539361708,0.963344212733353
path,2.947010552113687,0.9676594969743012
path,2.948394884626303,0.9719767569942094
path,2.94977454452866,0.9762959887031142
path,2.9511495247795283,0.9806171879112456
path,2.952552038011209,0.985031432982156
path,2.9539494183941275,0.9894577965403124
path,2.955341874996744,0.9938862069808094
path,2.9567293999195354,0.9983166594362485
path,2.958111985212443,1.0027491489710532
path,2.959540981941466,1.007318744445692
path,2.9609651661192613,1.0119226953965008
path,2.9623840049217764,1.0165288234021346
path,2.963797489215088,1.0211371226586372
path,2.9652056099924233,1.02574758730278
path,2.966647064236463,1.0304700416299035
path,2.968082738761004,1.035212119132045
path,2.9695127206551977,1.0399564639145118
path,2.970936999964161,1.0447030693954753
path,2.972378670314859,1.0494460542507018
path,2.9739005748801413,1.0541554006948424
path,2.9755009800984027,1.0588901604233498
path,2.977143925087796,1.0636992645112784
path,2.9787671381947165,1.068582646920775
path,2.9803674618697364,1.0735371439921868
path,2.9823726594912228,1.0790699674539248
path,2.9845480809696774,1.0849854986699126
path,2.986699245394701,1.09098437259204
path,2.988820684734423,1.09705634933216
path,2.990912437137865,1.1032017107338796
path,2.9932741588470937,1.1097983318634257
path,2.996204549597675,1.1166652744278363
path,2.999393607640424,1.1236365738180214
path,3.002564271684611,1.1306135638192272
path,3.0057136573750842,1.137593144974076
path,3.0089218437346434,1.1447602265007821
path,3.012118313272757,1.1519445038563862
path,3.0152938065461115,1.1591327738669732
path,3.0184576307032716,1.1663345226664863
path,3.0216161538909527,1.1735245418332285
path,3.0248159940601376,1.1808649415462644
path,3.0280003369155817,1.1882160133659645
path,3.031162912453136,1.1955705510149839
path,3.034303695454255,1.2029284219984164
path,3.037422690800089,1.21028949923952
path,3.0405393967928527,1.2177002291375179
path,3.043634018353279,1.225113963237756
path,3.046706536977153,1.2325305624414813
path,3.049756942453999,1.2399498950026626
path,3.0527852292698827,1.2473718381277314
path,3.0558543592794636,1.2549625416318992
path,3.058908509830274,1.2625657019783576
path,3.06193945578498,1.2701711799774968
path,3.064947193744932,1.2777788409465187
path,3.067921048642739,1.285436975323823
path,3.0711063814222843,1.2934196719129911
path,3.074396834353042,1.3015979797982595
path,3.07784983900351,1.3099113414380825
path,3.0813570991632337,1.3183824354057696
path,3.0848350730406233,1.3268556513658358
path,3.0885994313916334,1.3358852809000843
path,3.0926149291026563,1.3459375171262526
path,3.0968301522734225,1.356753629154555
path,3.1011925292976668,1.3678574662590184
path,3.1056122206945918,1.3791029207240182
path,3.110075674019675,1.3904833985784286
path,3.1145657904497606,1.4020141453324404
path,3.119028387925313,1.4136258174746381
path,3.1234594369266646,1.425262471352474
path,3.1278525160910924,1.4369337716972834
path,3.132206754481729,1.4486406060812966
path,3.1365217049164364,1.4603830937066853
path,3.140796927906378,1.4721613831686242
path,3.1449744019605688,1.484008893091883
path,3.1491310019976297,1.4959143854595314
path,3.1532717276805835,1.507813976931035
path,3.157380861056386,1.5197335822712017
path,3.1614482200566716,1.5316898727337853
path,3.165477606190954,1.5437007328034873
path,3.1694749928025363,1.5557580677605793
path,3.1734384263772957,1.5678611842762704
path,3.1773750231005313,1.5800066255766017
path,3.181264505470727,1.5921749891442756
path,3.185104673298395,1.6043672749304003
path,3.188895285759381,1.616583451048909
path,3.192636100373072,1.6288234840990898
path,3.1963268729885996,1.6410873392490903
path,3.1999581105901354,1.6533735160950798
path,3.203500757833572,1.6656795544669845
path,3.2069408191933966,1.6780029573745787
path,3.2103092708225285,1.6903479078987527
path,3.213580982309576,1.7026639974443374
path,3.216801526140915,1.714978324892701
path,3.219970161764739,1.7273193696757352
path,3.2230866255335218,1.7396871281294066
path,3.2262048359657154,1.7519333510671882
path,3.229309126375425,1.7640553869013536
path,3.2324848622550024,1.775905836422714
path,3.235707676495205,1.7874927317342963
path,3.238915859919285,1.7989127034803567
path,3.2419526387698685,1.8106847987645915
path,3.24489669972455,1.822685812910018
path,3.2478621793825546,1.8346106808425218
path,3.250894229588043,1.846286720189503
path,3.254045849481208,1.857670214580439
path,3.256962471353354,1.869192067541506
path,3.259804586391438,1.8806230768641072
path,3.262597969173012,1.891728507208274
path,3.265434860395764,1.9024792903350196
path,3.268315988148078,1.9128871326205712
path,3.270779527302214,1.923011284636628
path,3.273223494887637,1.932825581909448
path,3.2756956640575106,1.9423235467879199
path,3.2782147174440786,1.9514800276986126
path,3.28080326355411,1.9603514756140268
path,3.2832322092948956,1.9685278330236982
path,3.285483677376315,1.976044659691857
path,3.2874877713655657,1.983077659830367
path,3.289461358525431,1.989754481468982
path,3.291554409995454,1.9962727838623653
path,3.293555195485277,2.002327764049468
path,3.2953911766709085,2.0080062039407753
path,3.2974160780950506,2.013693546199601
path,3.2995624093645026,2.0193342028033188
path,3.3017821271878476,2.024897343671039
path,3.3042305937658063,2.030702443296747
path,3.3068550839311155,2.036939968443888
path,3.309479440850694,2.0433643137908444
path,3.3120498264175096,2.0498568818396588
path,3.3145645103260133,2.056409893232858
path,3.317447112535464,2.0634201955796523
path,3.3204369401264713,2.071120259025026
path,3.32324407437127,2.0792047564902916
path,3.325776176419698,2.087377049629129
path,3.32826730557504,2.095601542017524
path,3.3305220157870514,2.1037780747851964
path,3.3326837604517343,2.112056165501604
path,3.334765054519224,2.120272181130619
path,3.33681834971701,2.1283947670455525
path,3.338848315150586,2.1364180806873705
path,3.3407942640181347,2.1440149554326067
path,3.3426562581392476,2.1511734638380657
path,3.344605335525499,2.1580338171766065
path,3.346631243849274,2.164803783895655
path,3.348704433976479,2.171547494983402
path,3.3507556673962946,2.177832691785198
path,3.3524761562201575,2.1835123468147515
path,3.3540565041100914,2.188969305312969
path,3.3556242669429475,2.19426915240212
path,3.3575269304218125,2.200250814923793
path,3.3595938817821938,2.2066032485117195
path,3.3617331022568835,2.2127670641498
path,3.36393727167821,2.21900021585046
path,3.366502654901918,2.2255809747903146
path,3.369099195902455,2.232414346155729
path,3.3712866843632883,2.238847657145683
path,3.3731586129411095,2.244808254346247
path,3.375139418122838,2.250507517144357
path,3.377183347952461,2.2559214009847617
path,3.3792853207686395,2.2610661123722484
path,3.381027274585333,2.2657378918999074
path,3.382591712665172,2.2699908908523385
path,3.384275094282496,2.273980217758251
path,3.3860017154191517,2.2777297952406816
path,3.387713682973716,2.281391618652686
path,3.389289326766265,2.284778390206349
path,3.39072332486701,2.287886464545878
path,3.392028238939567,2.290799039442752
path,3.3932161313985576,2.293563173823235
path,3.3942980866096604,2.2962151092469094
path,3.3952787293216766,2.2987674636920192
path,3.3961731705486433,2.3012566285596443
path,3.3969897152137456,2.3036982005314157
path,3.3977335212585613,2.306103777595019
path,3.398408620316551,2.3084827493720685
path,3.399014006832975,2.3108294089450627
path,3.3995565472669775,2.3131622915782812
path,3.400038274415119,2.3154857212612967
path,3.40046058604364,2.317808024063645
path,3.400823591414046,2.320130314777103
path,3.4011188570213977,2.322415676208301
path,3.401357811533499,2.324700024703445
path,3.40154019995442,2.3269848930339148
path,3.401665915924307,2.329271458452149
path,3.4017347022472695,2.331560627910602
path,3.4019744373043914,2.3340945826159234
path,3.402116698705357,2.3367932606023625
path,3.402070771990331,2.3394694597590195
path,3.401979567154587,2.3421462377935973
path,3.4019270037659863,2.3448349582354067
path,3.4018915092942854,2.347439374942364
path,3.4018947696663138,2.350048395653044
path,3.401935497962178,2.3526691151065697
path,3.402008977388099,2.355307002257027
path,3.4017260115114922,2.358458020684101
path,3.4019223530542706,2.361391327669231
path,3.402607334605015,2.3641155786636365
path,3.403534803465907,2.366745429141501
path,3.4045507783315156,2.3693522977782937
path,3.40560585377577,2.3719634938213625
path,3.4066870106322993,2.374511831770448
path,3.40780863544284,2.3770616142398984
path,3.4089709719933343,2.3796150676611356
path,3.4101746109037974,2.3821719853172123
path,3.4114201717500583,2.384732153628571
path,3.412696634304796,2.3872369234860384
path,3.414016555725672,2.389743025681186
path,3.415380491706893,2.3922516713538307
path,3.416789198500779,2.3947626354733917
path,3.4182434668390425,2.397275684584119
path,3.4199631044393137,2.400203696821166
path,3.421805361130269,2.403418402745869
path,3.4236180091207076,2.406821707835404
path,3.425440718473639,2.4102245776185485
path,3.4272641883371127,2.4136266016749413
path,3.429077468390546,2.41698493887424
path,3.430892365534762,2.4203424586274482
path,3.432709303369246,2.423699198713181
path,3.434528713116764,2.4270551742203343
path,3.436351029269015,2.430410397969398
path,3.4381583887411393,2.433696773491753
path,3.4399692974152565,2.4369811637065077
path,3.441785372373318,2.4402648428947122
path,3.443606155569373,2.4435478085130975
path,3.4454321078306274,2.446830063921988
path,3.4472498586023175,2.450060185879103
path,3.449073060881948,2.45328944765551
path,3.4509023196749284,2.4565180837899243
path,3.452738126116076,2.459746082835811
path,3.4545809714489226,2.4629734378774804
path,3.456423888127671,2.4661724700389525
path,3.458274903579661,2.4693708270006884
path,3.460134477339469,2.4725685167523586
path,3.4620031325178657,2.4757655248476134
path,3.463872090403638,2.478982699768818
path,3.465657341121639,2.4821112655403
path,3.4674027069446742,2.4852167414004045
path,3.4691113047988025,2.4883124327745927
path,3.4707834770387214,2.4913984438237833
path,3.472419542367965,2.494474873279161
path,3.4740136246693436,2.4975173027603845
path,3.4755721768949335,2.500550323879157
path,3.477095447169853,2.5035740303732426
path,3.4785836628414466,2.50658849918543
path,3.4800369978370727,2.5095937942429387
path,3.4814448676343175,2.51255691552011
path,3.4828139349631724,2.5155098898115704
path,3.484144279596118,2.5184527777612677
path,3.4854363124122747,2.521385738430024
path,3.486690540069466,2.52430893007792
path,3.487896153253463,2.527178997766384
path,3.4890640875147607,2.5300388473818254
path,3.490194419194892,2.532889011460232
path,3.4912871365735203,2.5357295162281033
path,3.4923439314155065,2.538560819073042
path,3.493351124623757,2.5413205763579336
path,3.494328346571729,2.5441149852048546
path,3.49529369221703,2.546975471805882
path,3.496274539044084,2.549835661002948
path,3.497270860953918,2.5526955569533563
path,3.4982653047925214,2.555490800862982
path,3.499273607369703,2.5582849193326647
path,3.5002920021607626,2.5610787772152763
path,3.5013202666473684,2.5638723758125836
path,3.5023583518402948,2.5666657158050468
path,3.5033432943305445,2.569256460096464
path,3.504336745484012,2.5718124439634362
path,3.505339991139633,2.5743681973723183
path,3.5063530286962976,2.576923718692534
path,3.5073758619643454,2.5794790059097106
path,3.5083931077710835,2.5819772259684135
path,3.509420109869522,2.5844749862398015
path,3.5104569761590367,2.5869725103433665
path,3.5115037408124934,2.5894697947017766
path,3.5125602259448825,2.5919668362657666
path,3.5136131230360097,2.59441544029527
path,3.5146757409566662,2.5968639867650287
path,3.5157407471634827,2.5993087699875437
path,3.516819087733085,2.6017486038283217
path,3.5179125162236895,2.6041883614344035
path,3.5190103588799637,2.6065870329259226
path,3.520123639133598,2.6089854259664347
path,3.5212525426015038,2.6113837212584246
path,3.5223971993608307,2.61378190854221
path,3.5235577493115975,2.616179976939874
path,3.524724879063962,2.618542327689598
path,3.5259081054777273,2.6209045216746256
path,3.527107944254775,2.623266564322528
path,3.5283243462642857,2.625628440416831
path,3.5295566913389673,2.6279901239636496
path,3.531043675037749,2.6308041414585177
path,3.5326918663281734,2.6338877487608765
path,3.5342809212392843,2.637109524063653
path,3.535828458152929,2.640436053120891
path,3.537386788580224,2.643768902656066
path,3.5389474258329967,2.6470551904890613
path,3.5405228297000186,2.650340737777324
path,3.5421134465514985,2.6536259066894785
path,3.5437196387905385,2.6569106812190832
path,3.5453416985121438,2.6601950438007242
path,3.5469541201903376,2.663386068263627
path,3.5485829221629968,2.666572071901712
path,3.550228708223262,2.6697576123554914
path,3.551891871792422,2.672942671628463
path,3.5535728192782408,2.676127229042706
path,3.5552532695991577,2.6792420200094043
path,3.556952115542764,2.682354840858503
path,3.5586700820426227,2.685467078738028
path,3.560407635937871,2.688578716281007
path,3.562165271312461,2.6916897087572247
path,3.5638789745988255,2.6945895655603005
path,3.5656086422785784,2.6974404830380556
path,3.5673600244659736,2.700290661357638
path,3.5691336938061218,2.703140058671445
path,3.570929876798835,2.7059916398536075
path,3.57268738277541,2.708896499910841
path,3.574402800752271,2.711815195292121
path,3.5760914160491013,2.7147261697567373
path,3.5777536649579136,2.7176295564299267
path,3.57938991211984,2.720525469963177
path,3.5809985833157234,2.7234060815671213
path,3.5825820454386355,2.7262794619829807
path,3.5841406521084114,2.7291457261846404
path,3.5856747404699614,2.7320049808888953
path,3.5871846304538226,2.734857328080079
path,3.5886639083789422,2.7376765743151594
path,3.5901201587809326,2.7404891606817685
path,3.5915541638348327,2.7432954175407693
path,3.5929667358487514,2.7460955793946065
path,3.594358554747311,2.7488898444417793
path,3.595723285951302,2.7516523993517117
path,3.5970651448381186,2.754408455204023
path,3.5983839680468126,2.757158029378298
path,3.5996800628325882,2.75990121989959
path,3.6009535702883775,2.7626380787543927
path,3.602376012828764,2.7656925589316166
path,3.6039555192282013,2.7689322225386537
path,3.6054548892009954,2.7723092398612743
path,3.6068598581210947,2.775811084568378
path,3.6082230393625983,2.77935617298307
path,3.6095616450675694,2.782851048457965
path,3.610887321992968,2.7863408548229325
path,3.612200229343752,2.789827196361967
path,3.6135002891161063,2.793310067120783
path,3.6148030426423694,2.7968266873938936
path,3.6160728584318664,2.8003433256836385
path,3.6173776797961974,2.8038550094897885
path,3.618717561057761,2.8073654770867726
path,3.620092271077548,2.8108748026877497
path,3.621501240258137,2.8143830470741444
path,3.6229147869553766,2.817788532541916
path,3.624362629891912,2.8211871370417514
path,3.625843258915364,2.824584774794106
path,3.627352857107305,2.8279815047678944
path,3.6288908543758955,2.8313773372205873
path,3.6304411878328358,2.8347050436477486
path,3.6320220362295723,2.8380305986292784
path,3.6336337521739472,2.8413551913127604
path,3.6352766230556517,2.844678793559647
path,3.636951063106642,2.8480013698126547
path,3.6388779175083954,2.8517997153271057
path,3.6410239550180608,2.855948758707642
path,3.643113952281976,2.8602854208355772
path,3.6452106575559355,2.8646728741752767
path,3.6473404484827445,2.869058957240137
path,3.649721809504647,2.87392260747956
path,3.6523277390626907,2.879141904781623
path,3.6548797730719915,2.884549956317617
path,3.657441168321459,2.8900066334919496
path,3.6600374146480723,2.8954614789553355
path,3.6626262800646887,2.900772170377792
path,3.665250636414807,2.9060662031550213
path,3.667911570373922,2.911358220858362
path,3.6706097040718206,2.916648143728079
path,3.6733457040006128,2.9219358643282454
path,3.676078842057297,2.9270838544906477
path,3.67885074997031,2.9322163720376997
path,3.681664941337562,2.937346326412946
path,3.6845172466838423,2.9424783018369625
path,3.687397537462936,2.9476228304584744
path,3.690263504073424,2.9526734614517456
path,3.6930668363872234,2.957784322171132
path,3.6957418130503585,2.962887065516405
path,3.6984060297831634,2.967985380175794
path,3.7010604482665967,2.9730794598012777
path,3.7035836584884807,2.9777970155259212
path,3.706046660315083,2.9822533925807795
path,3.7084912255865623,2.986577250034767
path,3.7109185852442654,2.9908061813345
path,3.71333971536175,2.9950268992740225
path,3.715752046956707,2.9992282067818343
path,3.7181602668279305,3.0034268345598107
path,3.720565179716138,3.00762303423865
path,3.722967592256963,3.011817047344881
path,3.72533781579221,3.0160695296342195
path,3.727631299388565,3.020174070801053
path,3.7295677742714997,3.024185869173679
path,3.73129577060761,3.0282221669724296
path,3.7329238229994086,3.032278114702976
path,3.7345596251174142,3.036320594813748
path,3.7362332147579873,3.040365728843549
path,3.7379181315645833,3.0444099834807132
path,3.739614269462412,3.048453522974159
path,3.741321780678404,3.052495988105682
path,3.743040691484216,3.056537338075762
path,3.744734876036192,3.0605461805874787
path,3.746439920858496,3.0645523769651355
path,3.748156031194766,3.06855780891786
path,3.7498831454485817,3.0725626571918774
path,3.751621242613553,3.076567152149228
path,3.7535294110450392,3.0808780431929095
path,3.755681878475311,3.0852800314997073
path,3.75793273690429,3.089711737585292
path,3.7601825323656315,3.0941395126427964
path,3.7623826177535546,3.098545791758963
path,3.7647502812126374,3.10341348240302
path,3.767383738633412,3.108501999993702
path,3.7702510241868716,3.1135899620713894
path,3.773346809977866,3.118711046145352
path,3.7764791061649268,3.123843087077688
path,3.779818933208658,3.1294818747123787
path,3.7834281771598395,3.1353175905602
path,3.787254687463325,3.1411566209648694
path,3.7910893341800245,3.147020671822636
path,3.794883962407806,3.1529248016578024
path,3.798716759588997,3.159005271777467
path,3.8025414435541838,3.1650817555551494
path,3.8063452510472606,3.1711116995197988
path,3.810135584408508,3.177126973510447
path,3.8138898333503737,3.1831634511252433
path,3.8176810475720835,3.189363173671796
path,3.821460177565098,3.1955451949645184
path,3.8252141225483207,3.2016673796539505
path,3.8289348749069054,3.207781420702982
path,3.832604152407895,3.2139220141427645
path,3.836311975635749,3.2202274932966626
path,3.8400069174118596,3.2265125944875845
path,3.8436717507198668,3.2327229192001186
path,3.8472937575922064,3.23891498230027
path,3.8508571446691118,3.2451317158516435
path,3.8544775588148865,3.2515517762793045
path,3.8580930428748816,3.2579679524697367
path,3.861713227950625,3.264379724034496
path,3.865334062053607,3.270777199778726
path,3.868672573844462,3.2775185458612626
path,3.870981297241917,3.285648604028143
path,3.8732605378426417,3.294056503474009
path,3.8758562612691834,3.3023914755082164
path,3.878720603683987,3.3106861359564737
path,3.8818545555877964,3.318942733256046
path,3.885252673596243,3.3271691405975923
path,3.8889073163731305,3.33536526681651
path,3.892719517383047,3.3435826056978484
path,3.8965593037914763,3.3521549132685955
path,3.900368869641443,3.3610385503251528
path,3.9043147815317085,3.3701006764956465
path,3.908357578341216,3.3793677094677284
path,3.9125226104499666,3.3888173556542953
path,3.916791409592612,3.3984296150090816
path,3.9211137075950417,3.408189692644726
path,3.925417020883952,3.4180568431605267
path,3.9296846757776827,3.42803221717547
path,3.9339294018352158,3.438115884162105
path,3.9381456600959632,3.4483180876525283
path,3.9423254670887755,3.45862731376597
path,3.9463866742213733,3.4689855842036477
path,3.9503497188548677,3.479366449142094
path,3.9541879491631655,3.4897547747009634
path,3.9579336236405482,3.5001699530827564
path,3.961592282093353,3.5106155722070387
path,3.9652576304896407,3.521183508031252
path,3.9688501601357435,3.531959986292372
path,3.9722420547993353,3.542756798057439
path,3.975466439649424,3.553524632046766
path,3.9785700667338837,3.56423903551646
path,3.9821322446446463,3.5747475302955545
path,3.985700277252403,3.585041490538612
path,3.9892637790873864,3.5950981738507632
path,3.992828498837321,3.6049203697306367
path,3.996396180116015,3.6145091946802674
path,4.000208263968035,3.624206851835459
path,4.004062002604391,3.6336963892864156
path,4.007918994163793,3.6431161075734892
path,4.011672138907781,3.6525611321498683
path,4.015362194287485,3.6620805704806254
path,4.019090617562524,3.6718119654465955
path,4.022725663742117,3.681771447545419
path,4.0262283080056624,3.6919507404444643
path,4.02960783229922,3.7023514915674594
path,4.032865665092598,3.712973733215492
path,4.035199650301861,3.7244214219930454
path,4.037783677624123,3.736018738384671
path,4.040510633506204,3.7476268603224723
path,4.043352226645513,3.759097933133897
path,4.046508701865749,3.770383611437319
path,4.049757328793187,3.7816956563218596
path,4.0530478204543465,3.793005576332107
path,4.056490791912767,3.80429794556508
path,4.060252442802834,3.815584359751889
path,4.064245971914388,3.8269169989694887
path,4.0683233678935595,3.8383675948138833
path,4.072412997605665,3.8498321821838766
path,4.076541002651475,3.8613574278943132
path,4.080661212319573,3.873043686337935
path,4.0847890692221815,3.8848428628814466
path,4.088966398825797,3.8966529511240364
path,4.093189264151002,3.9084702992816855
path,4.0974820921243085,3.9202821186216488
path,4.101841406353692,3.932081769905375
path,4.10543872386305,3.943803822126649
path,4.107309770883682,3.95492872347222
path,4.108723951850423,3.9651972078428215
path,4.110236931410448,3.975187403420178
path,4.111814199086368,3.985151269557554
path,4.113443456838896,3.9950936403974673
path,4.114972313757519,4.0045633441792186
path,4.116606121996518,4.0138211829803625
path,4.118060786735618,4.023149672483084
path,4.1194958589037025,4.03248460790243
path,4.12093597928312,4.041813327261302
path,4.122157470065487,4.050593908321385
path,4.12347967257385,4.058709106441835
path,4.12477241953249,4.0666273728863525
path,4.126022305624561,4.074536911447632
path,4.127273551203977,4.0824414238007565
path,4.128463516127014,4.089856371469024
path,4.129753525045597,4.096841413265267
path,4.130925095666214,4.103705630479452
path,4.132038273598263,4.110515382888892
path,4.133151478081998,4.117320387043054
path,4.134155835705145,4.124687055311528
path,4.135103819639737,4.133062259624728
path,4.136272475776493,4.142167918317233
path,4.137343395849019,4.151347678516586
path,4.1383581437828445,4.160486760537311
path,4.139369313917581,4.170222126549165
path,4.1406112651687215,4.180888435652271
path,4.141834997955209,4.191811103110849
path,4.14276743548456,4.202661398539699
path,4.143525940478895,4.213383084802539
path,4.144914895849892,4.22436970531005
path,4.146431399365182,4.235473579419087
path,4.147691532666087,4.246448974639805
path,4.148554705310201,4.257209408960958
path,4.14916921996646,4.267725103067976
path,4.1504302913537625,4.278462517796416
path,4.152250635763899,4.289676657856797
path,4.154041357333139,4.300908168650291
path,4.155716518756073,4.312116263198993
path,4.157340329513107,4.323237893875378
path,4.159009913060834,4.333664687011599
path,4.160678476839957,4.343621099373452
path,4.162260415172154,4.353470953906553
path,4.163779737318592,4.363233867813659
path,4.165251254653884,4.372922256768776
path,4.16665309288728,4.381975148190238
path,4.167860503899726,4.390322039644444
path,4.168804650420044,4.398351055268841
path,4.169518408986907,4.406062815832001
path,4.170028149591035,4.413475364853628
path,4.170797910609836,4.421387955040212
path,4.171928492162021,4.430214659115832
path,4.173210664954189,4.439602246204219
path,4.174276142160729,4.448896293813459
path,4.175146892249498,4.457989075680204
path,4.176451687667051,4.467606952228539
path,4.17809864734582,4.477836666050593
path,4.179655007183102,4.487975874634209
path,4.181027859876407,4.4977901815950325
path,4.182312034005011,4.507414856208378
path,4.1836562946686096,4.517164527080648
path,4.185084694316553,4.527072639451048
path,4.186568984366884,4.537499118416683
path,4.188197934267233,4.548198231709804
path,4.189993070815372,4.558991118877663
path,4.191856140704033,4.569851350138324
path,4.193768619403846,4.580805558726098
path,4.195712406994477,4.591828209713101
path,4.197675484038199,4.6029021145517515
path,4.199650133640598,4.614015939086702
path,4.201507455565538,4.625151620267215
path,4.203151076641639,4.635945720050012
path,4.204595748948162,4.646405844624441
path,4.205935307562039,4.656670361854857
path,4.20723983692878,4.6669707243618355
path,4.2089045723516945,4.677703701598067
path,4.210735976499104,4.68849066183804
path,4.212605314915995,4.699217496883521
path,4.214508578449827,4.709914530250186
path,4.2164458143894405,4.72056966641436
path,4.218671780282682,4.731028533709705
path,4.221127609486987,4.741532343819839
path,4.223684168837069,4.752197459562106
path,4.226318423878117,4.763084907952318
path,4.229070335894374,4.774169997522395
path,4.23180698799537,4.785166090504396
path,4.234426949518568,4.795961496393631
path,4.236966109046616,4.8067005274125085
path,4.2394448218631755,4.817343887307176
path,4.241975783723575,4.827998798828094
path,4.244512800538421,4.838615594564507
path,4.247015518403803,4.849061443153119
path,4.249476945517075,4.859354771663267
path,4.251846098181974,4.869541863359549
path,4.254123554273869,4.879622999066991
path,4.256727738826648,4.8900396050873995
path,4.259567790948326,4.900738737831167
path,4.2624698710234465,4.911518856534707
path,4.265396639500373,4.922352514662482
path,4.268458237584534,4.93311884993092
path,4.271499725118739,4.943869296228083
path,4.274640572164822,4.954681924426066
path,4.2781357644725935,4.965800984402796
path,4.2817959205786815,4.977092505415231
path,4.285583806046605,4.98853137090914
path,4.289225857467735,4.999925956121633
path,4.292703628331557,5.01109163736525
path,4.2962604285151755,5.022268885588519
path,4.29997102177852,5.033601879895899
path,4.303910545755721,5.045078291666107
path,4.3078424611399315,5.056575884359821
path,4.3112728681193255,5.0678585681102355
path,4.314107812914418,5.078833151629316
path,4.316746696986708,5.08967137151434
path,4.319422403170511,5.1004896000070605
path,4.322060345628627,5.111224031922949
path,4.324776469448179,5.121971495979079
path,4.327586046325913,5.132737836531347
path,4.3304729035801595,5.1435081028267176
path,4.3334311368719005,5.1542756049368785
path,4.336336856582731,5.164937445117179
path,4.339429969741227,5.175693265847247
path,4.342701630520231,5.186522939367839
path,4.34620622294995,5.197433791154938
path,4.349988010772886,5.208423278289664
path,4.353802585233456,5.219231961648868
path,4.35750149922936,5.229946634045036
path,4.3614648292275415,5.240735321703361
path,4.365704338135265,5.251596444167847
path,4.370186858510563,5.262495044151082
path,4.37486314137187,5.273393689269621
path,4.379770532301168,5.284305291191866
path,4.384830912798049,5.295242497887603
path,4.389641276870356,5.306417230060863
path,4.394357914905832,5.3176680299651204
path,4.399041306758821,5.328894826437988
path,4.403242906477676,5.3401816717921395
path,4.407283188875435,5.3512829958135555
path,4.411349070719051,5.362323237091227
path,4.415457047176418,5.373324358975481
path,4.419667654602872,5.384315750269658
path,4.424205303228036,5.39526247602698
path,4.4288285122973665,5.40616625210862
path,4.433467462447098,5.417083212836802
path,4.4381155374749275,5.428010075493761
path,4.442919701539111,5.4383170089966635
path,4.4480446564522005,5.448000411317314
path,4.4532115111596005,5.4575024528692095
path,4.458037089266001,5.467115610810638
path,4.462654917322843,5.47669515521404
path,4.467064841047857,5.486201663985713
path,4.471428793227477,5.495663414438042
path,4.475802213416495,5.505146585708913
path,4.480182076703487,5.51464248817922
path,4.484566501961003,5.5241457715587545
path,4.4889329218873275,5.533581018584147
path,4.493348321230058,5.543039096567997
path,4.497876638741557,5.552610358901829
path,4.5023541519015815,5.5624950573245195
path,4.506747331551003,5.572412057761109
path,4.511030666103177,5.582249176930069
path,4.51522616881348,5.592054660966115
path,4.5193393915300115,5.601857213397012
path,4.523445631674948,5.611662460123097
path,4.527551342568687,5.62146716879025
path,4.531652228817049,5.63116904140263
path,4.535742574329434,5.640761331372552
path,4.539843011341503,5.650238323576848
path,4.543966089613651,5.659585625329945
path,4.5480921838026,5.668829754130158
path,4.552263551784154,5.677778197628899
path,4.556409855862567,5.686397304547017
path,4.560522754866393,5.694907583072547
path,4.564583580506687,5.7033319592916945
path,4.568591254334791,5.7116736949296305
path,4.572712640941297,5.720253625724895
path,4.576943512398512,5.7289958282906435
path,4.581198415245065,5.737739796153945
path,4.585660053016656,5.746707814600755
path,4.5902494601276445,5.755214548968945
path,4.59500603698439,5.763710833971911
path,4.599667390498747,5.772192598098849
path,4.604005254123316,5.780900906019645
path,4.608046203979939,5.790314385458591
path,4.611982960305252,5.800152440707848
path,4.61579361911475,5.810101583566541
path,4.619612327148797,5.820111133550502
path,4.623453022004588,5.8301918784463105
path,4.627320042049384,5.840338186893508
path,4.631213339168562,5.85054583429537
path,4.6350034232338855,5.860373947273989
path,4.638900435778248,5.869870855844813
path,4.642811553420926,5.879347098351957
path,4.646743374914965,5.888810338670145
path,4.650701526291644,5.8982603178919115
path,4.654329943031873,5.907113648638323
path,4.657396850210945,5.9148775510803615
path,4.66020083776877,5.921753953158477
path,4.663200592662958,5.928040647038587
path,4.666277302412113,5.934244044615667
path,4.6692777057102495,5.940630369229541
path,4.672343701623007,5.947049783456982
path,4.675457275680293,5.953523785948816
path,4.678636226126314,5.960026671419946
path,4.681879721157518,5.966557338023156
path,4.684929822039137,5.972643996489653
path,4.687865245996011,5.97841697975925
path,4.690854076623233,5.984206342127077
path,4.693903086795507,5.990020663806655
path,4.696985095272843,5.995840745227261
path,4.699832161113854,6.0010188620698015
path,4.702610400030283,6.005395149321493
path,4.705399544366108,6.009458567206651
path,4.708138488654444,6.0133341342309174
path,4.710839993305185,6.017053192674456
path,4.713514752022138,6.020621476551464
path,4.716160367830182,6.0240548238886085
path,4.71877675384207,6.027348252327842
path,4.721362902545683,6.0305141157997415
path,4.723896907622081,6.033587876167171
path,4.726270290887525,6.037182852935621
path,4.728531513331658,6.0409128436980355
path,4.730706929594187,6.044620190235181
path,4.732803549515519,6.048299621063841
path,4.7349337381592385,6.052035384373703
path,4.737035657028981,6.05577607092101
path,4.73912188142837,6.059517068861214
path,4.741168120786823,6.06331480209675
path,4.743261918425299,6.067160990833704
path,4.745428132673494,6.071078997372851
path,4.747654071327844,6.074960135671042
path,4.7498343504743055,6.078852700751104
path,4.75198229058832,6.0827614310453315
path,4.7541720030156345,6.086718635962101
path,4.756407255443319,6.090739364054984
path,4.758741858219989,6.094737076728272
path,4.761176291234722,6.098694031746998
path,4.763671914264386,6.102658363094922
path,4.766152896781048,6.106589319269302
path,4.768551218251913,6.110465769032716
path,4.770786304733655,6.114122548051749
path,4.772966090359251,6.11767325067594
path,4.7750676514446315,6.121185628544656
path,4.777108896318658,6.124672158686226
path,4.77916637105406,6.128179871686863
path,4.7808354318690105,6.131369962180437
path,4.7822802208070385,6.134087528719628
path,4.78374483546352,6.13664011829441
path,4.785158035727989,6.139166783844785
path,4.786557227015898,6.14167902868632
path,4.787945620055664,6.144095818302403
path,4.7892862045878255,6.146471191542417
path,4.790617812690328,6.148839829362646
path,4.7919538027523965,6.1512085960995835
path,4.793293261972257,6.153580069153388
path,4.794624488404061,6.155892103290057
path,4.795923549985701,6.158184573798943
path,4.797222007448769,6.16047947520631
path,4.7985227741764,6.162779341172502
path,4.799825544524212,6.165084976349896
path,4.801116083819744,6.167317340172979
path,4.80237302268029,6.16953934346014
path,4.803626165426985,6.17176737530202
path,4.804884868306622,6.173999295493023
path,4.806147767031125,6.176231117726767
path,4.80740254284279,6.178380395856108
path,4.808628603193114,6.180518217762293
path,4.80984744042838,6.1826523619196765
path,4.811064700877871,6.1847839975034296
path,4.812284901704723,6.186915466276254
path,4.813578435642199,6.189181573447771
path,4.814882277135116,6.191453055411897
path,4.816189896433528,6.193724462851429
path,4.817498842121449,6.195994137145668
path,4.818811030936479,6.198263589205227
path,4.819799553334417,6.200020596522198
path,4.82019176739886,6.2008456935931475
path,4.820100844577632,6.20091023833108
path,4.819824849883039,6.200660560343034
path,4.819521248641226,6.200276285851501
path,4.8193908736789535,6.200125677763146
path,4.819245063442421,6.199948508255257
path,4.818947936430988,6.199511468943263
path,4.818580601557892,6.198916457444853
path,4.81815582321559,6.198219201365592
path,4.81803440313669,6.1979530844084225
path,4.817900380321748,6.197640137492442
path,4.817667821751975,6.197142774224523
path,4.817367176545327,6.196522034659797
path,4.817008528649725,6.195798744442345
path,4.8166117880079895,6.195011555671056
path,4.816161000312791,6.194130144405036
path,4.815670476294333,6.193180875430062
path,4.815150382888063,6.1921796555070046
path,4.81459781631362,6.191129784102609
path,4.8140307751278,6.190061741455432
path,4.813426782268543,6.188932165369328
path,4.812800303054451,6.1877661374597
path,4.812154092934545,6.186569950539148
path,4.811487696899456,6.185346727993972
path,4.810818928439759,6.184122660705906
path,4.810120408032614,6.18284864683197
path,4.809405786289265,6.181549133293979
path,4.808676808935851,6.180227930191779
path,4.807934047663274,6.178885777161475
path,4.807771802596922,6.178475558053611
path,4.808331317512122,6.179167232149441
path,4.808870045714113,6.180315360420219
path,4.80913731296931,6.181236519231662
path,4.80922812117705,6.181835557036462
path,4.809871907403875,6.183287366693879
path,4.810661939434404,6.185124361447091
path,4.811267140760451,6.186637537227639
path,4.811696920977924,6.187819172218319
path,4.811945574750953,6.18867794057707
path,4.812748347940246,6.1903264403968885
path,4.813574231332643,6.1922657274394535
path,4.814184041173764,6.193856013744016
path,4.814608827298689,6.195111892921043
path,4.814848641344767,6.19604948070036
path,4.814916272250394,6.1967179404604655
path,4.814803341148079,6.197228932162256
path,4.814517740584893,6.197500245291968
path,4.8141389099499206,6.19765727705032
path,4.813688195613379,6.197737563185782
path,4.813181685490046,6.197768578396913
path,4.812601772386757,6.19772008787377
path,4.8119638781505465,6.1976212708983685
path,4.811275893833492,6.197486128327801
path,4.810540730869864,6.197320182771256
path,4.80978488085365,6.197178670396235
path,4.809082427361155,6.197162015903872
path,4.808227648147993,6.196926503148108
path,4.807328219185502,6.196666927840172
path,4.806392374831699,6.196397459550802
path,4.805474188400698,6.196187706667573
path,4.80480388708537,6.196130404108486
path,4.804025147273541,6.1959467504178045
path,4.803264701447351,6.195670731794353
path,4.802522603373174,6.195300760998771
path,4.801853862345365,6.194912763937466
path,4.801344549436879,6.194660109595499
path,4.800680903447949,6.19414675797643
path,4.80078540321526,6.1944124315774065
path,4.801582531668525,6.195598394200765
path,4.8029574804689155,6.197288139432235
path,4.804385059072567,6.198882456942407
path,4.805708023789474,6.200324692783445
path,4.806968949256663,6.202707799171334
path,4.8081431124175085,6.206056508754432
path,4.809238786495496,6.209661587468209
path,4.810213631612572,6.2131902981161335
path,4.811070314343257,6.216770661199712
path,4.811799507176367,6.220323185113612
path,4.812401553316512,6.223845598641101
path,4.81286782932775,6.227262812904524
path,4.813214076325372,6.230629093596203
path,4.813427948069405,6.234013461580803
path,4.813515952077744,6.237356590665126
path,4.813484215948435,6.240654427131348
path,4.813326518511883,6.243888528736687
path,4.813104736694794,6.247035466499068
path,4.812690119441905,6.250201131379871
path,4.812151584647995,6.253310980843623
path,4.811491152383825,6.256364782575253
path,4.810869662915034,6.2592483913781125
path,4.810359610968,6.2619138973214135
path,4.809955877468916,6.264414343103494
path,4.809651883146859,6.266774732004217
path,4.809439315959491,6.269023249636783
path,4.809320312031493,6.271223743893265
path,4.809273358275503,6.273332016677824
path,4.809307774240691,6.275384722115334
path,4.809453602931384,6.277520171743848
path,4.809679882045381,6.2797409762842396
path,4.809998012889228,6.282015991577967
path,4.810368923120606,6.28428459364813
path,4.810735082829291,6.286539817348956
path,4.811087934693397,6.288720462966296
path,4.811423231293509,6.290884866495988
path,4.81173289563018,6.2929934497979065
path,4.812036281325069,6.295094441371954
path,4.8123155530499995,6.2971526072619985
path,4.812599808119889,6.2992135555510975
path,4.812861477193894,6.301239063554154
path,4.813127555844141,6.303256926782443
path,4.813394465446954,6.305282677834667
path,4.813661675720566,6.307307697299758
path,4.813930819022144,6.309326869667847
path,4.814200284442346,6.311341573007766
path,4.81446699233019,6.313360927943493
path,4.8147337204395,6.315380806052501
path,4.815001102370754,6.317397394525074
path,4.815266232162025,6.319404735541582
path,4.815530236418903,6.321425212772554
path,4.815791700732977,6.323442183928939
path,4.816052393765136,6.325456939366568
path,4.816315798037202,6.327469279254948
path,4.81657179169393,6.3294861284476545
path,4.816828638916838,6.331507621312165
path,4.817085118393797,6.3335230469302335
path,4.8173381255715775,6.335536572835057
path,4.817590500079186,6.3375469954166705
path,4.817837367761028,6.3395604353693695
path,4.81808323929916,6.341577202533158
path,4.818327242429246,6.343592709749341
path,4.8185705306958315,6.3456008127963495
path,4.818810384750338,6.347616916619361
path,4.819049016364523,6.349636015421724
path,4.819288228398931,6.351650761819435
path,4.819521813220178,6.353665401119164
path,4.819754282751384,6.355684093273373
path,4.819985786894593,6.357701794914646
path,4.820215972253102,6.3597213459371895
path,4.820443183741813,6.361734474163572
path,4.820668467383086,6.363755213309839
path,4.820893230853526,6.365772501265708
path,4.8211151445947475,6.36779258919175
path,4.821333544269045,6.369810230604341
path,4.821550448176055,6.371834142281229
path,4.82176839103721,6.37384840177841
path,4.821983359748277,6.375866829831994
path,4.822194682613976,6.377883291100534
path,4.822404208130735,6.379903532719412
path,4.822612475825824,6.381923161228053
path,4.822818764077056,6.383935994555882
path,4.823022410980112,6.385955771085306
path,4.823223944966968,6.387976482860441
path,4.823425637330542,6.390000614111182
path,4.823623957898377,6.392014423981649
path,4.8238204998437615,6.394037217544728
path,4.824015844331472,6.396060183973207
path,4.824209452309523,6.398088009212995
path,4.8244007347748346,6.400106245843138
path,4.824590054179692,6.402131979959061
path,4.824777649774224,6.4041579210865685
path,4.824962366898459,6.406186771823296
path,4.825146384375338,6.408214170070464
path,4.825328592178591,6.410234130531347
path,4.825587644332588,6.412221084829371
path,4.825904027381919,6.414186050372508
path,4.826264435870334,6.416153853651804
path,4.826738053011451,6.41823334720661
path,4.827280663964729,6.420379239609925
path,4.827902447357285,6.4225975767676475
path,4.828606880057011,6.424881875314491
path,4.829380748064552,6.427216662178554
path,4.830239505911214,6.429631122618379
path,4.831169332701876,6.432094399554359
path,4.832323267809637,6.434853550787639
path,4.833611855431633,6.437541347237867
path,4.8349013269730445,6.4402149142782745
path,4.836191723531851,6.442887172257657
path,4.837478662537721,6.445560183933071
path,4.83876420300999,6.448232353267327
path,4.84002019906663,6.450850997781576
path,4.841276895141327,6.453462552335391
path,4.842530195264836,6.45607486753578
path,4.84378229434355,6.458686867840758
path,4.845035499222088,6.4613005218535156
path,4.846262228050042,6.463911500178819
path,4.8474939215207415,6.466572959556432
path,4.848733057846473,6.469284279978547
path,4.849981894995233,6.472040329982873
path,4.851242336462106,6.474836393610355
path,4.852486885601473,6.477608428168109
path,4.853745173021703,6.480404909576314
path,4.855025826593184,6.483211794910577
path,4.856323461129489,6.4860093107106715
path,4.857614003261514,6.48872203209186
path,4.858851367401404,6.491339268439356
path,4.860076535850789,6.493953650197325
path,4.861300425182399,6.496569516823704
path,4.862522519670503,6.499186537040411
path,4.863742841354759,6.5018047249307855
path,4.864942878649777,6.504357540048154
path,4.866126608900905,6.506907087656632
path,4.8673088983450805,6.509457895197294
path,4.86842652716122,6.5119624127118865
path,4.869363605392334,6.51430558648826
path,4.8702945367643595,6.516604120627834
path,4.871250429371781,6.518868206308062
path,4.872234620948634,6.521082081008348
path,4.873228582056081,6.523300219268333
path,4.874229781578941,6.525539706246816
path,4.875681850517869,6.528285540098429
path,4.877632240102501,6.53185387395134
path,4.879484821103673,6.535949704687309
path,4.881316418742975,6.540204332182181
path,4.883161601219609,6.544552621309703
path,4.884956440325007,6.54888342151968
path,4.886782801045386,6.553249123994165
path,4.888653823866722,6.557606424137915
path,4.890552759788627,6.561945510507199
path,4.892498880184755,6.566304109397758
path,4.89440347201921,6.570372694744074
path,4.89628421906205,6.574406859875813
path,4.898173254453993,6.5784552487492896
path,4.900151169242437,6.582501056049948
path,4.902206800855989,6.586557477555265
path,4.904198891087224,6.5903973831487805
path,4.906190092672056,6.594213422547508
path,4.9081913748711,6.5980253355028085
path,4.91020565092918,6.6018375580189845
path,4.912212185442898,6.605650949024844
path,4.9141645556669795,6.609374002483977
path,4.916109942477161,6.613094377778212
path,4.918048366552351,6.616817380841463
path,4.9199605718063815,6.620530200676664
path,4.921885622172284,6.624261746162196
path,4.923709002299779,6.627801642738344
path,4.925527609486683,6.63133366542939
path,4.927341651536896,6.634869107890852
path,4.92915139039941,6.638406593235275
path,4.930957103499388,6.641946792584279
path,4.932653546551948,6.645294190031187
path,4.93434534091849,6.648633708705745
path,4.936031433643798,6.651973939372079
path,4.937716276136721,6.655318526480985
path,4.939396322593524,6.658665441474428
path,4.940999973973128,6.661878802515572
path,4.942601270688558,6.66508759808968
path,4.944199730396755,6.668298818064855
path,4.945794249548573,6.671512172062103
path,4.947383023048958,6.674726796653645
path,4.948922497610311,6.677847139687194
path,4.950455563191211,6.680967015645506
path,4.951987451649088,6.6840897641841615
path,4.953514803761261,6.687213985355819
path,4.955035981287566,6.690338845152024
path,4.956492193840951,6.693340699851147
path,4.957943163815403,6.696338052239901
path,4.959393666496288,6.699338864427779
path,4.960840330179549,6.702341765306868
path,4.962284536943033,6.705346345973454
path,4.963679231599738,6.708257675944028
path,4.965071287963306,6.711169471378768
path,4.966456888598536,6.714080596710152
path,4.967841899993522,6.716995738360162
path,4.969223475737127,6.7199120680640805
path,4.970570446815673,6.722757200710602
path,4.971912901811569,6.725607449359225
path,4.973257836347282,6.72845922989148
path,4.974594309565842,6.73128814742188
path,4.975927556480934,6.734114688870219
path,4.977219972506813,6.736838022678242
path,4.978497297034046,6.7395593848603985
path,4.979771846686897,6.7422820851612
path,4.981044156701089,6.745005917235179
path,4.982313219250589,6.74773129811535
path,4.983965643806485,6.750943390570252
path,4.985829300197595,6.75487665072611
path,4.987696836477218,6.758926741618203
path,4.989558016083067,6.762980044220906
path,4.991414785927023,6.767036597120228
path,4.993578402397781,6.771556774180942
path,4.995841909722266,6.776550577280704
path,4.998104573855525,6.7815472815523625
path,5.000351037068273,6.786593654837961
path,5.002592973368852,6.791604445197282
path,5.0047781721812035,6.796305651138225
path,5.006838243086313,6.800939212436865
path,5.008892949163655,6.805575317150928
path,5.010940354358994,6.810214846752174
path,5.012981762855207,6.814857137081001
path,5.014956168462472,6.819157801589397
path,5.016774522340737,6.823332897712163
path,5.018581419349314,6.827483647319832
path,5.02038276839581,6.831636834609025
path,5.022178731441896,6.835792330704792
path,5.023904754902132,6.839758744834133
path,5.025598264681162,6.843702267177455
path,5.027288590430347,6.847646741377197
path,5.028973271649993,6.851593386906587
path,5.030651814998507,6.8555423500212695
path,5.032267260257869,6.859308508644124
path,5.033854714641026,6.863067223858174
path,5.035439892389136,6.866826630329846
path,5.037016025604389,6.870589390685206
path,5.03858914379225,6.874352546395101
path,5.040036956442254,6.877910410805704
path,5.040669342647545,6.881203015925638
path,5.041295021698519,6.884317162901992
path,5.042026785061176,6.88728519645659
path,5.042811474566906,6.890171996310368
path,5.043550725969005,6.892971075888467
path,5.044293548334235,6.895740733469003
path,5.04503315157517,6.898508816010929
path,5.0457703342773605,6.901279062127925
path,5.0465031876053,6.904050433972802
path,5.047220323141601,6.906780014189349
path,5.04793801296785,6.909502371154989
path,5.0486518914954965,6.912225620704632
path,5.049365629655865,6.914949317555902
path,5.050075533160201,6.9176738848022294
path,5.050836201664412,6.9205918508349695
path,5.05159453315908,6.923519991636338
path,5.052350528249808,6.926448664081331
path,5.053104178512958,6.929377860181158
path,5.053855476506214,6.932307576484208
path,5.0545888661944005,6.93520025908986
path,5.055324515035058,6.9380885075340295
path,5.056056010019577,6.940977563617899
path,5.056787037392492,6.943867055245589
path,5.05751389882941,6.946757347837272
path,5.058224028961476,6.949602689986576
path,5.058933120227287,6.952441460597174
path,5.059639945924583,6.955280660922974
path,5.06034452919707,6.958119938639793
path,5.061046046351562,6.960960029099775
path,5.0617336524353025,6.963757806389737
path,5.062416456924792,6.966548989125281
path,5.063097886127958,6.969341441643301
path,5.063778968311333,6.972134226731932
path,5.064457865547135,6.974926996113686
path,5.065119771932177,6.977678851091831
path,5.065781164877692,6.980426849696886
path,5.066442296535461,6.983174497898933
path,5.067099423977435,6.985923110004703
path,5.067754426902038,6.988671699789747
path,5.068559148767289,6.992044611958573
path,5.069462974647091,6.995877356345829
path,5.070365386707346,6.999712186126775
path,5.0712636317457225,7.0035476205141025
path,5.072155777148632,7.007383982073961
path,5.073192811955903,7.011853550852676
path,5.074484801886906,7.017377058192577
path,5.075867702644479,7.023431594159935
path,5.077231925463539,7.029490686862798
path,5.078542098230059,7.03560901552461
path,5.080053654815855,7.0423390427681785
path,5.081741567362645,7.050021921023251
path,5.0835638777007,7.05800551302898
path,5.085563140927882,7.065976513844925
path,5.087608919628755,7.074129764219049
path,5.089538775918359,7.082350907051077
path,5.091483657423548,7.090451801258511
path,5.093513022400636,7.098500333698798
path,5.095667478285804,7.1064874005036955
path,5.097900668273431,7.114418288776986
path,5.0999969226482,7.122184137150637
path,5.101946819593717,7.129744792037192
path,5.103847643184965,7.137130141518615
path,5.1058064297191255,7.144415299069586
path,5.107763698055325,7.151688962882423
path,5.1093643726128875,7.15857522232385
path,5.110623820766817,7.165209219109143
path,5.1118477042051795,7.171679858696899
path,5.1131580214455825,7.17803643102659
path,5.114552047467582,7.1842819222393395
path,5.11572680046132,7.19030762031734
path,5.116782362437187,7.196145043786967
path,5.117916371401074,7.201871795541605
path,5.119131734668496,7.207491875253898
path,5.120364560395936,7.213082559139619
path,5.121495483517631,7.21855639296435
path,5.122656240868904,7.223941805959081
path,5.12381439663776,7.229323814038295
path,5.124916878020601,7.234790240573627
path,5.126132774656782,7.24033461907779
path,5.12730770552083,7.245849646475746
path,5.12846344850044,7.251426359405047
path,5.129723506955539,7.257076861581872
path,5.131071252843846,7.262786924665439
path,5.13248583071858,7.26855682932108
path,5.133751096584113,7.274313894166134
path,5.134864233317751,7.280064176307543
path,5.135968706268183,7.285821168272133
path,5.137078202378061,7.2915732771328035
path,5.138190116254912,7.297321394322477
path,5.139272723102698,7.302824815852425
path,5.1402994067909775,7.308258226399296
path,5.141288060374058,7.313669177827802
path,5.142194258811178,7.319159038641477
path,5.143109836428759,7.324745825674713
path,5.14412070999293,7.330074525259619
path,5.14508158734576,7.335358426583447
path,5.1460034221709465,7.340619142946598
path,5.14684898169483,7.345818927442559
path,5.147859601999919,7.351110931248303
path,5.1488797053428925,7.356322801250593
path,5.149877637884749,7.361472932021407
path,5.150835023079476,7.3665762716870065
path,5.151754804947045,7.371642612403179
path,5.152613221483275,7.3766815263217405
path,5.153392429951447,7.381538431832823
path,5.154009915685573,7.386303381376198
path,5.154622809471294,7.39105497430242
path,5.1553173903778315,7.395822472709107
path,5.1560005672435265,7.400561905230979
path,5.156901036916094,7.405557606815761
path,5.158043608796211,7.410734141508809
path,5.159158595164047,7.415956072456231
path,5.160227602024112,7.421212713769696
path,5.1612973866818965,7.426528849878146
path,5.1626992218903425,7.432589730519075
path,5.16448780655389,7.439563310355923
path,5.166324701593393,7.4467726637825065
path,5.168053071629755,7.454009538032392
path,5.169734454112618,7.461364680462089
path,5.171552406946328,7.469506699992711
path,5.1736682009008605,7.478526978197448
path,5.175733854947791,7.4876371682778595
path,5.177690308753603,7.496767787789829
path,5.179600146308584,7.505913589760808
path,5.181526891374217,7.515084781442128
path,5.1834063757239335,7.52426280387164
path,5.1852004743376705,7.533452830417077
path,5.186943028232689,7.542662200331765
path,5.1886259041170675,7.551794690585149
path,5.190312753796602,7.560852880229976
path,5.191985130552218,7.569885037899039
path,5.193664473822682,7.578914059538097
path,5.19536384242973,7.587954913125923
path,5.197037909058077,7.5969987647077
path,5.1986893582611575,7.606040266744693
path,5.200316932243673,7.615083647200853
path,5.201922958414476,7.624149460116068
path,5.203510224575145,7.6332291653042
path,5.20507118878486,7.64231781522826
path,5.2066098352329675,7.651401620338006
path,5.208123158388095,7.660490054131921
path,5.2094007671260005,7.669814020458775
path,5.210131574987426,7.679866346818403
path,5.21054643787283,7.690464617917466
path,5.210776704523538,7.701457007045635
path,5.211031221127233,7.712512726256704
path,5.21136389232527,7.72368409558389
path,5.21178243490397,7.734965707468041
path,5.212287912807521,7.746358959308644
path,5.212881204803452,7.7578526788323465
path,5.213552441970239,7.769467002826334
path,5.214266184605833,7.781159683430796
path,5.214925396340682,7.792848011972903
path,5.215561374894552,7.804573039525427
path,5.216155852711166,7.816306039035687
path,5.216701556478985,7.828037221918207
path,5.217191979202721,7.840099292112338
path,5.217798338617647,7.852217430190912
path,5.21842039148065,7.864322741370642
path,5.218960620520276,7.876403862656886
path,5.219441971987497,7.888474212544381
path,5.219895651965115,7.900557938537978
path,5.220219863975625,7.912477540246
path,5.220474795681135,7.924238952288737
path,5.22079899689165,7.935851472791829
path,5.221176127587263,7.947354827698724
path,5.221580905361498,7.958898727473009
path,5.221882196883877,7.970521649870633
path,5.221951925448889,7.982348510984075
path,5.222045558268995,7.994069640797411
path,5.222129180087624,8.005707598464657
path,5.22230087779302,8.017154231730714
path,5.222239321301078,8.028379349857303
path,5.222136293666348,8.039483273453024
path,5.221721256031037,8.05074485183007
path,5.221213090586488,8.061997742509545
path,5.2209125384267345,8.0730324842849
path,5.220676720266782,8.083952084338542
path,5.220447640049884,8.094770375738083
path,5.219966003580645,8.10556174660084
path,5.219420280278806,8.116196233821732
path,5.218785968061723,8.126620829671085
path,5.218132205555435,8.136809772820053
path,5.217526878367222,8.14682919427102
path,5.217062487161081,8.156710980133013
path,5.2170019155482015,8.166616128271778
path,5.216893728746229,8.176477466445384
path,5.216630588587895,8.186308470288706
path,5.216390691540327,8.196149037660465
path,5.216210225239867,8.20607932441028
path,5.216011129685686,8.216032272852862
path,5.215841457680974,8.225945832740697
path,5.21594715656227,8.23575395432213
path,5.216333096650222,8.24541968546813
path,5.216396601493781,8.255441334930753
path,5.216107977159025,8.265571431915397
path,5.215866814438628,8.275603592597843
path,5.215915345220235,8.285511612371232
path,5.216131734461144,8.295064043181114
path,5.215920893392216,8.304774188550187
path,5.215480247816313,8.314626534845434
path,5.214945625794548,8.324385816921227
path,5.214656783030387,8.334032685259862
path,5.214623394815645,8.343543006350691
path,5.214300294065344,8.353408242505285
path,5.213652238873334,8.363350849825988
path,5.21306560619704,8.373166507393854
path,5.212731765576849,8.382857472783867
path,5.212663672586068,8.39241586172277
path,5.212874318151112,8.401839150686925
path,5.2132894529381995,8.41112314487418
path,5.214058854539287,8.420032823056802
path,5.214907349370459,8.428789523120596
path,5.21577128323335,8.437420784548456
path,5.216708634734358,8.445981642171342
path,5.217547496007496,8.454672173592277
path,5.218664298739239,8.463174497238882
path,5.219920377015975,8.471594710964862
path,5.221250272626561,8.479983706881162
path,5.2226197274606205,8.488350432617882
path,5.223890839371588,8.496805267255324
path,5.225350986544181,8.505186113912643
path,5.2270432148692905,8.513550423785617
path,5.228874065268585,8.52196007938659
path,5.230724966887458,8.530401823982357
path,5.232540223293148,8.538992325363639
path,5.234617289444871,8.547349852268336
path,5.236736999629177,8.555708532166236
path,5.238971808721464,8.564034375695144
path,5.2412337960249,8.572346329897046
path,5.243605423278191,8.580609515191794
path,5.245974236457712,8.588783428358285
path,5.2484012832351326,8.596884423820537
path,5.25087605285463,8.604920821271484
path,5.253347907530532,8.612922333302235
path,5.255900668718057,8.620812391632628
path,5.258498960174895,8.628609572539053
path,5.261132344159535,8.636319943355025
path,5.263833059079953,8.643982149346797
path,5.2658201942933145,8.653020892483793
path,5.267129220638479,8.662671916514809
path,5.268391247038575,8.672241702299534
path,5.269629804772449,8.681703603076603
path,5.270838777982934,8.691061697123995
path,5.271885817633241,8.700761267863353
path,5.272888312889636,8.710700173135777
path,5.274120094169103,8.720773152314752
path,5.275410498584157,8.730781160505266
path,5.276457192990898,8.740632615003811
path,5.277487586488487,8.750179603899545
path,5.278419168082136,8.75952408209216
path,5.2790194354583315,8.768848478809675
path,5.279299980919809,8.778068556890533
path,5.27949725740672,8.787315074471223
path,5.279720336910879,8.796311758915424
path,5.279800063741972,8.805349774400533
path,5.279701306309345,8.814614015842183
path,5.279449699715828,8.824085209299861
path,5.2790574502052054,8.833741600282316
path,5.278550359533354,8.842779398979921
path,5.278179525670403,8.850769125202177
path,5.278194533974814,8.85821260323363
path,5.278320835362098,8.865391283029899
path,5.278441302846355,8.872545979056566
path,5.278479670487692,8.878903577045769
path,5.278633558531068,8.884191618944053
path,5.2791510939279025,8.88892924135718
path,5.279830763635086,8.893422592024155
path,5.280561806873756,8.897823088739278
path,5.281014321404118,8.902519880124133
path,5.281409858304024,8.907228129001355
path,5.281868582670548,8.911807658886394
path,5.282383994247367,8.916269823098649
path,5.282941696450793,8.920635467417753
path,5.283486113901007,8.925001291726593
path,5.284061324119193,8.92928066225337
path,5.284651421722222,8.933499441773057
path,5.285248326112386,8.937666635323804
path,5.285846443700892,8.941787726689283
path,5.28643692194689,8.945873078798863
path,5.287029055798408,8.949898458100343
path,5.2876074108327265,8.953886332321748
path,5.288167887883371,8.957837253302246
path,5.288706977488839,8.961751538396145
path,5.289203052507801,8.965688510704522
path,5.289631650022707,8.969637462068196
path,5.2900281612332,8.973549663475348
path,5.290390089930433,8.977422875597206
path,5.290710500567931,8.981247601855065
path,5.290966028719256,8.985091036665693
path,5.291127264502952,8.988954724028439
path,5.291237234385544,8.992778003052356
path,5.29129744318031,8.996551793100977
path,5.291304846011475,9.000273089486955
path,5.291233165836259,9.003999489287391
path,5.291087715238626,9.007688108719341
path,5.290894790992011,9.011335038868477
path,5.290653417660041,9.014939622100641
path,5.29036047149799,9.018498403653767
path,5.289994965451095,9.022042624208249
path,5.289576453734768,9.02552419311682
path,5.289121638064398,9.02897208040962
path,5.28866078560519,9.03241255870169
path,5.288194083249794,9.035845152568863
path,5.287722500423352,9.039296426413834
path,5.287246074714714,9.042710692953944
path,5.28676168373825,9.04611487418226
path,5.286386273440245,9.049444405231192
path,5.28601240516962,9.052685864160138
path,5.285645446097541,9.055863356997731
path,5.285278363546666,9.058998238283705
path,5.284911645640768,9.062094815918266
path,5.284547368011575,9.065169255240354
path,5.284185526319398,9.068221066811978
path,5.283833451889218,9.071281328079285
path,5.283471981805981,9.07430154012657
path,5.283135475903594,9.077313100824759
path,5.282985355887869,9.080434167192232
path,5.282872799866044,9.083538228984267
path,5.282882810238741,9.08668411167342
path,5.283031620194986,9.089882662096114
path,5.283295294701563,9.093127294057847
path,5.283657766380529,9.096407407952446
path,5.284105778118926,9.099714817341953
path,5.284661848756283,9.103062857464225
path,5.285285452703788,9.106427922894664
path,5.285968145680148,9.109803572806813
path,5.2867041650316065,9.113186662043082
path,5.287490701890244,9.116571764459463
path,5.288432537249295,9.120043370964327
path,5.289437925377493,9.123530338818082
path,5.290485226464377,9.127013371448651
path,5.291572346849737,9.13049147877959
path,5.292697515564036,9.133963990205157
path,5.293953951893424,9.137508044033071
path,5.295253255484882,9.141061019108225
path,5.296567611618824,9.144624193207449
path,5.2978959420974014,9.148197729878877
path,5.299238292418343,9.151781070462293
path,5.300624865085984,9.155754231942637
path,5.302109280259982,9.159822376290192
path,5.303616242138631,9.163900087798492
path,5.305143674021969,9.1679858984852
path,5.306687793535269,9.172081682862961
path,5.308261802163019,9.176644854311737
path,5.309984104912105,9.181399888688189
path,5.311732505790772,9.186158993961904
path,5.31350646692031,9.190922624205731
path,5.315305465473284,9.195691261934508
path,5.317168663639344,9.200825386451411
path,5.319116296561823,9.206052830650952
path,5.3210845429304205,9.211291809859107
path,5.323079066449518,9.216539240788775
path,5.325092554416615,9.221806491078782
path,5.327132441385967,9.227079152805091
path,5.3292006436601955,9.23235219271561
path,5.331290647995042,9.23763118476559
path,5.333399913411642,9.242918380289845
path,5.335523794544618,9.248219881707614
path,5.337659539334058,9.253538801903964
path,5.339820962473738,9.258860213999922
path,5.342007998037122,9.26418412649351
path,5.344217786969232,9.269513114488532
path,5.346447612458614,9.274849674342446
path,5.348728649402568,9.280414134038715
path,5.35109114605702,9.286338399661645
path,5.353510801522909,9.292556421583846
path,5.355965538031149,9.29903513379415
path,5.3584426630169215,9.305753929109132
path,5.360727230195347,9.31235923610855
path,5.3630481886942905,9.318930788216516
path,5.36548405534609,9.325935401440601
path,5.367949657795671,9.333369893522345
path,5.370413314565879,9.341192233049533
path,5.372641986504227,9.348999136897445
path,5.374565478982037,9.356382070521388
path,5.37666611086726,9.363857931449376
path,5.378955683040016,9.371621759878343
path,5.381234441888549,9.379762875115686
path,5.383259361831097,9.387858427697886
path,5.384989996168675,9.395569867227781
path,5.386898734340395,9.403383043746292
path,5.389018111469354,9.41145269774449
path,5.391124832997517,9.41988699263995
path,5.3929491618991605,9.428069060271033
path,5.394740116671815,9.436159547316302
path,5.396497444275352,9.444479323466668
path,5.398150234726222,9.45304959214007
path,5.399559557778496,9.46193196480624
path,5.400740895493117,9.4709551646343
path,5.401508451360652,9.479586913185976
path,5.402197825106779,9.488213784907071
path,5.402961955606281,9.496990795373646
path,5.403787564625375,9.505881113496118
path,5.404405013626367,9.514642892518225
path,5.404869794360656,9.52306202860197
path,5.40530127487532,9.531345788838994
path,5.405676024580208,9.539661285431496
path,5.405993585867633,9.548000203819083
path,5.4062367518232355,9.556182436349816
path,5.406424425816728,9.56410838096008
path,5.406605058595038,9.571822477950779
path,5.406813899782278,9.579461055435566
path,5.407051914012898,9.58704687361893
path,5.407464877598726,9.594840257072056
path,5.407831183045745,9.602664300499088
path,5.408141303026747,9.610459104899617
path,5.408473676101367,9.618198756139932
path,5.40883087112454,9.62589399499014
path,5.409343603146108,9.633745063173984
path,5.4098743625922125,9.641662340546862
path,5.410387820798812,9.649600244638087
path,5.410889525511128,9.657554599327108
path,5.411384823414713,9.665520881259793
path,5.411915064776433,9.673530808242239
path,5.412473141553541,9.681581083912073
path,5.413054861404538,9.689653101948057
path,5.413661230449532,9.697736499198129
path,5.4142909464544635,9.705824493553378
path,5.414925118581771,9.713862332524943
path,5.415627781300931,9.721929022405842
path,5.416387874194587,9.730007714220038
path,5.417181620977011,9.738092345884393
path,5.417926684584647,9.746214257972921
path,5.418642029479787,9.7542738051194
path,5.419358672167167,9.762276318021762
path,5.420039120670509,9.770309365754693
path,5.420644800371104,9.778366745776783
path,5.42117438640641,9.786437686633866
path,5.421725625669515,9.794504034800447
path,5.422262210446603,9.802503307066363
path,5.422680041751541,9.810610036492772
path,5.423161974318909,9.819038118824349
path,5.42381178750639,9.827635152247261
path,5.424690594802735,9.83641511568314
path,5.425594372208541,9.84532543516847
path,5.426145114591582,9.85423954991033
path,5.426474015242175,9.863132809713901
path,5.426871016295973,9.872173391114991
path,5.427561020964399,9.881575942741302
path,5.428274754838417,9.891044532922908
path,5.428916552518992,9.900557524471623
path,5.429480639597921,9.910142404906011
path,5.4299785319336324,9.9198118137763
path,5.43078760100618,9.929926645978949
path,5.431509592296682,9.940284833633758
path,5.432139455364074,9.950676946965615
path,5.432711681453602,9.961139708837036
path,5.433226647300268,9.971691073691256
path,5.433922040451936,9.982322749773092
path,5.434485785263509,9.993007454350375
path,5.434994321439419,10.003791921793594
path,5.435513791935323,10.014614553003787
path,5.436014846996588,10.025441897277279
path,5.436710621512519,10.03624050019016
path,5.4372828830222595,10.046984695913642
path,5.43791985965166,10.057713300496985
path,5.438572275236627,10.068498540003434
path,5.439192798982286,10.07934188954438
path,5.440018328700734,10.090061770740467
path,5.440712712387203,10.10080318466006
path,5.441335559188151,10.111587517153852
path,5.4418958826720445,10.122486035278827
path,5.442390858125314,10.133442922285248
path,5.442899701494941,10.145191521279564
path,5.443142150920512,10.15745599726313
path,5.443220301110688,10.169816717932367
path,5.443208809569177,10.182201655683018
path,5.443156054553697,10.194682130999947
path,5.443210273056677,10.207357972669177
path,5.443301880594058,10.220195989156146
path,5.443404173282527,10.23311435625144
path,5.443515539714139,10.246112109593621
path,5.443634113197169,10.259188749728319
path,5.443758753858827,10.27233820629236
path,5.443884462627467,10.285573235696162
path,5.444011211972016,10.298884694049299
path,5.44413663699395,10.312272250001094
path,5.444258673682066,10.325735972901265
path,5.444379187914433,10.339269349232724
path,5.444511248841027,10.352760550594974
path,5.44467036599577,10.366144909688115
path,5.444873209382725,10.37934856052313
path,5.445249274656338,10.39212474298413
path,5.445793649869286,10.40469645852179
path,5.44636415096632,10.41719043531143
path,5.44693325621154,10.429600359105498
path,5.4475382097352325,10.441913737693554
path,5.448100177356295,10.454101319840147
path,5.448608246615989,10.46612392889826
path,5.449079489187194,10.478050547478125
path,5.449507682950157,10.489900211133861
path,5.449898654670581,10.50166603486121
path,5.450246084308954,10.513353488432223
path,5.45055693130787,10.524966590154436
path,5.450821174040934,10.536487866683625
path,5.451048142188193,10.547924433018446
path,5.451230883857505,10.559273195380843
path,5.451367887458373,10.570537979297216
path,5.451461770079111,10.581734183028535
path,5.4515139278366425,10.592826202881593
path,5.451521861491996,10.60382081700181
path,5.451482885619636,10.61472471894497
path,5.45140947614289,10.625555669377102
path,5.451300741692685,10.636344401534606
path,5.4511279135371025,10.646990036689447
path,5.450910475960629,10.657522305635375
path,5.450646119438764,10.667958360185873
path,5.450332840399367,10.678296512610785
path,5.449870538686444,10.688444299865877
path,5.449351440943703,10.698358848457236
path,5.44897929095457,10.708071771141277
path,5.448584801501587,10.717634405336458
path,5.448142250765643,10.727074757560032
path,5.447660457077616,10.735982671590614
path,5.447331048501645,10.7439688418803
path,5.447191147933911,10.751076578720905
path,5.447259364359509,10.757311888585726
path,5.447540343864919,10.762836052806508
path,5.447574712218864,10.767328407585628
path,5.447713747329371,10.77133377201216
path,5.448092801843536,10.774933039274515
path,5.448679611207562,10.778149335097998
path,5.449322963640793,10.781010001510701
path,5.44974383795828,10.78386061170777
path,5.450018055675165,10.786903755901667
path,5.450129682322919,10.789847638106053
path,5.450327641282103,10.792493014732104
path,5.450580753882821,10.794864357065718
path,5.450870122446418,10.797823105489336
path,5.451167278051833,10.80117382721553
path,5.451370397743843,10.804832296982411
path,5.451396787289284,10.80871418993731
path,5.451380558887663,10.812739906482642
path,5.451434840972307,10.8173963366206
path,5.451418218717931,10.822456844122891
path,5.451178345317773,10.827794030165425
path,5.450704736890689,10.8333494411845
path,5.450098536156781,10.83905000451102
path,5.449383635320036,10.844888677245589
path,5.448672525490806,10.850795073011929
path,5.448001258716225,10.856719319585189
path,5.44744141148234,10.862724043441991
path,5.446977231876249,10.868815111621277
path,5.446437711586464,10.875046097030035
path,5.445940765261519,10.881396973039383
path,5.445567283171769,10.88783477058363
path,5.445294290862962,10.89435945687793
path,5.4451081654924325,10.900985755737826
path,5.444854698786893,10.907767365525597
path,5.444592727367449,10.914643241837709
path,5.444472768028924,10.92156078914222
path,5.444378846170081,10.928483531915482
path,5.4440793862125165,10.935357192043215
path,5.443473946791219,10.942300172966162
path,5.442894751900874,10.949428763016034
path,5.442432876282651,10.956598367342307
path,5.441963748594964,10.963745807573728
path,5.441327412305954,10.970849475012535
path,5.440409597073809,10.978036001470262
path,5.439546018441456,10.985403756321103
path,5.438835087363434,10.9928112977504
path,5.438124896301417,11.000204505776642
path,5.437310065364268,11.0074970927528
path,5.436301133992924,11.014799307696649
path,5.435353803756967,11.022275283285309
path,5.434540244070008,11.029773619502391
path,5.433598318874437,11.037219756121177
path,5.432564972009701,11.044476174089159
path,5.431481295885041,11.051487116148323
path,5.4303915485129535,11.058385539683787
path,5.429517856216684,11.06516194661381
path,5.428737942038981,11.071927478365577
path,5.4281215286084405,11.07879462861936
path,5.427592450770551,11.08595395940944
path,5.427059804900365,11.093416620507643
path,5.426688425388546,11.101093087569092
path,5.42641028264131,11.109511260984753
path,5.426180595025169,11.118673144579823
path,5.425999525004354,11.128198425791119
path,5.425986587560079,11.13798500196636
path,5.426125142196866,11.148007571122788
path,5.426330983018649,11.158237995539748
path,5.426543538530597,11.168635185012231
path,5.426635475057325,11.178732794952905
path,5.426732652856894,11.188977425764836
path,5.426874512537119,11.199357014216991
path,5.427009202880988,11.209827281177965
path,5.42713257514285,11.220419824114387
path,5.427144315874059,11.230875612671767
path,5.427041281980665,11.241362938512202
path,5.42695103787851,11.252085892645702
path,5.4267425764917405,11.262916622800203
path,5.426166508589628,11.273898203866453
path,5.424672530814788,11.285226018429922
path,5.422520576406815,11.29681126696086
path,5.420155687124273,11.308418455807859
path,5.417590538950854,11.319978947954885
path,5.4148772649590535,11.33152509243259
path,5.41239353733382,11.342925413743016
path,5.4101159737917035,11.354154087673933
path,5.407833958652609,11.365333816298406
path,5.405644668499289,11.376453599152295
path,5.403687988403149,11.387498642353526
path,5.402014385775778,11.398374300149435
path,5.40040166816383,11.408891563406364
path,5.39859799172261,11.41922658540597
path,5.396740245198207,11.42939105229865
path,5.394908553768641,11.439387958202351
path,5.3932793124689455,11.448984967528576
path,5.391655141066063,11.45833407516395
path,5.390058886088466,11.467515768847235
path,5.388491082743731,11.476529783291673
path,5.386952018011068,11.485379088230072
path,5.385582614055209,11.493855976028684
path,5.384361017134695,11.501916067028706
path,5.3832179390482855,11.50958230171166
path,5.382075989630802,11.517096913157923
path,5.380949786518571,11.524603089252942
path,5.3799126916392295,11.531992441831619
path,5.378894108542456,11.539378087686314
path,5.377892062459741,11.54676736390067
path,5.376912864298209,11.554167209783289
path,5.375935909957225,11.561558977320937
path,5.374896758013274,11.568841330411196
path,5.3738598744251584,11.576053665817788
path,5.372827512404328,11.583212918425685
path,5.371801271411874,11.59032942282931
path,5.370782474201612,11.597411535302317
path,5.369778751071616,11.604355862266614
path,5.368795051027802,11.611266787092669
path,5.367821180193437,11.61816133734886
path,5.366857619382736,11.625041645068547
path,5.365897381790357,11.63190742988635
path,5.364921670140028,11.63866399759002
path,5.363926581473565,11.64538623699036
path,5.3629307098257835,11.652104647196692
path,5.361943042375644,11.658821055414416
path,5.360966851883063,11.66553436748351
path,5.36001525826861,11.672131259872325
path,5.359080422364077,11.678710861669837
path,5.358156903986435,11.685289319622834
path,5.357244772882481,11.691867058869716
path,5.356344085621656,11.698444420641913
path,5.355472865915715,11.705064527500332
path,5.3546048601430005,11.711692624230029
path,5.35374592802289,11.718322826632624
path,5.352895949826756,11.72495539716019
path,5.352054787624857,11.731590580258317
path,5.351210553782761,11.738204749968345
path,5.350378070313385,11.744819637244632
path,5.349557354292159,11.751435314082638
path,5.348748418205766,11.758051813063858
path,5.347951269614954,11.764669156754238
path,5.347169417424537,11.771251752161765
path,5.346399941921123,11.777834745015575
path,5.34564115478817,11.784421168159142
path,5.344994495194659,11.790974429940956
path,5.344491828165059,11.797415980050756
path,5.344098277541718,11.803769041669453
path,5.343754684213195,11.810072005978034
path,5.343423594736829,11.816373040389104
path,5.3431057103660535,11.822670725414008
path,5.342799934560371,11.828967126142066
path,5.342503740030619,11.835331021004384
path,5.342218349216447,11.841692153364843
path,5.341947893884489,11.84805191049681
path,5.341690262008282,11.85440913901936
path,5.3414459002240315,11.860762861464904
path,5.3412110509006805,11.867194586893715
path,5.340989073602939,11.873624093660293
path,5.340782891753267,11.88004538220225
path,5.340587743044751,11.886467961805073
path,5.340407153414969,11.89288461546763
path,5.340281095767576,11.899910451656519
path,5.340090019826789,11.907775807520816
path,5.339921545009444,11.915774146395421
path,5.339772867633988,11.923768309490667
path,5.33966115502439,11.931750840634935
path,5.339672765956048,11.94027729475733
path,5.339710933880434,11.949796661595647
path,5.339276739779828,11.959951645758766
path,5.338256435559256,11.970453749689197
path,5.336880415209339,11.981071510976603
path,5.335720395907859,11.992235932913022
path,5.3346186445381205,12.003933468981279
path,5.333068611010151,12.015652560543279
path,5.331068393977122,12.027399949568421
path,5.328701888779044,12.039090858194148
path,5.326945849473467,12.05124294126545
path,5.325697965359594,12.063384842519334
path,5.324262784242372,12.075228346517383
path,5.322496689432472,12.087055357061772
path,5.320975566368966,12.098154094999323
path,5.32010703593364,12.109170868118044
path,5.319635764342841,12.120552017030978
path,5.318870799474496,12.131933109935748
path,5.317908463496925,12.14325946494338
path,5.3167177010097175,12.154610522636329
path,5.315622875425954,12.166348836507968
path,5.314187146496453,12.178199652562963
path,5.312228444676813,12.190050719294868
path,5.310101704359754,12.20159392719363
path,5.307894317252033,12.212856171957474
path,5.305840431770015,12.224506319615594
path,5.303971887560962,12.236419144203488
path,5.302224694784048,12.247909823169906
path,5.300231972733745,12.258938791931593
path,5.297977555634814,12.270030799556785
path,5.296058135663544,12.281684785254653
path,5.294423213683948,12.293533194260018
path,5.292610356783898,12.305160317082525
path,5.2906589708108,12.3166385183927
path,5.288664314226547,12.328036136547544
path,5.286985163462625,12.339910134547155
path,5.285599575422543,12.351935184525523
path,5.284259412323715,12.363832650225145
path,5.282886743129635,12.375675840828455
path,5.281415649378969,12.387532252336868
path,5.280101120274568,12.399581050687827
path,5.278991452521422,12.411692213868395
path,5.2779702617275905,12.423754502157836
path,5.276984220525842,12.435779311947057
path,5.2759994387326925,12.447801487624112
path,5.275097940205138,12.459937524519514
path,5.274325934125194,12.472197732039781
path,5.2735577024169515,12.484579372226868
path,5.2728241700023375,12.497015724718121
path,5.272153677261208,12.50947643693761
path,5.271453938874909,12.521765368168415
path,5.270832173056378,12.534073457939455
path,5.270263382585014,12.546422966924027
path,5.269780140688067,12.558784088141163
path,5.26939384782798,12.571161468521135
path,5.268854334628588,12.583309638680012
path,5.268351680519807,12.59531486441131
path,5.267893303505827,12.607221942743955
path,5.267454438299946,12.619125003098317
path,5.267037457395915,12.631027756135722
path,5.266642591262935,12.64292795894537
path,5.2662437695718864,12.654801981908305
path,5.265823330840143,12.666632158489966
path,5.26539999584486,12.67842868423436
path,5.264978453833589,12.690203216439231
path,5.264628091393284,12.702000356969672
path,5.264304100889756,12.71380406765106
path,5.263945091637823,12.725554563755507
path,5.26356719250859,12.737301707285784
path,5.263106515072383,12.749144341984834
path,5.2627436475692155,12.761262314603545
path,5.262378520414208,12.77344069060729
path,5.261758172108809,12.785699169801884
path,5.260962186854725,12.798058435606862
path,5.259987644244195,12.810517690897328
path,5.259211545446175,12.823116583972299
path,5.258597150728426,12.835669870747084
path,5.257744515213113,12.84827491960639
path,5.256806924820299,12.860912398174325
path,5.255778807265108,12.87350847248254
path,5.254966218811941,12.88628306587065
path,5.254108158503034,12.899057912354829
path,5.253009047878614,12.911689158501106
path,5.251805566916031,12.924040445260733
path,5.250575252398221,12.936192983227274
path,5.24976524508126,12.948266638336198
path,5.249102065255291,12.960089071400748
path,5.248396364634867,12.971870776617852
path,5.2476618353163635,12.983637541013655
path,5.247269983948755,12.995742075069929
path,5.247081890667765,13.007941932715864
path,5.24725073173371,13.019909226791773
path,5.24767465127872,13.03148835638978
path,5.248422922868921,13.042930451146598
path,5.248948551862307,13.054371290101315
path,5.249355881835093,13.06599222219038
path,5.249749510711002,13.077412100875621
path,5.250226987486439,13.088728453428079
path,5.250450849453594,13.100053356314723
path,5.250499168817843,13.111278479784131
path,5.25058902346779,13.122651264384588
path,5.250566080042499,13.134058034315531
path,5.250413323537446,13.145433469537087
path,5.250189243663143,13.156787558020564
path,5.249746260877981,13.168142308555659
path,5.249468638719505,13.179804620926172
path,5.2491241582853325,13.191523710194945
path,5.2485790865576964,13.203240133605151
path,5.248038159797805,13.214916089814727
path,5.247359051421949,13.226601534365637
path,5.246888971171947,13.238686933421526
path,5.246337188654348,13.250836182472202
path,5.245698304433387,13.262990477300603
path,5.244912919218238,13.275052953790572
path,5.243985049665254,13.287009768509579
path,5.242835370614132,13.298317785888642
path,5.24168704691336,13.308878400583424
path,5.240703515498765,13.318693870987106
path,5.239784183317945,13.327863585570043
path,5.238699825496519,13.33670241996988
path,5.237342687794366,13.344992768478667
path,5.236004910306094,13.352531291335566
path,5.234807243742933,13.359346191219851
path,5.233627465895704,13.36556238128674
path,5.23222753184179,13.371487165943007
path,5.230830823538112,13.376848926712777
path,5.229355772122524,13.38171946756899
path,5.227659585230883,13.386313642092855
path,5.225733829355508,13.39062461372579
path,5.223579565617853,13.394653605711934
path,5.221271688563467,13.398590621352405
path,5.219080516765361,13.402607533763437
path,5.2168138623356874,13.406492162948334
path,5.214575701161236,13.410353341622184
path,5.212376116263761,13.41420058858166
path,5.210258392422271,13.418273606679126
path,5.208245984376374,13.422577362249301
path,5.206190509988685,13.42677749200382
path,5.204176081234392,13.430965065445521
path,5.202206093198481,13.435142556513405
path,5.2003497652223825,13.43968315528047
path,5.198653089715737,13.444659262849068
path,5.197209330498038,13.450501575785417
path,5.196015000955497,13.45735318552496
path,5.194722495821258,13.46402269010184
path,5.19421612413477,13.470647627336461
path,5.193783013514454,13.477783244085561
path,5.193227506035316,13.484832805981949
path,5.19256552062261,13.49180236050122
path,5.191795677196689,13.498692038474447
path,5.190953162007686,13.50592458668213
path,5.189992359765092,13.513160652808624
path,5.188878027821311,13.520343226102202
path,5.187689739901828,13.527464602549621
path,5.186502665813268,13.534592173137064
path,5.185401390436068,13.542148494743172
path,5.184382661607293,13.550138039755783
path,5.183352215625708,13.558269621941326
path,5.182328712743884,13.566397895349155
path,5.1813105810098845,13.574519417269968
path,5.180246676725969,13.58293182855765
path,5.179172723501024,13.591870165884366
path,5.1781706837418975,13.601274626571655
path,5.177432928721023,13.61091221206429
path,5.176718835235308,13.620541176566102
path,5.1762006312884425,13.630226068982923
path,5.1760280299595705,13.640055464563545
path,5.176218920252269,13.650054738435431
path,5.176745283467938,13.660203491907843
path,5.17747419672541,13.670447741037156
path,5.178346674625606,13.68078301432385
path,5.179336099280257,13.691196015234603
path,5.180417967208916,13.701655112845865
path,5.181574342592432,13.71215286843895
path,5.182788445808801,13.722679266369452
path,5.184047365057801,13.73322636508602
path,5.185340748050501,13.743787445208657
path,5.186664331457294,13.754353350821447
path,5.188014740785453,13.764962196545628
path,5.189411131181244,13.775598273468361
path,5.190848237608606,13.786261614164562
path,5.192298386278009,13.796878655481391
path,5.193756413824117,13.807442580040217
path,5.195235487838465,13.817956649701653
path,5.196748401392063,13.828406795615756
path,5.198257158324258,13.838715945969357
path,5.19979374220896,13.848847465451668
path,5.201520182844136,13.858741040198977
path,5.203312925881687,13.868507365193087
path,5.205073347368806,13.878251452694522
path,5.206715270824761,13.888071869703891
path,5.208051330696385,13.898105413420518
path,5.20895910252363,13.908378805376667
path,5.20963375923287,13.918873798481359
path,5.210665123001418,13.929404240184939
path,5.211473784625185,13.940007395899991
path,5.212069327776462,13.950771131468224
path,5.2124928652738065,13.961707050362158
path,5.212725381974485,13.972817424310906
path,5.212862156059161,13.984084670838666
path,5.213009745773992,13.99544086560735
path,5.213097204686885,14.006710938931272
path,5.21315819639967,14.017934333806195
path,5.213015239216671,14.028998328233437
path,5.212862024768734,14.039792259261345
path,5.21275445001101,14.050255433182235
path,5.212594048643288,14.060490025676089
path,5.212376721191427,14.070607422768665
path,5.212004673172427,14.080512217387666
path,5.211319620907106,14.090133071945862
path,5.210398222854997,14.09965473460161
path,5.209479095598483,14.109256062514595
path,5.208435105944607,14.118807567939303
path,5.207278664094821,14.128320172931087
path,5.206018386570409,14.137797702341018
path,5.204643005233748,14.147233521062907
path,5.2031246847690955,14.15675214703582
path,5.201503599444415,14.166654660290694
path,5.200136610251587,14.176935935376981
path,5.1988032397370025,14.187323278841394
path,5.197462878300842,14.19784717374364
path,5.196130993255683,14.208477602253895
path,5.194808672161061,14.21921036952282
path,5.1934979302825255,14.230043178331025
path,5.192201217999627,14.240973013964092
path,5.190852338317363,14.252023460990817
path,5.189862664257643,14.263212062042182
path,5.189127403520834,14.274496336430456
path,5.188495330866282,14.285868263759824
path,5.187945649571911,14.297325577510003
path,5.187389930424552,14.30891768987263
path,5.186855342327725,14.320497044443309
path,5.1862910486241525,14.331970283987111
path,5.185746829093285,14.343442731166324
path,5.18520572917038,14.35486674179121
path,5.184599589474113,14.366472334676885
path,5.184040647012638,14.378122825238679
path,5.183445514879823,14.389642314638483
path,5.182869987619503,14.40112195236405
path,5.182335641462133,14.41247593679469
path,5.18168718176387,14.423984941795512
path,5.181097477300675,14.435519754407263
path,5.180516561771481,14.446938103073828
path,5.179943610889159,14.458199218743113
path,5.17928579084194,14.469284851246748
path,5.178232863990643,14.480502390510264
path,5.177057291155723,14.491900073808743
path,5.1759146945821675,14.503287187012086
path,5.174713757407415,14.514714627442313
path,5.173451112614937,14.526198374061266
path,5.171762951109969,14.537894469027282
path,5.170083604625062,14.549793662419797
path,5.168716922451884,14.561394324267377
path,5.167356729501036,14.572327751011478
path,5.165819354009076,14.582788562136384
path,5.163808576105033,14.593319057273686
path,5.161943945921248,14.604273401058471
path,5.160138139659015,14.614966983982807
path,5.158301315573305,14.625235005216902
path,5.156485897695323,14.635189857498558
path,5.154289068684605,14.64554211621649
path,5.152373222908394,14.656400606766976
path,5.150692190433646,14.667577098186362
path,5.149010946497164,14.678583183049629
path,5.146943644821492,14.689067543797023
path,5.14444504237696,14.699295590430582
path,5.141663055632073,14.70961031055824
path,5.1385642301250085,14.72009798969477
path,5.135155067923768,14.730629460767881
path,5.131631300589901,14.741257633897794
path,5.128100889335328,14.751498973831062
path,5.124635263343073,14.761241636602609
path,5.121312960389239,14.77088155471747
path,5.118128548424712,14.780417629190032
path,5.115076871328733,14.789843765012108
path,5.112096790555978,14.798780517119111
path,5.10913198167937,14.806927032807929
path,5.10627552304977,14.814580529162969
path,5.103942928440416,14.823044290773217
path,5.10207815657499,14.831876015983116
path,5.100512474042816,14.840700583669298
path,5.099042907162759,14.849372407521743
path,5.097644141555586,14.85792396567748
path,5.096330217979461,14.866367536914032
path,5.095132008899561,14.874708620617461
path,5.094114590091101,14.883197292237671
path,5.093097690212597,14.892055881701697
path,5.091837322375701,14.901239215150573
path,5.09062261526726,14.91099593959853
path,5.089473426104209,14.92079488675949
path,5.088398127898661,14.931124903891265
path,5.087367353195794,14.941818546960759
path,5.0863281632630395,14.952629684559131
path,5.085271949943915,14.963530771390458
path,5.08419616091644,14.974516593213403
path,5.08309988574911,14.985510767209133
path,5.082000871520156,14.996669741142881
path,5.08091703067487,15.00801718119273
path,5.079840997394217,15.019532817426729
path,5.078766766526031,15.031200920004595
path,5.077679442926104,15.042884867650582
path,5.0765573888913895,15.054688682757831
path,5.075976059544188,15.066793570870606
path,5.07566930854692,15.078874069433432
path,5.075531925716095,15.090906632987545
path,5.075357538601317,15.10259350325252
path,5.074976093775766,15.113697829406984
path,5.074906875343264,15.124660121575058
path,5.075152248458616,15.1353900279915
path,5.075564646987905,15.146070678992295
path,5.075917366993048,15.156388701979157
path,5.076295783295711,15.166621769271428
path,5.076168268962967,15.17730998603707
path,5.075859100199061,15.188069329306243
path,5.075652152504062,15.198978751142702
path,5.075292835802158,15.209674381373794
path,5.074862104874971,15.2199377508576
path,5.0744401091015385,15.230065928963716
path,5.074194847109826,15.240275645845683
path,5.074091285082992,15.250562933083085
path,5.073816879978285,15.260637752095203
path,5.073413980259066,15.270282473017588
path,5.073120994062934,15.27996380540139
path,5.073000553848684,15.28971571084068
path,5.07301315871571,15.299556072972944
path,5.072877181583754,15.309204030247228
path,5.072592636728175,15.318344705339662
path,5.072304944855457,15.327225247659754
path,5.072120524341166,15.336140887096706
path,5.072033396692208,15.345075676399611
path,5.071984307442303,15.353712317220435
path,5.071789654813795,15.361865648047882
path,5.071603268456287,15.369803960144019
path,5.071496665891806,15.377722029944627
path,5.071431612328391,15.385694261693855
path,5.071286076494597,15.393435263233814
path,5.071134773748978,15.40092932338938
path,5.071056613232015,15.408386597650404
path,5.071018254161486,15.415879212267724
path,5.070951103968745,15.423440256696695
path,5.07086335095925,15.430723210353145
path,5.07074715571581,15.437638238631772
path,5.070708123618674,15.444465902079239
path,5.0707136505582096,15.451294528301466
path,5.0706803743434286,15.458169510272587
path,5.070586030166437,15.464826868856186
path,5.07049935169733,15.471274571606806
path,5.070471117588162,15.477631729794695
path,5.0704966895772055,15.483929846023695
path,5.0704781401776104,15.490266904120412
path,5.070427484316666,15.496406004673222
path,5.07041900140444,15.502386826632586
path,5.070389904187408,15.50839221175808
path,5.070366344461979,15.514375802892275
path,5.070347434861692,15.520339434316467
path,5.070288588159046,15.526032732150487
path,5.070281424822911,15.53154280729107
path,5.07032116812058,15.536962585630354
path,5.070342645634956,15.542399163680496
path,5.070362913629225,15.547822528529034
path,5.0702407511983605,15.552748932162363
path,5.070061230037004,15.55687199091247
path,5.06998592619559,15.560088161347785
path,5.0699620203530245,15.562455985667121
path,5.069853687806358,15.564004211356202
path,5.069678568850599,15.564802686514376
path,5.0695107693796,15.564847277547095
path,5.0692744772423675,15.56474081271114
path,5.068978332955467,15.564610462426662
path,5.0686348548235385,15.564459631245338
path,5.068264849148997,15.564296297970566
path,5.067858439617571,15.564108844015106
path,5.067425954267625,15.563910855744123
path,5.066977092768657,15.563701208106858
path,5.066515818587068,15.56348139285056
path,5.0660507355115865,15.563254887907721
path,5.06557343117962,15.563016358134167
path,5.0650916007010185,15.562771096915542
path,5.0646073119361805,15.562519035216203
path,5.064121827493563,15.562260784908108
path,5.0636459563235485,15.562002699811503
path,5.063160540603281,15.56173144645825
confirmed_rock,-8.0,-8.68
confirmed_rock,-6.54,-0.73
gt_rock,0.85,6.88
gt_rock,-11.98,7.91
gt_rock,11.97,8.31
gt_rock,25.95,30.55
gt_rock,10.0,13.69
gt_rock,-6.56,5.8
gt_rock,-5.0,19.5
gt_rock,-6.3,-7.96
gt_rock,-5.0,0.5
