type,x,y
path,-10.971959752969783,-12.260729278118127
path,-10.971392695579,-12.254881366679463
path,-10.970831571672061,-12.24906944115982
path,-10.970097348175205,-12.243537330484596
path,-10.969202205322663,-12.238264839545705
path,-10.968253325789918,-12.233078729077176
path,-10.967314260111248,-12.227920011244636
path,-10.966405822961494,-12.222799737313267
path,-10.965487664001932,-12.217860787541802
path,-10.964687828228941,-12.213054924153866
path,-10.963937117664731,-12.208477228802787
path,-10.9632183057101,-12.20409595039822
path,-10.962501122099276,-12.199753504859348
path,-10.961793687232738,-12.195574585664813
path,-10.961103853623468,-12.191528551598276
path,-10.960407451944402,-12.187486614198063
path,-10.959703523156536,-12.183446612748082
path,-10.958991531079707,-12.179408292102554
path,-10.958335462573583,-12.1748447754359
path,-10.957599036999872,-12.16977218139423
path,-10.956836238737152,-12.164608978579427
path,-10.95606330959564,-12.159446753359862
path,-10.955276263986399,-12.15428600399804
path,-10.954581302556612,-12.14937843183328
path,-10.953860729335585,-12.144575827624946
path,-10.953091430436857,-12.13977805577477
path,-10.952272761433717,-12.134985128830099
path,-10.951420819123818,-12.130195393371297
path,-10.950757169933873,-12.125726339539469
path,-10.950093272897016,-12.121375265411125
path,-10.949377621991962,-12.117029195783756
path,-10.94861161839418,-12.112687986827398
path,-10.947830506367048,-12.108348058629689
path,-10.94715137719019,-12.104205302084493
path,-10.946430283763108,-12.100097105412072
path,-10.945684997779962,-12.095991244529422
path,-10.944937036332286,-12.091885486594117
path,-10.94418627598818,-12.087779833594604
path,-10.943548173401517,-12.083904002320406
path,-10.94287588727677,-12.080079744413274
path,-10.942169497906391,-12.076258836435734
path,-10.941460252799931,-12.0724380686641
path,-10.940748295018743,-12.06861741622231
path,-10.94029085223712,-12.065215764624913
path,-10.939950681617175,-12.062176524029438
path,-10.939538880074902,-12.059209587706997
path,-10.939059812151713,-12.05625000870492
path,-10.938531800568727,-12.053295946923646
path,-10.938005832303581,-12.050435288035146
path,-10.937463572822846,-12.047584553235094
path,-10.936919718407175,-12.044733899532833
path,-10.936374261680378,-12.041883326310312
path,-10.935827196396845,-12.03903283313093
path,-10.935320792814693,-12.036260950919765
path,-10.93478851703339,-12.033497855651131
path,-10.934254264904785,-12.030734959217696
path,-10.933718436817239,-12.02797220875364
path,-10.93318103482938,-12.025209597613266
path,-10.932650349054498,-12.02248444657415
path,-10.932117264954083,-12.019760334005312
path,-10.931582659565215,-12.017036335984494
path,-10.931046533863185,-12.01431244911768
path,-10.930508888697254,-12.011588670455303
path,-10.929984114177294,-12.008921589840577
path,-10.92945505815496,-12.00625722720663
path,-10.928924563246655,-12.003592942472254
path,-10.928392628474198,-12.000928735977784
path,-10.927859252881596,-11.998264608147606
path,-10.927399814635207,-11.995053818830298
path,-10.926835885739555,-11.991357746608669
path,-10.926213865469066,-11.98762363102549
path,-10.925540917003833,-11.983894497176246
path,-10.924816609477343,-11.980170397744196
path,-10.92412909709562,-11.976572877362718
path,-10.923399912020077,-11.972993816249934
path,-10.92266143072941,-11.969415572481234
path,-10.92192037443725,-11.965837453089812
path,-10.921176736368967,-11.962259463995448
path,-10.920525848069278,-11.958824446167393
path,-10.9198314244776,-11.955412662764958
path,-10.919116342428778,-11.952002993451664
path,-10.918398830851768,-11.948593557912464
path,-10.917678891623856,-11.945184351148193
path,-10.917006004173363,-11.94187650641712
path,-10.916306330370231,-11.938581713286826
path,-10.915603958448235,-11.93528721422085
path,-10.91489929651979,-11.93199295623026
path,-10.914192347517469,-11.928698933570223
path,-10.913498726268415,-11.92546417463825
path,-10.912800426541425,-11.922232340463276
path,-10.912099943798404,-11.919000700914745
path,-10.911397278060095,-11.915769254892462
path,-10.910692429180852,-11.912538001621076
path,-10.910026791549955,-11.909391186033556
path,-10.909338735828324,-11.906253401188005
path,-10.90864857169272,-11.903115871201512
path,-10.90795630352603,-11.899978589109429
path,-10.90726193495148,-11.896841548884579
path,-10.906507245490713,-11.893435324908923
path,-10.905727924019303,-11.889937798666018
path,-10.90494600893883,-11.886440542824912
path,-10.90416150159162,-11.882943554852515
path,-10.903374402987803,-11.879446832739216
path,-10.902656619910774,-11.876081966595802
path,-10.901899625911094,-11.872734920861669
path,-10.9011390069208,-11.869388262345947
path,-10.900376007597956,-11.866041854982562
path,-10.899610628524021,-11.862695697530286
path,-10.898899053405097,-11.859459469256308
path,-10.898157592112565,-11.856236158951164
path,-10.897413885064147,-11.853013128292153
path,-10.89666794289331,-11.849790370110885
path,-10.89591976797717,-11.846567880539425
path,-10.895229167592927,-11.843463993427116
path,-10.894508095261273,-11.840375760719198
path,-10.893784946503636,-11.837287796573928
path,-10.893059738288665,-11.834200092015765
path,-10.89233247279065,-11.831112643518985
path,-10.891618953633172,-11.828083231682989
path,-10.89090173085924,-11.825056442070641
path,-10.890182545778321,-11.822029873435785
path,-10.889461398260835,-11.819003525838632
path,-10.88873828806677,-11.815977399519584
path,-10.888050868950081,-11.813032609379034
path,-10.887345988096573,-11.810096072864246
path,-10.886639210839556,-11.807159821825069
path,-10.885930541283393,-11.80422384972828
path,-10.885219983022646,-11.801288150836049
path,-10.88455118640482,-11.797873908572932
path,-10.883761795498206,-11.79407442742578
path,-10.882897138708332,-11.790267715548742
path,-10.88197049774234,-11.786467287872581
path,-10.881034175062373,-11.782667885716032
path,-10.88019528761013,-11.779027906795257
path,-10.879306330361059,-11.77541388885865
path,-10.878407881546385,-11.771800970679095
path,-10.877506598443519,-11.768188459773434
path,-10.876602480687124,-11.764576352714881
path,-10.875792983395273,-11.76113223473513
path,-10.87493914784846,-11.757722314684138
path,-10.874077867288534,-11.7543132655172
path,-10.873214055663198,-11.750904574891434
path,-10.872347712355992,-11.747496241417744
path,-10.87153534293118,-11.744153800032484
path,-10.870696333060964,-11.740822762762305
path,-10.869842470231854,-11.73749331820933
path,-10.86898618872623,-11.734164235992012
path,-10.868127490922296,-11.73083551104774
path,-10.867359793519151,-11.727647927105782
path,-10.866564446986487,-11.724478336938525
path,-10.865742000690572,-11.72131149666589
path,-10.864915983575466,-11.718145112116705
path,-10.864087782286061,-11.714979040313915
path,-10.86339176606144,-11.711245830435915
path,-10.862615442067577,-11.70697218124916
path,-10.861777534054873,-11.7025646997012
path,-10.860901033325321,-11.698161091806465
path,-10.859985363344748,-11.69376141873017
path,-10.85906284661387,-11.689512235410763
path,-10.858118882202072,-11.685345548697502
path,-10.857134124802762,-11.68118303724056
path,-10.856108051034942,-11.677024746081173
path,-10.85504014389903,-11.672870720062347
path,-10.854084540866115,-11.668935912281189
path,-10.853105018809378,-11.665064829741583
path,-10.852083245368686,-11.661198062808115
path,-10.851024786456982,-11.657335076057304
path,-10.849958733175571,-11.653473052155247
path,-10.849021439811153,-11.649821965496336
path,-10.848056889003828,-11.646220653791525
path,-10.847066710346459,-11.642621588559436
path,-10.846047139184538,-11.639091725871182
path,-10.8450010261278,-11.63556619120527
path,-10.844033940135061,-11.632208817202851
path,-10.84303863984989,-11.62887134964676
path,-10.842041093206637,-11.625534105569825
path,-10.841041298056874,-11.622197086046585
path,-10.84003925187749,-11.618860293000282
path,-10.8390638602931,-11.615595139306638
path,-10.838080903993081,-11.612333608209964
path,-10.837095727457795,-11.609072413862558
path,-10.836108334971193,-11.605811546721492
path,-10.83511873014603,-11.60255099850613
path,-10.834222174304843,-11.599471810800031
path,-10.833292651603688,-11.59642157289223
path,-10.832361170429987,-11.593371652722158
path,-10.831427735650852,-11.590322040689175
path,-10.830492350987988,-11.587272728577894
path,-10.829585188288606,-11.58431113302372
path,-10.828673914143769,-11.581353920452596
path,-10.827760830266197,-11.578396940383948
path,-10.826845936678348,-11.575440191536279
path,-10.825929233152928,-11.572483673141779
path,-10.825043745227735,-11.569605939332245
path,-10.82415020491247,-11.566732877650946
path,-10.823254898231234,-11.56386013844904
path,-10.82235783025295,-11.560987711473386
path,-10.821459005385611,-11.558115587695047
path,-10.820583338388955,-11.555316663100024
path,-10.819704619084332,-11.552520556193183
path,-10.818824253083,-11.549724698510243
path,-10.817942241686259,-11.546929086850172
path,-10.817058585928505,-11.544133718522458
path,-10.816200490305746,-11.541416771099126
path,-10.815339187472388,-11.538703108492765
path,-10.814476349150919,-11.535989644983411
path,-10.813611974274432,-11.5332763819052
path,-10.81274606154686,-11.530563321060995
path,-10.811918243750831,-11.52738865698153
path,-10.81096233350706,-11.524014759102087
path,-10.80990272790649,-11.520651921882601
path,-10.808818994481133,-11.517291666962276
path,-10.80773299555787,-11.513931634871488
path,-10.806712678961318,-11.510698228073727
path,-10.805667009111325,-11.507475307719174
path,-10.804619200851763,-11.504252679148564
path,-10.803569247494593,-11.501030346479466
path,-10.802517142805083,-11.497808313732982
path,-10.801487268258077,-11.494656088940324
path,-10.800454229907947,-11.491506217592537
path,-10.799419129503475,-11.488356625496003
path,-10.798381961752224,-11.485207317311504
path,-10.797342721306865,-11.48205829833153
path,-10.796348564984054,-11.479006680499081
path,-10.79534071231958,-11.475963410234614
path,-10.794330874504992,-11.47292049733243
path,-10.793319051497228,-11.469877938398577
path,-10.792305202488386,-11.466835260786091
path,-10.791322773544263,-11.463883488066827
path,-10.790336506682392,-11.460936216894352
path,-10.789366416003709,-11.457967637569144
path,-10.788474536396784,-11.454970623900435
path,-10.787663165794832,-11.451964536172913
path,-10.78695165175575,-11.449024533552166
path,-10.786414964064567,-11.446146956436088
path,-10.785927797647142,-11.4432598487627
path,-10.785438182822382,-11.440373430185915
path,-10.784946144367785,-11.43748768044603
path,-10.784459781694821,-11.434723690016147
path,-10.783988491780425,-11.431983987599404
path,-10.783515005255621,-11.429244833991012
path,-10.783039335376511,-11.426506223194787
path,-10.782561492760447,-11.423768150786767
path,-10.782095000833616,-11.421085314307588
path,-10.78162373408757,-11.418414208586734
path,-10.78115049813612,-11.4157436518637
path,-10.780675289584005,-11.413073639346948
path,-10.780198104864324,-11.410404167171253
path,-10.779734539383167,-11.40780860921623
path,-10.779268624332525,-11.40522737686235
path,-10.778800910765357,-11.402646674822872
path,-10.77833138982182,-11.400066498698445
path,-10.777860053303653,-11.397486844780332
path,-10.777401942823673,-11.394978360814413
path,-10.776941809050697,-11.392477422617597
path,-10.7764798992954,-11.389976943485676
path,-10.77601621263337,-11.387476924143911
path,-10.7755507481594,-11.384977365441058
path,-10.775091397348293,-11.382512062923471
path,-10.77462914032022,-11.380048908853547
path,-10.77416514570368,-11.377586201603844
path,-10.77369941346757,-11.375123942670797
path,-10.773231943553167,-11.372662133572543
path,-10.77259901786216,-11.369827627394546
path,-10.771900112568561,-11.366722517544218
path,-10.771279268520026,-11.363571734834546
path,-10.770668814087184,-11.360414110686948
path,-10.770055494931702,-11.357257242785868
path,-10.769446619654435,-11.354199880787242
path,-10.768850207700185,-11.35116498271015
path,-10.768251264832484,-11.34813085465279
path,-10.767649779512592,-11.345097493740331
path,-10.767045741280398,-11.342064897661418
path,-10.766448247370933,-11.339141929633888
path,-10.765866126178583,-11.336244205083597
path,-10.765281639747599,-11.33334717130157
path,-10.764694782411734,-11.33045082807933
path,-10.764105549029487,-11.32755517548048
path,-10.763527078133249,-11.324710312278178
path,-10.762944799163078,-11.321893688020852
path,-10.762265698385306,-11.319149200154666
path,-10.761659045739567,-11.316383015688121
path,-10.761109021891308,-11.313591897980425
path,-10.760560084504041,-11.310866087425646
path,-10.760023782605739,-11.308164120094547
path,-10.759486795958505,-11.305466161957874
path,-10.758949390375038,-11.302770619376913
path,-10.758409722549027,-11.300075370357895
path,-10.75786607931757,-11.297440395356443
path,-10.757335675827033,-11.294830898998438
path,-10.756806929023076,-11.29222808741225
path,-10.756278228156269,-11.289628199871107
path,-10.755747393663839,-11.287028552541404
path,-10.755174117424975,-11.2841979774489
path,-10.754588505558216,-11.281351096304084
path,-10.753998838845726,-11.278502965671965
path,-10.753408576176552,-11.275657430543728
path,-10.75281555780058,-11.272811868397955
path,-10.752218866616925,-11.269989813083289
path,-10.751627411554644,-11.267180087714927
path,-10.751033865771694,-11.264372283757881
path,-10.750439647140263,-11.261566855392427
path,-10.749843101799145,-11.258762009631695
path,-10.749242651865632,-11.256034851102955
path,-10.748660189087264,-11.253337450684674
path,-10.748079570379321,-11.250647215530591
path,-10.747499339281731,-11.247960750424658
path,-10.746916922647873,-11.245274750517256
path,-10.746331795488496,-11.242658733892878
path,-10.745762552901155,-11.240069674945403
path,-10.745196101869585,-11.23748805581373
path,-10.744628409937715,-11.234908157294877
path,-10.74405908836847,-11.23232933593882
path,-10.743487357082094,-11.229808782152023
path,-10.742928948558681,-11.227312676054389
path,-10.742372670948567,-11.224822651585617
path,-10.741813994289048,-11.222332220407505
path,-10.741251484631395,-11.219839933859161
path,-10.74068845461352,-11.217375697786338
path,-10.740130249428654,-11.214922750449
path,-10.739570690981251,-11.212470093565118
path,-10.739007819608512,-11.210016352947243
path,-10.738439488689776,-11.207548559032638
path,-10.737829308362429,-11.205044564113932
path,-10.737259811003677,-11.202536019009727
path,-10.736693785778039,-11.200012557104936
path,-10.736126568110695,-11.197478925081672
path,-10.735557431771714,-11.194945674644362
path,-10.734992170516977,-11.192487573745511
path,-10.734441705989285,-11.190055269852895
path,-10.733889492077445,-11.187623412106204
path,-10.733335522809302,-11.185192013303656
path,-10.73277979283349,-11.182761085174986
path,-10.73222449693307,-11.180335632885258
path,-10.731666619665932,-11.177900018231352
path,-10.731107046767262,-11.175464852112054
path,-10.730545775329237,-11.17303014327073
path,-10.729982802762889,-11.170595899747221
path,-10.729423907020363,-11.168207504276706
path,-10.728870340872009,-11.165829754389204
path,-10.72831516777757,-11.163452500711292
path,-10.727758384047014,-11.161075745672457
path,-10.727199986377832,-11.158699491592566
path,-10.72664650038631,-11.156374318405078
path,-10.726099567192533,-11.154061448522766
path,-10.725551111010974,-11.151749079872086
path,-10.725001128474146,-11.14943721234769
path,-10.724449616567437,-11.147125845966844
path,-10.723902186272547,-11.144841523052474
path,-10.723354521492695,-11.14255957126314
path,-10.722805347901012,-11.140278093474784
path,-10.722254664534747,-11.13799709155644
path,-10.721702470554444,-11.13571656730593
path,-10.721152219191671,-11.133458440771486
path,-10.720602654308326,-11.131203718933047
path,-10.72005167261963,-11.128949563958503
path,-10.719499267842503,-11.126695968270692
path,-10.71894543431978,-11.124442925121752
path,-10.718397893912186,-11.122227668963953
path,-10.717851467371894,-11.120016617973466
path,-10.717303631307992,-11.117806055334526
path,-10.716754383909313,-11.11559597979697
path,-10.716203723565453,-11.113386390328317
path,-10.715658090384606,-11.111220117502551
path,-10.71511742370264,-11.109063291517588
path,-10.714575435953192,-11.106906971620628
path,-10.714032123404715,-11.104751153174627
path,-10.713487482706547,-11.102595832077608
path,-10.712944831215978,-11.100454682339796
path,-10.712401120262758,-11.098314393208904
path,-10.711856088662442,-11.096174582825677
path,-10.711309734448896,-11.094035249044495
path,-10.710762055869251,-11.09189639001436
path,-10.71021837330231,-11.089790783554268
path,-10.709677756865458,-11.087691674893486
path,-10.70913590641311,-11.085593088824377
path,-10.708592816549176,-11.083495017812151
path,-10.708048482414759,-11.081397455127814
path,-10.707420902565449,-11.078946500102777
path,-10.706767284402108,-11.076441896572797
path,-10.706111857728043,-11.073937973580449
path,-10.705454619586694,-11.071434727517133
path,-10.704795567345588,-11.068932155263516
path,-10.704144260251729,-11.066492168492646
path,-10.70350191256158,-11.064067407674141
path,-10.702857852987956,-11.061643271299543
path,-10.702212080081196,-11.059219758063668
path,-10.70156459257408,-11.056796866914873
path,-10.700920479123008,-11.054403555231469
path,-10.700278376941961,-11.052015857659349
path,-10.699634657997018,-11.049628839864196
path,-10.698989316699702,-11.047242494178867
path,-10.698342348031822,-11.044856813795032
path,-10.697704518530953,-11.042519733728524
path,-10.697069163890648,-11.040188994051663
path,-10.696432211339124,-11.037858829407812
path,-10.695793660683494,-11.035529240193574
path,-10.695153511787169,-11.033200226884249
path,-10.694519589185035,-11.030918649320391
path,-10.693892196896014,-11.028648743945034
path,-10.693263302408425,-11.026379413024129
path,-10.692632904119527,-11.024110654790599
path,-10.692001000613772,-11.021842467754917
path,-10.691374117921738,-11.01960040034289
path,-10.690746868675326,-11.017360436531847
path,-10.690118138007922,-11.015121014855279
path,-10.689487925918867,-11.012882135896204
path,-10.688856232441946,-11.010643800286312
path,-10.688230275091911,-11.008446537180514
path,-10.687609515938398,-11.006258801734798
path,-10.686987370463552,-11.004071630318899
path,-10.686363836010583,-11.0018850195718
path,-10.68573891020695,-10.999698966552101
path,-10.685035891639457,-10.99722125908321
path,-10.684314817755066,-10.994712472449821
path,-10.683591895768199,-10.992204404066834
path,-10.682867124384206,-10.989697052816544
path,-10.682140502480737,-10.987190417836223
path,-10.68142081594042,-10.984732202512511
path,-10.68070756794892,-10.982285774433347
path,-10.679992570862547,-10.97984005333735
path,-10.679275822447009,-10.977395036698931
path,-10.678557320728396,-10.974950722370552
path,-10.677846526352923,-10.97255775418236
path,-10.67714301602917,-10.970177510902795
path,-10.67643784942422,-10.967797947538287
path,-10.675731024253786,-10.96541906145494
path,-10.675022538493803,-10.963040850398464
path,-10.674322021820391,-10.960710477551888
path,-10.673627051601091,-10.958390246017748
path,-10.672930522359893,-10.956070691693292
path,-10.672232430345504,-10.953751809810269
path,-10.671532772203275,-10.95143359617555
path,-10.67084198730599,-10.94916667227235
path,-10.670157652316334,-10.946910914832838
path,-10.669471847345687,-10.944655812186054
path,-10.668784568317426,-10.942401359089407
path,-10.668095811579718,-10.940147550911666
path,-10.667416265408951,-10.937934192182206
path,-10.666738096470938,-10.935725212910379
path,-10.666058476099375,-10.933516813497976
path,-10.665377404089233,-10.931308994195541
path,-10.664694880291629,-10.929101755332487
path,-10.664019470801502,-10.926936112464391
path,-10.663349343611275,-10.924779773000871
path,-10.662677861212375,-10.922624032904869
path,-10.662005020643877,-10.92046888851113
path,-10.66133081926018,-10.918314336601556
path,-10.660661846382048,-10.916182800717388
path,-10.659992375601584,-10.914052953178931
path,-10.659321561005193,-10.911923669357613
path,-10.658649401563288,-10.909794948296753
path,-10.657975896377739,-10.907666789224178
path,-10.65730760073489,-10.905569300610551
path,-10.656642465839845,-10.903477962483228
path,-10.65597053345519,-10.901390545973156
path,-10.655301246079992,-10.899294489723566
path,-10.65463042887858,-10.897206953869821
path,-10.653964656282769,-10.895160919926242
path,-10.653303118903482,-10.893122345826313
path,-10.652633782526397,-10.891082210091943
path,-10.651967370433045,-10.889046963817227
path,-10.6512985064453,-10.887012968547198
path,-10.650632117023829,-10.884994170857208
path,-10.649966166966372,-10.882979015067502
path,-10.649299036299713,-10.880964481683886
path,-10.648630720584686,-10.878950561459574
path,-10.647961215833739,-10.876937246112519
path,-10.647199353394024,-10.874624563121166
path,-10.64641496447499,-10.87227652119107
path,-10.645628931755313,-10.869929253413899
path,-10.64484125288564,-10.867582755001472
path,-10.644051925789284,-10.865237021750913
path,-10.643272903683076,-10.86293905565427
path,-10.642499382019938,-10.860651630887904
path,-10.641724312040056,-10.858364959552802
path,-10.640947690187712,-10.85607903607015
path,-10.640169513291443,-10.853793855513429
path,-10.63939879682932,-10.851538217167587
path,-10.638628147420405,-10.849285314953246
path,-10.637855965024107,-10.847033108829413
path,-10.637082248861978,-10.84478159749057
path,-10.636306998275556,-10.84253077986932
path,-10.635541734457812,-10.840326828201206
path,-10.634782686897577,-10.83813336281602
path,-10.634022203620445,-10.835940587082854
path,-10.63326028205802,-10.833748497583738
path,-10.632496919928732,-10.831557091333043
path,-10.631742572575696,-10.829402630201788
path,-10.630990833233122,-10.827254781055904
path,-10.630237753961708,-10.82510764785506
path,-10.629483328689345,-10.822961222709814
path,-10.628727551960903,-10.820815498585603
path,-10.627981955585636,-10.818706850148748
path,-10.627237613643821,-10.81660207777869
path,-10.626491937451183,-10.814497939814087
path,-10.62574492542353,-10.812394434428859
path,-10.624996576166415,-10.810291560065297
path,-10.624193313511164,-10.808029527670483
path,-10.623382842976172,-10.805762071636535
path,-10.622570809947861,-10.803495343682949
path,-10.621757213736734,-10.801229343333985
path,-10.620942053768838,-10.798964070276716
path,-10.620137004313225,-10.796742613072187
path,-10.619337429547027,-10.794530905789104
path,-10.618536391028185,-10.792319930299293
path,-10.6177338857584,-10.790109683119626
path,-10.616929911070804,-10.787900161210064
path,-10.616133046796334,-10.78571647844321
path,-10.615335898602371,-10.783534919850885
path,-10.61453730220478,-10.781354052625627
path,-10.613737262527213,-10.779173878522146
path,-10.612935772038698,-10.77699439341255
path,-10.612145133459519,-10.774856742155226
path,-10.611358480685993,-10.772727138751625
path,-10.610570478033477,-10.77059824134132
path,-10.609781121661113,-10.76847004540248
path,-10.608990408135583,-10.766342546945001
path,-10.608210511590956,-10.764251138561761
path,-10.607431322462205,-10.762162856253353
path,-10.606650800533568,-10.760075218525655
path,-10.60586894517165,-10.757988224981249
path,-10.605085755844547,-10.755901875353873
path,-10.604229604467122,-10.753609413825915
path,-10.60336021955156,-10.75130339557526
path,-10.602489200681447,-10.748998162869546
path,-10.60161654768686,-10.746693716257257
path,-10.600742260480922,-10.744390056353692
path,-10.59988428017702,-10.742167662930612
path,-10.599107666528509,-10.739976647606735
path,-10.598711884971385,-10.73791391007288
path,-10.598527016886218,-10.735850600537125
path,-10.598559268334041,-10.733636046906138
path,-10.598147703078359,-10.731515662717309
path,-10.597509196394872,-10.729435198031684
path,-10.59711098706482,-10.727202907704351
path,-10.59689689231095,-10.724713398597604
path,-10.596798647455017,-10.72202358402945
path,-10.59639272574937,-10.719803914481338
path,-10.5958081660261,-10.717993679450062
path,-10.595137352255877,-10.716491528670279
path,-10.59444280888685,-10.715167690987032
path,-10.593730380003324,-10.713995636523789
path,-10.592687869799645,-10.712726264143777
path,-10.591742511560494,-10.711419638279327
path,-10.591015682041549,-10.710249575039418
path,-10.590515576017724,-10.70936865039639
path,-10.59004324624272,-10.708529485342106
path,-10.589243976849364,-10.707550335583745
path,-10.588537133345367,-10.706514269303913
path,-10.588014466348525,-10.705596716607353
path,-10.587504650416353,-10.704747469492071
path,-10.587090859403324,-10.70396692610776
path,-10.586677373128373,-10.703184112294853
path,-10.586259179098734,-10.702406862061391
path,-10.585853162030837,-10.701717685772316
path,-10.585084508649418,-10.700676938902044
path,-10.584385043334976,-10.698771146688221
path,-10.583339991157217,-10.695803925605341
path,-10.58225883209993,-10.692752074613345
path,-10.581275403566922,-10.689590937000819
path,-10.580379567388059,-10.686310991492174
path,-10.579545677801974,-10.682905205796883
path,-10.57879610581656,-10.679401214592016
path,-10.5780488711047,-10.675824082329546
path,-10.577381255207976,-10.672113453513324
path,-10.576779373062697,-10.668281152334501
path,-10.57624094792526,-10.664330389369571
path,-10.575777577102118,-10.660310526640679
path,-10.57524055898451,-10.656297271427414
path,-10.574741510833723,-10.652176957099835
path,-10.574212818794141,-10.648031643928409
path,-10.573640397495094,-10.643867624848436
path,-10.573033446267141,-10.639711533368061
path,-10.572310709719462,-10.635651121722903
path,-10.571621555168745,-10.631508228192287
path,-10.570931172981457,-10.627323734096013
path,-10.57020311698274,-10.623124981894458
path,-10.569444149382523,-10.618947020547703
path,-10.568663166965791,-10.61491479715238
path,-10.56794756027197,-10.610870350986776
path,-10.567301281168264,-10.606929938790927
path,-10.56669675761141,-10.60311370296365
path,-10.566114263366927,-10.599405804442435
path,-10.56542851144459,-10.59572676997783
path,-10.564720327550424,-10.591883615545326
path,-10.563939403961028,-10.587970744679836
path,-10.563118300938516,-10.583988946562979
path,-10.562259604541715,-10.580013950828258
path,-10.561322192276513,-10.576058692656561
path,-10.560322565666718,-10.571948045206106
path,-10.559242916049199,-10.567774853717506
path,-10.558087819765522,-10.563542888607268
path,-10.556927210226775,-10.559321012227741
path,-10.555957696518853,-10.555277009325632
path,-10.555741448436763,-10.551511842842528
path,-10.556141544191801,-10.54804738927535
path,-10.55676434959446,-10.544840446395437
path,-10.557425319922896,-10.541969817997487
path,-10.558072427693235,-10.53937119250571
path,-10.558700297129265,-10.536962213232254
path,-10.559330064776686,-10.534693621490149
path,-10.559926045310297,-10.532529731446935
path,-10.560481345570464,-10.530462225600216
path,-10.561012667345052,-10.528472214683134
path,-10.561519879489143,-10.526545525833221
path,-10.562003690612462,-10.524673809630935
path,-10.562434482674933,-10.522842341766472
path,-10.562769606563753,-10.52104102949769
path,-10.56300671624779,-10.519261888160093
path,-10.563133209004967,-10.51749742657723
path,-10.56317161181728,-10.515744351001096
path,-10.563150732621109,-10.514002588032762
path,-10.563072123419309,-10.512265634538661
path,-10.562961151945284,-10.510539128980069
path,-10.562813582861045,-10.508817570083009
path,-10.562638963068954,-10.507105960531382
path,-10.562447656502679,-10.50539208145361
path,-10.562243078289018,-10.50369532399236
path,-10.562028973273321,-10.502001342622378
path,-10.561807662813353,-10.500309407437948
path,-10.561579066232559,-10.498617457029264
path,-10.561346636924954,-10.496928546395646
path,-10.561114609008056,-10.495255079987855
path,-10.56088581950455,-10.49358460999317
path,-10.56065663402704,-10.491911792530269
path,-10.560432925001995,-10.49023940234568
path,-10.560215113318508,-10.488566458095214
path,-10.560004002173708,-10.486909970060488
path,-10.55979859887507,-10.48524982028487
path,-10.559604791950683,-10.48359482670646
path,-10.559431637380623,-10.48192657792988
path,-10.559280938864166,-10.480243979343921
path,-10.559181252688498,-10.478549531559754
path,-10.55917996192637,-10.476863874556127
path,-10.5593200454568,-10.475232130507933
path,-10.559612577587727,-10.473682238411037
path,-10.560005439602282,-10.472193205936872
path,-10.560381514781344,-10.470718066543334
path,-10.560759308003524,-10.46924658642922
path,-10.56114123395012,-10.467777929996483
path,-10.561520570939422,-10.466311355960425
path,-10.561899272170313,-10.464847230335359
path,-10.562271168016922,-10.463394943095825
path,-10.562648234947645,-10.461947276508903
path,-10.563011997804754,-10.460499569789967
path,-10.563378390394245,-10.459059057489794
path,-10.563746614502797,-10.457617640816022
path,-10.5641096864434,-10.456185815241076
path,-10.564474112071347,-10.454756910946267
path,-10.564833793052813,-10.453329224181726
path,-10.565193148435908,-10.45190501976454
path,-10.565549148445198,-10.450483202849131
path,-10.565908891321973,-10.449067149247428
path,-10.566262046645628,-10.447654435995174
path,-10.566612900077354,-10.44624321579195
path,-10.566965847782907,-10.444835416331019
path,-10.567315855095586,-10.443429081412948
path,-10.567663256396175,-10.442028662140398
path,-10.568010216839403,-10.440633383368581
path,-10.568355953243877,-10.439237427518108
path,-10.568698466967527,-10.437845834415375
path,-10.569035681347096,-10.436456282870338
path,-10.569382148362362,-10.435061281731235
path,-10.569718180251265,-10.43367427906056
path,-10.570061619242134,-10.432286500658122
path,-10.570399134964266,-10.430898376339236
path,-10.570734010025195,-10.42951435973222
path,-10.571072970389523,-10.428135843890205
path,-10.571408142869227,-10.426758606028395
path,-10.571741262898193,-10.42538198147558
path,-10.572072449455996,-10.424007302589965
path,-10.572406626108831,-10.42263702177906
path,-10.5727339889866,-10.421272414248051
path,-10.573059519909037,-10.41991219658121
path,-10.573389445422428,-10.418550602392402
path,-10.57371423225586,-10.41719179035069
path,-10.57404149133357,-10.415836662675938
path,-10.574361989955555,-10.414486363919705
path,-10.57468563762499,-10.413141066835996
path,-10.575004309620699,-10.411796226650294
path,-10.575322859067574,-10.410453731766422
path,-10.575644068071439,-10.409110623183983
path,-10.575960288603419,-10.407773922793632
path,-10.576278885151272,-10.406437329084405
path,-10.576591230293026,-10.405100874755725
path,-10.576908255383474,-10.40376571842503
path,-10.577223333239557,-10.402437485481148
path,-10.577531249669454,-10.401112372779794
path,-10.57784424701195,-10.399787698316366
path,-10.578155432715171,-10.398469372195281
path,-10.578462847141342,-10.397147771446658
path,-10.578772712900179,-10.39583046156903
path,-10.579077270463333,-10.39451510290506
path,-10.5793853835443,-10.393200290183646
path,-10.579691851024565,-10.391890983930512
path,-10.579996798989923,-10.390586800379381
path,-10.580295604092413,-10.389274773409582
path,-10.5806006196007,-10.387964432723312
path,-10.580904036170653,-10.386659197440476
path,-10.581205979782412,-10.385358655982332
path,-10.58150658178788,-10.38406233996149
path,-10.58180592947345,-10.382770001419427
path,-10.582103581204303,-10.381483585145244
path,-10.582399813584772,-10.38019857350532
path,-10.582696449538439,-10.37890519180883
path,-10.582993971127754,-10.37761330207363
path,-10.583290373269337,-10.376324590610057
path,-10.583585116514808,-10.37504142540299
path,-10.583878907020758,-10.373760834823482
path,-10.584171810181187,-10.372482588980535
path,-10.58446389657513,-10.371206420419538
path,-10.584755219854367,-10.369932139543131
path,-10.585045041974537,-10.368650911685586
path,-10.585337816842138,-10.367365825082235
path,-10.585629718507876,-10.366082598323953
path,-10.58592081237343,-10.364800966591185
path,-10.58621116419496,-10.363520656054222
path,-10.586500266745574,-10.362243906814811
path,-10.586788727622173,-10.36096805650119
path,-10.58707659911788,-10.359692878474236
path,-10.587363935650918,-10.35841812331333
path,-10.587650774033312,-10.357143634151344
path,-10.587936464584558,-10.35587227424725
path,-10.588221722592305,-10.354600850128326
path,-10.588506591015872,-10.353329158297477
path,-10.588791116553116,-10.35205697792705
path,-10.589075337883457,-10.350784109160148
path,-10.589358814395048,-10.349512507562801
path,-10.589638966599777,-10.348238986341414
path,-10.589913414423684,-10.346964516966382
path,-10.590150768902376,-10.345677455739473
path,-10.590407149743358,-10.344392629629313
path,-10.59067306105557,-10.343113305330043
path,-10.590935208259932,-10.34183036338195
path,-10.591193608460618,-10.34054330288807
path,-10.591446542577229,-10.339251405854936
path,-10.591685934549567,-10.337953251932497
path,-10.591904131547551,-10.336648637682902
path,-10.59209631379327,-10.335334640022925
path,-10.592257982812235,-10.334009430837243
path,-10.592392459816157,-10.332674603821383
path,-10.592510211925713,-10.331335127722584
path,-10.592609100442377,-10.329991785251691
path,-10.592687650990465,-10.328641808045255
path,-10.592744016863088,-10.327284012986363
path,-10.592776875497767,-10.325917372902088
path,-10.592784916987242,-10.324540801840906
path,-10.592765025802148,-10.323146302337957
path,-10.592729329223078,-10.321746087731436
path,-10.592693235530184,-10.320347905347115
path,-10.592657686696654,-10.31895189871504
path,-10.592622966387768,-10.317557969706034
path,-10.59259073555838,-10.316168890978922
path,-10.592561066764207,-10.314781236455982
path,-10.592533824143665,-10.31339485026774
path,-10.592509091659132,-10.312009703944113
path,-10.592486673293614,-10.310625608418594
path,-10.592465082960128,-10.309244334719576
path,-10.592443797512258,-10.30786279006038
path,-10.592421754004071,-10.306480261325135
path,-10.592397889988835,-10.305096027216003
path,-10.592346127087646,-10.303708900506125
path,-10.592175889612548,-10.302292586746121
path,-10.592000172179807,-10.300876326820916
path,-10.59182410495368,-10.29946196590329
path,-10.591647901704535,-10.29804934949212
path,-10.591471771970062,-10.296638320522957
path,-10.591296617011823,-10.295230215793834
path,-10.591121952355318,-10.293823388946315
path,-10.590947985005014,-10.292417684023157
path,-10.590774922325739,-10.291012948897565
path,-10.590602367624111,-10.28961094536884
path,-10.590410101969004,-10.28823398137119
path,-10.590188664495528,-10.286863353508311
path,-10.589939566353932,-10.285499377157088
path,-10.589664239368979,-10.28414236001547
path,-10.589364043708338,-10.282792606583058
path,-10.5890407032811,-10.281451325682385
path,-10.58869502687047,-10.28011790747282
path,-10.588328202045915,-10.278792650529715
path,-10.58794138208027,-10.27747585637543
path,-10.587535677383634,-10.276167823809931
path,-10.587113180624604,-10.27487093904008
path,-10.586673965059244,-10.273583394700267
path,-10.586219218361906,-10.272305404980015
path,-10.585750517176503,-10.271036923847513
path,-10.58526907380631,-10.269778105177924
path,-10.584776952559146,-10.268531421240644
path,-10.584274158234255,-10.267294923420739
path,-10.583761643606762,-10.266068951041442
path,-10.583240797073008,-10.264853591539646
path,-10.5827177967009,-10.263645831522249
path,-10.582195809528667,-10.262446108479642
path,-10.58167491904991,-10.261253092014666
path,-10.58115566738501,-10.26006701888244
path,-10.580638608467794,-10.25888814344031
path,-10.58012437142203,-10.257716700990361
path,-10.579614032376016,-10.256554027897039
path,-10.579108343884291,-10.255402678111466
path,-10.578612242969111,-10.254256758861219
path,-10.578126421477213,-10.253102943837497
path,-10.577650788941282,-10.25194139897507
path,-10.57718545859872,-10.25077256841935
path,-10.576730222932364,-10.249596271610692
path,-10.576285034780009,-10.248412636268649
path,-10.575849877173571,-10.247221769057797
path,-10.575424709887075,-10.24602379041144
path,-10.575009391783967,-10.244818432074768
path,-10.574604065803221,-10.243606140421399
path,-10.574208722213081,-10.24238700847552
path,-10.573823348582406,-10.241161127640435
path,-10.573447821630515,-10.239928666838876
path,-10.573081705638895,-10.23868895082823
path,-10.572725222276416,-10.237442958201207
path,-10.572378124927505,-10.23619093159906
path,-10.572038156783805,-10.234934493557898
path,-10.571700133760464,-10.233677213378067
path,-10.571363239509306,-10.232417985691722
path,-10.571028072960178,-10.231158072103113
path,-10.570694676819425,-10.229897451069913
path,-10.570363095175685,-10.228636101169707
path,-10.57003337272508,-10.227373999661495
path,-10.569705126754176,-10.226110127845061
path,-10.569378834066331,-10.224845457525245
path,-10.569054543169065,-10.223579965776235
path,-10.568732304169414,-10.222313628318053
path,-10.568412167822597,-10.22104642084939
path,-10.568093106519312,-10.21977579289761
path,-10.567776255797453,-10.2185042417583
path,-10.567461543773652,-10.217231827445284
path,-10.567148921981754,-10.215958593921156
path,-10.56683844793318,-10.214684511916367
path,-10.566533449376195,-10.213408427173874
path,-10.56623585850822,-10.212127983791083
path,-10.565945628642204,-10.21084325802799
path,-10.565662851225017,-10.20955423612288
path,-10.565387624289675,-10.208260897673462
path,-10.565119009142753,-10.206960749534606
path,-10.564858157231019,-10.205656230692458
path,-10.564605182337939,-10.2043473082103
path,-10.564360204951111,-10.203033945032022
path,-10.564123351676669,-10.201716097637537
path,-10.563893246757738,-10.20039007859894
path,-10.563671540083451,-10.199059470339325
path,-10.563458378419966,-10.1977242165834
path,-10.563253911820281,-10.196384251397559
path,-10.56305829593644,-10.195039506559331
path,-10.562870822487458,-10.193687822937305
path,-10.562689818329755,-10.192335866373508
path,-10.562497299871556,-10.190989948259173
path,-10.56229071226498,-10.189644802034525
path,-10.562070720169265,-10.188300436797013
path,-10.561835945703422,-10.186951986843338
path,-10.561589018556914,-10.1856043257162
path,-10.561330517751358,-10.184257454844582
path,-10.561060997887141,-10.182911370957719
path,-10.560780987498074,-10.18156606502367
path,-10.560488926570159,-10.180216772001264
path,-10.560187382586872,-10.178868239312923
path,-10.559876739061343,-10.177518772548568
path,-10.559556730176153,-10.1761634383733
path,-10.559227834937134,-10.17480910593035
path,-10.55888900663704,-10.173452429956956
path,-10.558542178094356,-10.172096773694419
path,-10.558187760409897,-10.170742144019094
path,-10.557826150366045,-10.16938854502555
path,-10.557457728372592,-10.168035977388957
path,-10.55707926856752,-10.166676556631128
path,-10.556694747626947,-10.1653181800943
path,-10.55630450502925,-10.163960850259452
path,-10.555908869354749,-10.162604565392845
path,-10.555508152053505,-10.161249322567185
path,-10.555098192488297,-10.159885458618508
path,-10.554683795908884,-10.158522645828022
path,-10.554265241540389,-10.15716088581803
path,-10.553842799085968,-10.155800176930676
path,-10.553416730451493,-10.154440515139253
path,-10.552981845358357,-10.153070174667858
path,-10.552543927592739,-10.15170087280748
path,-10.55210323930044,-10.150332594572594
path,-10.551660062979565,-10.148965295727416
path,-10.551214617902275,-10.147598966667323
path,-10.550763975096878,-10.146226869000328
path,-10.550311515082804,-10.144855734203267
path,-10.549857433975887,-10.143485556971033
path,-10.549401927496875,-10.142116321364496
path,-10.548945338272965,-10.14074791759221
path,-10.548480709900627,-10.139364829644506
path,-10.548015502440506,-10.137982527552078
path,-10.547550088480934,-10.136600866234868
path,-10.547084689494895,-10.135219766592199
path,-10.546619431920309,-10.133839201724335
path,-10.546178565246016,-10.13250992117181
path,-10.545737727341711,-10.13118377526522
path,-10.545296721205897,-10.12985813619586
path,-10.54485573888942,-10.128532934037525
path,-10.544415120953667,-10.127207994753844
path,-10.5439715651411,-10.12587583837494
path,-10.543528633748204,-10.124543872563919
path,-10.543086417169794,-10.123212059196332
path,-10.542645001452598,-10.12188035575571
path,-10.542204468579905,-10.12054871805806
path,-10.541762686723596,-10.119212269635534
path,-10.541321971161521,-10.11787580287593
path,-10.540882391289765,-10.116539271288074
path,-10.540444015346877,-10.115202622376827
path,-10.54000690366364,-10.11386580183053
path,-10.539566088333371,-10.112517691080015
path,-10.539126727602326,-10.111169319767175
path,-10.53868887424163,-10.109820632341222
path,-10.538252574508522,-10.108471565613865
path,-10.537817823320452,-10.107122083635314
path,-10.537378646444841,-10.105758971274362
path,-10.53694115135304,-10.104395363493571
path,-10.536505162214134,-10.103031332258471
path,-10.536070714731027,-10.101666814509295
path,-10.535637848120658,-10.100301739320381
path,-10.535215287019147,-10.098955370413494
path,-10.534794243183779,-10.097608252139182
path,-10.534374597149247,-10.096260385355617
path,-10.533956301122435,-10.094911742414038
path,-10.533539389602135,-10.093562239815338
path,-10.53311926926278,-10.09220148242459
path,-10.532700657191896,-10.090839713456663
path,-10.532283575844582,-10.089476846079224
path,-10.5318680443917,-10.08811278527909
path,-10.53145407652515,-10.086747430826918
path,-10.531038605725863,-10.085373818489138
path,-10.530624748626288,-10.083998722264303
path,-10.53021244512185,-10.082622072263845
path,-10.529801682076707,-10.08124376650533
path,-10.52939245833927,-10.079863685146039
path,-10.528978618427907,-10.07846559920619
path,-10.528566661407462,-10.077065302817672
path,-10.528156559174192,-10.075662662790494
path,-10.52774828009959,-10.07425753419051
path,-10.527341789653839,-10.07284976902979
path,-10.526928649922466,-10.071420691190307
path,-10.526517315469693,-10.06998868570112
path,-10.526107743320727,-10.068553593895583
path,-10.525699887669873,-10.067115241535001
path,-10.52529370055648,-10.065673449807305
path,-10.524880603442408,-10.064209475810463
path,-10.524469154314186,-10.062741703974357
path,-10.52405930246052,-10.061269942470638
path,-10.523650991883596,-10.059793985242964
path,-10.523244169670273,-10.05831361887293
path,-10.522830723730623,-10.056811379769123
path,-10.522418717171465,-10.055304294525419
path,-10.522008100754107,-10.053792134039977
path,-10.521598825455447,-10.05227465465016
path,-10.521190847135154,-10.050751604845386
path,-10.52077182076684,-10.049196659746887
path,-10.520353767195655,-10.04763548402565
path,-10.519936954626939,-10.046067951580692
path,-10.519521355710273,-10.044493777802794
path,-10.519106952439586,-10.042912668181232
path,-10.518678390576923,-10.041292095384584
path,-10.5182501854459,-10.03966356083543
path,-10.51782319870929,-10.038027163008037
path,-10.517397449253464,-10.036382569567294
path,-10.516972972107641,-10.034729442490793
path,-10.516526470572725,-10.033017110812132
path,-10.516075228222231,-10.031295494072479
path,-10.515614796928677,-10.029573241290962
path,-10.51514086254795,-10.027849423939141
path,-10.514655924857164,-10.02612433538143
path,-10.514141407588724,-10.024351408479781
path,-10.513614062467216,-10.022575439676185
path,-10.513077214718981,-10.020797909946303
path,-10.512531361745303,-10.019018734942236
path,-10.511976983240114,-10.017237825562505
path,-10.511575447733064,-10.01562492647173
path,-10.511162092122326,-10.014098923427893
path,-10.51073838226215,-10.01258809151643
path,-10.510308075830014,-10.011075145512962
path,-10.509871303698116,-10.009561402470982
path,-10.509429296555131,-10.008038707926906
path,-10.508986578929129,-10.00651621832568
path,-10.508542242810163,-10.004994239337305
path,-10.508094978165872,-10.003473201629403
path,-10.507644296079972,-10.001953255514396
path,-10.507185100028392,-10.000423415587981
path,-10.506723053136671,-9.998894333875368
path,-10.506258770640484,-9.997365971255057
path,-10.505792700815373,-9.995838184059359
path,-10.505325285461316,-9.994310833515133
path,-10.50485385198297,-9.9927775613922
path,-10.504381942918346,-9.991244442340689
path,-10.503909995453883,-9.989711342371471
path,-10.503438440148063,-9.98817812642143
path,-10.502967704097317,-9.986644653845172
path,-10.502491603660674,-9.985096916414273
path,-10.50201673422534,-9.983548349861385
path,-10.501543977784744,-9.981999117002912
path,-10.50107376412241,-9.980449083296413
path,-10.500606524085699,-9.978898106953192
path,-10.500136295400162,-9.977332348101946
path,-10.499669374188226,-9.97576386243751
path,-10.499206460351292,-9.974191332851257
path,-10.498747818076733,-9.972612852692368
path,-10.498293734150321,-9.971026510439533
path,-10.49783815885703,-9.969426488162265
path,-10.497387542682002,-9.96781472302736
path,-10.496942427786045,-9.966189290680148
path,-10.496503173006177,-9.964548219937651
path,-10.496070160497831,-9.962889510807958
path,-10.495637989746854,-9.961207499276988
path,-10.495212631349407,-9.959505632165659
path,-10.494793064464863,-9.957800548692804
path,-10.49437914832101,-9.95609597904881
path,-10.49397107945669,-9.954391795758545
path,-10.493561047974785,-9.952666076878804
path,-10.493156991908807,-9.950931656995886
path,-10.492759950918819,-9.949192435672346
path,-10.492370384286131,-9.947446302020008
path,-10.491988775441419,-9.945691137147998
path,-10.491608522565555,-9.943919876721267
path,-10.49123233905779,-9.942129575277953
path,-10.490865520006816,-9.940323710247679
path,-10.490508760150188,-9.938500124502385
path,-10.490162685254024,-9.93665661363475
path,-10.489818182081772,-9.934783292850602
path,-10.489482462331939,-9.93288499368501
path,-10.489159465437304,-9.930959970677208
path,-10.488849960376148,-9.929005879463283
path,-10.488554759093947,-9.927020327520191
path,-10.488266273292266,-9.92499367825808
path,-10.487989918398965,-9.922929904137098
path,-10.487730552639144,-9.920827213794569
path,-10.48748919518136,-9.918683011015514
path,-10.487293076454128,-9.916502129694393
path,-10.48722590721286,-9.914345725306294
path,-10.487167278925979,-9.912157258491723
path,-10.487121893972242,-9.909949041230135
path,-10.487093631829108,-9.907723845074207
path,-10.48708525126404,-9.905479441518121
path,-10.487091897105554,-9.903203926158396
path,-10.487122274517834,-9.900904495353709
path,-10.487167886716405,-9.898594028979419
path,-10.487223722419571,-9.896278382041062
path,-10.487289951781518,-9.893957691863244
path,-10.487364111776838,-9.891615827626065
path,-10.48744906767944,-9.889266552713881
path,-10.48754669816321,-9.886911076819532
path,-10.487657798142571,-9.88455010860262
path,-10.48778446265736,-9.882188281994308
path,-10.487944104925154,-9.880027894828531
path,-10.488036311323045,-9.878105008374513
path,-10.488055437881002,-9.876101201060283
path,-10.488003361536512,-9.874008875811555
path,-10.487875813669898,-9.871837501221682
path,-10.487673086278763,-9.869604831116922
path,-10.487450956341085,-9.867357012541854
path,-10.487231244736146,-9.865107925241933
path,-10.487013963253908,-9.862857569937088
path,-10.486799060884376,-9.860605970644325
path,-10.486582822484387,-9.85832331427653
path,-10.486365443016151,-9.85603755493218
path,-10.486148050811652,-9.853751701006834
path,-10.485930642796962,-9.851465752236722
path,-10.48571321667703,-9.849179711103968
path,-10.485495685738599,-9.846834047478321
path,-10.485270673678876,-9.844468311636794
path,-10.485045634962217,-9.842102478746494
path,-10.484820568694394,-9.839736549800492
path,-10.484594678760176,-9.837371527361535
path,-10.484347047615726,-9.83505692505419
path,-10.484069033574945,-9.83282749239259
path,-10.483763007119894,-9.830679815727601
path,-10.483437566242273,-9.828611957119625
path,-10.483099853287552,-9.826610871542435
path,-10.482752017508371,-9.824673683971495
path,-10.482398716838885,-9.8228059831371
path,-10.482042065328685,-9.821009107482189
path,-10.4816822575564,-9.819283215817542
path,-10.481319277539805,-9.817628381581354
path,-10.480947712640525,-9.816023739654641
path,-10.480567468881624,-9.814456440566357
path,-10.480179565729799,-9.812897004694621
path,-10.479783369432884,-9.811341604320933
path,-10.4793788425792,-9.809789763679102
path,-10.478974313948074,-9.808225292458173
path,-10.478561491571826,-9.806664029681162
path,-10.478140306616552,-9.80510600227503
path,-10.477710691933273,-9.803551241037113
path,-10.47727257986162,-9.801999784936514
path,-10.476814390195129,-9.800522155215402
path,-10.476349421106837,-9.799096811097577
path,-10.475875768746466,-9.797683339639178
path,-10.47539334817647,-9.79627339532158
path,-10.47490209798666,-9.794867035352537
path,-10.47440470080904,-9.793459041294778
path,-10.47389835324328,-9.7920547681499
path,-10.473382992305151,-9.790654302967
path,-10.472858554022615,-9.789257740523306
path,-10.472324971723388,-9.787865182118404
path,-10.471785419449862,-9.786470494076395
path,-10.471236588313975,-9.785080030689203
path,-10.470678406684174,-9.78369392106531
path,-10.47011080309735,-9.782312297595734
path,-10.469533706199678,-9.780935294654913
path,-10.468948729703452,-9.779559815730458
path,-10.46835412215416,-9.778189255018486
path,-10.467749814058275,-9.776823775773897
path,-10.46713006196129,-9.775464388093443
path,-10.466440914082336,-9.774119111066085
path,-10.465689702073012,-9.77272618395914
path,-10.464875078036641,-9.771221317373998
path,-10.464057758372427,-9.769651673661835
path,-10.463261288362142,-9.768032664658849
path,-10.462485071005943,-9.766364884990363
path,-10.461718557787245,-9.764638901719204
path,-10.460970653406694,-9.76286593810669
path,-10.460241186208316,-9.761046817898468
path,-10.459529737357961,-9.759181343421467
path,-10.45883578879742,-9.7572700442229
path,-10.458151509341082,-9.755306511307523
path,-10.457482882084491,-9.75329963706242
path,-10.456820971193661,-9.751265998502937
path,-10.456155680030742,-9.749226852370503
path,-10.455483679329083,-9.747189230613628
path,-10.454794683881413,-9.745124194129767
path,-10.454099938924939,-9.743052288517834
path,-10.4533978413204,-9.740982027022758
path,-10.452688167765881,-9.738913460634112
path,-10.451970685551782,-9.73684664155132
path,-10.451241578988451,-9.734767130878632
path,-10.450505087155136,-9.73268961597014
path,-10.449763651140344,-9.730618037369263
path,-10.449015900873668,-9.728548190872127
path,-10.448261515223274,-9.726480178303794
path,-10.447487409201905,-9.724366344125235
path,-10.44670469441421,-9.722242511181156
path,-10.445914316120806,-9.72012080979622
path,-10.445115924898534,-9.718001343768986
path,-10.444309164210303,-9.71588421716572
path,-10.44348412863075,-9.713730698364689
path,-10.442646484301724,-9.711571297251323
path,-10.441799348038332,-9.709414447738839
path,-10.44094233563188,-9.707260260632799
path,-10.440075043624828,-9.705108850105415
path,-10.439185566743035,-9.702915123839505
path,-10.438283367981981,-9.700714143823873
path,-10.437369595538208,-9.698516268451584
path,-10.436443709782493,-9.69632164522023
path,-10.435505623749377,-9.69413024938117
path,-10.434614554888567,-9.692258689028414
path,-10.433723167757584,-9.690432951683396
path,-10.432818035500334,-9.68861097056969
path,-10.431898662807034,-9.68679284656435
path,-10.430964048446397,-9.684978947064332
path,-10.430008390774002,-9.683147895599552
path,-10.429036727220701,-9.681319789911276
path,-10.428048696889809,-9.67949592383713
path,-10.427043734211273,-9.677676394634732
path,-10.426021258754307,-9.675861297775468
path,-10.424976757985895,-9.674034163439996
path,-10.423913390507069,-9.672211060810138
path,-10.422830677175472,-9.670392655163367
path,-10.421728031723479,-9.668579011599725
path,-10.420604830362688,-9.66677019934155
path,-10.41945526804648,-9.664943948737355
path,-10.41828333445664,-9.663121283569891
path,-10.417088777840398,-9.66130365264768
path,-10.415870847596166,-9.659491124996379
path,-10.414628817367127,-9.657683749462526
path,-10.41335568034329,-9.655852407312413
path,-10.412057508804976,-9.654022595531936
path,-10.410736377979818,-9.65219694913605
path,-10.409391493361419,-9.650375517812703
path,-10.408022040638821,-9.64855834333936
path,-10.406618490456571,-9.646705798135239
path,-10.40518728812338,-9.64485491041604
path,-10.403744093864269,-9.642994097974034
path,-10.402717306572958,-9.641056705878789
path,-10.402199224644303,-9.639074945043122
path,-10.401682499401026,-9.63705996820722
path,-10.401172836062702,-9.635027913893174
path,-10.400673418894828,-9.632979152652151
path,-10.400184361386737,-9.630911163735343
path,-10.399704125792429,-9.62883072271939
path,-10.399219752038002,-9.626726589490707
path,-10.398741029092546,-9.624610670286653
path,-10.398262516559772,-9.622495515827067
path,-10.397784303617042,-9.620380655529013
path,-10.397306248412734,-9.618266761955967
path,-10.39681088126681,-9.616123919511992
path,-10.39631775773505,-9.613966248685172
path,-10.39582875011723,-9.611802466053364
path,-10.395340117674595,-9.609639460059862
path,-10.394851526407946,-9.607477061247303
path,-10.39434241379209,-9.605284685193594
path,-10.39383363633384,-9.603075746284258
path,-10.39333042648172,-9.600858282001271
path,-10.392829223688777,-9.598636425919194
path,-10.392327941997,-9.596413111959755
path,-10.391801620546074,-9.594160813575495
path,-10.391281010179293,-9.591896204245721
path,-10.390765532915903,-9.589619676384315
path,-10.390252444638794,-9.587342103535496
path,-10.389739206071482,-9.585065883278887
path,-10.389313463607984,-9.583056575125543
path,-10.38887579313686,-9.581109477012902
path,-10.388436307857328,-9.579167541931106
path,-10.387996936796188,-9.577223743378566
path,-10.387557396549658,-9.575279508209675
path,-10.387112474330882,-9.573328202016755
path,-10.386670098415584,-9.571372110168861
path,-10.386227695271272,-9.569414077234862
path,-10.385785279012136,-9.56745757830405
path,-10.38534321062242,-9.56550252898887
path,-10.384889719096536,-9.563527758714589
path,-10.384439756417878,-9.561545421158662
path,-10.383991425599977,-9.559562082016829
path,-10.383543185191632,-9.55757906197459
path,-10.38309663888498,-9.55559954431992
path,-10.382633333377935,-9.553601657037344
path,-10.382170484313448,-9.551585428472631
path,-10.381705056345083,-9.549559854561481
path,-10.38123541304729,-9.54752317592534
path,-10.380764437851665,-9.545469207039371
path,-10.380292969055338,-9.543368989341001
path,-10.379836412103144,-9.54123006579682
path,-10.379384016720628,-9.539065306814459
path,-10.378939174108526,-9.536877147890653
path,-10.378560508799923,-9.534720891968183
path,-10.378121636372414,-9.532611098460704
path,-10.377638243624617,-9.53045972095317
path,-10.377183358878746,-9.528318714293249
path,-10.376803123826356,-9.526210565491072
path,-10.376475312143864,-9.524141896225046
path,-10.376193506967864,-9.522262279082373
path,-10.375941679517178,-9.520462669536832
path,-10.375737260810975,-9.51871936359357
path,-10.375576131588657,-9.517039258317315
path,-10.375449600537923,-9.515418589411382
path,-10.37536806405197,-9.51386535876526
path,-10.375326087706748,-9.51237777878682
path,-10.375325463573697,-9.510960963965017
path,-10.375366391307963,-9.509619724603946
path,-10.37544659579183,-9.508346118389843
path,-10.375562341026004,-9.507131441813456
path,-10.37571349558394,-9.505983171598793
path,-10.375899818577503,-9.504904634230618
path,-10.376108442116374,-9.503869458047063
path,-10.376312533933234,-9.502831684347477
path,-10.376511459067016,-9.501788295110732
path,-10.37670548755369,-9.500742426938556
path,-10.376894121386858,-9.499693346224573
path,-10.377078325829535,-9.498642374821813
path,-10.377256911181961,-9.497589034419017
path,-10.377432028827782,-9.496526871955492
path,-10.377601761541404,-9.495462502824651
path,-10.377766802293115,-9.4943959091784
path,-10.377927772511333,-9.493327048454518
path,-10.378083981540888,-9.49225559751584
path,-10.378235395009337,-9.491177094437663
path,-10.378383717732387,-9.490096023204027
path,-10.378526050510716,-9.489013699093483
path,-10.378665940607616,-9.487927613972643
path,-10.378801579464291,-9.486839596732098
path,-10.378932036332403,-9.485743243150965
path,-10.379058536633483,-9.484644696050523
path,-10.379181327950773,-9.483543833806394
path,-10.379300677528684,-9.48244049456235
path,-10.379416985147914,-9.481334387610225
path,-10.379530117288601,-9.480219635819564
path,-10.379640971949984,-9.479101492082844
path,-10.379749813730065,-9.477979587567624
path,-10.379856855974774,-9.47685353775324
path,-10.379962316283942,-9.475722912643588
path,-10.380065853778836,-9.474582442064603
path,-10.380168229211321,-9.473436517046737
path,-10.380269528238795,-9.472284697469226
path,-10.380369661735903,-9.471126640204291
path,-10.380468674370215,-9.46996194010312
path,-10.380565841607941,-9.468783518535645
path,-10.380662313542686,-9.467597484786266
path,-10.380758213917037,-9.466403383989858
path,-10.38085383251397,-9.465200674242718
path,-10.38094944580858,-9.463988837057066
path,-10.381043777600071,-9.462758539223334
path,-10.3811385028158,-9.461521086865554
path,-10.381231527209565,-9.460272349891182
path,-10.381321015251686,-9.459015780797738
path,-10.381407128675905,-9.457751438882202
path,-10.381488699414675,-9.456470392550564
path,-10.38156817519571,-9.45518110549664
path,-10.381646187669498,-9.453883342789604
path,-10.38172336684181,-9.452576865817218
path,-10.38180034383932,-9.451261437838534
path,-10.381875953407285,-9.44992925390159
path,-10.3819526257549,-9.448587639176738
path,-10.38203100151485,-9.447236367975975
path,-10.382111736636327,-9.445875209815002
path,-10.38219544659366,-9.44450396676
path,-10.382279419371526,-9.443109570259452
path,-10.382367665296142,-9.441704634186355
path,-10.382460842878293,-9.440288794370504
path,-10.3825533029608,-9.438865484661203
path,-10.382651784350072,-9.437448602788322
path,-10.38277767459712,-9.436042869173981
path,-10.382942874069343,-9.434572382779006
path,-10.383065369596823,-9.433018888216631
path,-10.383174698458365,-9.431472754600666
path,-10.38327933664962,-9.429929477497698
path,-10.383375391210329,-9.428370268108962
path,-10.383468658041641,-9.426811183482563
path,-10.383556519979736,-9.425247534906278
path,-10.383642603399105,-9.423679407724531
path,-10.383727994901092,-9.422106214681264
path,-10.383809656183917,-9.420513972536932
path,-10.383892702435014,-9.418915685350186
path,-10.383978158289603,-9.41731092826628
path,-10.384063401147115,-9.415698472707007
path,-10.384156074873017,-9.414080076968968
path,-10.38424678464645,-9.412431066059016
path,-10.384345795576461,-9.410775192375846
path,-10.384404043098186,-9.409147493868106
path,-10.384438753977873,-9.407548292209082
path,-10.384449188689326,-9.40595941520142
path,-10.38447754224275,-9.404453847466844
path,-10.384487489828524,-9.403018133354674
path,-10.384477212808374,-9.401625075464889
path,-10.384444881865459,-9.400241837596008
path,-10.384390901893005,-9.398868271804252
path,-10.384313419769002,-9.397496706548099
path,-10.384215022529093,-9.396134660709215
path,-10.384096105589133,-9.394782035964521
path,-10.383957485061893,-9.393438531501612
path,-10.38380934940553,-9.392099632564088
path,-10.38364955582551,-9.390752055419847
path,-10.383487696626691,-9.389408557942897
path,-10.383321061615142,-9.388067676333383
path,-10.383149870658611,-9.386729351059657
path,-10.382974332397174,-9.385393526825494
path,-10.38279374285801,-9.384057122603048
path,-10.38260927256018,-9.38272308591607
path,-10.382421168462097,-9.381391344260205
path,-10.38222959784438,-9.380061858694956
path,-10.382034718372973,-9.378734594196874
path,-10.381833805380028,-9.377399919441842
path,-10.381629861175991,-9.376067419076435
path,-10.381423017098736,-9.374737074966786
path,-10.381213452522093,-9.373408841822721
path,-10.38100157009378,-9.372082573080988
path,-10.380784924425544,-9.370749638947222
path,-10.380566191232315,-9.369418644590265
path,-10.380342621014554,-9.36808814457462
path,-10.380119498836837,-9.366761157846165
path,-10.379894511018085,-9.365436144052834
path,-10.379665506591488,-9.364105779207742
path,-10.379434751431633,-9.362777396100887
path,-10.37920229936349,-9.36145101095478
path,-10.378968196051089,-9.36012663953317
path,-10.378732480099337,-9.358804300682039
path,-10.378491625461974,-9.357472327234227
path,-10.37824920333778,-9.356142457046062
path,-10.378005232471073,-9.354814725074151
path,-10.377759723315409,-9.353489163493418
path,-10.377512682713837,-9.35216580381135
path,-10.377261669448483,-9.350833314304616
path,-10.37701045576187,-9.349501496157561
path,-10.376759043839463,-9.348170353957647
path,-10.376507433387305,-9.34683988762987
path,-10.376255623058938,-9.345510097557067
path,-10.37599951276386,-9.344167405290086
path,-10.375743210722966,-9.342825389960717
path,-10.37548671298491,-9.34148406051249
path,-10.375230012706274,-9.340143419706413
path,-10.374973101984693,-9.338803470761018
path,-10.374713814376221,-9.337456993191967
path,-10.374454304781702,-9.336111214515713
path,-10.374194599523747,-9.334766126358662
path,-10.373934716216494,-9.333421720326852
path,-10.373674641030455,-9.332078002203849
path,-10.373441193988283,-9.33078464783544
path,-10.373212197794368,-9.329538883974077
path,-10.372983999751602,-9.328309030441696
path,-10.372755373125788,-9.327079873064005
path,-10.372526340344661,-9.325851401340593
path,-10.372295973467097,-9.324620340869187
path,-10.372065219756708,-9.323389957491033
path,-10.371834067539854,-9.322160257851122
path,-10.371602503629594,-9.320931247463573
path,-10.371370513749898,-9.319702932307901
path,-10.371136859081135,-9.318471098521407
path,-10.370902750471473,-9.317239972743671
path,-10.37066817046041,-9.316009564608233
path,-10.370433099889095,-9.31477988217125
path,-10.370197518443904,-9.313550933976918
path,-10.369960740211187,-9.312320413965471
path,-10.36972340907385,-9.311090646437465
path,-10.369485501233745,-9.30986164266125
path,-10.36924699136155,-9.30863341328802
path,-10.36900785288113,-9.307405969488638
path,-10.36876686269355,-9.306175115628095
path,-10.368525190764144,-9.304945070645514
path,-10.368282820828606,-9.303715843233293
path,-10.368039891575513,-9.30248736991851
path,-10.367796418837672,-9.301259642568763
path,-10.367550786153906,-9.300027049132622
path,-10.367304544923766,-9.298795230433969
path,-10.367057658382285,-9.29756420501868
path,-10.366810087751642,-9.29633398920442
path,-10.366561792942099,-9.295104599836232
path,-10.366311289319627,-9.293870866816292
path,-10.36605998198162,-9.292637994742782
path,-10.365807841835739,-9.291405998228516
path,-10.365554874639734,-9.290174873204188
path,-10.365301037010923,-9.288944637595108
path,-10.36504472186975,-9.28770965139246
path,-10.364787441698924,-9.286475595232336
path,-10.364529157511047,-9.285242488427087
path,-10.364269813494907,-9.284010352569867
path,-10.364009342441221,-9.282779217601918
path,-10.363746358304688,-9.281544227908132
path,-10.363482134334902,-9.28031028593686
path,-10.363216609511996,-9.27907741937279
path,-10.362949720328722,-9.277845654392676
path,-10.36280549048154,-9.27663229693798
path,-10.362976622632136,-9.27546872774987
path,-10.363261473459152,-9.274395844635702
path,-10.363565352261476,-9.273324420917465
path,-10.363874002285046,-9.272238827823928
path,-10.364187417687424,-9.271139219397945
path,-10.364507012025538,-9.270020682415868
path,-10.364831376534577,-9.268888394400024
path,-10.36516052916744,-9.267742438436697
path,-10.365494513888978,-9.26658281424883
path,-10.365833382891847,-9.265409494585393
path,-10.366178496004613,-9.26421782654286
path,-10.3665285587287,-9.263012549362568
path,-10.36688369334897,-9.261793432918205
path,-10.367244186801164,-9.260559690216937
path,-10.367609950435334,-9.259311794415638
path,-10.367980662220324,-9.258050990437859
path,-10.36835512235468,-9.256781253855278
path,-10.368733220329384,-9.25550303220555
path,-10.369115043249924,-9.254216151717944
path,-10.369500683669024,-9.252920424764364
path,-10.369891880140989,-9.251610030307642
path,-10.370287117671065,-9.250290317111235
path,-10.37068651289321,-9.248961036811545
path,-10.371090186884715,-9.247621929618358
path,-10.371498287235926,-9.24627265624808
path,-10.371912695433249,-9.244907035407984
path,-10.372329295343235,-9.24353861905284
path,-10.372747112556363,-9.242170466660124
path,-10.373166145606247,-9.240802582099642
path,-10.373586393070271,-9.239434968988165
path,-10.374011060011942,-9.238057217108931
path,-10.374437106121073,-9.236679297127658
path,-10.37486438189706,-9.235301662811276
path,-10.375292886009877,-9.233924317074854
path,-10.375722617150668,-9.232547262695753
path,-10.376156458201228,-9.231161284937768
path,-10.376591634678554,-9.229775328580715
path,-10.377030439101839,-9.228391834960135
path,-10.377467884298992,-9.227006639038068
path,-10.377907740959913,-9.225620903270174
path,-10.378329028869615,-9.224300730350878
path,-10.378747726066944,-9.222993005151864
path,-10.379165489160746,-9.221692074980277
path,-10.379582365092213,-9.220397699185709
path,-10.37999840122543,-9.219109641492677
path,-10.380414347239764,-9.217825490106598
path,-10.380830811924058,-9.216543357651483
path,-10.381248475173578,-9.215261181460837
path,-10.381667051683372,-9.213979811558064
path,-10.382086731567279,-9.21269866036394
path,-10.382508523952104,-9.211414650565352
path,-10.382931471061871,-9.210130707916118
path,-10.383355553024604,-9.20884688444292
path,-10.38378071415611,-9.207563339870905
path,-10.384206951106574,-9.206280077342615
path,-10.384635435660519,-9.204993575730875
path,-10.385064997858297,-9.203707361934057
path,-10.385495632994026,-9.20242143986992
path,-10.385927338547129,-9.201135811870921
path,-10.386360112162611,-9.19985048010113
path,-10.386795307632038,-9.198561433572138
path,-10.387231575814333,-9.197272687343759
path,-10.387668912751115,-9.195984243928983
path,-10.388107317074574,-9.19469610366935
path,-10.388547318166546,-9.193406704742706
path,-10.388989240894066,-9.192115144290518
path,-10.389431696653757,-9.190825457668591
path,-10.38987453788877,-9.189538050762204
path,-10.390318052088425,-9.188252054359783
path,-10.390762550458431,-9.186966555110661
path,-10.391209427686581,-9.185677528892164
path,-10.391657295433717,-9.184388998367664
path,-10.39210916527503,-9.183103066321554
path,-10.392567823326404,-9.181813263834549
path,-10.393027471842341,-9.1805146396401
path,-10.393495174731155,-9.179205489794446
path,-10.393968413694159,-9.177892077182216
path,-10.394446680419263,-9.176575056331252
path,-10.39492924590762,-9.175255284096703
path,-10.395413472923368,-9.173935453130303
path,-10.39590154304139,-9.172608680149631
path,-10.396390729006656,-9.17128238209553
path,-10.396881015654722,-9.169956574943917
path,-10.397372397205782,-9.168631256005245
path,-10.397864868336683,-9.16730642274638
path,-10.398361033920366,-9.165975079385964
path,-10.398858295002112,-9.164644219298065
path,-10.399356643100472,-9.163313843068515
path,-10.399856074312467,-9.16198394864686
path,-10.400356600759089,-9.160654473413489
path,-10.400861155266327,-9.159317616655562
path,-10.401366840108867,-9.157981093331864
path,-10.401873704751077,-9.156644706151047
path,-10.402381803736384,-9.155308254778035
path,-10.402891192766763,-9.153971538882551
path,-10.403405718776778,-9.152623765408585
path,-10.403926011515217,-9.151260013932715
path,-10.404447794100847,-9.149895651122966
path,-10.404970736297196,-9.148531802335311
path,-10.405494836010192,-9.147168466121233
path,-10.40602217600281,-9.145800236089329
path,-10.406550682013924,-9.144432517802956
path,-10.40708034890577,-9.1430653120724
path,-10.407611179540398,-9.141698601735124
path,-10.408143162986633,-9.140332417374255
path,-10.408680850755088,-9.13895512581202
path,-10.409219825360077,-9.137577977495823
path,-10.40976003788744,-9.13620111953907
path,-10.410302186254793,-9.134822116305532
path,-10.41084605826534,-9.133441774748771
path,-10.411394633483113,-9.132053724635636
path,-10.411944766510688,-9.130664945697875
path,-10.412496523963277,-9.1292752218872
path,-10.413049974621543,-9.127884334821958
path,-10.41360518868306,-9.126492065246765
path,-10.41416652002399,-9.125088745487613
path,-10.414729768866462,-9.12368360211741
path,-10.415295008527984,-9.122276415800675
path,-10.415862315089067,-9.120866963534151
path,-10.41643494448513,-9.119434267378246
path,-10.417043182877155,-9.117953172801558
path,-10.417691330527521,-9.116433349605328
path,-10.418379129911651,-9.114874759255759
path,-10.41910634853985,-9.113277333027723
path,-10.41986478567371,-9.111649288526376
path,-10.420647229562977,-9.110030777615988
path,-10.421454970719982,-9.108396366149426
path,-10.422283646786791,-9.106740950495235
path,-10.423133160522385,-9.105064331624877
path,-10.424003428972377,-9.103366295743912
path,-10.424894192090932,-9.101645635608245
path,-10.425802725513172,-9.099906064847826
path,-10.426598904438453,-9.098209283673793
path,-10.427317479836951,-9.096658277691064
path,-10.428110675499012,-9.09514186347387
path,-10.42898654302839,-9.093657771168862
path,-10.429895391379455,-9.092149632106592
path,-10.4308303015759,-9.09060922192669
path,-10.431790598916361,-9.08903735892136
path,-10.432757071959633,-9.087454015934474
path,-10.433725846869299,-9.085861335466964
path,-10.434693239581447,-9.084265438826414
path,-10.435659117939585,-9.082666494310123
path,-10.43662351085927,-9.081064490986671
path,-10.437586449417587,-9.079459423271134
path,-10.438550728279468,-9.077846978073941
path,-10.43951135945172,-9.076236718010032
path,-10.44047362239804,-9.07465944324465
path,-10.44144239532168,-9.073069101024858
path,-10.44240955015006,-9.071475359434436
path,-10.443380271837725,-9.069870286512044
path,-10.444351226870273,-9.068267554702139
path,-10.445322583643232,-9.066666529103829
path,-10.44629339294174,-9.065065584715713
path,-10.447263649708233,-9.063464725998081
path,-10.448241756883315,-9.06184585643539
path,-10.449224808091936,-9.06023033750523
path,-10.45023071288534,-9.05859795433616
path,-10.451259516947745,-9.056949461535538
path,-10.45231348469993,-9.055286244884302
path,-10.453404189568605,-9.053595766507655
path,-10.454521763024557,-9.051894805217854
path,-10.455645131664653,-9.05020070303725
path,-10.456771063639057,-9.048515603507889
path,-10.457899104985806,-9.046839508436058
path,-10.459038996231694,-9.045156200134459
path,-10.460177679380323,-9.043476988672465
path,-10.461314661360852,-9.041800953356658
path,-10.462405377949068,-9.040194648294339
path,-10.46338032941694,-9.038694392542757
path,-10.464244945671465,-9.037283604933295
path,-10.465009158439317,-9.035959474410568
path,-10.465683355442149,-9.03471168152538
path,-10.4662677333727,-9.033539978323702
path,-10.466762391603414,-9.03244419917802
path,-10.467176228222487,-9.031413387869591
path,-10.467575882875375,-9.030397364848437
path,-10.467973824731196,-9.029385919966096
path,-10.468370119613754,-9.028378883113643
path,-10.468764831444807,-9.027376089775352
path,-10.46916112364966,-9.026369047287929
path,-10.469555961312453,-9.025365923259255
path,-10.469949404394681,-9.024366567007187
path,-10.470341511982156,-9.02337082830257
path,-10.470732343631754,-9.022378557415626
path,-10.471101549139803,-9.021444834457826
path,-10.47146752717559,-9.020519209141927
path,-10.471832369997992,-9.01959666229324
path,-10.472196136123378,-9.018677051744483
path,-10.472558882208782,-9.017760240607014
path,-10.47292097863144,-9.016845254323748
path,-10.4732821671384,-9.015932798052816
path,-10.473642502343653,-9.015022741691904
path,-10.474002038637114,-9.014114956309841
path,-10.47436082978722,-9.01320931501436
path,-10.474719347343045,-9.012304579751806
path,-10.475077225890253,-9.011401740638124
path,-10.475434517646475,-9.01050067705075
path,-10.475791274509854,-9.009601268769751
path,-10.476147548477892,-9.008703397163977
path,-10.476503789265651,-9.00780588683946
path,-10.476859738993713,-9.006909488797344
path,-10.477215530139011,-9.006013920054459
path,-10.477571089297053,-9.005119328752235
path,-10.477926555154243,-9.004225418125971
path,-10.47828401177787,-9.003327619573277
path,-10.4786457451062,-9.002421286594362
path,-10.479011628998785,-9.001506728786179
path,-10.47938172946457,-9.00058384697439
path,-10.479756117549487,-8.999652533658228
path,-10.480135047608313,-8.998712177404522
path,-10.48051830221116,-8.99776339862261
path,-10.480905964437849,-8.996806067779659
path,-10.48129809180118,-8.995840111391454
path,-10.481694695423357,-8.994865552486877
path,-10.482096310365453,-8.993881046015481
path,-10.482502449770648,-8.992887933438343
path,-10.482913221312703,-8.99188604091535
path,-10.483328732150492,-8.99087519742349
path,-10.483748964456199,-8.989855493552016
path,-10.484174528145605,-8.988825396018791
path,-10.484604952127897,-8.987786259876817
path,-10.485040288787124,-8.986738035502624
path,-10.485480572903239,-8.985680709416561
path,-10.485925945268905,-8.984614050639635
path,-10.48637738731849,-8.983535644416692
path,-10.486834257755078,-8.982447335719751
path,-10.487296685979672,-8.98134892764066
path,-10.487764842205468,-8.980240143758598
path,-10.48823890205188,-8.979120698645474
path,-10.488719518997165,-8.977989075256547
path,-10.489206413668594,-8.97684618851375
path,-10.489699784400814,-8.975691719611474
path,-10.490200898125606,-8.97452895117761
path,-10.490705484258369,-8.973353383794183
path,-10.491218316318978,-8.97216249007755
path,-10.491738550480102,-8.970958661605488
path,-10.492266420350418,-8.96974151922703
path,-10.492802234948932,-8.968510538066067
path,-10.493346332522554,-8.967265147170894
path,-10.493899868302785,-8.966002560554939
path,-10.494451224488186,-8.964682501370058
path,-10.494922658583192,-8.96327799924561
path,-10.49538079327138,-8.96205146344431
path,-10.495805681601887,-8.96100721541771
path,-10.496224435625265,-8.960017781217864
path,-10.496643571239947,-8.959028439456608
path,-10.497063084821928,-8.958039193280538
path,-10.497482973453078,-8.957050043828922
path,-10.497903234915182,-8.956060992097767
path,-10.498326301951037,-8.95506632350218
path,-10.498749741374075,-8.954071754105398
path,-10.49917355272349,-8.953077286519166
path,-10.499597731715735,-8.95208292163871
path,-10.500022278415983,-8.951088660068699
path,-10.500448239156157,-8.950092056108526
path,-10.500874565198234,-8.949095556477932
path,-10.501301256477877,-8.948099162247562
path,-10.501728311450817,-8.947102874017368
path,-10.502155728914826,-8.946106691991744
path,-10.50258536099735,-8.945106310459266
path,-10.50301535733089,-8.944106035364529
path,-10.503445717189129,-8.943105868556632
path,-10.503876439803173,-8.942105810326211
path,-10.504307524963318,-8.9411058607993
path,-10.50472420020294,-8.940138822961554
path,-10.505141153133735,-8.939173408820125
path,-10.505558442898936,-8.938208096689047
path,-10.505976069100193,-8.937242886601066
path,-10.506394030910469,-8.936277778944355
path,-10.506811835235426,-8.935313909945227
path,-10.507229973905966,-8.934350143860826
path,-10.507648446637342,-8.933386480226712
path,-10.508067253315378,-8.932422919222619
path,-10.508486393658341,-8.931459461007263
path,-10.50890551406312,-8.930496915921234
path,-10.509324966702552,-8.929534474258322
path,-10.509744751738934,-8.928572135542494
path,-10.510164868778531,-8.927609900058808
path,-10.51058531788198,-8.926647767547061
path,-10.511005615371348,-8.925686841704007
path,-10.511426243727088,-8.924726019254921
path,-10.511849305173405,-8.9237613494246
path,-10.512271421267581,-8.92279919388374
path,-10.512694686116118,-8.92183561556839
path,-10.513118738142074,-8.920871442747544
path,-10.513543939097385,-8.919905861751074
path,-10.513970290461302,-8.918938877752197
path,-10.514397794178926,-8.917970495748905
path,-10.514826451421065,-8.917000721144648
path,-10.515255878211814,-8.9160304303166
path,-10.51568646087089,-8.915058757985035
path,-10.516118202128345,-8.914085707559845
path,-10.5165511046347,-8.913111282522145
path,-10.516985171116907,-8.912135486235185
path,-10.517420237696914,-8.911158695751107
path,-10.51785647338663,-8.910180540976194
path,-10.518293881093193,-8.909201024540275
path,-10.518732464067346,-8.908220149007622
path,-10.519172225835144,-8.907237916356687
path,-10.519614710910625,-8.906251663500884
path,-10.520055742094883,-8.905268898794345
path,-10.520497146001903,-8.904286271300922
path,-10.52093892111351,-8.903303781128997
path,-10.52138106669674,-8.90232143028669
path,-10.521823420395195,-8.901339577442942
path,-10.522266141276887,-8.900357869206386
path,-10.522709227996081,-8.899376307963257
path,-10.52315267969306,-8.89839489531336
path,-10.523596495050905,-8.897413633611995
path,-10.524040572716954,-8.89643274624814
path,-10.524485012541533,-8.895452012321831
path,-10.524929813806871,-8.894471433300176
path,-10.525374975835549,-8.893491010355715
path,-10.525820498075083,-8.892510744541344
path,-10.526266246063493,-8.89153093036512
path,-10.526712353002324,-8.890551275090884
path,-10.527158818154122,-8.889571779707552
path,-10.527605641224625,-8.888592444959803
path,-10.528052822125188,-8.887613271274287
path,-10.52850026984679,-8.886634456474642
path,-10.528948074137318,-8.885655804271158
path,-10.529396234871884,-8.884677314830189
path,-10.529844751865491,-8.883698988640953
path,-10.53029362482937,-8.882720826157236
path,-10.530742803168103,-8.881742936715641
path,-10.53119233652241,-8.880765212094262
path,-10.531642225543887,-8.879787651934052
path,-10.532092469266688,-8.878810256977323
path,-10.532543067695359,-8.877833027708158
path,-10.532994023520725,-8.876855958306882
path,-10.53344554435326,-8.875879054693419
path,-10.533892332182072,-8.874898721425271
path,-10.53433825619225,-8.873922204118834
path,-10.534780518093996,-8.87294591527763
path,-10.535219174314813,-8.871969748886013
path,-10.535654169581273,-8.870993849868766
path,-10.536085507127884,-8.870018240249387
path,-10.53651318727801,-8.869042939532871
path,-10.536937210642403,-8.868067967185809
path,-10.53735766956129,-8.867093129041528
path,-10.537774465638893,-8.866118650625221
path,-10.538187559500232,-8.865144496027593
path,-10.538596950875231,-8.864170685548768
path,-10.53900269037482,-8.863197314921596
path,-10.539404412945931,-8.862223279796316
path,-10.539802701591746,-8.861250042246063
path,-10.540197110214798,-8.860277000538426
path,-10.54058757216067,-8.859304092560565
path,-10.5409685658641,-8.858323940942766
path,-10.541344187079764,-8.85733956235677
path,-10.541711569184649,-8.856351097243042
path,-10.542069884338154,-8.855356435831
path,-10.542418954535806,-8.854353459362498
path,-10.54276074656807,-8.853340769499393
path,-10.54309540766681,-8.852317655396034
path,-10.54342222871935,-8.851283972565762
path,-10.543740904082226,-8.850239316519204
path,-10.544051214690228,-8.84918339643469
path,-10.544352833675495,-8.848115779850634
path,-10.544646065554103,-8.84703560382445
path,-10.544930222180241,-8.845943220052042
path,-10.545206411531122,-8.844840067017236
path,-10.545481483678826,-8.843735060966127
path,-10.54575678677291,-8.842629953027686
path,-10.546032588213674,-8.841523678947642
path,-10.546308623694198,-8.840417303656613
path,-10.546584895400661,-8.839310827099043
path,-10.546861404552233,-8.838204249625662
path,-10.547138151970431,-8.837097571979086
path,-10.547415484218389,-8.835989415754659
path,-10.547693057338215,-8.834881158743766
path,-10.547970872222978,-8.83377280213425
path,-10.548248929689969,-8.832664346075637
path,-10.548527230479634,-8.831555790799497
path,-10.548812102373773,-8.830431171823705
path,-10.549095547938984,-8.829304259572709
path,-10.549379240403562,-8.82817723801498
path,-10.549663181090093,-8.827050107809576
path,-10.549947370775802,-8.825922870146767
path,-10.550231001363139,-8.824798261983963
path,-10.550514970173458,-8.823673665508565
path,-10.550799189033421,-8.822548964475127
path,-10.551083658348874,-8.821424159899612
path,-10.55136837864618,-8.820299252590344
path,-10.551652520261285,-8.819176755746483
path,-10.551937058311086,-8.818054347770746
path,-10.552221847644494,-8.816931839109584
path,-10.55250688854039,-8.81580923037598
path,-10.552792181337514,-8.814686522112448
path,-10.553076748970716,-8.813565781570942
path,-10.553361906987805,-8.812445385385143
path,-10.55364731660787,-8.811324891422512
path,-10.553932978081175,-8.810204300087882
path,-10.554218856331142,-8.809083566303634
path,-10.554503750823821,-8.807963008239742
path,-10.554788255845908,-8.806841519175196
path,-10.555072022707611,-8.805718644546955
path,-10.555354702676109,-8.804593929391407
path,-10.55563594687819,-8.803466918887702
path,-10.555913932864154,-8.802338177622767
path,-10.556189781308898,-8.801206228713832
path,-10.556463142198382,-8.80007061431581
path,-10.556733664151489,-8.798930875826809
path,-10.557000996489565,-8.797786554786025
path,-10.557257561994316,-8.796642219844921
path,-10.55751023238978,-8.795492393722636
path,-10.55775866204178,-8.794336618745085
path,-10.55800250226828,-8.793174440165794
path,-10.558241403621627,-8.79200540156085
path,-10.558474677454608,-8.790829280399148
path,-10.558702311591649,-8.789645382628226
path,-10.558923955203582,-8.788453248302769
path,-10.559139258864287,-8.787252420050821
path,-10.559347872530212,-8.786042438497182
path,-10.559549236997668,-8.784822987551136
path,-10.55974320736454,-8.78359346217407
path,-10.559929432778631,-8.782353400730665
path,-10.560107561244664,-8.781102341932717
path,-10.560277239863057,-8.779839822412653
path,-10.56043806114529,-8.778565416579614
path,-10.5605897279989,-8.77727862367818
path,-10.560731887489943,-8.775978979126238
path,-10.560864187877739,-8.77466601934677
path,-10.560986274524412,-8.773339278490047
path,-10.561097926883544,-8.771998198507202
path,-10.561198660695242,-8.770642406758691
path,-10.561288122146248,-8.769271436014527
path,-10.561365957775005,-8.767884819268456
path,-10.561431812836984,-8.766482087733937
path,-10.561485603957658,-8.765062586349657
path,-10.561526707097931,-8.763626032456742
path,-10.561554769308474,-8.762171957335536
path,-10.561569436273688,-8.760699892242096
path,-10.561570639291379,-8.759209734835595
path,-10.561565159432826,-8.75770873441343
path,-10.561554392670411,-8.756200304088015
path,-10.56153798391812,-8.75468397865373
path,-10.56151557874522,-8.753159290394528
path,-10.561486822329755,-8.751625772147307
path,-10.5614524835193,-8.750082175031718
path,-10.561411082075724,-8.74852880949384
path,-10.561362262074004,-8.746965205415233
path,-10.56130566766599,-8.74539089272601
path,-10.561240940772864,-8.743805398420344
path,-10.561169345064034,-8.742207125850461
path,-10.561088906586667,-8.740596727132678
path,-10.56099926628128,-8.738973729404071
path,-10.560901841476436,-8.737339988493922
path,-10.560801766676299,-8.735702207704845
path,-10.56070031606005,-8.73405955256863
path,-10.560595886047407,-8.732412415993448
path,-10.560488115396884,-8.73076032375395
path,-10.560376643906356,-8.729102801801998
path,-10.560261110551384,-8.727439376156031
path,-10.560143286332831,-8.725768088640773
path,-10.560022664384402,-8.724092541387343
path,-10.55990246619287,-8.722416950830672
path,-10.559782740128934,-8.720741382367793
path,-10.559663486562508,-8.71906583483883
path,-10.55954460436243,-8.717394798204205
path,-10.559426604175663,-8.715724328259194
path,-10.559309077503302,-8.714053886951861
path,-10.559192023483739,-8.712383474678488
path,-10.559075441877955,-8.71071309026513
path,-10.558958940088418,-8.709046731219845
path,-10.558843619479779,-8.707381336515956
path,-10.558728768907782,-8.705715973182361
path,-10.5586143874733,-8.704050641503699
path,-10.55850047501787,-8.70238534007695
path,-10.558386478291643,-8.70072211601627
path,-10.558273336933034,-8.69905943554663
path,-10.55816042566947,-8.697396476217596
path,-10.558045075061589,-8.69572973475967
path,-10.557926341324121,-8.694057974636872
path,-10.557806614277883,-8.692386176195477
path,-10.55768748033561,-8.690714574710018
path,-10.557568865550381,-8.689043076324682
path,-10.557450543151814,-8.68737137778678
path,-10.557332714214212,-8.685699746374523
path,-10.55721543255864,-8.684029166761086
path,-10.557098703797742,-8.682358734902511
path,-10.55698250243328,-8.680688417079525
path,-10.556866842199142,-8.679018232016873
path,-10.556751695597793,-8.67734814313489
path,-10.556637134508774,-8.675678195203147
path,-10.55652308682891,-8.674008344045028
path,-10.55640931074307,-8.672338274423153
path,-10.556295520420187,-8.67066761149916
path,-10.556181264184202,-8.668995762555156
path,-10.556066749095862,-8.66732192045007
path,-10.555951094001864,-8.665646002420074
path,-10.555833903004427,-8.663967488467636
path,-10.555714874688276,-8.662285981125365
path,-10.55559360319258,-8.660600946058368
path,-10.555470553191425,-8.658911347098659
path,-10.555344574709245,-8.65721731606336
path,-10.555215258770827,-8.65551831166969
path,-10.555082004768957,-8.653813538760309
path,-10.55494477420245,-8.652102942664872
path,-10.554807245664133,-8.650388260690885
path,-10.554670245396963,-8.64867368087566
path,-10.554534171020238,-8.646959731147565
path,-10.554399020541458,-8.64524640869621
path,-10.554264794272063,-8.64353371569401
path,-10.55413152810234,-8.641816223036097
path,-10.553998678251435,-8.64009868576344
path,-10.553866757042725,-8.638381779612155
path,-10.553735762255156,-8.636665511125734
path,-10.553605692937406,-8.634949872503805
path,-10.553476539089846,-8.633228655922103
path,-10.553347810359252,-8.631507410715445
path,-10.553220011892467,-8.629786800664853
path,-10.553093144121188,-8.628066826600822
path,-10.552967204376007,-8.626347494615846
path,-10.552842059230882,-8.62462083136393
path,-10.55271735971902,-8.622894157574043
path,-10.552593596022133,-8.621168132681635
path,-10.552470767983863,-8.619442748412595
path,-10.552348873549036,-8.617718007481502
path,-10.552228292941887,-8.615984855294414
path,-10.552107537768821,-8.61425086764475
path,-10.551987725377487,-8.612517532010285
path,-10.551868854763445,-8.610784847491075
path,-10.551750925782137,-8.609052812650734
path,-10.551634285607182,-8.607310325053461
path,-10.551517392784392,-8.605566896711093
path,-10.551401452793275,-8.603824126329817
path,-10.551286463614659,-8.602082018746202
path,-10.551172426033535,-8.600340571789397
path,-10.551059645718448,-8.598586316038595
path,-10.55094653886355,-8.596831017563519
path,-10.550834396331396,-8.595076389647254
path,-10.550723217207981,-8.593322433005458
path,-10.550613000965939,-8.591569146183286
path,-10.550511008975914,-8.589874785764678
path,-10.550406707977839,-8.588188355144784
path,-10.550303297076974,-8.586502546474222
path,-10.550200774387408,-8.584817359604212
path,-10.550099139539789,-8.583132792664594
path,-10.549998268475422,-8.581446797952784
path,-10.54989828616099,-8.579761423333755
path,-10.54979919128798,-8.57807667113205
path,-10.549700982718518,-8.576392542119747
path,-10.5496036601463,-8.574709036029013
path,-10.549507035464893,-8.573022884898839
path,-10.549411299166119,-8.57133735533745
path,-10.549316449559782,-8.569652448861614
path,-10.549221368458406,-8.567966429409948
path,-10.549124728994903,-8.566274333391139
path,-10.549020242548755,-8.564568554661033
path,-10.548910617099128,-8.562853906465142
path,-10.548796761110516,-8.561131610696732
path,-10.54868094153989,-8.559405395621491
path,-10.54856603339168,-8.557679860138405
path,-10.54845180199765,-8.555949052741965
path,-10.548338475170334,-8.554218922490973
path,-10.548226166264119,-8.552489628742203
path,-10.548114775071339,-8.550761038540044
path,-10.548004350467428,-8.549033227350593
path,-10.5478957407188,-8.547319039736143
path,-10.547788055225913,-8.54560582109493
path,-10.547681317244258,-8.543893370606972
path,-10.54757548654999,-8.542181639416272
path,-10.547470643642317,-8.540470737273424
path,-10.547366708140927,-8.53875690092285
path,-10.547263481068587,-8.537043521348766
path,-10.547161238947378,-8.53533097109434
path,-10.547059941382493,-8.533619202072769
path,-10.54695955871975,-8.531908176304244
path,-10.546859838988253,-8.530192578536614
path,-10.546761041609884,-8.528477729322466
path,-10.546663220653935,-8.52676370794384
path,-10.546566323015293,-8.525050443124377
path,-10.546470395774127,-8.523337999984689
path,-10.546375074005365,-8.521619460357243
path,-10.54628066241896,-8.519901658398611
path,-10.546187185356645,-8.518184628268646
path,-10.546094676709354,-8.5164684209287
path,-10.546003104386752,-8.514752993029358
path,-10.545912171284572,-8.513028116397386
path,-10.545821954832094,-8.51130371786254
path,-10.54573270853439,-8.509580143727154
path,-10.54564441988834,-8.507857374723104
path,-10.545557083777522,-8.506135406148145
path,-10.545472981672987,-8.504441430828287
path,-10.545388972648274,-8.502749940107519
path,-10.545305886668844,-8.501059233012706
path,-10.545223724628798,-8.499369305425668
path,-10.545142487354939,-8.497680165128074
path,-10.54506222358112,-8.495992844465096
path,-10.544982881539736,-8.494306308056562
path,-10.544904460351429,-8.492620558390167
path,-10.54482713182234,-8.490935819024116
path,-10.54475055101342,-8.489251632165246
path,-10.544674924193416,-8.487569018815478
path,-10.544600214425623,-8.485887187003447
path,-10.544526421072202,-8.484206137907062
path,-10.544453543363709,-8.4825258692673
path,-10.544381580129617,-8.480846382623156
path,-10.544310556867742,-8.479167365668253
path,-10.54424040647408,-8.477489072568996
path,-10.54417116910542,-8.47581156141679
path,-10.544102843924723,-8.474134830374936
path,-10.54403543050789,-8.472458877109803
path,-10.543968848081974,-8.470781708913949
path,-10.54390317813464,-8.469105319617803
path,-10.543838419413017,-8.467429711043742
path,-10.543774570988699,-8.465754881310117
path,-10.543711631229904,-8.464080831802578
path,-10.543649486792036,-8.462404480352522
path,-10.543588253305128,-8.46072891187845
path,-10.543527930269484,-8.459054126293887
path,-10.543468517087959,-8.45738012275956
path,-10.543410012669506,-8.455706896964971
path,-10.543352301192918,-8.454031087960585
path,-10.543307860194131,-8.452291278773886
path,-10.543285214410005,-8.450415703009739
path,-10.54327327423558,-8.448525459246753
path,-10.543280300071984,-8.446627853723843
path,-10.543299362339514,-8.44472094609463
path,-10.543341077701703,-8.442871413278171
path,-10.543425654326954,-8.441131929615938
path,-10.543554693590433,-8.439438224166146
path,-10.543727666973034,-8.437789761574152
path,-10.543947433430208,-8.43618148232336
path,-10.544210534676814,-8.434617525272085
path,-10.544514831037596,-8.43309565275229
path,-10.54485537726045,-8.43160995553549
path,-10.545231732171661,-8.43015991524158
path,-10.545648400150908,-8.428740438895025
path,-10.54617321961031,-8.427368488575407
path,-10.546785736529408,-8.426081260985084
path,-10.54748554673867,-8.424879265488471
path,-10.54827011376788,-8.423736555026085
path,-10.549073223510954,-8.422552018425668
path,-10.549847244477707,-8.42135656607509
path,-10.55059191328631,-8.420150602609203
path,-10.551307736544064,-8.418934848243348
path,-10.551994872649761,-8.41770955010037
path,-10.55265020852336,-8.416479521514388
path,-10.553277180281054,-8.415240474772043
path,-10.553875955933027,-8.413992684364542
path,-10.554446704733339,-8.412736438042511
path,-10.554989599553098,-8.411472034551464
path,-10.555501797629248,-8.410203978383727
path,-10.555986482732008,-8.408928382010266
path,-10.556443837537026,-8.407645567891594
path,-10.556874051976061,-8.40635588023996
path,-10.557277321143028,-8.40505967537079
path,-10.55765129761764,-8.40376085902045
path,-10.557998735293806,-8.402456276600201
path,-10.558319848795774,-8.401146319968344
path,-10.55861485941951,-8.399831397608217
path,-10.558880594345938,-8.398507700968938
path,-10.559114185634815,-8.397180653212255
path,-10.559319370460113,-8.395846377082513
path,-10.559496362873482,-8.39450528470873
path,-10.559616926156234,-8.393169377334274
path,-10.55958849526055,-8.391778218935245
path,-10.559416650938893,-8.390286473999755
path,-10.559123633741553,-8.388662438456413
path,-10.55871057658004,-8.386907654074536
path,-10.558265925813071,-8.385101957622714
path,-10.557840514665127,-8.383292113559355
path,-10.55743331220586,-8.381477641879163
path,-10.557044045199305,-8.379659455571971
path,-10.556672400251314,-8.37783769724795
path,-10.556318083888563,-8.376012496929283
path,-10.555980812971796,-8.374183977667403
path,-10.555660175910562,-8.372350200121653
path,-10.555356061105353,-8.370513327076376
path,-10.555067276570393,-8.368673651277753
path,-10.554788839312819,-8.366832205782385
path,-10.554519886736195,-8.364989191305275
path,-10.55425996065428,-8.363141088348677
path,-10.554009086005257,-8.36129155421585
path,-10.55376705524484,-8.359440656249662
path,-10.553533668426187,-8.357588456151325
path,-10.553308732254441,-8.355735012840123
path,-10.553091738669456,-8.3538752453164
path,-10.552882833721538,-8.35201434264251
path,-10.552681843122997,-8.350152359920392
path,-10.552488599287203,-8.34828934622716
path,-10.552302940578802,-8.346425348481379
path,-10.552124309572868,-8.34455366229392
path,-10.551952963519126,-8.342681077475303
path,-10.551788756945324,-8.340807640021481
path,-10.551631418432297,-8.338933413345943
path,-10.55147792387319,-8.337058960710374
path,-10.55132745707042,-8.335177744621063
path,-10.551180266113239,-8.333296409867698
path,-10.551036220539924,-8.33141498928857
path,-10.550895192391891,-8.329533510091334
path,-10.550757055712475,-8.327651998671548
path,-10.550621156671642,-8.325760602503724
path,-10.550487909322076,-8.323869221812924
path,-10.550380675423508,-8.32204850253968
path,-10.550250193158293,-8.320235929191822
path,-10.550092930442595,-8.318419907253576
path,-10.549911312398073,-8.316590345590539
path,-10.549706346581011,-8.314756882070915
path,-10.54947927479493,-8.312920420968776
path,-10.549229914021709,-8.311080875145311
path,-10.548958419279277,-8.309239231824192
path,-10.548667399669945,-8.307396834674497
path,-10.548303088694297,-8.30552754904617
path,-10.547942599778963,-8.303652127909315
path,-10.547590868019562,-8.301775378238693
path,-10.547247585689012,-8.299897384040811
path,-10.546914734965183,-8.297892035272643
path,-10.546580968292718,-8.295863294583551
path,-10.546267190397975,-8.293832942196813
path,-10.546312836481624,-8.291821987290175
path,-10.546431497946386,-8.28988984688321
path,-10.546545575381199,-8.287983223621833
path,-10.546654707719684,-8.286077808937444
path,-10.546758863106154,-8.284173591805349
path,-10.54685832550854,-8.28227052871661
path,-10.546954069637584,-8.280368471137596
path,-10.547046847040383,-8.278494243905673
path,-10.547136200923928,-8.276620995788669
path,-10.547222186727891,-8.274748699007482
path,-10.547304836108552,-8.272877347727757
path,-10.547384138917236,-8.271006941352486
path,-10.54746027717287,-8.269151657238961
path,-10.5475329739298,-8.267297328267116
path,-10.547602422780201,-8.265443915653256
path,-10.547668439365694,-8.263591441163964
path,-10.547730996099519,-8.261739904892254
path,-10.547790320797183,-8.25991204058183
path,-10.547846102722824,-8.258085122411638
path,-10.547898306019025,-8.256259135086777
path,-10.547946889347422,-8.25443407950304
path,-10.54799180758826,-8.252609956779843
path,-10.548033144254903,-8.250801510185774
path,-10.548070715303707,-8.248994002654149
path,-10.54810450156244,-8.247187420902566
path,-10.548134670918488,-8.24538173689867
path,-10.548161321693183,-8.24357693169006
path,-10.548184548330605,-8.241786518171004
path,-10.548204135029945,-8.239996991059236
path,-10.548219981434528,-8.238208347781553
path,-10.548231982129082,-8.236420595471927
path,-10.548240027566266,-8.234633741427302
path,-10.548243980045727,-8.232860192268797
path,-10.548243671918849,-8.231087569295374
path,-10.548239047130545,-8.229315863067862
path,-10.54822997942828,-8.227545081438826
path,-10.548216337955996,-8.225775232385402
path,-10.548198000079374,-8.224015448909803
path,-10.548174805863123,-8.222256617853013
path,-10.548146611354378,-8.220498741020965
path,-10.548111399822798,-8.218733405435666
path,-10.548122258015947,-8.216947300750688
path,-10.548167419611781,-8.21519333974894
path,-10.548351112703479,-8.21340195600931
path,-10.548522836283531,-8.211632381135056
path,-10.54868483625259,-8.20986438845507
path,-10.548837155346858,-8.208097969637082
path,-10.548996375933804,-8.206148597602338
path,-10.549132230582607,-8.204069284786835
path,-10.549299484001455,-8.201986757609818
path,-10.549473946470139,-8.19990383179547
path,-10.5496552848682,-8.197820626460635
path,-10.549829125729518,-8.195766230765619
path,-10.550009179536058,-8.19371216315049
path,-10.55018875076814,-8.191658670090183
path,-10.550367543405784,-8.189605772843054
path,-10.550548905689801,-8.187553071420584
path,-10.550729593482046,-8.18553148560225
path,-10.5509101141542,-8.18351044532346
path,-10.551091779732289,-8.181489779916575
path,-10.551273744869421,-8.179469577464857
path,-10.551459983422445,-8.17744941476861
path,-10.551640792086523,-8.175458821179015
path,-10.55182400460467,-8.17346846157783
path,-10.552009428841707,-8.171478367915432
path,-10.552195542832902,-8.169488702637615
path,-10.552382634203756,-8.167499432910832
path,-10.55256718085901,-8.165546994769215
path,-10.552752330638539,-8.16359500476535
path,-10.552938424023571,-8.161643397608838
path,-10.55312645713942,-8.159692074653787
path,-10.553315143727076,-8.15774115988234
path,-10.553500414402135,-8.15589821114538
path,-10.55367423807271,-8.154069839253477
path,-10.55385631796349,-8.152234204609005
path,-10.5540404707168,-8.15039194446679
path,-10.554226849603143,-8.148549896972236
path,-10.554411759710378,-8.146729895365574
path,-10.554596050389394,-8.144910410480167
path,-10.554781324704873,-8.143091265314279
path,-10.55496669935041,-8.141272533835952
path,-10.55515572685078,-8.139453895215663
path,-10.555343585025822,-8.137648983895685
path,-10.555536786445789,-8.135852176015069
path,-10.555734983831751,-8.134058155033044
path,-10.555923611363628,-8.132275463265334
path,-10.556102852900171,-8.13050503398141
path,-10.556278292557037,-8.128759243821522
path,-10.55646486076329,-8.127026197880358
path,-10.556648004099683,-8.125309259751877
path,-10.556834733101589,-8.123610336603965
path,-10.557016163703723,-8.121933857534245
path,-10.557200267047456,-8.12029404982546
path,-10.557372525130402,-8.118689359267142
path,-10.557531372612049,-8.117131159438461
path,-10.557691600890804,-8.115623978805269
path,-10.557847087127602,-8.114127919764705
path,-10.558013568664709,-8.11249649284923
path,-10.558227664997526,-8.110666573603064
path,-10.558438899183107,-8.108931294962185
path,-10.558627959566753,-8.107291464942426
path,-10.558804025105305,-8.105687535528753
path,-10.558979588992855,-8.104057468256299
path,-10.559166058171964,-8.10234655907264
path,-10.559403495709347,-8.10051955002474
path,-10.559670651678422,-8.09854888619683
path,-10.559953102252871,-8.096511197432003
path,-10.56028544518159,-8.094519185948178
path,-10.560604387035424,-8.092550983366259
path,-10.560925562315404,-8.090602428296043
path,-10.561255106551005,-8.088667425474705
path,-10.561580211217631,-8.086746964667446
path,-10.561893301963767,-8.084865490693497
path,-10.562196087261599,-8.082996939593814
path,-10.562500183765431,-8.08113550706686
path,-10.562816958101266,-8.079286646795472
path,-10.563135293894124,-8.077447583507777
path,-10.563444196474395,-8.075631530778903
path,-10.563762835467504,-8.073823920546127
path,-10.564075084550934,-8.07202552947919
path,-10.564398366690494,-8.070234785112495
path,-10.564711370113475,-8.068452683980949
path,-10.56502251966685,-8.066692149860444
path,-10.565335119044377,-8.064930905507042
path,-10.565657291968776,-8.06317010452672
path,-10.565969510982336,-8.06141071976312
path,-10.566282138876913,-8.059649260438286
path,-10.566596747269008,-8.057900193000979
path,-10.566915023868564,-8.056150097046222
path,-10.567230875304439,-8.054401389209442
path,-10.56755324774174,-8.052651795704014
path,-10.567874579312472,-8.050902945280637
path,-10.568185985313649,-8.049167011270253
path,-10.568507249121218,-8.047429821359357
path,-10.568823981778575,-8.045693629195206
path,-10.569147616891579,-8.043957311681993
path,-10.569465038861532,-8.0422214735099
path,-10.56979323580035,-8.04049613750431
path,-10.570111631728691,-8.038772171639648
path,-10.570426393614536,-8.037048052363712
path,-10.570747855143017,-8.035323561514158
path,-10.571077627686348,-8.033599078252735
path,-10.571397064198718,-8.031886329652409
path,-10.571707829325547,-8.030181748770428
path,-10.5720014318467,-8.028485186609846
path,-10.572302634399776,-8.02679063216706
path,-10.572595491878788,-8.025093420142403
path,-10.572922181662692,-8.023222957360291
path,-10.573269872639724,-8.021280214429616
path,-10.573613898447356,-8.019336325472514
path,-10.573962246414906,-8.017393629894224
path,-10.57430859150975,-8.015450177093982
path,-10.574659079741776,-8.013523751263131
path,-10.575001756035274,-8.011595205333856
path,-10.575353440005374,-8.009669012488544
path,-10.575699136264078,-8.007740604040626
path,-10.576045053208778,-8.00581215055556
path,-10.57639579547864,-8.003913481942568
path,-10.576742857317582,-8.002015036892383
path,-10.57709450669642,-8.00011788571154
path,-10.577445297295831,-7.9982208121144245
path,-10.577794223137346,-7.996322388930727
path,-10.578142166822827,-7.994444003720817
path,-10.578490663247392,-7.992565413886792
path,-10.57883834253115,-7.990686669611096
path,-10.579191878634655,-7.988809548278042
path,-10.57954667908655,-7.986932985493794
path,-10.579891223046724,-7.985125743453293
path,-10.58022913182711,-7.983320963608175
path,-10.580566609512275,-7.981516177460412
path,-10.580907334102013,-7.9797118144349675
path,-10.581249673055522,-7.977908410305653
path,-10.58158427061545,-7.976115690694856
path,-10.581933883310912,-7.974326706779071
path,-10.582275501735207,-7.972535725526484
path,-10.582621835375036,-7.9707461132823445
path,-10.582969992428794,-7.968956306913308
path,-10.58331107709746,-7.96717975555303
path,-10.583661497547986,-7.9654053303108014
path,-10.584004042975456,-7.963628846285813
path,-10.584351815173632,-7.961853891872498
path,-10.584701378608642,-7.9600787434692215
path,-10.585043122812372,-7.958321234423667
path,-10.585395181154652,-7.956566022101676
path,-10.58573748053905,-7.954808467978681
path,-10.586087602133604,-7.95305294516227
path,-10.586435606792616,-7.951296362883237
path,-10.586779964825253,-7.949549582759233
path,-10.587133595614203,-7.947804762309088
path,-10.587477365854431,-7.946057685582993
path,-10.587832700313735,-7.944313292116572
path,-10.588179765310262,-7.942566812874284
path,-10.588529733888619,-7.940833220091666
path,-10.588881180538882,-7.939099395588595
path,-10.589224180164928,-7.93736489933513
path,-10.58958603706622,-7.935633543292265
path,-10.589943644658362,-7.933897394928363
path,-10.590321033988017,-7.9321730450864525
path,-10.590692957832294,-7.930443720574946
path,-10.591084602524353,-7.928716948500153
path,-10.591465694928884,-7.926987427325365
path,-10.591859436519075,-7.925260860537138
path,-10.592242302277505,-7.923539719766606
path,-10.592632717596477,-7.921820537690657
path,-10.593019382725236,-7.920099795973819
path,-10.593406841809076,-7.91837957462007
path,-10.593799535923136,-7.916660096971324
path,-10.594183634477178,-7.914948418028367
path,-10.594579171055706,-7.913239241442834
path,-10.59496299963898,-7.911527230194099
path,-10.59536044238445,-7.9098183539299605
path,-10.595746387220156,-7.908106637559911
path,-10.596141129811556,-7.906406290382669
path,-10.596528677366743,-7.904703858565524
path,-10.596921073751483,-7.903002919290005
path,-10.597313633707435,-7.901301379556466
path,-10.597705168134667,-7.899599989547942
path,-10.598150414680756,-7.897712290850845
path,-10.598631960075313,-7.895626305749228
path,-10.599123622813483,-7.893538687693923
path,-10.599605027323397,-7.891448675457636
path,-10.600100851841782,-7.88936197284035
path,-10.600574881565182,-7.887299487552102
path,-10.601065198238254,-7.88524272916491
path,-10.60154423713595,-7.88318310124418
path,-10.602036049543957,-7.881126484161638
path,-10.602518197571724,-7.879067313214975
path,-10.603002894245243,-7.877038761950435
path,-10.603483859372316,-7.875008818736472
path,-10.603968053932665,-7.872980017077395
path,-10.604452458534995,-7.870950647866298
path,-10.60493872660746,-7.868922155642044
path,-10.605418876266507,-7.866914320731786
path,-10.605899213332513,-7.8649069385512895
path,-10.606384705853413,-7.862900348857548
path,-10.60686715561822,-7.860893306403396
path,-10.607354641658905,-7.858887032618379
path,-10.60783162734979,-7.856908541466103
path,-10.608316743777646,-7.854931717964122
path,-10.608792295670783,-7.852952680301901
path,-10.609280126765615,-7.850976365927152
path,-10.60975647052291,-7.848997336201351
path,-10.610237895178296,-7.847058222218136
path,-10.610707232744216,-7.845116311210004
path,-10.61119068390821,-7.843177620237071
path,-10.611661643475344,-7.841235938390212
path,-10.61214684799874,-7.839297515027129
path,-10.612616535224895,-7.83737614414522
path,-10.613098008555163,-7.835457419259784
path,-10.613567967877243,-7.833535862193548
path,-10.61405202209533,-7.831617551341569
path,-10.61452347320728,-7.829696244870738
path,-10.61500398922761,-7.827796551908018
path,-10.61547235616957,-7.825893864215779
path,-10.615954418407833,-7.823994417349766
path,-10.616424373203529,-7.82209195691188
path,-10.616908101645585,-7.820192758184283
path,-10.617431418643859,-7.818110734546243
path,-10.617988929350924,-7.8159231091663
path,-10.618533011131374,-7.8137320181177214
path,-10.619094127246651,-7.8115450108714395
path,-10.619647996645039,-7.809356327725043
path,-10.620195199209672,-7.807204183087654
path,-10.620748118059616,-7.805053651891555
path,-10.62128969018463,-7.80290010115583
path,-10.621845912597891,-7.800749955791168
path,-10.622397888731413,-7.798598851102477
path,-10.622941659352318,-7.796478346930908
path,-10.623495488033543,-7.794348744815884
path,-10.62406936418076,-7.792176982600008
path,-10.624631685255041,-7.790002497125505
path,-10.625206860846284,-7.78783064616515
path,-10.625770415197968,-7.785695162328244
path,-10.62633379918604,-7.783560314356124
path,-10.626900046048375,-7.7814248262784105
path,-10.627469572251169,-7.779290345440835
path,-10.62803984596526,-7.777156041282351
path,-10.628601026114932,-7.775079669966568
path,-10.629159680779301,-7.773012537509871
path,-10.629718674092985,-7.770945517250014
path,-10.630279192498524,-7.768881841284049
path,-10.630843116572077,-7.7668173017137505
path,-10.631396847130324,-7.76477552188428
path,-10.63194155544584,-7.762729110970329
path,-10.632458309769156,-7.760664257447231
path,-10.632961311982964,-7.758588950548974
path,-10.633451565640692,-7.756501894172132
path,-10.633926190006925,-7.754442095836119
path,-10.634397630013098,-7.752381326817499
path,-10.634869913781866,-7.750319482972873
path,-10.635344100648174,-7.748257364499844
path,-10.635820203753083,-7.746195794268163
path,-10.636290970228089,-7.744155521258462
path,-10.636758520112048,-7.7421148212658615
path,-10.637231835881087,-7.740074507080028
path,-10.63770450678592,-7.738033146356676
path,-10.638179050701376,-7.735992311580801
path,-10.638649655258254,-7.733972829238606
path,-10.639119114872843,-7.731952234262647
path,-10.639586347548821,-7.729931571368042
path,-10.64005872017069,-7.727911096263295
path,-10.640531299633205,-7.725889689676307
path,-10.6409990662451,-7.723894082477192
path,-10.641467591342709,-7.721897826090195
path,-10.641936956370602,-7.719901872776922
path,-10.64240664354721,-7.717905078378589
path,-10.642876463848914,-7.715908051874806
path,-10.643359407625992,-7.713227981412489
path,-10.644182685649389,-7.710047130749791
path,-10.645123086773514,-7.706583831763265
path,-10.646111757359115,-7.702930458535365
path,-10.647150812567554,-7.699086572770148
path,-10.648402090478324,-7.69492791710877
path,-10.649867339517183,-7.690353554932355
path,-10.651391484813747,-7.685574093334729
path,-10.652954555631204,-7.680599941898667
path,-10.654554364010961,-7.67543569431682
path,-10.656373309787982,-7.670050723436475
path,-10.658189235792737,-7.664201478536902
path,-10.660049375945352,-7.658114701722283
path,-10.661941189678828,-7.651830688572319
path,-10.663865344554509,-7.645350362389799
path,-10.665813109545892,-7.638671002729698
path,-10.667783402607933,-7.631791083994804
path,-10.669772296380488,-7.624709546107229
path,-10.67177960841796,-7.61750685141824
path,-10.673780657939568,-7.610453211758417
path,-10.676059049169545,-7.603598309262515
path,-10.678456776868474,-7.596851545030942
path,-10.680881059910718,-7.590182955604334
path,-10.683329251974275,-7.583684645673686
path,-10.685758685106443,-7.577436368782984
path,-10.688250420235786,-7.571701446110772
path,-10.690633452597169,-7.566562178369319
path,-10.692873837398476,-7.561983955280869
path,-10.69497246992075,-7.557969750981035
path,-10.696978380322863,-7.554267992181842
path,-10.698921891285803,-7.550869153906522
path,-10.700823710844528,-7.547630512277101
path,-10.702699384300923,-7.544393242278528
path,-10.70454910556914,-7.541157630939146
path,-10.706373259066849,-7.5379236143530175
path,-10.708228519772293,-7.5344273172891345
path,-10.710055366756778,-7.530728769631417
path,-10.71186748014446,-7.526844548739354
path,-10.713705897147435,-7.522885832183485
path,-10.715743965409763,-7.518872256660336
path,-10.718129037606285,-7.514620484744873
path,-10.720550972718788,-7.509835769960537
path,-10.72292984649685,-7.504813836184416
path,-10.725265607944847,-7.499556936921567
path,-10.727562508513282,-7.494092687323452
path,-10.7299505270504,-7.488056024909348
path,-10.732321662887639,-7.481706395235266
path,-10.734633191426456,-7.47515438061015
path,-10.736895729820208,-7.4684126755425755
path,-10.739111828050223,-7.46149046942946
path,-10.74129106516142,-7.4543637682121515
path,-10.743378303835359,-7.447147578925423
path,-10.745378628882976,-7.439847554791316
path,-10.747327100217115,-7.4324459074107025
path,-10.749320095872479,-7.424983815925568
path,-10.751519932108378,-7.417378396231512
path,-10.7538142697505,-7.409799477371408
path,-10.75613342300407,-7.402347417575779
path,-10.758475630781373,-7.394945472484487
path,-10.760842516340048,-7.387560758367775
path,-10.763296682361183,-7.380719949595991
path,-10.765544016167963,-7.37455982701731
path,-10.767601845185899,-7.368808174430825
path,-10.769503459965096,-7.363464775053638
path,-10.771318155289952,-7.358470311693767
path,-10.77302989430648,-7.3538505484358945
path,-10.774665309686311,-7.349560723154462
path,-10.776260807892664,-7.345540350309284
path,-10.777816858400406,-7.341817596756975
path,-10.779484779499922,-7.338497648720836
path,-10.781148374113469,-7.335298254545783
path,-10.78272324554575,-7.332315223804044
path,-10.78421223502521,-7.329554986814068
path,-10.78561529162159,-7.327018922102362
path,-10.786934482981723,-7.324703152841297
path,-10.788144011565615,-7.322633046065056
path,-10.789278183544424,-7.320692129228888
path,-10.790392288180671,-7.318816107888317
path,-10.7914950382142,-7.316989276902305
path,-10.792709995860765,-7.313397664402697
path,-10.793981887478003,-7.307765420308374
path,-10.795190084742051,-7.300466534923744
path,-10.796496246351582,-7.2920673098998385
path,-10.797744870304152,-7.283549564888821
path,-10.79892021852228,-7.274956602829363
path,-10.800136131273812,-7.266570355334482
path,-10.801243172246599,-7.258133962193624
path,-10.802155303012011,-7.249695020505096
path,-10.8028576928112,-7.241274580944729
path,-10.803350019896564,-7.232876765814477
path,-10.803679739278328,-7.224958332894671
path,-10.803653282805723,-7.2173805075523285
path,-10.803409296116675,-7.209875508642349
path,-10.802942765245866,-7.20245799941846
path,-10.802259431454978,-7.195163485904266
path,-10.801729590027819,-7.1883040872311925
path,-10.802022852313538,-7.181674903859923
path,-10.802741219871372,-7.175179325629644
path,-10.803837206312696,-7.16887216455481
path,-10.805105775880703,-7.16249122424859
path,-10.806362733539846,-7.156097103477688
path,-10.807548618987358,-7.149753539578308
path,-10.808607785027883,-7.143401694160232
path,-10.809699631522333,-7.137056477377815
path,-10.810737806703639,-7.130753004772494
path,-10.811626805442247,-7.124477145492048
path,-10.81247118945905,-7.118242352927375
path,-10.813285991224411,-7.112044741656731
path,-10.814071619547903,-7.1058844592121
path,-10.814827260354605,-7.09976394438619
path,-10.81551727750862,-7.093664846876044
path,-10.816222079278242,-7.087631575834814
path,-10.816927583141567,-7.081645636763701
path,-10.817633937300798,-7.0758771149892565
path,-10.818328146427564,-7.070538218912147
path,-10.819288826040347,-7.06499302363458
path,-10.820324855204666,-7.059281199165842
path,-10.821475594177585,-7.0534277913406385
path,-10.822709197634168,-7.0474372466502375
path,-10.823938154454318,-7.041318165212076
path,-10.825122458748652,-7.035098192261084
path,-10.826289385386836,-7.0287591984827555
path,-10.827441552816396,-7.02229970992931
path,-10.828580423188347,-7.015724328896618
path,-10.829705397439373,-7.009040690025617
path,-10.830808667023899,-7.002681493573312
path,-10.831803921202454,-6.996757161020218
path,-10.832766406626122,-6.990883408527211
path,-10.833718155168839,-6.985033076294839
path,-10.834660767032204,-6.9791964431486795
path,-10.835605285980078,-6.973715616169686
path,-10.836430265109218,-6.968615853550747
path,-10.837230020179328,-6.963556176763197
path,-10.838019796075653,-6.95849746449787
path,-10.838803077883417,-6.95344538563564
path,-10.839655940755755,-6.9483108631897705
path,-10.840537133373134,-6.943006173917987
path,-10.841448259114523,-6.937537714665953
path,-10.842319802078196,-6.932016783510949
path,-10.843023996815312,-6.926577730081233
path,-10.843728633684863,-6.9214746992399405
path,-10.84435769909378,-6.916544856985382
path,-10.844893174150327,-6.911681772785744
path,-10.845377524935436,-6.906864748100807
path,-10.845827987857627,-6.902084271687809
path,-10.846304191379728,-6.897484351219108
path,-10.84676267345257,-6.892966257627194
path,-10.847193257815313,-6.8884857496153815
path,-10.847608232396981,-6.884046618569362
path,-10.848010357026922,-6.879641386303157
path,-10.848451373721156,-6.875327457989762
path,-10.84888773343031,-6.871080304443596
path,-10.849304121501874,-6.866882375680048
path,-10.849701562677739,-6.862729556192647
path,-10.850121553684534,-6.858605191851862
path,-10.850532760953667,-6.854530271070261
path,-10.850947003338067,-6.850484533601568
path,-10.85135911753579,-6.846466887108412
path,-10.851749614044044,-6.84246460164584
path,-10.852139739303825,-6.838479367249086
path,-10.852556500185115,-6.834530887989039
path,-10.852951501042057,-6.830634078571591
path,-10.85333404244445,-6.82678422309833
path,-10.853708843355559,-6.822959043194584
path,-10.854081058710179,-6.819159917940807
path,-10.854443463080175,-6.81542354677189
path,-10.854800687256406,-6.811737318588748
path,-10.855131156969271,-6.8080983357400635
path,-10.855455177579366,-6.804497244741492
path,-10.855778283763538,-6.800920080552521
path,-10.856089811869706,-6.797386547940049
path,-10.856400291061856,-6.793896277557584
path,-10.85669494071939,-6.790438941781118
path,-10.856975203708474,-6.787006584933973
path,-10.857284566786214,-6.783580549365815
path,-10.857650971374447,-6.7796097029900615
path,-10.858215957625433,-6.774461612425557
path,-10.858752629374097,-6.768734409361147
path,-10.859271199467685,-6.7629491913018285
path,-10.859772792312418,-6.7571285450698415
path,-10.86035678662469,-6.750812647051786
path,-10.860996198778846,-6.744141833179173
path,-10.861618253928778,-6.737378365795373
path,-10.862218771566527,-6.730561438396854
path,-10.862791079967568,-6.7237022092159755
path,-10.863464720394074,-6.717107213268144
path,-10.864059963379896,-6.7107199694829855
path,-10.864602355142223,-6.704478479307339
path,-10.865169925533783,-6.6983142210130335
path,-10.86577432781326,-6.6922020302040615
path,-10.866402628333478,-6.68640621549938
path,-10.866921740068598,-6.680890860564931
path,-10.867401163795241,-6.675490706488657
path,-10.867913916285582,-6.670140697118882
path,-10.868440411977417,-6.66484707730587
path,-10.868950321799362,-6.65961058974649
path,-10.869449782531595,-6.654434035375611
path,-10.869947596595653,-6.649291119997131
path,-10.870440589311732,-6.644178159005553
path,-10.87091941938421,-6.639100396948939
path,-10.871318157138909,-6.634191425661715
path,-10.871692403474116,-6.629380503590466
path,-10.87207399329964,-6.624624414352519
path,-10.872440735981062,-6.619935143491833
path,-10.872772324450919,-6.615309421649602
path,-10.873084834991838,-6.610968413238854
path,-10.873334106402082,-6.606774697538906
path,-10.873574397672263,-6.602648973761883
path,-10.873812545114822,-6.598581397761879
path,-10.874040973266629,-6.594563521116053
path,-10.874250860478202,-6.590615531052364
path,-10.874442796868847,-6.586732958363988
path,-10.874632483196875,-6.582912484858465
path,-10.874822878753745,-6.579144576728073
path,-10.87500993858427,-6.575420668024745
path,-10.875206170079172,-6.571223106885168
path,-10.875437427816339,-6.566653175661064
path,-10.875673724135384,-6.561979484758102
path,-10.875920095282499,-6.557223627376229
path,-10.876165060731052,-6.552456634564318
path,-10.876386233343956,-6.547722227061677
path,-10.876600651698716,-6.54303655717808
path,-10.87681174505993,-6.538370846556246
path,-10.877018774070306,-6.53372349604551
path,-10.87721748421477,-6.529092743868286
path,-10.877365976539666,-6.524534577780763
path,-10.877474670801819,-6.5200705786967355
path,-10.877594910441257,-6.5156949277978535
path,-10.877717312269567,-6.511382091998665
path,-10.87784187299792,-6.50713557826719
path,-10.877930192474432,-6.502963501890619
path,-10.87801819175859,-6.498874144319536
path,-10.878108437474552,-6.49485406740062
path,-10.878203681244626,-6.49088685489917
path,-10.878303697567008,-6.486946689013578
path,-10.878426111860348,-6.482939803302143
path,-10.878547889143402,-6.478861918689576
path,-10.878659678450022,-6.474765910318848
path,-10.878766178349784,-6.470661594649866
path,-10.87886698991728,-6.4665524441207305
path,-10.878925703840592,-6.462505485935878
path,-10.878976631229833,-6.458534319313653
path,-10.879033288809339,-6.454603441267421
path,-10.8790966813293,-6.450696740229659
path,-10.879159138263157,-6.446807710670023
path,-10.879188965358688,-6.442988472713233
path,-10.879206411329575,-6.4392541562653625
path,-10.879235037470831,-6.435565115453284
path,-10.879271641752375,-6.431903218026553
path,-10.879314969862147,-6.4282807526159935
path,-10.879323701830987,-6.424718019971731
path,-10.879328463777613,-6.42121626100402
path,-10.879337049808186,-6.41773849904177
path,-10.879350188879476,-6.414280137741866
path,-10.879366909821117,-6.410823932878657
path,-10.879365361210333,-6.40691885203974
path,-10.879381255539455,-6.402678536769177
path,-10.879371476014386,-6.398381202701176
path,-10.879353741257166,-6.394025371222865
path,-10.879327498733515,-6.389619877695571
path,-10.879271453440577,-6.3852500157680145
path,-10.879196853664228,-6.380947523389441
path,-10.879122097482933,-6.37668324555562
path,-10.879056371199518,-6.372434685084325
path,-10.879011378269972,-6.3681957428265
path,-10.878929444822507,-6.364042230939337
path,-10.87881628773233,-6.359998014611498
path,-10.878695394828636,-6.356044897195696
path,-10.878577395661342,-6.3521298006751925
path,-10.878473107913278,-6.348244988167549
path,-10.87836247012794,-6.344420814779915
path,-10.878237214694598,-6.340690683730273
path,-10.87811717053235,-6.336999275573963
path,-10.878017096771638,-6.33332686368072
path,-10.877938971231849,-6.329664582961737
path,-10.877839632557752,-6.326082610554202
path,-10.87773881189713,-6.3225948421116955
path,-10.877644772188384,-6.3191552951588905
path,-10.8775645405976,-6.315742085766951
path,-10.877494795157668,-6.3123437453829805
path,-10.877378792402572,-6.308437378057043
path,-10.877281867891304,-6.304206116260838
path,-10.87716985394519,-6.299900092129353
path,-10.877053784167677,-6.295521354434901
path,-10.876948525577461,-6.291080662872323
path,-10.876804033073505,-6.286704267365488
path,-10.876642839906625,-6.282437876900713
path,-10.87649632893844,-6.278260377552281
path,-10.876370943734013,-6.274128222037652
path,-10.87627171425707,-6.2700097086218145
path,-10.876135295016892,-6.265973081709397
path,-10.875996446775956,-6.2620355068412845
path,-10.875893133368837,-6.258165055051773
path,-10.87580209821603,-6.25429067977685
path,-10.875690359766867,-6.250385352640782
path,-10.875505101139149,-6.246556683544938
path,-10.875289465423027,-6.242837418977944
path,-10.875073333401087,-6.239203289353609
path,-10.874857244692357,-6.235584600732223
path,-10.87464647443948,-6.2319756926093275
path,-10.874409192431363,-6.228427635782197
path,-10.874182708902635,-6.2249730914577395
path,-10.873965274832923,-6.221550823300575
path,-10.87375244649599,-6.218137456516051
path,-10.873542376050706,-6.214727035535631
path,-10.87331235515035,-6.211387667207768
path,-10.873087280937261,-6.208117576152719
path,-10.87287642662384,-6.20486719679119
path,-10.872675480545164,-6.2016340190811725
path,-10.872487997343336,-6.198419461624147
path,-10.872294464894257,-6.195273929138875
path,-10.872103219833233,-6.192171974817176
path,-10.871920966486257,-6.189086724960845
path,-10.871746480336713,-6.18601205693736
path,-10.871571974614444,-6.182940994870365
path,-10.87138403909711,-6.179933748265266
path,-10.871199128133405,-6.1769833257764954
path,-10.871016282224824,-6.174044958738687
path,-10.870841204615493,-6.171112186004773
path,-10.870668592000413,-6.168183611010839
path,-10.870491116269537,-6.1650023594458165
path,-10.870297264202264,-6.161668203978618
path,-10.870098138438612,-6.158299116554581
path,-10.869895333038308,-6.154929060150658
path,-10.869689511128666,-6.151559464442531
path,-10.86945177522682,-6.1482538799281725
path,-10.869208200971725,-6.1450893727725315
path,-10.868863885808633,-6.14238829068691
path,-10.868525411426855,-6.139704889149531
path,-10.868132624751988,-6.137038202049508
path,-10.867755905557578,-6.134499550860593
path,-10.867379883619837,-6.131971667230941
path,-10.867004010645607,-6.129444345189277
path,-10.866624905089663,-6.126917839805745
path,-10.866243935625164,-6.124392399191332
path,-10.865871439793352,-6.121915649944155
path,-10.865497246521462,-6.119440397888393
path,-10.8651191460554,-6.116965844198836
path,-10.864741033530722,-6.114491651465944
path,-10.86436220236376,-6.112017735973481
path,-10.863970496940738,-6.109073016214802
path,-10.863482859880216,-6.105737107182314
path,-10.862940370490744,-6.102275244533221
path,-10.86239210191948,-6.098813546274906
path,-10.86183569709152,-6.09535207201155
path,-10.861288529437882,-6.0919525138018225
path,-10.860719609626106,-6.088527437460591
path,-10.860128044896603,-6.085074073506098
path,-10.859514761704123,-6.081594856759735
path,-10.858865931488582,-6.078095663045941
path,-10.85823054402157,-6.074783474037903
path,-10.857598768338855,-6.071500475022814
path,-10.856968965978055,-6.068217184692361
path,-10.856336837864855,-6.064934494041572
path,-10.855701955618848,-6.061652490168549
path,-10.855092002159411,-6.058508703520257
path,-10.854482868761503,-6.0553745552084
path,-10.85387179740374,-6.052241159990525
path,-10.853260033512424,-6.049107205134187
path,-10.852648558991653,-6.045974148985476
path,-10.852075952047302,-6.043124076618378
path,-10.85153597955817,-6.040380711000142
path,-10.85100449358545,-6.037580810684999
path,-10.850469516255549,-6.03462962520232
path,-10.849929974210738,-6.031695913750938
path,-10.849406444611924,-6.028797991013462
path,-10.848886723008519,-6.0259269861496225
path,-10.848362160773837,-6.023075659010167
path,-10.847834350260698,-6.020235610661594
path,-10.847305412241086,-6.017395748527295
path,-10.846795694856528,-6.014593817248385
path,-10.846294326621793,-6.011818647776949
path,-10.84578874869962,-6.009060517315975
path,-10.845279048196602,-6.00631890344769
path,-10.844765917509994,-6.003590090403178
path,-10.84426208615604,-6.0008860108412785
path,-10.843762861749944,-5.998204675471424
path,-10.84326491982936,-5.995543620303839
path,-10.842770764697022,-5.992889760891155
path,-10.842281042088512,-5.990239644390893
path,-10.841812754643998,-5.987630215845623
path,-10.841369235337492,-5.98505920159059
path,-10.840925955079031,-5.982511325646444
path,-10.840482728748121,-5.979987034759196
path,-10.840039417797248,-5.977486464173516
path,-10.839612052790773,-5.975023807181534
path,-10.839188564327346,-5.97258735856046
path,-10.83876107647455,-5.970169315381829
path,-10.838331894748533,-5.967757116896578
path,-10.83790209064136,-5.965344941716268
path,-10.837484945877925,-5.9629579262239565
path,-10.83706711937629,-5.9605912724863765
path,-10.836644047712992,-5.958235911390063
path,-10.836221359938655,-5.955879389160724
path,-10.835796845897999,-5.953517892381961
path,-10.83538121344787,-5.951163021283599
path,-10.83497032350008,-5.94877092974765
path,-10.83456331376291,-5.94633969265288
path,-10.834155900582335,-5.943906554619235
path,-10.833747756453064,-5.941474738675846
path,-10.833329820806735,-5.938976759580319
path,-10.83290662542017,-5.936467485870219
path,-10.832482637128825,-5.933959612628652
path,-10.832057852459727,-5.9314531396709045
path,-10.831632268238693,-5.928948067715316
path,-10.831220683284124,-5.926496709611382
path,-10.830807268047336,-5.924072505518528
path,-10.830392840193465,-5.9216514970899965
path,-10.82997767978578,-5.9192318670281105
path,-10.829561781862305,-5.916813612337385
path,-10.829153958784316,-5.914422562214205
path,-10.828783543919968,-5.911991807477154
path,-10.82841426066054,-5.909554724681717
path,-10.828044452824392,-5.907117711268435
path,-10.827674311097168,-5.904680960936137
path,-10.827309638526218,-5.902281043157632
path,-10.826944688983135,-5.899885309385045
path,-10.826579298626735,-5.897489706645185
path,-10.826213581978791,-5.8950943515916485
path,-10.82584753836451,-5.8926992426415925
path,-10.825499151295592,-5.890031301526986
path,-10.82506414008933,-5.887201789616641
path,-10.82461582501082,-5.884291818610963
path,-10.824168034551672,-5.881380823765797
path,-10.82371933806507,-5.878469897639789
path,-10.823292073992194,-5.875643541157063
path,-10.82285752435169,-5.872834404078219
path,-10.822422877965852,-5.870025967445083
path,-10.821987684405364,-5.867217763293582
path,-10.821551866296815,-5.864409711272957
path,-10.821127319320533,-5.861664159506566
path,-10.820701105813288,-5.858928469384433
path,-10.820274565525544,-5.856193200230906
path,-10.819847436780513,-5.853458080359805
path,-10.819419716115599,-5.850723106183241
path,-10.819001836257854,-5.848046244058184
path,-10.818583040015877,-5.845377830245773
path,-10.818163775239311,-5.8427096542857955
path,-10.817743958773885,-5.840041630226429
path,-10.817323586462837,-5.837373753783129
path,-10.81694581478906,-5.834892210358763
path,-10.816559524758064,-5.832451951134046
path,-10.816173451028526,-5.830012691728517
path,-10.815786928251848,-5.827573607529729
path,-10.815399951759936,-5.825134690401967
path,-10.815019205612263,-5.822741487827719
path,-10.814639600606837,-5.820353349697085
path,-10.81425952145555,-5.817965322979994
path,-10.813878967395787,-5.815577405360446
path,-10.813497938147345,-5.813189594693814
path,-10.81312504446259,-5.810859239940168
path,-10.812753120716232,-5.808535643550287
path,-10.812380767788124,-5.806212167048358
path,-10.812007983101962,-5.803888806905631
path,-10.811634764640205,-5.8015655598933185
path,-10.811267377537035,-5.79928691703185
path,-10.810900678582007,-5.797012105645555
path,-10.810533601802057,-5.794737441930157
path,-10.81016614178623,-5.792462919384011
path,-10.809798293635998,-5.7901885321332305
path,-10.809434724715967,-5.787948006312791
path,-10.809072114606202,-5.785710148323127
path,-10.808709101351095,-5.783472390608724
path,-10.808345683248575,-5.781234730982703
path,-10.807981858753818,-5.77899716747491
path,-10.807602798749416,-5.77646638966222
path,-10.807132730141962,-5.773753752489095
path,-10.80666454005838,-5.77093094562188
path,-10.806199421378471,-5.76808944008032
path,-10.805733628429836,-5.765248066941324
path,-10.805276386107632,-5.762461885108476
path,-10.804819110446509,-5.759682371803126
path,-10.804361218176581,-5.756903017136129
path,-10.803902705977274,-5.754123817584728
path,-10.803443570835375,-5.751344769978107
path,-10.803003199518425,-5.748657022167877
path,-10.802560179399881,-5.745982848882608
path,-10.802116572556832,-5.743308806050397
path,-10.801672377359516,-5.740634892049636
path,-10.801227592330756,-5.737961105425182
path,-10.800792048543242,-5.735346444747205
path,-10.800356738048418,-5.7327381984944825
path,-10.79992089028007,-5.7301301007093635
path,-10.799484501634455,-5.727522147598608
path,-10.799047568844212,-5.724914335744375
path,-10.798579091190206,-5.721993612421122
path,-10.798008163303766,-5.718874068012749
path,-10.797433068177616,-5.715625151996593
path,-10.796870441227592,-5.71229710958823
path,-10.79630719520546,-5.708967607155723
path,-10.795772486014249,-5.705773344305888
path,-10.795234924931018,-5.702605991510332
path,-10.794696531969798,-5.699438819095235
path,-10.794157293514607,-5.696271814603606
path,-10.7936172090251,-5.6931049776893685
path,-10.793093952080783,-5.690040919889017
path,-10.7925717951645,-5.686990748611334
path,-10.79204888931961,-5.683940793849356
path,-10.79152523060693,-5.680891049591806
path,-10.791000815453819,-5.6778415104226605
path,-10.790508150760465,-5.674920649995779
path,-10.790007979804571,-5.672022405355904
path,-10.789507148771746,-5.669124361308759
path,-10.78900565247557,-5.666226512045486
path,-10.788503486214855,-5.663328852331414
path,-10.787985796917123,-5.660360352873544
path,-10.78746861281116,-5.6573845958083355
path,-10.786950707906847,-5.654409023146209
path,-10.786432079012641,-5.651433631471128
path,-10.785912723230151,-5.648458417715788
path,-10.785413751032163,-5.645597429519338
path,-10.784915363935664,-5.642752144520489
path,-10.784416339911623,-5.639907068439538
path,-10.783916673861299,-5.637062194413347
path,-10.783416361163594,-5.634217516253129
path,-10.782930017498801,-5.631446111304868
path,-10.78244284159791,-5.62868195953574
path,-10.78195501126669,-5.625917941402789
path,-10.781466526691391,-5.6231540565810905
path,-10.780977388030372,-5.620390304796415
path,-10.780504496626113,-5.617721097117319
path,-10.780032029112716,-5.615061975686298
path,-10.779559020973695,-5.612403050097951
path,-10.77908546611294,-5.60974431326495
path,-10.778611359012146,-5.607085758790108
path,-10.778054012333783,-5.604155323874165
path,-10.77743805101863,-5.601066659617554
path,-10.776842209312823,-5.597844204052896
path,-10.776253954632256,-5.5945686641445596
path,-10.775664816413412,-5.591293341369302
path,-10.775097648203994,-5.588135177773277
path,-10.774530638755717,-5.5849914147511655
path,-10.77396278118457,-5.581847835661498
path,-10.77339407552676,-5.578704439543183
path,-10.772824521800807,-5.575561225557407
path,-10.772274328278685,-5.572519873148026
path,-10.771723571135464,-5.569489657420413
path,-10.771172025400515,-5.566459607756583
path,-10.770505148210296,-5.563655007883773
path,-10.769872083019616,-5.560940644320732
path,-10.769275856480247,-5.558348762618375
path,-10.768732733556572,-5.555833938623372
path,-10.768243479789941,-5.553395905222004
path,-10.767802514777895,-5.551035981765594
path,-10.767373528555249,-5.54878262316513
path,-10.766973137680575,-5.546647228391071
path,-10.76658059100556,-5.544539355781487
path,-10.766187492156686,-5.5424347899125985
path,-10.765793397880936,-5.540330497104562
path,-10.765397793842059,-5.538229243880737
path,-10.765003008329996,-5.53616213673527
path,-10.764608829086935,-5.5340988110591915
path,-10.764213433480432,-5.532036481764299
path,-10.763816075251379,-5.529976623577338
path,-10.763414534596645,-5.527919357648508
path,-10.763018372672724,-5.5259123239607755
path,-10.7626258004551,-5.5239133591887155
path,-10.762230507242565,-5.521918255267936
path,-10.76182911896726,-5.519923773953412
path,-10.761433431646505,-5.517931788473608
path,-10.761036461646333,-5.515973762064954
path,-10.760640058404055,-5.514020079049938
path,-10.760241790092325,-5.512066730564136
path,-10.7598417502058,-5.5101159922238505
path,-10.759439955992237,-5.508166589213596
path,-10.758886393789695,-5.505788195646191
path,-10.758305045344148,-5.5030924409451965
path,-10.757734969765867,-5.500378359206618
path,-10.757160676193639,-5.497667733530382
path,-10.756582705361902,-5.494960934108899
path,-10.756013086087771,-5.492342825712949
path,-10.755454394595096,-5.48974958409091
path,-10.754889183578321,-5.487160315762263
path,-10.754321117303856,-5.484571834499444
path,-10.753749890534342,-5.4819867660591965
path,-10.753192695639052,-5.479470199880253
path,-10.7526322744182,-5.476972877000272
path,-10.752069963820176,-5.47447839804835
path,-10.751503917139479,-5.4719887750205425
path,-10.750935121631093,-5.4695017851134216
path,-10.750381653389086,-5.467102118418806
path,-10.749831308499587,-5.46472511191573
path,-10.749278462051201,-5.462346268715474
path,-10.748715567239685,-5.4599566360827145
path,-10.748138450867884,-5.457542591434134
path,-10.747568072072802,-5.455234659362308
path,-10.747030287899818,-5.453005103648828
path,-10.746493049302016,-5.450786424317497
path,-10.745959572012222,-5.448569828903395
path,-10.745422410325162,-5.446357700157956
path,-10.74489490504366,-5.444200935800225
path,-10.74436838030583,-5.442054772453122
path,-10.743839889470728,-5.439911239368791
path,-10.743308217328584,-5.437769456681067
path,-10.742773398545198,-5.435630160811627
path,-10.742247435393528,-5.433532123738899
path,-10.741719371079773,-5.431437085712377
path,-10.74119075327002,-5.429346494985601
path,-10.740657589016475,-5.42725835994845
path,-10.740128584577425,-5.425172413784146
path,-10.739603880255268,-5.423139559074976
path,-10.739083470357267,-5.421116079062845
path,-10.738558442002818,-5.419090864356327
path,-10.738024446108685,-5.417070762601528
path,-10.737489306564429,-5.4150523015153675
path,-10.73694915753095,-5.413029800275955
path,-10.736406464837376,-5.411007038880203
path,-10.735859599718259,-5.4089859965832305
path,-10.735316008787311,-5.406970082454536
path,-10.734764377297402,-5.404954821874118
path,-10.734225294179357,-5.402990585853356
path,-10.733688331069109,-5.401030340710878
path,-10.733147631291033,-5.3990750032529755
path,-10.732604986038787,-5.39712172128702
path,-10.732060372472375,-5.395170522885351
path,-10.73152708015283,-5.393263683849087
path,-10.730992850260531,-5.391363219794179
path,-10.730456330591736,-5.389464740771112
path,-10.729917685764041,-5.387568668382973
path,-10.729377204565164,-5.385674554085187
path,-10.728844182327494,-5.383808367628518
path,-10.72830845069579,-5.381946542491198
path,-10.727770933432543,-5.380086672357426
path,-10.727229386445726,-5.378228839117611
path,-10.72668901975093,-5.376371566567956
path,-10.726155553691466,-5.374548356684272
path,-10.725620941142298,-5.372728632623692
path,-10.725082085958807,-5.370910629623299
path,-10.724544924784972,-5.369093453559318
path,-10.724005368919974,-5.3672788700545775
path,-10.723472598713347,-5.365499468215557
path,-10.722941507164858,-5.363723199931749
path,-10.722407386652472,-5.3619493079595655
path,-10.721873416394029,-5.360176251202921
path,-10.721336635982885,-5.35840572095049
path,-10.720806385842913,-5.3566624041360695
path,-10.720274515894628,-5.354921372893262
path,-10.719738439232948,-5.353183250766655
path,-10.71920384178975,-5.3514446439590495
path,-10.718664585631426,-5.349708442339151
path,-10.718132177316628,-5.347993908248891
path,-10.71759679108944,-5.346280955100307
path,-10.717061043280173,-5.344571412671694
path,-10.716523270659449,-5.342861209088717
path,-10.715984244826734,-5.341155000591657
path,-10.715474311136182,-5.339559601228465
path,-10.714984409914171,-5.338015018120118
path,-10.714493721265292,-5.336475233317693
path,-10.714000043845477,-5.334935065469894
path,-10.71350479239629,-5.333398529804047
path,-10.713017629470711,-5.3318842878568455
path,-10.712529025436735,-5.330370410191193
path,-10.712038762439494,-5.328860317598833
path,-10.711548136796381,-5.327349039772764
path,-10.711055329593323,-5.325841424333437
path,-10.710566495316538,-5.324347158889666
path,-10.710075421233002,-5.322854512757506
path,-10.709582804714564,-5.321363934824498
path,-10.709089086325644,-5.319874407089945
path,-10.708594163348664,-5.318386280395873
path,-10.708104631150801,-5.316916314539814
path,-10.707613482209835,-5.3154490673555985
path,-10.707121216143715,-5.313982941943227
path,-10.706627784745042,-5.3125181087134505
path,-10.706132570001396,-5.311054603385081
path,-10.705549979820534,-5.309329594213961
path,-10.704947231791314,-5.307554600886854
path,-10.704342764399328,-5.305782127246071
path,-10.70373687451674,-5.304011400930625
path,-10.703130020889853,-5.302242466456233
path,-10.702530248785967,-5.300506390897703
path,-10.701930376726308,-5.29877170308448
path,-10.701328707954127,-5.297038691521519
path,-10.700724814019356,-5.295308168617577
path,-10.700118543861402,-5.293579917192002
path,-10.69952196511303,-5.291870570649122
path,-10.698917785198406,-5.29016863449058
path,-10.698316979304433,-5.288468149915057
path,-10.697711287065703,-5.286769270167859
path,-10.697104684684005,-5.28507093117562
path,-10.696507944960064,-5.283411176041349
path,-10.695911972920976,-5.281752849721808
path,-10.695314905800664,-5.280095811210103
path,-10.694709418404676,-5.278429270562985
path,-10.694087702745497,-5.276777643230138
path,-10.693394088189747,-5.274953633287414
path,-10.692697926148831,-5.273109849610439
path,-10.691997964823328,-5.2712681434791815
path,-10.691298482674338,-5.269427425615998
path,-10.690595350917016,-5.2675899489008415
path,-10.689901468814588,-5.265774115120674
path,-10.689203471235935,-5.263962313579206
path,-10.688504289348428,-5.2621517355434255
path,-10.687800642444984,-5.260343581801254
path,-10.687097319442787,-5.258536601322339
path,-10.686402064306368,-5.256764458890121
path,-10.685707799915454,-5.254994726691042
path,-10.685013022290978,-5.253226701088499
path,-10.684314995460754,-5.251462177547972
path,-10.683616682090307,-5.249697971362379
path,-10.682924103324835,-5.247956081180217
path,-10.682227231313133,-5.246217608283282
path,-10.681528913355592,-5.244479901424402
path,-10.680830076724924,-5.242744095366501
path,-10.680131125472771,-5.241010213439456
path,-10.679472094098704,-5.2394001759478
path,-10.678852979040249,-5.237856297299111
path,-10.678226245492075,-5.236314714141562
path,-10.677596426613334,-5.234776679297092
path,-10.676948265769784,-5.233201456974372
path,-10.67629740922027,-5.231610918278671
path,-10.675642900649681,-5.230026054202428
path,-10.674988915307546,-5.228439069315463
path,-10.674331584765403,-5.2268579691838815
path,-10.67367331051363,-5.225278652060829
path,-10.67302502641978,-5.223723558907329
path,-10.672375455286193,-5.22217254678037
path,-10.671724523427734,-5.220623307242086
path,-10.671072180994107,-5.219075853766207
path,-10.670418262390212,-5.21753050216212
path,-10.669769708441796,-5.215998271909071
path,-10.66911848134318,-5.214470184779499
path,-10.668465514656194,-5.21294329845612
path,-10.667810860727338,-5.211418174645318
path,-10.667155253585578,-5.209894755115936
path,-10.666349341928788,-5.2080554824263166
path,-10.665504333097601,-5.206100928309927
path,-10.664657267749975,-5.204148906640029
path,-10.66380792035857,-5.2021996855457
path,-10.662956100300306,-5.200253730746007
path,-10.66211386558214,-5.198331286669571
path,-10.66126709038753,-5.196416797968048
path,-10.660418736293035,-5.194504419790664
path,-10.65956874050523,-5.192594231449456
path,-10.658717011834453,-5.1906866764071875
path,-10.657877094503153,-5.188808350167151
path,-10.657035197729597,-5.186935751801458
path,-10.656191470731146,-5.185065266584773
path,-10.65534540835735,-5.183198009419829
path,-10.65449547520006,-5.181334543393516
path,-10.653667066963024,-5.179504145220679
path,-10.65283239727582,-5.177682137618764
path,-10.651995030222764,-5.175864927174811
path,-10.651157438784448,-5.174050436203335
path,-10.65031842277204,-5.172237858079006
path,-10.64948942009781,-5.170449927489068
path,-10.648659104273152,-5.1686656096949655
path,-10.647824770577548,-5.166887174679106
path,-10.646987063389682,-5.165110196330721
path,-10.64614933373868,-5.163334940433737
path,-10.645323509912094,-5.161586933349767
path,-10.644496625550449,-5.159844191938183
path,-10.643668191616186,-5.158104044043257
path,-10.642837364054532,-5.15636703271684
path,-10.642004793679122,-5.15463249207588
path,-10.641186809155766,-5.152925325099387
path,-10.640363527800128,-5.151224378925473
path,-10.639539886095447,-5.1495267138975915
path,-10.638715915780349,-5.147831073135827
path,-10.637891059030606,-5.146136963501851
path,-10.637072437446248,-5.144465095789932
path,-10.636250537425402,-5.142798396232612
path,-10.635426958268798,-5.141130644739859
path,-10.634602622270803,-5.139464712071161
path,-10.633778804911561,-5.137800915525852
path,-10.632962903855285,-5.136162096192346
path,-10.632145428908258,-5.13452708515538
path,-10.631323380292432,-5.1328935145664
path,-10.630502581480775,-5.131260607107754
path,-10.629681496271505,-5.129629401158541
path,-10.628885845973597,-5.128050242323394
path,-10.628092094916147,-5.1264801885526925
path,-10.627292289792655,-5.1249167756894805
path,-10.626492885141866,-5.123352405322402
path,-10.625693291416551,-5.121789536105823
path,-10.624901789092565,-5.12025023428409
path,-10.624109797507431,-5.118711942169907
path,-10.623314945275254,-5.117177683628945
path,-10.622516607243606,-5.115642592642908
path,-10.621720030031469,-5.114109163410815
path,-10.620933126950286,-5.112600892335549
path,-10.620145111288792,-5.111093715433741
path,-10.619352656903123,-5.109590638053984
path,-10.61856046554837,-5.108086219602297
path,-10.617768189582472,-5.106583221010459
path,-10.616981893089395,-5.105096950650327
path,-10.61619436994203,-5.1036119550246495
path,-10.61540213873537,-5.102131510163889
path,-10.614609490422671,-5.100649614329797
path,-10.613818274793019,-5.099169094825878
path,-10.613032331177715,-5.09770397973804
path,-10.612243890833318,-5.09624256300246
path,-10.611451416139149,-5.094782296131361
path,-10.610659952014172,-5.093321746103452
path,-10.609869355770835,-5.091862634654437
path,-10.60908612095382,-5.090423774600447
path,-10.608299935539257,-5.088990675225398
path,-10.607510962701294,-5.087555171992722
path,-10.606723888525872,-5.086120923723006
path,-10.605936652912854,-5.0846879960864255
path,-10.60515436120804,-5.083272622345763
path,-10.604370273895668,-5.081861020847985
path,-10.603582613147447,-5.08044768941448
path,-10.602796944717408,-5.079035787851465
path,-10.602011034062953,-5.07762539127653
path,-10.601228826072006,-5.076228509756107
path,-10.600442482912081,-5.074836221583315
path,-10.599655715646724,-5.0734417719693115
path,-10.598870534241447,-5.072048520945306
path,-10.598084160303799,-5.070657175506983
path,-10.597305178017665,-5.069286042785622
path,-10.596522391443543,-5.067918121816611
path,-10.595740722001125,-5.066549309195079
path,-10.594960068841962,-5.065181742135001
path,-10.594177941237854,-5.063815854457749
path,-10.59339770735743,-5.062465914800918
path,-10.59261481538392,-5.061113515556118
path,-10.591833947817223,-5.059762091714378
path,-10.591052922859742,-5.058412072207697
path,-10.590270049437702,-5.057064859641586
path,-10.58948834484789,-5.055730797613605
path,-10.588706099244316,-5.054395112675182
path,-10.587925536039812,-5.053060491324375
path,-10.587143851200185,-5.051727717887685
path,-10.586358620356975,-5.050401849185397
path,-10.58557848707505,-5.049080391066655
path,-10.584799860018146,-5.047760968149577
path,-10.584020621787015,-5.046444274786966
path,-10.583238272091098,-5.045133304756578
path,-10.582452541003791,-5.0438223612269875
path,-10.58167564772877,-5.042524430277506
path,-10.580889214408526,-5.041230730889686
path,-10.580105958337898,-5.039923117945008
path,-10.57931629997095,-5.038609199265645
path,-10.578524904217687,-5.037288567029318
path,-10.577637184552174,-5.035838076148662
path,-10.57675119654535,-5.034361837794418
path,-10.57585975112893,-5.032884689838386
path,-10.574963936431248,-5.031407509308423
path,-10.574069140837416,-5.029928891051226
path,-10.573182607783776,-5.0284668467487785
path,-10.57229222108146,-5.027011185679841
path,-10.571399789075334,-5.025551699060899
path,-10.570509148010077,-5.0240929510120695
path,-10.569617780807128,-5.022636187031528
path,-10.568739118921984,-5.021208771745037
path,-10.567855852973176,-5.019786597178116
path,-10.566975012704386,-5.018360155482286
path,-10.56609294013141,-5.01693921874872
path,-10.565207764883652,-5.0155223284340185
path,-10.56432857354278,-5.014116143440156
path,-10.56344986548129,-5.0127127903726345
path,-10.562570807620569,-5.011310905945046
path,-10.561687719371488,-5.009913238907953
path,-10.560802753161681,-5.008515217680906
path,-10.559929742300339,-5.007125804618143
path,-10.55905276333985,-5.005742856948466
path,-10.55817092584144,-5.0043623941438655
path,-10.557291423823926,-5.002981452125606
path,-10.556411700116346,-5.0016017148561795
path,-10.55553691789736,-5.000239992490982
path,-10.554660442779308,-4.998878158146247
path,-10.55378659304248,-4.997516692772523
path,-10.552910427067571,-4.996158060493726
path,-10.552029598045113,-4.994801814566576
path,-10.551177297432728,-4.993525789611287
path,-10.550385469321437,-4.992413907786098
path,-10.549647411903585,-4.991295997900351
path,-10.548962813845268,-4.990171863736783
path,-10.548321517154287,-4.988964764700241
path,-10.547618709170528,-4.987812653728212
path,-10.54688569979311,-4.986704736939915
path,-10.54615187105153,-4.985597395525921
path,-10.54541722800509,-4.9844906384802545
path,-10.54468177525038,-4.983384473923441
path,-10.54395179249401,-4.982288391691463
path,-10.543221067553251,-4.981192902615429
path,-10.542489557061323,-4.980098014567701
path,-10.541757264196367,-4.979003732934108
path,-10.54102419185293,-4.977910062573421
path,-10.540372839834069,-4.9769252666888795
path,-10.539721956058164,-4.975957166205714
path,-10.539070468307802,-4.974989547089521
path,-10.538418377905057,-4.97402241262682
path,-10.53776568605968,-4.973055765782387
path,-10.53711559215756,-4.972094335911383
path,-10.536464905652164,-4.971133395795286
path,-10.535813626527776,-4.970172945519491
path,-10.535161755640386,-4.969212987042289
path,-10.534509293777923,-4.968253522127488
path,-10.533859737106484,-4.967299681462214
path,-10.533209598124449,-4.966346334197578
path,-10.53255887641912,-4.965393479350168
path,-10.531907572563105,-4.964441118075779
path,-10.531255687087752,-4.963489251412663
path,-10.530606599401398,-4.962542803413934
path,-10.529956938006155,-4.961596848763737
path,-10.529306702336992,-4.960651386030347
path,-10.528655892793964,-4.959706415884852
path,-10.528004509752096,-4.9587619389273145
path,-10.527357085785301,-4.95782451772042
path,-10.526709101477211,-4.956887586189821
path,-10.526060552549971,-4.955951142372475
path,-10.525411439300052,-4.955015186646845
path,-10.524761762008472,-4.954079719348526
path,-10.524115837191495,-4.953150942277111
path,-10.523469357550152,-4.952222650441141
path,-10.522822322066311,-4.951294841315543
path,-10.522174730970058,-4.950367515102715
path,-10.521526584482078,-4.949440671979183
path,-10.520880235487713,-4.948517669146218
path,-10.520233336212826,-4.947595147670974
path,-10.519585886170095,-4.946673106172634
path,-10.518937885549354,-4.945751544747287
path,-10.518289334534712,-4.944830463475414
path,-10.51764310251308,-4.943913928556791
path,-10.516996326126879,-4.942997871480584
path,-10.51634900471398,-4.942082290476964
path,-10.515701138438871,-4.941167185578182
path,-10.515052727462532,-4.940252556807087
path,-10.51440601837291,-4.93934156614205
path,-10.513758769301358,-4.938431049744055
path,-10.51311097975107,-4.937521006201704
path,-10.512462649870743,-4.9366114355089055
path,-10.511813779806898,-4.9357023376538995
path,-10.51103761765925,-4.934620834338932
path,-10.510247293713853,-4.933515893354361
path,-10.509456091330424,-4.93241165442381
path,-10.508664018318056,-4.931308117308198
path,-10.507871081762328,-4.930205281778799
path,-10.50708209763403,-4.929109814597167
path,-10.50629448870732,-4.928013959135579
path,-10.505503668554478,-4.926919906400713
path,-10.504712032143088,-4.925826543619785
path,-10.50391958238874,-4.924733870815936
path,-10.50313314546162,-4.923651287722719
path,-10.502345927933991,-4.922569384600244
path,-10.501557917759637,-4.921488159622377
path,-10.500769116968938,-4.920407612770195
path,-10.499979527419299,-4.91932774401642
path,-10.499195749362391,-4.918257561405542
path,-10.498411206010596,-4.917188048479835
path,-10.49762589139179,-4.916119202251489
path,-10.496839806820315,-4.91505102266836
path,-10.496052953505176,-4.913983509673195
path,-10.495270446154406,-4.912923582790213
path,-10.494487183461159,-4.911864316858717
path,-10.493703164926734,-4.910805708693882
path,-10.492918391426029,-4.909747758223952
path,-10.492132863770014,-4.908690465374037
path,-10.491355996192269,-4.907646520680407
path,-10.490578433260323,-4.906603215679533
path,-10.489800135825451,-4.905560552416456
path,-10.489021104520374,-4.904518530804473
path,-10.48824133993619,-4.903477150755455
path,-10.487462992978317,-4.902439276869636
path,-10.486683918426467,-4.9014020421343805
path,-10.485904116165248,-4.900365445163817
path,-10.485123586653723,-4.899329485865969
path,-10.484342330325681,-4.898294164148005
path,-10.483565586776221,-4.89726640588455
path,-10.48278812833876,-4.896239279642491
path,-10.482009953919311,-4.895212782192279
path,-10.481231063868684,-4.8941869134399365
path,-10.480451458522285,-4.893161673291016
path,-10.479678211974411,-4.892146341694274
path,-10.478904265597984,-4.891131631386504
path,-10.478129617719777,-4.8901175380645885
path,-10.477354268622053,-4.8891040616346295
path,-10.47657821857768,-4.8880912020025145
path,-10.475806331528876,-4.8870852917073995
path,-10.475033754131521,-4.886079993206844
path,-10.474260485285642,-4.885075303529952
path,-10.473486525231312,-4.884071222583303
path,-10.472711874202844,-4.883067750273413
path,-10.471941240296838,-4.882070970551278
path,-10.471169925413774,-4.881074794309029
path,-10.47039792863668,-4.880079218940608
path,-10.469625250146091,-4.879084244480225
path,-10.46885189014936,-4.878089870834621
path,-10.468082419244901,-4.877101960616752
path,-10.467312276508187,-4.876114646634262
path,-10.466541460879828,-4.875127926121841
path,-10.465769972553753,-4.874141798987769
path,-10.465000496861848,-4.873153910990049
path,-10.46423196204246,-4.87217462811763
path,-10.463462775813726,-4.871195931617018
path,-10.462692936015607,-4.8702178190574426
path,-10.461922441805594,-4.86924029055989
path,-10.461151292437943,-4.868263346226231
path,-10.460383787095628,-4.867292421528651
path,-10.459615633899983,-4.866322077128469
path,-10.458846831168218,-4.8653523105939565
path,-10.458077378454735,-4.8643831219676645
path,-10.457307275372402,-4.863414511280316
path,-10.45653987071803,-4.8624506815904365
path,-10.45577182166373,-4.861487426778857
path,-10.45500312705425,-4.860524744921057
path,-10.454233786683341,-4.859562636011199
path,-10.453463800380062,-4.858601100036146
path,-10.452701700015444,-4.857650770328689
path,-10.451938972045893,-4.8567010052479755
path,-10.451175612071546,-4.855751800407939
path,-10.450411620028413,-4.854803155774154
path,-10.449646995873636,-4.853855071307776
path,-10.448887203426947,-4.852914306603915
path,-10.448126789324533,-4.851974097118429
path,-10.447365752098422,-4.851034439693293
path,-10.446604091768961,-4.850095334277521
path,-10.445841808370407,-4.849156780819614
path,-10.445081918835431,-4.848222485480633
path,-10.444321412044717,-4.847288739302823
path,-10.443560287268456,-4.846355540552976
path,-10.442798544577437,-4.845422889169142
path,-10.442036184050089,-4.844490785087751
path,-10.441276883026019,-4.8435637142202825
path,-10.440516971269261,-4.842637187334953
path,-10.439756447890073,-4.841711202294632
path,-10.43899531298872,-4.840785759031486
path,-10.438233566670036,-4.839860857476721
path,-10.437474793504014,-4.838940840087892
path,-10.436715415818655,-4.838021361169871
path,-10.435955432785882,-4.837102418671751
path,-10.43519484452283,-4.836184012522539
path,-10.434433651149343,-4.835266142650682
path,-10.433604419167823,-4.834263306312766
path,-10.432769647179944,-4.83325852502601
path,-10.43194098564021,-4.8322512104121005
path,-10.431221395292853,-4.831221398144122
path,-10.430637548588198,-4.830171695287781
path,-10.4301917788573,-4.8291045372066135
path,-10.42986432676085,-4.828018488225279
path,-10.429466238509757,-4.82689379281061
path,-10.428944184980228,-4.825698979685386
path,-10.42855790934774,-4.824486005556797
path,-10.428110884821729,-4.82321677509186
path,-10.42773305819985,-4.821908157064678
path,-10.42730817191146,-4.820533096052588
path,-10.426943689078565,-4.819107383985721
path,-10.426571828321183,-4.817613735810165
path,-10.426214031185111,-4.816055467426092
path,-10.425867414264921,-4.814432011308736
path,-10.42552789336375,-4.812733882847249
path,-10.425199624871288,-4.8110231231586775
path,-10.424858826426451,-4.809319922439512
path,-10.42454155409106,-4.807581601044174
path,-10.424237196211157,-4.805855902218902
path,-10.423878081284995,-4.804210450482179
path,-10.423550159312548,-4.8025361664687765
path,-10.42321544620488,-4.800855136732583
path,-10.422897970860678,-4.7991806444548395
path,-10.42257047049921,-4.7975260741377825
path,-10.42224336785128,-4.795872393194277
path,-10.42191952980378,-4.794213089677737
path,-10.42159079415819,-4.792556888882815
path,-10.421286369996343,-4.790883523268193
path,-10.420960179257534,-4.789255242893821
path,-10.42064162677705,-4.787628278334484
path,-10.420313738798303,-4.786007352734593
path,-10.420021645321054,-4.784354425344156
path,-10.419772387674623,-4.782701311530689
path,-10.41951668525006,-4.781049234212268
path,-10.419267916157347,-4.779390616505178
path,-10.418912065020406,-4.777711582562501
path,-10.418557547377459,-4.775976884030381
path,-10.418134773319116,-4.7742242124531264
path,-10.41763998184159,-4.7724447673284605
path,-10.417072310363201,-4.7706238463333115
path,-10.416479382874568,-4.768783726608342
path,-10.415884766334713,-4.766942908179734
path,-10.415294122026697,-4.765121190549466
path,-10.414706093670414,-4.76330458213479
path,-10.414117613992795,-4.761488478381608
path,-10.41352868370714,-4.759672879437169
path,-10.412939303475028,-4.757857785424778
path,-10.412354258034474,-4.756065283675007
path,-10.411772663327794,-4.754277844468276
path,-10.41119063328894,-4.752490895953146
path,-10.410608168410045,-4.750704438185315
path,-10.41002549452054,-4.748919373270342
path,-10.409446806794472,-4.7471547390240545
path,-10.408871245014595,-4.745394801978006
path,-10.408295262019662,-4.743635342346759
path,-10.40771885816382,-4.741876360136943
path,-10.407142033474367,-4.740117855915219
path,-10.406568089973433,-4.738371579642345
path,-10.40599509726725,-4.736628223483176
path,-10.40542169133128,-4.734885337732619
path,-10.404847872744138,-4.733142921811632
path,-10.404273641466142,-4.731400976271257
path,-10.403703229957824,-4.729677037022382
path,-10.403135581287918,-4.727958419482799
path,-10.402567531390423,-4.72624025987953
path,-10.401999080186858,-4.72452255874193
path,-10.40143046763161,-4.722806217803002
path,-10.40086572820424,-4.721110067115786
path,-10.400304405637602,-4.7194188009035924
path,-10.399740517458223,-4.717728523964904
path,-10.399135226543143,-4.716074483728948
path,-10.398529464099733,-4.7144256725951506
path,-10.397899328641191,-4.712653116000955
path,-10.397233806442381,-4.71076732077826
path,-10.39652932362264,-4.708825358845519
path,-10.395809879607148,-4.7068638815030095
path,-10.395079987958754,-4.704903061365486
path,-10.394351992403724,-4.70295732568668
path,-10.393628802498746,-4.701016492931462
path,-10.392907107181696,-4.6990792694402534
path,-10.392186258813487,-4.697142046461815
path,-10.391465331933421,-4.695207090961573
path,-10.390746499854309,-4.69329614805516
path,-10.390033630275603,-4.691392715631083
path,-10.389323432009279,-4.6894938461771085
path,-10.388614295968246,-4.687595122113951
path,-10.387905256082197,-4.685698766279036
path,-10.387198715925313,-4.683824891221068
path,-10.386497450453545,-4.681958862095187
path,-10.385799002094144,-4.680097482043051
path,-10.38510139213666,-4.678237530635839
path,-10.384404182514729,-4.6763786613251375
path,-10.383708878049864,-4.6745425839939605
path,-10.383019487536279,-4.672712215330881
path,-10.382331759042149,-4.6708854618185995
path,-10.381645352417952,-4.669059021143388
path,-10.380958911909353,-4.667234762840772
path,-10.380273919699318,-4.665430216390256
path,-10.379593883460991,-4.663633081407474
path,-10.378916582615144,-4.661837421914646
path,-10.378240072663417,-4.6600446262315245
path,-10.3775635537466,-4.6582524813386215
path,-10.376888639878858,-4.656479749300765
path,-10.376218706484304,-4.65471186035039
path,-10.37555057893811,-4.652947660599525
path,-10.374883166564496,-4.65118470753343
path,-10.374216242823044,-4.649422834930158
path,-10.373550621358588,-4.6476787695247195
path,-10.372889462926873,-4.645939085680969
path,-10.372230112036613,-4.6442030652391715
path,-10.371571612476508,-4.642468401723252
path,-10.370912947273709,-4.640734216218062
path,-10.37025592644775,-4.639020068288724
path,-10.369604068655477,-4.637310863652901
path,-10.368954310218426,-4.635605538153796
path,-10.368305527195194,-4.633901651767124
path,-10.367656863776281,-4.6321984631651425
path,-10.36700940740986,-4.630510086043064
path,-10.366365384300135,-4.628826657486482
path,-10.365723156962238,-4.62714535374425
path,-10.365081629234332,-4.625463745397482
path,-10.364440354586392,-4.623784436589613
path,-10.363799559778137,-4.622113484436681
path,-10.363160360790847,-4.620445375136137
path,-10.362522112254865,-4.6187786652056575
path,-10.361882544488092,-4.617117109458125
path,-10.361243995259942,-4.615452297148853
path,-10.360568519727643,-4.613674582243736
path,-10.359854481852128,-4.611780304236975
path,-10.35910219567973,-4.6098057410848625
path,-10.358323915882558,-4.607798993793085
path,-10.357541685024595,-4.605786505866932
path,-10.356757266137095,-4.60379487962033
path,-10.355977450243486,-4.601809311573549
path,-10.355200006976155,-4.599827570312931
path,-10.354423723628742,-4.597846431892016
path,-10.353647830215424,-4.5958663847907575
path,-10.352873608124593,-4.593907662639172
path,-10.352104169499507,-4.591956158580288
path,-10.351337569432095,-4.590007748866388
path,-10.350572327982563,-4.588061218140765
path,-10.349807712401683,-4.586115998485394
path,-10.349045406766257,-4.584196344425883
path,-10.348289215232327,-4.582286453606614
path,-10.347536481783433,-4.580380147088873
path,-10.34678535296752,-4.578475886917981
path,-10.346035171982107,-4.576573218785342
path,-10.345288516891411,-4.574699542170785
path,-10.344548159927694,-4.572834847445503
path,-10.343811815866172,-4.570975256669402
path,-10.343077471095176,-4.569119096634644
path,-10.342344228151914,-4.56726357757338
path,-10.341662752570896,-4.565550133812916
path,-10.340997309096078,-4.563887534607387
path,-10.340340848367402,-4.562232888939573
path,-10.339688718573068,-4.56058450173903
path,-10.339038864892503,-4.558937526543346
path,-10.338390487903204,-4.55730681670351
path,-10.337746817495118,-4.555679391969565
path,-10.33710506991666,-4.554054126013426
path,-10.336464308359067,-4.552431380630241
path,-10.335823958502557,-4.550808553549901
path,-10.335184735431534,-4.549197883159902
path,-10.334547856853627,-4.547591135915615
path,-10.333912518825182,-4.545987521415783
path,-10.333278234322576,-4.544384330419969
path,-10.332644794024048,-4.542783565264109
path,-10.332011853630222,-4.54119597285617
path,-10.33138216204622,-4.53961159305155
path,-10.330754149497626,-4.53802947606347
path,-10.330127332362816,-4.536450267422966
path,-10.329501375862327,-4.534870847226699
path,-10.32887609223359,-4.5333031205350665
path,-10.32825295342786,-4.531737570450598
path,-10.32763122775236,-4.53017421956869
path,-10.327010955390799,-4.528613297830137
path,-10.326390843986774,-4.5270534143875745
path,-10.325739459658472,-4.525383634989725
path,-10.325048073618122,-4.523618054685638
path,-10.324328524475757,-4.521790886899712
path,-10.323587492303169,-4.519939227281153
path,-10.32283926085156,-4.518081236314873
path,-10.322090395100378,-4.516235259220672
path,-10.321344357300886,-4.514396012261994
path,-10.320601061635822,-4.512558979593516
path,-10.319859240827489,-4.510725061173486
path,-10.319118209673555,-4.50889158125037
path,-10.31837832948968,-4.507071128845263
path,-10.317640429026012,-4.505254050519281
path,-10.316906048188423,-4.503440803650137
path,-10.316173732125797,-4.5016296947477
path,-10.315441164888613,-4.499819236567395
path,-10.3147087410448,-4.498029967042891
path,-10.313978308202579,-4.496246837183462
path,-10.313250556622476,-4.4944678096517015
path,-10.312524499916698,-4.49268971486175
path,-10.311798107016118,-4.490915165584021
path,-10.311073071139237,-4.489156643338945
path,-10.310352535470827,-4.48740336274303
path,-10.309635756222928,-4.485653898764874
path,-10.30891978792043,-4.483906806234102
path,-10.308205261062268,-4.482160477008391
path,-10.307490159956288,-4.480431944489645
path,-10.306767803644213,-4.478710050265016
path,-10.306032096598331,-4.4769885991054075
path,-10.305277085900434,-4.475266832094337
path,-10.30450469069841,-4.473540397877652
path,-10.303717574783228,-4.471828400681636
path,-10.30291589284267,-4.470121847468498
path,-10.30211195144663,-4.468423880780244
path,-10.301309202379104,-4.4667508080016844
path,-10.30051329925183,-4.465084478108592
path,-10.29971781298742,-4.463431801387444
path,-10.298928413212078,-4.461780845287887
path,-10.298134572577332,-4.460134753127033
path,-10.297343368021384,-4.458483845204327
path,-10.296550504602877,-4.456839499049339
path,-10.295766447092722,-4.455204682458932
path,-10.294980358372486,-4.453581636044474
path,-10.294198953270795,-4.451960900879
path,-10.293416868333331,-4.4503382049421045
path,-10.292633363147694,-4.448715461266678
path,-10.291854504442234,-4.447099750666364
path,-10.29107678676401,-4.445499070149489
path,-10.290302506990555,-4.443894506723674
path,-10.289524534575188,-4.442293196614444
path,-10.288751395717854,-4.440692028285551
path,-10.287980695997717,-4.439105910752957
path,-10.28721384099741,-4.437520309252454
path,-10.286445622631671,-4.435944128087405
path,-10.28567627481454,-4.434364553533503
path,-10.284907303058954,-4.432771936486735
path,-10.284141419282859,-4.431176178403587
path,-10.283369898363855,-4.429569058543256
path,-10.282594107391352,-4.427955458662572
path,-10.281819035880213,-4.426342626429358
path,-10.28104272578804,-4.424729395026115
path,-10.280234111894266,-4.422994573580266
path,-10.279370490556914,-4.421155821119561
path,-10.278469076008271,-4.419264270701918
path,-10.277549090287359,-4.417342306281538
path,-10.276612391022244,-4.415404020400662
path,-10.275677108006688,-4.413482122299239
path,-10.274743932725576,-4.411564780842454
path,-10.273807221744502,-4.409647939021805
path,-10.272869286813362,-4.407729713162654
path,-10.271930856425778,-4.405810789530318
path,-10.270996820512481,-4.403909729177375
path,-10.270062950357907,-4.4020090357668735
path,-10.269127897188472,-4.400109379958336
path,-10.268191372394208,-4.39820783578864
path,-10.267253473142116,-4.396306312677215
path,-10.26632664292715,-4.394435996166003
path,-10.265406575077877,-4.392575417390829
path,-10.264486583380963,-4.390715519787893
path,-10.263566653753996,-4.388857614946601
path,-10.262646251652408,-4.386999260627425
path,-10.261734211404114,-4.385165892405254
path,-10.260825472301613,-4.383337210973902
path,-10.25991798188476,-4.3815104908009825
path,-10.25901167505902,-4.379686575174722
path,-10.258105285330966,-4.377862511327932
path,-10.257204173178657,-4.376059911623466
path,-10.256307151738524,-4.3742621599682785
path,-10.255412336788545,-4.372467081719202
path,-10.25451865383179,-4.370673859908546
path,-10.253625848469664,-4.368881963463551
path,-10.25273657118645,-4.3671112793801
path,-10.25185301165211,-4.3653477859319425
path,-10.250971993795366,-4.363585820493268
path,-10.250092824798775,-4.361827442541273
path,-10.249215309219556,-4.36007218725549
path,-10.248340774468376,-4.3583353673357434
path,-10.247471340563596,-4.356604774829394
path,-10.246605302859171,-4.354877716453878
path,-10.245741056150777,-4.353153047007631
path,-10.244878241790701,-4.3514297435906055
path,-10.244016571702884,-4.349712872372114
path,-10.243156343585685,-4.347999066704875
path,-10.242297345636176,-4.346287110499435
path,-10.241439363170022,-4.344576284169214
path,-10.240582079209405,-4.3428677304512195
path,-10.239726380889566,-4.34117430930404
path,-10.238874727597233,-4.339486606733743
path,-10.238025826372441,-4.337802132114108
path,-10.237178863611028,-4.3361197295627045
path,-10.23633326450878,-4.334440065735435
path,-10.235488944924404,-4.332772178551897
path,-10.234648585243718,-4.331109594509712
path,-10.233810509026709,-4.32944978476651
path,-10.232974208026397,-4.32779278743283
path,-10.232138848784603,-4.32613627150252
path,-10.231291074060938,-4.324416599842374
path,-10.230427944490797,-4.3226714262512
path,-10.229552552425337,-4.320912139331348
path,-10.228666127046095,-4.319141044564109
path,-10.22777055265403,-4.317362149443496
path,-10.22687078789236,-4.315588255693946
path,-10.225970810933417,-4.313814177441568
path,-10.225070995198989,-4.3120419933766705
path,-10.224170886199873,-4.3102691739813475
path,-10.223270782016249,-4.308498131916549
path,-10.222371904269727,-4.3067442584767885
path,-10.221476923781195,-4.304996951941207
path,-10.220585071756085,-4.303252981117933
path,-10.21969568499856,-4.301512342069402
path,-10.218807718941703,-4.299772048525162
path,-10.217922217355989,-4.298046178641243
path,-10.217039518366587,-4.296327344437884
path,-10.216160324155387,-4.294611873872719
path,-10.215283316850385,-4.292898153617742
path,-10.214407596114416,-4.291186274698685
path,-10.213534707136692,-4.28949142645958
path,-10.212665476361796,-4.287803319359758
path,-10.211799764706461,-4.286118678569387
path,-10.210936528139774,-4.284436514944388
path,-10.210075165883552,-4.2827569227777325
path,-10.209214430728968,-4.281088010981391
path,-10.208357536322456,-4.279419967550556
path,-10.20750223158336,-4.277753965027026
path,-10.20664815925508,-4.276090577142895
path,-10.20579480974962,-4.274427548794276
path,-10.204942530084221,-4.272778180600431
path,-10.204093731063564,-4.271135365308823
path,-10.20324840995458,-4.2694965780948
path,-10.20240494077201,-4.267858440618019
path,-10.201562796715162,-4.266222937477302
path,-10.200721988424153,-4.264598983966727
path,-10.199884534771142,-4.262979720431731
path,-10.199049876488363,-4.261362655088332
path,-10.198216867841005,-4.259748423282589
path,-10.197384454559414,-4.258134151116038
path,-10.196553951043962,-4.25653126432766
path,-10.195726315678565,-4.254934386616904
path,-10.194900909181667,-4.253338421760366
path,-10.194077020207043,-4.251745186247803
path,-10.193253507849393,-4.25015174116971
path,-10.192431916191383,-4.248570066154571
path,-10.19161340855561,-4.246994462075947
path,-10.190797760587195,-4.245422557468835
path,-10.1899838384215,-4.24385174656904
path,-10.189170279582399,-4.242281172265113
path,-10.18835804015983,-4.240718384487955
path,-10.187547442903131,-4.239157133561933
path,-10.186738217467301,-4.237598471516331
path,-10.185929557616927,-4.236040276086359
path,-10.185121033417701,-4.234482720260831
path,-10.18431359506352,-4.232935859886176
path,-10.183509381933103,-4.231393423681661
path,-10.182707795598652,-4.229854472255877
path,-10.181907074901849,-4.228315642102713
path,-10.181107114248078,-4.226778457176095
path,-10.180283871225262,-4.225154283854449
path,-10.179434279345093,-4.22347853637758
path,-10.178564507727982,-4.221777355486208
path,-10.177687978504554,-4.220066229894282
path,-10.176805347984542,-4.218349300227524
path,-10.175917361087143,-4.216629695801503
path,-10.175022306439,-4.214908651301883
path,-10.174121749046042,-4.2131795804900785
path,-10.173215282400918,-4.211447270087574
path,-10.17230408574292,-4.209712069299481
path,-10.171393981937788,-4.207982240235451
path,-10.170483392824037,-4.206263385308792
path,-10.169575610597773,-4.204548230302547
path,-10.168669110809454,-4.202834245732223
path,-10.167763084921752,-4.2011212437548595
path,-10.16686018826591,-4.1994220619760005
path,-10.165960721684819,-4.197730491970129
path,-10.165064615237892,-4.196041662449063
path,-10.164170413762287,-4.194355449384743
path,-10.163276770761595,-4.192670257883469
path,-10.162385352035782,-4.190994231155697
path,-10.16149604569495,-4.189321757374443
path,-10.160608761348954,-4.187651979354474
path,-10.159722030822657,-4.185983225880979
path,-10.158835346044434,-4.184315125333996
path,-10.157957976193469,-4.182669779577124
path,-10.157083531262872,-4.181042365350756
path,-10.156215604109029,-4.179420179268639
path,-10.15535187002743,-4.177801309874591
path,-10.154490619873021,-4.176185420190307
path,-10.153634212799556,-4.174582151950509
path,-10.152781085294494,-4.172988852281171
path,-10.151931244817073,-4.171397465117759
path,-10.151083427434319,-4.169808728346465
path,-10.150236314724118,-4.168221050885067
path,-10.149394272586237,-4.166645798215156
path,-10.148555139360136,-4.165081874519589
path,-10.147719484041492,-4.163520501900176
path,-10.146885531112742,-4.16196086306035
path,-10.146052272562281,-4.160402257376842
path,-10.14522154324173,-4.1588512698765046
path,-10.144392370925098,-4.157303575025239
path,-10.143564647789095,-4.155758089055676
path,-10.142737270002588,-4.1542133850654
path,-10.141908069175333,-4.152669800412489
path,-10.141084530608543,-4.151134477636285
path,-10.140263488283859,-4.149610066995117
path,-10.139445402558932,-4.14808804445074
path,-10.138628716256425,-4.1465675180602855
path,-10.13781268249978,-4.1450476704553205
path,-10.137001355860324,-4.143536658246618
path,-10.136190955589132,-4.142031457140567
path,-10.135382741353824,-4.1405294202614344
path,-10.13457631417577,-4.139027506662977
path,-10.1337694664144,-4.137526645698644
path,-10.132929264437166,-4.135907012967555
path,-10.132042928673293,-4.134205522760362
path,-10.131110025986338,-4.132446574863119
path,-10.130145558639462,-4.130641733947528
path,-10.129160858207493,-4.128813095175268
path,-10.128172233182873,-4.126967307491292
path,-10.127168992906759,-4.125112244751175
path,-10.126149657999505,-4.1232545838055525
path,-10.12511558224841,-4.121399589170155
path,-10.124073297313009,-4.11954162910608
path,-10.123036919667602,-4.117712420532032
path,-10.12200790363673,-4.115893922761045
path,-10.120979512544013,-4.114077472253729
path,-10.119950610981261,-4.112261345258908
path,-10.118921865687632,-4.110445063170792
path,-10.11791134718444,-4.108668438268726
path,-10.116911813404833,-4.106903523719331
path,-10.11591566155708,-4.105142497598101
path,-10.114918542171726,-4.103381448479932
path,-10.113918814067283,-4.101620183491754
path,-10.112920369436365,-4.099872049861985
path,-10.11192192601981,-4.098125369957778
path,-10.110923585229717,-4.096379485982368
path,-10.109923236353554,-4.094634682830741
path,-10.108921203282458,-4.092890225046457
path,-10.107925653192932,-4.0911699834584905
path,-10.106936937549285,-4.0894572187165
path,-10.105950043088841,-4.087747951181109
path,-10.1049631381957,-4.086038926376515
path,-10.103975757356837,-4.084331743045623
path,-10.102996244412786,-4.082651389722802
path,-10.102025215446384,-4.080979584816974
path,-10.101056941320236,-4.079311656159225
path,-10.100089372656225,-4.077645106341985
path,-10.099121815385471,-4.075978352590907
path,-10.098159829774623,-4.0743311096773525
path,-10.09720462642733,-4.072691985245307
path,-10.096251893561087,-4.07105405184125
path,-10.095299995548672,-4.069418275651482
path,-10.094348604883162,-4.067783252837076
path,-10.093402524617545,-4.0661645699666575
path,-10.09246323972819,-4.064556482169793
path,-10.091528145403737,-4.062946963128828
path,-10.09059480113739,-4.061339718599033
path,-10.089662980004645,-4.059733302307242
path,-10.088737639585878,-4.058142959400689
path,-10.08781992514507,-4.056558969496683
path,-10.086906560048073,-4.054976015063563
path,-10.085996805460097,-4.053395663605138
path,-10.085090625796092,-4.051816413052338
path,-10.084192679606424,-4.050252091458593
path,-10.08330456872397,-4.048694056810655
path,-10.082423877831516,-4.0471385775665905
path,-10.08155062877609,-4.045583827852475
path,-10.08068584714304,-4.044032227693132
path,-10.07983426640676,-4.042496191373988
path,-10.078999624841524,-4.040966329065422
path,-10.078181663532865,-4.03944070622717
path,-10.077382989308093,-4.037919138525198
path,-10.076590979284893,-4.036415278618494
path,-10.07584994099067,-4.034930017013753
path,-10.075159475036061,-4.033453070882621
path,-10.07452590413599,-4.032013444208438
path,-10.073963044685648,-4.030632517789485
path,-10.073418509976287,-4.029331356326065
path,-10.072730192121659,-4.028135323869237
path,-10.071976830548655,-4.026914120258415
path,-10.071339051179057,-4.025628191933681
path,-10.070799677787893,-4.0243649575378795
path,-10.070220020231844,-4.023175525372496
path,-10.0694663804472,-4.02205950874572
path,-10.06864668446149,-4.020904233333765
path,-10.067827719307616,-4.019698302848774
path,-10.067005765069254,-4.018460525666067
path,-10.066171116067764,-4.017185175162021
path,-10.065315964424363,-4.01591247871865
path,-10.064461204710046,-4.014606994155912
path,-10.063592982587602,-4.0132791368410645
path,-10.062715063097034,-4.011935926560908
path,-10.061829042285101,-4.0105788811047995
path,-10.060938570448009,-4.0092145325619
path,-10.060040894653664,-4.007839216109956
path,-10.059135789484797,-4.006453761824971
path,-10.058223600335102,-4.005058876173715
path,-10.057306318366539,-4.003658075215856
path,-10.056369250716983,-4.002184854477921
path,-10.055412548238861,-4.000672666625228
path,-10.054428299661959,-3.9991319202624145
path,-10.053417821179865,-3.9975632022818615
path,-10.052387125135606,-3.9959711687096586
path,-10.051337856528422,-3.9943654832837714
path,-10.050269075935384,-3.992741271533193
path,-10.049187535372655,-3.9911052579500845
path,-10.048104426101192,-3.989468810130473
path,-10.047020459546644,-3.987832519159522
path,-10.045939682193398,-3.986205978609806
path,-10.044864178578578,-3.984590373729413
path,-10.043791228909855,-3.9829746113534505
path,-10.042717444009265,-3.9813571681680693
path,-10.041642802585415,-3.9797414593758647
path,-10.040572388673466,-3.978139896860064
path,-10.039510653629263,-3.9765477953728614
path,-10.038451309891693,-3.9749589131487033
path,-10.037391409693738,-3.9733724423592887
path,-10.036325102242028,-3.971881178388524
path,-10.035227720625974,-3.970635494227745
path,-10.034175019727812,-3.9694695623711898
path,-10.033174701207034,-3.9683791576441836
path,-10.032232131265754,-3.967347581295718
path,-10.031354713318587,-3.966354744252238
path,-10.030513252557725,-3.9653969366308823
path,-10.029678821875043,-3.964458144297971
path,-10.028842366026716,-3.9635187193669092
path,-10.028004696576525,-3.9625806231957754
path,-10.027166183349282,-3.9616442505239244
path,-10.026331338411664,-3.960708435905992
path,-10.025498060835307,-3.95978038418395
path,-10.02466607241745,-3.958849975128485
path,-10.02383141824337,-3.9579182494012874
path,-10.022995526582504,-3.9569886574186492
path,-10.022166785611722,-3.9560675914688446
path,-10.021338617121636,-3.9551455156309623
path,-10.020509461449326,-3.954229485758541
path,-10.019679256776895,-3.9533104181879333
path,-10.018849799164059,-3.95239171745738
path,-10.01802447805235,-3.9514814520928456
path,-10.01719908205923,-3.9505726968547377
path,-10.016373691190172,-3.949665232807948
path,-10.015547481976208,-3.9487574388712225
path,-10.014719490536777,-3.9478494696439297
path,-10.013894263502376,-3.946938889434179
path,-10.013074183926474,-3.946039270286366
path,-10.012252927908833,-3.9451392934305995
path,-10.011431651332561,-3.944242534496239
path,-10.010552517278818,-3.9433030835325353
path,-10.009595473096407,-3.9422948363234087
path,-10.008600221619481,-3.9412718666744078
path,-10.007585433189185,-3.9402540278818674
path,-10.006568405716292,-3.939237657211093
path,-10.005551144124523,-3.938220210124925
path,-10.004538194739846,-3.937209769933945
path,-10.003525563749955,-3.936200650422213
path,-10.002512833851274,-3.9351923358906165
path,-10.001500217523352,-3.9341849930475212
path,-10.000487368265675,-3.9331765181272513
path,-9.999386711731034,-3.9321122329054963
path,-9.998209308510372,-3.930966584325857
path,-9.996978515795707,-3.9297360381113164
path,-9.995714157003155,-3.928467545006426
path,-9.99443347648831,-3.927204932329213
path,-9.993168544813207,-3.9259590407290537
path,-9.991907489911451,-3.9247192248761857
path,-9.990646371784724,-3.9234806230618746
path,-9.989384890873032,-3.9222411575744167
path,-9.988123020907953,-3.9210045746228785
path,-9.986876893237367,-3.9197836413903344
path,-9.98563382858372,-3.9185678743390335
path,-9.98439053497193,-3.9173532130204722
path,-9.983147249304064,-3.916139769272987
path,-9.981903630049661,-3.914925480602193
path,-9.980673465255073,-3.913727491746199
path,-9.979456261599937,-3.9125652904564387
path,-9.978277953483648,-3.9116002624148347
path,-9.97717098596347,-3.9106822725153036
path,-9.976126519680319,-3.9098166554730174
path,-9.975136720245697,-3.9090333604579173
path,-9.974169641881,-3.908282454647666
path,-9.973209087855741,-3.907524731427833
path,-9.972246791569582,-3.906772691872539
path,-9.971289414747405,-3.906018329215857
path,-9.970344613481585,-3.9052777775725587
path,-9.969404085076231,-3.904543051382038
path,-9.968462306317324,-3.903814112576069
path,-9.96751625372289,-3.9030750373347933
path,-9.966572253205392,-3.9023417498507444
path,-9.965630981644926,-3.901618935459653
path,-9.96469443004752,-3.9008925136790906
path,-9.963756737420718,-3.90016243326155
path,-9.962815880278043,-3.8994382462166657
path,-9.961879465023458,-3.8987152465051276
path,-9.960939797768502,-3.8979950553115357
path,-9.960000552371058,-3.8972726640694213
path,-9.95906334431796,-3.8965590153585707
path,-9.958123536381803,-3.8958466362713837
path,-9.95718652675378,-3.8951328887155445
path,-9.956254698323246,-3.894421331048574
path,-9.955328593808579,-3.8937163003442876
path,-9.954404673002731,-3.893013655414549
path,-9.953482549700807,-3.892309464928565
path,-9.952561709685384,-3.891602119953143
path,-9.951650650920177,-3.890907619109782
path,-9.950742253916758,-3.890207164979532
path,-9.949835387972701,-3.889508678686099
path,-9.948933389503,-3.88881675825939
path,-9.948024531989034,-3.8881188934468653
path,-9.94712667066564,-3.8874270414049157
path,-9.946233166943312,-3.8867483937876846
path,-9.94533869081663,-3.886059568666894
path,-9.94444365315598,-3.885379091986484
path,-9.943555508277386,-3.8846972817717127
path,-9.942666105449467,-3.884017678400721
path,-9.94178275374043,-3.883342494664553
path,-9.940896598395355,-3.8826633760706524
path,-9.940011155018736,-3.8819924813711557
path,-9.939135363231316,-3.881319662422644
path,-9.938255854411365,-3.8806584339243715
path,-9.937382472503982,-3.8799888259740296
path,-9.936507201547593,-3.8793223219008435
path,-9.93562906603065,-3.878657365140799
path,-9.93475315499326,-3.877992538589111
path,-9.933882075200685,-3.8773307027156094
path,-9.933007908327887,-3.8766754997568125
path,-9.9321332201345,-3.8760178016738163
path,-9.931258456965697,-3.875355693383181
path,-9.930380070766542,-3.87469443438029
path,-9.929505255068975,-3.8740442121728473
path,-9.928632499882655,-3.8733961979607625
path,-9.927762907460504,-3.8727423690192686
path,-9.926892125168822,-3.872089110951523
path,-9.926015360736251,-3.8714454078528613
path,-9.925142140262235,-3.870797761487769
path,-9.924268778651934,-3.870148794122796
path,-9.92339715078422,-3.869497648283596
path,-9.922524037928836,-3.8688509725383575
path,-9.921646823256424,-3.868205605388616
path,-9.920775492366987,-3.8675702372883154
path,-9.919903820726057,-3.866928083817474
path,-9.919035757209716,-3.866290226511825
path,-9.918161137366814,-3.8656561419093323
path,-9.917292675973608,-3.865016569251941
path,-9.91642124134387,-3.864380036049015
path,-9.91554820026097,-3.8637543591481713
path,-9.914679643442666,-3.8631244238444293
path,-9.91381418880548,-3.862494602189048
path,-9.91294162070043,-3.861863886631243
path,-9.912078401040048,-3.8612337488060433
path,-9.911212538913578,-3.86061097545028
path,-9.910341486812206,-3.8599861355232843
path,-9.909469507708106,-3.8593622825526466
path,-9.908601862685703,-3.8587367978259253
path,-9.907733221105744,-3.8581158908593842
path,-9.90686485269646,-3.8574946664746315
path,-9.905993082853342,-3.856875052751186
path,-9.90512136049026,-3.856255280936595
path,-9.904251305298645,-3.855634969491444
path,-9.903384982388864,-3.8550204356446574
path,-9.902515525155728,-3.8544087586362576
path,-9.901644049527476,-3.8537976539275323
path,-9.900772042267063,-3.853184648722569
path,-9.899903603706688,-3.852573588827447
path,-9.899040244755643,-3.8519665746900564
path,-9.898171391400796,-3.8513589622533044
path,-9.897306829567654,-3.850754107914763
path,-9.896436374009992,-3.850148190461303
path,-9.895570076622782,-3.8495432153534765
path,-9.894703941872827,-3.8489424197880115
path,-9.893837946021605,-3.8483414641622216
path,-9.892975586551122,-3.8477416808387477
path,-9.892109553347158,-3.8471411871001924
path,-9.891240966987148,-3.846542437849456
path,-9.890376412389033,-3.8459444721909892
path,-9.889508164486822,-3.8453453278431287
path,-9.888644196172477,-3.8447503440853503
path,-9.887779004961175,-3.8441539612688103
path,-9.886908891807172,-3.8435612995272925
path,-9.886045459205166,-3.8429671625220143
path,-9.885176677020151,-3.842377194051256
path,-9.88430525764685,-3.8417845693689725
path,-9.883438467904115,-3.841195781500437
path,-9.88257377658925,-3.840606438713291
path,-9.881707348353435,-3.8400227650193033
path,-9.88083984926051,-3.8394413123124718
path,-9.879975858343736,-3.8388592502639587
path,-9.879107741479473,-3.8382771223729515
path,-9.878242829071088,-3.8376946197211335
path,-9.877378387974176,-3.837117682161199
path,-9.876513584577156,-3.836541837179366
path,-9.875649005311859,-3.8359628238661294
path,-9.874783670156653,-3.8353869897821307
path,-9.87391854639203,-3.8348057380534595
path,-9.873052505719903,-3.8342336384237727
path,-9.872189650617807,-3.833660073393969
path,-9.871323444030295,-3.833088418236742
path,-9.870460548818473,-3.8325151311662835
path,-9.869598151846446,-3.831943598300586
path,-9.86873355183702,-3.8313750671988624
path,-9.867869959723084,-3.830808708422389
path,-9.867004981972197,-3.83023909318817
path,-9.866137878570303,-3.8296739668431474
path,-9.865270498203513,-3.8291102440507623
path,-9.86422026374197,-3.828361529213801
path,-9.863081563049642,-3.8276125307835076
path,-9.861933732076707,-3.8268746279643926
path,-9.86078561908624,-3.8261368810654037
path,-9.859637626513281,-3.825398686524376
path,-9.858491144322327,-3.8246667979512634
path,-9.857344315890026,-3.8239390210471864
path,-9.856197822602493,-3.8232103374429833
path,-9.85505136209991,-3.822481974925748
path,-9.853902491948146,-3.821749878203016
path,-9.85276088500954,-3.821031263653403
path,-9.851618760682658,-3.820307334687135
path,-9.850474704104146,-3.81958741547682
path,-9.84933055064831,-3.81887051201715
path,-9.84818340397012,-3.8181564519901228
path,-9.847047473727601,-3.8174482994738805
path,-9.84591185776409,-3.816740374102958
path,-9.84477541122834,-3.8160337172094208
path,-9.843637116193209,-3.8153301060288114
path,-9.842498475722266,-3.814627965381044
path,-9.84136643677915,-3.8139328971528084
path,-9.840232712835851,-3.8132385161725013
path,-9.839115679946667,-3.812536211262634
path,-9.837986916475725,-3.811844887982971
path,-9.836858301637378,-3.811153675562837
path,-9.83573613656795,-3.8104726526264483
path,-9.834612962965586,-3.8097919307118526
path,-9.833499271762872,-3.8091077837274154
path,-9.832378351744923,-3.808429201384653
path,-9.83125502125807,-3.807750324169695
path,-9.830141954742746,-3.8070822025534006
path,-9.829034200136647,-3.806404950972528
path,-9.827924817611317,-3.805733608252566
path,-9.826815439168078,-3.805063146253486
path,-9.82570199447171,-3.804394543477794
path,-9.824595737246907,-3.8037361100854103
path,-9.823491379457582,-3.8030772732380775
path,-9.822386278749919,-3.802420546041143
path,-9.821281998135865,-3.801762314855569
path,-9.820175072087721,-3.801106303785044
path,-9.819074957765563,-3.800456221142357
path,-9.817974210632286,-3.799811422344196
path,-9.816874754733758,-3.7991612939807298
path,-9.81577407524898,-3.7985150384609305
path,-9.814672998388819,-3.7978711053115632
path,-9.81357375875542,-3.7972284465013026
path,-9.812472597003499,-3.796591449487542
path,-9.811374485680899,-3.795951293000011
path,-9.810276223152378,-3.7953102509893695
path,-9.809171901026208,-3.7946737311763465
path,-9.808076536039628,-3.7940418450505757
path,-9.806983175094965,-3.793412110137417
path,-9.805888915761841,-3.792784362049274
path,-9.804797022885179,-3.7921542445678935
path,-9.803703135766243,-3.7915243645944523
path,-9.802613622623426,-3.7909020990036537
path,-9.80152477047786,-3.79028036662543
path,-9.800435977366432,-3.789657507083665
path,-9.799347682515265,-3.7890361408765574
path,-9.798258552467212,-3.7884139158220496
path,-9.797171458019651,-3.7877974389119946
path,-9.796082606445369,-3.787184124573466
path,-9.794995661848198,-3.786569523969967
path,-9.793908800597192,-3.785953656154773
path,-9.79282030581609,-3.7853409669742373
path,-9.791736696279253,-3.7847344307044346
path,-9.79065109639713,-3.784130150942451
path,-9.789571397099715,-3.783521220101748
path,-9.78848712641221,-3.7829130669125335
path,-9.787400817311632,-3.782310745961801
path,-9.786319000955348,-3.781711687307613
path,-9.785236580049535,-3.781114956488691
path,-9.78415502216512,-3.7805181911530283
path,-9.783073635997544,-3.7799229573858835
path,-9.781993031979749,-3.7793242770001263
path,-9.780919467597126,-3.7787341699892236
path,-9.779845599209008,-3.778142365672259
path,-9.778770518930902,-3.7775533505728287
path,-9.777695576451238,-3.7769616435229305
path,-9.776620012131769,-3.7763718915055
path,-9.775549964122694,-3.775788952712137
path,-9.77447922134148,-3.7752082274499963
path,-9.773409134078333,-3.774624223207924
path,-9.772338461761354,-3.774042025170175
path,-9.771266195024316,-3.7734630640484124
path,-9.770197180036785,-3.7728844476902506
path,-9.769126910897418,-3.7723103978547656
path,-9.768053564821898,-3.771733589208405
path,-9.766979358846992,-3.7711617774872077
path,-9.76590689528237,-3.7705888344679592
path,-9.764837311383125,-3.770021004867936
path,-9.76376726271123,-3.7694525273039123
path,-9.762696491846322,-3.768886524695229
path,-9.761623617078827,-3.7683224468952776
path,-9.760553994809682,-3.7677561379253484
path,-9.7594863837451,-3.7671930259787914
path,-9.758419326431566,-3.766635429002287
path,-9.757347630869821,-3.766080645872345
path,-9.756273898069942,-3.76552292668346
path,-9.755200284355073,-3.764970196937863
path,-9.754135168546288,-3.764414284546541
path,-9.753070124799708,-3.7638646526894486
path,-9.752004697873922,-3.7633099380971533
path,-9.750938558811981,-3.7627593434917705
path,-9.749874201862308,-3.7622045241332107
path,-9.748812886875973,-3.761654770921443
path,-9.747750860186912,-3.7611073660310765
path,-9.746686577134428,-3.7605610131149643
path,-9.745620635586656,-3.7600140278546466
path,-9.744554029858458,-3.7594712473364558
path,-9.743494569949474,-3.7589312408047655
path,-9.742432387299568,-3.7583938241191155
path,-9.741373467920424,-3.7578520274852063
path,-9.74031430217167,-3.7573108135268827
path,-9.73925253667382,-3.7567727925361156
path,-9.73819619643143,-3.756237477124456
path,-9.737139475836331,-3.75570373611918
path,-9.736078457563753,-3.755175843239721
path,-9.73501927977049,-3.7546402369075977
path,-9.733960767768599,-3.754108885137592
path,-9.732904163594732,-3.753579534977805
path,-9.731843308217563,-3.753051251433711
path,-9.730782764335874,-3.7525250231698934
path,-9.729721710419687,-3.752000620489862
path,-9.728661660428285,-3.7514723769998604
path,-9.727608684808827,-3.7509490268490393
path,-9.726552456905655,-3.7504283880027516
path,-9.725489657986294,-3.7499110047983115
path,-9.724442453186306,-3.7493894146260724
path,-9.723398760584914,-3.7488648500909227
path,-9.722363362025868,-3.7483482446516594
path,-9.721331406578049,-3.7478311982530337
path,-9.720304394039886,-3.747313383157867
path,-9.719279217607419,-3.7467975831205167
path,-9.718253314157076,-3.7462798251104727
path,-9.717228458823062,-3.7457675014727134
path,-9.716207715692315,-3.7452511227269394
path,-9.715179588598536,-3.7447414661840894
path,-9.714156977298163,-3.7442281429087183
path,-9.713131301455585,-3.743716869350925
path,-9.712114996323018,-3.7432060478824747
path,-9.711097138409254,-3.7426975146073
path,-9.710082816609827,-3.74219140007982
path,-9.70907093551523,-3.741687931769025
path,-9.708061340099915,-3.7411832107608087
path,-9.707055155487252,-3.7406817184113677
path,-9.706054427111514,-3.7401829432698976
path,-9.705054055372576,-3.7396835993253683
path,-9.704056441519633,-3.73918835706985
path,-9.703058865777654,-3.738689529697302
path,-9.701828951672708,-3.7380250319229456
path,-9.700433466828846,-3.7373105542941745
path,-9.699001749165829,-3.7366090252891793
path,-9.697564709932804,-3.735910493458481
path,-9.696125707833021,-3.7352129618551335
path,-9.694690014138986,-3.734519684303558
path,-9.693255718126606,-3.733829144415143
path,-9.691819763008318,-3.733140656362647
path,-9.690381173694972,-3.732454187205006
path,-9.688941781304266,-3.7317701895169257
path,-9.68751587075015,-3.7310958094354145
path,-9.686091767889783,-3.7304252685810253
path,-9.684670110876025,-3.729751138071786
path,-9.683244471865684,-3.7290804030511184
path,-9.681819877927722,-3.7284118819057253
path,-9.680404447765945,-3.727753227600736
path,-9.678992824620886,-3.7270938949076697
path,-9.677580229374401,-3.7264348953259567
path,-9.676163809484947,-3.7257783349182567
path,-9.674747759827872,-3.725124767862012
path,-9.673339877845297,-3.7244767106266066
path,-9.671931273730884,-3.7238305910089724
path,-9.670523734269539,-3.72318596678841
path,-9.669114466607414,-3.7225410457430637
path,-9.667704415801596,-3.7218977448473565
path,-9.666304343091802,-3.7212657582120454
path,-9.664906067388774,-3.7206322140621078
path,-9.66350823626651,-3.7199998595228223
path,-9.662106889448564,-3.719368727544948
path,-9.66070394582191,-3.7187417656207833
path,-9.659312478273495,-3.7181209315862667
path,-9.65792436133491,-3.7175005479628496
path,-9.65653368336897,-3.716881958451954
path,-9.655143179136395,-3.716267409336585
path,-9.653750164531795,-3.715651888873638
path,-9.652368390237989,-3.715042381122007
path,-9.650986786698981,-3.714435937231955
path,-9.649603562843883,-3.713832482798139
path,-9.648220737431712,-3.713227758018467
path,-9.646837124796953,-3.7126246172116772
path,-9.645458421691655,-3.7120271568844534
path,-9.64408081501086,-3.711431656114229
path,-9.642700037222978,-3.7108382282470043
path,-9.640930198366606,-3.7097182024296353
path,-9.638957709058296,-3.7079504883693333
path,-9.636977603888884,-3.706153524319254
path,-9.634996590203354,-3.7043580354307353
path,-9.63301466864828,-3.702564022904501
path,-9.63103184527089,-3.7007714903410305
path,-9.629048124800281,-3.6989804409498284
path,-9.6270957027264,-3.6972202794134494
path,-9.625143678975457,-3.69546267153181
path,-9.623190874754957,-3.6937065358907217
path,-9.62123728706876,-3.691951871696705
path,-9.619282913280971,-3.6901986782832195
path,-9.617404577643784,-3.688513695414606
path,-9.615527282024384,-3.6868335372140884
path,-9.613649235104033,-3.6851547291867313
path,-9.611770437500182,-3.683477271443641
path,-9.609890889836352,-3.681801164127544
path,-9.608035468050504,-3.680148496561116
path,-9.606179314718347,-3.6784972004058685
path,-9.604322432960966,-3.676847219366774
path,-9.60246482338583,-3.6751985537102128
path,-9.600606486604802,-3.6735512037172553
path,-9.598807782028848,-3.67195848378715
path,-9.597012001215536,-3.6703704883293313
path,-9.595215597775418,-3.6687837492253825
path,-9.593418567186047,-3.667198263894322
path,-9.591620905412404,-3.665614030041983
path,-9.589870209195704,-3.664072239880617
path,-9.588119690288933,-3.662532992752406
path,-9.586368558052289,-3.6609949203981493
path,-9.584616810709647,-3.6594580219898893
path,-9.582864446706006,-3.657922296813517
path,-9.581161683726602,-3.656432659288045
path,-9.579459554766222,-3.654944036404498
path,-9.57775683010651,-3.653456524493985
path,-9.576053510000461,-3.651970122553017
path,-9.57434959472333,-3.6504848297046766
path,-9.572668592243028,-3.6490210991232908
path,-9.570987018976693,-3.647558455226826
path,-9.569304867787887,-3.646096888269274
path,-9.567622139001896,-3.644636397762076
path,-9.56593883295768,-3.643176983292449
path,-9.56429558837823,-3.6417538405526755
path,-9.562653675657916,-3.6403336703899116
path,-9.561011282416523,-3.6389145479516367
path,-9.559368402655481,-3.637496470433357
path,-9.557725030990662,-3.6360794353298576
path,-9.555806170012827,-3.6341941205649455
path,-9.553512886695227,-3.632068266304674
path,-9.551072853509542,-3.629972480702466
path,-9.548631647177897,-3.627878966267965
path,-9.546189275433907,-3.625787717981505
path,-9.543832034361019,-3.623767910626676
path,-9.541477071088455,-3.6217578985962486
path,-9.539121065938986,-3.6197499984606907
path,-9.536764014022664,-3.617744207937115
path,-9.53440591103718,-3.6157405250440764
path,-9.532159521464216,-3.613826780558575
path,-9.529916927443349,-3.6119268485838925
path,-9.527673394402282,-3.610028823874754
path,-9.525428918262158,-3.6081327046051217
path,-9.52318349543717,-3.6062384891943755
path,-9.521054955891481,-3.6043373138525903
path,-9.518832450011951,-3.60235318205983
path,-9.51647389133531,-3.600391789210128
path,-9.513979665728796,-3.5984637188198287
path,-9.511438138467641,-3.5965373720070968
path,-9.508956546177194,-3.5946589636729596
path,-9.506472897063894,-3.5927840490530514
path,-9.503987154265351,-3.5909126160613476
path,-9.501499314219581,-3.5890446622447123
path,-9.499009374102453,-3.5871801856671848
path,-9.4966240583283,-3.585414450254063
path,-9.494243642121372,-3.58364109093039
path,-9.491861293856335,-3.581870902983469
path,-9.489464394531629,-3.580119853143494
path,-9.487048015276208,-3.578380217227525
path,-9.484686120677237,-3.5766311948226224
path,-9.482304088670363,-3.5748681538001574
path,-9.479902011297145,-3.573091298029558
path,-9.477480021439582,-3.5713008433023146
path,-9.475038259366306,-3.5694970086805653
path,-9.472663747893842,-3.5677459952934587
path,-9.470273942184088,-3.565983165619444
path,-9.467866197918894,-3.564208520377987
path,-9.465442243471506,-3.5624223126718206
path,-9.463020464011155,-3.5606541393655466
path,-9.46063864267336,-3.5588900098138208
path,-9.45825497262385,-3.557120780661996
path,-9.455870240153581,-3.555355323648397
path,-9.453484448991354,-3.553593642131012
path,-9.45109760307796,-3.551835738675539
path,-9.448788567005193,-3.5501366346330165
path,-9.446479295930736,-3.5484445514689935
path,-9.444169049351782,-3.54675599113435
path,-9.441857831615144,-3.5450709554904716
path,-9.439545647088101,-3.5433894465466467
path,-9.43729372646057,-3.54175778768086
path,-9.435040422516566,-3.540127097212934
path,-9.432786217210504,-3.538499758033719
path,-9.430531113620432,-3.5368757652176477
path,-9.42827511863194,-3.535255127355309
path,-9.42605119822464,-3.533661136156619
path,-9.423826565625653,-3.5320708089378803
path,-9.42160107717444,-3.5304837233607222
path,-9.419374735040371,-3.5288998704905876
path,-9.417147544516967,-3.5273192522524828
path,-9.414753029614744,-3.525398070656776
path,-9.412151201699254,-3.523222818916573
path,-9.409347239304566,-3.521012769814778
path,-9.406360457450878,-3.5187708725584628
path,-9.403190678163556,-3.516495584883358
path,-9.400064971375153,-3.5143054028354457
path,-9.396936332441769,-3.5121304290095288
path,-9.39380921131466,-3.5099719080091183
path,-9.390678723464262,-3.5078200678777316
path,-9.387543919294895,-3.505662887716166
path,-9.384596664869152,-3.5036313166013064
path,-9.381669982128575,-3.5016600270805553
path,-9.378728619450602,-3.499636757766004
path,-9.375824332710355,-3.4976494533444686
path,-9.372937476775178,-3.495674939579291
path,-9.370154484165617,-3.4937667257487326
path,-9.367389055367466,-3.4918683083921116
path,-9.364640817463643,-3.48997948216137
path,-9.361909464116492,-3.4881000684077272
path,-9.359194704825033,-3.4862298958687807
path,-9.356612702296168,-3.484480268302957
path,-9.354044065971797,-3.4827556573228042
path,-9.351469951081574,-3.4810615410041863
path,-9.348894024515372,-3.4793830530122243
path,-9.346320205437538,-3.477705824160696
path,-9.343811102204013,-3.476071150210175
path,-9.341305108498684,-3.4744378603997257
path,-9.338801140153137,-3.472805781931426
path,-9.33629925256301,-3.471174908314317
path,-9.333799472541198,-3.4695452432346285
path,-9.331376568414646,-3.4679701396131395
path,-9.328962979020828,-3.4663957632674176
path,-9.326550915567497,-3.4648236115637348
path,-9.324141416374893,-3.4632518741863736
path,-9.321733478069627,-3.4616823761732416
path,-9.319411278177903,-3.4601694052675813
path,-9.317094369894638,-3.458656945728935
path,-9.314778886998246,-3.457146716227772
path,-9.312465835761163,-3.4556368974588385
path,-9.310155255661062,-3.4541274843808805
path,-9.307885256075505,-3.4526460142839346
path,-9.305617711555056,-3.4511649833868048
path,-9.303352623977394,-3.4496843621945494
path,-9.301088975809163,-3.4482060138843287
path,-9.29882784966304,-3.4467280762410786
path,-9.296638786529439,-3.4452970503532274
path,-9.294452142908352,-3.44386867121723
path,-9.292268656237702,-3.442439315961854
path,-9.29008626942929,-3.441012699881763
path,-9.287906283414694,-3.439585949234154
path,-9.285779442532597,-3.438197689376267
path,-9.283654752579032,-3.4368096983855025
path,-9.28153065237734,-3.435423782293517
path,-9.279406378366588,-3.4340415142251577
path,-9.277282287678759,-3.4326621233152554
path,-9.27518743725675,-3.431301992328509
path,-9.273092787881843,-3.4299472143582266
path,-9.27099911633176,-3.428593280710371
path,-9.268905651465529,-3.4272421230748944
path,-9.266812391406734,-3.4258937421995976
path,-9.264351569428364,-3.4242612082965826
path,-9.261394027276179,-3.4223327166299145
path,-9.258370829417625,-3.420386174605985
path,-9.255326810148977,-3.4184256613990853
path,-9.25226359727024,-3.4164513830823178
path,-9.249364144798585,-3.414619634944773
path,-9.246493388637125,-3.412801591462401
path,-9.243619879644806,-3.410986860085069
path,-9.240744616341441,-3.409173014424936
path,-9.237865847046367,-3.407364249553464
path,-9.235118070819851,-3.4056478388169653
path,-9.232385392713324,-3.403940268458071
path,-9.2296511816982,-3.4022333802738385
path,-9.226913734633316,-3.400531254680481
path,-9.22417474830377,-3.3988298206301657
path,-9.221531001483164,-3.3971956482430294
path,-9.218893901943686,-3.3955684111655957
path,-9.216279792457712,-3.3939582102549
path,-9.213690221168774,-3.392369363457391
path,-9.211098245773004,-3.390782900551308
path,-9.208619111823952,-3.3892769234120603
path,-9.206155933154724,-3.387776868608838
path,-9.203690512857943,-3.386279080204625
path,-9.201222829673917,-3.384783593446648
path,-9.198752882750865,-3.3832904110305377
path,-9.196295828886473,-3.381810863160264
path,-9.193838573297292,-3.3803302923550604
path,-9.19137812608833,-3.37885357031632
path,-9.188915346949896,-3.377379288251612
path,-9.186450378958911,-3.3759072197848945
path,-9.184059649485661,-3.374485370755282
path,-9.181673204479988,-3.3730671216156836
path,-9.179284621827362,-3.371651087674972
path,-9.17689347091716,-3.370237973048795
path,-9.174500844124205,-3.3688260023935386
path,-9.172199908370466,-3.3674769983377386
path,-9.169913091981812,-3.3661340436069827
path,-9.167625328318373,-3.364791516386625
path,-9.165334538110214,-3.3634527383944395
path,-9.16304180297463,-3.3621159925169004
path,-9.160818014038375,-3.3608242845020833
path,-9.158601182916023,-3.359535121859393
path,-9.156381434677293,-3.3582496029585354
path,-9.1541601267249,-3.356965582050186
path,-9.151936526045818,-3.3556842102999274
path,-9.149772849743234,-3.3544390809525617
path,-9.147614121886827,-3.353199499702474
path,-9.145452930921563,-3.3519628982301963
path,-9.143291119993846,-3.3507263673144045
path,-9.141127845350812,-3.3494912149765472
path,-9.139007990135177,-3.3482841529734357
path,-9.1368880042781,-3.347080655263631
path,-9.13476644129203,-3.345878808664275
path,-9.132644090610375,-3.34467731026143
path,-9.130519751466656,-3.3434781201021964
path,-9.12835408084354,-3.3422592563864977
path,-9.126186350200198,-3.3410428195392154
path,-9.124018776828711,-3.3398251311128107
path,-9.121848309396267,-3.3386110980256616
path,-9.119675526540114,-3.337399833040288
path,-9.11755366789834,-3.3362203615013084
path,-9.115441291398515,-3.335047569389862
path,-9.113328314486484,-3.3338751223631844
path,-9.11121254598561,-3.3327065446767916
path,-9.109097322283949,-3.3315364627233444
path,-9.107034466755204,-3.3304013826723042
path,-9.104975204419201,-3.3292688037879024
path,-9.10291379566604,-3.3281390194767506
path,-9.1008513667807,-3.3270101420172464
path,-9.09878761049158,-3.325882877480223
path,-9.096748144235384,-3.324771821552701
path,-9.094709802996428,-3.323660844095774
path,-9.092668962973615,-3.322553013659664
path,-9.090627019252109,-3.3214462106715104
path,-9.088583021472413,-3.3203419394585345
path,-9.08658258016494,-3.319263800371497
path,-9.084584670623782,-3.3181862807231632
path,-9.082584500369062,-3.317111736033052
path,-9.080582325435527,-3.3160395628439376
path,-9.078580482872429,-3.314966363619868
path,-9.076608090350796,-3.313914687064235
path,-9.074636063556047,-3.312861948926996
path,-9.072661854175884,-3.311812136293423
path,-9.070686730757881,-3.3107630111093886
path,-9.068709474782057,-3.309716480891074
path,-9.066669411264797,-3.308638636600905
path,-9.064637212035391,-3.307563537139871
path,-9.062620625541866,-3.3064942236623343
path,-9.060616385747199,-3.305431866969246
path,-9.058616535072812,-3.3043822774614227
path,-9.056662724020311,-3.3033701204612607
path,-9.054710886377466,-3.302372025117282
path,-9.052758773660933,-3.3013888570664065
path,-9.050806518105867,-3.30041684144904
path,-9.048851732993626,-3.2994478493488195
path,-9.046931344959491,-3.2984978740203386
path,-9.045010795968837,-3.2975490003598824
path,-9.04308952249109,-3.2966011711783056
path,-9.041167522135897,-3.295654386535442
path,-9.039244792750234,-3.2947086465749913
path,-9.037353522802473,-3.2937798566757106
path,-9.03546182844659,-3.292852098995848
path,-9.033569423014551,-3.2919253517552924
path,-9.03167630527213,-3.290999615341051
path,-9.029782474113006,-3.2900748901876984
path,-9.027905937263514,-3.2891599661782185
path,-9.026028726444355,-3.2882460312273096
path,-9.024150813269307,-3.287333089940187
path,-9.022272197030812,-3.2864211428750827
path,-9.020392877099354,-3.2855101906188526
path,-9.018546256560578,-3.28461653706271
path,-9.016699360836874,-3.283723877659519
path,-9.01485178234411,-3.282832179141209
path,-9.013003520963295,-3.281941442177593
path,-9.01115457659742,-3.2810516674519015
path,-9.009257380271855,-3.280126814734402
path,-9.007355634829684,-3.279203800432445
path,-9.005451147878567,-3.278283371983262
path,-9.003543932078564,-3.2773655193281543
path,-9.001634000390068,-3.2764502321980187
path,-8.999752384235483,-3.2755514079490347
path,-8.997870373542185,-3.274655751570569
path,-8.995987811400001,-3.273761110746004
path,-8.994104683838506,-3.2728674842387653
path,-8.992220977921631,-3.271974871110593
path,-8.990352986334853,-3.2710909968815876
path,-8.98848443151057,-3.2702081136302614
path,-8.986615278615666,-3.269326224661602
path,-8.984745518984242,-3.268445329629763
path,-8.982875144779868,-3.267565428305856
path,-8.98103457406698,-3.2667008743578436
path,-8.979193571042469,-3.2658372877162667
path,-8.977351955541952,-3.2649746625340077
path,-8.975509722423217,-3.2641129989186375
path,-8.973666867040421,-3.263252297045638
path,-8.971847042250067,-3.2624036035726998
path,-8.970026641093629,-3.261555842353699
path,-8.968205623314665,-3.260709019247642
path,-8.966383821040159,-3.2598632190962746
path,-8.96456316477668,-3.259015872158599
path,-8.962769108562592,-3.258182238756999
path,-8.960974709355625,-3.2573494789440103
path,-8.959179716056083,-3.256517605675411
path,-8.957382707465257,-3.255688519747083
path,-8.955586482411798,-3.2548584386346153
path,-8.95382970045546,-3.254048394218918
path,-8.952073718267139,-3.253239186365589
path,-8.950315730805416,-3.2524327307256526
path,-8.948558541474394,-3.251625239149578
path,-8.946800805973522,-3.2508185816168322
path,-8.945063508138917,-3.2500251961005557
path,-8.943327144872127,-3.2492306366921837
path,-8.941590248637626,-3.2484368924551124
path,-8.93985136027277,-3.247645886862934
path,-8.938113287191083,-3.24685382355607
path,-8.936395122151898,-3.246071964923734
path,-8.93467501633269,-3.2452928173958875
path,-8.932955740276356,-3.244512592651389
path,-8.931235944045447,-3.243733168052887
path,-8.929514166885042,-3.2429564709732466
path,-8.927805314063962,-3.242184920773064
path,-8.926097765484355,-3.2414150500349685
path,-8.924389838639069,-3.240645986649304
path,-8.922680051742331,-3.2398796618984944
path,-8.920971319140948,-3.239112215817499
path,-8.919272411169482,-3.238352854925755
path,-8.917574527933503,-3.2375923325817193
path,-8.915876245982485,-3.236832592042128
path,-8.914176050142181,-3.2360755844394737
path,-8.912476863439394,-3.2353174434598464
path,-8.910789442125058,-3.2345682848497455
path,-8.909103098591151,-3.2338179075902427
path,-8.90741481968131,-3.2330702545939363
path,-8.905727532240627,-3.232321454927096
path,-8.904038297489173,-3.2315753820576267
path,-8.902335847277445,-3.230821817295361
path,-8.900631403305532,-3.2300710039580665
path,-8.898926493950837,-3.2293209807318037
path,-8.897222471010817,-3.2285698561894196
path,-8.895516507982002,-3.2278214624032806
path,-8.8938291639028,-3.2270798721845377
path,-8.892139933423795,-3.2263409341468243
path,-8.890450228446884,-3.2256027801214704
path,-8.888761380625612,-3.224863545657629
path,-8.887070570567154,-3.2241270581567876
path,-8.885389015477369,-3.2233931273345364
path,-8.883705491424873,-3.2226619296184755
path,-8.88202147580297,-3.221931530721402
path,-8.880338322447846,-3.221200034058975
path,-8.878653216706548,-3.220471265088249
path,-8.876984908293327,-3.2197483473351807
path,-8.875314666147036,-3.2190281252468944
path,-8.873643939019663,-3.2183086876348317
path,-8.871974087405368,-3.2175881283259056
path,-8.870302277387799,-3.216870301042501
path,-8.8686436582716,-3.2161566764481124
path,-8.866983112023387,-3.2154457296070134
path,-8.865322036284047,-3.2147356238795375
path,-8.863661886015146,-3.2140243269389077
path,-8.861999775882259,-3.213315799003031
path,-8.860346336380886,-3.2126099088864444
path,-8.858692365517566,-3.21190760503192
path,-8.85703950797642,-3.2112040944255162
path,-8.855384863139333,-3.210503338561905
path,-8.853731258751726,-3.2098014297927424
path,-8.852082920522866,-3.209105385303436
path,-8.850435676243839,-3.2084080952669605
path,-8.848786591980565,-3.2077135610349536
path,-8.84713851507164,-3.20701785360347
path,-8.845488568536307,-3.206324880081225
path,-8.843848535457285,-3.2056346265929516
path,-8.842206684886335,-3.204946997515012
path,-8.840565846890689,-3.20425821902596
path,-8.838923146324788,-3.2035720922606865
path,-8.837281391970585,-3.2028848880139305
path,-8.835647004558513,-3.2022042590113933
path,-8.83401361130057,-3.2015224933643487
path,-8.832378353627508,-3.200843357307831
path,-8.830744023520962,-3.200163145461718
path,-8.829107828868137,-3.1994855553622354
path,-8.827480227168955,-3.198810111196786
path,-8.82585079090043,-3.1981372567363353
path,-8.824222268622938,-3.1974633292471855
path,-8.822591885558994,-3.1967920063381574
path,-8.820962407759211,-3.1961196169712482
path,-8.819334324840538,-3.195451193530469
path,-8.817707161829073,-3.1947816860854075
path,-8.81607814233739,-3.194114770642584
path,-8.814450016723525,-3.1934467962773976
path,-8.812819945024945,-3.1927815696963036
path,-8.811195279045048,-3.1921169664942206
path,-8.809568897588598,-3.191455117053317
path,-8.807943493795433,-3.1907920136368966
path,-8.806316148011234,-3.190131686108683
path,-8.804689783138587,-3.189470095951348
path,-8.80306420238062,-3.1888099666688774
path,-8.801436791267436,-3.1881523906182405
path,-8.799810251881834,-3.1874937760822
path,-8.798181879078662,-3.1868377167251354
path,-8.796554326465197,-3.1861806879506767
path,-8.794928055878602,-3.185527614994456
path,-8.793302807366672,-3.184873230589682
path,-8.79167700345393,-3.18421973902626
path,-8.790049367919924,-3.1835688051168534
path,-8.788422591918282,-3.1829168481884147
path,-8.786795668313864,-3.182268348595147
path,-8.785169774253081,-3.181618522320627
path,-8.783543356303326,-3.1809695492252783
path,-8.781915064761758,-3.180323191561655
path,-8.780287641205954,-3.1796758004827206
path,-8.778659664040077,-3.179031721124368
path,-8.77703274019499,-3.1783862822963482
path,-8.775405251776714,-3.1777417522358564
path,-8.773775923518759,-3.1770997559013634
path,-8.772147406332914,-3.1764568329889253
path,-8.770516987190845,-3.1758165006098027
path,-8.768887538048011,-3.175174864943473
path,-8.767257522761133,-3.1745341732776122
path,-8.765623631066767,-3.1738954914406206
path,-8.76399061926851,-3.1732561484377593
path,-8.762355373505597,-3.172617089284108
path,-8.76071989319704,-3.171978719632593
path,-8.759082651191603,-3.171342961820143
path,-8.757446381894045,-3.1707062670256403
path,-8.755809805351253,-3.1700702776911056
path,-8.754165406342624,-3.16943694678229
path,-8.752520257787477,-3.1688031179836367
path,-8.750896481708295,-3.168165439621814
path,-8.749295718939557,-3.1675292313488206
path,-8.747720760643348,-3.1668907737756244
path,-8.746160098911226,-3.1662533148925642
path,-8.744614136232263,-3.1656194551466164
path,-8.743087163094373,-3.1649890995979963
path,-8.741577711324034,-3.1643623569724406
path,-8.740085836684907,-3.1637390514509662
path,-8.73860879922616,-3.1631164918665857
path,-8.737142387797551,-3.162497988502268
path,-8.735698287038135,-3.1618820740702422
path,-8.734268682845046,-3.161270499231811
path,-8.732855296953836,-3.1606618410312675
path,-8.731447687949673,-3.1600631446988894
path,-8.730057307352197,-3.1594589441798586
path,-8.728671533937336,-3.1588579429969768
path,-8.727284855073789,-3.158255414573791
path,-8.725896474641717,-3.1576561893978874
path,-8.724502264529448,-3.1570516715241044
path,-8.723109108451885,-3.1564479148208098
path,-8.72171458539459,-3.1558468846326133
path,-8.72031687483476,-3.155245016752567
path,-8.718921973039992,-3.1546431810577737
path,-8.717533432543794,-3.1540473699101015
path,-8.716144059336255,-3.1534498967289455
path,-8.71475524877744,-3.152854335375221
path,-8.71336403942662,-3.152260089499385
path,-8.711974486750004,-3.15166468150703
path,-8.710584776229485,-3.1510563607642137
path,-8.709202299559877,-3.1504410135685283
path,-8.707822072462948,-3.1498237114865484
path,-8.70644571182936,-3.1492029786735207
path,-8.705074789607949,-3.148577382533487
path,-8.703701205910367,-3.1479475751891433
path,-8.702327060377495,-3.14731839877256
path,-8.700952355889392,-3.146689853831999
path,-8.6995770939788,-3.1460619398326926
path,-8.698201275972473,-3.145434656268921
path,-8.69681612219032,-3.1448040088781037
path,-8.695430404756564,-3.1441739968856517
path,-8.694044127376301,-3.1435446220246828
path,-8.692657291963533,-3.1429158841751836
path,-8.691269899329939,-3.1422877831225224
path,-8.689873265983467,-3.1416563962645476
path,-8.688476067509695,-3.1410256518510224
path,-8.6870783085342,-3.1403955520942795
path,-8.685679990252023,-3.1397660971093435
path,-8.68428111349312,-3.13913728701263
path,-8.682869354146211,-3.138503594249952
path,-8.681457023660341,-3.1378705550962778
path,-8.680044128081274,-3.1372381729429275
path,-8.67863066854528,-3.1366064481550233
path,-8.677216646068263,-3.1359753811171744
path,-8.675795031502105,-3.1353418418046712
path,-8.674372847545296,-3.134708965888353
path,-8.672950097749945,-3.134076755569389
path,-8.67152678302751,-3.133445211348675
path,-8.670102905083036,-3.132814333865371
path,-8.66867702746217,-3.13218348846371
path,-8.667250586733442,-3.131553311898962
path,-8.66582358370462,-3.1309238050166983
path,-8.664396019531287,-3.1302949684543466
path,-8.662967895436966,-3.1296668028716987
path,-8.661525814259646,-3.1290334293617206
path,-8.660083158997145,-3.1284007374094758
path,-8.658639935726004,-3.1277687309951947
path,-8.65719614508539,-3.127137410758992
path,-8.655751788226071,-3.126506777423027
path,-8.654294736066264,-3.1258715477391257
path,-8.652837105239847,-3.1252370149523583
path,-8.651378901080145,-3.1246031827601906
path,-8.649920125245721,-3.12397005201782
path,-8.648460778379835,-3.1233376233893337
path,-8.64697982387116,-3.122696802387604
path,-8.645498275215862,-3.1220567001757975
path,-8.644016141646725,-3.1214173227546986
path,-8.64253342376812,-3.1207786708590026
path,-8.64105012272048,-3.1201407452997243
path,-8.63954517224288,-3.119494508290199
path,-8.638039615185551,-3.1188490147474446
path,-8.636533461039203,-3.1182042707515643
path,-8.635026711139908,-3.117560277175576
path,-8.633519365688779,-3.116917034739559
path,-8.632061816710607,-3.1163214110356763
path,-8.630645451024138,-3.1157189496916207
path,-8.629228705200111,-3.1151171989552897
path,-8.627811561389938,-3.1145161519149753
path,-8.62639400930734,-3.113915805461629
path,-8.62497112252966,-3.113314079012079
path,-8.623547803113224,-3.1127130512337176
path,-8.622124041454892,-3.112112720697513
path,-8.620699835363485,-3.1115130861458065
path,-8.619275175904717,-3.1109141455877647
path,-8.617839700626913,-3.1103115531790797
path,-8.616403749706652,-3.1097096592715716
path,-8.61496732383019,-3.1091084656873726
path,-8.613530418974875,-3.108507971564588
path,-8.6120930299947,-3.1079081759759903
path,-8.610645619313754,-3.1073051088336006
path,-8.60919770799583,-3.106702746037723
path,-8.60774929871797,-3.1061010897542927
path,-8.606300389058935,-3.1055001397129582
path,-8.604849848768422,-3.104900953217175
path,-8.603384728715522,-3.1043041609780264
path,-8.601912825193534,-3.103713721044265
path,-8.60043403795322,-3.103129722824774
path,-8.598948259244441,-3.1025522563160224
path,-8.597455389938764,-3.1019814055186323
path,-8.595941011991144,-3.1014119169952705
path,-8.59441915179232,-3.1008493740224923
path,-8.592889716426855,-3.100293866913558
path,-8.591352610859168,-3.0997454871607517
path,-8.589807951646996,-3.099204230654069
path,-8.588221532604756,-3.098658574992437
path,-8.586626244830487,-3.0981207718172272
path,-8.585022381801027,-3.097590881269708
path,-8.583409805572483,-3.0970690214910803
path,-8.58178836223429,-3.09655532313477
path,-8.58014041682639,-3.096044535969459
path,-8.57848307448612,-3.0955423609276798
path,-8.576816191051872,-3.0950489352152593
path,-8.575139599757549,-3.094564401693768
path,-8.573453121213255,-3.094088913315878
path,-8.571731555330992,-3.0936157382837237
path,-8.569999335381592,-3.0931522627874948
path,-8.56825635841265,-3.0926985941923535
path,-8.566502421336342,-3.0922549066029568
path,-8.564737311192303,-3.0918213822487717
path,-8.562946285540349,-3.0913947840475116
path,-8.561143427108618,-3.090978911240596
path,-8.55932852690918,-3.0905739561498713
path,-8.557501496686829,-3.0901800040294014
path,-8.55566985487786,-3.0897903565016556
path,-8.553805207037195,-3.0893931030618975
path,-8.55193903768071,-3.0889973137019657
path,-8.550072427801542,-3.08860203474103
path,-8.54820558489087,-3.0882034181528235
path,-8.546335471252702,-3.0878096053688617
path,-8.544430211170988,-3.0874086428855994
path,-8.542518513805321,-3.087010994912562
path,-8.54060245289765,-3.086614799678211
path,-8.538682084788803,-3.0862200073808035
path,-8.536757466068075,-3.085826568288123
path,-8.534808722331691,-3.085427789713764
path,-8.532853459342169,-3.085032437849033
path,-8.530894019125927,-3.0846383193318094
path,-8.528930458492175,-3.08424538429714
path,-8.52696345975934,-3.083852967306738
path,-8.524966264276534,-3.083428564969587
path,-8.522972131847977,-3.082996752589228
path,-8.520985496981515,-3.082553795615246
path,-8.51901123647105,-3.0820905685157443
path,-8.517051818537963,-3.0816116524243284
path,-8.515073254169085,-3.081074518225518
path,-8.513115012851202,-3.080508376375369
path,-8.511180851208032,-3.0799096076395664
path,-8.509301434676761,-3.0792955231172554
path,-8.507443765564929,-3.0786628885580494
path,-8.505545422721042,-3.0779770454204276
path,-8.503651963598196,-3.0772649686935654
path,-8.501751677682392,-3.0765495197230384
path,-8.499843551538726,-3.0758318025308227
path,-8.497927180191652,-3.0751116256375064
path,-8.495956596796665,-3.074371679681247
path,-8.493976337451196,-3.073628675040444
path,-8.49198581291848,-3.072882323851497
path,-8.489982801758718,-3.072133282562965
path,-8.487969734831667,-3.0713792293483153
path,-8.485879775398995,-3.070596477025472
path,-8.483774805669121,-3.0698084310296867
path,-8.481653838844394,-3.069014417692782
path,-8.479515253467776,-3.068213666309991
path,-8.477357092580492,-3.067405247064565
path,-8.475418862081163,-3.0667392403163443
path,-8.473550822247846,-3.0660416964491857
path,-8.471663485065061,-3.065333079683477
path,-8.46975419147707,-3.064620367344377
path,-8.467823441319409,-3.0638991941748213
path,-8.4658464979873,-3.063251419916049
path,-8.463881619467697,-3.0626111659246487
path,-8.461974293181468,-3.061952679485545
path,-8.460152184334714,-3.0613573630379363
path,-8.458420061413928,-3.0608161330813655
path,-8.45673012111066,-3.060270512549191
path,-8.455046263398314,-3.0597247319859497
path,-8.453365403560301,-3.059179209540441
path,-8.451683191387412,-3.058634294066156
path,-8.45000056114574,-3.058089954459053
path,-8.448278663653134,-3.057531967769798
path,-8.4465465742569,-3.056966433936997
path,-8.444733115864477,-3.0563258910548994
path,-8.442912182692204,-3.0556857533974178
path,-8.441088373025542,-3.0550470220024044
path,-8.439232764656,-3.0543938407738547
path,-8.437366960669046,-3.0537420996192384
path,-8.43550119241144,-3.0530908433552595
path,-8.433633445705722,-3.0524410836868174
path,-8.431767092572468,-3.051791936009076
path,-8.4298594511277,-3.0511271256418806
path,-8.427938526371927,-3.050462315244096
path,-8.426019178337835,-3.049799314156864
path,-8.424105377586786,-3.0491378787097347
path,-8.422197654502158,-3.0484780319085116
path,-8.420380979706508,-3.0479409435822835
path,-8.418715579642097,-3.0474114563748422
path,-8.417150084470173,-3.046884452505176
path,-8.415619333111426,-3.0463604914661215
path,-8.414092976786039,-3.0458375802416815
path,-8.412560611039037,-3.045312717071177
path,-8.411023722126036,-3.044788414339617
path,-8.40948728660959,-3.0442646527307273
path,-8.407950279676614,-3.0437416773101287
path,-8.406412059489224,-3.043219735102651
path,-8.404869385769928,-3.0426961243690216
path,-8.403323773834954,-3.0421729109121345
path,-8.401777402221258,-3.0416504788890637
path,-8.400230265970897,-3.041129147397404
path,-8.398683521379253,-3.0406084800638276
path,-8.397132246900686,-3.0400868031951296
path,-8.395577140555995,-3.039565700262737
path,-8.394023548848578,-3.0390454573906767
path,-8.392468829661123,-3.0385259430902853
path,-8.390912699306122,-3.0380074308276552
path,-8.389351756330502,-3.0374871431075263
path,-8.387787654017119,-3.0369672366867384
path,-8.386222727721536,-3.036448119412986
path,-8.384656522981762,-3.0359300376347913
path,-8.383091239579397,-3.035412726068137
path,-8.381517509926988,-3.0348928658664174
path,-8.379939341599565,-3.0343731733119874
path,-8.378358977814887,-3.033854376485443
path,-8.376780495268681,-3.033336524355518
path,-8.375200952205224,-3.032819439182183
path,-8.373612469735079,-3.0322994608911618
path,-8.372018088962243,-3.031779412534515
path,-8.370422668852111,-3.031260479660216
path,-8.36882752208703,-3.030742231673936
path,-8.367231994196002,-3.0302248846455733
path,-8.365628914540627,-3.029705332832172
path,-8.36401978538956,-3.029187895460664
path,-8.36241073348257,-3.0286683785554267
path,-8.36080129377967,-3.028149846200741
path,-8.359190110124013,-3.027632392512538
path,-8.357570500243332,-3.0271119942665368
path,-8.355946736615103,-3.026591914513995
path,-8.354321689748197,-3.0260726612184006
path,-8.352696176982635,-3.0255543697890737
path,-8.351069472231547,-3.0250372469987568
path,-8.349435539131106,-3.0245177081006993
path,-8.347797271193791,-3.0239984555417303
path,-8.346157783379944,-3.0234800280255785
path,-8.344516604646818,-3.0229696302740185
path,-8.342876464226544,-3.0224534805980166
path,-8.341221434403899,-3.0219330433681133
path,-8.33955972863382,-3.021412676614762
path,-8.337895079645694,-3.0208933451691475
path,-8.3362314662278,-3.020375150618309
path,-8.334565343110814,-3.019858029911823
path,-8.33288698602562,-3.0193371858101057
path,-8.3312028234725,-3.0188164862503486
path,-8.329515536181773,-3.0182966965864764
path,-8.327828801081525,-3.0177780000879864
path,-8.326140476878065,-3.017260471568906
path,-8.324516491790975,-3.016784907717215
path,-8.322965694764921,-3.016314784270966
path,-8.321429086785363,-3.015847453023984
path,-8.319893144334614,-3.015381234089413
path,-8.318357400241972,-3.0149160232536816
path,-8.316819901729703,-3.0144507544322354
path,-8.315282982440506,-3.0139868035950665
path,-8.31374931710818,-3.013524429922042
path,-8.312216092461263,-3.0130634520801625
path,-8.310685310924175,-3.0126040579356315
path,-8.309152824579213,-3.0121451116138216
path,-8.307619560680099,-3.011687564332994
path,-8.306085996512016,-3.0112314388850545
path,-8.304552079075915,-3.0107767398712943
path,-8.303017782239076,-3.010323468079668
path,-8.3014792446307,-3.0098694332708775
path,-8.299932862607912,-3.0094234643463285
path,-8.298388113598632,-3.008971291707699
path,-8.296845676557657,-3.0085208864755044
path,-8.295302776225654,-3.008071989148164
path,-8.293754965609784,-3.007622498430892
path,-8.292205151068538,-3.0071744645964564
path,-8.290654942256522,-3.006727946083514
path,-8.289104807777194,-3.006282957447324
path,-8.28755595972995,-3.0058397666737906
path,-8.286002119976263,-3.005395656958314
path,-8.284444964982235,-3.0049528626876714
path,-8.282887623365971,-3.004511601667967
path,-8.281330608022063,-3.004071889250864
path,-8.279774967317943,-3.003634036176831
path,-8.278216216062676,-3.0031949822729174
path,-8.276654103521732,-3.0027578996957733
path,-8.275094396587118,-3.002322502821141
path,-8.273533533247337,-3.001892037440012
path,-8.271975629018801,-3.0014602589907597
path,-8.270408211738454,-3.0010273588269225
path,-8.268841131611667,-3.0005964476643894
path,-8.26727347093012,-3.000167508641324
path,-8.26570281073619,-2.9997405044527006
path,-8.264128185203253,-2.9993150683840586
path,-8.262538286182105,-2.9988915842983848
path,-8.260940907730458,-2.9984669380840443
path,-8.259339708527474,-2.9980445267799687
path,-8.25773239010079,-2.9976243798641824
path,-8.256123194313707,-2.9972060338641806
path,-8.254493228487101,-2.996785390022914
path,-8.252858029622386,-2.9963665309365464
path,-8.251219241641687,-2.9959523419243443
path,-8.24957407719092,-2.995536878462284
path,-8.247924283074612,-2.995123648050282
path,-8.246272179406501,-2.9947109494271458
path,-8.244621772798402,-2.994300067287951
path,-8.24297903735239,-2.993891917249773
path,-8.241344403972764,-2.993486490561662
path,-8.23971518523752,-2.993083300353985
path,-8.238080041039707,-2.9926773317619837
path,-8.236441906434735,-2.9922741508799335
path,-8.234806837243982,-2.9918732386470093
path,-8.233173524708246,-2.9914740732948997
path,-8.231540552832355,-2.9910777142717504
path,-8.229886056406215,-2.9906785289981235
path,-8.228231210393497,-2.9902817161785626
path,-8.226575334333626,-2.9898899709633366
path,-8.224920001034455,-2.9894970551719844
path,-8.223264383951756,-2.9891061664905427
path,-8.221589077497063,-2.9887127707254972
path,-8.219913493562713,-2.988321298921007
path,-8.218237865694228,-2.987930839975269
path,-8.216562221123926,-2.9875412605933076
path,-8.214886554898776,-2.987152559063238
path,-8.21318947685001,-2.9867597872558775
path,-8.211492353575927,-2.9863679121612567
path,-8.209795194845757,-2.985976933027069
path,-8.208097997516514,-2.985586848751561
path,-8.206400758796464,-2.9851976583311313
path,-8.204674841436724,-2.984802813818874
path,-8.202948857781355,-2.984408890966787
path,-8.201222823694804,-2.984015889791248
path,-8.199496737490863,-2.983623809680521
path,-8.197770597699966,-2.9832326500667223
path,-8.196017742012707,-2.982836386833611
path,-8.194264811563585,-2.9824410710770057
path,-8.192511821984665,-2.9820467030389057
path,-8.190758772478985,-2.981653282416342
path,-8.189005662378044,-2.9812608089444605
path,-8.1873574260136,-2.9809113149441098
path,-8.185800971261814,-2.980565220788212
path,-8.184246673770724,-2.9802198112491025
path,-8.182692407627025,-2.9798751438546924
path,-8.181138164978298,-2.9795312185054863
path,-8.179571820258559,-2.979185359398926
path,-8.178005477229375,-2.9788402536103944
path,-8.176439137702713,-2.9784959014172756
path,-8.17487279655916,-2.9781523027773327
path,-8.173306449200195,-2.9778094576830587
path,-8.17172985829725,-2.9774651317583936
path,-8.170153246321306,-2.9771215690539017
path,-8.16857661633202,-2.976778769825606
path,-8.166999965383843,-2.97643673411639
path,-8.16542329085474,-2.97609546195634
path,-8.163837714980335,-2.975753037300041
path,-8.16225210502267,-2.975411384732998
path,-8.160666464678895,-2.975070504431748
path,-8.15908079231566,-2.9747303965167986
path,-8.157495086518335,-2.974391061004854
path,-8.155894676764918,-2.9740493674065123
path,-8.154294221210856,-2.973708460363698
path,-8.152693728026264,-2.9733683402672746
path,-8.151095484870758,-2.9730195377479673
path,-8.149497444950311,-2.9726704995130997
path,-8.14788581391195,-2.9723193309113816
path,-8.14627412227822,-2.971968994628404
path,-8.144662378605215,-2.971619488993225
path,-8.143050582488454,-2.971270814633048
path,-8.141438733915923,-2.9709229708255736
path,-8.139803980333381,-2.970571041132346
path,-8.138169158413193,-2.9702199646083494
path,-8.136534282422197,-2.969869741498126
path,-8.13489935241244,-2.969520371800056
path,-8.133264368630224,-2.969171854865507
path,-8.131619329598184,-2.9688220661558073
path,-8.129974230177933,-2.9684731405044444
path,-8.12832907673516,-2.9681250783589035
path,-8.126683869572378,-2.967777879425407
path,-8.125038608888884,-2.967431543961805
path,-8.123371464068992,-2.967081490946652
path,-8.12170425139705,-2.9667323235962835
path,-8.120036984734403,-2.9663840425533134
path,-8.118369664424375,-2.966036647885932
path,-8.116702290846993,-2.9656901395710245
path,-8.115014752108925,-2.965340351846641
path,-8.113327147108075,-2.9649914715883137
path,-8.111639488768601,-2.9646434992103288
path,-8.109951777503522,-2.9642964348383205
path,-8.10826401372622,-2.9639502786372343
path,-8.106558612947094,-2.9636014362027305
path,-8.104853148599963,-2.9632535205178083
path,-8.103147632053801,-2.9629065321258934
path,-8.101442063765349,-2.9625604712088243
path,-8.099736444264847,-2.962215337653757
path,-8.09800174880726,-2.9618652789723763
path,-8.096266983427636,-2.9615161788804847
path,-8.094532166243765,-2.9611680383781076
path,-8.09279729745574,-2.960820857498337
path,-8.091062378060062,-2.960474636276993
path,-8.089451932696406,-2.9601731364723975
path,-8.08791547574502,-2.959868139786384
path,-8.086378988744482,-2.959563895581448
path,-8.084842471354085,-2.959260403886562
path,-8.083305923040337,-2.958957664830867
path,-8.081761753526173,-2.95865418769705
path,-8.080217547656142,-2.9583514705552116
path,-8.07867331040575,-2.958049513933869
path,-8.077129041424667,-2.9577483177131243
path,-8.075584740631065,-2.957447882076289
path,-8.074029306455028,-2.957146054179377
path,-8.072473833124352,-2.956844997750496
path,-8.070918327618815,-2.9565447129708367
path,-8.069362789979294,-2.9562452002248762
path,-8.067807220390284,-2.95594645938475
path,-8.0662481215136,-2.955647821131853
path,-8.064688988703425,-2.9553499584405984
path,-8.063129824355338,-2.9550528713763677
path,-8.061570628678838,-2.954756560114374
path,-8.060011401926547,-2.9544610247140053
path,-8.058440641671613,-2.95416409234244
path,-8.056869843318376,-2.9538679471710085
path,-8.055299014273182,-2.9535725895678935
path,-8.05372815482724,-2.953278019707238
path,-8.052157265333607,-2.952984237533645
path,-8.0505658152079,-2.9527066408264444
path,-8.048971486372938,-2.952411810663286
path,-8.04737309259917,-2.9521107291090543
path,-8.045769075235015,-2.9518074447782876
path,-8.044164562550659,-2.951504681419606
path,-8.042552740815772,-2.951201293303541
path,-8.040940805929196,-2.95089865126636
path,-8.039328765305491,-2.950596764834887
path,-8.037716622975855,-2.95029564143246
path,-8.036104382633386,-2.949995287769034
path,-8.034476118966746,-2.9496927507489317
path,-8.032847755735967,-2.9493910090835773
path,-8.03121930248033,-2.9490900705550542
path,-8.02959076184449,-2.948789939646183
path,-8.027962136239935,-2.948490620538258
path,-8.026318562060409,-2.948189394495272
path,-8.024674899800782,-2.9478890004327507
path,-8.02303115761577,-2.947589443973457
path,-8.02138733726678,-2.947290728037459
path,-8.01974344042603,-2.946992855122051
path,-8.018086419642083,-2.9466934726055265
path,-8.016429318884066,-2.946394949136522
path,-8.014772144988443,-2.9460972887735335
path,-8.01311489922094,-2.9458004933251907
path,-8.011457582761079,-2.945504564492333
path,-8.009778578457794,-2.9452056604729564
path,-8.008099495048945,-2.944907645130611
path,-8.006420342561231,-2.9446105234736666
path,-8.004741121990431,-2.944314296553544
path,-8.003061834271742,-2.944018965397168
path,-8.001362381092868,-2.9437210128623836
path,-7.999662852689234,-2.9434239761736176
path,-7.997963258260731,-2.9431278595647656
path,-7.996263598604309,-2.942832663827945
path,-7.99456387450339,-2.942538389632525
path,-7.992966394775363,-2.9422767307590316
path,-7.9914151824809725,-2.9420099649799494
path,-7.98986399172976,-2.941743962014453
path,-7.988312816031605,-2.941478722872279
path,-7.986761649581439,-2.941214248347698
path,-7.985204803701575,-2.940949574059961
path,-7.983647954487951,-2.940685670403745
path,-7.982091100103193,-2.9404225389744494
path,-7.980534236810409,-2.9401601802738955
path,-7.978977361218543,-2.939898595001129
path,-7.977414175099424,-2.9396367304995574
path,-7.975850968045618,-2.9393756455352853
path,-7.974287740282884,-2.9391153416069646
path,-7.972724489711328,-2.938855819063142
path,-7.971161214458812,-2.9385970782828843
path,-7.969589297551186,-2.938337700308265
path,-7.9680173488005055,-2.938079111983709
path,-7.966445370484132,-2.937821315094202
path,-7.964873361515722,-2.9375643098063335
path,-7.963301320920009,-2.9373080964342835
path,-7.961724403967371,-2.9370518895823543
path,-7.960147451603726,-2.93679647929661
path,-7.9585704651696565,-2.936541866436498
path,-7.956993444169677,-2.93628805138662
path,-7.955416388198834,-2.9360350342920056
path,-7.953828489762348,-2.9357810902035357
path,-7.9522405507460885,-2.9355279535855154
path,-7.950652575375204,-2.9352756265536804
path,-7.949064563559364,-2.935024109077763
path,-7.947476515195536,-2.9347734014411677
path,-7.945878234572306,-2.934521902635262
path,-7.944279912681351,-2.9342712227415286
path,-7.942681553804348,-2.9340213634332333
path,-7.941083157994227,-2.9337723250733725
path,-7.939484725395992,-2.933524107732251
path,-7.937872373192378,-2.9332745672842435
path,-7.936259978204595,-2.9330258600853685
path,-7.934645699007583,-2.9327724168342315
path,-7.933002839678827,-2.932485598140359
path,-7.931350766233883,-2.932196646223814
path,-7.929694557187059,-2.9319066150320796
path,-7.928034183425906,-2.9316214886003706
path,-7.926374186536397,-2.9313334435212175
path,-7.924711751996017,-2.9310466928838435
path,-7.923047667392869,-2.9307614898429235
path,-7.9213758779068515,-2.9304727745627446
path,-7.919700438526631,-2.930188572983141
path,-7.918021464023904,-2.929902194796662
path,-7.916341776770806,-2.929616737180195
path,-7.914664187244265,-2.9293352802946293
path,-7.912977703283363,-2.929048076384348
path,-7.911283348650451,-2.9287647299105783
path,-7.909587286275639,-2.928479023808389
path,-7.907889860248074,-2.928194904108675
path,-7.906193533405398,-2.927916205192194
path,-7.90449060886082,-2.9276310022172956
path,-7.90278265832532,-2.9273467048417947
path,-7.901068097385605,-2.927064324792507
path,-7.899355108393391,-2.926783733092291
path,-7.897640137768448,-2.926501688433731
path,-7.895949793024878,-2.9262652485740293
path,-7.894285168940912,-2.9260688875853305
path,-7.892624340317418,-2.925875688339941
path,-7.8909657448649515,-2.925684502512042
path,-7.8893086793044045,-2.925491914074406
path,-7.887649606938148,-2.925297039973838
path,-7.885989828700429,-2.9251009815767577
path,-7.884332672865261,-2.9249050342689773
path,-7.882674565463929,-2.9247127202950156
path,-7.881016505376541,-2.92452019386861
path,-7.879357929630292,-2.9243255293976187
path,-7.877698163586873,-2.9241351882516984
path,-7.876036358897353,-2.9239428909376457
path,-7.8743740110176645,-2.9237501551300253
path,-7.872708839312203,-2.9235587303200186
path,-7.871041920829301,-2.923371000640998
path,-7.869373661462166,-2.9231824207754147
path,-7.8677017394350806,-2.922998194837943
path,-7.8660286448137695,-2.922818230522392
path,-7.864350320508793,-2.9226406648433803
path,-7.862666452231737,-2.9224647268757518
path,-7.860980482599397,-2.9222934702562537
path,-7.859288284920829,-2.9221254103089387
path,-7.857592995079476,-2.9219602173171775
path,-7.855889682535649,-2.921797003878473
path,-7.854182037073997,-2.921640503489411
path,-7.85246918817804,-2.9214835453584196
path,-7.850750464687747,-2.9213337521861695
path,-7.849028897690121,-2.9211913505523115
path,-7.847299508578448,-2.9210515088637328
path,-7.845564273008143,-2.9209141258713456
path,-7.843821024453277,-2.9207800149487895
path,-7.842072465329826,-2.9206455204708006
path,-7.8403269487959,-2.9205117475645532
path,-7.838582230765626,-2.9203836970817427
path,-7.836833665267679,-2.92025277112497
path,-7.835076501232804,-2.920123507657103
path,-7.833319641770755,-2.9199967162501546
path,-7.831563707843111,-2.9198708376219553
path,-7.829804885001399,-2.919743797082104
path,-7.8280402751379095,-2.919615622788862
path,-7.826283434608728,-2.919479805276861
path,-7.82455962676161,-2.9192882675892236
path,-7.8228251249550205,-2.919098313559116
path,-7.8210913158122715,-2.918909972512542
path,-7.819351983559696,-2.9187451598141374
path,-7.817612836752584,-2.918583663101839
path,-7.815874720570375,-2.9184231186566407
path,-7.8141353275405185,-2.9182636113787255
path,-7.812396872454279,-2.9181049789117233
path,-7.810643557736792,-2.9179481026064877
path,-7.808887256182601,-2.9177902148897497
path,-7.807132010723492,-2.917633323075298
path,-7.805375448199649,-2.9174774836483888
path,-7.80361979494788,-2.917322504074224
path,-7.801926370405413,-2.9171764161249287
path,-7.800270493413001,-2.9170302951188884
path,-7.798614282895297,-2.916886019722024
path,-7.796958883248173,-2.9167423775801287
path,-7.795303224189053,-2.916600125219048
path,-7.793645113965252,-2.916458304903792
path,-7.791986594912171,-2.916317524999004
path,-7.790327334549009,-2.9161775862759356
path,-7.788668826927867,-2.916038209903898
path,-7.787010032420214,-2.9159002116501043
path,-7.785347587070508,-2.9157628988126314
path,-7.783685436620147,-2.915626077059836
path,-7.782029785335172,-2.915485680755247
path,-7.780405618857105,-2.915340710132424
path,-7.778787193054844,-2.9152023792029764
path,-7.777167817030099,-2.9150709630040303
path,-7.775550621663088,-2.914945233078649
path,-7.773932717981392,-2.9148267756823643
path,-7.77231577606119,-2.914714848666399
path,-7.770699894669317,-2.9146094804056015
path,-7.769081933910942,-2.914510268863747
path,-7.767462515564429,-2.9144141185684265
path,-7.76584335267492,-2.9143192842209285
path,-7.764225842683828,-2.9142248016992833
path,-7.762606887044582,-2.9141320292744224
path,-7.7609844558681065,-2.914040648841184
path,-7.759359565385981,-2.9139500553999245
path,-7.75773604607301,-2.9138596420827914
path,-7.756111007937867,-2.9137707018731303
path,-7.754485826904904,-2.9136826690205244
path,-7.752856351288351,-2.9135958875133157
path,-7.75122418452766,-2.913510133371312
path,-7.749593397623097,-2.9134242692681998
path,-7.747960987779325,-2.913340069983222
path,-7.746330208712423,-2.913256088631398
path,-7.744691356852729,-2.913175518257615
path,-7.7430495697239,-2.9130949322942445
path,-7.741408819058589,-2.9130141962478127
path,-7.739766395160922,-2.9129347494978517
path,-7.738125436136587,-2.9128556856680063
path,-7.736478728924257,-2.912780044599521
path,-7.7348324866068054,-2.9127036444553824
path,-7.733184416611502,-2.912628342826852
path,-7.731537803556919,-2.9125530780063094
path,-7.729891034108817,-2.9124789468224392
path,-7.7282351644332365,-2.9124095287669567
path,-7.726578685017132,-2.9123385183580464
path,-7.724920084355439,-2.912268198135222
path,-7.723262913566095,-2.9121980133526004
path,-7.721605690616138,-2.912128751679268
path,-7.7199360895467635,-2.9120647807092648
path,-7.71826520291369,-2.911998760821314
path,-7.716593605093458,-2.9119328296888534
path,-7.714920293154053,-2.9118681902317456
path,-7.713248516453604,-2.911803904359805
path,-7.711626586345973,-2.9117292467807085
path,-7.71002034676668,-2.91165990948951
path,-7.7084167827612715,-2.9115970159464006
path,-7.706816196147365,-2.9115363183719434
path,-7.705216036901722,-2.911477255172637
path,-7.703615850909048,-2.911419449980119
path,-7.702014285053253,-2.911363017667358
path,-7.7004141777149275,-2.911307070696875
path,-7.698814022476121,-2.9112520984499604
path,-7.697212400312285,-2.911198653607036
path,-7.69561126515812,-2.9111456755488745
path,-7.694009914902765,-2.9110936208250506
path,-7.6924084411345115,-2.9110424611694055
path,-7.690805450706419,-2.9109927714336266
path,-7.689204102343184,-2.9109433231272845
path,-7.6876008955528885,-2.910895208726962
path,-7.685997352172791,-2.910848019281558
path,-7.684393838469433,-2.9108016283924516
path,-7.682788789179742,-2.9107566915248557
path,-7.681146784188298,-2.9106436758499665
path,-7.679477153707972,-2.910489172836152
path,-7.677805354473772,-2.9103370742178662
path,-7.676134883907391,-2.9101841679756335
path,-7.674462563998702,-2.9100334875251126
path,-7.6727916428617045,-2.9098819920399617
path,-7.6711184058186825,-2.909730286882231
path,-7.669442957243101,-2.9095809328064615
path,-7.667769068007146,-2.9094307276821603
path,-7.666094988875418,-2.9092812209162657
path,-7.664420831033488,-2.9091323613012827
path,-7.662740316847875,-2.908984062861595
path,-7.6610601581967055,-2.908835516640203
path,-7.659379421491975,-2.9086878441183948
path,-7.657698519044178,-2.9085408618760904
path,-7.656016282190554,-2.9083957549409942
path,-7.654333974225098,-2.908249623582441
path,-7.652651251625943,-2.9081042944738145
path,-7.650968668652533,-2.9079595200192068
path,-7.649284231323732,-2.907816806010913
path,-7.647601633357647,-2.907673261369241
path,-7.645911561171729,-2.9075289422539394
path,-7.644220137518406,-2.907385820664502
path,-7.642528797213999,-2.907243283317181
path,-7.640837226697626,-2.9071014723392157
path,-7.639145401860787,-2.906960399190742
path,-7.637450102269714,-2.90681874497662
path,-7.635751956819005,-2.906679523843633
path,-7.634055440102125,-2.9065396687046072
path,-7.632358512882856,-2.9064006250590966
path,-7.6306619325216145,-2.9062620494381317
path,-7.628957461316262,-2.9061225040560763
path,-7.627251571395573,-2.9059842167993337
path,-7.625545023119136,-2.9058468601010174
path,-7.623838563008142,-2.9057100953277044
path,-7.622132257357029,-2.90557389143586
path,-7.620415367829332,-2.9054358976073438
path,-7.618696337718899,-2.9052995119768306
path,-7.616976819454458,-2.9051639888696585
path,-7.615257197501213,-2.905029153255831
path,-7.613537524000122,-2.904894981295659
path,-7.61181153952749,-2.904760258876642
path,-7.610084872501183,-2.90462649056565
path,-7.608357710595797,-2.904493594360878
path,-7.606630412749407,-2.9043614059009366
path,-7.604903030432535,-2.9042299016254147
path,-7.603220100143808,-2.904111263433872
path,-7.6015505152923755,-2.9039885497912157
path,-7.599884356798823,-2.9038648563077643
path,-7.598218696102559,-2.9037415324931772
path,-7.596553021585684,-2.903618814827065
path,-7.594888192419739,-2.903496774182027
path,-7.593223399395779,-2.903375313799654
path,-7.591559012490676,-2.903254261781081
path,-7.589894110872793,-2.9031340473821414
path,-7.588229460799528,-2.9030143123783954
path,-7.586565993618577,-2.902894206388129
path,-7.584900827695789,-2.902775645120879
path,-7.583235378886998,-2.902657814018146
path,-7.5815704003777435,-2.9025403709053204
path,-7.579904985753169,-2.9024237764949694
path,-7.578240470189349,-2.9023066581588086
path,-7.576574246664213,-2.9021911027058875
path,-7.574907583214127,-2.902076401970887
path,-7.573241331242698,-2.901962157306872
path,-7.571574890915396,-2.901848648081511
path,-7.569908003899941,-2.9017345610846967
path,-7.5682392031503065,-2.901622138785333
path,-7.566570513488231,-2.9015103147044434
path,-7.564901578801552,-2.9013992547093603
path,-7.563234531915285,-2.901287838855898
path,-7.561562061891824,-2.901177287488653
path,-7.559888402526556,-2.9010676961618125
path,-7.558216425172019,-2.9009578480922906
path,-7.5565425127955494,-2.9008496825653713
path,-7.554868933144797,-2.900742012868311
path,-7.55319165643478,-2.900633271781321
path,-7.551512095570042,-2.9005263877138883
path,-7.549833927028265,-2.9004193840558568
path,-7.548154088866538,-2.900313944962294
path,-7.546474350100381,-2.900209116257227
path,-7.544793207259571,-2.900103468260579
path,-7.543109801669402,-2.899999674577204
path,-7.54142780576228,-2.8998957529081855
path,-7.539744264964824,-2.8997933414103985
path,-7.538060965578949,-2.899691473869642
path,-7.536372884944669,-2.8995885179902507
path,-7.534682683895121,-2.8994873573099653
path,-7.5329936681633,-2.8993861805350662
path,-7.531303018067741,-2.899286565605642
path,-7.529614211312316,-2.8991866140423976
path,-7.527915458266509,-2.899087109972844
path,-7.526216602280735,-2.898987692800491
path,-7.524516063851783,-2.8988898710407414
path,-7.5228167419707095,-2.898792023006521
path,-7.5211161137100415,-2.8986955875349008
path,-7.519408045719574,-2.8985977767753215
path,-7.517699126443702,-2.898501061840111
path,-7.515988546988079,-2.8984059413792114
path,-7.5142793380490485,-2.898310722467184
path,-7.512568479263764,-2.8982170962961544
path,-7.510891632398903,-2.898130088694222
path,-7.509223856032622,-2.8980404586954918
path,-7.5075553816355765,-2.8979519178768736
path,-7.50588903683445,-2.8978628735523224
path,-7.504221185859431,-2.897775319423241
path,-7.502556749100809,-2.897687794241908
path,-7.5008905371708705,-2.8976018925689218
path,-7.49922616485677,-2.897515622794454
path,-7.497561941350986,-2.897429924319098
path,-7.495896116876946,-2.8973457641699145
path,-7.494232468220109,-2.8972614665493412
path,-7.492568995298445,-2.8971777256986995
path,-7.4909039034000795,-2.89709553309068
path,-7.489240341349287,-2.897013120329282
path,-7.487576841624434,-2.8969313205989637
path,-7.485911927125265,-2.89685111850326
path,-7.484248584573447,-2.8967706883254234
path,-7.482585292871843,-2.8966908766229524
path,-7.480920342592482,-2.8966126364482974
path,-7.479256894865469,-2.8965341861012273
path,-7.477592870262067,-2.896456156928484
path,-7.475928858970653,-2.896378763745514
path,-7.474263060168465,-2.8963030100369003
path,-7.472598719656293,-2.8962270665418663
path,-7.470934375916722,-2.896151769279619
path,-7.469268698504508,-2.8960766784406498
path,-7.467600898119337,-2.8960034011282767
path,-7.465934680551769,-2.895929872185654
path,-7.464268552092641,-2.8958569398482896
path,-7.462602289623002,-2.895784721447723
path,-7.46093331851641,-2.8957126742287813
path,-7.459261920413964,-2.895642416169376
path,-7.4575922596977735,-2.8955718272652082
path,-7.455922788790003,-2.8955053748376858
path,-7.454255066574873,-2.8954426819397745
path,-7.452588970523704,-2.895375536343531
path,-7.450926262893922,-2.89531056678635
path,-7.449265215903016,-2.8952486568116473
path,-7.447608701471579,-2.8951882142764886
path,-7.445955783774404,-2.8951297667210905
path,-7.444301912690389,-2.8950728945481092
path,-7.4426489484051945,-2.895019233304907
path,-7.441000267419376,-2.894967125425514
path,-7.4393548102652645,-2.8949170909912256
path,-7.437711137546066,-2.894869695702488
path,-7.436065684974839,-2.8948230617507646
path,-7.434420609423964,-2.894779511933736
path,-7.432776809339589,-2.8947370458050625
path,-7.431131574270131,-2.8946957616840425
path,-7.429487278397079,-2.894654762162311
path,-7.427837487321051,-2.8946134545263145
path,-7.4261840789895395,-2.894574195894062
path,-7.424531909828802,-2.89453511376369
path,-7.422877804953553,-2.8944974223761926
path,-7.421224923721392,-2.894459916451404
path,-7.419581643194674,-2.894425887989816
path,-7.417942497766685,-2.8943913753995987
path,-7.416304989597173,-2.8943568747429484
path,-7.41466647433391,-2.894323406288852
path,-7.4130290642178,-2.8942901588652967
path,-7.411393093055663,-2.89425879879158
path,-7.40975920364437,-2.894227287087171
path,-7.408125520534678,-2.8941963455125874
path,-7.406490491069393,-2.894166574458406
path,-7.404855695997749,-2.894137365074699
path,-7.403222220752162,-2.8941095006232054
path,-7.401590621887319,-2.8940817195192707
path,-7.400077205760057,-2.8940060740901665
path,-7.398667142220377,-2.893909463116506
path,-7.397264392176887,-2.8937969318019747
path,-7.395819065293052,-2.893650836359124
path,-7.394359227934981,-2.893484832541085
path,-7.392884857917344,-2.8932989552585293
path,-7.391395938913714,-2.8930932480076494
path,-7.389892462408764,-2.8928677650054797
path,-7.388375235756708,-2.892621982815137
path,-7.386843455861872,-2.8923565556014172
path,-7.385297134027553,-2.89207156214973
path,-7.383736289636693,-2.8917670909399713
path,-7.382161599801658,-2.891444140384325
path,-7.380583421249822,-2.8911164540207897
path,-7.379004508855548,-2.890788484955748
path,-7.377424869611028,-2.8904602386501814
path,-7.375844505950081,-2.890131716798953
path,-7.374263417449181,-2.889802918790684
path,-7.372680597317169,-2.889473638825051
path,-7.371097061896516,-2.8891440903795833
path,-7.36951281568616,-2.8888142766142635
path,-7.367927858696603,-2.888484197233965
path,-7.366342195239777,-2.8881538554075954
path,-7.36475396456244,-2.887822866039071
path,-7.363165030932436,-2.887491617427237
path,-7.361575397739656,-2.8871601116841155
path,-7.359985071562947,-2.886828353772935
path,-7.358394053408578,-2.886496344166666
path,-7.356805088577737,-2.886189018267715
path,-7.3552572738927635,-2.885976933400261
path,-7.3537498507722265,-2.8858206305339773
path,-7.35228304817932,-2.8857203159625597
path,-7.350840925873743,-2.8856542345774168
path,-7.349396760747624,-2.8855887829373943
path,-7.347952384597379,-2.8855237052018174
path,-7.346507802628128,-2.8854590048760977
path,-7.345063019194406,-2.8853946852488157
path,-7.343618037613077,-2.8853307493938556
path,-7.342168786782171,-2.885267020465235
path,-7.340719341025889,-2.885203683318035
path,-7.339269705774721,-2.885140739503402
path,-7.3378198832524255,-2.885078191030062
path,-7.3363698764842775,-2.8850160395198987
path,-7.334903154361064,-2.8849561248964575
path,-7.333434304034275,-2.8848932872328654
path,-7.331965205559028,-2.8848309279869304
path,-7.330495866074072,-2.884769042001377
path,-7.329026295238193,-2.884707624009319
path,-7.327563069918383,-2.8846469402079618
path,-7.326099630774366,-2.884586711394347
path,-7.324635983462707,-2.884526934196315
path,-7.323172132818709,-2.884467605386158
path,-7.321708084943652,-2.8844087217209218
path,-7.3202507247123,-2.8843505545691412
path,-7.318793181479798,-2.8842928226576756
path,-7.317335456261351,-2.88423552417727
path,-7.315877555575608,-2.884178656476756
path,-7.314419481873525,-2.8841222178159147
path,-7.312966079871339,-2.8840663913201845
path,-7.311512515220877,-2.884010986935629
path,-7.310058788871669,-2.8839560037114276
path,-7.308604905720191,-2.883901439840381
path,-7.307150868081144,-2.8838472940896756
path,-7.305699973809504,-2.8837936862752303
path,-7.30424893209718,-2.883740492001462
path,-7.302797745478826,-2.883687710312507
path,-7.301346702060929,-2.8836351604709987
path,-7.299900687518201,-2.883587216902464
path,-7.298460503221269,-2.883534434416334
path,-7.297016873527247,-2.883481791402183
path,-7.295573544728974,-2.883433100815245
path,-7.294131183301438,-2.883379976625425
path,-7.2926890767583705,-2.8833308231030164
path,-7.291251378786518,-2.8832797188220485
path,-7.28981262267616,-2.8832278256336528
path,-7.2883760692457695,-2.8831775387971845
path,-7.286940502744754,-2.8831268477029495
path,-7.2855057696975996,-2.8830755838866797
path,-7.28407380056403,-2.8830303717274584
path,-7.282620336385158,-2.8830145680366357
path,-7.2811423137136675,-2.883028871580777
path,-7.279651620095861,-2.8830510475602966
path,-7.278160578817315,-2.8830736639216927
path,-7.276672240367211,-2.8830983794939447
path,-7.275183749547974,-2.883121416572816
path,-7.273695884659881,-2.88314341656035
path,-7.27221143521513,-2.88316893537491
path,-7.270730663977969,-2.8831921452056433
path,-7.269247659740722,-2.8832162836012807
path,-7.267764277255796,-2.8832388330110112
path,-7.266286297150188,-2.883271578228798
path,-7.2648064339440435,-2.883298029332231
path,-7.263337325018641,-2.8833198084408913
path,-7.261872969181955,-2.8833446336852147
path,-7.2604136441015195,-2.883368860549598
path,-7.258959837632279,-2.8833934670168895
path,-7.257511148653551,-2.8834185951323934
path,-7.256068219179206,-2.883442722253224
path,-7.2546303478928,-2.8834661461929856
path,-7.2531974118888805,-2.8834897051578383
path,-7.25177024474565,-2.8835128576734244
path,-7.250349760537306,-2.8835380381505593
path,-7.248934031402634,-2.883555507983465
path,-7.247523487154956,-2.883578276521642
path,-7.246116542012991,-2.883603832008808
path,-7.2447104890801475,-2.8836288647364428
path,-7.243302918116968,-2.8836524407498847
path,-7.24189661753571,-2.883678632295567
path,-7.2404956743176,-2.883704253179568
path,-7.239079280312358,-2.883728938654487
path,-7.237671949806352,-2.883756447977853
path,-7.236268492692594,-2.883788934625704
path,-7.234864847201405,-2.8838218956832073
path,-7.23346554854579,-2.883854678059106
path,-7.23206305380646,-2.883888344141838
path,-7.230657807258123,-2.8839234637929128
path,-7.229252760093211,-2.883958688759857
path,-7.227847311911598,-2.883994439216019
path,-7.226438512795389,-2.8840298325934173
path,-7.225029725940752,-2.8840692033158217
path,-7.223619716747892,-2.8841065164565785
path,-7.222209966328395,-2.8841434841689715
path,-7.220799788528481,-2.884181077751928
path,-7.219387774799924,-2.884217382156363
path,-7.217980241945448,-2.8842523598484897
path,-7.216567764114718,-2.884294934017204
path,-7.21515391768966,-2.8843354521799154
path,-7.213740272142503,-2.8843756023892047
path,-7.212329600205388,-2.8844168074952505
path,-7.210920360781805,-2.88445734098155
path,-7.20951068736912,-2.884498465478931
path,-7.208101145837492,-2.8845398208501534
path,-7.206692806137201,-2.88458438665125
path,-7.205286804267775,-2.8846267645206907
path,-7.203885785504766,-2.8846670674927006
path,-7.202489436867685,-2.8847089377667343
path,-7.201087596199661,-2.8847496322181203
path,-7.199685449890705,-2.884790769299354
path,-7.198285681057833,-2.884835214385837
path,-7.196885136508526,-2.8848774445864973
path,-7.1954843909877315,-2.8849196714271805
path,-7.194084198568901,-2.88496183809091
path,-7.192683657628968,-2.885004558697392
path,-7.191285043462959,-2.8850476587581073
path,-7.18988825039671,-2.8850938453466966
path,-7.188499886615316,-2.8851330132921045
path,-7.1871031476756215,-2.8851781029585
path,-7.185705779787997,-2.885223407442804
path,-7.18431020517911,-2.885269169789045
path,-7.182916258122218,-2.8853177726060957
path,-7.181520694459056,-2.8853644798559976
path,-7.180125167224427,-2.8854110660753047
path,-7.178730223840284,-2.8854575791828596
path,-7.1773358253033415,-2.88550477413733
path,-7.175941741476796,-2.8855520957074945
path,-7.174548849231004,-2.885602624124485
path,-7.173154522761139,-2.885651198016684
path,-7.171768164738585,-2.885695165615449
path,-7.170375970347326,-2.8857445288355223
path,-7.168983045710837,-2.8857945983372724
path,-7.167591285938683,-2.885847787350888
path,-7.166198036470831,-2.885898954363686
path,-7.164804818922814,-2.88595001233952
path,-7.1634118756208025,-2.886001275998217
path,-7.1620191474726775,-2.8860527118791306
path,-7.160627374870126,-2.8861074773493
path,-7.159234248382542,-2.886160189811966
path,-7.15784120126968,-2.8862128426559637
path,-7.1564481182780915,-2.886265636995013
path,-7.155064084597722,-2.886319992233998
path,-7.153678993299761,-2.8863778774114768
path,-7.152286565747541,-2.8864326350828606
path,-7.150893954681718,-2.8864877751084337
path,-7.149501458681793,-2.8865460847315614
path,-7.148107252808004,-2.886602365440912
path,-7.146713080297053,-2.8866586085008055
path,-7.145319070147825,-2.8867150654957023
path,-7.143925195684272,-2.8867717671155346
path,-7.142535859002296,-2.8868329682564875
path,-7.141140724502595,-2.886890236623433
path,-7.139744847130551,-2.8869480528643505
path,-7.138358108046671,-2.8870073205354374
path,-7.136970068130132,-2.8870697990724365
path,-7.1355463066552325,-2.8871296286374677
path,-7.134114082802389,-2.8871913996595455
path,-7.132681747491192,-2.8872535585598613
path,-7.131250492565965,-2.8873189574898266
path,-7.129817838658998,-2.887382287395159
path,-7.128389795122229,-2.887446194038313
path,-7.1269631665101585,-2.8875095227522753
path,-7.1255366441177586,-2.88757315258371
path,-7.124111250992158,-2.8876400385490077
path,-7.12268447353167,-2.887704877826537
path,-7.121264030620175,-2.8877705232861524
path,-7.119851956940141,-2.8878306473495963
path,-7.118436023254341,-2.8878957825690565
path,-7.117019275828645,-2.887965582453274
path,-7.115601327632956,-2.888032562560449
path,-7.1141884960937,-2.8880999920475783
path,-7.112776449375871,-2.8881671971704184
path,-7.111365610690969,-2.88823753444954
path,-7.10995337799961,-2.8883057412546305
path,-7.108541243267285,-2.888373984395814
path,-7.107131667955085,-2.888442777743886
path,-7.1057228563360475,-2.888511422545534
path,-7.104315297395277,-2.8885832217686227
path,-7.102906342297975,-2.888652930727245
path,-7.101497110014445,-2.888722979932787
path,-7.100092979236832,-2.8887933496565195
path,-7.098690831289994,-2.888866412955568
path,-7.097296960949341,-2.88893218755993
path,-7.095895226449263,-2.8890038409345355
path,-7.094492488926971,-2.8890761929505113
path,-7.0930933701027,-2.8891516182943913
path,-7.091693705890427,-2.889224639001253
path,-7.090294252134504,-2.8892976362990432
path,-7.088894935222217,-2.8893708715700397
path,-7.087496512243518,-2.8894474554823666
path,-7.086099462285539,-2.8895219123427816
path,-7.0847049333243195,-2.8895992282979543
path,-7.083311629690687,-2.8896673414165757
path,-7.081911329128899,-2.889736345471084
path,-7.08050414447114,-2.889795200292767
path,-7.079093802973687,-2.889849887223091
path,-7.077676661687139,-2.8898941173606647
path,-7.076253439898448,-2.8899302609528608
path,-7.074824573168683,-2.889961872491365
path,-7.073387506486131,-2.8899819507288016
path,-7.071946193221395,-2.889996894452842
path,-7.070496399876236,-2.8899994934269913
path,-7.0690409697675625,-2.8899941327262435
path,-7.067578350005339,-2.889980026224397
path,-7.066102215058831,-2.889955520586032
path,-7.064619000476366,-2.889923042836922
path,-7.063126444662225,-2.8898811339387205
path,-7.061631178481861,-2.889835727802944
path,-7.060137377609555,-2.8897937249356747
path,-7.058642289496862,-2.8897489468594824
path,-7.057149356195214,-2.8897075519041464
path,-7.0556562535119065,-2.889666784906299
path,-7.054162031563421,-2.889623280615454
path,-7.052669007477166,-2.8895834581384774
path,-7.051175186699049,-2.8895404930446458
path,-7.049682236139156,-2.8895014781337545
path,-7.0481898720912355,-2.889462357108677
path,-7.046695944187453,-2.8894209098127934
path,-7.0452031294878905,-2.8893832473809318
path,-7.043709682675437,-2.8893423388832833
path,-7.042216248619277,-2.8893055479129037
path,-7.04072358253525,-2.8892683972886655
path,-7.0392287713655834,-2.8892294374050915
path,-7.037735840988212,-2.889193619795618
path,-7.036243236595552,-2.8891580110550277
path,-7.034746849528634,-2.8891201444903034
path,-7.033251957772537,-2.8890856457031155
path,-7.031755820513003,-2.8890484774033993
path,-7.030261385774168,-2.889014669095776
path,-7.028766676952219,-2.8889815944920976
path,-7.027268556297666,-2.8889455167369964
path,-7.025771168336229,-2.888913437939749
path,-7.024274423472393,-2.8888813294939
path,-7.0227757666143,-2.8888471974556045
path,-7.021279559588084,-2.8888157169072683
path,-7.019790213727236,-2.888780889678086
path,-7.018292141742424,-2.888750955315429
path,-7.016793261372449,-2.8887220287134867
path,-7.015292122453609,-2.888691234581508
path,-7.01379316579431,-2.888663274274597
path,-7.012292396891158,-2.888634321372249
path,-7.010792344170049,-2.8886052049777136
path,-7.009293504078884,-2.888575723731386
path,-7.0077924830785925,-2.8885482474403554
path,-7.006283563250493,-2.8885234165712954
path,-7.004764177822366,-2.88849557624569
path,-7.003243413357847,-2.888469482783023
path,-7.001723876123722,-2.888447006277854
path,-7.000203407906554,-2.888421674146916
path,-6.998683148680046,-2.8883966764976345
path,-6.9971694621919,-2.888375627573487
path,-6.995655438523631,-2.8883518862094566
path,-6.994141662948178,-2.8883284394101922
path,-6.992628013430725,-2.8883054128923447
path,-6.991115606524716,-2.888286014619098
path,-6.989605204756486,-2.8882642702270505
path,-6.988095579178409,-2.8882423716924377
path,-6.986587369790306,-2.8882239381504577
path,-6.985077498059498,-2.88820335847014
path,-6.983567775280938,-2.888183178699964
path,-6.982063678398759,-2.8881638656498305
path,-6.9805619786139514,-2.88814714555246
path,-6.979058268366903,-2.88812859394501
path,-6.977662124562801,-2.8881649756706236
path,-6.9764066514018035,-2.8882938025250646
path,-6.975172749319163,-2.8884196144800875
path,-6.97394283655824,-2.8885451966067697
path,-6.972714599747434,-2.8886704734211652
path,-6.97148691106513,-2.8887970800746827
path,-6.970259900109697,-2.88892439358245
path,-6.96903497884922,-2.889052577449997
path,-6.967810470898952,-2.8891815459011396
path,-6.966591054340655,-2.889309542332066
path,-6.965373259666214,-2.889438378612776
path,-6.964156281159852,-2.889567857618165
path,-6.962940583245848,-2.8896980081293937
path,-6.961725615194038,-2.889828875048193
path,-6.9605113604378435,-2.88996043187901
path,-6.959297583262377,-2.89009278498361
path,-6.958084432192538,-2.8902258654156494
path,-6.956874273878098,-2.8903638370731803
path,-6.9556724187737915,-2.890499921607369
path,-6.954472820267114,-2.8906399064132153
path,-6.953277574185139,-2.8907846932718133
path,-6.952076832809529,-2.8909267835327874
path,-6.950879804717378,-2.8910689072016216
path,-6.949687198294201,-2.8912061705001264
path,-6.948492130054904,-2.891348114914976
path,-6.947298978494392,-2.8914887886914458
path,-6.946106947446862,-2.8916311657434632
path,-6.944913151675954,-2.8917762319519493
path,-6.94372311808778,-2.8919265753143777
path,-6.942529036861113,-2.8920749271029296
path,-6.941337476816887,-2.89222284079377
path,-6.940149679785532,-2.892366011716161
path,-6.9389593630433035,-2.892514313530809
path,-6.937773352763762,-2.8926633785958686
path,-6.9365839278998935,-2.892815654832196
path,-6.935396523859937,-2.8929661367504726
path,-6.934209203739164,-2.89311333625161
path,-6.93302156059624,-2.8932659591597116
path,-6.931837731927357,-2.8934243761108696
path,-6.93064819083347,-2.89358013961682
path,-6.929461159387141,-2.8937354627403673
path,-6.92827940696086,-2.8938926487421766
path,-6.927050908449578,-2.8940435832132634
path,-6.92580706000317,-2.894210589183196
path,-6.924549551720772,-2.8943788841160507
path,-6.923291444831911,-2.8945491917189714
path,-6.922037331332662,-2.89472014534127
path,-6.920785691414418,-2.894893925647062
path,-6.919540490425759,-2.895066614305284
path,-6.918292222551764,-2.895239458036207
path,-6.9170472426910266,-2.8954127613468987
path,-6.91580139202,-2.895581253996086
path,-6.914559085982575,-2.8957565998230708
path,-6.91331922279786,-2.8959282300887192
path,-6.91208005152573,-2.896102210005741
path,-6.910840398327958,-2.896278896830492
path,-6.909602904056478,-2.896451060384741
path,-6.908371512319321,-2.8966292425370073
path,-6.907141082224354,-2.896807458947277
path,-6.905914555381725,-2.8969809780252573
path,-6.904686194217519,-2.897160460034333
path,-6.903457986530851,-2.8973409202113327
path,-6.902236195656823,-2.8975273788691656
path,-6.901014637941177,-2.897710021667375
path,-6.899794148002258,-2.897892133736506
path,-6.898576461342513,-2.8980805553588778
path,-6.897357275885745,-2.8982653330079593
path,-6.896143203043025,-2.898449293894382
path,-6.894929376003451,-2.898628553603545
path,-6.893715861577161,-2.898814022035011
path,-6.892507054482013,-2.8990012635380853
path,-6.89129446491401,-2.8991897749785487
path,-6.890093139762768,-2.8993770194285347
path,-6.888901546531879,-2.8995583099649
path,-6.887710685560442,-2.8997451112250556
path,-6.8865207606816465,-2.8999321272410428
path,-6.8853339749768105,-2.9001209652621642
path,-6.884146612637047,-2.900309434970691
path,-6.882967383764766,-2.900500362937613
path,-6.881783503549631,-2.9006900111015157
path,-6.880603780800633,-2.9008850076702104
path,-6.879418964915983,-2.9010769758990804
path,-6.878238773751431,-2.9012693495371358
path,-6.877016508260361,-2.9014856121569474
path,-6.87577843254171,-2.901716238033592
path,-6.874539209188283,-2.901955798164694
path,-6.873298818617902,-2.9022043067415413
path,-6.872061148154218,-2.9024615321503613
path,-6.870822350442525,-2.9027274173806767
path,-6.869582419333453,-2.903001954241934
path,-6.868341375921927,-2.9032850273164703
path,-6.867099209837579,-2.9035766725273726
path,-6.865859425932682,-2.9038767348114414
path,-6.86461851309519,-2.9041853718879307
path,-6.863376455099857,-2.9045026455853042
path,-6.86213323408564,-2.9048286379540023
path,-6.860888813851373,-2.9051635098603388
path,-6.8596447675234415,-2.905507165618359
path,-6.858399493822654,-2.9058597443090473
path,-6.857152938601055,-2.906221325995512
path,-6.85590512098978,-2.9065919673793488
path,-6.854656020598702,-2.906971747214347
path,-6.853411156293657,-2.9073605163498346
path,-6.852171184746957,-2.9077482788277904
path,-6.850971397577397,-2.908052221273959
path,-6.849781862671449,-2.908283174352923
path,-6.848574423515933,-2.9085194235298113
path,-6.847366907553294,-2.9087661017720268
path,-6.846157706672179,-2.9090232197125214
path,-6.84494683207602,-2.9092907800388637
path,-6.8437343384112586,-2.9095685892091256
path,-6.842520259032846,-2.909856543603007
path,-6.841305213756876,-2.9101544961994312
path,-6.840088627026423,-2.910462471664115
path,-6.8388704401293925,-2.910780757306832
path,-6.837650711912615,-2.9111091265628177
path,-6.836429443727547,-2.9114475898721497
path,-6.835207348307007,-2.9117961965372827
path,-6.83398369151672,-2.912155000070121
path,-6.832758461464514,-2.9125239694468856
path,-6.831531508315055,-2.912903111869456
path,-6.830302972986627,-2.913292451693221
path,-6.829072985968809,-2.9136920807241458
path,-6.827841357496017,-2.914102092411394
path,-6.826616930243898,-2.9145051326016436
path,-6.825437258274575,-2.9148207352529116
path,-6.8242653685034504,-2.9150629630192584
path,-6.823073710048738,-2.915312778943161
path,-6.82187995521942,-2.9155744410296602
path,-6.8206841675509375,-2.9158477502178277
path,-6.819486380870705,-2.9161326320413057
path,-6.81829407514332,-2.91639159248806
path,-6.8170561190248105,-2.916620196641423
path,-6.815703602543287,-2.9167998445122594
path,-6.8143488178871285,-2.9169920283345045
path,-6.812991830239105,-2.9171966443832855
path,-6.811632695803918,-2.917413600217499
path,-6.810283768364489,-2.9176419187030698
path,-6.808932835352213,-2.917882208509109
path,-6.807579940642893,-2.918134377799263
path,-6.806225125693971,-2.918398359961526
path,-6.804868423867617,-2.9186741165383667
path,-6.803521552836995,-2.918960564694863
path,-6.802172943673554,-2.919258291150492
path,-6.800822629776921,-2.9195672101576378
path,-6.799467221055719,-2.9198720498754103
path,-6.798142408301176,-2.9200874065960143
path,-6.796835058092113,-2.9202616457367734
path,-6.795526113561669,-2.9204473658732297
path,-6.794215547768853,-2.920644471419736
path,-6.792903348311612,-2.9208528734219197
path,-6.791589511112149,-2.921072490301326
path,-6.7902801634578065,-2.921302773425481
path,-6.788969214074105,-2.9215439949652904
path,-6.787656685840233,-2.9217960229621123
path,-6.78634259609277,-2.9220587780261043
path,-6.7850269660198,-2.922332175558051
path,-6.783722087135501,-2.922614885450792
path,-6.78241575260659,-2.9229078795381778
path,-6.781107640445896,-2.923212615949314
path,-6.779797835282267,-2.923528749752048
path,-6.778486471633058,-2.9238557155220244
path,-6.777179528415198,-2.924176397538242
path,-6.775903417921101,-2.9244140841407122
path,-6.774627297033255,-2.9245818292386696
path,-6.773341865112126,-2.9247575180851886
path,-6.772046925137443,-2.9249411477075626
path,-6.77074915047862,-2.925132233973749
path,-6.769441477992578,-2.9253314334601677
path,-6.76812368079711,-2.9255386529192275
path,-6.766795491998775,-2.9257539206711627
path,-6.765456649260514,-2.925977144891742
path,-6.764117538451192,-2.92620768778881
path,-6.76276730644539,-2.926446238759044
path,-6.761405637638594,-2.9266926587461026
path,-6.760032202874385,-2.926946769358493
path,-6.758659637026006,-2.9271764022108857
path,-6.757314989944855,-2.9273129956384953
path,-6.7559486071149975,-2.927394354380496
path,-6.754568637471944,-2.927483852787181
path,-6.753174640056962,-2.927581411283173
path,-6.751766135328153,-2.927686955818535
path,-6.750348222155843,-2.9278003061378826
path,-6.748914824627275,-2.927921563780062
path,-6.7474653315637845,-2.9280506722332555
path,-6.746003045105366,-2.92818230483565
path,-6.74455889127399,-2.928246197122
path,-6.743092898305735,-2.928230576535824
path,-6.741606205712207,-2.928221067097937
path,-6.740099573250382,-2.9282189235533402
path,-6.738572091354767,-2.9282235798301683
path,-6.73702271116931,-2.9282348254511072
path,-6.735273579518818,-2.9283296455075245
path,-6.73336459644173,-2.9283730739998397
path,-6.731409063358344,-2.9283014602162445
path,-6.729361928933043,-2.9281474897990223
path,-6.727260497413109,-2.9279404981847916
path,-6.7252113413400645,-2.927870628629282
path,-6.723185482555578,-2.9279135530312614
path,-6.72115646573856,-2.9279885754282704
path,-6.7191132638455215,-2.9280678607075035
path,-6.7170717195022345,-2.9281546240062197
path,-6.71506092505663,-2.9282437126621232
path,-6.713066785703084,-2.928332425673892
path,-6.711076527613632,-2.9284218463609824
path,-6.709084421522415,-2.928509227186825
path,-6.707094094815876,-2.9285993621935855
path,-6.705128175340768,-2.92869016781175
path,-6.703175954039718,-2.9287836161384204
path,-6.701224946948112,-2.92887052265352
path,-6.699274237716647,-2.9289543378255973
path,-6.697324080029702,-2.929038330687166
path,-6.69539744794317,-2.9291305461105233
path,-6.6934810146522015,-2.929224023404988
path,-6.691566880527448,-2.9293176896962376
path,-6.6896571415078565,-2.9294150974712445
path,-6.6877448890546995,-2.9295096779859633
path,-6.685844313738692,-2.929607667968536
path,-6.68395050962719,-2.929703488107083
path,-6.682058604984388,-2.9297984241475525
path,-6.680167840638182,-2.9298967126628046
path,-6.678274449838063,-2.9299879691095514
path,-6.676422997438525,-2.930082672525557
path,-6.674594743795299,-2.930189324998867
path,-6.672768616749269,-2.930293313411249
path,-6.670940329853193,-2.9303944509586595
path,-6.669112721295024,-2.9304954207954608
path,-6.667303049989053,-2.9305992533721708
path,-6.665496426287089,-2.9307023089233106
path,-6.663694845038779,-2.930809345815228
path,-6.6618948866779055,-2.9309181654248038
path,-6.660089074498024,-2.9310228038835393
path,-6.658303820641759,-2.931126382118558
path,-6.65653192114346,-2.9312413067287735
path,-6.654757801397052,-2.931352119311038
path,-6.652979488176572,-2.9314597409866416
path,-6.651203792233855,-2.9315730222503107
path,-6.649437286862645,-2.9316805870120786
path,-6.647677044495401,-2.931798117010078
path,-6.6459146017310635,-2.9319101140497366
path,-6.644149632678469,-2.932021329392432
path,-6.642386673147927,-2.9321348521824966
path,-6.640650465309321,-2.932251258807892
path,-6.638911677139389,-2.9323631741641183
path,-6.637171922599259,-2.93247098531267
path,-6.63543431088598,-2.932584471589632
path,-6.633699171153248,-2.9327004860626316
path,-6.6319767464933514,-2.9328138307128135
path,-6.630262543912747,-2.932930989907519
path,-6.628543757702487,-2.933043007008602
path,-6.626826423682262,-2.93315609481468
path,-6.625108403175407,-2.9332693971382184
path,-6.623265947936064,-2.933390373802991
path,-6.621325643580502,-2.93352100649255
path,-6.619319343745779,-2.9336553229091
path,-6.617284132345386,-2.9337836598968163
path,-6.615249262209123,-2.933912575037255
path,-6.6132502987842186,-2.934053486134938
path,-6.611261204626324,-2.93419318324607
path,-6.6092729996036335,-2.9343313607546633
path,-6.607284129554721,-2.934470434820714
path,-6.605296904805945,-2.9346083057188457
path,-6.603348232463115,-2.9347552329468387
path,-6.601400936336069,-2.9348920661671403
path,-6.599457725782876,-2.9350330979383914
path,-6.597506801593396,-2.9351642031790215
path,-6.595557872980356,-2.9352974614671723
path,-6.593628035378957,-2.935438766148987
path,-6.591705342790748,-2.9355822276444834
path,-6.5897768105298535,-2.935717349819772
path,-6.587846189630431,-2.9358520209521766
path,-6.585916957646971,-2.935989146809925
path,-6.5840150149462975,-2.9361339435154923
path,-6.582128283020526,-2.9362812280019717
path,-6.580237124882988,-2.93641792186244
path,-6.578346489359994,-2.9365578322090875
path,-6.57645335386545,-2.9366974686941694
path,-6.574585123918056,-2.936842941664584
path,-6.572728825012255,-2.936990040362951
path,-6.570869558749359,-2.937130424319736
path,-6.569010380708792,-2.9372713185822126
path,-6.567150984974332,-2.9374129981947927
path,-6.56526759559284,-2.937560642238822
path,-6.563368611696329,-2.9377053371704855
path,-6.561464088587745,-2.937852486573895
path,-6.55955792091987,-2.938001425017505
path,-6.557650685972121,-2.9381520892664277
path,-6.555758328648334,-2.9383095612717187
path,-6.553886682879845,-2.938481845437511
path,-6.551996891540406,-2.938635173631705
path,-6.550104251922767,-2.9387882165584234
path,-6.5482128538248485,-2.9389439406945606
path,-6.546357145028794,-2.9391130918907122
path,-6.544506669703279,-2.939280100054408
path,-6.542649260057745,-2.9394400200711672
path,-6.540780430307443,-2.93959426071146
path,-6.538893033257983,-2.9397162916129504
path,-6.537027351155035,-2.93984267207312
path,-6.535168589947985,-2.9399768047079116
path,-6.533330764468288,-2.9401301725406883
path,-6.531488959497187,-2.9402841616544806
path,-6.529640821431237,-2.9404335068879264
path,-6.527798316274086,-2.9405885176208924
path,-6.525966461742157,-2.9407522874504264
path,-6.524144051469182,-2.9409230381411846
path,-6.522336454804908,-2.941107763191051
path,-6.520552142063142,-2.9413187933838287
path,-6.518798329677898,-2.941545468285904
path,-6.517078219763308,-2.941796993108178
path,-6.515398971841399,-2.9420806729966413
path,-6.5137715446487965,-2.942426284719735
path,-6.51218689092643,-2.9428344721935464
path,-6.5105425305600155,-2.9433817327215923
path,-6.508870225219202,-2.9439800097529383
path,-6.507154777238453,-2.9445956857523194
path,-6.505395111662359,-2.9452310170631026
path,-6.503592521648347,-2.945885640577432
path,-6.501762811647361,-2.946566062939983
path,-6.499886663638537,-2.9472594213230536
path,-6.497988328983181,-2.9479724688151863
path,-6.496083529324359,-2.948694484174959
path,-6.494166759275572,-2.949412995807675
path,-6.492271135430198,-2.9501455884685965
path,-6.490378821300743,-2.950877026067843
path,-6.4884885219674295,-2.951608059438265
path,-6.486589277014977,-2.9523274572249667
path,-6.484700553404674,-2.9530605893607884
path,-6.482837711054491,-2.953791645605474
path,-6.480980343150845,-2.9545175185903214
path,-6.479126016082976,-2.955241751371799
path,-6.477263331154263,-2.9559550381454605
path,-6.475412004973242,-2.956679804196936
path,-6.473581426616071,-2.957404260470171
path,-6.471755055305397,-2.9581237703615204
path,-6.469931692455921,-2.958843252880335
path,-6.46810452562079,-2.9595551686988304
path,-6.466283617072352,-2.960274318167037
path,-6.46447769498589,-2.9609916836787833
path,-6.462677041010727,-2.961707852958374
path,-6.460878383578358,-2.962421810015531
path,-6.459080267178568,-2.9631349750202705
path,-6.457277288122856,-2.9638470948119764
path,-6.455678123625524,-2.9644737278423756
path,-6.454124977767315,-2.9650943310335798
path,-6.452568541390747,-2.9657079955440584
path,-6.451017200667817,-2.9663287016782993
path,-6.449466349218637,-2.9669508206609403
path,-6.4479264889952805,-2.967570015581881
path,-6.44638864542288,-2.9681898225012273
path,-6.444853977012253,-2.9688068831457692
path,-6.443318221567595,-2.969422268177288
path,-6.441780218283222,-2.9700388333478096
path,-6.440255429680846,-2.9706568132307667
path,-6.438732253123966,-2.9712746557075356
path,-6.437211259885125,-2.9718906771442666
path,-6.43569011149501,-2.9725084851561427
path,-6.434166380551903,-2.973119253059201
path,-6.432652238259611,-2.973737832178822
path,-6.43114153972536,-2.974353387109823
path,-6.429630645391064,-2.974970678760785
path,-6.428121792760043,-2.9755862624221847
path,-6.426612544351363,-2.976202765560256
path,-6.425112913101099,-2.9768102898590554
path,-6.423618561008212,-2.9774223059954656
path,-6.422124648654673,-2.9780361742584747
path,-6.420631064700101,-2.978649579675207
path,-6.419136982858838,-2.9792649911596367
path,-6.417651197736692,-2.979878366513669
path,-6.416164657135923,-2.9804829802961152
path,-6.414683331586123,-2.9810941636658903
path,-6.413202167459048,-2.981707455198227
path,-6.411720449619606,-2.9823207118924104
path,-6.4101320459356135,-2.982963609049463
path,-6.408483576722907,-2.983622789092656
path,-6.406782611293451,-2.9843050683599714
path,-6.40503919003201,-2.985012079569018
path,-6.40327491747361,-2.9857381290812564
path,-6.401512729480037,-2.986476820673429
path,-6.399749334688368,-2.9872160997212593
path,-6.397985895026122,-2.9879575790209363
path,-6.396221679055488,-2.9887008692003
path,-6.394450578507188,-2.98944210121525
path,-6.3926307240503295,-2.9902001759572148
path,-6.390721061225807,-2.9909952734364187
path,-6.388755966606972,-2.9918192763539633
path,-6.386768703846575,-2.992664005896278
path,-6.38477310881545,-2.993515806531534
path,-6.382791710456097,-2.9943706474557485
path,-6.380811926129819,-2.99522687726343
path,-6.378833250097358,-2.9960844330451306
path,-6.376855688020095,-2.99694331464533
path,-6.37487924485779,-2.997803521681099
path,-6.372930599710965,-2.9986421741842073
path,-6.370987107701712,-2.9994919972782528
path,-6.369044637550069,-3.000343141126053
path,-6.36710323477131,-3.001195532377558
path,-6.365158371206612,-3.002039684552019
path,-6.363242430887225,-3.0028842766625803
path,-6.3613280390563105,-3.0037301077594307
path,-6.359414765452675,-3.0045772122170713
path,-6.3575026182685415,-3.0054255905824543
path,-6.355587316042722,-3.0062660863269586
path,-6.353689632404965,-3.0071102478708966
path,-6.351794315119533,-3.007956257556978
path,-6.34990226551204,-3.008802659503136
path,-6.348006392578176,-3.009653038734856
path,-6.346082177351965,-3.010508953032342
path,-6.344176506907258,-3.0113743945532376
path,-6.34223331889574,-3.012203164543359
path,-6.340223694348904,-3.0129723846866616
path,-6.338161689888036,-3.013691961012639
path,-6.33601454040851,-3.014322684562384
path,-6.333849213469708,-3.014917274693488
path,-6.331665950640295,-3.015493377857668
path,-6.329481700418815,-3.016068374297864
path,-6.327298081205295,-3.0166445131128716
path,-6.325114993294848,-3.0172217029009163
path,-6.322961997324579,-3.017791778586307
path,-6.320810114457654,-3.018362994980359
path,-6.3186587741508955,-3.0189352473065716
path,-6.316507949769902,-3.019508505210412
path,-6.3143579075844745,-3.0200830882367495
path,-6.312243425585509,-3.02064691157209
path,-6.310131773567914,-3.021213584378865
path,-6.308020679015272,-3.021781269450296
path,-6.305910061668198,-3.022349886720813
path,-6.303801310838732,-3.0229212250162387
path,-6.30172225467084,-3.02347949435106
path,-6.299642367537396,-3.02403677916151
path,-6.29756127630568,-3.024593612885746
path,-6.295474248607651,-3.0251448509502388
path,-6.293381294156364,-3.025690505367581
path,-6.2911039008187375,-3.0262996728354983
path,-6.288543022805617,-3.027066581505533
path,-6.285830728704948,-3.0279445201387807
path,-6.282973526594083,-3.02892601793851
path,-6.279960673144118,-3.029997579891999
path,-6.276691788529916,-3.0311754900572447
path,-6.273090932866958,-3.032500144829641
path,-6.269198097370876,-3.0339412841001248
path,-6.265139210028416,-3.035469898221324
path,-6.260927925701323,-3.03709394288676
path,-6.256589154359892,-3.038811565106597
path,-6.2520806246489835,-3.040606005830387
path,-6.247425640855589,-3.0425030180536026
path,-6.242597489193306,-3.044472418086071
path,-6.237634684964029,-3.0465580247344897
path,-6.232544179395886,-3.048735794690914
path,-6.227309334105421,-3.051017975969762
path,-6.221926603815721,-3.0533691525126376
path,-6.216427462433664,-3.0557892263229385
path,-6.210872662594435,-3.0581809039760794
path,-6.205448379871091,-3.0604389400593304
path,-6.200019725550798,-3.0626296471780243
path,-6.194560780464456,-3.064788011433708
path,-6.1890791687533895,-3.066919921543717
path,-6.183561267201688,-3.0690138088405825
path,-6.178108856572095,-3.0709990679513934
path,-6.172638539108895,-3.0729479346904562
path,-6.167139031571756,-3.0748660065940756
path,-6.161602963556468,-3.0767435115000272
path,-6.1560382539118415,-3.0785905892290795
path,-6.150831209009238,-3.08027528702738
path,-6.145979657786699,-3.08180587763525
path,-6.141345484107281,-3.083245625489102
path,-6.136748134927792,-3.0846950144528025
path,-6.132169298811551,-3.086166755767016
path,-6.12774869826725,-3.08755436336317
path,-6.123392654933917,-3.088933778855799
path,-6.1190550087413955,-3.090335330415278
path,-6.114732581051209,-3.0917553782439233
path,-6.1104124476225,-3.0931790665451673
path,-6.106208939268702,-3.094524668619864
path,-6.1020447602764785,-3.095879330263286
path,-6.097895524450967,-3.097252135227784
path,-6.093748392941788,-3.0986282533610714
path,-6.089602060548236,-3.1000061786069177
path,-6.085588244254745,-3.1013019902222854
path,-6.081626617615335,-3.102596592139817
path,-6.0776808999284055,-3.1039104286867447
path,-6.073738073248519,-3.105228374944742
path,-6.069796019157887,-3.106547958985878
path,-6.065922004506207,-3.1078275307958085
path,-6.062067565849638,-3.109120845468559
path,-6.058209914409405,-3.110415200519043
path,-6.0543352299029864,-3.111690819773627
path,-6.050461203208314,-3.1129678144780466
path,-6.046722079904342,-3.1142023668017806
path,-6.043004709058104,-3.115430795782664
path,-6.039287967809341,-3.116660545301037
path,-6.035571859083924,-3.117891614465056
path,-6.031856385751419,-3.119124002657294
path,-6.028269192075759,-3.1203271808252313
path,-6.024694485851558,-3.1215233432127523
path,-6.021115464179079,-3.1227147486915428
path,-6.017531263047396,-3.123910360960829
path,-6.013956648220995,-3.125106060556854
path,-6.010218661703932,-3.1263201143192236
path,-6.006308089957895,-3.127593426050732
path,-6.0022891043505116,-3.128908098141933
path,-5.998162918253924,-3.1302636870396747
path,-5.99393063885109,-3.1316597855268533
path,-5.9895683543365905,-3.133100655712744
path,-5.985101400577038,-3.1345821293844827
path,-5.980531026497,-3.1361034462070525
path,-5.975857985949668,-3.1376643205840233
path,-5.971082992665256,-3.1392644800830785
path,-5.96630273768023,-3.140878659785055
path,-5.96153899087546,-3.142485272342711
path,-5.956784056386914,-3.144091591867039
path,-5.952037678246029,-3.1456977155313424
path,-5.9472998746736065,-3.147303637096631
path,-5.9426189567675864,-3.148912118228614
path,-5.937963490817133,-3.1505019006458865
path,-5.933332923236132,-3.152080842038938
path,-5.9287275854201535,-3.153653371219413
path,-5.924146673452174,-3.1552197818301173
path,-5.919627597036262,-3.1567834472176544
path,-5.915128730585136,-3.15833239784699
path,-5.910652000412596,-3.159871915899921
path,-5.906199484962469,-3.1614050442924135
path,-5.901771672460798,-3.1629316139935986
path,-5.897382704462365,-3.16444780312835
path,-5.893019367521937,-3.1659569561815815
path,-5.888682133581322,-3.1674589137121996
path,-5.884370922390073,-3.1689529773741074
path,-5.880084956484074,-3.1704395007383748
path,-5.875662526236782,-3.171962823921211
path,-5.871077400104817,-3.1735589833306697
path,-5.866342725195863,-3.1752009458462895
path,-5.861483649759146,-3.176895816429511
path,-5.856492881131207,-3.17864003621263
path,-5.851376444982162,-3.1804303929624758
path,-5.846205903392417,-3.1822550730271852
path,-5.841001976755331,-3.1840953122838656
path,-5.835774274259559,-3.1859578213987874
path,-5.830504694611395,-3.1878243598229226
path,-5.825223674577843,-3.1896942385019478
path,-5.8199207418729975,-3.1915921233121094
path,-5.814569867511485,-3.193493394005755
path,-5.80920735688988,-3.195412190197057
path,-5.803846413709296,-3.197348634674551
path,-5.798353248858689,-3.1993154584695844
path,-5.792797780262322,-3.201302799610421
path,-5.787203367597795,-3.2033089118101605
path,-5.78158428441812,-3.2053442597876067
path,-5.77591585606348,-3.2073859010654386
path,-5.770118302892971,-3.209484310023997
path,-5.764237514593133,-3.211612881804382
path,-5.758328618861865,-3.2137716598320614
path,-5.752370414740706,-3.2159392857436617
path,-5.746370568530631,-3.2181273795555683
path,-5.740182979314899,-3.220412273012082
path,-5.733831821208544,-3.2229684842361404
path,-5.727314971792041,-3.2256009502900613
path,-5.720633672058682,-3.22828419917089
path,-5.713808101015531,-3.2310046107699013
path,-5.706775552921931,-3.233874881014465
path,-5.699585257623605,-3.23688957001665
path,-5.692246662739566,-3.2399493150641536
path,-5.684742457833496,-3.243063479231796
path,-5.677089017519001,-3.2462211426085723
path,-5.669211823490883,-3.249524893207606
path,-5.661191507288471,-3.253075103171904
path,-5.653018688657572,-3.2566839366927525
path,-5.644678927762713,-3.260354558790759
path,-5.63617579870961,-3.2640785058821504
path,-5.627503715992332,-3.2679348790716913
path,-5.618668483825459,-3.271891272384533
path,-5.609664874786783,-3.2759046091242343
path,-5.600503996519445,-3.2799758825795253
path,-5.59116475168759,-3.284110717175073
path,-5.5816523202150785,-3.288302060625285
path,-5.571979781540102,-3.2925503146494486
path,-5.562145144371794,-3.296861468740396
path,-5.552243064945606,-3.301216696181415
path,-5.542290527805957,-3.3056108720992015
path,-5.532661018958293,-3.310027261154139
path,-5.523360213308667,-3.314538495670962
path,-5.514236421733174,-3.319082313831607
path,-5.505202757783169,-3.3236527719336384
path,-5.496214865213151,-3.3282823654121514
path,-5.487768495115121,-3.3326856919187753
path,-5.480208484312551,-3.336632719206899
path,-5.47337188274655,-3.340281081116401
path,-5.467069280530885,-3.3435753004638844
path,-5.461194447132086,-3.3465442860455408
path,-5.455896719713625,-3.3492358349922573
path,-5.451075633499169,-3.35172562514915
path,-5.4465302149132535,-3.3540000737426676
path,-5.442167099043589,-3.356115961064444
path,-5.437941224344484,-3.3580783387249222
path,-5.434358035576468,-3.359779679110533
path,-5.43142931329812,-3.361250122543118
path,-5.428623447686612,-3.362561216272913
path,-5.4260909413785905,-3.3638262614538434
path,-5.42390312804224,-3.364957841718132
path,-5.421918223016667,-3.3661722887830994
path,-5.419804916241642,-3.367378690427079
path,-5.417811643353804,-3.368529043547062
path,-5.416177239358074,-3.3695900516987094
path,-5.414644160427567,-3.3706209959460605
path,-5.412887294186313,-3.371948390371036
path,-5.4109257051912225,-3.373129105315676
path,-5.409211192524329,-3.3742521169430844
path,-5.407595961707097,-3.3753386070111104
path,-5.406066398797271,-3.376326365289714
path,-5.40463736254355,-3.377212259591143
path,-5.403139668444386,-3.3781229410767186
path,-5.401662128892335,-3.378912759290621
path,-5.400341393532815,-3.3794809713341714
path,-5.39906095209461,-3.3799990961024595
path,-5.397849990517174,-3.3804305646593793
path,-5.396661643122435,-3.381043474913907
path,-5.395500901689762,-3.381517312040895
path,-5.394477169930484,-3.381869509134077
path,-5.393458512201387,-3.382201998691807
path,-5.39253025524926,-3.382536114189783
path,-5.391585316960794,-3.3829374099448577
path,-5.390709972449378,-3.3832461918362196
path,-5.389989047475533,-3.383468358775361
path,-5.389273534382919,-3.383826035020384
path,-5.388561286033992,-3.3841752471562776
path,-5.387642670024247,-3.3846552891663584
path,-5.386766276061345,-3.385057729884548
path,-5.385935205743517,-3.385443369150295
path,-5.385053182954578,-3.3859114576597378
path,-5.3825813650175,-3.387318722876912
path,-5.379444471883825,-3.388705366035436
path,-5.375548222370197,-3.390108932505782
path,-5.371116483386171,-3.391792914336762
path,-5.366304461135197,-3.393678941980143
path,-5.361438374661104,-3.39553058376532
path,-5.356632668444202,-3.39738630788468
path,-5.3517024678391625,-3.3991464270587253
path,-5.346681253880713,-3.40087597233973
path,-5.341620835147249,-3.402573347856558
path,-5.336558529481584,-3.4041624670608606
path,-5.33162425479214,-3.405790213742027
path,-5.326789590481346,-3.4073665673598184
path,-5.3220668254293875,-3.408908342515181
path,-5.317487163215262,-3.410409037256974
path,-5.31303758992071,-3.411817263567682
path,-5.308750952993079,-3.413179776327538
path,-5.304553365314257,-3.4144772415534277
path,-5.30038511994883,-3.415764463216745
path,-5.296224624321936,-3.4170792892307005
path,-5.2920769766715745,-3.4183595469076
path,-5.2879709576977625,-3.4196577109707738
path,-5.283888779258348,-3.420966202580274
path,-5.279830440386452,-3.4222908539929486
path,-5.275798580024399,-3.4236304510967783
path,-5.271832230929372,-3.4249475887048826
path,-5.267955579690302,-3.426258335157934
path,-5.264165264990004,-3.427593605094081
path,-5.260480564725394,-3.428931741014903
path,-5.256988123309084,-3.4302206562540136
path,-5.253680921449281,-3.431452523168979
path,-5.250525826184945,-3.432659223104203
path,-5.247550423201133,-3.4338584436631763
path,-5.244738480145518,-3.4350394209438795
path,-5.242061300442435,-3.4362090490484674
path,-5.239580933312398,-3.4373345317026085
path,-5.237239021491365,-3.438445505670034
path,-5.235023622852422,-3.439542549889051
path,-5.232898521515206,-3.4406344107423563
path,-5.230841798976011,-3.4417224313520522
path,-5.2288537443737555,-3.442790124027642
path,-5.226931021286356,-3.4438591877627758
path,-5.225054277545073,-3.444931284040446
path,-5.223224353000281,-3.446008708728338
path,-5.221431195530136,-3.4470882019598315
path,-5.21968525563644,-3.448140526718326
path,-5.2179599387986055,-3.4491876542094184
path,-5.216242673446852,-3.450231164207609
path,-5.21452616204679,-3.4512753755487875
path,-5.212807480996137,-3.4523182546812183
path,-5.21111727474748,-3.4533413864910245
path,-5.209429793652273,-3.4543624560103865
path,-5.207741154163558,-3.455382914861544
path,-5.20605156200547,-3.456402608891537
path,-5.204361183435541,-3.457421413515493
path,-5.202688924843006,-3.4584276944554433
path,-5.201017373199569,-3.4594324441073416
path,-5.19934535784297,-3.46043609358909
path,-5.1976729507046695,-3.4614385895549487
path,-5.196000209884138,-3.46243988860395
path,-5.193982349605617,-3.4635882750494327
path,-5.191864104267509,-3.4648344531647957
path,-5.18973805220269,-3.466099544096418
path,-5.187611319613131,-3.4673636790917097
path,-5.185484358133463,-3.4686256501824078
path,-5.183392137160308,-3.4698581747754176
path,-5.181311166997785,-3.4710881385132
path,-5.179230152703157,-3.4723159504683996
path,-5.1771494160697245,-3.4735412831855723
path,-5.17497473525582,-3.47471661823576
path,-5.172814801063462,-3.47586543782789
path,-5.170744873602274,-3.4770475771079696
path,-5.168715042639412,-3.4782442304995542
path,-5.166685510789856,-3.479439018239646
path,-5.164655910764382,-3.4806317826933264
path,-5.162657019550538,-3.4818030252182908
path,-5.1606643007644175,-3.4829701861019133
path,-5.158671459777092,-3.484135400879188
path,-5.1566776313909655,-3.4853003474673683
path,-5.154683027658187,-3.486463834468635
path,-5.1527290658866765,-3.487588850850437
path,-5.150797834589668,-3.4887115365344847
path,-5.14886593844374,-3.4898328329488355
path,-5.146933372804744,-3.4909527389352957
path,-5.145000133897541,-3.4920712534793235
path,-5.143104383539115,-3.4931566870787125
path,-5.1412255991276075,-3.494240053328407
path,-5.13934624134898,-3.49532208796008
path,-5.137466301241843,-3.4964027919372755
path,-5.135585770941157,-3.4974821661289965
path,-5.13373246632351,-3.498542581604914
path,-5.131884372286316,-3.499600241156678
path,-5.130035645307272,-3.500656631334956
path,-5.128186284901246,-3.501711751413194
path,-5.1263362939947745,-3.5027656029440677
path,-5.124039630687303,-3.5039951158191083
path,-5.1215301594933536,-3.5054121340209385
path,-5.119012850296399,-3.5068370616769173
path,-5.116494240776367,-3.5082600593665596
path,-5.113974479257261,-3.509680662704953
path,-5.1114914509328555,-3.511070044481934
path,-5.109024323434291,-3.5124549395447784
path,-5.106556150104925,-3.5138375362260716
path,-5.104086925956327,-3.5152178378610053
path,-5.101616647107649,-3.516595847504708
path,-5.09919155445063,-3.517917896582697
path,-5.096832502502932,-3.519229340788468
path,-5.094479372337163,-3.520534017771394
path,-5.092125328141122,-3.52183661514891
path,-5.089770363720796,-3.523137135820845
path,-5.087460475725004,-3.524386788983946
path,-5.085209853317873,-3.5256260572465536
path,-5.0829663352008705,-3.526857795998901
path,-5.080722037540008,-3.5280876449960656
path,-5.078476950638606,-3.5293156074225838
path,-5.0762702806505215,-3.5305130052165343
path,-5.0740886029454355,-3.5317017212076265
path,-5.071906317043858,-3.5328885813992756
path,-5.0697233156724595,-3.534073659158314
path,-5.067539588674924,-3.5352569575244197
path,-5.065397694783547,-3.5364050957313817
path,-5.063292693677229,-3.5375424406081537
path,-5.0611918815996475,-3.538674718919457
path,-5.059090396768874,-3.5398053561280607
path,-5.056988231159686,-3.5409343543343352
path,-5.054378662579895,-3.5422236479108746
path,-5.0514307300967705,-3.5437779898381963
path,-5.048458997583955,-3.545362754286282
path,-5.045483905919427,-3.5469422946122315
path,-5.042487073183249,-3.5485281927514354
path,-5.039527349484397,-3.5500924881412717
path,-5.036588342794978,-3.551647878179727
path,-5.033659906748602,-3.553191942566156
path,-5.030738745432614,-3.5547269247127358
path,-5.027816797186714,-3.5562583679609316
path,-5.024937211567078,-3.557754465995256
path,-5.022085899516472,-3.559247413182268
path,-5.019240424544754,-3.5607326765139637
path,-5.016399847596658,-3.5622108851599767
path,-5.013563664629865,-3.5636796862153783
path,-5.010734531284832,-3.56513418176019
path,-5.007876978922556,-3.566617604825077
path,-5.005001491517679,-3.568110087497045
path,-5.002125168447865,-3.569600229169755
path,-4.999248002423704,-3.5710880304092987
path,-4.996430387171724,-3.5725389405827537
path,-4.993619715830854,-3.573987305792029
path,-4.990808163827544,-3.5754334445566323
path,-4.987995732776092,-3.5768773565660865
path,-4.985182424296436,-3.5783190414759884
path,-4.982449302912753,-3.579705917658432
path,-4.9797301382210035,-3.58109375701482
path,-4.977010262356982,-3.582479511319941
path,-4.974289667052109,-3.583863180940131
path,-4.971568344968497,-3.585244766146581
path,-4.968341490631397,-3.586844274516426
path,-4.9645275854063495,-3.5887322241083743
path,-4.9606292488288535,-3.5906751461006277
path,-4.956672278495777,-3.592649932786486
path,-4.952656503078773,-3.594656899171146
path,-4.948195136958197,-3.5968781353013255
path,-4.943494066249966,-3.599190071239793
path,-4.938727492001668,-3.6015349948344118
path,-4.933894044840718,-3.6039140497511877
path,-4.9290156538745,-3.606313506068235
path,-4.924338553564963,-3.608507464746513
path,-4.919803081988678,-3.6107089335822726
path,-4.915287519403406,-3.612908588299749
path,-4.910769912870536,-3.6151025492620126
path,-4.906250263517595,-3.6172908149374274
path,-4.90190747597849,-3.6193328764206814
path,-4.897656074950082,-3.6213781631226003
path,-4.8934044227924645,-3.6234183843942374
path,-4.889150990918707,-3.625453559764178
path,-4.8848957804998925,-3.6274836890469926
path,-4.88083957478827,-3.629335643014327
path,-4.876916026530386,-3.631189844988283
path,-4.873001549690788,-3.633041513560211
path,-4.8690856213393,-3.6348889086772918
path,-4.865168239511708,-3.636732030959341
path,-4.86136332853212,-3.6385034334048454
path,-4.857581641005648,-3.6402730944219246
path,-4.853798633007645,-3.6420387825047817
path,-4.850014301269308,-3.64380049746449
path,-4.84622864321497,-3.645558238997437
path,-4.842607340576882,-3.64719533961078
path,-4.83905235966937,-3.64883765154383
path,-4.835496219406636,-3.6504764446539384
path,-4.831938915799118,-3.6521117196905855
path,-4.828380447792642,-3.653743477751079
path,-4.8249397928585696,-3.6553025297977038
path,-4.8215252345541675,-3.656860544698713
path,-4.818109619696619,-3.658415331697004
path,-4.814692947085024,-3.659966890801578
path,-4.81127521591334,-3.6615152219268454
path,-4.8079271425794365,-3.663022283222602
path,-4.804587312826755,-3.6645279833143496
path,-4.801246514319661,-3.666030602534329
path,-4.797904743496201,-3.667530140778796
path,-4.794561997395545,-3.669026597866745
path,-4.791337401527552,-3.6704481333818935
path,-4.788136810362828,-3.671874530883627
path,-4.784935362177835,-3.673298069193767
path,-4.781733051969333,-3.674718751587137
path,-4.778529875319941,-3.6761365809405695
path,-4.7754322703079515,-3.677494779692614
path,-4.772353842868026,-3.678849654931324
path,-4.769286279492949,-3.6802038636419168
path,-4.7662306706650925,-3.681555506852883
path,-4.763159552375021,-3.6828544572993156
path,-4.760195122865144,-3.6841614243486163
path,-4.757245139285139,-3.685492107303319
path,-4.754296427590459,-3.6868178359357073
path,-4.751354027252994,-3.688107377407605
path,-4.7484134837359875,-3.6893774873543697
path,-4.745502651872254,-3.6906484401440784
path,-4.742597840901399,-3.6919161125846114
path,-4.739694454187348,-3.6931760789550765
path,-4.736792797181535,-3.6944276402242253
path,-4.73389331408636,-3.6956698210736465
path,-4.730402923512161,-3.6969736610908845
path,-4.726344980633464,-3.698485617935401
path,-4.722181577487067,-3.700133661283066
path,-4.71798843274135,-3.701843082193639
path,-4.713790402620906,-3.7035553211436367
path,-4.70904302139622,-3.705332144891276
path,-4.7038424105822525,-3.70731241605435
path,-4.698586066952455,-3.7093722850679227
path,-4.693301003167562,-3.711486167499896
path,-4.68800576376972,-3.7136102355933818
path,-4.682790764854554,-3.7157109335988467
path,-4.677630553354378,-3.717795730856983
path,-4.672504412700521,-3.719843784696382
path,-4.667359132051419,-3.7218536957342923
path,-4.662205861212615,-3.7238521387411163
path,-4.65726134181711,-3.72575499044567
path,-4.6523664303243235,-3.727637329319185
path,-4.6475032913446315,-3.7295138302054416
path,-4.642673076737415,-3.73138441781223
path,-4.637876902732485,-3.733249023293827
path,-4.633319510900607,-3.7349557581828874
path,-4.62881657304192,-3.7366357864726836
path,-4.624383038848048,-3.7384345039107663
path,-4.62000776817031,-3.740210550079658
path,-4.615649284744101,-3.741970441894408
path,-4.611373824026079,-3.7436675899814107
path,-4.607182185881647,-3.7453427865396636
path,-4.603010747661498,-3.747007037155532
path,-4.598849719697899,-3.7486582793946672
path,-4.594697768118406,-3.750297272959132
path,-4.5904447339713625,-3.7519594813095956
path,-4.586189747314018,-3.7536164318932457
path,-4.581935364589086,-3.7552649085915637
path,-4.577681597961767,-3.7569048964770233
path,-4.573428417245276,-3.7585364031652264
path,-4.569216049797472,-3.7601209198686845
path,-4.565054522082599,-3.761715339289562
path,-4.560896366158633,-3.763303584965843
path,-4.556736157911253,-3.764885907772459
path,-4.552573901506354,-3.7664623045713825
path,-4.548485680535196,-3.7679910969027417
path,-4.544507458478893,-3.769478736864069
path,-4.5406285643120405,-3.7708765768127868
path,-4.536807568834363,-3.7722649414726974
path,-4.532985712240501,-3.7736484230551475
path,-4.529232635361704,-3.774928241392339
path,-4.525618550208527,-3.7762051463946786
path,-4.522108836417584,-3.7774636143856286
path,-4.5186460201064484,-3.7786994986943228
path,-4.515182304800225,-3.7799313318969587
path,-4.511788703553813,-3.78108646848935
path,-4.508520259211462,-3.7822384557755586
path,-4.505318516865854,-3.7833640208726664
path,-4.502123918684705,-3.784485040894451
path,-4.498928444410117,-3.7856026687745117
path,-4.4958022069300485,-3.7866718066522775
path,-4.492762021512691,-3.7877262012570854
path,-4.4897348203068566,-3.788774925529813
path,-4.48670683836179,-3.789820605521698
path,-4.483678068295929,-3.7908632406493754
path,-4.480231578662043,-3.7921590083427623
path,-4.4760035511429175,-3.7937760714643978
path,-4.470961726546385,-3.795513710956428
path,-4.465408890297759,-3.7973344754966916
path,-4.45971106475849,-3.7992106454455987
path,-4.453726051758492,-3.801066543547908
path,-4.447637155253944,-3.8030356388602264
path,-4.441479029393494,-3.8050887691054673
path,-4.4353128813944975,-3.8071440654301942
path,-4.4291444646584965,-3.8091937977714196
path,-4.42337420876088,-3.8109122924607512
path,-4.417993302196945,-3.812432847677266
path,-4.412742519877866,-3.8141192550886722
path,-4.407449040915257,-3.815856532494603
path,-4.402155106660631,-3.817587940443176
path,-4.397256437074439,-3.818981304150458
path,-4.392723054556352,-3.8202349537851936
path,-4.388272019421971,-3.8216504989523576
path,-4.383802569324392,-3.8230859716253938
path,-4.379334796144277,-3.8245149287087843
path,-4.375203554486335,-3.8256867745122394
path,-4.371305107013644,-3.826913733282704
path,-4.367430086759719,-3.8281596817277244
path,-4.363596226936874,-3.8293492853982456
path,-4.359859657958011,-3.830406952381073
path,-4.356251435626147,-3.8314308495648204
path,-4.352662685808597,-3.832478543367047
path,-4.34907080875692,-3.8335272829147966
path,-4.345478511125634,-3.834573483644003
path,-4.341885786143344,-3.835617142817107
path,-4.338142395804756,-3.836709717979517
path,-4.334385434872045,-3.8377953298878165
path,-4.330627984352369,-3.838878154444586
path,-4.326870041867048,-3.8399581887847516
path,-4.3231116057662575,-3.8410354300749074
path,-4.319444578071256,-3.84207909524369
path,-4.315786776724443,-3.8431214430771514
path,-4.312128588281626,-3.8441611582089683
path,-4.308470005460655,-3.8451982364697943
path,-4.304811022141332,-3.8462326738616297
path,-4.301333238423565,-3.8471969866537763
path,-4.297910786771038,-3.8481599353601097
path,-4.29448790829179,-3.8491205530770496
path,-4.291064606752863,-3.8500788379059006
path,-4.287640885949285,-3.851034787952029
path,-4.284393128912022,-3.851914962760455
path,-4.281204022093471,-3.852801236852569
path,-4.278014611799354,-3.853685447287648
path,-4.274824896383956,-3.8545675959084718
path,-4.271634874671217,-3.8554476842349055
path,-4.26859477402321,-3.856273636559087
path,-4.265587901921208,-3.8570993588659137
path,-4.262580746321661,-3.8579232511999377
path,-4.25957330829309,-3.8587453143421704
path,-4.256565589067128,-3.8595655488782623
path,-4.253028159638448,-3.8608966757659213
path,-4.248694015195705,-3.8626878728551266
path,-4.243617611771535,-3.8643811248721094
path,-4.2379444440322525,-3.865968387026865
path,-4.232168044623012,-3.867515823349398
path,-4.22602360810419,-3.8692392836194993
path,-4.219682224200678,-3.8709218788779167
path,-4.213339698365383,-3.8725963657942586
path,-4.206996056232175,-3.8742627322078445
path,-4.200651323560021,-3.875920966108625
path,-4.194541806022251,-3.877301711445015
path,-4.188767819017918,-3.878728354669162
path,-4.183117809649106,-3.8801839268271983
path,-4.1774668509790525,-3.881631622508999
path,-4.171814166098725,-3.8830694119221776
path,-4.166409031816394,-3.8841683005254843
path,-4.1613544039393435,-3.885247626793
path,-4.156629750789187,-3.8863506052122583
path,-4.152104346221207,-3.8874166645965476
path,-4.147844743786216,-3.8884699508893803
path,-4.143981775696269,-3.8892878840262672
path,-4.140410526285332,-3.89009228539707
path,-4.137106892976114,-3.890936371471907
path,-4.134060868084278,-3.8917863443663943
path,-4.13126399869752,-3.8926373045283342
path,-4.128131691689763,-3.8934066272632397
path,-4.1248085436087285,-3.894232881508198
path,-4.121398436030771,-3.8951574326054033
path,-4.117906129318888,-3.8961745239573196
path,-4.114347504936125,-3.897264946607453
path,-4.110932200607445,-3.898281061924712
path,-4.107636808189727,-3.8992516439055747
path,-4.104330976422777,-3.9002009733404455
path,-4.10101472271046,-3.9011289739380186
path,-4.097688030782647,-3.902035523618836
path,-4.094517593358987,-3.9028190617783047
path,-4.0914139629913375,-3.9035661576238034
path,-4.088295414961727,-3.9042866340725277
path,-4.085233180313414,-3.904966722485381
path,-4.082272636346882,-3.9057661445708374
path,-4.0794491051180675,-3.9065698707773975
path,-4.076716856175735,-3.9073759521310163
path,-4.073985154576639,-3.9081788729121287
path,-4.071254004855731,-3.908978633701922
path,-4.068523411192187,-3.909775235133361
path,-4.065917280926882,-3.9105205943350305
path,-4.0633456570237785,-3.911265342733646
path,-4.060774533538174,-3.912007288889206
path,-4.058203913398685,-3.91274643341069
path,-4.055633799318454,-3.9134827769377165
path,-4.052837066975192,-3.9142027871000398
path,-4.049965336970066,-3.9149909954676874
path,-4.047045754556986,-3.9158203775930636
path,-4.044113217597243,-3.9166303333939934
path,-4.041169182739795,-3.9174186056391282
path,-4.038360552448279,-3.9181068874293006
path,-4.035662037047876,-3.9187730158971394
path,-4.032956284451468,-3.9195118301231484
path,-4.0302465308825655,-3.920259999513538
path,-4.02753736324133,-3.9210050427760126
path,-4.02495458758688,-3.92170015834432
path,-4.022408991362134,-3.922394815402801
path,-4.019863915060835,-3.923086714061765
path,-4.017319358893773,-3.923775855815201
path,-4.014775324868207,-3.924462242096917
path,-4.012322957895315,-3.925116279259506
path,-4.009887078006196,-3.92576859600131
path,-4.007419760062418,-3.926422143205626
path,-4.004619578622447,-3.9270835687472743
path,-4.001536939156494,-3.9277606173623134
path,-3.9983868633436157,-3.9285239755308106
path,-3.995236883447174,-3.9292852641465426
path,-3.992089253822212,-3.9300405729830774
path,-3.988943977308948,-3.930790077774831
path,-3.985801065093832,-3.9315339338655884
path,-3.9827516126039115,-3.93221922255097
path,-3.9797726348997835,-3.932904105695267
path,-3.976807435700143,-3.933583617985835
path,-3.973854237753632,-3.934253209011814
path,-3.970871593218125,-3.9349385269123114
path,-3.96768399123824,-3.935505733071557
path,-3.9643344278244443,-3.936124833803917
path,-3.9608538117924055,-3.9368308155670713
path,-3.9572469506156387,-3.937617966341664
path,-3.953526134598058,-3.9384754516013434
path,-3.9497547095594414,-3.9393992068971704
path,-3.945928948582583,-3.9402710665113254
path,-3.9421250252143825,-3.9409431980389096
path,-3.9383109186556666,-3.941593973137382
path,-3.934471800771067,-3.9420780389881718
path,-3.930673866809777,-3.942354676019343
path,-3.926907060649807,-3.9424345421121982
path,-3.923216074394301,-3.9425224811919954
path,-3.9195696751928484,-3.94255215110936
path,-3.915952994562482,-3.942420525716357
path,-3.9123877647660583,-3.9421903858877587
path,-3.9088913856055045,-3.9418745353532967
path,-3.9054798578577654,-3.941520662721813
path,-3.902153214873899,-3.9411288738308023
path,-3.898911445448542,-3.940699160211507
path,-3.895776852346248,-3.9402758592525458
path,-3.892727231833609,-3.9398148164029676
path,-3.889758411666669,-3.9393166608064267
path,-3.8868621410498756,-3.938782662636451
path,-3.884038073731074,-3.938212830535009
path,-3.8812268069052234,-3.937533207595511
path,-3.8784483998494053,-3.9368197642713243
path,-3.875705035458512,-3.9360775155259202
path,-3.8729967925338364,-3.9353065546787116
path,-3.870323592990617,-3.9345069047573014
path,-3.8676991568914354,-3.9337072998932903
path,-3.8651092641177875,-3.9328791610835667
path,-3.862553936596297,-3.9320223633076115
path,-3.860033096658391,-3.931136805496878
path,-3.8575466568588874,-3.9302223764334236
path,-3.8551036565555616,-3.929297638318943
path,-3.8526949113643596,-3.928344080249425
path,-3.8503209759090526,-3.9273612506474196
path,-3.847982275965341,-3.926348740237533
path,-3.8456786655244852,-3.92530638026074
path,-3.8434044505483245,-3.924250760935878
path,-3.84112571370531,-3.92318763134774
path,-3.8388407098012296,-3.9221177138585768
path,-3.836549232117751,-3.9210408350962123
path,-3.8342510619589816,-3.919956811946266
path,-3.831956813625273,-3.918869316347865
path,-3.8296557794619956,-3.9177741207214742
path,-3.8271825870043954,-3.916817727715895
path,-3.824723381107761,-3.9160906047187964
path,-3.822302040801659,-3.9153473643154078
path,-3.8199200813772234,-3.914591252050382
path,-3.8175759649115126,-3.9138187428738505
path,-3.815269719126728,-3.913029808907899
path,-3.813001373141244,-3.9122244223351994
path,-3.8107709572261816,-3.9114025549064677
path,-3.8083265929736294,-3.9104560015987553
path,-3.8057878002273617,-3.90936825597927
path,-3.8032215962723854,-3.9082473764516124
path,-3.8006463620621567,-3.907118165413926
path,-3.798063134144973,-3.9059813198334568
path,-3.7955055978972503,-3.9048530344374583
path,-3.7929478120180136,-3.90371866885789
path,-3.790386869966378,-3.9025801034322374
path,-3.7878229442642715,-3.9014374512042513
path,-3.7852562038023114,-3.900290823949255
path,-3.7826956548864477,-3.899143519801732
path,-3.780132653009176,-3.8979924577924376
path,-3.777567329191938,-3.896837757575545
path,-3.7749998368415376,-3.895679524325036
path,-3.772430326957318,-3.894517862477367
path,-3.7698704474385307,-3.8933572422132494
path,-3.7673090658906814,-3.8921932956907725
path,-3.7647461137082847,-3.8910262407112675
path,-3.7621817293807083,-3.8898561762354347
path,-3.759548600291092,-3.888778395589784
path,-3.7568944499047188,-3.887578171257699
path,-3.7542257746571184,-3.886325994723193
path,-3.7513294505266597,-3.885145180973105
path,-3.7481749442673205,-3.88404933334673
path,-3.7449582121148057,-3.8829711430610394
path,-3.741757836691853,-3.8818919879385825
path,-3.7385577037153985,-3.880808959567453
path,-3.735357784277421,-3.8797220367496337
path,-3.732158065376936,-3.878631191784413
path,-3.728958534973963,-3.8775363951334314
path,-3.725743480553358,-3.876434732610504
path,-3.722528582917048,-3.8753290422223725
path,-3.7193138465464584,-3.8742192867360754
path,-3.7160992619745223,-3.873105431706603
path,-3.7128848200582363,-3.87198744103088
path,-3.7097343397018707,-3.8708787146826693
path,-3.7065868234382684,-3.8697648625044776
path,-3.703439403522231,-3.8686468156372666
path,-3.7002920704870506,-3.8675245229138087
path,-3.697144814913118,-3.8663979314479984
path,-3.69406763598305,-3.8652824415571754
path,-3.6909944909210095,-3.864161244445714
path,-3.687909038229778,-3.8630738312424944
path,-3.684851853118736,-3.862076595996903
path,-3.681794956775521,-3.8610772056219673
path,-3.6787721262918116,-3.8600867628665756
path,-3.6757496048002425,-3.859094213782334
path,-3.6727273607016144,-3.8580995717449365
path,-3.6697053924803527,-3.857102841586124
path,-3.666683698684236,-3.856104028112833
path,-3.6637264140878987,-3.855125906145466
path,-3.660771409465392,-3.854141955315973
path,-3.6578163535529913,-3.8531533232042166
path,-3.6548612969413785,-3.8521604453429563
path,-3.6519062644330456,-3.8511635289573602
path,-3.6487306030853417,-3.8498809777400855
path,-3.6452697757597243,-3.8485606055447175
path,-3.64154367987469,-3.847325475553209
path,-3.6376455991282204,-3.8461574516919628
path,-3.633619405065999,-3.845025951484702
path,-3.629714358529932,-3.8437661282307656
path,-3.62587394340393,-3.8424171751257203
path,-3.6220386062163588,-3.8410577299966064
path,-3.618204311804372,-3.839694298152898
path,-3.614370926389987,-3.8383269289708184
path,-3.6106588704750986,-3.836990180352481
path,-3.6069642104701,-3.8356441285980907
path,-3.6032701830666976,-3.834294662121363
path,-3.5995767300201704,-3.8329418018247114
path,-3.5958838022888218,-3.8315855472989355
path,-3.592321802417158,-3.830265266051087
path,-3.5887811850702365,-3.828934351956447
path,-3.5852409198847703,-3.8275998780690537
path,-3.5817009822881793,-3.8262618137306936
path,-3.5781613513769366,-3.824920126250343
path,-3.5747098777967494,-3.823597736666303
path,-3.571265482849125,-3.822269441625885
path,-3.5678213210537693,-3.820937496317025
path,-3.5643773791587288,-3.819601849625123
path,-3.560934992391584,-3.81827514932207
path,-3.5575618067746118,-3.817032374603014
path,-3.5541910619543615,-3.815786184440591
path,-3.5508206240137516,-3.814537565462031
path,-3.5474504853593123,-3.8132864787898897
path,-3.5440806433374044,-3.812032931214296
path,-3.5410207003791156,-3.811117729350595
path,-3.538263216212812,-3.8102067790986993
path,-3.5356446022311965,-3.8092449412082896
path,-3.53302592611257,-3.808278983125664
path,-3.530407164786106,-3.807308924798765
path,-3.527831439755349,-3.8063450803890095
path,-3.5252564857935056,-3.8053771280804622
path,-3.5226814899623653,-3.8044056172953944
path,-3.5201064902468455,-3.8034309396522263
path,-3.5175315235729054,-3.802453479212758
path,-3.5149952822494326,-3.801482315378803
path,-3.512459528933308,-3.8005082820693388
path,-3.509923805731547,-3.79953153494527
path,-3.5073886345482435,-3.7985575442602175
path,-3.504854649311883,-3.797593022486606
path,-3.5023576046205105,-3.796641255513313
path,-3.4998608161272284,-3.79568814138031
path,-3.4973641797140163,-3.794733719190416
path,-3.494867694995599,-3.793777991253061
path,-3.49237136158803,-3.7928209598692257
path,-3.4898923754818143,-3.791869243257653
path,-3.4874135530815424,-3.79091624161038
path,-3.4849348787729255,-3.7899619611645154
path,-3.4824677807462403,-3.7890437776592054
path,-3.4799601361277976,-3.7882649976158604
path,-3.4774121788074144,-3.7876394392441375
path,-3.474828777842945,-3.7870957902743614
path,-3.4722388165616986,-3.7865880064708066
path,-3.4696422382993135,-3.7861162172462492
path,-3.4670389749032426,-3.785680574049176
path,-3.4641858552709826,-3.785170263071182
path,-3.460921656440646,-3.784558462243186
path,-3.457618953517684,-3.783810315827708
path,-3.4543302899098545,-3.7830345477371767
path,-3.4510391773032323,-3.7822655489276023
path,-3.4478424744411114,-3.7815106338654765
path,-3.4447326008238,-3.7807534268254543
path,-3.4416401641547383,-3.7800253201295373
path,-3.438551447118541,-3.779273024732662
path,-3.4354628596823193,-3.7785249573633246
path,-3.432455010845158,-3.777791400071471
path,-3.4294520857386024,-3.7770608035631543
path,-3.4264505575498143,-3.776319064436208
path,-3.423448794441684,-3.7755816146666663
path,-3.4204477361467034,-3.7748404090269867
path,-3.417530736633467,-3.774118673694467
path,-3.414623430439326,-3.773399597859562
path,-3.411717216280609,-3.7726712587793876
path,-3.4088108487029576,-3.7719447706142475
path,-3.405904904633634,-3.7712176932613386
path,-3.4030887928046947,-3.7705105607617546
path,-3.4002829059623583,-3.769804834456999
path,-3.3974778111699417,-3.7690954229108398
path,-3.394673096870231,-3.7683800262244054
path,-3.391868208734403,-3.767669715345402
path,-3.389133615758426,-3.766970933076856
path,-3.386402802679208,-3.76627594543045
path,-3.383673257801692,-3.7655697244012063
path,-3.38094316768441,-3.7648708980120222
path,-3.378214015231531,-3.7641634600829534
path,-3.375160635710738,-3.763294781927812
path,-3.3718178628059015,-3.7622738923021792
path,-3.368266052284241,-3.761312957468445
path,-3.3646574116201267,-3.7603692423939843
path,-3.3610489315859122,-3.75942072351649
path,-3.35759520466788,-3.7585168484976887
path,-3.35416314138238,-3.7576159283584243
path,-3.3507324111932326,-3.7567066784920464
path,-3.3473025474231894,-3.7557937661906013
path,-3.3438731186777924,-3.754873940401896
path,-3.3405000704674905,-3.7539739162338015
path,-3.3371303647652097,-3.753063298181425
path,-3.3337600545291184,-3.752157850907228
path,-3.330391043362608,-3.751243067164677
path,-3.3270217971441385,-3.7503295443239937
path,-3.3237939313927276,-3.7494578144720374
path,-3.3205842589906327,-3.74858492679051
path,-3.317374258782609,-3.747710737764667
path,-3.314166107582142,-3.746828603563414
path,-3.3109579677745327,-3.745944395023172
path,-3.3078570896582455,-3.74509388378169
path,-3.304764931440014,-3.7442380996391025
path,-3.301673158964515,-3.743384331994899
path,-3.2985829230365025,-3.742521130562818
path,-3.295492349466309,-3.7416596662486263
path,-3.2924804090758193,-3.740816957145455
path,-3.2894723766981304,-3.739977973830839
path,-3.286465953604885,-3.7391264169355494
path,-3.28345866848324,-3.73828272725545
path,-3.2804526057866545,-3.7374300707925854
path,-3.277768932329683,-3.736740414372619
path,-3.2753010394305173,-3.7360621374888967
path,-3.272826033953496,-3.7353907525378673
path,-3.270360920797502,-3.734684181985778
path,-3.267895094918705,-3.73398272412026
path,-3.265492658459046,-3.7332952216525896
path,-3.263091590882216,-3.732614023622325
path,-3.2606928878863455,-3.731918901923571
path,-3.2582931960450394,-3.731232685189841
path,-3.255894825864807,-3.730535771006972
path,-3.253538773412538,-3.729859717952254
path,-3.2511841943337014,-3.7291737929525577
path,-3.2488288562438896,-3.72849331038228
path,-3.246474362506627,-3.727808021378043
path,-3.244119682466694,-3.7271218462279516
path,-3.2417946983150734,-3.7264492110624845
path,-3.2394713886850863,-3.7257662186483054
path,-3.237147475713286,-3.725090227900968
path,-3.234824967661272,-3.72440333621913
path,-3.232501389647546,-3.7237249874705065
path,-3.2302147892399145,-3.7230483416345175
path,-3.227928099243576,-3.7223748375623846
path,-3.2256417504134607,-3.721700539962921
path,-3.223355592716888,-3.7210211558513957
path,-3.22106899582089,-3.7203472120490493
path,-3.2184693982409445,-3.7194581842809806
path,-3.21556044195117,-3.7184579390485015
path,-3.2124839224977992,-3.717515016671666
path,-3.2093714349851377,-3.7165849499741643
path,-3.2062600815007256,-3.7156473947637805
path,-3.2032191653860114,-3.714733793682763
path,-3.2001807996576184,-3.7138158240352235
path,-3.197142201193594,-3.7128964596408967
path,-3.194104214294882,-3.7119766533537177
path,-3.191066436304546,-3.7110511272983113
path,-3.188117942872705,-3.710158076623858
path,-3.1851760457190874,-3.709256312551892
path,-3.1822331622438456,-3.708361428304831
path,-3.1792921331903017,-3.7074546975572487
path,-3.1763499002509814,-3.706552884852502
path,-3.1734563424142115,-3.705657487931404
path,-3.170562903296828,-3.704760514374954
path,-3.1676697058308814,-3.7038621073012967
path,-3.1647768667131793,-3.702961755054481
path,-3.1618842639267783,-3.7020591542612684
path,-3.1590748062182534,-3.701183392043865
path,-3.156268927240512,-3.700304214440986
path,-3.153463096198244,-3.699423392418895
path,-3.1506574883147462,-3.6985412590732953
path,-3.147852133456069,-3.697657439508273
path,-3.1451093106698385,-3.6967927168390298
path,-3.142369317584363,-3.695926423548321
path,-3.1396296511526702,-3.695058393726977
path,-3.1368901917611205,-3.694188324015144
path,-3.1341509408043637,-3.6933170356128695
path,-3.131565575433098,-3.6925058780085944
path,-3.1289995922222182,-3.691700148235524
path,-3.1264375456110414,-3.6908806448664175
path,-3.1238756740041547,-3.690059338368932
path,-3.1213139755751116,-3.689237048187174
path,-3.118812125043555,-3.68840757958733
path,-3.1162744819259496,-3.68751944409284
path,-3.1137617323219904,-3.6866183440206908
path,-3.1112802712966143,-3.6857058558548714
path,-3.1088311867938048,-3.6847818051616597
path,-3.1064170018317836,-3.6838573919357267
path,-3.1040347805792488,-3.6829228980331967
path,-3.1016831574895014,-3.6819789122862137
path,-3.099357605634154,-3.6810247706628676
path,-3.0970605010575243,-3.680060322243986
path,-3.094794843119489,-3.6790998493877822
path,-3.092557873889559,-3.6781308987771615
path,-3.090349206893446,-3.6771517015291724
path,-3.0881688102881064,-3.676162298841222
path,-3.0860166501919557,-3.6751627299257716
path,-3.083895374429583,-3.6741655166664384
path,-3.081802465094709,-3.673159250242825
path,-3.07973768221348,-3.672142956154967
path,-3.0777009813201617,-3.67111666278768
path,-3.0756923159968577,-3.6700803965885225
path,-3.0737171126843363,-3.6690411543176786
path,-3.071823782310233,-3.6680061768093553
path,-3.0700288422766966,-3.666979715133614
path,-3.068320196842033,-3.6659672979529465
path,-3.0666711822913215,-3.664982495624194
path,-3.0647725380838744,-3.6639210270707547
path,-3.0627351862361163,-3.663074402107329
path,-3.0605574659430075,-3.6623799933317343
path,-3.058334782708965,-3.6615790552206513
path,-3.0560366102915304,-3.6607261526913226
path,-3.0536720915604936,-3.6597788458315215
path,-3.05124672168842,-3.658738894354989
path,-3.0487476468152543,-3.657619888406004
path,-3.0461839460279365,-3.6564109788209973
path,-3.0435499183474852,-3.6551221992130354
path,-3.0408921591878078,-3.653820722087331
path,-3.0382022837878093,-3.652518279067197
path,-3.035479337362799,-3.651217143390943
path,-3.0327334393679326,-3.6499070558937494
path,-3.029915736656607,-3.6485428697376068
path,-3.027054611247928,-3.6471624733182813
path,-3.024170191021679,-3.645799309178459
path,-3.0212492386083154,-3.6444264116107035
path,-3.018303291237329,-3.643069678239801
path,-3.015327654680454,-3.641706205152585
path,-3.012319514577692,-3.6403678615109003
path,-3.009299960581405,-3.63904163746696
path,-3.006239086983248,-3.637714791305878
path,-3.003143020513538,-3.6363915088649805
path,-3.000007690048705,-3.635070163827088
path,-2.9971356397651965,-3.6339559067246667
path,-2.9944039590281264,-3.632879128421042
path,-2.991628170818242,-3.6318544181529284
path,-2.9888432639841436,-3.6307836860757243
path,-2.9860505839486766,-3.62971093550689
path,-2.9832779916536234,-3.6286475341220306
path,-2.9805155858423173,-3.627587508809869
path,-2.9777593089363665,-3.6265222151246452
path,-2.9750045247782646,-3.625456760499741
path,-2.972244999090111,-3.6243912992327485
path,-2.9695147632172083,-3.623345459382023
path,-2.966799101110592,-3.6222945066227332
path,-2.9640905102741435,-3.6212432246092883
path,-2.9613862198078835,-3.6201916292170333
path,-2.958680631108669,-3.6191345601391873
path,-2.956011798263167,-3.6180953098764075
path,-2.953359657227494,-3.617058081253332
path,-2.9507118104445187,-3.616017780472003
path,-2.948064607806833,-3.6149798995463995
path,-2.9454124908273935,-3.6139421848183844
path,-2.9427846936332314,-3.6129235273738822
path,-2.9401667938436367,-3.6119046348709474
path,-2.9375603430124957,-3.6108809214164306
path,-2.934953569024803,-3.6098539744890354
path,-2.932346696745681,-3.608826618247598
path,-2.9296599274056896,-3.607753258527697
path,-2.926842169033186,-3.6066013627923983
path,-2.923942708988428,-3.6053571978673435
path,-2.9209659628326574,-3.604039941991498
path,-2.9179059134906975,-3.6026530099392255
path,-2.914775918159813,-3.6011975610881652
path,-2.91156581209486,-3.5996870476354488
path,-2.908308985294495,-3.5981333058097738
path,-2.9050413195929816,-3.5965745935138793
path,-2.901785852347018,-3.5950508585934693
path,-2.8984857633857537,-3.5935668001460095
path,-2.8951242401148756,-3.5921091950237103
path,-2.8916890053070365,-3.590664193940022
path,-2.8881816412417356,-3.5892326827053562
path,-2.884614360923114,-3.587805468367613
path,-2.8810580947777273,-3.5864024814473447
path,-2.877497006078095,-3.58500906566118
path,-2.873925236453344,-3.5836177716298647
path,-2.870362408172789,-3.5822231773946154
path,-2.866800523898831,-3.580817611877925
path,-2.863322170765879,-3.579447342237608
path,-2.859880174233945,-3.5780817438159582
path,-2.856474850219635,-3.57673046803853
path,-2.8530794134843065,-3.575392656958221
path,-2.8497040341164324,-3.574056121685729
path,-2.846367450936863,-3.5727393333338404
path,-2.8430545954609974,-3.5714287226473767
path,-2.8397613936075965,-3.5701260479491954
path,-2.8364836355426983,-3.5688245781706396
path,-2.8332108553633795,-3.56752043445134
path,-2.830200571328207,-3.566355552863415
path,-2.82733909514969,-3.565240587484682
path,-2.8245060841684633,-3.564125821337422
path,-2.8216959202462037,-3.5630108090358745
path,-2.8189015609529617,-3.5618987882599717
path,-2.8161334244385907,-3.5607918713577673
path,-2.8133853330996867,-3.559695761148023
path,-2.810650941261116,-3.5586043676418537
path,-2.807924336471475,-3.557510252320345
path,-2.8051991919361488,-3.5564161938500183
path,-2.8024955878293842,-3.555332433303087
path,-2.799812167412522,-3.5542605843104225
path,-2.7971398867333215,-3.553190625193749
path,-2.7944806626548724,-3.5521292694343445
path,-2.791863114941364,-3.5510502878669072
path,-2.7895264377333366,-3.5499939141159276
path,-2.787305756431245,-3.5489784067284944
path,-2.78508512910156,-3.547939777391559
path,-2.782866591608322,-3.5468972786126187
path,-2.7806541626401193,-3.5458526470273948
path,-2.778473291000303,-3.544826068007441
path,-2.7763026604203844,-3.5438000703461277
path,-2.7741360980020864,-3.542770138152735
path,-2.77197449839616,-3.541734880253484
path,-2.769819613031016,-3.540697196251108
path,-2.767826176772194,-3.539742879260343
path,-2.765860190993269,-3.538823865387184
path,-2.763896701247292,-3.5379058288107137
path,-2.761932936628876,-3.536984935664477
path,-2.759970372492109,-3.5360631998477445
path,-2.75802125072419,-3.5351564024435924
path,-2.756071799377829,-3.5342497750321065
path,-2.754122966184006,-3.5333424574966323
path,-2.7521713418837352,-3.532437363807872
path,-2.750214303253865,-3.531532332009826
path,-2.748269316456001,-3.5306431714834523
path,-2.746320577886736,-3.529755886438208
path,-2.7443688981080308,-3.5288709913208094
path,-2.742413208067972,-3.5279861711542146
path,-2.740453875157872,-3.527104659264119
path,-2.7385152061825946,-3.5262258313466686
path,-2.736576155483699,-3.525355160333824
path,-2.734632254194103,-3.52448148818841
path,-2.7326879163758795,-3.5236064432956993
path,-2.7307466452972147,-3.522735656673267
path,-2.72881991650467,-3.521873002841623
path,-2.7268938943376027,-3.5210090792808133
path,-2.7249711762939746,-3.5201466409085165
path,-2.723047341854702,-3.5192830021898
path,-2.7211278831691805,-3.518422165973906
path,-2.718941459846878,-3.5174248741908682
path,-2.7166920271417148,-3.5162546428776302
path,-2.7143999008231496,-3.51509539905928
path,-2.7120815015543878,-3.513954578610241
path,-2.7097479336184565,-3.5128188069285757
path,-2.707435804690934,-3.511713468749673
path,-2.705098599734323,-3.510538970711238
path,-2.702770776964433,-3.5094358062061857
path,-2.700433130980196,-3.5084316192325633
path,-2.698018386208822,-3.5074672862790646
path,-2.695607719839876,-3.5065356477076617
path,-2.6931914904513867,-3.5055874791667616
path,-2.69078817224153,-3.5045634365885703
path,-2.6884015562538037,-3.5034302015794294
path,-2.686043308130418,-3.5021796389246047
path,-2.683748441152222,-3.5008948808208653
path,-2.6814618388342746,-3.4995837305075184
path,-2.679179431938373,-3.498258599275754
path,-2.6769015256245923,-3.4969189485209893
path,-2.674627463349676,-3.4955687227083714
path,-2.672393682934528,-3.494207185663446
path,-2.670164329000455,-3.4928308096559184
path,-2.667940998863698,-3.491435102027037
path,-2.6657221704590333,-3.4900250463858264
path,-2.663508404447116,-3.488598358763303
path,-2.661132642327196,-3.487117773434129
path,-2.658785333298323,-3.485539475784648
path,-2.656440345324329,-3.483945821684814
path,-2.6541035948098965,-3.4823229437691783
path,-2.6517757840653404,-3.480667909430769
path,-2.649479066812104,-3.478974100545432
path,-2.6471920704298877,-3.477243714925192
path,-2.6449162056228537,-3.47547233724462
path,-2.64265040503879,-3.4736642220432437
path,-2.640393708864011,-3.471823356709583
path,-2.638156300864637,-3.4699539046214243
path,-2.6359209594861217,-3.46808023561651
path,-2.6336866322567998,-3.466207066446966
path,-2.631452620081007,-3.464337041029113
path,-2.629220087617152,-3.462465924582189
path,-2.626986407408113,-3.460593229765762
path,-2.6247526471763036,-3.4587234488881045
path,-2.6225207283234795,-3.4568519338679837
path,-2.6202900758589815,-3.4549808521849363
path,-2.6180594432185313,-3.453112483325322
path,-2.6158229763377197,-3.4512378602609615
path,-2.613587850007081,-3.4493633077488908
path,-2.6113528677677533,-3.447491215021416
path,-2.609121728920958,-3.4456183515671577
path,-2.606906203528701,-3.4437892359506246
path,-2.6042675195530562,-3.441931348247404
path,-2.6015178419597147,-3.4399963579697888
path,-2.5989115142528516,-3.4380539579346925
path,-2.5963228764279407,-3.436129218877005
path,-2.593645145604608,-3.4341043969074048
path,-2.590906514538598,-3.4319330718289205
path,-2.588125810364697,-3.4296884120777893
path,-2.5852118235417967,-3.4273171648912655
path,-2.5821461751294756,-3.424823562614109
path,-2.5789647875427257,-3.4222040593619174
path,-2.5757103450772023,-3.419496679202033
path,-2.5724353711143793,-3.4167772899308515
path,-2.569141962575812,-3.414048605239638
path,-2.565831244838044,-3.4113111811835792
path,-2.5625175399740376,-3.408584425553058
path,-2.5593804871033012,-3.406177106516315
path,-2.5563585211362767,-3.4039045830810424
path,-2.553372083921887,-3.401570984443477
path,-2.550393501135461,-3.3991844018025414
path,-2.547397549832452,-3.3967657425879936
path,-2.544386961603088,-3.3943257100826503
path,-2.5412526435954206,-3.3917457662294446
path,-2.5380454382798563,-3.3890119432319215
path,-2.534846785350863,-3.3862836156914766
path,-2.5316589922987682,-3.383565416761976
path,-2.5284807945384924,-3.380856333509756
path,-2.5253135205097963,-3.3781576171221306
path,-2.5221570134750944,-3.3754692401710265
path,-2.5190112549290893,-3.3727912909236517
path,-2.51587623405442,-3.370123856444826
path,-2.5128133967948734,-3.3675227953064875
path,-2.5097628667771,-3.364932121764836
path,-2.5067231287731673,-3.3623523636721995
path,-2.503694245010867,-3.359783694221476
path,-2.5006761037399037,-3.357226152363688
path,-2.497651711527568,-3.354665065467833
path,-2.4946337121453963,-3.3521119108076163
path,-2.491619723990559,-3.3495649584466936
path,-2.488609924396523,-3.3470245588441196
path,-2.485604516482952,-3.3444910858077908
path,-2.482579870330338,-3.34195053065406
path,-2.479515926167595,-3.3395214039271535
path,-2.4765581295686467,-3.337416125101009
path,-2.4737356983525056,-3.335321496187047
path,-2.4710207206648684,-3.3332084036704934
path,-2.468402639673334,-3.3310593713847916
path,-2.4658637231750467,-3.328908243159707
path,-2.4633667969351483,-3.326785363761065
path,-2.460910531436965,-3.3246896062813955
path,-2.458493723493939,-3.3226194102706423
path,-2.456118036538154,-3.320575721141063
path,-2.4537805637260464,-3.3185555691113913
path,-2.451480695592798,-3.316558036927773
path,-2.449217926940984,-3.314582357851709
path,-2.4469960418487418,-3.31262792330745
path,-2.4450490916143415,-3.3110950592168713
path,-2.4435285416757813,-3.309823880341363
path,-2.4421168361198946,-3.308547576493055
path,-2.4407695214346026,-3.3072964279645993
path,-2.439481359924448,-3.3060719681517985
path,-2.4382408201958086,-3.3048673245804454
path,-2.4370276441856866,-3.303669340458525
path,-2.4357641345642858,-3.302473017254252
path,-2.4344468411108657,-3.3013043989493234
path,-2.433075191671519,-3.300165936927491
path,-2.4314393645445356,-3.299485060809832
path,-2.4292366868362407,-3.2993095862445285
path,-2.4268679704343765,-3.2988888283866715
path,-2.424315098768554,-3.2983462059991067
path,-2.4215749880250708,-3.2977669761743784
path,-2.4186528005696055,-3.2971480683788013
path,-2.415581750684812,-3.2964850269705672
path,-2.412491729368707,-3.295799005071379
path,-2.4094982599009844,-3.2951573687116156
path,-2.406506023005481,-3.2946625659211657
path,-2.403581838164884,-3.2942289459759686
path,-2.4006570431453853,-3.293824133504057
path,-2.3977310000320053,-3.293426152006495
path,-2.3948018451538373,-3.2930369211455024
path,-2.391871972209024,-3.292645514160181
path,-2.388815505270458,-3.2922347295585026
path,-2.385674651494836,-3.2918400371196803
path,-2.3824482716708744,-3.291464125918328
path,-2.3791406307872878,-3.291103861811784
path,-2.3758072508670662,-3.2907470136659307
path,-2.372633624045513,-3.290359383848251
path,-2.3694693708923245,-3.289966781003645
path,-2.3663017230009586,-3.289578912100292
path,-2.3631325664747886,-3.2891833593057775
path,-2.359960169416986,-3.2887938434223942
path,-2.3569265309406595,-3.2883754937557916
path,-2.353899126057708,-3.2879572379467117
path,-2.3508699895746927,-3.2875595634642267
path,-2.34784120008462,-3.287154358479576
path,-2.344808941365717,-3.286745470124475
path,-2.341897697785216,-3.286353799022266
path,-2.338992875447952,-3.2859599015792393
path,-2.336086366523966,-3.2855841488354405
path,-2.333178067272564,-3.285203306760096
path,-2.330267282917537,-3.2848293759896237
path,-2.327461251688413,-3.284452267411139
path,-2.32465934818729,-3.284079731214901
path,-2.321855977502753,-3.283723265576262
path,-2.3190523474260236,-3.2833590708128297
path,-2.3162445223951376,-3.28299079227282
path,-2.313495546836088,-3.2826278437710807
path,-2.310745913936025,-3.282275164689191
path,-2.307994203967295,-3.2819263721501364
path,-2.3052405477292015,-3.2815759097830584
path,-2.3024846945672404,-3.281233045281843
path,-2.299511457432428,-3.2808092084156653
path,-2.2964282157615568,-3.2803749006606804
path,-2.2932543313565654,-3.2799487514996466
path,-2.289998390451316,-3.279517452191367
path,-2.2866584666157403,-3.27909165080618
path,-2.2832770308497845,-3.2786632943524108
path,-2.2798103007636885,-3.278241321699184
path,-2.276256099675203,-3.27783251857338
path,-2.272644486947899,-3.2774327176430393
path,-2.26902914617141,-3.2770392099323287
path,-2.265559312764046,-3.276639090956596
path,-2.2621065033247163,-3.276238609779659
path,-2.258650382733018,-3.275848634501869
path,-2.2551895877991566,-3.275456170805414
path,-2.251725537998263,-3.275071767135207
path,-2.248416890454028,-3.274677881397662
path,-2.2451295644003104,-3.274285142667422
path,-2.24184005163877,-3.273907653112794
path,-2.2385461503857806,-3.273529482342795
path,-2.2352513341616813,-3.273159129923018
path,-2.2321033898801432,-3.27277709951601
path,-2.228968196485357,-3.272409526517615
path,-2.2258322944483266,-3.2720592100874244
path,-2.222692730055502,-3.2717185638666737
path,-2.219549655235405,-3.2713794884743055
path,-2.2161397899487634,-3.2709694418531208
path,-2.2126172495972884,-3.2705587435605508
path,-2.2090241602864165,-3.270168161400276
path,-2.205361898864219,-3.2697984376748574
path,-2.201927820419281,-3.269333975535045
path,-2.198728667221079,-3.2686638088391637
path,-2.195570164660891,-3.2679345039068743
path,-2.1924562501483593,-3.2671665716533314
path,-2.1893925598097823,-3.2663508631032916
path,-2.186383342395822,-3.2654881779220477
path,-2.1835086122234326,-3.264625745990984
path,-2.180691856772976,-3.26381008123298
path,-2.1779321643629683,-3.2629919111642915
path,-2.1752253372961774,-3.2621673919693692
path,-2.172576503122193,-3.2613400867833113
path,-2.170035190729054,-3.260524773089248
path,-2.1675548492048327,-3.2597264896576883
path,-2.165130141674015,-3.2589325072359823
path,-2.1627510309710267,-3.258124574093758
path,-2.160386493568304,-3.2573129608524254
path,-2.1580868093145074,-3.2565363963959237
path,-2.1558097209253857,-3.2557540663406566
path,-2.1535493865330912,-3.2549690405819147
path,-2.1513041806918896,-3.2541889734222775
path,-2.149081217244653,-3.2534001276588596
path,-2.146812174107566,-3.252580016267464
path,-2.14456325112949,-3.2517283783566793
path,-2.142333478889088,-3.2508694660545308
path,-2.1401294521280256,-3.249999103405617
path,-2.1379486701452093,-3.249124538495842
path,-2.1358192356577685,-3.248269385500785
path,-2.13371739359089,-3.247415844814983
path,-2.1316412731396066,-3.246557056459543
path,-2.1295900507575674,-3.245693711106741
path,-2.127565493021117,-3.244832076620933
path,-2.1255898906314696,-3.2439650157631723
path,-2.123645312973451,-3.2431033680139447
path,-2.1217302369266,-3.2422402525870164
path,-2.1198450564284044,-3.2413694003105946
path,-2.117988084136515,-3.240501709390793
path,-2.116182306798265,-3.2396256986503738
path,-2.114409111724006,-3.2387544165570246
path,-2.1126685657728714,-3.237876632758612
path,-2.110959015809693,-3.2370016494742666
path,-2.1092875313218147,-3.236115420759984
path,-2.1076628500210237,-3.2352276106578435
path,-2.1060701838299245,-3.2343430349345397
path,-2.1045161892696043,-3.233451020938037
path,-2.103000090163207,-3.232550679887139
path,-2.101521349727207,-3.2316369975006993
path,-2.100082032690305,-3.2307235495146913
path,-2.0986522211923604,-3.229815491755094
path,-2.097223245454569,-3.228907002922606
path,-2.0957948936782747,-3.227994076868028
path,-2.0943665402285365,-3.2270787879503366
path,-2.092939098199325,-3.226161886561823
path,-2.091511095717562,-3.225238893978076
path,-2.0900874095372277,-3.224310808600346
path,-2.0886589836256055,-3.2233875085266814
path,-2.0872300011315215,-3.2224608321848893
path,-2.0857975926229155,-3.2215296268269746
path,-2.084363981472094,-3.2205926407442114
path,-2.0829312309141663,-3.219652150549205
path,-2.081499253255481,-3.2187071794989714
path,-2.080067765639571,-3.217764564172997
path,-2.0786269366988135,-3.216816617425303
path,-2.077187040560364,-3.215863462940164
path,-2.0757480474134056,-3.2149066164052846
path,-2.0743100299565547,-3.213945586161792
path,-2.0728695468038763,-3.2129860103047827
path,-2.0714248325771476,-3.2120219828601737
path,-2.0699789377658386,-3.211048810637313
path,-2.068532599915503,-3.210073525919337
path,-2.0670856161293214,-3.2091009161268373
path,-2.06563835215043,-3.2081237701165515
path,-2.064270449788773,-3.2071324087577007
path,-2.0628961671035304,-3.206116804548027
path,-2.0615071942720227,-3.205079940456569
path,-2.0601099766936732,-3.20401923597169
path,-2.058701749433866,-3.202937025001385
path,-2.0572765842486964,-3.2018400943452416
path,-2.0558437198872648,-3.2007216692936273
path,-2.0544024572525035,-3.1995807228426716
path,-2.052950593229801,-3.198417530800788
path,-2.051491680542665,-3.1972352377733566
path,-2.050020101029788,-3.196032271401956
path,-2.048540207082899,-3.194808914331252
path,-2.047051287869941,-3.1935658566930405
path,-2.0455533782152187,-3.1923028596374476
path,-2.044046343948522,-3.191021009500626
path,-2.042523830608586,-3.1897231966576767
path,-2.040991704065285,-3.188408540886011
path,-2.0394523786787406,-3.1870760423464706
path,-2.0379060055348392,-3.185723001764709
path,-2.036351938696781,-3.1843504302101655
path,-2.034785704978526,-3.1829591828381134
path,-2.0332108436729803,-3.1815491812298036
path,-2.0316279741630634,-3.1801207942205285
path,-2.0300332350243777,-3.178676269985921
path,-2.0284345503886776,-3.177210270931793
path,-2.0266301679820002,-3.1757373564769176
path,-2.024807830386227,-3.174249307239969
path,-2.022977104432037,-3.1727432425624236
path,-2.021139720801595,-3.1712197275072165
path,-2.0192952909497612,-3.169679371657093
path,-2.017439574570126,-3.1681223520639876
path,-2.015577646248497,-3.1665487105690984
path,-2.013705357062008,-3.1649623305639376
path,-2.011825007023627,-3.1633626644804016
path,-2.0099398092305165,-3.1617479984131047
path,-2.008048685580847,-3.160116255880934
path,-2.0061523794183906,-3.1584683925180266
path,-2.004249473642984,-3.1568053559212306
path,-2.0023409371579977,-3.1551273604523162
path,-2.0004233498971655,-3.1534360347274233
path,-1.9985004479341022,-3.1517277961452486
path,-1.996570705350402,-3.150005620587003
path,-1.9946354555677894,-3.148268780214935
path,-1.992688925784741,-3.146525122895371
path,-1.9907392810741797,-3.1447663177835166
path,-1.9887822089923064,-3.1429924052670883
path,-1.9868202767614376,-3.1412040436358075
path,-1.9848522489497968,-3.1394019807880036
path,-1.9828765487336983,-3.1375860509531193
path,-1.9808743006539649,-3.1357807841152523
path,-1.9788895965000197,-3.133932301296204
path,-1.9768767523414539,-3.1320635596157724
path,-1.9748806975493298,-3.1301651938919153
path,-1.972817709316506,-3.12833861744059
path,-1.9708079658440565,-3.126413698815942
path,-1.969027972901452,-3.1246326052127547
path,-1.967409246216512,-3.122883535235561
path,-1.9658026396513966,-3.121148661737402
path,-1.9641891119032682,-3.119402556424202
path,-1.962570228596414,-3.1176420470626773
path,-1.9609393647263358,-3.115873415421757
path,-1.959284204244047,-3.1141234886234135
path,-1.9576552123656936,-3.112324361897648
path,-1.9560215539535912,-3.11058310292594
path,-1.9544018502192229,-3.108820439225509
path,-1.9527650242064274,-3.1070489308575606
path,-1.9511194879194684,-3.1052649973594026
path,-1.9494507076282235,-3.1034969441961793
path,-1.9478074400160421,-3.1016822975628027
path,-1.9461625816165105,-3.099913580034987
path,-1.9445158428994893,-3.098123531664103
path,-1.9428627570751793,-3.0963194294257015
path,-1.9412024801130876,-3.0945098585511954
path,-1.939539390846922,-3.092694007887772
path,-1.937871391532817,-3.09087719500354
path,-1.9362006339058964,-3.0890525367498607
path,-1.9345328317159722,-3.0872582214565534
path,-1.9328806352314956,-3.085475777787252
path,-1.9312296935147026,-3.0837221459292667
path,-1.9295892270866322,-3.0819782519023025
path,-1.9279500304039479,-3.0802606579081657
path,-1.926321678923713,-3.0785512338448564
path,-1.9246997505821652,-3.0768595227154405
path,-1.9230819549922986,-3.07518837492119
path,-1.921474128881707,-3.0735271406847113
path,-1.91958387389424,-3.071920860419211
path,-1.9176748914757646,-3.0703341019888866
path,-1.915774597620175,-3.0687599939531482
path,-1.913886011576195,-3.0672022906234013
path,-1.9120100205145982,-3.0656543279011093
path,-1.9101290680443552,-3.0641400239550514
path,-1.908264493240623,-3.0626369590995464
path,-1.9064056346702078,-3.06116260012555
path,-1.9045608337598459,-3.059708284794877
path,-1.9027307881205109,-3.0582716232410196
path,-1.9009090207212507,-3.0568567085909266
path,-1.899142386579307,-3.0554561326371283
path,-1.8975352946857642,-3.0539741106945613
path,-1.8959764603553018,-3.05246925738825
path,-1.894361364912876,-3.0511412371130167
path,-1.8927039399735588,-3.049902049945977
path,-1.890980417811965,-3.0487273384745603
path,-1.8891913077079403,-3.0476176097541265
path,-1.887335476063552,-3.04657286270403
path,-1.8854123644321492,-3.045593588475887
path,-1.8834136315073038,-3.044675724050656
path,-1.8813431076632707,-3.0438277919830985
path,-1.8792213284150534,-3.043027351526795
path,-1.877087524436802,-3.042230825831657
path,-1.87494994471387,-3.04143200665876
path,-1.873076859885108,-3.0406799808269485
path,-1.871306604615592,-3.0399695659762456
path,-1.8695211873960693,-3.039400951725375
path,-1.8677550885553653,-3.0388565178217197
path,-1.8660090100514957,-3.038317767157633
path,-1.8642935061578405,-3.0377840046779028
path,-1.862603529278316,-3.0372545321112385
path,-1.8609377533225215,-3.0367326029948845
path,-1.8592979025827092,-3.036217798419658
path,-1.8576860648810047,-3.035709485791168
path,-1.8561148438831365,-3.035212402179469
path,-1.8545735628229854,-3.0347210754779415
path,-1.8530646214556283,-3.034230035107263
path,-1.8515896423875353,-3.0337398925738515
path,-1.8501471573238806,-3.0332490431702537
path,-1.8487337703252826,-3.032753179673197
path,-1.8473318020758478,-3.032246020696511
path,-1.8459381158186592,-3.031726972415645
path,-1.8445413268379762,-3.031206949681445
path,-1.843144146315955,-3.0306852518045466
path,-1.84175545808683,-3.030167361066363
path,-1.8403679744478147,-3.0296472820728853
path,-1.8389740075977867,-3.029127490733338
path,-1.8375826014472152,-3.0286053546955105
path,-1.8361867204658944,-3.028083542352372
path,-1.8348009231676439,-3.0275653203951025
path,-1.833415762565403,-3.027044935542167
path,-1.8320239662212783,-3.026525779013064
path,-1.8306344639716552,-3.0260029607436123
path,-1.8292388724909054,-3.0254818631985985
path,-1.8275242097705173,-3.0248263151214707
path,-1.8257348424887525,-3.024159184197686
path,-1.8239463551615491,-3.0234882850549254
path,-1.8221497482307842,-3.0228179860982687
path,-1.82035060450625,-3.0221445724766385
path,-1.818573437173656,-3.021480430133014
path,-1.8167923280365883,-3.0208147965962215
path,-1.8150088210491742,-3.020147279892257
path,-1.8132227746555805,-3.0194777517324516
path,-1.811430219031537,-3.018807982162344
path,-1.809648867055847,-3.018144086216795
path,-1.8078679136478089,-3.0174764359977098
path,-1.8060798868471604,-3.0168088369583033
path,-1.8042876429223298,-3.0161395776273063
path,-1.8024911262579006,-3.015468755790196
path,-1.8007203333141435,-3.014810527193977
path,-1.7989486179052676,-3.014149112572621
path,-1.7971725868955217,-3.0134860672678854
path,-1.7953923363065256,-3.012821414601032
path,-1.7936074767468573,-3.0121555013484995
path,-1.7918508559876456,-3.0114990100061165
path,-1.7900875520224935,-3.0108450392563246
path,-1.7883215654138636,-3.0101883584144877
path,-1.7865544079819187,-3.0095287960455654
path,-1.7847850195025894,-3.008862949167846
path,-1.7830270062755613,-3.0082018601612805
path,-1.781265116362392,-3.0075389387472478
path,-1.7795031851425036,-3.006868030621355
path,-1.777738905819002,-3.0061949075973313
path,-1.775961331175402,-3.0055300224041157
path,-1.774213695882309,-3.004874470270953
path,-1.7724654580652968,-3.0042129014739856
path,-1.7707066029899454,-3.00356154283412
path,-1.7689401932147495,-3.002906341701362
path,-1.767175738514061,-3.0022430462651744
path,-1.7653202569956925,-3.001549360733631
path,-1.7634582263705756,-3.0008555627870352
path,-1.7615934939469151,-3.0001545329742774
path,-1.7597259982720679,-2.9994496084143867
path,-1.7578449851531668,-2.998750573886999
path,-1.755976669350936,-2.998068112373272
path,-1.7541099079931457,-2.997374630944386
path,-1.7522377563859504,-2.99667856334584
path,-1.7503566978791436,-2.9959847598013054
path,-1.7484714285586576,-2.9952867713074607
path,-1.7466174135203143,-2.9945981088529567
path,-1.7447677168138007,-2.993898265177598
path,-1.7429143105716174,-2.9931864224899294
path,-1.7410407182500967,-2.9924962673143054
path,-1.7391642276811794,-2.991802324815767
path,-1.7373172569989066,-2.991123635998464
path,-1.7354608689449795,-2.9904440351909654
path,-1.7336015196990309,-2.989760771360307
path,-1.731736952671014,-2.989068995662923
path,-1.729873262949719,-2.988367866593568
path,-1.728010698242613,-2.987690501168226
path,-1.726136894765962,-2.9870145596780575
path,-1.7242552902248924,-2.986340774329288
path,-1.7223667995192893,-2.9856640882368297
path,-1.7204712407367957,-2.984984806616097
path,-1.7186104939946754,-2.984308225920365
path,-1.7167421103376044,-2.98363152305299
path,-1.7148638464359955,-2.982960498577482
path,-1.7129784790022198,-2.9822834099916027
path,-1.71107918109764,-2.9816154323105732
path,-1.7088171411865332,-2.980818657095444
path,-1.7064355442365178,-2.9799765274383723
path,-1.7040399228854552,-2.9791353884359917
path,-1.7016353076035096,-2.978281096878883
path,-1.6992226071411831,-2.9774127975141216
path,-1.6968421640795208,-2.9765588856406775
path,-1.6944408409470904,-2.975721492191656
path,-1.692027204697935,-2.9748787704417134
path,-1.689594318803602,-2.974042175563622
path,-1.6871451381116969,-2.9732066757022726
path,-1.6847627690867906,-2.972393838079375
path,-1.6823753133972463,-2.9715707632992343
path,-1.6799637302212012,-2.9707646274019504
path,-1.6775395500658485,-2.969948478419436
path,-1.675096931982504,-2.9691362315355967
path,-1.672707760230711,-2.9683511652740817
path,-1.6703077821984316,-2.967555244932177
path,-1.6678875552381642,-2.966766697674243
path,-1.6654511404338832,-2.965972886879735
path,-1.662997208404507,-2.965175595522197
path,-1.660577254936201,-2.964404973535554
path,-1.6581431376557567,-2.9636302479282577
path,-1.65568805363524,-2.962860366325843
path,-1.65321334004534,-2.9620889410923907
path,-1.6507174280152939,-2.9613211334272576
path,-1.648286973053661,-2.9605696341140173
path,-1.6458386622900665,-2.9598277998577096
path,-1.6433676552743732,-2.9590921063717026
path,-1.6408735385785154,-2.958365482177198
path,-1.63835812247563,-2.9576296697687723
path,-1.6358191550547494,-2.9568938109152416
path,-1.633255496467799,-2.956160207277934
path,-1.6306662752450112,-2.955429054225844
path,-1.6280512527658162,-2.95467781272419
path,-1.62540996204149,-2.9538999037275198
path,-1.6228038284252646,-2.9530999707084673
path,-1.620169854830889,-2.9522775859693113
path,-1.6175030847315923,-2.951432177898409
path,-1.6148037799698447,-2.9505545391495764
path,-1.612067527007205,-2.9496574546303886
path,-1.6093874816438472,-2.9487486605841307
path,-1.6066814551617237,-2.9478326363072367
path,-1.6039432826882702,-2.946938890608524
path,-1.6011713984041689,-2.9460744002874533
path,-1.5983600620563079,-2.945247869968782
path,-1.5955983801248126,-2.944475567381035
path,-1.5928053978658423,-2.9437316540833094
path,-1.5899751342276638,-2.943015282376608
path,-1.5871214722563862,-2.9423302851336692
path,-1.5842654536411283,-2.9416573591480315
path,-1.5814585062411313,-2.9410206203064075
path,-1.5786535240083193,-2.940387596519742
path,-1.5758478663260664,-2.939760602133965
path,-1.5730427623243515,-2.9391507009337543
path,-1.570240146795028,-2.9385541555341748
path,-1.5675413092420782,-2.9379712125924917
path,-1.5648428730315875,-2.93740842753566
path,-1.5621477868575875,-2.936864505949092
path,-1.5594520119817734,-2.9363470123098594
path,-1.5567626277819284,-2.935848479579456
path,-1.554198592983561,-2.935362571011239
path,-1.5516392063196232,-2.934902225786259
path,-1.5490816654849722,-2.93446242014245
path,-1.5465262313134078,-2.9340461294330313
path,-1.5439759197147296,-2.9336587453666554
path,-1.5415144632005504,-2.9333034970552805
path,-1.5391430322092372,-2.9329990704091284
path,-1.536955747116279,-2.9327135158247923
path,-1.534786555265616,-2.9323916171343734
path,-1.5325731186773404,-2.932031989822951
path,-1.5303895284038012,-2.931634771244827
path,-1.528203450742074,-2.931209129135605
path,-1.526043427639319,-2.9307998948853413
path,-1.5239032001398973,-2.930468063253569
path,-1.5217782090248695,-2.93022425537264
path,-1.51969015780333,-2.930060513667687
path,-1.5176229100134813,-2.9299845476801134
path,-1.5155673345076863,-2.929992344618603
path,-1.5135192025223791,-2.930033906335908
path,-1.5114720127794956,-2.9300775608958025
path,-1.5094764673172343,-2.9301219087859725
path,-1.5074818968890076,-2.9301683962428444
path,-1.505488194066349,-2.9302168077763233
path,-1.5034952651412385,-2.9302669603723968
path,-1.5015029437276481,-2.9303181976123622
path,-1.499561958037248,-2.9303681520569347
path,-1.4976215876017605,-2.9304181273663055
path,-1.4956817775238018,-2.9304681133741695
path,-1.4937425243373235,-2.9305181084081813
path,-1.491803825798657,-2.930568110802114
path,-1.4895866483364475,-2.9306493133195124
path,-1.4871208275359546,-2.9307209232562457
path,-1.4845710112278656,-2.930786042433665
path,-1.4820221382241852,-2.9308511560704193
path,-1.4794742066161028,-2.9309162622534024
path,-1.476974476946696,-2.930980047716559
path,-1.4744766599931725,-2.9310439015194683
path,-1.4719797492265656,-2.9311077423945795
path,-1.4694837373807197,-2.9311715694284066
path,-1.4669886309388473,-2.9312353800682485
path,-1.4646010928064577,-2.9312958326154925
path,-1.4622161352301857,-2.931356838298603
path,-1.4598320048400117,-2.9314178245667644
path,-1.4574486995792009,-2.931478790075994
path,-1.455066222091397,-2.9315397332100708
path,-1.4527520473550748,-2.9315987352019115
path,-1.450440773319408,-2.931657884530983
path,-1.4481302734994304,-2.9317170077189383
path,-1.4458205403454631,-2.931776102818764
path,-1.4435115699728867,-2.9318351681810615
path,-1.4412921153892577,-2.931891686940177
path,-1.4390757394775953,-2.9319483658169543
path,-1.436860065959539,-2.9320050134735336
path,-1.4346450970190137,-2.9320616289595836
path,-1.4324308358750706,-2.9321182113191107
path,-1.4302817352760544,-2.932172915980668
path,-1.4281352205398303,-2.9322277400004797
path,-1.425989380147575,-2.9322825302254185
path,-1.4238442179332351,-2.932337285808305
path,-1.4216997365702841,-2.9323920059521
path,-1.4196028966745367,-2.932445453577245
path,-1.417507068458161,-2.9324988960563165
path,-1.4154119002547967,-2.932552302200805
path,-1.4133173952701126,-2.9326056711950588
path,-1.4112235556782955,-2.9326590022643972
path,-1.4089089167740574,-2.932699399121383
path,-1.4064021676874061,-2.932758956320105
path,-1.4038753858141402,-2.932822407958585
path,-1.4013495934872042,-2.932885838972274
path,-1.3988247943901926,-2.9329492441342637
path,-1.3963515384049652,-2.9330113106938933
path,-1.3938795396386312,-2.9330733707752197
path,-1.3914085079190581,-2.9331353939379734
path,-1.3889384472716477,-2.933197376313498
path,-1.3864693628301954,-2.933259314238496
path,-1.3841168536590953,-2.9333178228843138
path,-1.3817714097866465,-2.93337661911047
path,-1.379426861345822,-2.933435367998031
path,-1.377083211322093,-2.933494066942944
path,-1.3747404659917406,-2.9335527133557373
path,-1.3724484065871514,-2.933610051592131
path,-1.3701572503514337,-2.933667341042902
path,-1.367866973739024,-2.933724574141947
path,-1.3655775804672436,-2.9337817489679487
path,-1.3632890754361482,-2.9338388636448967
path,-1.36110016321738,-2.9338934791638347
path,-1.358901739203489,-2.933946389319535
path,-1.3566702240745416,-2.9339917991279787
path,-1.35443820379344,-2.9340391818679823
path,-1.3522117123123776,-2.9340853276706413
path,-1.3500303791125243,-2.934129432987964
path,-1.3478543792560727,-2.934172337520777
path,-1.3456837131282782,-2.9342140810815893
path,-1.3435198634990841,-2.9342595014682566
path,-1.3413623026407517,-2.9343158972401615
path,-1.3391909748408675,-2.9343908862327956
path,-1.3370238319523309,-2.934479049317321
path,-1.3348485448076093,-2.9345774200517707
path,-1.3326405780812562,-2.9346862882531872
path,-1.3303985375640353,-2.9348014113810366
path,-1.3281850582545005,-2.9348970573230013
path,-1.3259338166590078,-2.934996264821393
path,-1.3236619777244523,-2.9351008085040315
path,-1.3213928103329047,-2.9352096357047905
path,-1.3191270066894332,-2.9353228867451855
path,-1.316906462058415,-2.9354256038476203
path,-1.3146895721314933,-2.9355333629965346
path,-1.312476489069384,-2.9356464567155407
path,-1.310268391838428,-2.935754597013063
path,-1.3080598668722094,-2.9358199575803163
path,-1.3058927947472796,-2.9358424068340785
path,-1.303726216750473,-2.935864168909278
path,-1.3015603254048467,-2.935885647875167
path,-1.2993951234068852,-2.935906844725086
path,-1.297230613269984,-2.93592776034022
path,-1.2950979906844835,-2.9359480791551036
path,-1.2929660727151164,-2.935968148822579
path,-1.2908348328149601,-2.9359879471115637
path,-1.2887042728932276,-2.9360074745608036
path,-1.2865743947480894,-2.93602673164121
path,-1.2845088276391563,-2.9360446413876238
path,-1.2824452161379107,-2.9360628044361015
path,-1.2803822494816912,-2.9360807140835146
path,-1.2783199290590477,-2.9360983706056647
path,-1.276258256191132,-2.9361157742371895
path,-1.2742388490542076,-2.9361325527512947
path,-1.2722201037800818,-2.9361491191837787
path,-1.2702019834068694,-2.93616544320431
path,-1.2681844890067555,-2.9361815249293226
path,-1.2661676216112252,-2.936197364450271
path,-1.263925764268027,-2.9362514292786552
path,-1.2615796821593812,-2.936329165535394
path,-1.2591882032010586,-2.9363892487507472
path,-1.2567516204152924,-2.936431843737905
path,-1.2542702052903907,-2.9364571083385025
path,-1.2518464982723467,-2.936472605545869
path,-1.2494259999868091,-2.9364886899748983
path,-1.2470064243258083,-2.936504423492479
path,-1.2445877725728889,-2.9365198059371274
path,-1.2421700459994676,-2.9365348371389746
path,-1.239810101313676,-2.9365488576970984
path,-1.2374518331780202,-2.936562858971623
path,-1.2350944500808025,-2.936576525000747
path,-1.2327379531791995,-2.936589855608148
path,-1.2303823436237527,-2.9366028506123096
path,-1.228107372097574,-2.936613935990227
path,-1.2258357769353574,-2.9366258505229688
path,-1.2235650112329468,-2.936637451935845
path,-1.2212950760151489,-2.936648740057727
path,-1.2190259723032677,-2.9366597147141196
path,-1.2168176305969027,-2.936669702426204
path,-1.2146110752550556,-2.9366797869649988
path,-1.212405310157571,-2.9366895741193915
path,-1.210200336241316,-2.9366990637229913
path,-1.207996154441601,-2.936708255607224
path,-1.2058365160303268,-2.936716945404406
path,-1.2036776801708315,-2.9367253808679172
path,-1.2015196078973536,-2.9367335298192456
path,-1.1993623000897657,-2.9367413920958394
path,-1.197205757627595,-2.9367489675337386
path,-1.1948497591200835,-2.9367990764368987
path,-1.1924153355628364,-2.9368633038484595
path,-1.189942708273537,-2.936913674683883
path,-1.1874320635015865,-2.9369506406201467
path,-1.1848835722526598,-2.9369746417293614
path,-1.1823828454156768,-2.9369795833944004
path,-1.179883682553299,-2.9369855991245326
path,-1.177385529625163,-2.93699117899252
path,-1.174888391611144,-2.9369963271109865
path,-1.1723922731527205,-2.9370010471704906
path,-1.1699606769896074,-2.93700476563802
path,-1.1675312734255312,-2.937008563943719
path,-1.1651028475216303,-2.937011963182474
path,-1.1626754027602313,-2.937014965747628
path,-1.1602489424193458,-2.937017573778302
path,-1.1579114777978368,-2.9370180056923423
path,-1.1555782129466454,-2.9370197942847356
path,-1.1532458667938053,-2.937021221010556
path,-1.1509144418404131,-2.9370222872430776
path,-1.1485839404641105,-2.937022994202194
path,-1.1463089360053629,-2.93702311108654
path,-1.1440353775765078,-2.9370231196905467
path,-1.14176270526705,-2.9370227881007027
path,-1.1394909209896107,-2.9370221170743265
path,-1.1372200265826897,-2.9370211072761827
path,-1.1350228642050217,-2.9370190865581263
path,-1.1328283944472184,-2.937017478509262
path,-1.1306347613476602,-2.937015554645942
path,-1.1284419664099146,-2.937013315365604
path,-1.1262500110931826,-2.937010761009739
path,-1.124103504607462,-2.93700792349909
path,-1.121957846775083,-2.9370048165644844
path,-1.1198129985100924,-2.937001407821644
path,-1.1176689610744095,-2.936997697449836
path,-1.1155257357037702,-2.936993685594534
path,-1.1131106203586587,-2.9369875358478983
path,-1.1105264382796385,-2.9370559105667513
path,-1.1079049965829686,-2.937134188979777
path,-1.1052460611624852,-2.937209600616385
path,-1.1025511508540857,-2.9372810511639607
path,-1.0998982352924407,-2.937315222096424
path,-1.0972320858729878,-2.937330470699078
path,-1.0945526090700881,-2.937326615987885
path,-1.091859665664051,-2.937303354184152
path,-1.0891534448899451,-2.9372601004697207
path,-1.0865411686819422,-2.937185322154417
path,-1.0839259386530484,-2.937104206055749
path,-1.0813045932430632,-2.9370167040453516
path,-1.0786772512851792,-2.93692292965161
path,-1.0760440265818338,-2.9368229918665647
path,-1.0734626476709093,-2.936719077224343
path,-1.0708766246111634,-2.9366097825606983
path,-1.0682852568299106,-2.9364948654118073
path,-1.065688847267129,-2.936375977750758
path,-1.0630918847818713,-2.9362576315049873
path,-1.0605998776128074,-2.9361284021140914
path,-1.058104256414379,-2.9360023877073433
path,-1.0555692318458556,-2.935874696540429
path,-1.0530252709732797,-2.9357359064027975
path,-1.0504780979630544,-2.9355927271524194
path,-1.0479725677248533,-2.9354466711542586
path,-1.0454665408114894,-2.935297445853211
path,-1.0429569571399777,-2.935143375146465
path,-1.0404428220108328,-2.9349838731181572
path,-1.0379266431516438,-2.9348210860852384
path,-1.0355864000462494,-2.934648958391796
path,-1.0332673661980458,-2.934481540734249
path,-1.0309382909781022,-2.9342991278249015
path,-1.028588809780532,-2.934087403489
path,-1.0262269202282364,-2.9338238738244136
path,-1.0239120551096208,-2.9335646246057223
path,-1.0216190381862296,-2.933344595080511
path,-1.0193465108402844,-2.9331640695961654
path,-1.017094662042403,-2.9330234000697213
path,-1.0148643350585802,-2.9329196018838273
path,-1.012707329182225,-2.9328217851180924
path,-1.0105588790556406,-2.9327266002537757
path,-1.0084131078724015,-2.932630385190932
path,-1.0062643388160568,-2.9325351032830076
path,-1.00411501893377,-2.9324351433245894
path,-1.0019909010569994,-2.932338286571222
path,-0.9998678969548535,-2.9322437549824594
path,-0.9977440123330701,-2.9321461326376412
path,-0.9956227985845731,-2.9320431041897614
path,-0.9934991978384774,-2.9319446771692017
path,-0.9914230769064054,-2.931846693303528
path,-0.9893479480905596,-2.9317492205572795
path,-0.9872759460988337,-2.9316456829791404
path,-0.9852017424630962,-2.9315470956978853
path,-0.9831270406748136,-2.9314487428087044
path,-0.9810973125061507,-2.9313502072696678
path,-0.9790693241266001,-2.931246178949435
path,-0.9770415249341655,-2.931146634573749
path,-0.9750120683963455,-2.931046603339302
path,-0.97298623211105,-2.9309395890568806
path,-0.9709776685190713,-2.930838130503213
path,-0.9689694221105232,-2.9307376449744202
path,-0.9669614601090248,-2.9306355221001756
path,-0.9649560554524115,-2.9305292847778155
path,-0.9629491356500706,-2.9304255278498195
path,-0.9608201921856208,-2.930129670342696
path,-0.9585576281912769,-2.9298367216885928
path,-0.9561775026979217,-2.929596466174739
path,-0.9537353420622094,-2.929406609023011
path,-0.9512719505030449,-2.9292568826473495
path,-0.9488507018341732,-2.9291189901771713
path,-0.9464308344822179,-2.928988006795402
path,-0.9440096258137342,-2.9288567675553514
path,-0.9415904713894259,-2.9287216528757485
path,-0.9391732390547828,-2.9285827855402387
path,-0.9367866677177381,-2.92844820193589
path,-0.9343994180842634,-2.9283142838822913
path,-0.9320164745752587,-2.9281746427410105
path,-0.9296320416151412,-2.9280357054352915
path,-0.9272479080642594,-2.927897430430874
path,-0.9249340489766649,-2.9277629681129906
path,-0.9226249919803708,-2.9276230198468345
path,-0.9203133213405301,-2.927488502937551
path,-0.9180036866260061,-2.9273523722161836
path,-0.9156919416734105,-2.9272160809457497
path,-0.9134462808204061,-2.927076703563933
path,-0.9111999996083122,-2.9269291137158624
path,-0.9089448162056699,-2.9267468948189737
path,-0.9066899558777632,-2.926564204365448
path,-0.9044354446388969,-2.9263810433068707
path,-0.9022118254671223,-2.9261998964558593
path,-0.8999886215002808,-2.9260183013586696
path,-0.8977658098861675,-2.925836251006661
path,-0.8955434043043078,-2.9256537463955343
path,-0.8933214165384803,-2.9254707884993536
path,-0.8909410613387923,-2.9251412375452825
path,-0.8883555210157608,-2.924858156910458
path,-0.885647780855585,-2.924631647692168
path,-0.8829304590851507,-2.924405069064545
path,-0.880213829670549,-2.9241778173480446
path,-0.8775867228901949,-2.9239558651592596
path,-0.8749642124102956,-2.923735111744829
path,-0.8723423643746548,-2.92351373352259
path,-0.8697211842827711,-2.92329173159285
path,-0.8671006771948616,-2.923069107001212
path,-0.864544665443403,-2.9228503409653217
path,-0.8619901196498522,-2.9226320182382097
path,-0.8594362254303508,-2.922413105683332
path,-0.8568829864681099,-2.9221936041327146
path,-0.854330406224234,-2.9219735143826293
path,-0.8518681481023629,-2.921759188294299
path,-0.8494104631123994,-2.9215460712849146
path,-0.8469533970289922,-2.921332410280025
path,-0.8444969524933579,-2.9211182059141017
path,-0.8420411320273359,-2.920903458799219
path,-0.8396538871673399,-2.920693202545309
path,-0.8372684596879116,-2.9204834729092934
path,-0.8348836276942028,-2.920273232201713
path,-0.8324993932337406,-2.9200624809309055
path,-0.8301157582871292,-2.919851219591508
path,-0.827782148410404,-2.919643344959114
path,-0.8254494861784827,-2.919435514354461
path,-0.8231174037894969,-2.9192271960812244
path,-0.8207859029407146,-2.9190183905684006
path,-0.8184549852909115,-2.918809098236741
path,-0.8159762068099682,-2.918479593789546
path,-0.8133203970729121,-2.91820686831746
path,-0.8106119523425753,-2.917961054017767
path,-0.8079039236312159,-2.9177142112017287
path,-0.8051962570756347,-2.917466101754561
path,-0.802570697224532,-2.917223207696898
path,-0.7999482721672057,-2.9169804324114312
path,-0.7973261995263596,-2.9167364691734914
path,-0.7947044853593376,-2.916491316605835
path,-0.7920831341099901,-2.916244974639216
path,-0.7895303844302842,-2.916003058419571
path,-0.7869790446251052,-2.915760952931411
path,-0.7844280578199819,-2.915517720882426
path,-0.7818774270974137,-2.9152733625049327
path,-0.7793271552811183,-2.9150278781060766
path,-0.7768703614831409,-2.914789142786016
path,-0.7744179006287153,-2.9145508981731085
path,-0.7719657770825918,-2.914311613186384
path,-0.7695138956751303,-2.9140724145273498
path,-0.7670623699204268,-2.913831820192186
path,-0.7646814104029024,-2.9135952473187063
path,-0.7623020772853052,-2.913358787585883
path,-0.7599230683802255,-2.913121365101998
path,-0.7575443850815208,-2.9128829789535553
path,-0.7551660286776058,-2.912643628392514
path,-0.7528364361678753,-2.912409266691188
path,-0.7505106289224847,-2.9121724350063967
path,-0.7481850468584947,-2.9119346553598295
path,-0.7458596999066429,-2.9116959774078475
path,-0.7435346045474922,-2.911456395641801
path,-0.7412770244210498,-2.911219259429625
path,-0.7390221541444563,-2.9109851318008273
path,-0.7367675496800292,-2.910750144878976
path,-0.7345132183958835,-2.9105142966506823
path,-0.7322591663427499,-2.9102775856135317
path,-0.7299593462858533,-2.9100294694152993
path,-0.7276504335779408,-2.909785310905192
path,-0.7253417465566919,-2.9095402172087224
path,-0.7230332958641251,-2.909294190602648
path,-0.7207250909285751,-2.909047233303573
path,-0.7184489706530203,-2.9088020774594243
path,-0.7161735992647659,-2.908556768231105
path,-0.7138984870681018,-2.9083105598506833
path,-0.7116236399906486,-2.908063454206561
path,-0.7093490633388966,-2.907815453107103
path,-0.7071344237564335,-2.9075698491975945
path,-0.7049223072399305,-2.9073268985175695
path,-0.7027104570183095,-2.907083104678197
path,-0.7004988765468505,-2.906838469139212
path,-0.698287568944374,-2.9065929932955483
path,-0.6961319376685395,-2.9063502220763895
path,-0.6939784234711123,-2.9061095001980286
path,-0.6918251774062351,-2.9058679840758947
path,-0.6896722155191652,-2.905625668225767
path,-0.6875195225998925,-2.905382560437413
path,-0.6854016615303496,-2.90514225711729
path,-0.6832841060834063,-2.904903703284674
path,-0.6811670464567579,-2.904662020605576
path,-0.679050250823224,-2.9044195946734526
path,-0.676933720559798,-2.904176424539345
path,-0.6748650630552149,-2.9039372266119146
path,-0.6727972384313208,-2.903698154645535
path,-0.6707296701313993,-2.90345837052847
path,-0.6686623591259839,-2.9032178737816494
path,-0.666595306311398,-2.9029766640243504
path,-0.664399057080919,-2.90257238675651
path,-0.6620602900801703,-2.9021944629191454
path,-0.6596053499813663,-2.9018873439979895
path,-0.6571265468376374,-2.901594146583689
path,-0.6546481261076473,-2.9012999194194404
path,-0.6522175290771204,-2.9010095628209784
path,-0.649787876880988,-2.9007190436442962
path,-0.6473585932826643,-2.9004275355757785
path,-0.6449296785629959,-2.900135039064829
path,-0.6425011329738561,-2.899841554596199
path,-0.6401454491388036,-2.8995534778005183
path,-0.6377977858159853,-2.899260817600618
path,-0.6354587417668559,-2.898956896444348
path,-0.6331201071123161,-2.8986522237225025
path,-0.6307818827317156,-2.898346799799334
path,-0.6284778575560451,-2.898040611122893
path,-0.6261774397908965,-2.8977385602488734
path,-0.6238774216428731,-2.8974357829518076
path,-0.6216438248369015,-2.8970688745892694
path,-0.6194778174836124,-2.89665022749344
path,-0.6173769754169796,-2.8962378864300575
path,-0.6153205705346504,-2.8957946721457444
path,-0.6133068628785756,-2.8953290927490873
path,-0.6113365102487396,-2.894832304630141
path,-0.6094086545521088,-2.8943101424262294
path,-0.6075358451145834,-2.893789479455909
path,-0.6057075762727382,-2.893247082354599
path,-0.603893236993234,-2.8926963666859775
path,-0.6020788315907799,-2.8921450211635147
path,-0.6002643612752312,-2.8915930461230768
path,-0.5982572201484812,-2.89096899156004
path,-0.596197068970249,-2.890340036588437
path,-0.5941378437123086,-2.889711173324127
path,-0.5920785709685921,-2.8890815184680445
path,-0.5900192520180494,-2.8884510709921134
path,-0.5879936988966615,-2.8878425691285323
path,-0.5859894568103612,-2.8872273416952297
path,-0.5839855007941295,-2.8866116711634886
path,-0.581981510649768,-2.885995250619035
path,-0.5799774819610533,-2.8853780786339804
path,-0.5780043922166812,-2.8847747627877642
path,-0.576040000979763,-2.8841684074261673
path,-0.5740755756597282,-2.8835613308219408
path,-0.5721111173887455,-2.8829535329443106
path,-0.5701466273701731,-2.882345013847558
path,-0.5682088214660114,-2.8817502046917416
path,-0.5662813526554709,-2.8811518152018576
path,-0.5643538408698349,-2.880552731143559
path,-0.5624263063044813,-2.8799529538390756
path,-0.5604990262436472,-2.8793528284134413
path,-0.5585927328390582,-2.8787617708991666
path,-0.5566930892702997,-2.8781689585482964
path,-0.5547937532469777,-2.8775721508313037
path,-0.5528945724988898,-2.876978425209974
path,-0.5509953346499052,-2.8763839679324144
path,-0.5491262609644015,-2.8758039087046097
path,-0.5472657951960482,-2.875220277891768
path,-0.5454052576812005,-2.8746359515618383
path,-0.5435446546782319,-2.874050935486388
path,-0.5416839830239097,-2.873465228784871
path,-0.5396608846205102,-2.8728145220723076
path,-0.5376067814740141,-2.8721663163366897
path,-0.5355529098911699,-2.871517685331666
path,-0.5334984953013735,-2.87086751337636
path,-0.5314443068336868,-2.8702169246713463
path,-0.5294158765335945,-2.86958100745725
path,-0.527331278626911,-2.868896621871376
path,-0.5252425982162734,-2.868217338247874
path,-0.5231502443279042,-2.8675379899014333
path,-0.521062662165358,-2.866858258658873
path,-0.519008102274458,-2.8661897249168504
path,-0.5169546991082811,-2.865520319419356
path,-0.5149011200905289,-2.8648507267246326
path,-0.5128470366471538,-2.864179890518632
path,-0.5107944397586359,-2.8635097249517316
path,-0.5087619248047304,-2.8628454236102514
path,-0.5067323738649572,-2.8621811210475303
path,-0.5047034653123776,-2.861516534831727
path,-0.502670660002013,-2.8608500179527963
path,-0.5006405406583736,-2.8601831416219436
path,-0.49865380321549524,-2.8595307979908084
path,-0.49666492771099513,-2.858877768031386
path,-0.4946774289302261,-2.8582235552985518
path,-0.49269272277675036,-2.857569146614253
path,-0.4907057722076438,-2.8569149366156297
path,-0.48875704025516153,-2.856273400679263
path,-0.48681278447175325,-2.8556311400310626
path,-0.48486617960650147,-2.8549880812098047
path,-0.48292134455091684,-2.854345206745495
path,-0.4809739911472709,-2.8537007845986886
path,-0.47905323463876154,-2.853065424283992
path,-0.4771329593366578,-2.8524286484812924
path,-0.47521231981906037,-2.85179158382066
path,-0.47329243648913455,-2.851154344205467
path,-0.47137068431091905,-2.8505160356188
path,-0.46930759074920386,-2.8497945666620255
path,-0.46719181977677365,-2.8490830743549687
path,-0.4650670404797784,-2.848376388787716
path,-0.4629458125274112,-2.847669701840354
path,-0.4608214347312558,-2.8469610492745328
path,-0.458739544611085,-2.8462685741697267
path,-0.45665717659748883,-2.8455723820913246
path,-0.45457711612349067,-2.844877246507213
path,-0.4524930777703311,-2.844175132031534
path,-0.45047697417647314,-2.8434918807870924
path,-0.4486115945563741,-2.842859461422679
path,-0.44679925230757556,-2.8421814300328423
path,-0.44482731170371553,-2.841455248646495
path,-0.4428415141425217,-2.8406838639524437
path,-0.4408911641664457,-2.8398193330543577
path,-0.4390032501489229,-2.838847078378376
path,-0.43719076114983657,-2.8377797857142886
path,-0.43544718573763375,-2.836672789004747
path,-0.4337559130359195,-2.8355412990453255
path,-0.4320995109673847,-2.834391523760305
path,-0.4304737977557815,-2.833246841657558
path,-0.4288590166411047,-2.832095149303353
path,-0.42724336462950024,-2.830950585932678
path,-0.4256247695246024,-2.8298067885805476
path,-0.42400603244635743,-2.8286632092012756
path,-0.42241023914649867,-2.827541959839243
path,-0.4208190827523754,-2.826419913491337
path,-0.4192250625287524,-2.8252999706228104
path,-0.41762893338257356,-2.824182736642953
path,-0.4160312203587896,-2.823068291902913
path,-0.4143558117001517,-2.8219118578359494
path,-0.41269306407971224,-2.820816408570504
path,-0.41103742790551945,-2.819746350591332
path,-0.40938152904529684,-2.818675035287747
path,-0.40772647100041237,-2.817602382492455
path,-0.4060840096811455,-2.8165360878033616
path,-0.40444268838254305,-2.8154685070965626
path,-0.4027981968305561,-2.8143998963940375
path,-0.40117075119657014,-2.8133219549262827
path,-0.3997669523092744,-2.812165979462848
path,-0.3985428692684263,-2.81100719798025
path,-0.39728839384833853,-2.809830538697263
path,-0.396010577982032,-2.808662666901204
path,-0.39470046067309233,-2.8075072565195014
path,-0.3933460481186754,-2.806365572507879
path,-0.39199462926794126,-2.8052344312884183
path,-0.39062126601599717,-2.804113037088381
path,-0.38921161437129453,-2.803006096190961
path,-0.38776299352768506,-2.801914010591294
path,-0.3862678170162732,-2.8008362874657893
path,-0.3847764893165081,-2.7997722032846424
path,-0.3832624214076384,-2.798714867110797
path,-0.381689245322763,-2.7976813012532133
path,-0.3800875537556129,-2.7966711249994463
path,-0.37840352682794925,-2.795705001198186
path,-0.37669775872292244,-2.7947712297843026
path,-0.3749473477393831,-2.7938876539038136
path,-0.3731145480557671,-2.7931052292687877
path,-0.37124726684536935,-2.7924602281131006
path,-0.36953155456370523,-2.7919036464364124
path,-0.36781543476193346,-2.7912771892167867
path,-0.36607721136788784,-2.7905545542059915
path,-0.3643451718665127,-2.7897849352752897
path,-0.3626605137711332,-2.7889485777599563
path,-0.3610366448013763,-2.788035520531028
path,-0.3594969544686119,-2.787052163781618
path,-0.3580203220634039,-2.7860349456359788
path,-0.35656183822660203,-2.785007076219429
path,-0.3551104706454262,-2.783972506292078
path,-0.3536612426273137,-2.7829356222295516
path,-0.35222488356327636,-2.7819088408140904
path,-0.3507910375278548,-2.780880705643184
path,-0.34935759493399376,-2.77985144670478
path,-0.34792445210552686,-2.778821215554783
path,-0.34648590716390915,-2.7777937348487556
path,-0.34496286114488894,-2.7767679283527578
path,-0.343432785073753,-2.775741959889734
path,-0.34190530420283194,-2.7747151019527854
path,-0.34037822754591124,-2.7736870288978746
path,-0.3388514873412301,-2.772657750830071
path,-0.3373321102146845,-2.7716326092564367
path,-0.33581483287737784,-2.7706063554656164
path,-0.33429796392457445,-2.7695789354720874
path,-0.33278037483212347,-2.76855003974055
path,-0.3312651206731567,-2.7675203212635338
path,-0.3297634114330602,-2.766498792502292
path,-0.3282621133378301,-2.7654757531593286
path,-0.3267615112754547,-2.7644516045946186
path,-0.325261783582095,-2.763426355693353
path,-0.323762245391444,-2.762399941147077
path,-0.32227427698894556,-2.761379768972579
path,-0.32078697337343604,-2.7603585716896153
path,-0.3193002508526277,-2.759336298388265
path,-0.3178250669114776,-2.7583192025360797
path,-0.3163263700576149,-2.757303227972848
path,-0.31475485597985026,-2.756170057515907
path,-0.3130636166975322,-2.754925466519394
path,-0.3112681043994275,-2.7537039757471957
path,-0.3093796877131879,-2.7525050686873276
path,-0.3074577079744672,-2.7513162425150024
path,-0.3055384872035733,-2.7501499634393287
path,-0.3036002882280565,-2.748990534974515
path,-0.30164292966897427,-2.747838066284215
path,-0.29967693909753934,-2.746688170081729
path,-0.29771183030749193,-2.7455367664460235
path,-0.2957795821311631,-2.7443950020493735
path,-0.2938476096731512,-2.743250826842802
path,-0.29191098785466496,-2.7421058131686773
path,-0.2899750470102128,-2.7409592700178074
path,-0.2880418510774811,-2.739811291301034
path,-0.2861414805457784,-2.7386826780017755
path,-0.2842358886708238,-2.7375531867570086
path,-0.2823312050574023,-2.736422229684469
path,-0.28042742791409964,-2.7352898110537014
path,-0.2785245556808106,-2.7341559348096016
path,-0.27663730556290894,-2.73303075803891
path,-0.2747532536591707,-2.731904050243192
path,-0.27287006798431845,-2.7307759212581177
path,-0.27098774956573923,-2.7296463738776136
path,-0.2691062993869734,-2.7285154107108207
path,-0.26726528310877784,-2.727407166913353
path,-0.2654220445693005,-2.7262956365868565
path,-0.2635796921057407,-2.7251827622180236
path,-0.2617382217833853,-2.7240685448067
path,-0.25989763009518657,-2.7229529853299
path,-0.2581727424107972,-2.7219228382795277
path,-0.2565355217841179,-2.720924290871563
path,-0.2548982422266482,-2.7199241292582745
path,-0.25326352767340987,-2.7189228563446965
path,-0.25162804699629077,-2.717919991570217
path,-0.24999979822616183,-2.7169245644377913
path,-0.24837139168852132,-2.7159283466966606
path,-0.24674372117870402,-2.7149310039113765
path,-0.245116780194059,-2.7139325438021698
path,-0.24349056568188146,-2.712932971764144
path,-0.24187963448198968,-2.7119427367276043
path,-0.24027184511025132,-2.710951326650112
path,-0.2386647308669651,-2.709958846504299
path,-0.23705828993971495,-2.708965301068251
path,-0.23545252072056536,-2.7079706947176203
path,-0.2338736935385034,-2.7069824668857394
path,-0.23229495750705767,-2.7059910484495777
path,-0.23071650730009852,-2.704999843428583
path,-0.229126112948176,-2.7040103015605466
path,-0.22753639830481126,-2.703019623161587
path,-0.2259564132404493,-2.702034097631139
path,-0.22437810482276654,-2.7010474333395176
path,-0.22280045141294996,-2.700059681131879
path,-0.22122345165199359,-2.699070850756401
path,-0.21964710433651496,-2.698080951084028
path,-0.2180919690571576,-2.697099379532626
path,-0.21653122019424806,-2.6961163893277833
path,-0.2149711259173231,-2.6951323813851924
path,-0.21341168389190973,-2.6941473607382864
path,-0.21185289203332705,-2.6931613319909533
path,-0.2102442438169762,-2.692035980053724
path,-0.20855912197777002,-2.6908098900927877
path,-0.20679276903575616,-2.689599865585605
path,-0.20493720972905677,-2.6884088473811247
path,-0.20307013833890333,-2.687219173252488
path,-0.20122595353633566,-2.686039169130112
path,-0.19937752592124874,-2.684857243594515
path,-0.19753002022970825,-2.683673871449523
path,-0.19568343409123742,-2.682489061339095
path,-0.19383776540190684,-2.6813028211698455
path,-0.19202068000807357,-2.680132257185591
path,-0.19020242185151195,-2.678959634799694
path,-0.18838505143546724,-2.6777856487997598
path,-0.1865685674733246,-2.676610303891877
path,-0.18475296883923198,-2.675433604416773
path,-0.18295829455664928,-2.674264790926376
path,-0.1811582564470775,-2.6730943521875212
path,-0.17935910033141467,-2.671922602039908
path,-0.1775608243656173,-2.67074954253406
path,-0.17576342690894708,-2.6695751756114845
path,-0.1740041366524215,-2.668420256926509
path,-0.17224454170369285,-2.667263864174243
path,-0.17048051366484146,-2.666106955047352
path,-0.1687173299969094,-2.6649486841047434
path,-0.16695498986521934,-2.6637890628538154
path,-0.16521753332393388,-2.662642094382192
path,-0.16347740501864486,-2.661493338664458
path,-0.1617381045792497,-2.660343299804897
path,-0.15999963101228526,-2.6591919848427517
path,-0.1582619834478866,-2.6580394002225085
path,-0.15654298167861352,-2.656893435162782
path,-0.1548184154869712,-2.655745968935076
path,-0.15309467993098755,-2.6545972761555126
path,-0.1513717728260435,-2.6534473603843196
path,-0.14964969222588437,-2.6522962249166744
path,-0.14795802321789145,-2.6511616654419057
path,-0.1462656342456881,-2.6500247690260696
path,-0.14457181177113337,-2.648887244815664
path,-0.14287878333595302,-2.647748559212353
path,-0.14118654811345505,-2.6466087133610037
path,-0.1395241761784069,-2.6454792048633884
path,-0.13785068934761113,-2.6443500126532076
path,-0.13617797552373587,-2.643219580407133
path,-0.13450605503458024,-2.6420879094057605
path,-0.13283492574137074,-2.6409550107441087
path,-0.13118318225876224,-2.6398300035646907
path,-0.12952671547414063,-2.63870356676732
path,-0.1278710324882518,-2.6375759584189273
path,-0.12621613099149756,-2.6364471851640774
path,-0.12456200890842543,-2.635317253087185
path,-0.12293102468761206,-2.6341993807819777
path,-0.1212972604605857,-2.6330800185312166
path,-0.11966425932802671,-2.6319595468131998
path,-0.11805566296448719,-2.6308393687144074
path,-0.11638879415384802,-2.62972905002447
path,-0.11469392219794912,-2.6286364399952653
path,-0.11296578262930915,-2.6275547094622813
path,-0.1112039088954027,-2.626483870862618
path,-0.10940845026665676,-2.625423921592562
path,-0.10757955601245689,-2.6243748598451617
path,-0.1057511737531614,-2.6233477814656165
path,-0.10388841906473581,-2.6223310150077515
path,-0.10199756699187115,-2.621325520846079
path,-0.10011079860704392,-2.620321801148322
path,-0.0981634873767821,-2.6193352589941905
path,-0.09614372706743837,-2.6183519370138746
path,-0.09411957136543192,-2.617378538602676
path,-0.09204288516942787,-2.616413905334427
path,-0.08992860179630753,-2.6154615163541903
path,-0.08778201407272686,-2.6145200923745837
path,-0.08564869756145384,-2.6135963144214043
path,-0.08350208662870262,-2.6126768130967206
path,-0.08134968303088673,-2.6117615777448973
path,-0.079194701464563,-2.6108497655338194
path,-0.0770371757404591,-2.6099413342864275
path,-0.07491826346634513,-2.609052535055884
path,-0.0727975518472388,-2.6081678935949264
path,-0.07067503347510563,-2.607285510612734
path,-0.06855296056237209,-2.6064023774643057
path,-0.06643153061250567,-2.6055182543887265
path,-0.06435223736484838,-2.604649987407735
path,-0.06227449917106929,-2.6037816310970086
path,-0.060197410533230564,-2.6029123286859193
path,-0.05812097956634215,-2.6020420815938654
path,-0.05604521304353884,-2.6011708911545584
path,-0.053990283096154223,-2.6003072419868687
path,-0.051936030663687564,-2.5994426736437273
path,-0.04988244346039702,-2.598577183687638
path,-0.047829524860562925,-2.59771077319982
path,-0.04577727771856334,-2.5968434432236878
path,-0.04376283721397276,-2.595990585641124
path,-0.04174970996808347,-2.595137457813484
path,-0.03973723520300652,-2.594283446830258
path,-0.03772541441840662,-2.5934285535754107
path,-0.035714248928003976,-2.592572778954309
path,-0.03372103093006845,-2.5917234981546615
path,-0.03172847272027219,-2.590873355900442
path,-0.02973656130114656,-2.5900223498545776
path,-0.02774529739947434,-2.5891704808259868
path,-0.025787679895872006,-2.5882720800188213
path,-0.02375088812982066,-2.5872419080016247
path,-0.02160496551358862,-2.586163801603267
path,-0.019425940651012184,-2.5850956654848436
path,-0.01717935646120966,-2.58404171559947
path,-0.014930420652150967,-2.5829873081260395
path,-0.012725851948295402,-2.581951683405724
path,-0.010522984010493584,-2.580915790433471
path,-0.008320895884629215,-2.579878730621915
path,-0.006119597507996497,-2.5788405095910085
path,-0.00391909786762779,-2.5778011325430064
path,-0.0017538878893992075,-2.5767767782910918
path,0.0004102145244286472,-2.575751612463995
path,0.0025735238253148077,-2.5747253390337335
path,0.004736033996662145,-2.573697961836952
path,0.006897739595180438,-2.5726694844566675
path,0.009008648804997486,-2.5716630532185785
path,0.011117388726927338,-2.570656933941138
path,0.013225350922688974,-2.5696497743217863
path,0.015332531741670177,-2.5686415770686857
path,0.017438927879908982,-2.5676323447359017
path,0.01950623848415782,-2.5666401824654383
path,0.021572188356462012,-2.5656475994394463
path,0.023637375300956352,-2.5646540254221772
path,0.025701797097650702,-2.5636594624266564
path,0.027765451736528286,-2.562663912372288
path,0.029799669541874886,-2.5616812379050033
path,0.031833116380224256,-2.560697613797281
path,0.033865812842996355,-2.5597130348234027
path,0.03589775757674066,-2.5587275025678307
path,0.037928949355442505,-2.557741018558148
path,0.03987679425553027,-2.5567914564454988
path,0.04181781714831743,-2.5558463322635983
path,0.0437581495092908,-2.5549003411918845
path,0.04569779050732289,-2.553953484458592
path,0.0476367393893044,-2.5530057632571954
path,0.04954628909666571,-2.5520712390927343
path,0.05145514408225543,-2.551135885094664
path,0.053363325696096156,-2.550199695269039
path,0.055270833428757875,-2.5492626706633694
path,0.057177666816903686,-2.5483248123042195
path,0.05905085467202109,-2.547399780434828
path,0.06092323062999064,-2.5464754029393952
path,0.06279677394560894,-2.5455504005334055
path,0.0646697275840605,-2.5446245884395413
path,0.0665420790538979,-2.5436979687860406
path,0.06839926756955121,-2.5427777582569964
path,0.07022360882740296,-2.5418986860138046
path,0.07190633675141167,-2.541100900697814
path,0.07355043010885694,-2.540313220359225
path,0.07529556108106704,-2.5395452602567765
path,0.07707801231230083,-2.538815129949361
path,0.07886208059251167,-2.538085216751876
path,0.08064583482402515,-2.5373546848721182
path,0.08242926446704943,-2.536623540269046
path,0.08421236016193163,-2.535891788395607
path,0.08611917360189356,-2.5350119088822973
path,0.08816857279094618,-2.5341012857745904
path,0.09028295111546122,-2.533218973266514
path,0.09241105087844602,-2.532341506925733
path,0.0945385910001534,-2.531463226420028
path,0.0966431788951731,-2.5305933953614153
path,0.09874719918146317,-2.529722775610655
path,0.100850654780704,-2.5288513671711796
path,0.1029535454889554,-2.5279791719763027
path,0.10505587610759058,-2.527106191297603
path,0.10710461699882481,-2.5262538912495716
path,0.10915142588361487,-2.5254020237904875
path,0.11119769936168078,-2.5245494160088207
path,0.11324343611009338,-2.5236960695884645
path,0.11528515431381237,-2.522842251336764
path,0.11728879634580035,-2.5220050255319704
path,0.11929363813539026,-2.5211652433318674
path,0.1212979927660215,-2.520324808251825
path,0.12330185638752594,-2.519483716637005
path,0.12530522552431408,-2.5186419652559002
path,0.12727932801589378,-2.5178116528240135
path,0.129252927033633,-2.516980699863644
path,0.13122254696737765,-2.5161491698650074
path,0.1331950366244232,-2.5153167128339105
path,0.1351670466476342,-2.514483624804187
path,0.13709895141660036,-2.5136664583099546
path,0.1390298914277635,-2.5128490898109512
path,0.14096036410239962,-2.512031108348376
path,0.14289036716636735,-2.511212511573346
path,0.1448198985699146,-2.510393297430889
path,0.14671805879362246,-2.5095865986058077
path,0.14861574016255719,-2.5087793046838764
path,0.15051296052232827,-2.507971409090835
path,0.15240971852080515,-2.5071629106584137
path,0.15430601294234547,-2.5063538083960624
path,0.15617876448322285,-2.505553961822528
path,0.15805104750538515,-2.5047535288032257
path,0.15992287553370826,-2.5039525048186038
path,0.16179424777642032,-2.5031508894102217
path,0.16366516352492128,-2.5023486822270655
path,0.1655030363035349,-2.5015598739593115
path,0.16734044454498362,-2.5007705020445603
path,0.16917741064331976,-2.4999805585329846
path,0.1710139341449024,-2.4991900433766565
path,0.17285001464697863,-2.498398956592511
path,0.17466027804058593,-2.4976182464980274
path,0.1764700943260473,-2.496836985235214
path,0.17827947897109575,-2.4960551685115084
path,0.1800884317289616,-2.495272796521849
path,0.18189695238226036,-2.4944898695003
path,0.18368698250593601,-2.4937146451316026
path,0.18547539410366545,-2.4929388788812594
path,0.18726341831578172,-2.492162571110248
path,0.18905104816680998,-2.491385721966308
path,0.19083827800267697,-2.490608331658809
path,0.1925982278415225,-2.4898421065961034
path,0.19435776550682266,-2.489075361943826
path,0.19611690457749364,-2.488308093200261
path,0.19787564261708226,-2.4875403007143104
path,0.19963397765524288,-2.486771984861345
path,0.2013750754147242,-2.486010511497229
path,0.20311576480887703,-2.4852485286092896
path,0.20485605516326505,-2.4844860335638175
path,0.20659594564505784,-2.4837230267943364
path,0.20833543558736947,-2.4829595087468372
path,0.21017152870019998,-2.4820955371402644
path,0.21209704900873713,-2.4812323935740253
path,0.21404125563480886,-2.480376770348489
path,0.215985092581697,-2.4795204225913094
path,0.2179285467984733,-2.4786633592480576
path,0.21983541140756668,-2.4778214777430327
path,0.2217415983559156,-2.476979147717749
path,0.22364738944419163,-2.476136148154046
path,0.22555277603566545,-2.4752924852544074
path,0.22745775034138377,-2.474448164698408
path,0.2293252408064612,-2.4736195221729322
path,0.231191967848683,-2.4727905360519546
path,0.23305828246885618,-2.4719609302812726
path,0.23492417950991815,-2.471130708861344
path,0.23678965432277,-2.470299875475495
path,0.23863692287733235,-2.4694763646853977
path,0.24048375928874302,-2.4686522628779115
path,0.2423301709744763,-2.467827569559207
path,0.24417615486697447,-2.467002287400237
path,0.2460217082043669,-2.466176418879668
path,0.24783361873584858,-2.4653648253944818
path,0.24963776079676295,-2.464554001878426
path,0.25144835885880895,-2.4637407626400947
path,0.2532585707904879,-2.46292702142709
path,0.2550683915052428,-2.462112774659549
path,0.25684713123889596,-2.4613118338351008
path,0.2586254672916652,-2.4605104057142064
path,0.2604034144913807,-2.4597084818143333
path,0.2621809694530389,-2.458906059905249
path,0.2639581291231841,-2.458103138024205
path,0.26578814401157397,-2.457268762050184
path,0.2676323271934418,-2.456434291046257
path,0.2694761645869657,-2.455599215458225
path,0.2713196455149474,-2.4547635398458683
path,0.2731627603396391,-2.453927268401181
path,0.27497453297960006,-2.4531044741546357
path,0.27678591959864035,-2.4522811163060636
path,0.2785969317433681,-2.4514571919564223
path,0.2804075629991368,-2.450632704095746
path,0.2822178075760304,-2.449807655487938
path,0.28400250969075685,-2.448993526544428
path,0.28578681231191605,-2.4481788616994944
path,0.28757072629062586,-2.447363658097597
path,0.28935424778709395,-2.4465479177693292
path,0.29113737334038986,-2.44573164260834
path,0.2929064465988254,-2.444921365192262
path,0.29467437148964293,-2.444110581155448
path,0.2964419215608944,-2.4432992757052285
path,0.29820909021661884,-2.4424874502606424
path,0.29997587191010366,-2.4416751061649826
path,0.30171521356587766,-2.4408746969363904
path,0.30345415632226197,-2.4400737925567952
path,0.3051927129964557,-2.439272388627867
path,0.3069308807442715,-2.438470486224099
path,0.3086686571465152,-2.43766808637159
path,0.31038083908382,-2.436876841090592
path,0.31209262262320886,-2.436085119637406
path,0.31380402128022916,-2.4352929176972777
path,0.3155150337594644,-2.434500236119965
path,0.3172256589496793,-2.433707075725128
path,0.319037178103599,-2.432841164837968
path,0.32089482644854467,-2.4319757851430555
path,0.3227542095614463,-2.431111348772461
path,0.32461312792873587,-2.430246351147205
path,0.3264715812384395,-2.4293807930130127
path,0.3283085730969564,-2.4285244671044244
path,0.3301450975284047,-2.4276675991193155
path,0.33198116682486745,-2.4268101853509756
path,0.3338167808568104,-2.425952226502367
path,0.3356519395272343,-2.4250937232723313
path,0.3374544298281628,-2.4242497608630105
path,0.3392564459369531,-2.423405293484524
path,0.3410580224912284,-2.4225603026526232
path,0.3428591594784198,-2.421714789020073
path,0.3446598569029593,-2.4208687532369595
path,0.3464296407507703,-2.4200365323254434
path,0.3481989819110729,-2.419203814552013
path,0.3499678984143647,-2.4183705940002387
path,0.35173639030699066,-2.4175368712815892
path,0.35350445764489385,-2.4167026470057515
path,0.35525777332628,-2.415874690290696
path,0.3570106630258048,-2.4150462444011027
path,0.3587631352588116,-2.414217306830491
path,0.36051519010660676,-2.413387878169053
path,0.3622668276562285,-2.412557959005796
path,0.36399105806244064,-2.411740353522743
path,0.36571486829255667,-2.4109222795542116
path,0.3674382743035825,-2.410103731772844
path,0.3691612761927999,-2.4092847107384916
path,0.3708767348574489,-2.4084663339066017
path,0.3725857828124165,-2.4076518695615774
path,0.3742944627673934,-2.4068369980804025
path,0.37600277877965205,-2.406021712002305
path,0.37771072776351733,-2.4052060071665133
path,0.3794183069378646,-2.404389879858995
path,0.38126385548012787,-2.403427442655434
path,0.38323510553926377,-2.4024324772446928
path,0.3852606535549197,-2.4014611764544562
path,0.38728695876729785,-2.400489454064579
path,0.3893127457567506,-2.3995170903503023
path,0.3913027238802769,-2.398560967304418
path,0.39329192007688296,-2.3976044315510676
path,0.39528060732915576,-2.3966472776607297
path,0.39726878288530054,-2.395689505950211
path,0.3992564442769798,-2.3947311167867307
path,0.40121181257256006,-2.3937854461098267
path,0.4031641431141745,-2.392839336376427
path,0.4051191916758205,-2.3918939881993593
path,0.4070737984962612,-2.390948042694325
path,0.4090279501090812,-2.3900015004974
path,0.4109378609046661,-2.389075335478033
path,0.41284639810287627,-2.388149301574037
path,0.4147544762557073,-2.3872226998496857
path,0.41666208928273396,-2.3862955309272733
path,0.41856373532685437,-2.385368377431609
path,0.42042253690541603,-2.384464905991114
path,0.4222909372899589,-2.3835599702645016
path,0.4241610400445802,-2.3826575725723473
path,0.4260328401401278,-2.3817577045433937
path,0.42790633441602016,-2.3808603598838483
path,0.42976244692631177,-2.3799746110723805
path,0.43162020825468717,-2.3790913336406287
path,0.43347963086320246,-2.3782105224672017
path,0.4353407175399794,-2.3773321783252284
path,0.4372034723851556,-2.3764563035989257
path,0.4390049331475713,-2.3756116724283456
path,0.4408056526409711,-2.3747710919779315
path,0.44260274201391175,-2.3739315012143307
path,0.44439992024774594,-2.373091424191762
path,0.44620219103659825,-2.372253305299357
path,0.4479716630054534,-2.3714297483251134
path,0.449740731833294,-2.3706057383449703
path,0.4515094139447333,-2.3697812658008828
path,0.4532777071554313,-2.3689563282064086
path,0.45504560950695544,-2.3681309233614107
path,0.45678361057186173,-2.367318838264046
path,0.4585212139024295,-2.366506304757165
path,0.4602584352348024,-2.3656933151093544
path,0.46199527330116325,-2.3648798679923737
path,0.4637314293955618,-2.364065542515698
path,0.46544027358209356,-2.3632550410626556
path,0.46716097245198984,-2.36244547141988
path,0.46887027018151434,-2.361636233629101
path,0.47059273130887735,-2.360829069985847
path,0.4723067384329308,-2.360025308942511
path,0.47400651056658044,-2.3592353540737587
path,0.4757024668275999,-2.3584483263005556
path,0.47740160022552397,-2.3576627833781196
path,0.4791062430229188,-2.3568798676837672
path,0.48081196809631355,-2.356098531421563
path,0.48263177007534946,-2.3551713620157595
path,0.48450788267959916,-2.354213892369843
path,0.4864402998641671,-2.35328135103524
path,0.48842202156229053,-2.3523721434256837
path,0.4904135613768496,-2.3514685841995813
path,0.4923806022095263,-2.3505744982688137
path,0.4943541245976524,-2.3496838451201896
path,0.4963234787241294,-2.34879143229119
path,0.49829518919204374,-2.3478994664572403
path,0.5002723164372446,-2.3470094396908654
path,0.5022050150181588,-2.3461384727846872
path,0.5041365343457499,-2.3452675619707692
path,0.5060676964643173,-2.3443961235191892
path,0.5079984967552548,-2.3435241601843675
path,0.5099289310618484,-2.342651674512895
path,0.5118364249910714,-2.3417888816706975
path,0.5137435422132063,-2.3409255872115926
path,0.5156502927943118,-2.340061788652397
path,0.5175566740155279,-2.339197487869017
path,0.5194626834377462,-2.3383326866112317
path,0.5213229412176442,-2.337489445231682
path,0.523178521475517,-2.336645946995153
path,0.5250338756286144,-2.3358019745739202
path,0.5268889771161378,-2.3349575298287193
path,0.5287438042928829,-2.3341126144450555
path,0.5305663915421555,-2.3332817960672374
path,0.5323886667939051,-2.3324505321665807
path,0.534210636764592,-2.331618817540848
path,0.5360322918534288,-2.330786653368034
path,0.5378536242168506,-2.329954040742202
path,0.5396398047070111,-2.329136890090835
path,0.5414255450741003,-2.3283193877286505
path,0.5432109605211213,-2.327501456557974
path,0.5449960475322542,-2.326683097409009
path,0.5467808032307289,-2.325864311069444
path,0.5485122950663506,-2.3250690321048735
path,0.550198407394096,-2.324206599404816
path,0.5518224441166658,-2.3232998833086898
path,0.5534406728998034,-2.322389644552526
path,0.5550627183066008,-2.3214804964195155
path,0.5566499038552465,-2.320561882507745
path,0.5581569237366142,-2.319563205069533
path,0.5595775827893696,-2.318498199740141
path,0.56091258220122,-2.317365729023608
path,0.5621570946068928,-2.316162924078858
path,0.5633046593489599,-2.3149029802966816
path,0.5643629748884393,-2.3135776829279324
path,0.5653425777796962,-2.3121900897060597
path,0.5662325733137317,-2.3107325661033027
path,0.5670437967678317,-2.3092127207345596
path,0.567763040500941,-2.3076345243314518
path,0.5684091951995974,-2.305999583701119
path,0.5689780629028997,-2.304304074425533
path,0.5694893291589295,-2.3025583468228152
path,0.5699907038025431,-2.3007762983716926
path,0.5704886434956983,-2.2989627315704095
path,0.5709880863470199,-2.2971129477123964
path,0.5714909983277172,-2.2952315240250414
path,0.5719903279414067,-2.2933252930458177
path,0.5724921016817965,-2.291418784728066
path,0.5729924129077528,-2.289510993164609
path,0.5734937846813867,-2.2876025005023304
path,0.5739952948847443,-2.2856956065796368
path,0.5744969688658845,-2.2837878376068055
path,0.574995485762859,-2.2818782192415843
path,0.57559252549286,-2.279902948180635
path,0.5762001142161499,-2.277847733856719
path,0.5768024985676927,-2.275723758064401
path,0.577409831459434,-2.2735526132931145
path,0.5780169500127876,-2.2713297876449605
path,0.5786227534189915,-2.269054700851168
path,0.5792328214721341,-2.2667469107900753
path,0.5798416131000693,-2.2644391805008164
path,0.5804509781157515,-2.2621321196891655
path,0.5810555630209554,-2.259820129207022
path,0.5816683022681423,-2.257508544722229
path,0.5822828063531074,-2.255196012892974
path,0.58289225757284,-2.252882183774782
path,0.5835068318140244,-2.250566170041383
path,0.5841198330428743,-2.2482548738320234
path,0.5847360152227048,-2.2459278592832352
path,0.5853600913243757,-2.2436122577576345
path,0.5859928634199806,-2.241287790781061
path,0.5866313733890227,-2.2389692423447434
path,0.5872667110924661,-2.236648004756223
path,0.5879108649701121,-2.2343262109341455
path,0.5885457609192881,-2.2319963866173533
path,0.5891824924454995,-2.2296792786399746
path,0.5898255773397657,-2.227353162299475
path,0.5904694713079874,-2.2250344917283327
path,0.591122008971407,-2.222704758787778
path,0.5917808455732287,-2.2203890050083084
path,0.5924386335575731,-2.2180769362776607
path,0.5930899546332662,-2.215781899744218
path,0.5937487824430446,-2.213497355921865
path,0.5943629344596907,-2.211390119460857
path,0.5949714555433157,-2.209316969939887
path,0.5955711960377218,-2.207277257592118
path,0.5961632333687833,-2.2052840002019853
path,0.5967747709750271,-2.2034719716802886
path,0.5973685764368343,-2.2017864742753
path,0.5979567557555211,-2.20021884100789
path,0.5985401028936992,-2.1986552430949353
path,0.5991188223438455,-2.1970759748711646
path,0.5997475538865282,-2.1955305750123983
path,0.6004338056160409,-2.1942116448167037
path,0.6011744659727121,-2.1929661304057197
path,0.6019786748791593,-2.1917596290868904
path,0.6028471390170576,-2.190591884904615
path,0.6037803304385314,-2.1894628912686955
path,0.6048431899993378,-2.18836367715084
path,0.6060612058318736,-2.1872712413863207
path,0.607381333541706,-2.1861478231278264
path,0.6086957105206023,-2.1849538995497797
path,0.6099799935908063,-2.183740001776362
path,0.6112007449294172,-2.1825002421725865
path,0.6123805958797731,-2.1812367209551518
path,0.6135191465814173,-2.179949247056056
path,0.6146004354279778,-2.1786334568390067
path,0.6156503763850655,-2.177296630258351
path,0.616638810580371,-2.176057927913118
path,0.6176842923314015,-2.17485125013711
path,0.6187909823423609,-2.173651084133683
path,0.6199567964363717,-2.172408700588949
path,0.6211331777566131,-2.171156530002441
path,0.6222938711448888,-2.169917432930467
path,0.6234540639919681,-2.168669539717272
path,0.6246237155897851,-2.1674314314328305
path,0.6257994119832897,-2.1661865571282037
path,0.6269528087613735,-2.1649418125044635
path,0.6281195499884443,-2.1637076655013137
path,0.6292705825883715,-2.162473402739434
path,0.6304342976712134,-2.161238588339432
path,0.6315865790132753,-2.1600073080854103
path,0.6327460135694546,-2.158769826027503
path,0.6338987756326802,-2.157547648022553
path,0.6350565850705762,-2.1563248790705876
path,0.6361970858438978,-2.1551015472474973
path,0.6373542358730542,-2.1538728919596504
path,0.6384972580940518,-2.1526473484772057
path,0.6396494353196931,-2.151430354980588
path,0.6407986376590078,-2.1502167267102124
path,0.6419340088541236,-2.1489903084723387
path,0.6430809138479704,-2.1478063598834467
path,0.6442027106894338,-2.146583049322974
path,0.6453341621243285,-2.145368024119088
path,0.6464754058545699,-2.1441611261249016
path,0.6476140022400565,-2.1429449839659123
path,0.6487407879691974,-2.1417361574632467
path,0.6498824160214753,-2.1405246358219174
path,0.651012034336421,-2.139322069062166
path,0.6521515964586975,-2.138126736588622
path,0.653263151660572,-2.1369192431985478
path,0.6543999824422878,-2.135724496575932
path,0.6555215490435914,-2.1345187407321684
path,0.6566457252758892,-2.133325718439843
path,0.6577738885208579,-2.1321373936465218
path,0.6588928154375067,-2.1309411774311298
path,0.6600218514868257,-2.129753443355483
path,0.6611363333362722,-2.1285565681623155
path,0.6622116490583578,-2.127421972522224
path,0.6632806209019794,-2.126293353469773
path,0.6643569259239143,-2.1251737241509097
path,0.6654157132588564,-2.12403754583165
path,0.6664646496175877,-2.122912699578089
path,0.6675339743583105,-2.121796216138115
path,0.6685851021300571,-2.1206705638417356
path,0.6696474244380907,-2.1195519827355183
path,0.6707198650444487,-2.118437466254959
path,0.6717631861496162,-2.117311940054442
path,0.6728193167260829,-2.116200976032027
path,0.6738820274876935,-2.115098824572986
path,0.6749243214895644,-2.113984746081624
path,0.6759783475747748,-2.1128716475231184
path,0.6770344063121093,-2.111761105953035
path,0.678086681977076,-2.1106555651428858
path,0.679148761981132,-2.109557908135337
path,0.6801877132400602,-2.1084433099579263
path,0.6812419280586368,-2.1073340309646706
path,0.682295189706338,-2.1062269572271326
path,0.6833443779589657,-2.105132110329026
path,0.6844014082637209,-2.104033376413946
path,0.6854194965686783,-2.1029414735784346
path,0.6864730338541853,-2.101867641442198
path,0.6874852539765903,-2.1007522621882644
path,0.6886347240944258,-2.0994653079530834
path,0.6898850073161997,-2.0981426648816077
path,0.6911367905663306,-2.096822397305545
path,0.6923880616738638,-2.0955041847721874
path,0.693638869359208,-2.0941878609690256
path,0.694899970566642,-2.0928909522532173
path,0.6961200254379434,-2.0915694858984577
path,0.6973539394796657,-2.090262028038371
path,0.698608285241493,-2.0889586112812557
path,0.6998345329733932,-2.0876423601219254
path,0.7010708722204375,-2.086341550501771
path,0.7023065880933598,-2.0850426107910587
path,0.7035575231242043,-2.08375121854796
path,0.7047655969305339,-2.0824397618620902
path,0.7060005497544435,-2.081139943673562
path,0.707235191476939,-2.079859799278131
path,0.7084431892268835,-2.0785657412087546
path,0.7096683903717182,-2.077278082672627
path,0.7108929399280431,-2.075992217142353
path,0.7121314958739268,-2.074712690871545
path,0.7133183468533807,-2.0734291952242994
path,0.7145315447766324,-2.0721550889745024
path,0.7157549836121732,-2.07088940717745
path,0.7169597136140181,-2.069608698418921
path,0.7181599967627138,-2.0683771750573294
path,0.7193668800565445,-2.067110268861607
path,0.7205297477571794,-2.065830182174682
path,0.7217303081292697,-2.0645635072050195
path,0.7229318537179322,-2.06329825538208
path,0.724151503755928,-2.062039958789596
path,0.7253044919952945,-2.060785110839898
path,0.7264804676768697,-2.0595428300621825
path,0.7276602306320312,-2.0583024165211565
path,0.7288650622264449,-2.057072475855991
path,0.7300178763970002,-2.055814294680697
path,0.7311771782187643,-2.054584052752529
path,0.7323474024565185,-2.0533549562800917
path,0.7335312532114786,-2.052133013624748
path,0.7346810118816498,-2.0508954622824676
path,0.7358615678850822,-2.0496704319838446
path,0.7370040908963992,-2.048438571640542
path,0.7381690441360057,-2.047215332127588
path,0.7393452188961107,-2.045998712835987
path,0.7404915787596335,-2.044768735316622
path,0.7416618529180815,-2.0435512520346943
path,0.7428210537577798,-2.0423374568155817
path,0.7439546884876185,-2.041117890993169
path,0.7451200711772877,-2.0399127180350756
path,0.7462808065691314,-2.03869865813632
path,0.7474024028519585,-2.037494284703104
path,0.7485595095913705,-2.0363179740652515
path,0.7496736967248481,-2.035095691668624
path,0.7508062500806149,-2.0338916531833164
path,0.7519498591297467,-2.0326882590818056
path,0.7531129963364548,-2.031490386630286
path,0.7542128083315705,-2.0303176209033
path,0.7552835310611726,-2.029143256750798
path,0.7563297881666268,-2.0279576192430975
path,0.7573508408167379,-2.0267605365309316
path,0.7583460592633597,-2.025552036259189
path,0.7594322122848046,-2.0240903221179694
path,0.7605721204428736,-2.0225876163433916
path,0.7617466656207575,-2.0210878535199224
path,0.7628999137404879,-2.019577963774524
path,0.7640319347898529,-2.018057982470369
path,0.7651309956341074,-2.016554216365198
path,0.7662089429805048,-2.0150407467264295
path,0.7672659240228984,-2.013517451533882
path,0.7683020117414558,-2.0119843619687594
path,0.7693255653515975,-2.0104439441000097
path,0.7703219519887623,-2.0089276569737393
path,0.7713099044174089,-2.0074059100866406
path,0.7722925386635446,-2.005879015068972
path,0.7732698843228076,-2.0043469972829295
path,0.7742419441404144,-2.0028098552167615
path,0.775198152126423,-2.0012806706216546
path,0.7761487125470575,-1.9997462558334456
path,0.7770939957870564,-1.998206703705717
path,0.7780339967197875,-1.996662002238094
path,0.7789687084223045,-1.9951121370120455
path,0.7798848013720814,-1.9936298511465012
path,0.7808658257654445,-1.9922122589844073
path,0.7819120804041235,-1.9907729927556488
path,0.7829720730368062,-1.9893020711143188
path,0.7840336120815455,-1.9878340833621122
path,0.7850788144112258,-1.9863892265631444
path,0.786121624143152,-1.984945377989586
path,0.787163320034339,-1.9835020002860382
path,0.7882039346994263,-1.9820590647194607
path,0.7892434943911483,-1.9806165504065434
path,0.7902708820443315,-1.9791927865412628
path,0.7912972266487774,-1.9777693965375094
path,0.7923225953915309,-1.9763463705389113
path,0.793347017900298,-1.9749236902064542
path,0.7943705237939498,-1.9735013379256552
path,0.7953841836240174,-1.9720939772951624
path,0.7963969726665044,-1.9706869153936815
path,0.7974089316626364,-1.969280132583299
path,0.7984200913251038,-1.9678736130515708
path,0.7994304820469188,-1.9664673415205505
path,0.8004274667172571,-1.9650821291900058
path,0.8014236594463556,-1.9636971079128285
path,0.8024191707947377,-1.9623122919721396
path,0.8034140320830966,-1.960927666929008
path,0.804408274191546,-1.9595432187431354
path,0.805391358583406,-1.9581754421746076
path,0.8063737988602556,-1.956807858903462
path,0.8073557078924388,-1.9554404136032995
path,0.8083371160653331,-1.9540730930912191
path,0.8093180533102681,-1.9527058844779057
path,0.8102901596829801,-1.951351431128118
path,0.8112616506109931,-1.9499971625748977
path,0.8122327558982043,-1.9486429704194952
path,0.8132035042330154,-1.947288842580336
path,0.8141739238988366,-1.9459347671867027
path,0.8151321243261451,-1.944598717927461
path,0.816088694561797,-1.9432632845400064
path,0.8170449115925814,-1.9419279221274863
path,0.8180008039985114,-1.9405926126531696
path,0.8189563732803612,-1.9392573557274917
path,0.8198932132177936,-1.9379515913419405
path,0.8208272684931833,-1.936646806183994
path,0.8217597987795733,-1.935342601540198
path,0.8226919954582869,-1.9340384651944582
path,0.8236238924637334,-1.932734377621816
path,0.8245481761571399,-1.9314411239159737
path,0.8254715921339252,-1.9301481783313044
path,0.826394718338196,-1.928855279939416
path,0.8273175564221991,-1.9275624284915551
path,0.8282401081013467,-1.9262696237158081
path,0.8291525714121076,-1.9249918731949722
path,0.8300636379767439,-1.923714647528659
path,0.8309742370686698,-1.9224375593527474
path,0.8318845634610572,-1.9211605156476261
path,0.8327946188931857,-1.9198835161752117
path,0.8336966040648776,-1.9186183923838582
path,0.8345974659502413,-1.9173536873300168
path,0.8354980111422039,-1.9160890546637246
path,0.8363982973354437,-1.9148244643496528
path,0.8372983262630503,-1.91355991616424
path,0.8381920394417429,-1.9123045152345997
path,0.8390848933636984,-1.911049426763009
path,0.8399774920553295,-1.9097943846182686
path,0.840869844078756,-1.9085393830230308
path,0.8417619511357921,-1.9072844217485367
path,0.8426466933259642,-1.906040352919354
path,0.8435304211323631,-1.9047966625221364
path,0.844413825760087,-1.9035530553285411
path,0.8452969963917925,-1.9023094867409704
path,0.8461799346759102,-1.9010659565234023
path,0.8470546076920878,-1.8998348134166265
path,0.8479282241859488,-1.8986040672265347
path,0.8488013818864042,-1.897373469843759
path,0.8496743183538411,-1.8961429090089104
path,0.8505461056055063,-1.8949130232019809
path,0.851411606654304,-1.8936924973406903
path,0.8522783058080559,-1.8924714557714988
path,0.8531461798925805,-1.8912498481246822
path,0.8540152630895869,-1.890027658452918
path,0.8548855906339845,-1.888804870252723
path,0.8557526417274639,-1.887588781988261
path,0.8566210036971882,-1.8863720627379765
path,0.8574907203503409,-1.8851546926237521
path,0.8583618312667552,-1.8839366527320645
path,0.859234376944034,-1.8827179236058642
path,0.8601017018214913,-1.8815090783893629
path,0.8609701305523514,-1.8802996472161193
path,0.861839753665854,-1.8790896262146446
path,0.8627106169438374,-1.8778789935232845
path,0.8635827668619176,-1.8766677268188265
path,0.8644510302945265,-1.8754641752357362
path,0.865320659153762,-1.8742599409183216
path,0.8661917185893143,-1.87305500214904
path,0.8670642594736828,-1.871849333867926
path,0.8679383341976125,-1.8706429101222175
path,0.8688098880472469,-1.8694421763594593
path,0.8696829141359648,-1.868240706982411
path,0.8705574734934436,-1.8670384728213711
path,0.8714336233302551,-1.8658354450847459
path,0.8723114219894467,-1.8646315941900187
path,0.8731851237968352,-1.8634361870214868
path,0.8740605634363339,-1.8622398863851135
path,0.874937852606937,-1.8610426592926474
path,0.8758167909581345,-1.859844484461374
path,0.8766968027519351,-1.858645822548479
path,0.8776887988348661,-1.8571899832705188
path,0.8787451712462172,-1.8557535148737558
path,0.8798415779145026,-1.8542630683222878
path,0.8809312358890868,-1.852766603195375
path,0.8820141808839251,-1.8512641049898904
path,0.8830807686782474,-1.8497751979195076
path,0.8841399735717104,-1.848279959871516
path,0.885191955440135,-1.8467784012134414
path,0.8862672840217689,-1.8452876058375824
path,0.887355457176343,-1.8437961856849765
path,0.8884347536841037,-1.8423211422871286
path,0.8895153485412458,-1.840845358819089
path,0.8905973382141555,-1.8393688866101827
path,0.8916807349733639,-1.8378917083737056
path,0.8927654918093386,-1.8364138283383138
path,0.8938362276834322,-1.8349602500233748
path,0.8949079715603756,-1.8335058909526132
path,0.8959812697760767,-1.832050703311583
path,0.8970561078614592,-1.8305946777001432
path,0.8981320865144288,-1.8291380832826478
path,0.8991934235862826,-1.827702068993829
path,0.9001940862688703,-1.8262863531675995
path,0.9011914235259527,-1.8248805387178246
path,0.9021889582043109,-1.823474609587251
path,0.9031866849205871,-1.8220685647039605
path,0.9041748163189854,-1.8206788787895702
path,0.9051600707097934,-1.8192877122952886
path,0.9061471143984096,-1.817897156904261
path,0.9071343287107899,-1.816506484731573
path,0.9081217104914872,-1.815115695228048
path,0.9091115915289012,-1.8137214968506148
path,0.9101016385964361,-1.8123271790465438
path,0.9110918460010959,-1.8109327420446975
path,0.9120822116256934,-1.8095381855227688
path,0.9130727335493947,-1.8081435092001605
path,0.9140534896663929,-1.8067670062168977
path,0.9150315752998981,-1.8053891270076392
path,0.9160083223608332,-1.8040104614189194
path,0.9169871994016261,-1.8026325712599163
path,0.9179662209456618,-1.8012545628985914
path,0.918934503798091,-1.7998976553156474
path,0.9199005920971004,-1.7985395943761937
path,0.9208645856600366,-1.7971804131463265
path,0.9218274351964026,-1.7958205405336622
path,0.9227930851519175,-1.7944617525778497
path,0.9237532588218385,-1.793112764911287
path,0.9247117118812435,-1.7917628348369397
path,0.9256706924217104,-1.790412969327981
path,0.9266301795478055,-1.7890631588596855
path,0.9275897984911414,-1.7877132349563452
path,0.928540057854335,-1.786382665369881
path,0.9294890609979581,-1.7850513732401931
path,0.93043718955254,-1.7837187280934192
path,0.9313847527111248,-1.7823840780101619
path,0.9323318790890381,-1.781048965977352
path,0.9332705521290434,-1.779732579536582
path,0.9342106263557932,-1.7784154623576576
path,0.935151952586862,-1.777097595705401
path,0.9360937931137628,-1.7757794980996433
path,0.937035772117013,-1.7744612892560507
path,0.9379698531003133,-1.7731537075907304
path,0.9389043490174369,-1.7718461516963522
path,0.9398390310656083,-1.7705385100621343
path,0.9407737194538851,-1.7692307036599728
path,0.9417085501093623,-1.7679227940528695
path,0.9426346437835881,-1.766627949957603
path,0.9435598453512217,-1.7653325469171872
path,0.9444858948663845,-1.7640373650044134
path,0.9454117312916105,-1.7627419243781774
path,0.9463380104175364,-1.761446522075395
path,0.9472545620808592,-1.7601661747280897
path,0.9481690807230231,-1.7588847601963844
path,0.9490851408649975,-1.7576038856839824
path,0.950001248709982,-1.7563228757498879
path,0.950917211663144,-1.7550416443058625
path,0.9518290994983417,-1.7537677848320774
path,0.952739680334734,-1.752493185146687
path,0.9536511403173481,-1.7512188290277169
path,0.9545623729350187,-1.7499442161238623
path,0.9554741445255015,-1.7486696934202095
path,0.9563774682330016,-1.7474091852613582
path,0.957278352567844,-1.7461474323801194
path,0.9581804941045926,-1.7448860987801509
path,0.9590828146528848,-1.7436246963765771
path,0.9599850481176933,-1.742363105799048
path,0.9610247859762432,-1.7407983984936897
path,0.9621319933293054,-1.739176646086345
path,0.963319923377859,-1.7375983622746782
path,0.9645337800383745,-1.7359645926049905
path,0.9657474192463891,-1.7343249397819056
path,0.9669531904291542,-1.7326961344772163
path,0.9681588544902456,-1.731061648669139
path,0.9693642166178458,-1.7294214059291744
path,0.9705677359874748,-1.727778168295033
path,0.971757638962624,-1.726149294714215
path,0.9729296271981149,-1.72455907949509
path,0.9741006167323623,-1.7229690923989178
path,0.9752712778641037,-1.721378674884772
path,0.9764417452951684,-1.719787892226298
path,0.9776122898328053,-1.718196870897916
path,0.9787643531144569,-1.7166469504444826
path,0.9799161414932835,-1.7150978181790546
path,0.9810682777047232,-1.7135485900163494
path,0.9822210313000229,-1.711999388926605
path,0.983374267792461,-1.7104501580659508
path,0.9845115432340619,-1.7089389001091382
path,0.9856492159751672,-1.707428409557829
path,0.9867880389570379,-1.7059182054553073
path,0.9879278763508612,-1.7044082278991
path,0.989069132898385,-1.7028986614967045
path,0.9901960570962136,-1.7014244886533352
path,0.9913244023952867,-1.699951295848564
path,0.9924542611556281,-1.6984785683615975
path,0.9935860537893497,-1.6970064973555017
path,0.9947197800952675,-1.695535083560562
path,0.9958320339424,-1.694116919800966
path,0.9969457058675255,-1.6927013481677216
path,0.9980615538598276,-1.6912865579365484
path,0.9991798943728181,-1.6898726911507524
path,1.0003008104603415,-1.688459787455779
path,1.0014174390808457,-1.6870635438601476
path,1.0025368832207893,-1.6856683846637002
path,1.003659284022807,-1.68427436483726
path,1.0047845451693354,-1.6828814410651953
path,1.0059131295925359,-1.6814898229322863
path,1.0070340097293704,-1.6801242247492967
path,1.008158331438234,-1.678760005841078
path,1.009286222558276,-1.6773972096381298
path,1.0104177842253785,-1.6760358819436314
path,1.011553117550287,-1.6746760685225888
path,1.0126797553057456,-1.6733458333661038
path,1.0138102560894975,-1.6720171761697176
path,1.0149447402218494,-1.6706901348530645
path,1.016083307363767,-1.6693647544465833
path,1.0172260572492582,-1.6680410799954573
path,1.0183631452654354,-1.666741453323443
path,1.0195032647101916,-1.6654430237360243
path,1.0206377200260135,-1.6641456912115604
path,1.0216807102082606,-1.6628098703657417
path,1.0225850441356312,-1.6614168568422134
path,1.0233384375382384,-1.6599813801799992
path,1.0239559903132307,-1.6584904977457855
path,1.0244459667981176,-1.6569472968744732
path,1.0248278663079293,-1.655359414391345
path,1.0251790959134626,-1.6537569915127275
path,1.0255136063064278,-1.6521664589047302
path,1.025836829864537,-1.6505655026177046
path,1.026160888449888,-1.648987409158113
path,1.0264929668813543,-1.6475093429053602
path,1.026831869244029,-1.6461425938091205
path,1.0271757046907015,-1.6448962865954961
path,1.0275270934244205,-1.6437650119740028
path,1.0278774346826964,-1.6426738440228879
path,1.028224283693389,-1.6416021852788731
path,1.0285675667103389,-1.6405506819010989
path,1.0289061156930777,-1.6395233974810566
path,1.0292408465116516,-1.6385181051335478
path,1.0295715788674484,-1.6375360170348991
path,1.0298980908242241,-1.6365785666887858
path,1.0302201286228094,-1.635647357632753
path,1.0305354799724347,-1.6347501895800234
path,1.0308455789969009,-1.633883873386288
path,1.0311499913551985,-1.6330509607123929
path,1.0314482094817046,-1.6322543777240421
path,1.0317692951146216,-1.631345546482644
path,1.0322347591382885,-1.6303555855893528
path,1.032840788606357,-1.6292739571318096
path,1.0335247343600809,-1.6280918615000275
path,1.0341018501321149,-1.6268581341830435
path,1.0345716517127643,-1.6255841326038416
path,1.0349399582474847,-1.6243434615270622
path,1.0352267151820236,-1.6232117359347251
path,1.0360526179100134,-1.6220286997223379
path,1.036982642144912,-1.6208248714873907
path,1.0378552799329064,-1.619600099820933
path,1.0386703970518545,-1.6183538380698719
path,1.0394148062692783,-1.6171300373714839
path,1.0401918211775176,-1.615884093663611
path,1.0409270156210848,-1.6146522601206448
path,1.0415978955162555,-1.6134324362078338
path,1.0422900835792952,-1.6121971002131583
path,1.0429492441733175,-1.61095998905921
path,1.043593692180343,-1.6097155154007208
path,1.0442086531993138,-1.6084689727852048
path,1.0447940871392856,-1.6072203098671645
path,1.0453910009781298,-1.6059585341971947
path,1.0459237702836661,-1.6047089510023775
path,1.0464630865226767,-1.6034426688968715
path,1.0469678559837814,-1.6021763294858729
path,1.047458208945801,-1.6009017035756044
path,1.047931443560708,-1.5996272838372496
path,1.0483618732740365,-1.5983563567320906
path,1.0487895855707334,-1.597073235434751
path,1.0491915088138266,-1.5957892803039213
path,1.0496099031528163,-1.5945012002859156
path,1.0499968712427705,-1.5932277004236255
path,1.050417200847767,-1.5919433361072703
path,1.0508176702335565,-1.59066420947648
path,1.0512177384592236,-1.589383930383564
path,1.0516148969787098,-1.5881004313458709
path,1.052023985261566,-1.586824197433441
path,1.0524160989866582,-1.5855491948480795
path,1.0528112788904604,-1.5842727470618514
path,1.0532143476956914,-1.5829886111378233
path,1.0536055544964764,-1.5817135819569326
path,1.0542341210890052,-1.5801479921195978
path,1.0549106028762012,-1.578440432744038
path,1.055571387766926,-1.5767258912040911
path,1.0562087625248477,-1.5750076778078221
path,1.0568175669430406,-1.5732878618905315
path,1.0574237369418888,-1.5715664350087966
path,1.057982322290023,-1.5698510547731341
path,1.0585373431234886,-1.5681232395130853
path,1.0590730298380655,-1.5663945969666613
path,1.0595911712610764,-1.5646656344181855
path,1.0601253096703758,-1.5629391847102156
path,1.0606324246605223,-1.5612292698107797
path,1.0611587872668784,-1.5595122143028968
path,1.0616838025858275,-1.5577878331907022
path,1.0621986082827362,-1.5560722367395288
path,1.0627132648672375,-1.5543668229841514
path,1.0632235358508264,-1.5526731351539733
path,1.0637388401228962,-1.55097285401379
path,1.064247185479349,-1.5492726825442926
path,1.064749704755559,-1.5475687830649236
path,1.0652653879239316,-1.5458779151357214
path,1.065758502480924,-1.5441903598562081
path,1.0663071170588216,-1.5424921710868156
path,1.0668728874743623,-1.5407786645509702
path,1.0674062271276534,-1.539067320755551
path,1.0679315391191704,-1.537359128179756
path,1.0684504057379767,-1.535648284345057
path,1.0689610679419133,-1.5339362959335987
path,1.0694666860081647,-1.5322220604563375
path,1.0699690574648544,-1.5305073081846035
path,1.0704644708177358,-1.528811711426582
path,1.0709648925685402,-1.5271142755794327
path,1.0714599985304334,-1.5254143369558908
path,1.0719574588958396,-1.523716506886595
path,1.0724538497237681,-1.5220173640944215
path,1.072935245668187,-1.5203447897328866
path,1.073412284242151,-1.5186768553949594
path,1.0739104979700622,-1.5170044259547144
path,1.074394168877946,-1.5153314220977991
path,1.0748787503254829,-1.5136585939515437
path,1.0753573559546297,-1.511995616788872
path,1.075850028823227,-1.5103348922311768
path,1.0763337092597982,-1.5086731282854582
path,1.0768130676331291,-1.5070090334196093
path,1.0772863298506747,-1.5053453814119322
path,1.0777588254164692,-1.5036965259351478
path,1.078230853816405,-1.5020468809028633
path,1.0786988826784172,-1.5003974874601367
path,1.0791734070445353,-1.498748333101866
path,1.079637483813014,-1.4971020178012127
path,1.0801170432857,-1.4954570392668551
path,1.0806057210221638,-1.4938118705213939
path,1.0810645492639117,-1.4921730042753807
path,1.0815512019798499,-1.490534656543901
path,1.0820240905038019,-1.4888948814461387
path,1.082482222796353,-1.4872662997670627
path,1.0829366793364024,-1.4856353031144989
path,1.0833991395251705,-1.4840042903953692
path,1.083857648684555,-1.4823724406155354
path,1.0843079209421798,-1.4807426497370446
path,1.0847538662476,-1.4791222913188635
path,1.0852115285913662,-1.4775047148353282
path,1.0856702226971393,-1.4758873106263077
path,1.08611926473556,-1.474268884627309
path,1.0865589303867358,-1.4726513754825772
path,1.087029383810113,-1.4709982506875874
path,1.0874893684297322,-1.4693439659701961
path,1.0879438274527626,-1.467690507871026
path,1.0884138756065804,-1.4660357114127827
path,1.0888634672911224,-1.464382043703225
path,1.0893240095778287,-1.4627393921247405
path,1.0897699144673483,-1.4610983046593014
path,1.0902148800399076,-1.4594560870536784
path,1.0906682745241827,-1.457812483293631
path,1.0911296527227186,-1.4561702877944689
path,1.0915625234731285,-1.4545407694181247
path,1.0920206976121305,-1.4529031481665247
path,1.092473178303017,-1.4512710583894524
path,1.0929142417063162,-1.4496380860525673
path,1.093363100467015,-1.4480031295572666
path,1.0938034833748538,-1.4463757477212147
path,1.0942420583407482,-1.4447480657948677
path,1.0946266849739599,-1.4431217497652395
path,1.0949702670441956,-1.4415109025660595
path,1.0953397189361231,-1.439897431102239
path,1.0957217215142998,-1.4382954964606154
path,1.0961188789076886,-1.4366952736701144
path,1.096521268299605,-1.435097716217567
path,1.0969528839017304,-1.4335023568851588
path,1.0974258557546497,-1.4319172424542028
path,1.0979691295283085,-1.4303514636377794
path,1.098600831798846,-1.428798195111738
path,1.0993474596881754,-1.4272542474920182
path,1.1001865928283914,-1.4257229232672144
path,1.1011242646664063,-1.4242035469937877
path,1.1021589800100395,-1.4227071575812467
path,1.1032829774078041,-1.4212239801221525
path,1.1045173107230073,-1.4197512833872974
path,1.1058462840521355,-1.4182914022766875
path,1.1072791889753042,-1.416843487165127
path,1.1087642971891252,-1.4154151880989265
path,1.1102524804825433,-1.4139911592101126
path,1.111746868266414,-1.4125630159881026
path,1.1132439447884455,-1.4111374931581047
path,1.114729406319089,-1.4097115626528147
path,1.1162053358930009,-1.4083162099185496
path,1.1176711841068345,-1.4069147382931786
path,1.1191289840260963,-1.4055154144216953
path,1.1205821212993115,-1.4041143872787925
path,1.1220402272805952,-1.402713314702838
path,1.1234672031250261,-1.4013473547830535
path,1.124891001983327,-1.3999791784738511
path,1.1263064814757828,-1.3986116964736546
path,1.127721046414103,-1.3972414172365986
path,1.129130335682157,-1.3958728627366892
path,1.1305269711900896,-1.3945159533133196
path,1.1319067320236817,-1.393160718084677
path,1.1333041823625052,-1.3918051704216114
path,1.1346959156789065,-1.3904500115833156
path,1.13608053421276,-1.3890911632504366
path,1.1374343526449595,-1.3877639128932588
path,1.1387951175319635,-1.3864350712855167
path,1.140150730150007,-1.385106967354882
path,1.1415068558336499,-1.3837767239506198
path,1.1428519371433854,-1.3824472979340496
path,1.1441784762243583,-1.3811410666777333
path,1.1455245137768648,-1.379831415104738
path,1.1468557200513143,-1.3785246061625192
path,1.1481861902102304,-1.377214290790141
path,1.1495096898062926,-1.3759048102501705
path,1.1508270709863004,-1.3746128163845752
path,1.1521373760587088,-1.3733184796709346
path,1.1534418772389552,-1.3720238273508443
path,1.1547384094987654,-1.3707264760574827
path,1.1560439676985717,-1.3694325283453577
path,1.1573325174871218,-1.368160377231685
path,1.1586142471216005,-1.3668884759725408
path,1.1598894561820756,-1.3656130740651513
path,1.1611541620671426,-1.3643397001776258
path,1.1624354108058585,-1.3630655798256426
path,1.163697020536094,-1.3618094418963431
path,1.1649609999556685,-1.360553554641857
path,1.1662221421884675,-1.3592950213921082
path,1.1674647181232891,-1.3580381294112582
path,1.1687188499938785,-1.3567769433631873
path,1.169964134374432,-1.3555340974250594
path,1.1712037058805467,-1.3542867649836097
path,1.1724435968366644,-1.353041940575004
path,1.1736848255979255,-1.3517947773508163
path,1.1749145298912598,-1.3505485127464305
path,1.1761333336801685,-1.349321327418308
path,1.1773595631790439,-1.3480911403332385
path,1.178577330795573,-1.3468641057392678
path,1.1797948786782049,-1.3456344141607257
path,1.181005100258061,-1.3444037791334253
path,1.1821998890590268,-1.3431825848012917
path,1.1834011117940455,-1.3419584017115258
path,1.1845904939539083,-1.3407346244619949
path,1.1857959521105115,-1.3395122589643196
path,1.1869927176135753,-1.3382887454764922
path,1.1882919626456103,-1.3368068413650624
path,1.189771197196625,-1.335195521735514
path,1.1913125784219623,-1.3335925140357985
path,1.1928646199734065,-1.3319855549226158
path,1.1944204543843604,-1.3303834806798658
path,1.1959626935828964,-1.3288201357678244
path,1.1974909593555993,-1.3272558275227717
path,1.1990101118613696,-1.3256882346166268
path,1.2005127521255239,-1.3241223162376607
path,1.202017020928068,-1.322551408418409
path,1.2035016188637038,-1.3210050905466262
path,1.2049777586509958,-1.3194577062932908
path,1.2064640069055244,-1.3179092500790393
path,1.2079547885796735,-1.316362394143844
path,1.209445070465486,-1.314813050415693
path,1.2109021937666835,-1.3133103308823018
path,1.2123503869796264,-1.3118067969986724
path,1.2137961438755822,-1.3103026940251221
path,1.2152340237061523,-1.308799026335725
path,1.2166692968446764,-1.3072941118082206
path,1.2180786870482636,-1.3058314259602426
path,1.2194781848031693,-1.3043696771431286
path,1.2208699164680032,-1.3029097438163102
path,1.2222702681874031,-1.3014484720999184
path,1.2236845935758853,-1.299993126464121
path,1.225091380477003,-1.2985631786729839
path,1.2264927149517562,-1.297133825041073
path,1.2278845713390532,-1.295708254352025
path,1.2292866993902933,-1.2942861892037458
path,1.2307002043963737,-1.292858699345023
path,1.23209681037118,-1.2914593234998462
path,1.2334982282840106,-1.2900604303946828
path,1.2348996133635157,-1.2886629689825277
path,1.2363068695874515,-1.2872678495530787
path,1.2377243936298954,-1.2858765374155758
path,1.2391437437047814,-1.284516254003355
path,1.2405911506333058,-1.2831586258910568
path,1.242064835398727,-1.281808080272617
path,1.243507282487724,-1.2804610951107496
path,1.244917959901438,-1.2791028326326603
path,1.2462673698412303,-1.2777697994536406
path,1.247607456206784,-1.2764363311464524
path,1.2489465648701676,-1.2751024647843159
path,1.2502847010462255,-1.2737681958104916
path,1.251621869481605,-1.2724335201469401
path,1.2529439142164438,-1.2711128614338354
path,1.2542647701547391,-1.2697917752223993
path,1.2555846900329772,-1.2684702821114764
path,1.2569036771183184,-1.267148379506158
path,1.258221734392289,-1.2658260650997164
path,1.2595150101642083,-1.2645283652943762
path,1.2608059199526391,-1.2632306878344242
path,1.262095941826996,-1.2619326097077146
path,1.2633850778577438,-1.260634129486547
path,1.2646733299412818,-1.259335245916602
path,1.2661149365352955,-1.2577467045320256
path,1.2677480493265068,-1.255936211656686
path,1.2694511392456922,-1.2540742984990938
path,1.2711278618571316,-1.252148129886164
path,1.2727291581999127,-1.2501949261742733
path,1.2742236187904197,-1.2482376302673739
path,1.2756354983924374,-1.2462726934985366
path,1.2769601994444146,-1.2442778446727625
path,1.2781999684586813,-1.2422534587404859
path,1.2793657187578176,-1.2402016245723753
path,1.2804493335201281,-1.238278480247835
path,1.2815390003838216,-1.236490474100403
path,1.282695810871662,-1.2347157523696355
path,1.2839194306912185,-1.2329514336947398
path,1.2852171292173762,-1.2311962504122358
path,1.2865629088417525,-1.2294285351214351
path,1.2878846584766492,-1.2276058810189518
path,1.2891874363556113,-1.225793279383476
path,1.2905022882273995,-1.224005462734194
path,1.291802227913096,-1.222192326455859
path,1.2930817780905668,-1.2204023283401102
path,1.294350880202627,-1.2186071017553635
path,1.2956430686760851,-1.2168165326705265
path,1.2969206046823225,-1.2150261173594292
path,1.2982049359495915,-1.2132386680429676
path,1.2994713061716994,-1.2114941207779473
path,1.300735574993156,-1.209740117758497
path,1.3019882457058611,-1.208002833775163
path,1.3032386487386316,-1.2062849783174059
path,1.3044774430830302,-1.2045447872630373
path,1.3056933521656333,-1.2028366525400433
path,1.3069073507796072,-1.201131216216637
path,1.3081263809898989,-1.1994219884187691
path,1.3093225257764034,-1.1977178651917635
path,1.3105382668245482,-1.1960158642899512
path,1.3117726916447003,-1.1943416563232376
path,1.3129864011491887,-1.1926560049959667
path,1.3141781208836159,-1.1909948399878498
path,1.3153984216518924,-1.18934615206394
path,1.3165918554369649,-1.1876767275946292
path,1.317750224669358,-1.1860509128296646
path,1.3189023201274293,-1.184425681734138
path,1.3200684008946069,-1.1827973204880944
path,1.3212192527525202,-1.181171200563518
path,1.3223745016664323,-1.1795422042373194
path,1.3235611321853438,-1.177927383714225
path,1.3247339293132472,-1.1763040652338663
path,1.3258815181074552,-1.1746925147275762
path,1.327043281960823,-1.1730821576124044
path,1.3281887600299573,-1.1714769849008293
path,1.3293033042624924,-1.1699041965955244
path,1.3304259757014938,-1.1683286642900035
path,1.331549949889744,-1.166767572776451
path,1.3326770162276889,-1.1651994921615405
path,1.3337896047703464,-1.163625140676898
path,1.3349064087750526,-1.1620621868401542
path,1.336028750460493,-1.1604980862278353
path,1.3371447588248508,-1.1589330438804402
path,1.3382682782079056,-1.1573795972577352
path,1.3393930707539905,-1.1558133100147763
path,1.3404900548110739,-1.1542810592292505
path,1.3415795361167484,-1.1527488784851885
path,1.3426912332636742,-1.1512443416507816
path,1.34378679818705,-1.1497130650350535
path,1.3448646693868747,-1.1481851054320014
path,1.3459279695761361,-1.1466774579313759
path,1.346996202173328,-1.1451676349175162
path,1.3480946984685043,-1.1436519466008641
path,1.3491847974291165,-1.142129333063855
path,1.3502534515624935,-1.1406249478244155
path,1.3513208282421605,-1.1391285014737227
path,1.3523949857987836,-1.1376349956052911
path,1.3534558011253308,-1.1361398969340621
path,1.3545184151168594,-1.1346529405879713
path,1.3555971665717734,-1.1331691967269364
path,1.3566509576671684,-1.131691993924205
path,1.3577026549822369,-1.1302126049973538
path,1.358777554823607,-1.1287309505713499
path,1.359850145286812,-1.1272430471926815
path,1.3609038354751632,-1.1257659355841871
path,1.3619486272764376,-1.1243061950074436
path,1.3630085549266802,-1.1228474942738005
path,1.3640763749901104,-1.1213798487919158
path,1.36512988803034,-1.1199177278280226
path,1.3661596407438146,-1.118466945106914
path,1.367188545314003,-1.117029181204603
path,1.3682321754473232,-1.1155924619472628
path,1.3692636839247943,-1.1141602228032996
path,1.3703016561846089,-1.1127296415924566
path,1.3713614341956009,-1.111279793077015
path,1.3723861140193816,-1.1098497566587398
path,1.3734011487330466,-1.1084317793401204
path,1.3744054628169338,-1.1069796071100573
path,1.3753525383069458,-1.105503071774938
path,1.3762562139245327,-1.1039906813252705
path,1.3774506996090001,-1.1022006040382122
path,1.3786975775216292,-1.1001418290987979
path,1.3799267665808137,-1.098047810800725
path,1.3812190581759136,-1.095934294295099
path,1.3825890265766279,-1.0938470307086166
path,1.383983520377972,-1.0918237689126717
path,1.3854371328953508,-1.0898244899962983
path,1.3869041837773692,-1.0878460188655068
path,1.3882950466095905,-1.0858881443585784
path,1.389614012747699,-1.083908251439384
path,1.3908440887434366,-1.081938598311714
path,1.392000211934804,-1.0799631614881424
path,1.393093661540576,-1.0779647455543917
path,1.3942312908815642,-1.0759083391760238
path,1.3954388948101526,-1.0738727179136849
path,1.3966984973562766,-1.071897955452798
path,1.3980645265501783,-1.0699621636357721
path,1.3995518359535681,-1.0680715872900515
path,1.4011183849624764,-1.0662286358644728
path,1.4026515515958256,-1.0644221652770662
path,1.4041219143598864,-1.062643067089413
path,1.4055583552208442,-1.060878016299315
path,1.406962305168361,-1.0591016534306787
path,1.408340560135587,-1.0573156872344143
path,1.4096893012848177,-1.0555191998366156
path,1.4109904258786123,-1.0537386684278816
path,1.4122648451632058,-1.051949245415673
path,1.4135111214118763,-1.0501496703164257
path,1.4147287826526467,-1.048339086259639
path,1.4158971609038153,-1.0465115518776866
path,1.4170090884492361,-1.0447154033246662
path,1.418064580944365,-1.0429149895811676
path,1.4189990587381525,-1.0410717894937254
path,1.4198217011515848,-1.0391882472826706
path,1.4205381431394402,-1.0372667305459693
path,1.4211293172559516,-1.0353351122699495
path,1.421677970370194,-1.0333629967128746
path,1.4222417625045263,-1.0313624735324451
path,1.4228426808199517,-1.0293730885422165
path,1.4234728892120805,-1.0273953774004643
path,1.4241158699206289,-1.0254512625668637
path,1.4247881429206246,-1.0235181981574852
path,1.425484927106399,-1.021595559837387
path,1.4262081239943258,-1.0196833479329424
path,1.4269609410935251,-1.0177816076985025
path,1.4277195615706857,-1.015910486659122
path,1.4285103964772432,-1.0140509952800534
path,1.4293277207075876,-1.0122024833979513
path,1.4301730313923777,-1.0103655416816113
path,1.4310526490055444,-1.008539389453713
path,1.4319370797940187,-1.0067420309213213
path,1.4328467025242153,-1.0049549296518625
path,1.4337880719557603,-1.003178593435672
path,1.4347527324357643,-1.0014125990686702
path,1.4357465008276777,-0.9996583580923833
path,1.4367544391950253,-0.9979316788168437
path,1.4377993064048598,-0.996217505331261
path,1.4388647945704185,-0.994513998655925
path,1.4399687221847604,-0.992822588978761
path,1.4410920463591248,-0.9911417320134224
path,1.442229953115135,-0.9895008472587344
path,1.4434032468683848,-0.9878719978789166
path,1.444598437916382,-0.9862542936280972
path,1.4458247081647972,-0.984648050540548
path,1.4470816569048797,-0.9830536233133764
path,1.448347697649072,-0.9815054535380279
path,1.4496434033312589,-0.9799694153093642
path,1.4509648757268465,-0.9784442047540163
path,1.4523219134845717,-0.9769319961372277
path,1.453706189917848,-0.9754313375232642
path,1.455099769956853,-0.9739738769038783
path,1.4565240658279928,-0.9725291397952706
path,1.45798495626914,-0.9710962012500557
path,1.4594678830843484,-0.969674122047916
path,1.4609814982539313,-0.9682645983101672
path,1.4625150459669687,-0.9669025026014455
path,1.4640613126739137,-0.9655469245035627
path,1.4656075163145048,-0.9641911060896334
path,1.4671536463297976,-0.9628350538394648
path,1.4686996939068122,-0.9614787729219934
path,1.470224366302115,-0.9601421533603359
path,1.4717479872419497,-0.9588049508964612
path,1.473271510720787,-0.9574675358193118
path,1.4747949323351108,-0.956129910189997
path,1.47631824835052,-0.9547920756419263
path,1.4778110420854305,-0.9534837264828707
path,1.4793009383044802,-0.9521746564437663
path,1.48079072624282,-0.9508653894620193
path,1.48228040389837,-0.9495559261722052
path,1.483769969538739,-0.948246267077564
path,1.4852352957102064,-0.9469593655507037
path,1.4866991424045202,-0.9456717451353055
path,1.4881628773090498,-0.9443839365344624
path,1.4896264994125383,-0.9430959399549833
path,1.4910900078197291,-0.9418077555686513
path,1.4927348314642772,-0.9402826566503637
path,1.4945871267322017,-0.9385088492335205
path,1.4965210186167577,-0.936685548399211
path,1.4984839310425473,-0.9348759469176432
path,1.5004972525076927,-0.9330848173447823
path,1.502468614949469,-0.9313616655498197
path,1.504423121085588,-0.9296375550678987
path,1.5063774158043692,-0.9279131123198803
path,1.5083274613515156,-0.9262103252233672
path,1.510285024325263,-0.9245102046060294
path,1.5121921818741249,-0.9228578797058588
path,1.5140976544715523,-0.9212052196439644
path,1.516001259889379,-0.9195515834594907
path,1.5179030012166603,-0.9178969733286639
path,1.5198028815396851,-0.9162413913727241
path,1.521620690508392,-0.9146515291119841
path,1.5234378404078748,-0.913063238356406
path,1.525253289659334,-0.911474060372276
path,1.5270670409666127,-0.9098839969150097
path,1.5288790970306083,-0.9082930497067176
path,1.530643258559726,-0.9067418148266146
path,1.532405803693456,-0.9051898092484041
path,1.5341667466241,-0.9036369690468115
path,1.5359260905421672,-0.9020832905252436
path,1.5376826063393239,-0.9005297646320706
path,1.5393771397409044,-0.8990274648759762
path,1.5410696695237642,-0.8975239472625979
path,1.5427595231627513,-0.8960206918628705
path,1.5444472558185673,-0.8945160505080471
path,1.546133583285771,-0.8930096858912083
path,1.5477844618657421,-0.8915354499916883
path,1.5494306356617165,-0.8900596858649561
path,1.5510751181895404,-0.888583080130611
path,1.5527181905048077,-0.8871061093527405
path,1.5543590053722087,-0.8856270604730467
path,1.5559692452668155,-0.8841772934514528
path,1.5575753667254872,-0.8827266550831105
path,1.559178917364228,-0.8812758402865069
path,1.5607815940139174,-0.87982242709713
path,1.5623821160212619,-0.8783675093811231
path,1.5639617714457306,-0.8769346894037132
path,1.5655378333244971,-0.8754978816825808
path,1.5671109600719797,-0.8740609175710524
path,1.5686839226926765,-0.8726234918659823
path,1.5702547104440463,-0.8711853339809651
path,1.571780255089178,-0.8697885496685617
path,1.573303314096425,-0.8683922085680055
path,1.5748229394470845,-0.8669953250604336
path,1.5763432367564985,-0.8655965055284408
path,1.5778611104160258,-0.8641991936198467
path,1.5793610061532255,-0.8628156196208095
path,1.5808563770950086,-0.8614300875681041
path,1.5823519395670071,-0.8600334709258277
path,1.5838444126109383,-0.8586176525319845
path,1.5853360737259041,-0.8571772618029382
path,1.5867815392281024,-0.8557516341997253
path,1.5882318316224802,-0.854373468820154
path,1.5896779106589134,-0.8531101571751136
path,1.59111960533913,-0.8518555512257721
path,1.5925595674908213,-0.8505995632066886
path,1.5939782602263193,-0.849360726198228
path,1.5953956842217387,-0.8481216147037427
path,1.5968118507827507,-0.8468822153032357
path,1.5982267640267696,-0.8456425240620647
path,1.5996404277489555,-0.8444025374312931
path,1.6010256366252404,-0.843186149886574
path,1.602409640011438,-0.8419694859718959
path,1.603792450134453,-0.8407525306904552
path,1.6051740697370853,-0.839535281713883
path,1.6065545013671125,-0.8383177369588061
path,1.6080394187564637,-0.8368130882046908
path,1.6097092581562267,-0.835163191205907
path,1.6115479784244182,-0.8335130070841872
path,1.6134102069561564,-0.8318625733651075
path,1.6152702710101767,-0.8302114454938136
path,1.6170716607995828,-0.8286115359288221
path,1.618868979640616,-0.8270112225933461
path,1.6206642777024334,-0.8254102826832603
path,1.6224575582069358,-0.8238087248712745
path,1.6242488242274147,-0.8222065570693624
path,1.6259973213627055,-0.8206405109782798
path,1.6277436843511504,-0.8190739098109583
path,1.6294881316311476,-0.8175067429372894
path,1.6312306666030847,-0.8159390138054899
path,1.632971290687682,-0.8143707297947758
path,1.6346479936579954,-0.8128595294256332
path,1.6363203312868555,-0.8113486878689149
path,1.6379908292586642,-0.809837255215449
path,1.639659563621576,-0.8083253209602287
path,1.64132653626875,-0.8068128883303487
path,1.6429536216537008,-0.8053346204174576
path,1.6445790157176075,-0.8038558990232456
path,1.646202732777769,-0.8023767088529289
path,1.6478556406307137,-0.8008374788364047
path,1.6495285982989931,-0.7992577454331513
path,1.651149128193931,-0.7977268905704784
path,1.6527657388459167,-0.7961959315668012
path,1.6543804718064266,-0.7946645523947833
path,1.6559933269829075,-0.7931327550385546
path,1.6576043044488054,-0.79160054134555
path,1.6591822365222375,-0.7900976127117074
path,1.660758352647925,-0.7885943026403552
path,1.6623326645334826,-0.7870905964975047
path,1.6639051726782639,-0.785586495670185
path,1.6654758776811989,-0.7840820014643405
path,1.6669951256916569,-0.7826263416801188
path,1.668510735881562,-0.7811706204819218
path,1.6700246621354913,-0.7797145342299503
path,1.6715369052178133,-0.7782580839200423
path,1.6730474659526984,-0.776801270497364
path,1.6745249445925845,-0.7753744318138507
path,1.6760008008377705,-0.7739472628837105
path,1.6774750468522779,-0.7725197481128468
path,1.6789476835620678,-0.7710918882594658
path,1.6804187119288478,-0.7696636840508055
path,1.6818654087037572,-0.7682572370929404
path,1.6833105404336508,-0.7668504695165631
path,1.6847541162272972,-0.7654433700404353
path,1.6861961370983483,-0.764035939274993
path,1.6876366040817063,-0.7626281778116673
path,1.6890443142324643,-0.7612506335107777
path,1.6904505281981272,-0.7598727901481631
path,1.691855258078127,-0.7584946318111979
path,1.6932585048947086,-0.7571161590058193
path,1.6946602696826396,-0.755737372226206
path,1.6960415013654648,-0.7543770428842652
path,1.697421286423783,-0.7530164190344737
path,1.6987996326146184,-0.7516554910499424
path,1.700176540964939,-0.7502942593725975
path,1.7015520125089834,-0.748932724437026
path,1.7029082966945916,-0.7475884871195233
path,1.704263176775587,-0.7462439645692391
path,1.7056166600092746,-0.744899147758719
path,1.7069687474099084,-0.7435540370855842
path,1.7083194399958561,-0.742208632942805
path,1.7097510381243672,-0.7405813542148574
path,1.7113917597191075,-0.7387682761053324
path,1.713198353871226,-0.7369456294231573
path,1.7150189000624707,-0.7351214949436934
path,1.7168368870089703,-0.7332967512223036
path,1.7185977429747497,-0.7315281530649703
path,1.7203535920493989,-0.7297598128539066
path,1.7221070497699404,-0.727990918493807
path,1.723858119202151,-0.7262214760923983
path,1.725606803349234,-0.7244514912478907
path,1.7273154673545892,-0.7227160846373052
path,1.7290361175763227,-0.7209588277524968
path,1.730772173694724,-0.7191658507348354
path,1.7325308376237385,-0.717325377029566
path,1.7342852794704458,-0.7154182431253281
path,1.7360109597454407,-0.7134718048027241
path,1.73762955091318,-0.7114198170669639
path,1.739117375685544,-0.7095260926894924
path,1.740529608649331,-0.7080097415412149
path,1.7419668948706855,-0.7065546832862821
path,1.7434056470726047,-0.7051583739345614
path,1.7448728502823003,-0.703797972197959
path,1.7463679188424328,-0.7024726294222404
path,1.747890665189395,-0.7011819937504272
path,1.7494430979024482,-0.6999224400150649
path,1.7509015450952736,-0.6986163104887069
path,1.7523094967128907,-0.6972992094947663
path,1.753716429857798,-0.6959816905598493
path,1.7551223442852626,-0.6946637584462009
path,1.7565272398288145,-0.6933454174956573
path,1.7579113594875186,-0.6920452373600616
path,1.7592944836271989,-0.6907446748851411
path,1.7606766174036776,-0.6894437247937316
path,1.7620577608695969,-0.6881423900953266
path,1.7634379141242194,-0.6868406735445562
path,1.7647927506251904,-0.6855615515021415
path,1.7661466256481742,-0.6842820755624306
path,1.7674995457074822,-0.6830022372448659
path,1.7688515110189984,-0.6817220384878493
path,1.7702025218264035,-0.6804414810752466
path,1.7715194638157035,-0.6791916973846414
path,1.7728357639243266,-0.6779419129330087
path,1.7741510247206211,-0.676691626896106
path,1.7754653782770717,-0.675441004620848
path,1.7767788249041492,-0.6741900472906723
path,1.7780711928562127,-0.6729579903878825
path,1.7793626770100328,-0.6717256193375855
path,1.7806532829151187,-0.6704929262338379
path,1.7819430109121313,-0.6692599119529633
path,1.7832318613516216,-0.6680265773143751
path,1.784491989988261,-0.6668195947196939
path,1.7857512775297413,-0.6656123167688698
path,1.7870097261219122,-0.6644047340623627
path,1.7882673361178603,-0.6631968472238113
path,1.789524107876574,-0.6619886568422609
path,1.7907629218485557,-0.6607966390531421
path,1.7920009166037092,-0.6596043344853587
path,1.793238096905897,-0.6584117360728632
path,1.7944744631156326,-0.6572188442858586
path,1.795710015596958,-0.6560256595735012
path,1.7969209638908359,-0.6548551810549094
path,1.7981311241292008,-0.6536844320788688
path,1.7993405027714529,-0.6525134024877448
path,1.8005491001699467,-0.6513420926507861
path,1.8017569166791496,-0.6501705029243977
path,1.802949226427589,-0.6490129324796332
path,1.8041407711576811,-0.6478550961168728
path,1.805331554987967,-0.6466969876058397
path,1.8065215782658715,-0.6455386072542912
path,1.8077108413400866,-0.6443799553621236
path,1.8090923994062997,-0.6429002108825247
path,1.8106432286142446,-0.6412959299481724
path,1.8122698040754361,-0.6397039779130738
path,1.8138961708501062,-0.6381111841519624
path,1.815521293113493,-0.6365180875027374
path,1.817120211739624,-0.6349488210374059
path,1.8187177567043287,-0.6333790797706766
path,1.820313929042391,-0.6318088545914697
path,1.8219087287486138,-0.6302381454354733
path,1.8235021559033737,-0.628666952297454
path,1.82503056310101,-0.6271565735862105
path,1.826556046801455,-0.6256489380484541
path,1.8280802692922289,-0.624140857949698
path,1.8296032308154289,-0.6226323334049441
path,1.8311249316650184,-0.6211233645645865
path,1.832608097995789,-0.6196506688303836
path,1.8340897753916041,-0.6181781384464415
path,1.8355702548782749,-0.6167051861392366
path,1.8370495368549216,-0.6152318121350097
path,1.83852762175208,-0.6137580166811609
path,1.8399554455931815,-0.612331872349126
path,1.84138127021444,-0.6109071326604728
path,1.842805978822862,-0.6094820004003368
path,1.844229571875561,-0.6080564758389191
path,1.8456520498486875,-0.6066305592589911
path,1.8470435509061898,-0.6052338926007583
path,1.848434279695975,-0.6038372142598201
path,1.8498237944461013,-0.6024399839645224
path,1.8512122422450634,-0.6010423790557893
path,1.8525996235998279,-0.5996443998388552
path,1.8539610569530305,-0.5982711462966996
path,1.8553214615294469,-0.5968975417161877
path,1.856680839140533,-0.5955235770650069
path,1.8580391902966609,-0.594149252651931
path,1.8593965155151564,-0.5927745687900463
path,1.860734177774275,-0.5914184241586296
path,1.8620708384739149,-0.5900619390804338
path,1.863406502793626,-0.5887051052986213
path,1.8647411712486748,-0.5873479231254061
path,1.866074844358534,-0.5859903928754732
path,1.8673678791739632,-0.5846724475168932
path,1.8686595286208316,-0.5833551061486142
path,1.8699502431944313,-0.5820374382180888
path,1.87124002337835,-0.5807194440186342
path,1.8725288696587157,-0.5794011238449
path,1.8737958990460137,-0.5781038630596855
path,1.8750620203252382,-0.5768062970309541
path,1.8763272391701291,-0.5755084163695964
path,1.8775915560502363,-0.5742102213598385
path,1.8788549714366474,-0.5729117122865949
path,1.8800886638079657,-0.5716422253725207
path,1.8813217804814248,-0.5703727850766522
path,1.8825538965050799,-0.569102877280026
path,1.8837851533171326,-0.5678326705980127
path,1.885015551362147,-0.5665621652990479
path,1.8862274807700143,-0.56530956542875
path,1.8874385723380798,-0.5640566841703709
path,1.8886488308636604,-0.5628035135647602
path,1.8898582567748725,-0.5615500538698238
path,1.8910668505003785,-0.5602963053435311
path,1.8922541249832328,-0.5590635433991393
path,1.8934405910387186,-0.5578305124278642
path,1.8946262541476087,-0.556597203081136
path,1.895811114718465,-0.5553636156043437
path,1.896995173160179,-0.5541297502428147
path,1.8983814724446402,-0.5525376815716151
path,1.8999498610446208,-0.550735131880812
path,1.9016264991243674,-0.5489522950686675
path,1.9033269234117633,-0.5471714677848644
path,1.9050256816204414,-0.5453900066666394
path,1.906627124077255,-0.5436346315134398
path,1.9082224918356685,-0.5418850037780777
path,1.9098161671817153,-0.5401350045284143
path,1.9114013746648713,-0.5383765696159988
path,1.9129917637802767,-0.5366251997888133
path,1.9145469609503194,-0.5349098893834939
path,1.916093992113609,-0.5331865574122638
path,1.9176383267721873,-0.531487243129695
path,1.9192173751109607,-0.5296877682507126
path,1.9208899397892616,-0.527674743157149
path,1.9225108591431646,-0.5254627243701223
path,1.9240133351141682,-0.5235185660913344
path,1.9255622920887256,-0.5215487689803853
path,1.9271752311642385,-0.5195078135351493
path,1.928778710300417,-0.5173345431954458
path,1.930352047096907,-0.5151616425513669
path,1.9318890388365333,-0.5129616804203833
path,1.9334031073875912,-0.5107430073462461
path,1.934887218095426,-0.5085127787745577
path,1.936346967573183,-0.5062811101490314
path,1.9378058846084665,-0.5041030419910033
path,1.9392320061654826,-0.5019427945869334
path,1.9406209308498927,-0.4997785089705009
path,1.9419969952291105,-0.49761220603422696
path,1.9433824147069283,-0.4954003432066514
path,1.9447768255845623,-0.4931448858397084
path,1.9461779737721159,-0.4908687968686324
path,1.9475601007497783,-0.48856324331479967
path,1.94893696071066,-0.4862451209252129
path,1.9503175093225595,-0.48392463037763184
path,1.951685411018027,-0.481593982148078
path,1.9530434783834703,-0.4792618175987551
path,1.9543863312653553,-0.4769269455141612
path,1.9557178068553889,-0.47458436472575843
path,1.957033042692917,-0.47224538489455414
path,1.9583274496142533,-0.46990843233412183
path,1.9595976766365388,-0.4675740305597301
path,1.9608455640395184,-0.4652460679081566
path,1.9620700257749792,-0.46292603566033
path,1.9632655741978593,-0.46061238207500554
path,1.964443911572735,-0.45831850545169195
path,1.9655765568010832,-0.4560256669472764
path,1.9666863995910073,-0.4537536934127145
path,1.9677435212197156,-0.45147844784919267
path,1.968775039856785,-0.44921912409474163
path,1.9697806966593012,-0.4469779671596746
path,1.9707408393486539,-0.4447386902101262
path,1.9716687240759507,-0.4425134563608099
path,1.9725603221883852,-0.4402972861418231
path,1.9734225376389285,-0.43809529102525346
path,1.9742739639520777,-0.4361242724650496
path,1.9750632413852123,-0.43430216818437634
path,1.9757794983542192,-0.432526527565238
path,1.9764231359797744,-0.4307968773449437
path,1.976999362174736,-0.42910798428460684
path,1.977600945280871,-0.42738749038750834
path,1.9781920405900182,-0.42566341309587497
path,1.9787486928970688,-0.4239568183213654
path,1.9792774476472563,-0.42225987256186787
path,1.9797917309494832,-0.42056688463306874
path,1.9802957557141851,-0.41889541933638486
path,1.9807739502836397,-0.41723858416567966
path,1.9812277286181421,-0.4155950371596257
path,1.981692859836584,-0.4139297714906567
path,1.982128792851869,-0.4122802615163777
path,1.982783796378865,-0.4102571014944906
path,1.9834583375216326,-0.40782584691120743
path,1.9841510337261454,-0.40520955138039266
path,1.98482436293117,-0.4025974882897616
path,1.9854666130896155,-0.4000012774071064
path,1.9860870378310858,-0.39744643851643363
path,1.9866767144255806,-0.39490709104290683
path,1.9872357548890445,-0.39238297794601323
path,1.987774101218846,-0.3898653522265791
path,1.988321427108807,-0.38732394756436184
path,1.9888437341631806,-0.38481157231700697
path,1.9893363060628517,-0.38231426384266354
path,1.989799202843326,-0.3798317056975017
path,1.990260078327602,-0.37733783914734426
path,1.990711495495862,-0.3748397097191029
path,1.9911438842117677,-0.3723845799415409
path,1.9915475106849414,-0.3699441603463461
path,1.9919224193971885,-0.3675181292615988
path,1.9922687050063872,-0.36510627704754606
path,1.9925872046264992,-0.3627083474766451
path,1.992933854486933,-0.3602862950127094
path,1.9932687960208635,-0.3578632749216201
path,1.9935768097555553,-0.3554541489733617
path,1.9938765993780896,-0.3530537633249118
path,1.994175494285961,-0.35065978932942843
path,1.9944712758532055,-0.34828786657687955
path,1.9947654432925142,-0.3459224435526756
path,1.9950972096852915,-0.3435229387206882
path,1.9954170339992692,-0.3411216401788727
path,1.9957110690699134,-0.3387334508698921
path,1.9959962290514601,-0.33636040599720635
path,1.9962803677750962,-0.3339933311732632
path,1.9965828552642297,-0.33161291887636013
path,1.9968953055950716,-0.3292115612771697
path,1.9971819116922693,-0.32682308133093513
path,1.9974559369258378,-0.3244606201903274
path,1.9977280010758391,-0.32210439089846127
path,1.9979991588575519,-0.3197538336696422
path,1.99826942185117,-0.31740882414685195
path,1.9985685451786335,-0.3150342610362679
path,1.9988500787278682,-0.31267518012287937
path,1.9991132757098007,-0.31032644609930654
path,1.9993795889807808,-0.3079794397424128
path,1.9996726313942952,-0.3055998874540059
path,1.9999412723077363,-0.30323225086855177
path,2.0001977552449373,-0.30086476198160594
path,2.0004532864620295,-0.2985025333501663
path,2.0007078712384927,-0.2961454056141967
path,2.0009653061317785,-0.29378981815437716
path,2.0012441758019426,-0.29140867148306504
path,2.0015193234924893,-0.2889774473643146
path,2.001790712069044,-0.28654115704865096
path,2.0020430457971967,-0.28411477514914074
path,2.002292748952818,-0.28169360007469657
path,2.002541340790563,-0.2792770388679391
path,2.0028310717325972,-0.2767951712551571
path,2.0031171218249604,-0.27430115976274194
path,2.004240749853684,-0.27146539682117216
path,2.005703356813988,-0.26871049148932963
path,2.007161436266214,-0.26598728058416643
path,2.0086492106892484,-0.2632547203960298
path,2.0101348146799003,-0.26052129269061275
path,2.0116200486658475,-0.2577838273759384
path,2.0131025207628865,-0.25504627085929943
path,2.014582127143991,-0.2523085258668281
path,2.0160296408807183,-0.2495798571065686
path,2.01747106376226,-0.24688197130112777
path,2.018908435253972,-0.2442076206723534
path,2.0203435441300774,-0.2415339392615326
path,2.0217765385458955,-0.23885955459739203
path,2.0231995594558634,-0.2361965052890484
path,2.0246198801139674,-0.23353661113767027
path,2.0260381146229087,-0.2308760026695905
path,2.02745426213882,-0.22821467942031443
path,2.0288683216468164,-0.22555264132634348
path,2.0302772625793755,-0.22289546573019636
path,2.031684022037313,-0.22023792097853917
path,2.033088699661912,-0.21757966368261247
path,2.0344912938332955,-0.21492069528824986
path,2.0358918028338002,-0.21226101746329987
path,2.0372837972119457,-0.20961143611645403
path,2.0386732163862638,-0.20696360904238673
path,2.0400605691405582,-0.20431507335539942
path,2.041445853123759,-0.20166583255008508
path,2.0428290659629367,-0.1990158901468249
path,2.0442099284455386,-0.19636757054004855
path,2.045584408049604,-0.19372434791915988
path,2.0469567752230216,-0.19108060055785975
path,2.048327032371028,-0.1884363166486542
path,2.0496951814145414,-0.1857914858717257
path,2.051057519343322,-0.1831530064633152
path,2.052485769735478,-0.18046334464596678
path,2.0539578039298436,-0.17773881348145404
path,2.0554280989377163,-0.17501353239920048
path,2.0568967624951915,-0.1722875314716436
path,2.058359807574392,-0.16957134649045358
path,2.0598192570196443,-0.1668542398047708
path,2.0612769554027377,-0.16413636473609777
path,2.062733069071327,-0.16141777072570676
path,2.064189109798782,-0.15869888010127292
path,2.065385654225695,-0.15616763665296468
path,2.0665540664328788,-0.1538396403186778
path,2.0677382273669003,-0.1516145133723858
path,2.068923500491337,-0.1493897759819578
path,2.070105647607575,-0.14716403317114762
path,2.0712806550563196,-0.14494947477686243
path,2.0724561189966413,-0.14273492097066057
path,2.0736295220524616,-0.1405196360242382
path,2.074802034908336,-0.1383039603432017
path,2.07597160057882,-0.13608731468006038
path,2.0771382270724614,-0.13387685232398427
path,2.0783038704224612,-0.13166635170935304
path,2.079468367505753,-0.1294553776267454
path,2.080631732749896,-0.12724393152644342
path,2.0817921558862147,-0.12503150726311127
path,2.08295099344835,-0.12282310309669744
path,2.0841087768526214,-0.12061439169100184
path,2.085265438004237,-0.11840520537311278
path,2.086420953881452,-0.11619553648178362
path,2.0875735299593514,-0.1139848884234067
path,2.08872259237164,-0.11178163880320091
path,2.089870565924302,-0.10957837812488908
path,2.091017484781704,-0.10737466583700525
path,2.092163271853357,-0.10517047441985244
path,2.093307923278843,-0.10296580269271381
path,2.094447065527556,-0.100765146500746
path,2.095586890687877,-0.0985645124589089
path,2.0967255487027665,-0.09636338474603921
path,2.0978631373008487,-0.09416180349239367
path,2.0989996002989932,-0.09195974777876098
path,2.1005922461969067,-0.08925375394799254
path,2.1023015034037384,-0.08597065784477916
path,2.104002257099298,-0.08265951285332362
path,2.1057004713301266,-0.07934730206974541
path,2.1073961592252406,-0.0760340329756175
path,2.1092796973304657,-0.07239775576012947
path,2.111166178302384,-0.0686972998612889
path,2.113049505351472,-0.06499553994205798
path,2.114927837655002,-0.06129199099038514
path,2.116804775900573,-0.0575876140252822
path,2.1186760477699034,-0.05388703810165481
path,2.1205441542284897,-0.05018518279508954
path,2.1224090960130373,-0.04648205259269555
path,2.1242708679951474,-0.04277765219143916
path,2.1261294697514317,-0.03907198775816671
path,2.1279879496079106,-0.035358942720863006
path,2.1298410488617363,-0.03164061963890903
path,2.1316932512416416,-0.027923210247307616
path,2.1335423139913265,-0.02420475529292045
path,2.1353895404623056,-0.020485572659365306
path,2.1372424783807094,-0.01676185839259053
path,2.139088983304183,-0.013034862532498083
path,2.140935453806649,-0.00930890250033736
path,2.1427763641564765,-0.0055799127299215445
path,2.144617255718732,-0.0018519139589694292
path,2.1464585438260806,0.001886388943803542
path,2.1482933496847694,0.005627926133108753
path,2.150128278657122,0.009368485700219465
path,2.15195993843605,0.013110195747108712
path,2.1537867745535135,0.016854687248536365
path,2.155297660747584,0.020137692683084532
path,2.1565147389682706,0.0230289923744465
path,2.1577741565515742,0.02574122428049775
path,2.1590499537292422,0.028371459092744293
path,2.1603208162427223,0.031002357500769104
path,2.161527492080721,0.0335511420061818
path,2.162738776901307,0.03605855203640242
path,2.163945366091952,0.03856841060496041
path,2.1651540152573876,0.04107672125202005
path,2.1663611885554195,0.04358552680140409
path,2.1675658685870176,0.04609863040019635
path,2.168769330419232,0.04861215795874881
path,2.1699732609263385,0.05112456665942277
path,2.1711756977632857,0.05363747570079196
path,2.172373148079568,0.05615284448384849
path,2.17357245894866,0.05866616731898421
path,2.174768447702553,0.06118152418647986
path,2.1759648086556376,0.06369583400262076
path,2.1771597612188045,0.06621061925673255
path,2.178349636659718,0.06872782977415755
path,2.179541417306706,0.07124294049993597
path,2.1807290318948556,0.07376023336019397
path,2.181769757908958,0.07649483811318182
path,2.182691269330437,0.07929215625556811
path,2.1836109872340814,0.08209009711668941
path,2.1845287690969704,0.08488818785061877
path,2.1854447697234973,0.0876869001529417
path,2.1863589893647806,0.090486237328503
path,2.1872714281924166,0.09328620188934131
path,2.1881837880960546,0.09612250669395424
path,2.1891026659512884,0.09891655566540629
path,2.1900312184784267,0.101696677947796
path,2.190957980340731,0.10447772157691847
path,2.191882945197284,0.10725967359464124
path,2.192806107205858,0.11004252203809492
path,2.194131413496746,0.11334996322471985
path,2.195495525513244,0.11728712570054615
path,2.1968200757933674,0.12131498146509989
path,2.198140781475169,0.12534455497290037
path,2.1994576370719656,0.1293758329995516
path,2.2012335906014573,0.1339760109020725
path,2.2035843803473383,0.13947037957625308
path,2.205827392170847,0.14562550963338888
path,2.20792951401672,0.15215135157524623
path,2.2100146519774584,0.15868652495674387
path,2.2124876671709357,0.16570553509053004
path,2.2149639109500026,0.1733052349683286
path,2.2173720778568056,0.18099462292500323
path,2.219766127542095,0.18868959599961227
path,2.2221460356506526,0.19639009898736084
path,2.2248809093087556,0.20455940176144027
path,2.227695210238372,0.21328029528647593
path,2.230588606480404,0.2222616762712353
path,2.233437159449976,0.2316221991362805
path,2.2362132942133544,0.24111997015377373
path,2.239417728256784,0.25102207651323727
path,2.2429212903689177,0.2615674637027163
path,2.2463299717437453,0.2725031522051984
path,2.249568679991593,0.28353312717794366
path,2.2528543946182253,0.2946199657254309
path,2.256414720817205,0.3058246261386123
path,2.2600093158339063,0.3170444912909255
path,2.263568168410493,0.3282919751295315
path,2.2671001538067697,0.33955710981445997
path,2.2706603607760725,0.35087398282299037
path,2.274199797598361,0.36221907120769253
path,2.2777103900661038,0.37358049066444526
path,2.2811919922327593,0.38495821733901286
path,2.284644455159777,0.3963522261151875
path,2.288067631684371,0.407762490737053
path,2.291372873686883,0.4187253035253256
path,2.29454156215168,0.4288280911645749
path,2.297712860702306,0.4386455176562128
path,2.3009167122995327,0.4484281209803576
path,2.3041421983545387,0.45818483094352414
path,2.3071815612806934,0.46748644439131626
path,2.3100282375474266,0.4759771127292005
path,2.3129119644011067,0.48344702971640546
path,2.3158028105956356,0.4898371767213064
path,2.3188668631561877,0.49563036629025575
path,2.3212112211097096,0.5012314489175931
path,2.323226321944655,0.5065448525089307
path,2.325357043480253,0.5114165864863389
path,2.3276935038983555,0.5160029833860478
path,2.3302757621823673,0.520321096313632
path,2.3321857782076005,0.524571370302692
path,2.333852965516091,0.528611231955105
path,2.3355897578052924,0.532361205456124
path,2.337445916730166,0.5358669577733294
path,2.339397490287041,0.5391946058421656
path,2.341054350298327,0.5429218129472444
path,2.342734646619714,0.5467162244844167
path,2.344589570165283,0.5502165265855509
path,2.346571022306456,0.5535041862339972
path,2.34864680115165,0.5566154569293496
path,2.350822271679171,0.559522709212366
path,2.3530279925881166,0.5622911461633434
path,2.3553269441341493,0.5648418223128956
path,2.357750724987734,0.5672255910303603
path,2.3602539895871977,0.569467562771472
path,2.3630782110009316,0.5720141724839443
path,2.36622101642667,0.5749430936064852
path,2.36950690718756,0.5779855511051247
path,2.372747568367384,0.5811315503168486
path,2.3759241215675275,0.5844108172765048
path,2.379465650759491,0.5880707325812692
path,2.383246050069843,0.5921669192276888
path,2.3870846788700533,0.5965015353135936
path,2.390994159989395,0.6010736066274992
path,2.394845755692978,0.605810962338198
path,2.3990790340449695,0.6110717896601529
path,2.403543686514246,0.6170014882215641
path,2.408096068532045,0.6231744358328887
path,2.4127756677284746,0.6296481196914651
path,2.4175881723941566,0.6364344180924589
path,2.4226197003084837,0.6437570618928652
path,2.427850140673846,0.6515008864354339
path,2.4331604241024594,0.6595085751348668
path,2.4386005297674203,0.6677812256892841
path,2.4441889640912717,0.6763586128990919
path,2.4499429931554757,0.6852675565681109
path,2.4558632862411676,0.6945285619924305
path,2.4616339104822607,0.703825399960975
path,2.467288265464991,0.7132055842394496
path,2.472856197122479,0.7227044105139896
path,2.4783336028359497,0.7323207420926638
path,2.4838460365342687,0.742211253221737
path,2.4891846021489834,0.7521278434553824
path,2.4943597429674456,0.7620584133297787
path,2.4994410442534702,0.7721013007187089
path,2.5044249279074156,0.7822548634770576
path,2.509449706496578,0.7926837534522161
path,2.5142951468318016,0.803127343313323
path,2.518971670923256,0.813580769202101
path,2.523510427533242,0.8239224345730941
path,2.5278622056156053,0.833815982761598
path,2.531908532083103,0.8433673658848573
path,2.5359134047587797,0.8527339207447017
path,2.5399023276717267,0.8618755586995782
path,2.5438717891005203,0.8707934430797484
path,2.5478179310571316,0.8790900989127062
path,2.5515761250495763,0.8866241580810387
path,2.5551806731524493,0.8938167361050691
path,2.558804602118916,0.9009200360998929
path,2.5626276991559096,0.9079945179913853
path,2.5666017912093686,0.9144622139488002
path,2.5704087476555375,0.9200376714761079
path,2.573834845012368,0.9246123245094887
path,2.5773182662089207,0.9285277071883133
path,2.5808872433124783,0.932294540991871
path,2.58391486536449,0.9355750390306102
path,2.586472457673813,0.9384063083449513
path,2.5889805757227045,0.9411698713100108
path,2.5914391331213467,0.9438594444135391
path,2.5938478894396626,0.9464699919101468
path,2.596212328064953,0.9490013374781603
path,2.5985396760775106,0.9514609270924915
path,2.6008613707360757,0.9539081338360988
path,2.6031839285480727,0.9563529015221626
path,2.6055080940914226,0.9587951892173848
path,2.6078487124091434,0.9612695366907531
path,2.6101939346460723,0.9637447312624052
path,2.6125437360851325,0.9662191041300702
path,2.6148964789098086,0.9686934751136249
path,2.6172510543656426,0.971168458140933
path,2.619796400840918,0.9741918214195925
path,2.6225263764956415,0.9776598282485081
path,2.6254264171968225,0.9814031585097762
path,2.6284912985206024,0.9854175033604765
path,2.631704915884345,0.9897091585008176
path,2.6351805068710843,0.9946515089470579
path,2.638852717053167,1.0000170908215906
path,2.6426798100533233,1.0056792435228195
path,2.6466559961443092,1.0116434571424364
path,2.650774902413046,1.017917423821295
path,2.655102218187032,1.024728113114864
path,2.6595779519812406,1.0318824694923374
path,2.6641947959330032,1.039355692838663
path,2.668949153923119,1.0471446957901094
path,2.6738266160145607,1.055239308366445
path,2.6788662767866733,1.0637569815887251
path,2.684027899923293,1.0725848386763632
path,2.6893108164233346,1.081729767498156
path,2.6947346975380904,1.0911901406144273
path,2.700301229244075,1.1009649786884885
path,2.705901091538113,1.1109187338921298
path,2.711500663457202,1.120894314079904
path,2.717111946186853,1.130866300071322
path,2.722626152993342,1.140867324956781
path,2.728061482471835,1.1508278421430473
path,2.733128850065005,1.160312560572729
path,2.73813544193266,1.169566097717103
path,2.743204988947084,1.1787042975003397
path,2.7483348997290338,1.1876985134558413
path,2.7535315906821096,1.1965593450811876
path,2.7582981768677155,1.2048206148101799
path,2.7629209912308554,1.2125670275525708
path,2.7676983602101894,1.2200640937091862
path,2.772629579022369,1.2273128412418108
path,2.777836543337136,1.2343841645737244
path,2.782533854277404,1.240963469501035
path,2.7863340312327756,1.2468858327346035
path,2.7899721580089794,1.2524784786434746
path,2.7934002395931685,1.257715004170563
path,2.7962446505662752,1.2625487601272491
path,2.798829076118914,1.2667309501874038
path,2.8011840738690252,1.2702859271213425
path,2.80337197115173,1.2733551563854533
path,2.8056428915287035,1.276336236665947
path,2.8080357005821446,1.2792215271284522
path,2.810544899912804,1.2820070899808358
path,2.8131760560562244,1.2846966994754412
path,2.8159292259374715,1.2872902532514832
path,2.8187945214572325,1.2897948598989388
path,2.821679688622785,1.2922813779918723
path,2.8245532956328114,1.2947606491857349
path,2.827424075909643,1.297239553853376
path,2.8302919127523203,1.2997179440447766
path,2.8331566859344117,1.3021956692137289
path,2.8360039290312735,1.3046660561403518
path,2.838901957880587,1.307506450142059
path,2.8416824289418243,1.3105783038845344
path,2.844432660544603,1.3138542674101126
path,2.8472100695977423,1.317337642332186
path,2.850014515925254,1.3210283871009783
path,2.8533398382353283,1.325058785335276
path,2.8574040884584306,1.3294349930567433
path,2.8616053300790365,1.3340230635282597
path,2.865835785187367,1.3388119908041696
path,2.8700952695755566,1.343801186886292
path,2.8748784157820673,1.3491253134376395
path,2.880352291231188,1.3547706291521346
path,2.885935400310504,1.3606210026460144
path,2.891549753821545,1.366671611780056
path,2.897195024124148,1.3729222977621576
path,2.902870942214841,1.3793729898426963
path,2.908577303250924,1.3860237191584537
path,2.9143138288470722,1.3928741936615419
path,2.920080650574818,1.3999252117934227
path,2.9258829189760127,1.4071769276506296
path,2.9317141482335867,1.41457159717662
path,2.9375393243710266,1.4220593923417515
path,2.943358142351176,1.429640717756652
path,2.949170475080884,1.4373160343090785
path,2.9549762010356124,1.445085821864655
path,2.9607752037236614,1.4529505776214444
path,2.966567746708775,1.4609011721277245
path,2.972354647626759,1.4689143500248696
path,2.9781358482089306,1.476989612208229
path,2.983911251472215,1.4851275047243127
path,2.989680761345616,1.4933285843951385
path,2.995444282816576,1.5015934184750594
path,3.0012017220127225,1.5099225853728253
path,3.0069529863322653,1.5183166747305434
path,3.012697984576129,1.5267762875551585
path,3.0184366270691636,1.5353020365980141
path,3.024155679904615,1.5438908531977065
path,3.0297700164644263,1.5524593467798882
path,3.035319641760739,1.5609078063438913
path,3.040857032081565,1.569154719557529
path,3.04637967769537,1.5772056906518828
path,3.05190734619371,1.5852110980757013
path,3.057449321506013,1.593221192888622
path,3.063005864809,1.601235986848582
path,3.0685774879159204,1.6092555749947144
path,3.074164711994739,1.6172800541403136
path,3.0797680749880167,1.625309525135779
path,3.0853881321222807,1.6333440927942577
path,3.0910254562913595,1.6413838662484985
path,3.0966806386170593,1.6494289588165212
path,3.1023542889365947,1.6574794881417767
path,3.1080470363117425,1.6655355763180726
path,3.113759529623899,1.6735973498055432
path,3.119492438042897,1.6816649397847874
path,3.1252473852087976,1.6897356018283727
path,3.1306540957254447,1.6974607444863323
path,3.135815708311312,1.70476064565727
path,3.1408907940340605,1.7117153208730713
path,3.1457322387207403,1.718558482819719
path,3.1505159157701255,1.725266892422782
path,3.1549940350004833,1.7315759601475278
path,3.1589168706363013,1.7372681160207262
path,3.1622962812646516,1.7423926105090903
path,3.165399363973528,1.7472464089033963
path,3.1683065934084196,1.7519109146975065
path,3.170821067375053,1.756159922101579
path,3.1731275708005957,1.7599889407301939
path,3.175372158687558,1.7636599337571246
path,3.1775525671146685,1.7671839153840583
path,3.1796681842818257,1.770561861206888
path,3.1817245479168887,1.773809804601475
path,3.183741674728925,1.7769577194035413
path,3.1857196220531563,1.7800045487381302
path,3.187657979169443,1.7829503626131686
path,3.1895653418400283,1.785814535927057
path,3.1914570460704943,1.7886525247417213
path,3.193351721264182,1.7914830340088976
path,3.1952496383600035,1.7943066678929573
path,3.197150678933742,1.7971236652142006
path,3.1990547266273053,1.799934259597511
path,3.2012865808694837,1.803247821985606
path,3.2040249927012696,1.8067903346737246
path,3.2070689427111096,1.8103619342709574
path,3.210119791539458,1.813976963697323
path,3.213173157926794,1.817634501027428
path,3.216546213046873,1.8217369053128958
path,3.2203788007869614,1.8259663918217488
path,3.2242825628023946,1.8301959249420403
path,3.228184894524384,1.8344216624085103
path,3.2320927167863758,1.8386611903078407
path,3.236211109098562,1.8430825415465453
path,3.240371124776412,1.8475203511316418
path,3.2445394767789466,1.8519677254103182
path,3.2487157556264314,1.8564224202219453
path,3.25289956130072,1.8608822006167447
path,3.257379113205021,1.8656201469475078
path,3.2620444856719844,1.8704660424351096
path,3.266697320704539,1.8752448307144953
path,3.2713523431454616,1.8799989246796913
path,3.276033596027299,1.8847130975559385
path,3.2808305505006286,1.889502033940984
path,3.2857059462001494,1.8943013524546513
path,3.2905588126607594,1.8990725060889586
path,3.2953767445100812,1.9038107005169118
path,3.3001582024918084,1.9085147412822847
path,3.304856502823263,1.9131891824295142
path,3.3094710900029383,1.9178403810512858
path,3.313967841344574,1.9224788333714327
path,3.318370917609795,1.9271086942547888
path,3.3226818869318206,1.931732856646107
path,3.3270329290089466,1.936360182548066
path,3.3312698588882768,1.940942029094912
path,3.33526104337895,1.945534897147832
path,3.3390883864180463,1.9501436600774047
path,3.3427398892862694,1.9547178837724795
path,3.3465717305367337,1.9594561231517509
path,3.350319864430131,1.9640583110831438
path,3.3537471329914896,1.9686920682115303
path,3.356940491678421,1.973337902829419
path,3.3599288889704138,1.9779952797950624
path,3.3632423585754747,1.9829870623695394
path,3.3665524239287254,1.987763172099996
path,3.3695170646352635,1.9924497797275436
path,3.3722605722174963,1.9971425307899884
path,3.3749488368535223,2.0021025304959803
path,3.377872963922504,2.0075895529583248
path,3.3808029342163035,2.013066943673531
path,3.38360943740901,2.018542486191204
path,3.3862732815927257,2.023976846413766
path,3.387033616963419,2.031524799277274
path,3.3874201560038233,2.0397877705141747
path,3.387751205340048,2.0483953586296364
path,3.3883970574896063,2.0570073382476712
path,3.389653078675755,2.065288298553643
path,3.391294725005739,2.0734124391965643
path,3.3937482880465937,2.082092422326424
path,3.3963718656262323,2.091058429223475
path,3.3989718383959273,2.1003613023464833
path,3.4018051589635045,2.109804592957752
path,3.404818281007726,2.1194048817297544
path,3.407974940457378,2.129102526612868
path,3.411364622976031,2.13890313052008
path,3.4149261633108896,2.1488695034298093
path,3.418671689091119,2.1590066651679014
path,3.4226056170921475,2.169293778235827
path,3.426716345364991,2.1797400711890034
path,3.4310408857342667,2.190269238831932
path,3.435640480384774,2.200823579959298
path,3.440466013415818,2.2114407865483017
path,3.44528041003581,2.2220965369492016
path,3.4500470727129366,2.2326412594641942
path,3.4548649133060656,2.242886914023291
path,3.459748290307962,2.2528461746753914
path,3.464629303858544,2.262765814144408
path,3.4695188832694224,2.2726983707846853
path,3.4741301732519094,2.2823426502814756
path,3.4786905139286004,2.2916393781745388
path,3.4831662528041445,2.3009000264243493
path,3.48769920714704,2.310092299108398
path,3.492235146023674,2.3191998725602407
path,3.4962878435932643,2.327848135197804
path,3.50012135895448,2.336041139092624
path,3.504029311956925,2.3439698708739765
path,3.5079989205211772,2.3516278313414483
path,3.5120142411708977,2.3590025019015677
path,3.515691035799746,2.365839439456974
path,3.519309646474391,2.3722851665666753
path,3.522958814682037,2.378553141270081
path,3.52654848319643,2.384814507216866
path,3.5300778808328706,2.3910703949200074
path,3.533306492389858,2.396998646589601
path,3.536176481180203,2.4029451987667594
path,3.5389681311245327,2.408842518150912
path,3.541663908359828,2.414641368764711
path,3.544436067169486,2.4202804358465646
path,3.547276034284574,2.4257198715343136
path,3.550170171994041,2.431026976321486
path,3.5531227602345465,2.436293141758306
path,3.5561267955499303,2.441537761975864
path,3.5591676012987947,2.446762112466002
path,3.5621652526083536,2.4518447592584875
path,3.5651783370613557,2.4568002909040927
path,3.568207620260151,2.4617196850106198
path,3.5712421082835752,2.4666215929371593
path,3.5742854060725096,2.471505789905206
path,3.577509759410028,2.4770917904546454
path,3.580902951675465,2.4833858759518765
path,3.5843734070029485,2.48991830535449
path,3.5878953656725625,2.496696896216003
path,3.591486765403593,2.5036541546978146
path,3.595211403443889,2.5111653829967224
path,3.5990966964173197,2.519023129941077
path,3.6030387203429863,2.527109826604603
path,3.606981799436301,2.535239564149011
path,3.6108782962269363,2.5433628815947396
path,3.614728766044104,2.5513405814812136
path,3.618553979124545,2.5591935779697312
path,3.6223497440654815,2.567013045780649
path,3.626157858101721,2.5748792175659543
path,3.629954396963094,2.58280973018418
path,3.6337048039593154,2.590598453727402
path,3.6373844837738405,2.598273242010394
path,3.6410537189142693,2.6060252192617983
path,3.6447055782608975,2.613857285497411
path,3.6483554089823467,2.6217458141359566
path,3.651966044553308,2.6297855702609167
path,3.6555336825811278,2.6380467132269443
path,3.6592063123854803,2.6464997962749557
path,3.663019442819876,2.6551262033189964
path,3.6669441639623086,2.6639632152956723
path,3.6708758392353866,2.6730962654897166
path,3.6748132652785275,2.68254361209518
path,3.6787377560043946,2.692313750103684
path,3.6826533238241375,2.7024022939535226
path,3.6865737008824584,2.712808479546119
path,3.6906210094349987,2.723328771069859
path,3.69470321990256,2.7340468035151337
path,3.698778473972829,2.7450710797427567
path,3.702871744043229,2.7563606792040565
path,3.7070566338497675,2.767749773521758
path,3.711338327104972,2.7788943963357706
path,3.715546510510845,2.789643551996737
path,3.7196044202432983,2.7999349938674385
path,3.723656419612894,2.8097090677013123
path,3.727849159822807,2.8192936010244987
path,3.7322004504292465,2.828943617128943
path,3.736553268573573,2.8386370228896984
path,3.7407556657464176,2.848297735476251
path,3.7449376380463892,2.857950566268746
path,3.7491080504618295,2.867597118281036
path,3.753248148263248,2.8773552161865372
path,3.7573389516068687,2.8871872551183664
path,3.76141873232192,2.8971790121661267
path,3.7654729162823615,2.907285728052507
path,3.769500538397453,2.917460324398569
path,3.773516479866848,2.927624841692585
path,3.7774557170402914,2.937820887378103
path,3.7812010146883073,2.94822150694729
path,3.784931694333348,2.958779594144297
path,3.788683318745649,2.9694630160972912
path,3.793025539163378,2.9800368697088286
path,3.7973494632192675,2.9904948441299237
path,3.8012891382278347,3.0013387455679594
path,3.8051278455847832,3.0121506299566225
path,3.808969952913336,3.0228838481499394
path,3.813322175719782,3.0334805912060805
path,3.8177237219913653,3.0437519079301145
path,3.821807606192008,3.0540963410540787
path,3.825654115141106,3.0647741031548423
path,3.8293334448203016,3.0755121955414957
path,3.8328993869798302,3.086125496139825
path,3.836412368620843,3.096790178812969
path,3.8397724483860025,3.107269237103302
path,3.843111100073045,3.1175753478636854
path,3.8463954941622,3.127854662402958
path,3.8500024004159012,3.1386122951903306
path,3.853674432565226,3.1492297880513416
path,3.857385102614485,3.1598124924643294
path,3.8611607866579587,3.170647751970565
path,3.8649939296368823,3.181689707943083
path,3.8688952778705743,3.192708823134267
path,3.8729267709716155,3.2033433240277245
path,3.8770170635029446,3.2138704450079474
path,3.8810661986368715,3.2246427382054623
path,3.8851212771906956,3.23565032292749
path,3.8891679046658423,3.2467919263558165
path,3.8932056114973954,3.258038698698608
path,3.8972255135204623,3.2693848386324906
path,3.9011980596469624,3.2808275255308934
path,3.905117182578954,3.2923749782438105
path,3.909013292902901,3.3037662664459746
path,3.912963149020548,3.314844219563416
path,3.9169053192949965,3.3259991792668604
path,3.9208862256825183,3.3373140504275485
path,3.924988777717341,3.3488443047334226
path,3.929122514719087,3.36032170326073
path,3.9333455184882475,3.371514459591208
path,3.9376145928567876,3.3828751391899687
path,3.9418476816219497,3.3944001347041617
path,3.945962112657755,3.406038003690722
path,3.9500208875584764,3.417470924268327
path,3.9541144618452924,3.4285201296700127
path,3.9580826043471413,3.4396841906264375
path,3.961986895036829,3.4510355735487774
path,3.965773471709637,3.4624812844046784
path,3.96956988384023,3.473843587187148
path,3.973502851098482,3.484931568401004
path,3.977525289233177,3.495746785883991
path,3.981524141029129,3.506555604566957
path,3.985452895682179,3.51740331111192
path,3.989463025497247,3.528161513974556
path,3.9936242195949125,3.538640730021608
path,3.9978649540235365,3.548984341194815
path,4.002117582096744,3.5593305970273974
path,4.006376373306613,3.5696767226542665
path,4.010685980534112,3.579925908286657
path,4.015060237592591,3.590137459833989
path,4.019584818747994,3.6001492032017084
path,4.024249798294272,3.6100106912369787
path,4.028975013064097,3.619849117927127
path,4.033545718263724,3.6298091298004613
path,4.038157541122937,3.639783553913417
path,4.042769812496327,3.649818940126055
path,4.0473076397412955,3.6598628319611883
path,4.051903637800734,3.669791924703785
path,4.056284552487959,3.6799468786889817
path,4.060554198725768,3.6902886660268996
path,4.064763691812525,3.70064732928274
path,4.068978478698152,3.710985942325525
path,4.07321335469046,3.7212891845921887
path,4.077466142901321,3.7315655683159177
path,4.081767001995752,3.7418195343483966
path,4.086160781814857,3.75199802100578
path,4.090653123572207,3.762076464738811
path,4.0951861827628075,3.772091714804424
path,4.0997660770635305,3.782079977646155
path,4.104430877990403,3.7920902085294492
path,4.109045915476502,3.8021260285266942
path,4.113514601231223,3.812144932833619
path,4.117840712976766,3.8221425640669913
path,4.122018324007519,3.8321378638041357
path,4.126080394474933,3.842139836840506
path,4.130015543441463,3.852127103979186
path,4.133884878474932,3.8621213183745895
path,4.137797285157777,3.8722119657168146
path,4.141590842241045,3.882341105521574
path,4.145280333795955,3.892468791790313
path,4.148901174892403,3.902578721316516
path,4.152417002354188,3.912681649176349
path,4.155848804013404,3.9227605886887393
path,4.159197519277804,3.93279987836346
path,4.16249953122184,3.94279944852894
path,4.165692011010381,3.95293327725742
path,4.1686756261175075,3.964427461721067
path,4.17155031058584,3.9762269902943785
path,4.1743366815810035,3.9876767026567594
path,4.176684997299166,3.998206716427367
path,4.178575194657189,4.008047370293802
path,4.180049591981823,4.017067535569278
path,4.181256677209489,4.025201867631097
path,4.18231021241712,4.032590661503347
path,4.183031037028386,4.039534385523186
path,4.183401990437756,4.046137027681551
path,4.183556251518607,4.05254077567293
path,4.18375871402659,4.059083080515147
path,4.184477541969644,4.066194139474877
path,4.185320180352127,4.073783490081954
path,4.186473982068327,4.08175365808001
path,4.188123922714506,4.090363331154275
path,4.190025124387095,4.099070664379106
path,4.191798916599201,4.107431799929576
path,4.1934522872841935,4.116157160455309
path,4.195034418682354,4.12537811583004
path,4.196739523010303,4.134865219686419
path,4.1985204800429266,4.144573362916813
path,4.200155485170514,4.153912978846579
path,4.201809125456157,4.162921902800653
path,4.2036126827400055,4.172108101158274
path,4.205471637759979,4.181380494172671
path,4.207331872664638,4.1907009278230465
path,4.209222242795615,4.20068299936841
path,4.211062349702549,4.210871382584108
path,4.212899199398015,4.221197544206963
path,4.214690520176703,4.231517656458049
path,4.216564449407613,4.241885116258179
path,4.218482006191405,4.2528755354283785
path,4.22031301040007,4.26407326692148
path,4.22222257424794,4.275411592585929
path,4.224217583055817,4.2868630729086
path,4.226277727039071,4.298392423516773
path,4.228308899976398,4.310119851024735
path,4.230367031263062,4.321855029166051
path,4.232432307022373,4.333589121710165
path,4.234547442138656,4.345383854649763
path,4.236712876816057,4.357239022853774
path,4.238824401718826,4.369398652096363
path,4.240877640598586,4.381792412024357
path,4.242962131869095,4.394308479513356
path,4.245113409342533,4.4068617182958345
path,4.2473007698765555,4.419351064246805
path,4.249454069392005,4.431744346974212
path,4.25150139335585,4.44410069273445
path,4.253531462223672,4.456668399025336
path,4.255662783025895,4.469534608419751
path,4.257679098942342,4.482623939207812
path,4.259917308221644,4.495575844734735
path,4.261973027418227,4.5078999825979915
path,4.263745726303234,4.519857541643973
path,4.26533863808751,4.531452829414393
path,4.266750739955133,4.542694377869019
path,4.268096154978541,4.553101038256922
path,4.269662172580379,4.562365604609124
path,4.271129425668741,4.571093675260265
path,4.2724149356318915,4.579470049448314
path,4.273514704650802,4.587491217836475
path,4.274301805426451,4.595866829136164
path,4.274822553591618,4.604744005101197
path,4.275448337089223,4.613893007709265
path,4.276206540533904,4.623296851063285
path,4.277009906503709,4.632791056298752
path,4.277746922445466,4.6425865947602984
path,4.278567981301278,4.652607021945989
path,4.279405646319077,4.662647945621483
path,4.28019025556017,4.672639582866125
path,4.280819462185833,4.682546900924009
path,4.2814053590363566,4.69240507334496
path,4.2819609226399,4.7022807012006895
path,4.28260808036014,4.712468016307872
path,4.2833794816601305,4.72305729760971
path,4.284231761103986,4.733713826788425
path,4.284944701571286,4.744281648560948
path,4.28558209263971,4.75469325022907
path,4.286090400872086,4.764967920582052
path,4.286687851791671,4.775348143691465
path,4.287409845608219,4.7858852365014375
path,4.288334656691953,4.796336728804869
path,4.289515710282419,4.806531962619542
path,4.290887388596343,4.816602126554549
path,4.292553114351985,4.8267233940866126
path,4.294304110319822,4.837161884081254
path,4.296043060666851,4.847720063721723
path,4.297762646703021,4.857874616829857
path,4.299466212979873,4.867892824081457
path,4.301152875732404,4.8777694646621965
path,4.302816919336749,4.88750224010392
path,4.304536795108058,4.897473735666951
path,4.305970016649521,4.908229004758008
path,4.307368759478729,4.919383923643979
path,4.308706858949523,4.930839419560817
path,4.310013554401889,4.94090119589213
path,4.311433827447287,4.950279675941285
path,4.312850692168116,4.959009913890988
path,4.314219727424953,4.967273689759896
path,4.3159346974942565,4.975866174832124
path,4.317894947262255,4.984910938518859
path,4.320072413215653,4.994115208963472
path,4.322387566992486,5.0036039201156015
path,4.324797708543607,5.0134798891876535
path,4.327283288935887,5.023703808881697
path,4.329877473976742,5.034232905172952
path,4.332592311667334,5.045006884988278
path,4.335409101379238,5.055992225450298
path,4.338319684832915,5.067260606307619
path,4.341349024951073,5.078890706162095
path,4.344450039297733,5.090347144976025
path,4.3477305249334215,5.10167587922656
path,4.350974194662271,5.1127153587889795
path,4.354091543047828,5.123419687603849
path,4.357136576168373,5.133855857430473
path,4.360229977160185,5.144191369418397
path,4.363515673534767,5.154544741905017
path,4.366678688942639,5.164687512745664
path,4.369728821140479,5.17467113920208
path,4.372816900205144,5.184670498302743
path,4.376328131371987,5.1952732815300235
path,4.379932730353309,5.206355855867932
path,4.383241262587396,5.217593338513325
path,4.386181184861719,5.228786811949112
path,4.388983343358247,5.240074402236755
path,4.391952324927008,5.251591625438626
path,4.395036723418209,5.263302939576521
path,4.398165585406627,5.275165571651711
path,4.401550899410254,5.287177754363024
path,4.405148524541537,5.299074319975397
path,4.4090546651137394,5.310937742647487
path,4.4130980696187665,5.322420137490526
path,4.4169743369442225,5.333295769449042
path,4.420836216392892,5.343677528898232
path,4.42469307765492,5.353726587737319
path,4.4285016597663445,5.363544515905577
path,4.432261166476054,5.37295049216995
path,4.435875974818613,5.381889842457016
path,4.439494454682838,5.390480982183245
path,4.442827338408882,5.399121597868096
path,4.4460487338611285,5.4076926243275025
path,4.449328177361214,5.415966170048393
path,4.452475903775598,5.424077718202358
path,4.455355352233961,5.432014572278605
path,4.458049654703281,5.439888607838027
path,4.460558857089537,5.447716900994969
path,4.463164085493579,5.456215578766711
path,4.4656241829152545,5.465536376284718
path,4.467907600669315,5.475417709269955
path,4.470155967709682,5.485448747177983
path,4.4723927010602615,5.495538364289354
path,4.4747868794779455,5.50635424410585
path,4.477182670122351,5.51801182304043
path,4.479576656339239,5.529897611647157
path,4.481984697138436,5.5418056925399455
path,4.484414936024578,5.55374014801866
path,4.487090216838809,5.565222661006933
path,4.4899842959959,5.576005005941966
path,4.493214299589882,5.585733588822658
path,4.496738339992199,5.594664535237046
path,4.5005269529168626,5.603006220053662
path,4.50446418796325,5.610645501983424
path,4.508212938152446,5.617865597877729
path,4.511641859989346,5.625029568532877
path,4.514796740892425,5.632121558508663
path,4.517851911583837,5.639163932248606
path,4.520933043920672,5.645778476342815
path,4.524152899195944,5.651752641673911
path,4.527448726536065,5.657332083283938
path,4.530605371754461,5.66282570097116
path,4.533641761654106,5.66824201277885
path,4.5366252071336515,5.6733730024479865
path,4.539497857202092,5.678261021753906
path,4.542288995323086,5.683039150227855
path,4.54498404499514,5.687733479760658
path,4.547578477708725,5.692348995820477
path,4.550145725669734,5.696824196367648
path,4.552623005665611,5.701231451950709
path,4.554992227399343,5.705575177861129
path,4.557251262765454,5.709857112125839
path,4.559390727718491,5.714090651073825
path,4.561618602945615,5.7189319838138495
path,4.563756147182629,5.724313987380255
path,4.565875126752649,5.729841860099166
path,4.568096919451132,5.735318809591447
path,4.570420277452756,5.740748118563649
path,4.57287648064996,5.745938374732154
path,4.575268250874231,5.751033686381276
path,4.577567890510974,5.756087271205035
path,4.579853642780757,5.761119772967082
path,4.5821408181305605,5.766151388238862
path,4.584515891746995,5.770976075982866
path,4.5868138647483585,5.775711051099433
path,4.589010300749325,5.7803959917433385
path,4.591148284583715,5.785051360730819
path,4.593290489286036,5.789706340876823
path,4.59554664435079,5.794116772325918
path,4.597762137569631,5.7984007041353385
path,4.599862297153453,5.802638328805492
path,4.60185675345881,5.806824989250255
path,4.60379518306776,5.810987116702287
path,4.605829621771515,5.814925212703274
path,4.607806257396428,5.818746006662145
path,4.609664967876479,5.822518828391973
path,4.611430859130495,5.826246249650552
path,4.613185341594595,5.8299679571416245
path,4.614980386448116,5.833531864920137
path,4.616675880531294,5.837026965914318
path,4.618311688146659,5.8405031474949425
path,4.619901592455395,5.8440313572659575
path,4.621442755465393,5.8476487888751345
path,4.622985200337329,5.8511740382135535
path,4.624410979436737,5.854649400622795
path,4.6257572330277466,5.858095515658952
path,4.627100863520184,5.861494583099069
path,4.628450831666326,5.864908581717674
path,4.629774252999339,5.868287405033852
path,4.63105596852695,5.87166930582602
path,4.632290730328981,5.875103983058057
path,4.633488676782601,5.878589223569844
path,4.634655442928383,5.882121102986857
path,4.635865307860592,5.885573472023185
path,4.637078163293597,5.889033216589163
path,4.638272924740039,5.892539317971772
path,4.6394612532712145,5.896084554149807
path,4.640640182767147,5.899667860102305
path,4.641887353906161,5.903199072717753
path,4.643158976267502,5.906719735871674
path,4.644441461118511,5.910244188653012
path,4.645734435294391,5.91377232984071
path,4.64703716132202,5.917303343692009
path,4.648249232182516,5.920639480562363
path,4.649476618579184,5.923926790609609
path,4.650711951026914,5.927212350539902
path,4.651950846364552,5.930497208308117
path,4.653193237165966,5.933781832401139
path,4.654356417896317,5.937303147205813
path,4.655443068975699,5.9409594909494485
path,4.656549386158139,5.944616597138764
path,4.657672062102733,5.948271010947706
path,4.658820056985774,5.951927006170502
path,4.660070533398002,5.955442514680902
path,4.661288823170619,5.958902612814477
path,4.662469654047575,5.962328638116427
path,4.663613601923048,5.965731445668301
path,4.66474688575115,5.969120024439892
path,4.665944501792449,5.972393178615736
path,4.667133792049397,5.975609721054748
path,4.668286921858699,5.978790507944057
path,4.6694031347368465,5.98194452412652
path,4.67048461984108,5.98507338472736
path,4.671611666464405,5.988093978037791
path,4.6727292251731365,5.991052043709709
path,4.673814264877755,5.993978890764797
path,4.67486303891178,5.996882722807864
path,4.675875435969858,5.999760343260692
path,4.676921526169679,6.002868185190246
path,4.678042060076384,6.006072202392731
path,4.679177325302972,6.009285573369572
path,4.680318303901541,6.012498049537687
path,4.6814640584939395,6.0157111549155236
path,4.682653297674047,6.018835595707536
path,4.683828994560823,6.021911348373604
path,4.68497111135638,6.024956991821908
path,4.686079733675105,6.027983307217235
path,4.687176208450996,6.03099642312706
path,4.68829792988569,6.03395402828668
path,4.6894063945227265,6.036876732343018
path,4.690486358379626,6.039784818908222
path,4.691558289005842,6.042677390445632
path,4.692633851183442,6.04557728431038
path,4.693754783399123,6.04837890218585
path,4.6948573003157925,6.0511608435849356
path,4.695931834047344,6.053914669125136
path,4.6969879848776,6.0566485172095055
path,4.698090497933857,6.059330235827801
path,4.699264882924595,6.061968847465187
path,4.70049755546898,6.0645529674482495
path,4.701763279510876,6.067064734913093
path,4.703057865435755,6.069511936272303
path,4.704357427695004,6.071950077729737
path,4.7055835797243155,6.074300393906175
path,4.70682476324401,6.076616658793525
path,4.708067972884417,6.078930642025281
path,4.709312999230347,6.081247792245092
path,4.710570072901867,6.0835719272168225
path,4.7117756157252755,6.085729138428202
path,4.713059550746986,6.087567161067095
path,4.714402306289341,6.089378274729916
path,4.7157445059322525,6.091192231191568
path,4.717085506553346,6.093009150692604
path,4.718407491230423,6.094765414999187
path,4.719677124804786,6.09648399729939
path,4.720926497869054,6.0981903388010466
path,4.7221742796729975,6.099899830846152
path,4.723417563764322,6.10161846987179
path,4.724645921783705,6.103297795761712
path,4.72585364784129,6.10497014359892
path,4.727059556115714,6.106646628168831
path,4.728263538803175,6.108327635377015
path,4.729465404801304,6.11001357478903
path,4.730641790294227,6.111660963170206
path,4.731800229314143,6.113303430493344
path,4.732955973665483,6.114952087010311
path,4.734108689245423,6.11660764807819
path,4.735257973008202,6.118270978712361
path,4.736383970022878,6.11991045615912
path,4.737500748253677,6.121556284303791
path,4.738612607798242,6.123213249194638
path,4.739718454185385,6.124883420086342
path,4.740813909249926,6.126570287990802
path,4.741875832101861,6.1282282772473815
path,4.742933251481449,6.129893334795061
path,4.744002854966276,6.131561129458581
path,4.745094133936148,6.133236264764926
path,4.746208633050668,6.134918887741198
path,4.747312743808023,6.136549169751965
path,4.74843935560573,6.138186990833502
path,4.749591845313484,6.1398333947441355
path,4.750765767973563,6.1414908570246975
path,4.751954681007739,6.143162433115863
path,4.75314383522341,6.144816333313578
path,4.754326625877842,6.146491692441077
path,4.755486227095962,6.148180100965672
path,4.756600972089423,6.1498452952020815
path,4.7576338372231515,6.151504244258684
path,4.758544239138474,6.153109511536243
path,4.759415494780521,6.154714567389642
path,4.760311702929603,6.156326096492317
path,4.761239420572978,6.157944567430995
path,4.762208348715245,6.159570669620371
path,4.763156374757597,6.1610682536917265
path,4.764151764128393,6.162557509777824
path,4.765177069674264,6.164073539955976
path,4.766186010798654,6.1656271716178574
path,4.767184780659525,6.167189952307089
path,4.768136434889087,6.1686815152183465
path,4.76907411986379,6.170103717376333
path,4.769987599108963,6.171508438796914
path,4.770855604193527,6.172890882686036
path,4.77170144566385,6.174264018454062
path,4.772529682495682,6.175618808601334
path,4.773350200520674,6.176977611754228
path,4.774169564263685,6.178339922183622
path,4.774990468716764,6.179705661837214
path,4.7758170255891645,6.181081936667811
path,4.776719627757251,6.182594366299606
path,4.777633912200364,6.184121922527853
path,4.7785525912100395,6.1856606137732735
path,4.779474984231362,6.18721001722326
path,4.7804004702540315,6.188769748308014
path,4.781305755330535,6.190296156277025
path,4.782203550797614,6.191820316589982
path,4.783102732252526,6.1933531610930554
path,4.784001879140757,6.194895899621163
path,4.784903057733479,6.196444394061902
path,4.785774025640339,6.197948470742811
path,4.786641673573772,6.199453483892846
path,4.787508581976704,6.200965489264321
path,4.788374652947104,6.202484278783341
path,4.7892395961364524,6.204009663880056
path,4.79007831436154,6.20549714007632
path,4.790914076903041,6.206988275655155
path,4.7917470935152835,6.208484901973095
path,4.792576500520276,6.2099872053109175
path,4.793402352162877,6.2114950043884605
path,4.794188268741751,6.212944055126079
path,4.794971597847847,6.214395235519959
path,4.795751879457553,6.215850952860973
path,4.796529179250895,6.2173110453619085
path,4.797300871706444,6.218775628981124
path,4.797798261372518,6.219748561761059
path,4.797917530228222,6.219976570491061
path,4.798014290295972,6.2201614030751955
path,4.79811098125649,6.220346270127074
path,4.798207598842715,6.220531176155311
path,4.798156934411193,6.220474399443839
path,4.798026766949054,6.220327302656762
path,4.797795679144353,6.220019821220348
path,4.797499493156965,6.219635801882581
path,4.797145466301395,6.219187951527981
path,4.797005999623669,6.219002189782943
path,4.796850973716899,6.218834936450937
path,4.796603514195509,6.2185272218318595
path,4.796292066520059,6.21814262481262
path,4.795923082719812,6.217694363754884
path,4.795505277348614,6.217199358793676
path,4.795047488731287,6.2166769301473614
path,4.794526299632602,6.2160790368813545
path,4.793960658034322,6.215447176820095
path,4.793357021654698,6.214788153819869
path,4.792718620926633,6.214110162947652
path,4.792046088045846,6.213416247929128
path,4.791324131951556,6.212675134560022
path,4.790567097619838,6.2119157183536675
path,4.789775462852133,6.211139436284881
path,4.7889495990163615,6.210347536682404
path,4.788088057465793,6.209541206561231
path,4.787190204011901,6.208712162259113
path,4.786259392104827,6.207871919887151
path,4.785295549035068,6.207021014491358
path,4.78457351400306,6.207024806766776
path,4.784437643089393,6.208208454284478
path,4.784926098092102,6.209928594197484
path,4.785301211999353,6.2114511338062135
path,4.785579203514,6.2128157575147
path,4.786458449773912,6.214817308914766
path,4.7877401960935675,6.217147992463856
path,4.788816472600267,6.219112106479805
path,4.7898425170650105,6.220962594026292
path,4.790373868313875,6.222893095592185
path,4.7911583807496205,6.225424475573856
path,4.792271241490159,6.2282763479282135
path,4.793026366474747,6.231057777285636
path,4.7935176900098995,6.233570331082573
path,4.79379576117904,6.235694391409846
path,4.793869870935898,6.237434333763655
path,4.793737598721109,6.238796731765579
path,4.793463295777694,6.239935166007749
path,4.793149726573888,6.240992447126615
path,4.792785275050291,6.241986977323775
path,4.792385971576185,6.242894755075977
path,4.79202938750463,6.2438588726360065
path,4.791549287275128,6.244606116900394
path,4.7910380587602,6.245305375943281
path,4.7905105158483385,6.24597161346453
path,4.789964551095359,6.2466453508986834
path,4.789418763960064,6.247327387397498
path,4.788830031876049,6.247915662199051
path,4.788214816619651,6.24848440718087
path,4.787569501916229,6.249028579033787
path,4.786882505564283,6.249566216458958
path,4.786192457742809,6.250166189617307
path,4.78554404054534,6.250819933722412
path,4.784926255523793,6.251485707209688
path,4.784327448429984,6.252135334463164
path,4.783764286071595,6.252856006262713
path,4.783197742828631,6.25366327219649
path,4.7825745218769065,6.2544400338788195
path,4.781946935038738,6.255205427618894
path,4.781313678609,6.255957120643932
path,4.780721709953814,6.25682753482482
path,4.780209339919506,6.25783529981258
path,4.779598467463041,6.258656672708415
path,4.7789578079033435,6.259420576388352
path,4.778313819829024,6.260171698396994
path,4.777693371201767,6.261011624098504
path,4.777102472708422,6.261913121858498
path,4.776469011924307,6.26270874897678
path,4.775829304510742,6.263492952061039
path,4.775187249345792,6.264262020325726
path,4.7745950649268485,6.265130396929247
path,4.774044084770436,6.26612966548373
path,4.773502738860953,6.267327476435877
path,4.773070199225087,6.26968170277262
path,4.7726122269889055,6.272055664457962
path,4.772064298121255,6.274635631120346
path,4.7714764209605045,6.277175625411814
path,4.7707617017085555,6.279633453757487
path,4.769976215498606,6.282026001160043
path,4.7691447644408855,6.284396103230488
path,4.768493705551371,6.2871607375466345
path,4.767928229838958,6.2902968573786
path,4.7674652394246335,6.293806464928497
path,4.767117430034225,6.297691825207345
path,4.766723193318983,6.302017299118252
path,4.766516242058865,6.306525330523849
path,4.766654117510393,6.310683176858
path,4.766737056686454,6.314637044625435
path,4.766741198730887,6.318407052694147
path,4.766688805389033,6.322013602681514
path,4.766681887383243,6.325533287970266
path,4.76670867879084,6.328981880283621
path,4.766761190562328,6.332367657184902
path,4.766835425714672,6.335693079282324
path,4.766928116894419,6.338960404935237
path,4.767040725849639,6.342197356637139
path,4.767166893041713,6.345380180884297
path,4.767304985400742,6.348509881625355
path,4.767453719532075,6.351587259563792
path,4.767612095160904,6.354612941020159
path,4.767781504266702,6.357601486578108
path,4.7679591754659665,6.360539182674751
path,4.768144681046348,6.363426264934434
path,4.7683377187138305,6.366262875975663
path,4.7685387241274,6.369053261141244
path,4.769313655680993,6.372485196916596
path,4.770977444806282,6.376830910153407
path,4.772742490598139,6.381074786800975
path,4.774514281067211,6.385292655293409
path,4.776283277386217,6.389510592939634
path,4.778045737153276,6.393725005104963
path,4.779798181664648,6.398063104851582
path,4.781552884170352,6.402552723750487
path,4.783344631515638,6.407098990709936
path,4.785190021629295,6.411640298179703
path,4.787009859583279,6.415921032340514
path,4.788828197298029,6.420186416157088
path,4.790646995575553,6.424453756363238
path,4.79245947602069,6.428722516550138
path,4.7942678076524174,6.432994582288786
path,4.796030125848422,6.437054306607864
path,4.797725324976796,6.441086927578675
path,4.799416135675801,6.4451222762735005
path,4.80110213363676,6.4491597701958385
path,4.80278330670254,6.453199424265584
path,4.804434804383501,6.457085654708661
path,4.806033854759799,6.460954925082693
path,4.807440704773139,6.464672573853898
path,4.808704925240899,6.468211632141678
path,4.8099955555821055,6.471673930923642
path,4.811203143195906,6.4750215836208875
path,4.812420780782454,6.478302031480542
path,4.813669499703507,6.4815695948993195
path,4.8149290286226964,6.484877981548803
path,4.816198364390795,6.4882327445453845
path,4.8174260205737385,6.491537759068561
path,4.8186688318838184,6.4948704494159
path,4.81991953579226,6.498253751610569
path,4.8211761829206585,6.50169319331567
path,4.8224397117505555,6.505188237027495
path,4.823660967081304,6.508643781645837
path,4.82490618430288,6.512120537802143
path,4.826175062148087,6.515596004914163
path,4.827468605485564,6.519071351386616
path,4.828781704862915,6.5225367094565625
path,4.830087714907591,6.525929209476745
path,4.831418815754128,6.529316841029765
path,4.832776350839167,6.532706328035391
path,4.834184505720709,6.5361052665619095
path,4.835663254066424,6.539546966512859
path,4.837132351956756,6.542877913220399
path,4.838610159918157,6.546232414929883
path,4.840148862650965,6.549579659022317
path,4.841704410519897,6.552926909415232
path,4.843268911683358,6.556268132554002
path,4.844794504164643,6.559496977246366
path,4.846327123535631,6.562719508535733
path,4.847860086550845,6.565944597868841
path,4.849387977484318,6.569170898228852
path,4.850910897789013,6.572398425191311
path,4.852378166513463,6.575515563303793
path,4.853840905498787,6.578627858892259
path,4.855298871616731,6.5817452473531
path,4.856752582819256,6.584863948283756
path,4.858203721675872,6.587985172844992
path,4.859602835670026,6.591004796454614
path,4.860970892820374,6.59402734056837
path,4.8623626952461585,6.5970472137196845
path,4.863751886432789,6.600069220371302
path,4.865137619414561,6.603092762097231
path,4.866478782036497,6.606025888244227
path,4.867814174518194,6.608957742396177
path,4.869148021840823,6.61189234107829
path,4.870477743305424,6.614827804506862
path,4.871803496855908,6.617764177221302
path,4.873610913669474,6.621339725713455
path,4.87609332288807,6.625850786305877
path,4.878607428959511,6.631217138009155
path,4.881102259118479,6.63683661738878
path,4.883585202718967,6.642459718563287
path,4.886143457910477,6.648274060535108
path,4.8886884055686535,6.654106904832175
path,4.891220967718651,6.659945904034177
path,4.8937426899038625,6.665791882065287
path,4.896249014571589,6.671641779976903
path,4.8985515324725695,6.6770319436578704
path,4.900738568487471,6.682227119607439
path,4.902937684282368,6.687443583978891
path,4.905124175645899,6.692663220451076
path,4.907304126377012,6.6978894900180235
path,4.909322879652341,6.702701819555616
path,4.911285910565324,6.707459284466605
path,4.913222499726432,6.712178904902522
path,4.915160370919894,6.716891715967323
path,4.917085603385115,6.721570828729811
path,4.918958420539837,6.725989352942175
path,4.920734591160228,6.730353670396815
path,4.922504568269579,6.734720772923149
path,4.924266940742901,6.739091327783622
path,4.926023205846014,6.743464575803269
path,4.927725530116365,6.747605670430722
path,4.929355417770806,6.751700099915657
path,4.930979170693065,6.7557971532189995
path,4.932596811532667,6.759896830757364
path,4.934208311521865,6.763999127514137
path,4.9357693754323915,6.76789185069673
path,4.93727834841799,6.771765192253034
path,4.938782081847092,6.775640643109136
path,4.940280020098545,6.779518482101147
path,4.941772676822949,6.783398447481073
path,4.943318563032025,6.78743242647668
path,4.944860952877539,6.7914773490951195
path,4.9463974286587336,6.795524666828528
path,4.9479279013332285,6.799574415178785
path,4.94945179079259,6.803626953999561
path,4.950940397436753,6.807578486422715
path,4.952414071418364,6.811530267544836
path,4.953882156544641,6.815484173442198
path,4.955344422259643,6.819440342952773
path,4.9568018548632855,6.823399636449967
path,4.958206812865979,6.827172373990374
path,4.959579318381072,6.830933300354426
path,4.960946115776026,6.834696639363153
path,4.962307705747251,6.838462093721068
path,4.9636663451953895,6.842227630245954
path,4.964978819298861,6.845860786541383
path,4.9662738734427005,6.849488098037657
path,4.966877931328462,6.852783921615561
path,4.967384172355281,6.855930297388845
path,4.968043921527564,6.858929097854256
path,4.968936811088231,6.862581723226734
path,4.969963489462255,6.867250845510191
path,4.97118788246972,6.872271888437014
path,4.9724731438693555,6.877301391071392
path,4.973746392755051,6.882335060307929
path,4.975098645058826,6.887828650979539
path,4.97649034358203,6.893452790308718
path,4.977863973010048,6.8990830397928855
path,4.979197090829629,6.904709835577791
path,4.980546218177504,6.910352593384886
path,4.9816089024035515,6.915811980292052
path,4.982626684097665,6.9210597767265245
path,4.983739969121638,6.926151159671341
path,4.984881369350074,6.931181534784296
path,4.986008735403309,6.936214634278845
path,4.986866844565302,6.941081183810696
path,4.987705029116982,6.945780207872981
path,4.988625125885396,6.95034207555105
path,4.989580029785715,6.954833954417374
path,4.9905222121163115,6.95932822859887
path,4.991632886208924,6.964514285356427
path,4.992917535219972,6.97070864528044
path,4.994257011229272,6.977439773375512
path,4.995565177875033,6.984177034547827
path,4.996837701480161,6.990919558758222
path,4.998114975396996,6.997805119446517
path,4.99937913247283,7.004695460368829
path,5.000626958380057,7.011586936876572
path,5.001863906659424,7.018483908374307
path,5.003086967863243,7.025380870557347
path,5.004150532202668,7.032121918072458
path,5.005269810850199,7.038678811047773
path,5.006403009528119,7.045186382112097
path,5.007524567074713,7.051696121588376
path,5.008614598434245,7.058229227589152
path,5.0096661853471645,7.064791267434458
path,5.010804220377096,7.071392088297434
path,5.0120372638865085,7.078101968529706
path,5.013313671811749,7.0849398118603055
path,5.014653697636756,7.091864667899695
path,5.0159757844252875,7.098782262530108
path,5.017279105997251,7.105698556793944
path,5.018568489885933,7.112616351252271
path,5.019840328778723,7.119532512360362
path,5.021093504959469,7.126448114625056
path,5.022102276967456,7.133028913270868
path,5.02302885860647,7.139391067069111
path,5.024086828966774,7.1456560468349775
path,5.025183438440898,7.151816724274534
path,5.026336895131599,7.157964204287356
path,5.027427742733146,7.163992049759587
path,5.028528595048252,7.169989282191587
path,5.029619163819401,7.175988485106628
path,5.030690350286129,7.1819781636715465
path,5.031735031191444,7.188060507725342
path,5.0327217719595145,7.194082814475763
path,5.033816556362871,7.200112507030506
path,5.03492228899891,7.206259123820833
path,5.036141075617764,7.21248381648724
path,5.03730766906441,7.218800228561084
path,5.038447123213131,7.224772218333059
path,5.039427565602497,7.230489340140467
path,5.040358953024022,7.236149688733205
path,5.041225575847608,7.2417410127597
path,5.042090792367285,7.24729771589164
path,5.042953279604238,7.252778408943077
path,5.043816752118571,7.258219282241136
path,5.0446778917081,7.263626564808297
path,5.04553878883439,7.268994123923405
path,5.046397212092422,7.2743253963255645
path,5.047231891740167,7.279583671113904
path,5.047956301671508,7.284951688999556
path,5.048738545860232,7.290416696316078
path,5.049595250609501,7.295939017163494
path,5.0504928947004295,7.301499776713682
path,5.051436280491816,7.307010164575742
path,5.052377277186627,7.312496453753391
path,5.053263728816429,7.317937411730469
path,5.05407383706015,7.323316038088742
path,5.054958590076218,7.328709422113268
path,5.055922465696154,7.334401424104127
path,5.056952912198207,7.340127070063776
path,5.057968786629807,7.345795246294778
path,5.058941868365703,7.35139996836106
path,5.0597959119171385,7.356930465032351
path,5.060503725369941,7.3623837430147585
path,5.061295473154144,7.367896653261666
path,5.0621078267850885,7.373445133051907
path,5.06286401517965,7.378997406129475
path,5.063563722563738,7.384550103602506
path,5.064120767051537,7.390040188882696
path,5.0646350704810725,7.395517306517042
path,5.065155383357046,7.400998307025973
path,5.065668251257801,7.406481579213128
path,5.066174067402225,7.4119656499565885
path,5.06663988367212,7.417391608216532
path,5.067102537555489,7.422807242508545
path,5.067567375167946,7.4282101563735905
path,5.068042329061367,7.433597482691701
path,5.068514220182346,7.438979446470616
path,5.069162675950552,7.444994385532719
path,5.0701398747464985,7.452170829916396
path,5.071532523305476,7.460037799755145
path,5.073155963975546,7.4680200473576255
path,5.074790597139721,7.476002649852137
path,5.076581969231038,7.484615631065389
path,5.078418721526294,7.493761973937997
path,5.079863242794315,7.502780126030427
path,5.081139995798208,7.511588915775838
path,5.082509420027867,7.520137403601612
path,5.084194709513522,7.529227602651899
path,5.085890707025384,7.538461605286741
path,5.087517607358634,7.547686383851275
path,5.088947892196486,7.556890821735159
path,5.090213321228446,7.566040818860386
path,5.091645130143098,7.5754442257325625
path,5.093197805364048,7.584909939856574
path,5.094723902023011,7.594417666362653
path,5.096180771415811,7.603965865451264
path,5.0974422139593605,7.613356999566133
path,5.098915533553199,7.622965936817099
path,5.1002378450059815,7.632537152540342
path,5.101486217807532,7.642240728512267
path,5.102228843284689,7.65263612766241
path,5.103140635807153,7.6627789017202295
path,5.103922313896948,7.673148993077245
path,5.104361207367562,7.683926279413391
path,5.104940618969769,7.694750088238522
path,5.105599266206321,7.705522273082196
path,5.106274201012114,7.7162077383310965
path,5.106688545726897,7.727130492386559
path,5.107143933342742,7.73813128727079
path,5.107735582775798,7.749101177459597
path,5.1083629528019,7.759985506278742
path,5.10900153026047,7.770791819200754
path,5.109472482438338,7.7818633014501
path,5.109941584457181,7.793076516693192
path,5.110556523643324,7.8041689549058155
path,5.111198095191314,7.815170428839654
path,5.111842437272163,7.8260978343766014
path,5.11221463219086,7.837273511233602
path,5.112562856584618,7.848513254416914
path,5.113057929463854,7.859630874893506
path,5.11357879659455,7.870659140182721
path,5.114111619626179,7.881612836501604
path,5.114481097513288,7.892817350941593
path,5.114877336873036,7.904165787377361
path,5.115424023253126,7.91538166674531
path,5.115948170353174,7.926423770735704
path,5.116253973553685,7.937465638411242
path,5.116579926742849,7.948852118010952
path,5.117222419343577,7.9604051069631545
path,5.118061510674869,7.971579873675032
path,5.119031127940441,7.98270638002522
path,5.120095696003638,7.993708354684314
path,5.120833644756626,8.005067459694091
path,5.121321566998973,8.016689227940175
path,5.122014898322433,8.028019088407254
path,5.1227872713015685,8.039070674745549
path,5.123457839982456,8.049792965826505
path,5.123732380876227,8.060722539655547
path,5.123673836754624,8.071693463977283
path,5.123696905973635,8.082241547375506
path,5.123833582791136,8.092449032826194
path,5.124101756947664,8.102505436238244
path,5.1239569933137945,8.112906986366042
path,5.123658806704408,8.123485690077237
path,5.12371967666097,8.133944674539633
path,5.124047054377613,8.144314543647502
path,5.124560050654169,8.154605904900833
path,5.124795102265018,8.165271430093096
path,5.1247796165910655,8.175998067345652
path,5.124982690026669,8.186573142028326
path,5.12545336334793,8.196994154644091
path,5.126104479835481,8.207262851038275
path,5.126397608985198,8.217864235924791
path,5.126223822216477,8.22831761184686
path,5.126278289381488,8.23853195728999
path,5.126563428534161,8.248572403009033
path,5.1270850479450445,8.258424020711606
path,5.127317878555262,8.268623977869202
path,5.127181792879015,8.279161507529992
path,5.127328694246806,8.289422781693565
path,5.127794173776919,8.299450732727367
path,5.128675661698266,8.30900657386565
path,5.129219828215423,8.318913263042777
path,5.129207322922323,8.329103072046795
path,5.1293551794331975,8.339244462237772
path,5.12996287608892,8.349027147524001
path,5.130809659930394,8.35853980565978
path,5.1313036289556315,8.368416917603628
path,5.131325424070234,8.378645987736153
path,5.131755892690667,8.388610324452436
path,5.132457313048424,8.398340136033434
path,5.1333449817944805,8.40790602895294
path,5.133862150512153,8.417852893905508
path,5.133966975746023,8.428139091550705
path,5.134433354080311,8.438149265535946
path,5.13518979520857,8.447890314275405
path,5.136101541227233,8.45751995632826
path,5.1371197926263825,8.467020165394889
path,5.138193737173366,8.476525834245484
path,5.139512401537813,8.485856149137602
path,5.140933106096339,8.495079485412962
path,5.142436407188126,8.504279426403688
path,5.143594389865614,8.51394306971273
path,5.144143739275452,8.524009296309762
path,5.144872345810033,8.533900290929829
path,5.145784927337423,8.543629839439548
path,5.1468319544496905,8.553227501713186
path,5.147509201040824,8.563188861612359
path,5.148023061340456,8.573220555542555
path,5.148750313546162,8.58304204047839
path,5.149614555250332,8.592676370501946
path,5.150590590908151,8.60216134552702
path,5.151191562583268,8.61199390948091
path,5.151454673064905,8.62200829101082
path,5.151864859513876,8.631841524523105
path,5.152348231773883,8.641562398305256
path,5.152878254958244,8.651180061748827
path,5.153085499405767,8.661041485011959
path,5.153234834469597,8.670868247779724
path,5.153433260917118,8.680575646280662
path,5.153663276822982,8.69018062917436
path,5.153906139438779,8.699685054655674
path,5.153881816127535,8.70934425406126
path,5.154001397359944,8.71881511566657
path,5.154318423126173,8.728083880139788
path,5.15459804315522,8.737232503402788
path,5.154795675138955,8.746204734069586
path,5.154972954239106,8.75462428242465
path,5.155344096106084,8.762589371027586
path,5.1557637680361585,8.770227231414255
path,5.1561772144412,8.777569488385291
path,5.156567868959736,8.784634088949257
path,5.156819773978234,8.790659004626633
path,5.157035847912855,8.795517976947636
path,5.157445207077616,8.799815995020113
path,5.157917676312429,8.803745854795427
path,5.158348671695806,8.807404947174511
path,5.158419018553296,8.811032845878934
path,5.158465714112658,8.814334173379013
path,5.158509236571122,8.817304269027163
path,5.15851906592847,8.819986752037934
path,5.158437881210855,8.822482025008341
path,5.158362622685886,8.824808667334764
path,5.158286339080278,8.827193895419065
path,5.158261533788316,8.829553886409148
path,5.158291422341183,8.831881868464636
path,5.158369329281725,8.834183301100202
path,5.15847713685764,8.836483282092301
path,5.158634463175266,8.838742053476428
path,5.158818198481419,8.840973550696136
path,5.159022080643329,8.84318810606716
path,5.159232394590351,8.845381304333886
path,5.159424457527005,8.847581662420316
path,5.159619269579986,8.849737004369114
path,5.1598035894167324,8.8518683890029
path,5.159974405328299,8.85397447045505
path,5.160129007059944,8.856053372345286
path,5.16024096537554,8.858147382246408
path,5.160334400982872,8.860202913053921
path,5.160407830673494,8.862229276251476
path,5.160481952744107,8.864245864760871
path,5.160559703401614,8.866255253243837
path,5.160639361027907,8.868333574423131
path,5.16072154246968,8.870383490555145
path,5.160800274171466,8.872420104280355
path,5.160882668708603,8.874449554123556
path,5.160968858186599,8.876471315697486
path,5.1610554942712135,8.878567310224897
path,5.161142476242437,8.880631773698694
path,5.161228675750649,8.882683307666063
path,5.1613189417237395,8.884726263077962
path,5.161413453520259,8.886759978198743
path,5.161511424615834,8.888852497811389
path,5.161607934400128,8.890907803546996
path,5.161705374451097,8.892949751028828
path,5.161807551320037,8.894981340015766
path,5.161914690812617,8.89700185085566
path,5.162033760824483,8.89908542561304
path,5.16213429377237,8.90114010577461
path,5.162237512531159,8.903179873490485
path,5.16234664637408,8.905206904541156
path,5.162461945377556,8.907220491598506
path,5.162573759136547,8.909317236921547
path,5.162686322048051,8.911372417343342
path,5.162803678805017,8.913410647274134
path,5.162927791283354,8.91543405955542
path,5.163059013601671,8.917441931324639
path,5.163282045631634,8.919593761549587
path,5.163562888863887,8.921961660685389
path,5.16386408332072,8.9245310339326
path,5.164161062019508,8.927297096637894
path,5.164438759100639,8.930237944377076
path,5.164729955144131,8.933352962655224
path,5.164983086182044,8.93660853447419
path,5.165186167998429,8.939995675111568
path,5.165330967669019,8.943511272924123
path,5.1654151151296555,8.947143931473898
path,5.165673825639279,8.950798701235415
path,5.166060113446081,8.954433772181527
path,5.166505771638651,8.958080162186652
path,5.166996783957759,8.961720771482058
path,5.1675338982079895,8.965346150918887
path,5.168153521372657,8.968991319281455
path,5.168812355502468,8.972631548237464
path,5.169509106496919,8.976266623877239
path,5.170244147999562,8.979892169507268
path,5.1710203260429495,8.983496820869169
path,5.171897318115759,8.987152952437672
path,5.1728115540836,8.990809958634259
path,5.173758698245838,8.994465583775513
path,5.174738063083562,8.998120695403047
path,5.175753588963575,9.001762105692356
path,5.1769292611227655,9.005518113732949
path,5.178162886115305,9.009291925159323
path,5.179430224384574,9.013060610978917
path,5.180730720121425,9.016825293470749
path,5.182063839251215,9.020587131592908
path,5.18355945543471,9.024463282293175
path,5.185109481927596,9.028361525531881
path,5.186690853357998,9.032260767890161
path,5.188303095788941,9.036162221106117
path,5.189945745629024,9.040067127390857
path,5.191805980901785,9.044209124848399
path,5.193826242528657,9.048481075530388
path,5.195876188472549,9.052760961658981
path,5.197955375697641,9.057049957125194
path,5.200063620134918,9.0613521922945
path,5.202230876158717,9.066149531084148
path,5.204627497854953,9.07121437180578
path,5.207055707129271,9.076297575513118
path,5.209477296624052,9.081478194762468
path,5.211921155735344,9.086695781961762
path,5.214561039714386,9.09209010378276
path,5.217274212238714,9.097571114474095
path,5.220009052120263,9.103091993736435
path,5.222765047619306,9.1086540834664
path,5.225541573563295,9.114259024501338
path,5.228338142597627,9.119908215034556
path,5.231154160437067,9.125603382037594
path,5.233988887295217,9.131346835979091
path,5.236841991415404,9.137139538825146
path,5.2397129095793415,9.142983289329264
path,5.242697659023854,9.148957405262301
path,5.2458509203524475,9.15510860505487
path,5.249137263484992,9.161420964776402
path,5.25253950927879,9.167859499496593
path,5.256047105617739,9.174399555077699
path,5.259461479313499,9.180837296358176
path,5.263131443747769,9.187531703150698
path,5.2669841789404845,9.194690467843888
path,5.270953476192271,9.202253606486245
path,5.274990931835487,9.210178349632901
path,5.278803070113566,9.217990153225433
path,5.282309745054403,9.225466446356394
path,5.286002293337564,9.233078120719812
path,5.289913131945135,9.241012925713777
path,5.293895976302764,9.249312404597516
path,5.297606853142426,9.257420186611451
path,5.300649709369581,9.264857824219648
path,5.303351476194666,9.272151243006963
path,5.30588043928238,9.279301184636351
path,5.308592760657696,9.286614780721505
path,5.311199696355172,9.293837732436941
path,5.313758609321659,9.30105603206518
path,5.316458222195547,9.308479439588769
path,5.319190635578425,9.316080375131316
path,5.322032111532494,9.32387267732122
path,5.324724487699249,9.331688206256391
path,5.327093051808045,9.339264328715911
path,5.329115157577285,9.346605664232381
path,5.331053854444647,9.353973287812842
path,5.332970494745382,9.361435513135634
path,5.334808568854362,9.368960568284983
path,5.336866947017467,9.376768837753861
path,5.339113741121366,9.384842743120657
path,5.341499956067338,9.393162110926546
path,5.3439949330459395,9.401706691196038
path,5.346257410061264,9.410089907733227
path,5.3485004365913955,9.418500896534544
path,5.351002455294228,9.427221027093436
path,5.3537117413711615,9.43620683800699
path,5.3565488125863325,9.44541401080252
path,5.359096148363562,9.454682241375274
path,5.361181680698448,9.46364853620541
path,5.363265489421156,9.472628924412215
path,5.36551978967347,9.481859070972872
path,5.36784191626845,9.49133460538082
path,5.369886292609681,9.500856686822626
path,5.371433201388569,9.51027726134429
path,5.372896012009499,9.519487129198877
path,5.374447181252475,9.528875890897174
path,5.376034270296426,9.538456972438189
path,5.377346939869808,9.548101320230078
path,5.378642806250635,9.55734036346125
path,5.379953570695283,9.566203120301967
path,5.381274484352599,9.574773919674023
path,5.382614112179369,9.583398258996942
path,5.3838953754719725,9.591970241505114
path,5.385117361905496,9.60016526597549
path,5.386328561210171,9.607963800999668
path,5.387542933778957,9.615520060339746
path,5.38878878491411,9.623026189280957
path,5.390190246270896,9.630654408258033
path,5.391620597341647,9.638347333321478
path,5.393059604178781,9.646065073858171
path,5.394432719611334,9.653693624961084
path,5.395809556269831,9.661282749769741
path,5.39732191466466,9.668941407009287
path,5.398909992283003,9.676661401425308
path,5.400513685034738,9.684386573253501
path,5.402075057821247,9.692058681903484
path,5.403639565282499,9.699713800607364
path,5.40533548875971,9.707418446829468
path,5.4071356033107065,9.715171472186025
path,5.409000373429239,9.722965688781718
path,5.410885458615643,9.73077618661904
path,5.41276079117373,9.73857708192741
path,5.414592797222723,9.746370551060382
path,5.416482458626765,9.754159486453503
path,5.418392716563027,9.761939395991185
path,5.420143911699362,9.769791962307268
path,5.42168517914551,9.777728959230457
path,5.422956402181054,9.785826076227229
path,5.423893286748651,9.793966238582797
path,5.424476737644707,9.802210033247754
path,5.424863883442245,9.810330175259121
path,5.425027159335449,9.818433815597155
path,5.425149292116221,9.82669782887426
path,5.425149107395861,9.834891968189943
path,5.425074693760514,9.843086258727201
path,5.424941315651806,9.851296374580727
path,5.424751965080795,9.859529271753576
path,5.424744555395544,9.867888851097822
path,5.424590015529538,9.87618215848696
path,5.424363389729954,9.884457355343336
path,5.424131131752366,9.892763220405673
path,5.423905412167279,9.901174878024044
path,5.423577461536233,9.909840402735748
path,5.4230763737780885,9.918588183501717
path,5.422435076958253,9.927451678082653
path,5.421660069006926,9.93639409703618
path,5.420740212924791,9.945033697215795
path,5.419697682840038,9.953794844119495
path,5.418554395966941,9.96268157150861
path,5.417380875661559,9.971699413777557
path,5.416175089094637,9.980851760954108
path,5.414935989770295,9.990140146372974
path,5.413663103565491,9.999580174498146
path,5.412342135164884,10.009144713820765
path,5.411105703073405,10.0188717334683
path,5.409851060387911,10.028723235358466
path,5.408538745415879,10.039446058902248
path,5.407110888901441,10.051345233469405
path,5.405646311924391,10.062880503250959
path,5.404405725313607,10.073953998162096
path,5.403276931946805,10.085075217974088
path,5.402226416675371,10.09625380962264
path,5.401047935316361,10.107357914229867
path,5.399800646204715,10.118043843847222
path,5.398588336062759,10.128657872635085
path,5.397301413887055,10.139242147981681
path,5.395975007564683,10.149797587885844
path,5.394665526477782,10.160196391814392
path,5.393386495045124,10.170405956825798
path,5.392123170187667,10.180523564135283
path,5.390872929667945,10.190575334671783
path,5.389636341382633,10.200577379017187
path,5.3884397626620295,10.210748202718237
path,5.387232453875366,10.220892152683028
path,5.386041553995377,10.230891200326516
path,5.384861662449137,10.240790049517386
path,5.3836893390627445,10.250613685078871
path,5.382555398924412,10.260623710980298
path,5.382501449676831,10.270764842912964
path,5.382888914311541,10.280865213131282
path,5.383712983014231,10.290917219583925
path,5.384854145158182,10.300693846097072
path,5.3857817173252265,10.310958997726422
path,5.386684425156776,10.321134920117323
path,5.387725712516136,10.331074929463359
path,5.388792288757491,10.341103737005652
path,5.390004369755329,10.352029494914351
path,5.391286013132113,10.363078570731036
path,5.392425102079265,10.374062109198215
path,5.3936787733332885,10.38518187544944
path,5.39505668217361,10.396410625673616
path,5.3965384181692135,10.40771108118439
path,5.397923103368152,10.418825081481875
path,5.3991420428660595,10.429704760589289
path,5.400289230547037,10.440522793349123
path,5.401263564523588,10.451242818052279
path,5.402208466422502,10.461863781629553
path,5.403132536515794,10.472352691751029
path,5.4038804097266455,10.482494475492459
path,5.404631786893075,10.492684836029595
path,5.405454823487763,10.503032215332377
path,5.406341837685695,10.513511759424723
path,5.407101422759704,10.523628491568031
path,5.407686073558842,10.533155965749952
path,5.408346512253188,10.54266380264148
path,5.408975343004017,10.552335847382713
path,5.40962530873499,10.562068977388353
path,5.41023627158634,10.571590573690575
path,5.410821453822199,10.581054486714814
path,5.4114200110953705,10.590565996682233
path,5.412030521905572,10.60011862521228
path,5.412651217898531,10.609708622157573
path,5.413239918926958,10.619135152380636
path,5.413828232429375,10.628572673329922
path,5.414420497879685,10.638044316866573
path,5.415013055310616,10.647542682670647
path,5.415618056393947,10.657065584491905
path,5.4161820899672595,10.666377746779657
path,5.416664813245245,10.675533505317285
path,5.417000910139097,10.684701379961412
path,5.417271176771313,10.693797241934986
path,5.417404502422881,10.702900472345513
path,5.417627512576545,10.712249029386083
path,5.417723465082387,10.721591104536236
path,5.417717565064878,10.730848745682389
path,5.417649882693077,10.740051582668913
path,5.417637044621414,10.749272125970968
path,5.4178128419300995,10.758637944924601
path,5.4179143336235205,10.767954547614272
path,5.417897639727955,10.777253383237374
path,5.417818780644536,10.78651418606939
path,5.4177977103206825,10.79578037114691
path,5.418016231720793,10.805215052928682
path,5.418162544947815,10.814599184849461
path,5.41815751465354,10.823854876678261
path,5.418102798656203,10.833046743877913
path,5.418120329754068,10.842244051656825
path,5.418216632941901,10.851438473420135
path,5.418345678088821,10.860396181500077
path,5.418498540874575,10.869390854639656
path,5.418533155613898,10.87836397112437
path,5.418596204086691,10.887390378808005
path,5.418718171230083,10.896665514834279
path,5.418823100478524,10.906012176322207
path,5.418838324209832,10.915339691856651
path,5.418749932051524,10.924709283161139
path,5.418497492367891,10.934102653145958
path,5.41804141637671,10.943664598915976
path,5.4176289534740025,10.953291050702342
path,5.41727624904745,10.962898920882614
path,5.4170300018090005,10.972490080922574
path,5.416996740966289,10.982095849161908
path,5.416992957818206,10.991878110793886
path,5.416971535881871,11.001734630876017
path,5.416890614157565,11.011512951934932
path,5.41682926092607,11.021164260940518
path,5.416747417921496,11.030614847279477
path,5.416720083189222,11.040268811494817
path,5.416862936714619,11.0500222197814
path,5.417090463340609,11.059836649427375
path,5.417354006819457,11.069791484618134
path,5.417622823328983,11.079886374660342
path,5.417917419029649,11.090353314665375
path,5.418314929171171,11.101012915171705
path,5.418810820781034,11.111840073925869
path,5.419461421579566,11.122705868442926
path,5.420271184732386,11.133525119388837
path,5.421150676821889,11.1445592281896
path,5.422066974379841,11.155726568348992
path,5.4231779409137255,11.166775182150959
path,5.424405423913488,11.1775318103045
path,5.425667023069314,11.188032838760925
path,5.426905195151281,11.198753156632918
path,5.428167919668136,11.209613250142148
path,5.429373763731057,11.22043141832094
path,5.4306279351686015,11.231137607947405
path,5.4319084460763944,11.24169594676363
path,5.4331820726894255,11.252455406471816
path,5.434453512885436,11.26329740205368
path,5.435724743898572,11.274148113810384
path,5.437060176068812,11.28485914303356
path,5.438440101780804,11.295440503486628
path,5.439763109036581,11.306179972865634
path,5.441054166407414,11.317021835643173
path,5.442374650968828,11.32779539017193
path,5.443746846074434,11.33844375803754
path,5.445167728130793,11.348984046669196
path,5.446626762900061,11.359449895100942
path,5.448093143624036,11.369844436741769
path,5.449546543388545,11.380071701397563
path,5.4510168738717635,11.390228522778141
path,5.452515719030386,11.400343113548534
path,5.453788808452902,11.410006359860558
path,5.455011505793904,11.419067488370407
path,5.456236566612687,11.427925854206324
path,5.457462233562731,11.436757912654132
path,5.458722386422216,11.445569744800554
path,5.45986023574063,11.453906476602613
path,5.4609633716340555,11.461495243780545
path,5.462111273845909,11.46882368744777
path,5.463247086331939,11.476160815343832
path,5.4644041066610205,11.483485069011056
path,5.465502901903202,11.490354859095671
path,5.4665778944114045,11.496662092075944
path,5.467604982764317,11.502814036234758
path,5.468569194292229,11.509028840350325
path,5.4693710020686686,11.515431158219364
path,5.470220381698918,11.522166494189795
path,5.471283098492143,11.529240799534056
path,5.472386136000998,11.536506497441176
path,5.473412518289092,11.54390659068841
path,5.474461952540021,11.551324043362602
path,5.47557465692289,11.55921473782055
path,5.476717080229188,11.567682577118854
path,5.477904122746628,11.576577874862865
path,5.479161958311612,11.585858453614684
path,5.480479759212169,11.595508424161126
path,5.48186102868105,11.605509211489919
path,5.483266539745765,11.615901034380018
path,5.484607551188253,11.626697395610403
path,5.485767500850074,11.637800590377374
path,5.486742125958823,11.64920299629498
path,5.487678361197554,11.66083653516613
path,5.488538767811305,11.672657864931516
path,5.489282241388504,11.6847704112541
path,5.490070836255005,11.697080304075818
path,5.490894607823213,11.709653503099108
path,5.492016426739502,11.722368381642443
path,5.493524159841393,11.734830981213614
path,5.495155226629137,11.747391791344112
path,5.496910471066955,11.760075413638612
path,5.498797709536922,11.772873431216333
path,5.5008392710961695,11.785438321510167
path,5.502926212847657,11.797871316349177
path,5.504908747075957,11.810635032144464
path,5.506958601233195,11.82359234971257
path,5.508987600433369,11.836634992063935
path,5.511038239462122,11.849417524320703
path,5.5129356547832895,11.861900810618874
path,5.514841790082512,11.874575435312902
path,5.516842393301354,11.887437620581519
path,5.518906598095257,11.900439736081852
path,5.521032154937521,11.913171552377136
path,5.523087112035771,11.92550620230368
path,5.525080442613238,11.937525411862545
path,5.527045364842485,11.949239876703096
path,5.528851092276845,11.96094632562496
path,5.530407120224334,11.972595925123533
path,5.53185874281674,11.984082751052208
path,5.533235374055564,11.995324297817035
path,5.5345243956174555,12.006369245663388
path,5.535717277896435,12.017272703352956
path,5.536853169641182,12.028412435957227
path,5.5381208150917995,12.039698370936804
path,5.539419342618437,12.050812194585548
path,5.540658211630474,12.061785653613091
path,5.541845255317391,12.072639042474968
path,5.543047350416202,12.083048106482217
path,5.543880208315038,12.092596178085937
path,5.544470024241444,12.101558043480352
path,5.544941697452626,12.110126215229991
path,5.545362308483976,12.118444761182202
path,5.545632270214225,12.126824873599505
path,5.545728492682659,12.13528675221161
path,5.545810429030632,12.143574601278994
path,5.545883738919317,12.151760849224264
path,5.545929442153484,12.15990029486582
path,5.54589783106541,12.167942466500142
path,5.54571124202866,12.175694340892944
path,5.545414322779622,12.18305597800266
path,5.545009561795599,12.190047144574736
path,5.54453907852396,12.196738438851076
path,5.544023756340946,12.203152462679885
path,5.543419681504728,12.209364523174285
path,5.542761661941712,12.21546558843372
path,5.5421369122507915,12.221650635475708
path,5.541426741699117,12.227792395467574
path,5.540624520910458,12.233916423479549
path,5.539719768791068,12.240049844717092
path,5.538736090477774,12.246043288584625
path,5.537532462924411,12.252102994921287
path,5.535971713632179,12.258627365426864
path,5.53425734709007,12.265461623766697
path,5.53241337261705,12.27243635169593
path,5.5304435756582295,12.279587559651546
path,5.528361888456177,12.286857220909019
path,5.526116781214413,12.294054736352052
path,5.523721072826431,12.301576500392336
path,5.521182036504248,12.309392391726599
path,5.518514802297264,12.317384714442097
path,5.515706806078911,12.32548331480766
path,5.512823952258831,12.333507570669154
path,5.509945196538918,12.341507254616056
path,5.507113624204242,12.349438367257644
path,5.504351594888018,12.357370161908245
path,5.501660937108336,12.3652605703807
path,5.498941295220679,12.373139786688284
path,5.496252989888294,12.381089132241417
path,5.493553636376686,12.38873438370173
path,5.490983000041244,12.396332636650405
path,5.488538856740811,12.404133276829304
path,5.486424989982659,12.412385342535416
path,5.484607346122453,12.420863960765333
path,5.482931598703677,12.429530302353326
path,5.481469174174487,12.438379727422632
path,5.480161329517552,12.44743978545513
path,5.478985745412854,12.456768250852596
path,5.477699243418659,12.466452644145638
path,5.476450008830376,12.476396142479588
path,5.475168048904434,12.486364371422436
path,5.473874345699632,12.496509614948174
path,5.47255218335724,12.50671312466478
path,5.4709243439506405,12.516961535716245
path,5.469356710777387,12.527238531268654
path,5.467790578582556,12.537452490035005
path,5.466123232853392,12.547505433529533
path,5.46450018597059,12.557638942569948
path,5.462602586144034,12.567743167941224
path,5.460825162484034,12.577850710564727
path,5.459140224006314,12.588062264916836
path,5.45754421093916,12.598341692498762
path,5.456034454733435,12.608570853882485
path,5.454430361227113,12.618323747941924
path,5.452462279902199,12.627572706994453
path,5.450141658350346,12.637009370805522
path,5.447794969260223,12.646563775930746
path,5.4454920727447576,12.656430630804197
path,5.443191581230186,12.666212621896108
path,5.440955460867765,12.675882153676277
path,5.4386932325822634,12.68599161068991
path,5.436373252269504,12.696384712999043
path,5.434010010762077,12.70698322349104
path,5.431721786510034,12.717373884455045
path,5.429541067156916,12.727486655038481
path,5.427307353705082,12.737698694882626
path,5.425045738355558,12.748013194083864
path,5.422954841812552,12.758425646666344
path,5.421195721561304,12.768373369687204
path,5.4198906589556834,12.777740685002366
path,5.41891228006426,12.787291127198825
path,5.418133817780167,12.797167570773823
path,5.417426651618893,12.806999267106292
path,5.416598306996745,12.817199714937368
path,5.415644595838285,12.827445474420097
path,5.414551826925948,12.837746496737292
path,5.413456093768193,12.847957657927104
path,5.412349520791707,12.858068737836431
path,5.411261213944386,12.868090279787216
path,5.40966256976027,12.878044543020106
path,5.407757673880187,12.888150794863005
path,5.405703186370985,12.89839381302637
path,5.4036111685128505,12.908818925518379
path,5.401477291227596,12.919559950725004
path,5.399269155564086,12.930525217009716
path,5.396983031916092,12.941602731086563
path,5.394588389519916,12.952791884153491
path,5.392192074552078,12.964008007450861
path,5.3899018439927024,12.975144339167542
path,5.387739521596788,12.986368593499048
path,5.385788852352024,12.99778827646618
path,5.383897323756177,13.009402659922085
path,5.382053047998947,13.021108819281705
path,5.380217200380675,13.032843012627676
path,5.3783357255193405,13.04458558644719
path,5.376572449543524,13.056533465442621
path,5.374933872984808,13.068639878155725
path,5.3734571039328225,13.08076776301496
path,5.371914674763117,13.092752467427568
path,5.370159720599291,13.104607035006232
path,5.3682576769317905,13.116526838067504
path,5.366326005558111,13.128665305923445
path,5.3643092913606445,13.141085508866478
path,5.362026594807754,13.153445477087379
path,5.359705275878584,13.165629020961562
path,5.357518449917609,13.178060978066872
path,5.355552032724889,13.190547293492557
path,5.353889616230095,13.20307598980281
path,5.352454232032367,13.215717998369565
path,5.351157472294446,13.22840721247136
path,5.350088202803018,13.241193915410312
path,5.349319810005114,13.254188822173877
path,5.3486275523598525,13.267283532756725
path,5.347995058626696,13.28050319912463
path,5.347141120544911,13.2937677306715
path,5.346469529101357,13.306995772268941
path,5.345950715915902,13.320091271224742
path,5.345465686550309,13.333141589931532
path,5.345005225137969,13.346169516547572
path,5.344465290814345,13.359299267412293
path,5.343816690299498,13.372535768147248
path,5.343063610021953,13.385880448808647
path,5.342202378521541,13.399348755534609
path,5.341273880615316,13.41297883528132
path,5.3402546450836725,13.42670117736269
path,5.339204132303208,13.44062112173512
path,5.338169113506612,13.454684086844573
path,5.337158807829119,13.468804961289118
path,5.336123719406666,13.48293745141043
path,5.335127768644333,13.49703277018417
path,5.334308228619767,13.511135254531624
path,5.333444903636755,13.525275899641152
path,5.33249165926541,13.539403966670898
path,5.3314760108352175,13.553382827303206
path,5.3299712852614975,13.566734765000174
path,5.328010126240781,13.579512973288365
path,5.325973209445267,13.591949475618103
path,5.3239910122401275,13.604205532987422
path,5.3221226778984585,13.61629800580097
path,5.320251224395819,13.62829078278506
path,5.3180689431608075,13.640045580624749
path,5.315531670277889,13.651523624493823
path,5.312666350376316,13.66274775210881
path,5.310191411146651,13.674291391405163
path,5.308083065258284,13.686046761038394
path,5.305743348140225,13.697567528463438
path,5.303157956809065,13.708992122618794
path,5.300388804466406,13.720381247999908
path,5.297858208564571,13.73228928288849
path,5.295822282449632,13.744786234171682
path,5.293361764782139,13.757083562479371
path,5.2905882982292844,13.769107206801241
path,5.28751909444789,13.780831944650046
path,5.284155962399294,13.79226706601052
path,5.280830923698903,13.803654426836868
path,5.2772659252825305,13.814777170635244
path,5.273596883610145,13.825746039909676
path,5.269774085190277,13.836629152543173
path,5.266567006366859,13.848343728497817
path,5.2640951335758,13.860599331451695
path,5.261697848888169,13.872864107599408
path,5.259210792677676,13.885037824796267
path,5.256654690368892,13.897125077270607
path,5.254466580237884,13.909549042838654
path,5.252607844477899,13.922104125968733
path,5.250800671990294,13.934597240155687
path,5.24905018636682,13.94703570959203
path,5.247356794314239,13.95942165862302
path,5.245836071237686,13.971852579133015
path,5.244450905038679,13.984293129814144
path,5.243217313006457,13.996793037996127
path,5.242183469372133,14.009137160134136
path,5.241396996910928,14.021262662998925
path,5.240717454453327,14.033017153092954
path,5.240226181788384,14.044603251233676
path,5.239891661871353,14.056241535767215
path,5.240092557599753,14.067551632875741
path,5.241041535599864,14.0782496225056
path,5.2420524340849255,14.08835249119618
path,5.243131657981065,14.097774855275897
path,5.244431140346104,14.106896708698219
path,5.245860433016754,14.115828190079489
path,5.247396731606484,14.124558671068963
path,5.248858435323262,14.132812473751917
path,5.25007419200471,14.140282204996968
path,5.251112911008951,14.147075500716765
path,5.252062178232662,14.153193001263597
path,5.252778620902604,14.158780411965273
path,5.253390557367654,14.163708155194719
path,5.254088992764823,14.168283113438273
path,5.25458689789919,14.172376170745473
path,5.254856536555975,14.17601023055298
path,5.254962078941307,14.179248121291785
path,5.255113146010567,14.182365189182605
path,5.2553395112627195,14.185307340939657
path,5.255638549514435,14.188059513295958
path,5.256005815774129,14.190626013154837
path,5.256309823916902,14.193029696100185
path,5.256483261393884,14.196816345195753
path,5.2568472593255935,14.201332371046458
path,5.256956579788012,14.205946728258725
path,5.2568987650928705,14.210531169049368
path,5.25688373504911,14.21511391017502
path,5.2572028174276255,14.220872900637064
path,5.257957397128713,14.227597881143886
path,5.258482873290582,14.23449139616817
path,5.258699780454495,14.241460489859147
path,5.258780792935058,14.24854832131485
path,5.25933673553452,14.25631787925777
path,5.260307266657475,14.265012492858752
path,5.261450575387237,14.274277123771062
path,5.2624020390935735,14.283651916176504
path,5.263176926187686,14.293137892535166
path,5.2641198184388385,14.30303229207201
path,5.2649961484783026,14.313081709905505
path,5.265635062752728,14.32305870509734
path,5.2660213433923735,14.332962547631857
path,5.2661217491640775,14.342995898629544
path,5.266211016683265,14.35337355122905
path,5.2661171724218585,14.363890110069798
path,5.265640795230556,14.374270925985606
path,5.264983623580678,14.384551210521698
path,5.264165022894861,14.39478973107946
path,5.263715490294829,14.40526104570628
path,5.263343464633373,14.415842359190645
path,5.26268466455564,14.426192178042822
path,5.2617429652909244,14.436454831678907
path,5.26066107680149,14.446915241920491
path,5.259999320191548,14.457720460665014
path,5.259361518637464,14.468557114536841
path,5.258512449942706,14.479192418591277
path,5.257565450346981,14.489701084889216
path,5.256566399767329,14.500123441563881
path,5.255917199054029,14.510833157419343
path,5.25536988908496,14.521510972980407
path,5.25469905486472,14.53181862597946
path,5.253786394524601,14.542199026587985
path,5.25261921904673,14.552768937253276
path,5.251474442305438,14.563693428401667
path,5.250182457190216,14.574839509084741
path,5.2487221771020165,14.586159936960401
path,5.247102988146074,14.597644561447922
path,5.245326814132165,14.609305437209494
path,5.24338892806496,14.621137264125016
path,5.24128208975327,14.633235880842896
path,5.2390176975230585,14.645593544056666
path,5.236696996573245,14.658097540830846
path,5.234338625722182,14.670732408021648
path,5.231973896807746,14.683454391379536
path,5.229575073553393,14.696315238097732
path,5.227141839443168,14.709312826068135
path,5.224673064470641,14.722445620851367
path,5.222146139535645,14.735678207242488
path,5.219401834250228,14.74854572411933
path,5.216250358737677,14.760763991468076
path,5.2130132683683525,14.772420509809034
path,5.209979676849573,14.783798829727344
path,5.207138268305014,14.794892178364059
path,5.20438081494063,14.80492096699176
path,5.201598446159451,14.81441924937206
path,5.198635584107032,14.823841999977404
path,5.195707855735655,14.833266158590517
path,5.192815172564792,14.84269075594783
path,5.190200221664678,14.852485480884983
path,5.187711923900352,14.862399446801133
path,5.1852398458276285,14.87226187267514
path,5.182787392339182,14.882058104356373
path,5.180363611725053,14.891794945131942
path,5.178141989666236,14.902057739274733
path,5.176407844651913,14.912939487723214
path,5.174763836534473,14.923900239312493
path,5.173129800585138,14.934777741058758
path,5.171497519148635,14.945568592979622
path,5.17005535277099,14.95657415180471
path,5.1690277040021675,14.968029681180901
path,5.168349449523677,14.979606559753478
path,5.168238835045461,14.991084362725344
path,5.16932743092473,15.002567731919024
path,5.1705162746406526,15.013508594055489
path,5.17152075373011,15.023950391195198
path,5.17252676054486,15.034373113639656
path,5.173533616846071,15.04478007724171
path,5.174540080653328,15.055169986121948
path,5.175651563776439,15.065594032554065
path,5.176703217337934,15.075871173089155
path,5.177723185613466,15.086082287890033
path,5.178734382868265,15.096300358642806
path,5.179736665871182,15.10652232647249
path,5.180778214333765,15.11653626180214
path,5.181701846629251,15.12613554038494
path,5.182575093049042,15.135564814211659
path,5.1834416976117295,15.144999399541218
path,5.184302088280139,15.154438171851684
path,5.185147045449486,15.163649358862003
path,5.185920399665895,15.172591787182235
path,5.186673657867425,15.181471726465983
path,5.187422188920186,15.190347311368452
path,5.188175126527896,15.19921368614388
path,5.188919055787889,15.207849007813914
path,5.189623822098663,15.216273253341743
path,5.190337075731864,15.224678452520982
path,5.191060056187786,15.233069516571309
path,5.191792703841019,15.241445926386396
path,5.192561165339164,15.24954637616938
path,5.193261960653965,15.2572966959894
path,5.193907545713522,15.264749233813001
path,5.194537321490361,15.272079160332927
path,5.1951767720871596,15.279394185373327
path,5.19589686512793,15.286430426980484
path,5.196543917819596,15.293051299358057
path,5.197136762060872,15.299371560071133
path,5.197625224065894,15.305324413926053
path,5.197680365483329,15.310832502547056
path,5.19762287587247,15.316130397152621
path,5.197482258070959,15.32133925798886
path,5.197221993816877,15.326497528482069
path,5.196836504903698,15.331603365101222
path,5.196323412202014,15.33665334412222
path,5.195746928441582,15.341504877633476
path,5.195075288460288,15.346253069440754
path,5.194294159269336,15.350919577388462
path,5.193401822372934,15.355500881218164
path,5.192381097678971,15.359998378029617
path,5.191312261483786,15.364297660297243
path,5.190132338506429,15.368496944653728
path,5.188824025961236,15.372613202610337
path,5.187386450677794,15.376642855912678
path,5.185819379261428,15.380581914881052
path,5.184155437997202,15.38439581283366
path,5.1823629035512715,15.388109133872558
path,5.180468672751765,15.391773122119458
path,5.17854274595452,15.395454109619836
path,5.176588168291651,15.399152490198693
path,5.174642006240981,15.403043434301019
path,5.172624300778242,15.406988503840163
path,5.170537043025495,15.410989219407822
path,5.1683280107586524,15.415221417770596
path,5.166028076204705,15.420114678885707
path,5.163980287431988,15.424599121039357
path,5.161924625685612,15.428919612441566
path,5.159752635010403,15.433193213331734
path,5.157481516615735,15.43745032812937
path,5.155180501656732,15.441758694301004
path,5.152864897156723,15.446145651351653
path,5.150516174168859,15.450588834019594
path,5.148143304841273,15.4550749788308
path,5.1457277937402575,15.459603106974862
path,5.1432666712704185,15.464169419314517
path,5.1408350065685,15.468655982463616
path,5.138469768037888,15.4730069569627
path,5.136103389253147,15.477324507741255
path,5.13377312846174,15.481561198214813
path,5.131480594873432,15.485716335826577
path,5.129250138365369,15.489757922134812
path,5.127071174833168,15.493712395547817
path,5.124952428732363,15.497605489264554
path,5.12289081942203,15.501440091921003
path,5.120886732957387,15.505215630880034
path,5.1189573492555365,15.508909417374031
path,5.11712805340386,15.512590711569251
path,5.115396831688648,15.516246803940225
path,5.113760396102747,15.519872939782127
path,5.112221031681808,15.523460425660762
path,5.110763594682987,15.526977238404971
path,5.109317487383135,15.530355950911062
path,5.107971190413714,15.533700400142052
path,5.106736950922786,15.537021972749672
path,5.105613250931356,15.540313439695685
path,5.10475985704663,15.543125262614733
path,5.104526258591998,15.54514970285189
path,5.1043859072479805,15.546901654309144
path,5.104212755434859,15.548461124706343
path,5.104006656505795,15.549834494214393
path,5.103928039347145,15.550684934218369
path,5.1039668087094485,15.550937910246912
path,5.1041182564774035,15.551142896722554
path,5.104374176304452,15.55130811177902
path,5.104727644330784,15.551426564230992
path,5.105132357199828,15.551525951048927
path,5.105593121235904,15.551637115840512
path,5.1060954661796565,15.551744230058658
path,5.106635600119032,15.551846637908387
path,5.107211415907307,15.551941590980162
path,5.107815992328869,15.552022076043292
path,5.108459901783861,15.552095657611243
path,5.1091356095872955,15.552155591203729
confirmed_rock,-8.0,-8.67
confirmed_rock,-7.0,-0.77
confirmed_rock,-6.33,-0.23
gt_rock,0.85,6.88
gt_rock,-11.98,7.91
gt_rock,11.97,8.31
gt_rock,25.95,30.55
gt_rock,10.0,13.69
gt_rock,-6.56,5.8
gt_rock,-5.0,19.5
gt_rock,-6.3,-7.96
gt_rock,-5.0,0.5
