type,x,y
path,-13.11835534875018,-8.944741480243884
path,-13.118357752514735,-8.944736222888906
path,-13.118359496858565,-8.944732348918647
path,-13.118361059553026,-8.944728824080881
path,-13.118362887708914,-8.944724615439025
path,-13.118363958880568,-8.94472209301602
path,-13.118365367464381,-8.944718690548864
path,-13.11836628212694,-8.944716411230738
path,-13.118367170053867,-8.94471412554813
path,-13.118368005773794,-8.944711883032975
path,-13.118368404687246,-8.944710769321203
path,-13.1183691443338,-8.944708595932509
path,-13.118369478056692,-8.944707549835293
path,-13.118369813252846,-8.944706445443078
path,-13.1183701042599,-8.944705429091394
path,-13.118370382923937,-8.944704382655079
path,-13.118370635097392,-8.944703332449123
path,-13.118370848044048,-8.944702302437188
path,-13.1183710222868,-8.94470123568105
path,-13.11837113148646,-8.94470018320846
path,-13.11837113148646,-8.94470018320846
path,-13.118371158310143,-8.944699181141878
path,-13.118371158310143,-8.944699181141878
path,-13.118371073310927,-8.944698176119438
path,-13.118371073310927,-8.944698176119438
path,-13.118371073310927,-8.944698176119438
path,-13.118370895414605,-8.944697152882487
path,-13.118370895414605,-8.944697152882487
path,-13.118370895414605,-8.944697152882487
path,-13.118370664076883,-8.944696130122132
path,-13.118370664076883,-8.944696130122132
path,-13.118370664076883,-8.944696130122132
path,-13.118370664076883,-8.944696130122132
path,-13.118370664076883,-8.944696130122132
path,-13.118370664076883,-8.944696130122132
path,-13.118369967002119,-8.944695123947326
path,-13.118369967002119,-8.944695123947326
path,-13.118369967002119,-8.944695123947326
path,-13.118369967002119,-8.944695123947326
path,-13.118369967002119,-8.944695123947326
path,-13.118369967002119,-8.944695123947326
path,-13.118368963314985,-8.944694579316609
path,-13.118368963314985,-8.944694579316609
path,-13.118368963314985,-8.944694579316609
path,-13.118368963314985,-8.944694579316609
path,-13.118368963314985,-8.944694579316609
path,-13.118367947453498,-8.944694349169165
path,-13.118367947453498,-8.944694349169165
path,-13.118367947453498,-8.944694349169165
path,-13.118367947453498,-8.944694349169165
path,-13.118367947453498,-8.944694349169165
path,-13.118366945659888,-8.944694258467475
path,-13.118366945659888,-8.944694258467475
path,-13.118366945659888,-8.944694258467475
path,-13.118366945659888,-8.944694258467475
path,-13.118366945659888,-8.944694258467475
path,-13.118365928226664,-8.944694238904463
path,-13.118365928226664,-8.944694238904463
path,-13.118365928226664,-8.944694238904463
path,-13.118365928226664,-8.944694238904463
path,-13.118364910552325,-8.94469426120275
path,-13.118364910552325,-8.94469426120275
path,-13.118364910552325,-8.94469426120275
path,-13.118364910552325,-8.94469426120275
path,-13.118364910552325,-8.94469426120275
path,-13.118363901757595,-8.944694308047577
path,-13.118363901757595,-8.944694308047577
path,-13.118363901757595,-8.944694308047577
path,-13.118363901757595,-8.944694308047577
path,-13.118362884620769,-8.94469437062523
path,-13.118362884620769,-8.94469437062523
path,-13.118362884620769,-8.94469437062523
path,-13.118362884620769,-8.94469437062523
path,-13.118362884620769,-8.94469437062523
path,-13.11836186214932,-8.944694443238609
path,-13.11836186214932,-8.944694443238609
path,-13.11836186214932,-8.944694443238609
path,-13.11836186214932,-8.944694443238609
path,-13.118360859093158,-8.944694520444738
path,-13.118360859093158,-8.944694520444738
path,-13.118360859093158,-8.944694520444738
path,-13.118360859093158,-8.944694520444738
path,-13.118360859093158,-8.944694520444738
path,-13.118359853928228,-8.94469460159233
path,-13.118359853928228,-8.94469460159233
path,-13.118359853928228,-8.94469460159233
path,-13.118359853928228,-8.94469460159233
path,-13.118358847402128,-8.944694685277245
path,-13.118358847402128,-8.944694685277245
path,-13.118358847402128,-8.944694685277245
path,-13.118358847402128,-8.944694685277245
path,-13.118357839989585,-8.944694770600286
path,-13.118357839989585,-8.944694770600286
path,-13.118326557764256,-8.944697503250683
path,-13.118326557764256,-8.944697503250683
path,-13.118325548364403,-8.944697591616766
path,-13.118325548364403,-8.944697591616766
path,-13.118325548364403,-8.944697591616766
path,-13.118325548364403,-8.944697591616766
path,-13.118325548364403,-8.944697591616766
path,-13.118324538949517,-8.944697679987074
path,-13.118324538949517,-8.944697679987074
path,-13.118324538949517,-8.944697679987074
path,-13.118324538949517,-8.944697679987074
path,-13.11832352952281,-8.94469776835936
path,-13.11832352952281,-8.94469776835936
path,-13.11832352952281,-8.94469776835936
path,-13.11832352952281,-8.94469776835936
path,-13.118322520084842,-8.94469785673324
path,-13.118322520084842,-8.94469785673324
path,-13.118322520084842,-8.94469785673324
path,-13.118322520084842,-8.94469785673324
path,-13.118322520084842,-8.94469785673324
path,-13.118321510630288,-8.944697945112463
path,-13.118321510630288,-8.944697945112463
path,-13.118321510630288,-8.944697945112463
path,-13.118321510630288,-8.944697945112463
path,-13.118320501167444,-8.94469803349121
path,-13.118320501167444,-8.94469803349121
path,-13.118320501167444,-8.94469803349121
path,-13.118320501167444,-8.94469803349121
path,-13.118320501167444,-8.94469803349121
path,-13.118319491689489,-8.94469812187453
path,-13.118319491689489,-8.94469812187453
path,-13.118319491689489,-8.94469812187453
path,-13.118319491689489,-8.94469812187453
path,-13.11831848220487,-8.944698210256519
path,-13.11831848220487,-8.944698210256519
path,-13.11831848220487,-8.944698210256519
path,-13.11831848220487,-8.944698210256519
path,-13.118317472702753,-8.94469829864476
path,-13.118317472702753,-8.94469829864476
path,-13.118317472702753,-8.94469829864476
path,-13.118317472702753,-8.94469829864476
path,-13.118317472702753,-8.94469829864476
path,-13.11831646318745,-8.944698387035967
path,-13.118217469237784,-8.944707062438265
path,-13.118217469237784,-8.944707062438265
path,-13.118216458468233,-8.944707151096326
path,-13.118216458468233,-8.944707151096326
path,-13.118216458468233,-8.944707151096326
path,-13.118216458468233,-8.944707151096326
path,-13.118216458468233,-8.944707151096326
path,-13.118215447684516,-8.944707239757987
path,-13.118215447684516,-8.944707239757987
path,-13.118215447684516,-8.944707239757987
path,-13.118215447684516,-8.944707239757987
path,-13.11821443689016,-8.944707328420987
path,-13.11821443689016,-8.944707328420987
path,-13.11821443689016,-8.944707328420987
path,-13.11821443689016,-8.944707328420987
path,-13.11821443689016,-8.944707328420987
path,-13.118213426081653,-8.944707417087718
path,-13.118213426081653,-8.944707417087718
path,-13.118213426081653,-8.944707417087718
path,-13.118213426081653,-8.944707417087718
path,-13.118212415262866,-8.944707505755616
path,-13.118212415262866,-8.944707505755616
path,-13.118212415262866,-8.944707505755616
path,-13.118212415262866,-8.944707505755616
path,-13.118211404428221,-8.944707594428358
path,-13.118211404428221,-8.944707594428358
path,-13.118211404428221,-8.944707594428358
path,-13.118211404428221,-8.944707594428358
path,-13.118211404428221,-8.944707594428358
path,-13.118210393581846,-8.944707683102997
path,-13.118210393581846,-8.944707683102997
path,-13.118210393581846,-8.944707683102997
path,-13.118210393581846,-8.944707683102997
path,-13.118209382723528,-8.944707771779878
path,-13.118209382723528,-8.944707771779878
path,-13.118209382723528,-8.944707771779878
path,-13.118209382723528,-8.944707771779878
path,-13.118209382723528,-8.944707771779878
path,-13.118208371851123,-8.944707860460317
path,-13.118208371851123,-8.944707860460317
path,-13.118208371851123,-8.944707860460317
path,-13.118208371851123,-8.944707860460317
path,-13.118207360966755,-8.94470794914315
path,-13.118198262436293,-8.944708747409067
path,-13.118197251427892,-8.944708836117178
path,-13.118197251427892,-8.944708836117178
path,-13.118197251427892,-8.944708836117178
path,-13.118197251427892,-8.944708836117178
path,-13.11819624040217,-8.944708924831044
path,-13.11819624040217,-8.944708924831044
path,-13.11819624040217,-8.944708924831044
path,-13.11819624040217,-8.944708924831044
path,-13.11819624040217,-8.944708924831044
path,-13.118195229363515,-8.944709013547564
path,-13.118195229363515,-8.944709013547564
path,-13.118195229363515,-8.944709013547564
path,-13.118195229363515,-8.944709013547564
path,-13.118194218313242,-8.94470910226575
path,-13.118194218313242,-8.94470910226575
path,-13.118194218313242,-8.94470910226575
path,-13.118194218313242,-8.94470910226575
path,-13.118194218313242,-8.94470910226575
path,-13.11819320725167,-8.944709190985698
path,-13.11819320725167,-8.944709190985698
path,-13.11819320725167,-8.944709190985698
path,-13.11819320725167,-8.944709190985698
path,-13.11819219617428,-8.944709279710619
path,-13.11819219617428,-8.944709279710619
path,-13.11819219617428,-8.944709279710619
path,-13.11819219617428,-8.944709279710619
path,-13.118191185089122,-8.944709368434701
path,-13.118191185089122,-8.944709368434701
path,-13.118191185089122,-8.944709368434701
path,-13.118191185089122,-8.944709368434701
path,-13.118191185089122,-8.944709368434701
path,-13.118190173987987,-8.944709457164112
path,-13.118190173987987,-8.944709457164112
path,-13.118190173987987,-8.944709457164112
path,-13.118190173987987,-8.944709457164112
path,-13.118189162872614,-8.944709545897013
path,-13.118189162872614,-8.944709545897013
path,-13.118189162872614,-8.944709545897013
path,-13.118189162872614,-8.944709545897013
path,-13.118189162872614,-8.944709545897013
path,-13.118188151748939,-8.944709634629637
path,-13.118188151748939,-8.944709634629637
path,-13.118188151748939,-8.944709634629637
path,-13.118188151748939,-8.944709634629637
path,-13.118187140607988,-8.944709723368177
path,-13.118187140607988,-8.944709723368177
path,-13.118187140607988,-8.944709723368177
path,-13.118187140607988,-8.944709723368177
path,-13.11818612945658,-8.944709812107659
path,-13.11818612945658,-8.944709812107659
path,-13.11818612945658,-8.944709812107659
path,-13.11818612945658,-8.944709812107659
path,-13.11818612945658,-8.944709812107659
path,-13.118185118294761,-8.944709900848462
path,-13.118185118294761,-8.944709900848462
path,-13.118185118294761,-8.944709900848462
path,-13.118185118294761,-8.944709900848462
path,-13.118184107115878,-8.944709989594898
path,-13.118184107115878,-8.944709989594898
path,-13.118184107115878,-8.944709989594898
path,-13.118184107115878,-8.944709989594898
path,-13.118184107115878,-8.944709989594898
path,-13.118183095926632,-8.944710078342318
path,-13.118183095926632,-8.944710078342318
path,-13.118183095926632,-8.944710078342318
path,-13.118183095926632,-8.944710078342318
path,-13.118182084723589,-8.944710167093454
path,-13.118182084723589,-8.944710167093454
path,-13.118182084723589,-8.944710167093454
path,-13.118182084723589,-8.944710167093454
path,-13.118181073509305,-8.944710255846148
path,-13.118181073509305,-8.944710255846148
path,-13.118181073509305,-8.944710255846148
path,-13.118181073509305,-8.944710255846148
path,-13.118181073509305,-8.944710255846148
path,-13.118180062280073,-8.944710344602955
path,-13.118180062280073,-8.944710344602955
path,-13.118180062280073,-8.944710344602955
path,-13.118180062280073,-8.944710344602955
path,-13.118179051039906,-8.94471043336132
path,-13.118179051039906,-8.94471043336132
path,-13.118179051039906,-8.94471043336132
path,-13.118179051039906,-8.94471043336132
path,-13.118179051039906,-8.94471043336132
path,-13.1181780397866,-8.944710522122548
path,-13.1181780397866,-8.944710522122548
path,-13.1181780397866,-8.944710522122548
path,-13.1181780397866,-8.944710522122548
path,-13.118177028521298,-8.944710610886295
path,-13.118177028521298,-8.944710610886295
path,-13.118177028521298,-8.944710610886295
path,-13.118177028521298,-8.944710610886295
path,-13.11817601724159,-8.944710699653937
path,-13.11817601724159,-8.944710699653937
path,-13.11817601724159,-8.944710699653937
path,-13.11817601724159,-8.944710699653937
path,-13.11817601724159,-8.944710699653937
path,-13.118175005949253,-8.944710788424068
path,-13.118175005949253,-8.944710788424068
path,-13.118175005949253,-8.944710788424068
path,-13.118175005949253,-8.944710788424068
path,-13.118173994647176,-8.944710877194828
path,-13.118173994647176,-8.944710877194828
path,-13.118173994647176,-8.944710877194828
path,-13.118173994647176,-8.944710877194828
path,-13.118173994647176,-8.944710877194828
path,-13.118172983331108,-8.944710965969406
path,-13.118172983331108,-8.944710965969406
path,-13.118172983331108,-8.944710965969406
path,-13.118172983331108,-8.944710965969406
path,-13.118171972001889,-8.944711054747097
path,-13.118171972001889,-8.944711054747097
path,-13.118171972001889,-8.944711054747097
path,-13.118171972001889,-8.944711054747097
path,-13.118170960659208,-8.944711143527808
path,-13.118170960659208,-8.944711143527808
path,-13.118170960659208,-8.944711143527808
path,-13.118170960659208,-8.944711143527808
path,-13.118170960659208,-8.944711143527808
path,-13.118169949303805,-8.944711232311152
path,-13.118169949303805,-8.944711232311152
path,-13.118169949303805,-8.944711232311152
path,-13.118169949303805,-8.944711232311152
path,-13.118168937940045,-8.944711321094395
path,-13.118168937940045,-8.944711321094395
path,-13.118168937940045,-8.944711321094395
path,-13.118168937940045,-8.944711321094395
path,-13.118168937940045,-8.944711321094395
path,-13.118167926558334,-8.944711409884121
path,-13.118167926558334,-8.944711409884121
path,-13.118167926558334,-8.944711409884121
path,-13.118167926558334,-8.944711409884121
path,-13.118166915164394,-8.944711498675973
path,-13.118166915164394,-8.944711498675973
path,-13.118166915164394,-8.944711498675973
path,-13.118166915164394,-8.944711498675973
path,-13.118165903759706,-8.944711587469216
path,-13.118165903759706,-8.944711587469216
path,-13.118165903759706,-8.944711587469216
path,-13.118165903759706,-8.944711587469216
path,-13.118165903759706,-8.944711587469216
path,-13.118164892341415,-8.944711676265817
path,-13.118164892341415,-8.944711676265817
path,-13.118164892341415,-8.944711676265817
path,-13.118164892341415,-8.944711676265817
path,-13.118163880910211,-8.944711765065191
path,-13.118163880910211,-8.944711765065191
path,-13.118163880910211,-8.944711765065191
path,-13.118163880910211,-8.944711765065191
path,-13.118163880910211,-8.944711765065191
path,-13.118162869467422,-8.94471185386647
path,-13.118162869467422,-8.94471185386647
path,-13.118162869467422,-8.94471185386647
path,-13.118162869467422,-8.94471185386647
path,-13.118161858013556,-8.944711942669615
path,-13.118161858013556,-8.944711942669615
path,-13.118161858013556,-8.944711942669615
path,-13.118161858013556,-8.944711942669615
path,-13.118160846544535,-8.944712031477282
path,-13.118160846544535,-8.944712031477282
path,-13.118160846544535,-8.944712031477282
path,-13.118160846544535,-8.944712031477282
path,-13.118160846544535,-8.944712031477282
path,-13.11815983506119,-8.944712120288612
path,-13.11815983506119,-8.944712120288612
path,-13.11815983506119,-8.944712120288612
path,-13.11815983506119,-8.944712120288612
path,-13.118158823567967,-8.944712209100507
path,-13.118158823567967,-8.944712209100507
path,-13.118158823567967,-8.944712209100507
path,-13.118158823567967,-8.944712209100507
path,-13.118158823567967,-8.944712209100507
path,-13.118157812060335,-8.944712297916375
path,-13.118157812060335,-8.944712297916375
path,-13.118157812060335,-8.944712297916375
path,-13.118157812060335,-8.944712297916375
path,-13.118156800540353,-8.944712386734635
path,-13.118156800540353,-8.944712386734635
path,-13.118156800540353,-8.944712386734635
path,-13.118156800540353,-8.944712386734635
path,-13.118155789007563,-8.94471247555563
path,-13.118155789007563,-8.94471247555563
path,-13.118155789007563,-8.94471247555563
path,-13.118155789007563,-8.94471247555563
path,-13.118155789007563,-8.94471247555563
path,-13.118154777459697,-8.944712564380833
path,-13.118154777459697,-8.944712564380833
path,-13.118154777459697,-8.944712564380833
path,-13.118154777459697,-8.944712564380833
path,-13.118153765897855,-8.944712653209404
path,-13.118153765897855,-8.944712653209404
path,-13.118153765897855,-8.944712653209404
path,-13.118153765897855,-8.944712653209404
path,-13.118153765897855,-8.944712653209404
path,-13.118152754326534,-8.944712742038234
path,-13.118152754326534,-8.944712742038234
path,-13.118152754326534,-8.944712742038234
path,-13.118152754326534,-8.944712742038234
path,-13.118151742745003,-8.94471283086822
path,-13.118151742745003,-8.94471283086822
path,-13.118151742745003,-8.94471283086822
path,-13.118151742745003,-8.94471283086822
path,-13.118150731148289,-8.9447129197029
path,-13.118150731148289,-8.9447129197029
path,-13.118150731148289,-8.9447129197029
path,-13.118150731148289,-8.9447129197029
path,-13.118150731148289,-8.9447129197029
path,-13.118149719539819,-8.944713008539592
path,-13.118149719539819,-8.944713008539592
path,-13.118149719539819,-8.944713008539592
path,-13.118149719539819,-8.944713008539592
path,-13.118148707920056,-8.94471309737823
path,-13.118148707920056,-8.94471309737823
path,-13.118148707920056,-8.94471309737823
path,-13.118148707920056,-8.94471309737823
path,-13.118148707920056,-8.94471309737823
path,-13.118147696284927,-8.944713186221493
path,-13.118147696284927,-8.944713186221493
path,-13.118147696284927,-8.944713186221493
path,-13.118147696284927,-8.944713186221493
path,-13.118146684636914,-8.944713275067492
path,-13.118146684636914,-8.944713275067492
path,-13.118146684636914,-8.944713275067492
path,-13.118146684636914,-8.944713275067492
path,-13.118145672977718,-8.944713363915092
path,-13.118145672977718,-8.944713363915092
path,-13.118145672977718,-8.944713363915092
path,-13.118145672977718,-8.944713363915092
path,-13.118145672977718,-8.944713363915092
path,-13.118144661305415,-8.944713452765718
path,-13.118144661305415,-8.944713452765718
path,-13.118144661305415,-8.944713452765718
path,-13.118144661305415,-8.944713452765718
path,-13.118143649620697,-8.944713541618906
path,-13.118143649620697,-8.944713541618906
path,-13.118143649620697,-8.944713541618906
path,-13.118143649620697,-8.944713541618906
path,-13.118143649620697,-8.944713541618906
path,-13.118142637926644,-8.94471363047265
path,-13.118142637926644,-8.94471363047265
path,-13.118142637926644,-8.94471363047265
path,-13.118142637926644,-8.94471363047265
path,-13.11814162621792,-8.94471371933058
path,-13.11814162621792,-8.94471371933058
path,-13.11814162621792,-8.94471371933058
path,-13.11814162621792,-8.94471371933058
path,-13.118140614496562,-8.944713808191215
path,-13.118140614496562,-8.944713808191215
path,-13.118140614496562,-8.944713808191215
path,-13.118140614496562,-8.944713808191215
path,-13.118140614496562,-8.944713808191215
path,-13.118139602759339,-8.944713897056797
path,-13.118139602759339,-8.944713897056797
path,-13.118139602759339,-8.944713897056797
path,-13.118139602759339,-8.944713897056797
path,-13.11813859101262,-8.944713985922718
path,-13.11813859101262,-8.944713985922718
path,-13.11813859101262,-8.944713985922718
path,-13.11813859101262,-8.944713985922718
path,-13.11813859101262,-8.944713985922718
path,-13.118137579251819,-8.944714074792318
path,-13.118137579251819,-8.944714074792318
path,-13.118137579251819,-8.944714074792318
path,-13.118137579251819,-8.944714074792318
path,-13.11813656747652,-8.944714163665791
path,-13.11813656747652,-8.944714163665791
path,-13.11813656747652,-8.944714163665791
path,-13.11813656747652,-8.944714163665791
path,-13.118135555688621,-8.944714252541763
path,-13.118135555688621,-8.944714252541763
path,-13.118135555688621,-8.944714252541763
path,-13.118135555688621,-8.944714252541763
path,-13.118135555688621,-8.944714252541763
path,-13.118134543887136,-8.944714341420708
path,-13.118134543887136,-8.944714341420708
path,-13.118134543887136,-8.944714341420708
path,-13.118134543887136,-8.944714341420708
path,-13.118133532076138,-8.944714430300104
path,-13.118133532076138,-8.944714430300104
path,-13.118133532076138,-8.944714430300104
path,-13.118133532076138,-8.944714430300104
path,-13.118133532076138,-8.944714430300104
path,-13.118132520253093,-8.944714519181975
path,-13.118132520253093,-8.944714519181975
path,-13.118132520253093,-8.944714519181975
path,-13.118132520253093,-8.944714519181975
path,-13.118131508417088,-8.94471460806699
path,-13.118131508417088,-8.94471460806699
path,-13.118131508417088,-8.94471460806699
path,-13.118131508417088,-8.94471460806699
path,-13.11813049656919,-8.944714696954154
path,-13.11813049656919,-8.944714696954154
path,-13.11813049656919,-8.944714696954154
path,-13.11813049656919,-8.944714696954154
path,-13.11813049656919,-8.944714696954154
path,-13.11812948470699,-8.944714785845283
path,-13.11812948470699,-8.944714785845283
path,-13.11812948470699,-8.944714785845283
path,-13.11812948470699,-8.944714785845283
path,-13.118128472833243,-8.944714874738466
path,-13.118128472833243,-8.944714874738466
path,-13.118128472833243,-8.944714874738466
path,-13.118128472833243,-8.944714874738466
path,-13.118128472833243,-8.944714874738466
path,-13.118127460943649,-8.944714963636457
path,-13.118127460943649,-8.944714963636457
path,-13.118127460943649,-8.944714963636457
path,-13.118127460943649,-8.944714963636457
path,-13.118126449044123,-8.944715052534972
path,-13.118126449044123,-8.944715052534972
path,-13.118126449044123,-8.944715052534972
path,-13.118126449044123,-8.944715052534972
path,-13.11812543713087,-8.944715141437113
path,-13.11812543713087,-8.944715141437113
path,-13.11812543713087,-8.944715141437113
path,-13.11812543713087,-8.944715141437113
path,-13.11812543713087,-8.944715141437113
path,-13.118124425205128,-8.944715230341696
path,-13.118124425205128,-8.944715230341696
path,-13.118124425205128,-8.944715230341696
path,-13.118124425205128,-8.944715230341696
path,-13.118123413265772,-8.94471531924946
path,-13.118123413265772,-8.94471531924946
path,-13.118123413265772,-8.94471531924946
path,-13.118123413265772,-8.94471531924946
path,-13.118123413265772,-8.94471531924946
path,-13.11812240131401,-8.944715408159734
path,-13.11812240131401,-8.944715408159734
path,-13.11812240131401,-8.944715408159734
path,-13.11812240131401,-8.944715408159734
path,-13.118121389350856,-8.944715497071897
path,-13.118121389350856,-8.944715497071897
path,-13.118121389350856,-8.944715497071897
path,-13.118121389350856,-8.944715497071897
path,-13.1181203773766,-8.944715585985765
path,-13.1181203773766,-8.944715585985765
path,-13.1181203773766,-8.944715585985765
path,-13.1181203773766,-8.944715585985765
path,-13.1181203773766,-8.944715585985765
path,-13.118119365385658,-8.94471567490506
path,-13.118119365385658,-8.94471567490506
path,-13.118119365385658,-8.94471567490506
path,-13.118119365385658,-8.94471567490506
path,-13.118118353382263,-8.94471576382673
path,-13.118118353382263,-8.94471576382673
path,-13.118118353382263,-8.94471576382673
path,-13.118118353382263,-8.94471576382673
path,-13.118118353382263,-8.94471576382673
path,-13.118117341365977,-8.9447158527512
path,-13.118117341365977,-8.9447158527512
path,-13.118117341365977,-8.9447158527512
path,-13.118117341365977,-8.9447158527512
path,-13.118116329341024,-8.944715941675662
path,-13.118116329341024,-8.944715941675662
path,-13.118116329341024,-8.944715941675662
path,-13.118116329341024,-8.944715941675662
path,-13.118115317300386,-8.944716030604898
path,-13.118115317300386,-8.944716030604898
path,-13.118115317300386,-8.944716030604898
path,-13.118115317300386,-8.944716030604898
path,-13.118115317300386,-8.944716030604898
path,-13.118114305248644,-8.944716119535789
path,-13.118114305248644,-8.944716119535789
path,-13.118114305248644,-8.944716119535789
path,-13.118114305248644,-8.944716119535789
path,-13.11811329318266,-8.944716208470503
path,-13.11811329318266,-8.944716208470503
path,-13.11811329318266,-8.944716208470503
path,-13.11811329318266,-8.944716208470503
path,-13.11811329318266,-8.944716208470503
path,-13.118112281103317,-8.944716297408227
path,-13.118112281103317,-8.944716297408227
path,-13.118112281103317,-8.944716297408227
path,-13.118112281103317,-8.944716297408227
path,-13.118111269011829,-8.944716386348288
path,-13.118111269011829,-8.944716386348288
path,-13.118111269011829,-8.944716386348288
path,-13.118111269011829,-8.944716386348288
path,-13.118110256909743,-8.944716475289608
path,-13.118110256909743,-8.944716475289608
path,-13.118110256909743,-8.944716475289608
path,-13.118110256909743,-8.944716475289608
path,-13.118110256909743,-8.944716475289608
path,-13.118109244792898,-8.944716564235202
path,-13.118109244792898,-8.944716564235202
path,-13.118109244792898,-8.944716564235202
path,-13.118109244792898,-8.944716564235202
path,-13.11810823266447,-8.944716653182569
path,-13.11810823266447,-8.944716653182569
path,-13.11810823266447,-8.944716653182569
path,-13.11810823266447,-8.944716653182569
path,-13.11810823266447,-8.944716653182569
path,-13.118107220522257,-8.944716742133469
path,-13.118107220522257,-8.944716742133469
path,-13.118107220522257,-8.944716742133469
path,-13.118107220522257,-8.944716742133469
path,-13.118106208366902,-8.944716831087309
path,-13.118106208366902,-8.944716831087309
path,-13.118106208366902,-8.944716831087309
path,-13.118106208366902,-8.944716831087309
path,-13.118105196201126,-8.944716920042348
path,-13.118105196201126,-8.944716920042348
path,-13.118105196201126,-8.944716920042348
path,-13.118105196201126,-8.944716920042348
path,-13.118105196201126,-8.944716920042348
path,-13.118104184019776,-8.944717009002074
path,-13.118104184019776,-8.944717009002074
path,-13.118104184019776,-8.944717009002074
path,-13.118104184019776,-8.944717009002074
path,-13.118103171828249,-8.944717097962629
path,-13.118103171828249,-8.944717097962629
path,-13.118103171828249,-8.944717097962629
path,-13.118103171828249,-8.944717097962629
path,-13.118103171828249,-8.944717097962629
path,-13.118102159622804,-8.944717186926743
path,-13.118102159622804,-8.944717186926743
path,-13.118102159622804,-8.944717186926743
path,-13.118102159622804,-8.944717186926743
path,-13.118101147401898,-8.944717275895355
path,-13.118101147401898,-8.944717275895355
path,-13.118101147401898,-8.944717275895355
path,-13.118101147401898,-8.944717275895355
path,-13.11810013516794,-8.94471736486673
path,-13.11810013516794,-8.94471736486673
path,-13.11810013516794,-8.94471736486673
path,-13.11810013516794,-8.94471736486673
path,-13.11810013516794,-8.94471736486673
path,-13.118099122924086,-8.944717453838736
path,-13.118099122924086,-8.944717453838736
path,-13.118099122924086,-8.944717453838736
path,-13.118099122924086,-8.944717453838736
path,-13.118098110669761,-8.944717542812105
path,-13.118098110669761,-8.944717542812105
path,-13.118098110669761,-8.944717542812105
path,-13.118098110669761,-8.944717542812105
path,-13.118098110669761,-8.944717542812105
path,-13.118097098400344,-8.944717631789892
path,-13.118097098400344,-8.944717631789892
path,-13.118097098400344,-8.944717631789892
path,-13.118097098400344,-8.944717631789892
path,-13.118096086119667,-8.94471772076955
path,-13.118096086119667,-8.94471772076955
path,-13.118096086119667,-8.94471772076955
path,-13.118096086119667,-8.94471772076955
path,-13.118095073824847,-8.944717809752929
path,-13.118095073824847,-8.944717809752929
path,-13.118095073824847,-8.944717809752929
path,-13.118095073824847,-8.944717809752929
path,-13.118095073824847,-8.944717809752929
path,-13.118094061519017,-8.944717898737906
path,-13.118094061519017,-8.944717898737906
path,-13.118094061519017,-8.944717898737906
path,-13.118094061519017,-8.944717898737906
path,-13.118093049198409,-8.94471798772698
path,-13.118093049198409,-8.94471798772698
path,-13.118093049198409,-8.94471798772698
path,-13.118093049198409,-8.94471798772698
path,-13.118093049198409,-8.94471798772698
path,-13.118092036866047,-8.94471807671805
path,-13.118092036866047,-8.94471807671805
path,-13.118092036866047,-8.94471807671805
path,-13.118092036866047,-8.94471807671805
path,-13.118091024520393,-8.944718165712226
path,-13.118091024520393,-8.944718165712226
path,-13.118091024520393,-8.944718165712226
path,-13.118091024520393,-8.944718165712226
path,-13.118090012160886,-8.944718254709805
path,-13.118090012160886,-8.944718254709805
path,-13.118090012160886,-8.944718254709805
path,-13.118090012160886,-8.944718254709805
path,-13.118090012160886,-8.944718254709805
path,-13.118088999791565,-8.94471834370806
path,-13.118088999791565,-8.94471834370806
path,-13.118088999791565,-8.94471834370806
path,-13.118088999791565,-8.94471834370806
path,-13.118087987408815,-8.944718432709813
path,-13.118087987408815,-8.944718432709813
path,-13.118087987408815,-8.944718432709813
path,-13.118087987408815,-8.944718432709813
path,-13.118087987408815,-8.944718432709813
path,-13.118086975013165,-8.944718521714233
path,-13.118086975013165,-8.944718521714233
path,-13.118086975013165,-8.944718521714233
path,-13.118086975013165,-8.944718521714233
path,-13.118085962603606,-8.944718610722232
path,-13.118085962603606,-8.944718610722232
path,-13.118085962603606,-8.944718610722232
path,-13.118085962603606,-8.944718610722232
path,-13.118084950182817,-8.944718699731942
path,-13.118084950182817,-8.944718699731942
path,-13.118084950182817,-8.944718699731942
path,-13.118084950182817,-8.944718699731942
path,-13.118084950182817,-8.944718699731942
path,-13.118083937749233,-8.944718788744389
path,-13.118083937749233,-8.944718788744389
path,-13.118083937749233,-8.944718788744389
path,-13.118083937749233,-8.944718788744389
path,-13.118082925301671,-8.944718877760387
path,-13.118082925301671,-8.944718877760387
path,-13.118082925301671,-8.944718877760387
path,-13.118082925301671,-8.944718877760387
path,-13.118082925301671,-8.944718877760387
path,-13.118081912840093,-8.944718966779945
path,-13.118081912840093,-8.944718966779945
path,-13.118081912840093,-8.944718966779945
path,-13.118081912840093,-8.944718966779945
path,-13.118080900370417,-8.944719055798956
path,-13.118080900370417,-8.944719055798956
path,-13.118080900370417,-8.944719055798956
path,-13.118080900370417,-8.944719055798956
path,-13.1180798878879,-8.944719144821011
path,-13.1180798878879,-8.944719144821011
path,-13.1180798878879,-8.944719144821011
path,-13.1180798878879,-8.944719144821011
path,-13.1180798878879,-8.944719144821011
path,-13.118078875389948,-8.944719233847872
path,-13.118078875389948,-8.944719233847872
path,-13.118078875389948,-8.944719233847872
path,-13.118078875389948,-8.944719233847872
path,-13.118077862880712,-8.944719322876312
path,-13.118077862880712,-8.944719322876312
path,-13.118077862880712,-8.944719322876312
path,-13.118077862880712,-8.944719322876312
path,-13.118077862880712,-8.944719322876312
path,-13.118076850356534,-8.944719411908931
path,-13.118076850356534,-8.944719411908931
path,-13.118076850356534,-8.944719411908931
path,-13.118076850356534,-8.944719411908931
path,-13.118075837820793,-8.944719500943346
path,-13.118075837820793,-8.944719500943346
path,-13.118075837820793,-8.944719500943346
path,-13.118075837820793,-8.944719500943346
path,-13.118074825272945,-8.944719589980158
path,-13.118074825272945,-8.944719589980158
path,-13.118074825272945,-8.944719589980158
path,-13.118074825272945,-8.944719589980158
path,-13.118074825272945,-8.944719589980158
path,-13.118073812710286,-8.944719679021128
path,-13.118073812710286,-8.944719679021128
path,-13.118073812710286,-8.944719679021128
path,-13.118073812710286,-8.944719679021128
path,-13.118072800137297,-8.944719768063045
path,-13.118072800137297,-8.944719768063045
path,-13.118072800137297,-8.944719768063045
path,-13.118072800137297,-8.944719768063045
path,-13.118072800137297,-8.944719768063045
path,-13.118071787553092,-8.944719857106701
path,-13.118071787553092,-8.944719857106701
path,-13.118071787553092,-8.944719857106701
path,-13.118071787553092,-8.944719857106701
path,-13.118070774955687,-8.944719946153759
path,-13.118070774955687,-8.944719946153759
path,-13.118070774955687,-8.944719946153759
path,-13.118070774955687,-8.944719946153759
path,-13.118069762343529,-8.944720035204876
path,-13.118069762343529,-8.944720035204876
path,-13.118069762343529,-8.944720035204876
path,-13.118069762343529,-8.944720035204876
path,-13.118069762343529,-8.944720035204876
path,-13.118068749719098,-8.94472012425829
path,-13.118068749719098,-8.94472012425829
path,-13.118068749719098,-8.94472012425829
path,-13.118068749719098,-8.94472012425829
path,-13.118067737080922,-8.94472021331507
path,-13.118067737080922,-8.94472021331507
path,-13.118067737080922,-8.94472021331507
path,-13.118067737080922,-8.94472021331507
path,-13.118067737080922,-8.94472021331507
path,-13.118066724431008,-8.944720302373778
path,-13.118066724431008,-8.944720302373778
path,-13.118066724431008,-8.944720302373778
path,-13.118066724431008,-8.944720302373778
path,-13.118065711769798,-8.944720391434409
path,-13.118065711769798,-8.944720391434409
path,-13.118065711769798,-8.944720391434409
path,-13.118065711769798,-8.944720391434409
path,-13.118064699097008,-8.944720480497121
path,-13.118064699097008,-8.944720480497121
path,-13.118064699097008,-8.944720480497121
path,-13.118064699097008,-8.944720480497121
path,-13.118064699097008,-8.944720480497121
path,-13.118063686407364,-8.944720569565195
path,-13.118063686407364,-8.944720569565195
path,-13.118063686407364,-8.944720569565195
path,-13.118063686407364,-8.944720569565195
path,-13.11806267370461,-8.944720658636042
path,-13.11806267370461,-8.944720658636042
path,-13.11806267370461,-8.944720658636042
path,-13.11806267370461,-8.944720658636042
path,-13.11806267370461,-8.944720658636042
path,-13.11806166099074,-8.944720747708336
path,-13.11806166099074,-8.944720747708336
path,-13.11806166099074,-8.944720747708336
path,-13.11806166099074,-8.944720747708336
path,-13.118060648264803,-8.944720836783032
path,-13.118060648264803,-8.944720836783032
path,-13.118060648264803,-8.944720836783032
path,-13.118060648264803,-8.944720836783032
path,-13.118059635530717,-8.944720925857526
path,-13.118059635530717,-8.944720925857526
path,-13.118059635530717,-8.944720925857526
path,-13.118059635530717,-8.944720925857526
path,-13.118059635530717,-8.944720925857526
path,-13.11805862278072,-8.944721014937347
path,-13.11805862278072,-8.944721014937347
path,-13.11805862278072,-8.944721014937347
path,-13.11805862278072,-8.944721014937347
path,-13.118057610017251,-8.944721104020223
path,-13.118057610017251,-8.944721104020223
path,-13.118057610017251,-8.944721104020223
path,-13.118057610017251,-8.944721104020223
path,-13.118057610017251,-8.944721104020223
path,-13.118056597238366,-8.944721193107595
path,-13.118056597238366,-8.944721193107595
path,-13.118056597238366,-8.944721193107595
path,-13.118056597238366,-8.944721193107595
path,-13.118055584446726,-8.944721282197424
path,-13.118055584446726,-8.944721282197424
path,-13.118055584446726,-8.944721282197424
path,-13.118055584446726,-8.944721282197424
path,-13.118054571641393,-8.944721371290346
path,-13.118054571641393,-8.944721371290346
path,-13.118054571641393,-8.944721371290346
path,-13.118054571641393,-8.944721371290346
path,-13.118054571641393,-8.944721371290346
path,-13.118053558828159,-8.944721460382773
path,-13.118053558828159,-8.944721460382773
path,-13.118053558828159,-8.944721460382773
path,-13.118053558828159,-8.944721460382773
path,-13.118052546000493,-8.944721549479155
path,-13.118052546000493,-8.944721549479155
path,-13.118052546000493,-8.944721549479155
path,-13.118052546000493,-8.944721549479155
path,-13.118052546000493,-8.944721549479155
path,-13.118051533162646,-8.944721638576668
path,-13.118051533162646,-8.944721638576668
path,-13.118051533162646,-8.944721638576668
path,-13.118051533162646,-8.944721638576668
path,-13.118050520309502,-8.94472172767879
path,-13.118050520309502,-8.94472172767879
path,-13.118050520309502,-8.94472172767879
path,-13.118050520309502,-8.94472172767879
path,-13.118049507442311,-8.944721816784352
path,-13.118049507442311,-8.944721816784352
path,-13.118049507442311,-8.944721816784352
path,-13.118049507442311,-8.944721816784352
path,-13.118049507442311,-8.944721816784352
path,-13.118048494563922,-8.944721905891605
path,-13.118048494563922,-8.944721905891605
path,-13.118048494563922,-8.944721905891605
path,-13.118048494563922,-8.944721905891605
path,-13.118047481672127,-8.94472199500191
path,-13.118047481672127,-8.94472199500191
path,-13.118047481672127,-8.94472199500191
path,-13.118047481672127,-8.94472199500191
path,-13.118047481672127,-8.94472199500191
path,-13.118046468769617,-8.944722084113582
path,-13.118046468769617,-8.944722084113582
path,-13.118046468769617,-8.944722084113582
path,-13.118046468769617,-8.944722084113582
path,-13.118045455855139,-8.94472217322771
path,-13.118045455855139,-8.94472217322771
path,-13.118045455855139,-8.94472217322771
path,-13.118045455855139,-8.94472217322771
path,-13.11804444292615,-8.944722262345802
path,-13.11804444292615,-8.944722262345802
path,-13.11804444292615,-8.944722262345802
path,-13.11804444292615,-8.944722262345802
path,-13.11804444292615,-8.944722262345802
path,-13.118043429983935,-8.944722351467043
path,-13.118043429983935,-8.944722351467043
path,-13.118043429983935,-8.944722351467043
path,-13.118043429983935,-8.944722351467043
path,-13.118042417027223,-8.944722440591931
path,-13.118042417027223,-8.944722440591931
path,-13.118042417027223,-8.944722440591931
path,-13.118042417027223,-8.944722440591931
path,-13.118042417027223,-8.944722440591931
path,-13.118041404060985,-8.944722529717225
path,-13.118041404060985,-8.944722529717225
path,-13.118041404060985,-8.944722529717225
path,-13.118041404060985,-8.944722529717225
path,-13.11804039108068,-8.944722618846363
path,-13.11804039108068,-8.944722618846363
path,-13.11804039108068,-8.944722618846363
path,-13.11804039108068,-8.944722618846363
path,-13.118039378088284,-8.944722707977713
path,-13.118039378088284,-8.944722707977713
path,-13.118039378088284,-8.944722707977713
path,-13.118039378088284,-8.944722707977713
path,-13.118039378088284,-8.944722707977713
path,-13.118038365080617,-8.944722797113519
path,-13.118038365080617,-8.944722797113519
path,-13.118038365080617,-8.944722797113519
path,-13.118038365080617,-8.944722797113519
path,-13.118037352064881,-8.944722886248801
path,-13.118037352064881,-8.944722886248801
path,-13.118037352064881,-8.944722886248801
path,-13.118037352064881,-8.944722886248801
path,-13.118037352064881,-8.944722886248801
path,-13.118036339033727,-8.944722975388746
path,-13.118036339033727,-8.944722975388746
path,-13.118036339033727,-8.944722975388746
path,-13.118036339033727,-8.944722975388746
path,-13.118035325990052,-8.944723064531187
path,-13.118035325990052,-8.944723064531187
path,-13.118035325990052,-8.944723064531187
path,-13.118035325990052,-8.944723064531187
path,-13.11803431293297,-8.944723153676861
path,-13.11803431293297,-8.944723153676861
path,-13.11803431293297,-8.944723153676861
path,-13.11803431293297,-8.944723153676861
path,-13.11803431293297,-8.944723153676861
path,-13.118033299866552,-8.944723242822912
path,-13.118033299866552,-8.944723242822912
path,-13.118033299866552,-8.944723242822912
path,-13.118033299866552,-8.944723242822912
path,-13.118032286785821,-8.944723331973025
path,-13.118032286785821,-8.944723331973025
path,-13.118032286785821,-8.944723331973025
path,-13.118032286785821,-8.944723331973025
path,-13.118032286785821,-8.944723331973025
path,-13.118031273690374,-8.944723421127133
path,-13.118031273690374,-8.944723421127133
path,-13.118031273690374,-8.944723421127133
path,-13.118031273690374,-8.944723421127133
path,-13.118030260580358,-8.944723510285057
path,-13.118030260580358,-8.944723510285057
path,-13.118030260580358,-8.944723510285057
path,-13.118030260580358,-8.944723510285057
path,-13.11802924746008,-8.94472359944387
path,-13.11802924746008,-8.94472359944387
path,-13.11802924746008,-8.94472359944387
path,-13.11802924746008,-8.94472359944387
path,-13.11802924746008,-8.94472359944387
path,-13.118028234329676,-8.944723688603638
path,-13.118028234329676,-8.944723688603638
path,-13.118028234329676,-8.944723688603638
path,-13.118028234329676,-8.944723688603638
path,-13.118027221184217,-8.944723777767884
path,-13.118027221184217,-8.944723777767884
path,-13.118027221184217,-8.944723777767884
path,-13.118027221184217,-8.944723777767884
path,-13.118027221184217,-8.944723777767884
path,-13.118026208026249,-8.9447238669347
path,-13.118026208026249,-8.9447238669347
path,-13.118026208026249,-8.9447238669347
path,-13.118026208026249,-8.9447238669347
path,-13.118025194858394,-8.944723956102305
path,-13.118025194858394,-8.944723956102305
path,-13.118025194858394,-8.944723956102305
path,-13.118025194858394,-8.944723956102305
path,-13.11802418167323,-8.94472404527584
path,-13.11802418167323,-8.94472404527584
path,-13.11802418167323,-8.94472404527584
path,-13.11802418167323,-8.94472404527584
path,-13.11802418167323,-8.94472404527584
path,-13.118023168476775,-8.944724134451063
path,-13.118023168476775,-8.944724134451063
path,-13.118023168476775,-8.944724134451063
path,-13.118023168476775,-8.944724134451063
path,-13.118022155266726,-8.944724223629292
path,-13.118022155266726,-8.944724223629292
path,-13.118022155266726,-8.944724223629292
path,-13.118022155266726,-8.944724223629292
path,-13.118022155266726,-8.944724223629292
path,-13.118021142045814,-8.944724312809056
path,-13.118021142045814,-8.944724312809056
path,-13.118021142045814,-8.944724312809056
path,-13.118021142045814,-8.944724312809056
path,-13.118020128811573,-8.944724401992039
path,-13.118020128811573,-8.944724401992039
path,-13.118020128811573,-8.944724401992039
path,-13.118020128811573,-8.944724401992039
path,-13.118019115563891,-8.94472449117808
path,-13.118019115563891,-8.94472449117808
path,-13.118019115563891,-8.94472449117808
path,-13.118019115563891,-8.94472449117808
path,-13.118019115563891,-8.94472449117808
path,-13.118018102302567,-8.944724580367337
path,-13.118018102302567,-8.944724580367337
path,-13.118018102302567,-8.944724580367337
path,-13.118018102302567,-8.944724580367337
path,-13.118017089031724,-8.944724669557203
path,-13.118017089031724,-8.944724669557203
path,-13.118017089031724,-8.944724669557203
path,-13.118017089031724,-8.944724669557203
path,-13.118017089031724,-8.944724669557203
path,-13.118016075746832,-8.944724758750928
path,-13.118016075746832,-8.944724758750928
path,-13.118016075746832,-8.944724758750928
path,-13.118016075746832,-8.944724758750928
path,-13.118015062450473,-8.94472484794641
path,-13.118015062450473,-8.94472484794641
path,-13.118015062450473,-8.94472484794641
path,-13.118015062450473,-8.94472484794641
path,-13.118014049137493,-8.944724937147294
path,-13.118014049137493,-8.944724937147294
path,-13.118014049137493,-8.944724937147294
path,-13.118014049137493,-8.944724937147294
path,-13.118014049137493,-8.944724937147294
path,-13.118013035818128,-8.944725026346534
path,-13.118013035818128,-8.944725026346534
path,-13.118013035818128,-8.944725026346534
path,-13.118013035818128,-8.944725026346534
path,-13.118012022480938,-8.944725115552425
path,-13.118012022480938,-8.944725115552425
path,-13.118012022480938,-8.944725115552425
path,-13.118012022480938,-8.944725115552425
path,-13.118012022480938,-8.944725115552425
path,-13.118011009133857,-8.944725204758816
path,-13.118011009133857,-8.944725204758816
path,-13.118011009133857,-8.944725204758816
path,-13.118011009133857,-8.944725204758816
path,-13.118009995773175,-8.944725293968471
path,-13.118009995773175,-8.944725293968471
path,-13.118009995773175,-8.944725293968471
path,-13.118009995773175,-8.944725293968471
path,-13.118008982399134,-8.94472538318146
path,-13.118008982399134,-8.94472538318146
path,-13.118008982399134,-8.94472538318146
path,-13.118008982399134,-8.94472538318146
path,-13.118008982399134,-8.94472538318146
path,-13.11800796901297,-8.944725472396605
path,-13.11800796901297,-8.944725472396605
path,-13.11800796901297,-8.944725472396605
path,-13.11800796901297,-8.944725472396605
path,-13.118006955611115,-8.944725561616426
path,-13.118006955611115,-8.944725561616426
path,-13.118006955611115,-8.944725561616426
path,-13.118006955611115,-8.944725561616426
path,-13.118006955611115,-8.944725561616426
path,-13.118005942200375,-8.94472565083627
path,-13.118005942200375,-8.94472565083627
path,-13.118005942200375,-8.94472565083627
path,-13.118005942200375,-8.94472565083627
path,-13.1180049287745,-8.944725740060491
path,-13.1180049287745,-8.944725740060491
path,-13.1180049287745,-8.944725740060491
path,-13.1180049287745,-8.944725740060491
path,-13.11800391533607,-8.944725829287076
path,-13.11800391533607,-8.944725829287076
path,-13.11800391533607,-8.944725829287076
path,-13.11800391533607,-8.944725829287076
path,-13.11800391533607,-8.944725829287076
path,-13.118002901887685,-8.944725918514695
path,-13.118002901887685,-8.944725918514695
path,-13.118002901887685,-8.944725918514695
path,-13.118002901887685,-8.944725918514695
path,-13.118001888423708,-8.944726007747127
path,-13.118001888423708,-8.944726007747127
path,-13.118001888423708,-8.944726007747127
path,-13.118001888423708,-8.944726007747127
path,-13.118001888423708,-8.944726007747127
path,-13.118000874947828,-8.944726096981427
path,-13.118000874947828,-8.944726096981427
path,-13.118000874947828,-8.944726096981427
path,-13.118000874947828,-8.944726096981427
path,-13.117999861461568,-8.944726186216897
path,-13.117999861461568,-8.944726186216897
path,-13.117999861461568,-8.944726186216897
path,-13.117999861461568,-8.944726186216897
path,-13.117998847961385,-8.944726275456274
path,-13.117998847961385,-8.944726275456274
path,-13.117998847961385,-8.944726275456274
path,-13.117998847961385,-8.944726275456274
path,-13.117998847961385,-8.944726275456274
path,-13.117997834445417,-8.944726364700367
path,-13.117997834445417,-8.944726364700367
path,-13.117997834445417,-8.944726364700367
path,-13.117997834445417,-8.944726364700367
path,-13.117996820919512,-8.944726453945066
path,-13.117996820919512,-8.944726453945066
path,-13.117996820919512,-8.944726453945066
path,-13.117996820919512,-8.944726453945066
path,-13.117996820919512,-8.944726453945066
path,-13.117995807380499,-8.944726543192676
path,-13.117995807380499,-8.944726543192676
path,-13.117995807380499,-8.944726543192676
path,-13.117995807380499,-8.944726543192676
path,-13.117994793827144,-8.944726632444034
path,-13.117994793827144,-8.944726632444034
path,-13.117994793827144,-8.944726632444034
path,-13.117994793827144,-8.944726632444034
path,-13.11799378026193,-8.944726721697547
path,-13.11799378026193,-8.944726721697547
path,-13.11799378026193,-8.944726721697547
path,-13.11799378026193,-8.944726721697547
path,-13.11799378026193,-8.944726721697547
path,-13.117992766688996,-8.944726810950463
path,-13.117992766688996,-8.944726810950463
path,-13.117992766688996,-8.944726810950463
path,-13.117992766688996,-8.944726810950463
path,-13.117991753098414,-8.944726900209721
path,-13.117991753098414,-8.944726900209721
path,-13.117991753098414,-8.944726900209721
path,-13.117991753098414,-8.944726900209721
path,-13.117991753098414,-8.944726900209721
path,-13.117990739493973,-8.944726989472356
path,-13.117990739493973,-8.944726989472356
path,-13.117990739493973,-8.944726989472356
path,-13.117990739493973,-8.944726989472356
path,-13.117989725878989,-8.944727078736172
path,-13.117989725878989,-8.944727078736172
path,-13.117989725878989,-8.944727078736172
path,-13.117989725878989,-8.944727078736172
path,-13.117988712250682,-8.944727168002881
path,-13.117988712250682,-8.944727168002881
path,-13.117988712250682,-8.944727168002881
path,-13.117988712250682,-8.944727168002881
path,-13.117988712250682,-8.944727168002881
path,-13.117987698609907,-8.944727257272385
path,-13.117987698609907,-8.944727257272385
path,-13.117987698609907,-8.944727257272385
path,-13.117987698609907,-8.944727257272385
path,-13.117986684954007,-8.944727346545978
path,-13.117986684954007,-8.944727346545978
path,-13.117986684954007,-8.944727346545978
path,-13.117986684954007,-8.944727346545978
path,-13.117986684954007,-8.944727346545978
path,-13.117985671286638,-8.944727435821193
path,-13.117985671286638,-8.944727435821193
path,-13.117985671286638,-8.944727435821193
path,-13.117985671286638,-8.944727435821193
path,-13.117984657608881,-8.944727525097608
path,-13.117984657608881,-8.944727525097608
path,-13.117984657608881,-8.944727525097608
path,-13.117984657608881,-8.944727525097608
path,-13.117983643918064,-8.944727614377214
path,-13.117983643918064,-8.944727614377214
path,-13.117983643918064,-8.944727614377214
path,-13.117983643918064,-8.944727614377214
path,-13.117983643918064,-8.944727614377214
path,-13.117982630210221,-8.944727703662384
path,-13.117982630210221,-8.944727703662384
path,-13.117982630210221,-8.944727703662384
path,-13.117982630210221,-8.944727703662384
path,-13.117981616493342,-8.944727792947367
path,-13.117981616493342,-8.944727792947367
path,-13.117981616493342,-8.944727792947367
path,-13.117981616493342,-8.944727792947367
path,-13.117981616493342,-8.944727792947367
path,-13.117980602763238,-8.944727882235801
path,-13.117980602763238,-8.944727882235801
path,-13.117980602763238,-8.944727882235801
path,-13.117980602763238,-8.944727882235801
path,-13.117979589020843,-8.944727971526518
path,-13.117979589020843,-8.944727971526518
path,-13.117979589020843,-8.944727971526518
path,-13.117979589020843,-8.944727971526518
path,-13.117978575267546,-8.944728060818717
path,-13.117978575267546,-8.944728060818717
path,-13.117978575267546,-8.944728060818717
path,-13.117978575267546,-8.944728060818717
path,-13.117978575267546,-8.944728060818717
path,-13.11797756149819,-8.944728150116191
path,-13.11797756149819,-8.944728150116191
path,-13.11797756149819,-8.944728150116191
path,-13.11797756149819,-8.944728150116191
path,-13.117976547718134,-8.944728239414804
path,-13.117976547718134,-8.944728239414804
path,-13.117976547718134,-8.944728239414804
path,-13.117976547718134,-8.944728239414804
path,-13.117976547718134,-8.944728239414804
path,-13.117975533922527,-8.944728328718135
path,-13.117975533922527,-8.944728328718135
path,-13.117975533922527,-8.944728328718135
path,-13.117975533922527,-8.944728328718135
path,-13.117974520115734,-8.944728418022924
path,-13.117974520115734,-8.944728418022924
path,-13.117974520115734,-8.944728418022924
path,-13.117974520115734,-8.944728418022924
path,-13.117973506294963,-8.944728507331286
path,-13.117973506294963,-8.944728507331286
path,-13.117973506294963,-8.944728507331286
path,-13.117973506294963,-8.944728507331286
path,-13.117973506294963,-8.944728507331286
path,-13.117972492464007,-8.944728596640513
path,-13.117972492464007,-8.944728596640513
path,-13.117972492464007,-8.944728596640513
path,-13.117972492464007,-8.944728596640513
path,-13.11797147861973,-8.944728685952935
path,-13.11797147861973,-8.944728685952935
path,-13.11797147861973,-8.944728685952935
path,-13.11797147861973,-8.944728685952935
path,-13.11797147861973,-8.944728685952935
path,-13.11797046476052,-8.944728775269562
path,-13.11797046476052,-8.944728775269562
path,-13.11797046476052,-8.944728775269562
path,-13.11797046476052,-8.944728775269562
path,-13.117969450893602,-8.944728864585425
path,-13.117969450893602,-8.944728864585425
path,-13.117969450893602,-8.944728864585425
path,-13.117969450893602,-8.944728864585425
path,-13.117968437011802,-8.944728953905724
path,-13.117968437011802,-8.944728953905724
path,-13.117968437011802,-8.944728953905724
path,-13.117968437011802,-8.944728953905724
path,-13.117968437011802,-8.944728953905724
path,-13.117967423117932,-8.944729043228408
path,-13.117967423117932,-8.944729043228408
path,-13.117967423117932,-8.944729043228408
path,-13.117967423117932,-8.944729043228408
path,-13.117966409214024,-8.944729132552242
path,-13.117966409214024,-8.944729132552242
path,-13.117966409214024,-8.944729132552242
path,-13.117966409214024,-8.944729132552242
path,-13.117966409214024,-8.944729132552242
path,-13.117965395295942,-8.944729221879982
path,-13.117965395295942,-8.944729221879982
path,-13.117965395295942,-8.944729221879982
path,-13.117965395295942,-8.944729221879982
path,-13.117964381362478,-8.944729311212345
path,-13.117964381362478,-8.944729311212345
path,-13.117964381362478,-8.944729311212345
path,-13.117964381362478,-8.944729311212345
path,-13.117963367417119,-8.94472940054674
path,-13.117963367417119,-8.94472940054674
path,-13.117963367417119,-8.94472940054674
path,-13.117963367417119,-8.94472940054674
path,-13.117963367417119,-8.94472940054674
path,-13.117962353458575,-8.94472948988411
path,-13.117962353458575,-8.94472948988411
path,-13.117962353458575,-8.94472948988411
path,-13.117962353458575,-8.94472948988411
path,-13.117961339487234,-8.944729579224001
path,-13.117961339487234,-8.944729579224001
path,-13.117961339487234,-8.944729579224001
path,-13.117961339487234,-8.944729579224001
path,-13.117961339487234,-8.944729579224001
path,-13.117960325505384,-8.944729668564966
path,-13.117960325505384,-8.944729668564966
path,-13.117960325505384,-8.944729668564966
path,-13.117960325505384,-8.944729668564966
path,-13.117959311508422,-8.94472975791045
path,-13.117959311508422,-8.94472975791045
path,-13.117959311508422,-8.94472975791045
path,-13.117959311508422,-8.94472975791045
path,-13.11795829749983,-8.944729847257896
path,-13.11795829749983,-8.944729847257896
path,-13.11795829749983,-8.944729847257896
path,-13.11795829749983,-8.944729847257896
path,-13.11795829749983,-8.944729847257896
path,-13.117957283473942,-8.944729936611004
path,-13.117957283473942,-8.944729936611004
path,-13.117957283473942,-8.944729936611004
path,-13.117957283473942,-8.944729936611004
path,-13.117956269442272,-8.944730025961848
path,-13.117956269442272,-8.944730025961848
path,-13.117956269442272,-8.944730025961848
path,-13.117956269442272,-8.944730025961848
path,-13.117956269442272,-8.944730025961848
path,-13.117955255394056,-8.944730115318244
path,-13.117955255394056,-8.944730115318244
path,-13.117955255394056,-8.944730115318244
path,-13.117955255394056,-8.944730115318244
path,-13.117954241331178,-8.94473020467846
path,-13.117954241331178,-8.94473020467846
path,-13.117954241331178,-8.94473020467846
path,-13.117954241331178,-8.94473020467846
path,-13.117953227259772,-8.944730294038612
path,-13.117953227259772,-8.944730294038612
path,-13.117953227259772,-8.944730294038612
path,-13.117953227259772,-8.944730294038612
path,-13.117953227259772,-8.944730294038612
path,-13.117952213173886,-8.94473038340261
path,-13.117952213173886,-8.94473038340261
path,-13.117952213173886,-8.94473038340261
path,-13.117952213173886,-8.94473038340261
path,-13.117951199075113,-8.944730472769567
path,-13.117951199075113,-8.944730472769567
path,-13.117951199075113,-8.944730472769567
path,-13.117951199075113,-8.944730472769567
path,-13.117951199075113,-8.944730472769567
path,-13.117950184963226,-8.944730562139311
path,-13.117950184963226,-8.944730562139311
path,-13.117950184963226,-8.944730562139311
path,-13.117950184963226,-8.944730562139311
path,-13.117949170839847,-8.944730651510891
path,-13.117949170839847,-8.944730651510891
path,-13.117949170839847,-8.944730651510891
path,-13.117949170839847,-8.944730651510891
path,-13.117948156699809,-8.94473074088781
path,-13.117948156699809,-8.94473074088781
path,-13.117948156699809,-8.94473074088781
path,-13.117948156699809,-8.94473074088781
path,-13.117948156699809,-8.94473074088781
path,-13.117947142551085,-8.944730830264524
path,-13.117947142551085,-8.944730830264524
path,-13.117947142551085,-8.944730830264524
path,-13.117947142551085,-8.944730830264524
path,-13.117946128386857,-8.944730919645918
path,-13.117946128386857,-8.944730919645918
path,-13.117946128386857,-8.944730919645918
path,-13.117946128386857,-8.944730919645918
path,-13.117946128386857,-8.944730919645918
path,-13.117945114210213,-8.944731009029594
path,-13.117945114210213,-8.944731009029594
path,-13.117945114210213,-8.944731009029594
path,-13.117945114210213,-8.944731009029594
path,-13.117944100020187,-8.944731098416431
path,-13.117944100020187,-8.944731098416431
path,-13.117944100020187,-8.944731098416431
path,-13.117944100020187,-8.944731098416431
path,-13.117943085819642,-8.944731187804303
path,-13.117943085819642,-8.944731187804303
path,-13.117943085819642,-8.944731187804303
path,-13.117943085819642,-8.944731187804303
path,-13.117943085819642,-8.944731187804303
path,-13.117942071610207,-8.944731277192545
path,-13.117942071610207,-8.944731277192545
path,-13.117942071610207,-8.944731277192545
path,-13.117942071610207,-8.944731277192545
path,-13.11794105738669,-8.944731366584856
path,-13.11794105738669,-8.944731366584856
path,-13.11794105738669,-8.944731366584856
path,-13.11794105738669,-8.944731366584856
path,-13.11794105738669,-8.944731366584856
path,-13.117940043149224,-8.944731455980806
path,-13.117940043149224,-8.944731455980806
path,-13.117940043149224,-8.944731455980806
path,-13.117940043149224,-8.944731455980806
path,-13.117939028896382,-8.944731545381233
path,-13.117939028896382,-8.944731545381233
path,-13.117939028896382,-8.944731545381233
path,-13.117939028896382,-8.944731545381233
path,-13.117938014631406,-8.94473163478375
path,-13.117938014631406,-8.94473163478375
path,-13.117938014631406,-8.94473163478375
path,-13.117938014631406,-8.94473163478375
path,-13.117938014631406,-8.94473163478375
path,-13.11793700035452,-8.944731724188243
path,-13.11793700035452,-8.944731724188243
path,-13.11793700035452,-8.944731724188243
path,-13.11793700035452,-8.944731724188243
path,-13.117935986064545,-8.944731813595821
path,-13.117935986064545,-8.944731813595821
path,-13.117935986064545,-8.944731813595821
path,-13.117935986064545,-8.944731813595821
path,-13.117935986064545,-8.944731813595821
path,-13.117934971762114,-8.944731903005874
path,-13.117934971762114,-8.944731903005874
path,-13.117934971762114,-8.944731903005874
path,-13.117934971762114,-8.944731903005874
path,-13.117933957445338,-8.944731992419714
path,-13.117933957445338,-8.944731992419714
path,-13.117933957445338,-8.944731992419714
path,-13.117933957445338,-8.944731992419714
path,-13.117932943120163,-8.944732081833184
path,-13.117932943120163,-8.944732081833184
path,-13.117932943120163,-8.944732081833184
path,-13.117932943120163,-8.944732081833184
path,-13.117932943120163,-8.944732081833184
path,-13.11793192877838,-8.944732171252145
path,-13.11793192877838,-8.944732171252145
path,-13.11793192877838,-8.944732171252145
path,-13.11793192877838,-8.944732171252145
path,-13.117930914424464,-8.9447322606734
path,-13.117930914424464,-8.9447322606734
path,-13.117930914424464,-8.9447322606734
path,-13.117930914424464,-8.9447322606734
path,-13.117930914424464,-8.9447322606734
path,-13.1179299000583,-8.944732350097025
path,-13.1179299000583,-8.944732350097025
path,-13.1179299000583,-8.944732350097025
path,-13.1179299000583,-8.944732350097025
path,-13.117928885677529,-8.944732439524465
path,-13.117928885677529,-8.944732439524465
path,-13.117928885677529,-8.944732439524465
path,-13.117928885677529,-8.944732439524465
path,-13.117927871286726,-8.94473252895289
path,-13.117927871286726,-8.94473252895289
path,-13.117927871286726,-8.94473252895289
path,-13.117927871286726,-8.94473252895289
path,-13.117927871286726,-8.94473252895289
path,-13.117926856883262,-8.944732618383842
path,-13.117926856883262,-8.944732618383842
path,-13.117926856883262,-8.944732618383842
path,-13.117926856883262,-8.944732618383842
path,-13.117925842464587,-8.944732707819353
path,-13.117925842464587,-8.944732707819353
path,-13.117925842464587,-8.944732707819353
path,-13.117925842464587,-8.944732707819353
path,-13.117925842464587,-8.944732707819353
path,-13.117924828037966,-8.94473279725419
path,-13.117924828037966,-8.94473279725419
path,-13.117924828037966,-8.94473279725419
path,-13.117924828037966,-8.94473279725419
path,-13.117923813597844,-8.944732886692691
path,-13.117923813597844,-8.944732886692691
path,-13.117923813597844,-8.944732886692691
path,-13.117923813597844,-8.944732886692691
path,-13.117922799142171,-8.94473297613584
path,-13.117922799142171,-8.94473297613584
path,-13.117922799142171,-8.94473297613584
path,-13.117922799142171,-8.94473297613584
path,-13.117922799142171,-8.94473297613584
path,-13.117921784675904,-8.9447330655802
path,-13.117921784675904,-8.9447330655802
path,-13.117921784675904,-8.9447330655802
path,-13.117921784675904,-8.9447330655802
path,-13.117920770197177,-8.944733155027201
path,-13.117920770197177,-8.944733155027201
path,-13.117920770197177,-8.944733155027201
path,-13.117920770197177,-8.944733155027201
path,-13.117920770197177,-8.944733155027201
path,-13.11791975570308,-8.944733244478648
path,-13.11791975570308,-8.944733244478648
path,-13.11791975570308,-8.944733244478648
path,-13.11791975570308,-8.944733244478648
path,-13.117918741196286,-8.944733333932657
path,-13.117918741196286,-8.944733333932657
path,-13.117918741196286,-8.944733333932657
path,-13.117918741196286,-8.944733333932657
path,-13.117917726675303,-8.94473342339025
path,-13.117917726675303,-8.94473342339025
path,-13.117917726675303,-8.94473342339025
path,-13.117917726675303,-8.94473342339025
path,-13.117917726675303,-8.94473342339025
path,-13.117916712144675,-8.944733512848243
path,-13.117916712144675,-8.944733512848243
path,-13.117916712144675,-8.944733512848243
path,-13.117916712144675,-8.944733512848243
path,-13.11791569760403,-8.94473360230731
path,-13.11791569760403,-8.94473360230731
path,-13.11791569760403,-8.94473360230731
path,-13.11791569760403,-8.94473360230731
path,-13.11791569760403,-8.94473360230731
path,-13.11791468304762,-8.944733691771429
path,-13.11791468304762,-8.944733691771429
path,-13.11791468304762,-8.944733691771429
path,-13.11791468304762,-8.944733691771429
path,-13.117913668480478,-8.94473378123687
path,-13.117913668480478,-8.94473378123687
path,-13.117913668480478,-8.94473378123687
path,-13.117913668480478,-8.94473378123687
path,-13.117912653901117,-8.944733870704749
path,-13.117912653901117,-8.944733870704749
path,-13.117912653901117,-8.944733870704749
path,-13.117912653901117,-8.944733870704749
path,-13.117912653901117,-8.944733870704749
path,-13.11791163930448,-8.944733960178624
path,-13.11791163930448,-8.944733960178624
path,-13.11791163930448,-8.944733960178624
path,-13.11791163930448,-8.944733960178624
path,-13.117910624692701,-8.944734049656388
path,-13.117910624692701,-8.944734049656388
path,-13.117910624692701,-8.944734049656388
path,-13.117910624692701,-8.944734049656388
path,-13.117910624692701,-8.944734049656388
path,-13.117909610074005,-8.944734139132546
path,-13.117909610074005,-8.944734139132546
path,-13.117909610074005,-8.944734139132546
path,-13.117909610074005,-8.944734139132546
path,-13.117908595443156,-8.944734228611438
path,-13.117908595443156,-8.944734228611438
path,-13.117908595443156,-8.944734228611438
path,-13.117908595443156,-8.944734228611438
path,-13.117907580798205,-8.944734318093994
path,-13.117907580798205,-8.944734318093994
path,-13.117907580798205,-8.944734318093994
path,-13.117907580798205,-8.944734318093994
path,-13.117907580798205,-8.944734318093994
path,-13.117906566140572,-8.944734407579327
path,-13.117906566140572,-8.944734407579327
path,-13.117906566140572,-8.944734407579327
path,-13.117906566140572,-8.944734407579327
path,-13.117905551469013,-8.944734497068218
path,-13.117905551469013,-8.944734497068218
path,-13.117905551469013,-8.944734497068218
path,-13.117905551469013,-8.944734497068218
path,-13.117905551469013,-8.944734497068218
path,-13.117904536786906,-8.944734586558184
path,-13.117904536786906,-8.944734586558184
path,-13.117904536786906,-8.944734586558184
path,-13.117904536786906,-8.944734586558184
path,-13.117903522093918,-8.944734676049737
path,-13.117903522093918,-8.944734676049737
path,-13.117903522093918,-8.944734676049737
path,-13.117903522093918,-8.944734676049737
path,-13.117902507386525,-8.944734765545519
path,-13.117902507386525,-8.944734765545519
path,-13.117902507386525,-8.944734765545519
path,-13.117902507386525,-8.944734765545519
path,-13.117902507386525,-8.944734765545519
path,-13.117901492666528,-8.944734855043947
path,-13.117901492666528,-8.944734855043947
path,-13.117901492666528,-8.944734855043947
path,-13.117901492666528,-8.944734855043947
path,-13.117900477932004,-8.944734944546283
path,-13.117900477932004,-8.944734944546283
path,-13.117900477932004,-8.944734944546283
path,-13.117900477932004,-8.944734944546283
path,-13.117900477932004,-8.944734944546283
path,-13.117899463183125,-8.944735034052117
path,-13.117899463183125,-8.944735034052117
path,-13.117899463183125,-8.944735034052117
path,-13.117899463183125,-8.944735034052117
path,-13.11789844842436,-8.944735123558665
path,-13.11789844842436,-8.944735123558665
path,-13.11789844842436,-8.944735123558665
path,-13.11789844842436,-8.944735123558665
path,-13.117897433652477,-8.944735213068201
path,-13.117897433652477,-8.944735213068201
path,-13.117897433652477,-8.944735213068201
path,-13.117897433652477,-8.944735213068201
path,-13.117897433652477,-8.944735213068201
path,-13.117896418862303,-8.94473530258403
path,-13.117896418862303,-8.94473530258403
path,-13.117896418862303,-8.94473530258403
path,-13.117896418862303,-8.94473530258403
path,-13.117895404066862,-8.944735392097305
path,-13.117895404066862,-8.944735392097305
path,-13.117895404066862,-8.944735392097305
path,-13.117895404066862,-8.944735392097305
path,-13.117895404066862,-8.944735392097305
path,-13.117894389256765,-8.944735481614787
path,-13.117894389256765,-8.944735481614787
path,-13.117894389256765,-8.944735481614787
path,-13.117894389256765,-8.944735481614787
path,-13.117893374432363,-8.944735571136103
path,-13.117893374432363,-8.944735571136103
path,-13.117893374432363,-8.944735571136103
path,-13.117893374432363,-8.944735571136103
path,-13.117892359597242,-8.944735660658658
path,-13.117892359597242,-8.944735660658658
path,-13.117892359597242,-8.944735660658658
path,-13.117892359597242,-8.944735660658658
path,-13.117892359597242,-8.944735660658658
path,-13.117891344750785,-8.944735750183218
path,-13.117891344750785,-8.944735750183218
path,-13.117891344750785,-8.944735750183218
path,-13.117891344750785,-8.944735750183218
path,-13.11789032989006,-8.94473583971166
path,-13.11789032989006,-8.94473583971166
path,-13.11789032989006,-8.94473583971166
path,-13.11789032989006,-8.94473583971166
path,-13.11789032989006,-8.94473583971166
path,-13.117889315016267,-8.944735929243055
path,-13.117889315016267,-8.944735929243055
path,-13.117889315016267,-8.944735929243055
path,-13.117889315016267,-8.944735929243055
path,-13.117888300126937,-8.944736018778926
path,-13.117888300126937,-8.944736018778926
path,-13.117888300126937,-8.944736018778926
path,-13.117888300126937,-8.944736018778926
path,-13.117887285228282,-8.944736108314974
path,-13.117887285228282,-8.944736108314974
path,-13.117887285228282,-8.944736108314974
path,-13.117887285228282,-8.944736108314974
path,-13.117887285228282,-8.944736108314974
path,-13.1178862703163,-8.944736197854375
path,-13.1178862703163,-8.944736197854375
path,-13.1178862703163,-8.944736197854375
path,-13.1178862703163,-8.944736197854375
path,-13.117885255387593,-8.944736287398932
path,-13.117885255387593,-8.944736287398932
path,-13.117885255387593,-8.944736287398932
path,-13.117885255387593,-8.944736287398932
path,-13.117885255387593,-8.944736287398932
path,-13.117884240448975,-8.944736376944068
path,-13.117884240448975,-8.944736376944068
path,-13.117884240448975,-8.944736376944068
path,-13.117884240448975,-8.944736376944068
path,-13.11788322549925,-8.944736466490857
path,-13.11788322549925,-8.944736466490857
path,-13.11788322549925,-8.944736466490857
path,-13.11788322549925,-8.944736466490857
path,-13.117882210533711,-8.944736556042434
path,-13.117882210533711,-8.944736556042434
path,-13.117882210533711,-8.944736556042434
path,-13.117882210533711,-8.944736556042434
path,-13.117882210533711,-8.944736556042434
path,-13.117881195559729,-8.94473664559388
path,-13.117881195559729,-8.94473664559388
path,-13.117881195559729,-8.94473664559388
path,-13.117881195559729,-8.94473664559388
path,-13.117880180565901,-8.944736735152821
path,-13.117880180565901,-8.944736735152821
path,-13.117880180565901,-8.944736735152821
path,-13.117880180565901,-8.944736735152821
path,-13.117880180565901,-8.944736735152821
path,-13.11787916556391,-8.944736824711143
path,-13.11787916556391,-8.944736824711143
path,-13.11787916556391,-8.944736824711143
path,-13.11787916556391,-8.944736824711143
path,-13.117878150547284,-8.944736914273264
path,-13.117878150547284,-8.944736914273264
path,-13.117878150547284,-8.944736914273264
path,-13.117878150547284,-8.944736914273264
path,-13.117877135522095,-8.944737003835469
path,-13.117877135522095,-8.944737003835469
path,-13.117877135522095,-8.944737003835469
path,-13.117877135522095,-8.944737003835469
path,-13.117877135522095,-8.944737003835469
path,-13.117876120481478,-8.944737093402392
path,-13.117876120481478,-8.944737093402392
path,-13.117876120481478,-8.944737093402392
path,-13.117876120481478,-8.944737093402392
path,-13.1178751054297,-8.944737182971041
path,-13.1178751054297,-8.944737182971041
path,-13.1178751054297,-8.944737182971041
path,-13.1178751054297,-8.944737182971041
path,-13.1178751054297,-8.944737182971041
path,-13.117874090361545,-8.944737272544796
path,-13.117874090361545,-8.944737272544796
path,-13.117874090361545,-8.944737272544796
path,-13.117874090361545,-8.944737272544796
path,-13.117873075284026,-8.944737362118913
path,-13.117873075284026,-8.944737362118913
path,-13.117873075284026,-8.944737362118913
path,-13.117873075284026,-8.944737362118913
path,-13.117872060194534,-8.9447374516952
path,-13.117872060194534,-8.9447374516952
path,-13.117872060194534,-8.9447374516952
path,-13.117872060194534,-8.9447374516952
path,-13.117872060194534,-8.9447374516952
path,-13.11787104509088,-8.944737541275348
path,-13.11787104509088,-8.944737541275348
path,-13.11787104509088,-8.944737541275348
path,-13.11787104509088,-8.944737541275348
path,-13.117870029977052,-8.944737630856567
path,-13.117870029977052,-8.944737630856567
path,-13.117870029977052,-8.944737630856567
path,-13.117870029977052,-8.944737630856567
path,-13.117870029977052,-8.944737630856567
path,-13.117869014847743,-8.944737720442584
path,-13.117869014847743,-8.944737720442584
path,-13.117869014847743,-8.944737720442584
path,-13.117869014847743,-8.944737720442584
path,-13.11786799970611,-8.944737810030837
path,-13.11786799970611,-8.944737810030837
path,-13.11786799970611,-8.944737810030837
path,-13.11786799970611,-8.944737810030837
path,-13.11786698455519,-8.944737899619547
path,-13.11786698455519,-8.944737899619547
path,-13.11786698455519,-8.944737899619547
path,-13.11786698455519,-8.944737899619547
path,-13.11786698455519,-8.944737899619547
path,-13.117865969390166,-8.94473798921218
path,-13.117865969390166,-8.94473798921218
path,-13.117865969390166,-8.94473798921218
path,-13.117865969390166,-8.94473798921218
path,-13.11786495421026,-8.944738078809028
path,-13.11786495421026,-8.944738078809028
path,-13.11786495421026,-8.944738078809028
path,-13.11786495421026,-8.944738078809028
path,-13.11786495421026,-8.944738078809028
path,-13.11786393901559,-8.944738168409723
path,-13.11786393901559,-8.944738168409723
path,-13.11786393901559,-8.944738168409723
path,-13.11786393901559,-8.944738168409723
path,-13.117862923811606,-8.94473825801074
path,-13.117862923811606,-8.94473825801074
path,-13.117862923811606,-8.94473825801074
path,-13.117862923811606,-8.94473825801074
path,-13.117861908592205,-8.944738347616234
path,-13.117861908592205,-8.944738347616234
path,-13.117861908592205,-8.944738347616234
path,-13.117861908592205,-8.944738347616234
path,-13.117861908592205,-8.944738347616234
path,-13.11786089336433,-8.944738437221384
path,-13.11786089336433,-8.944738437221384
path,-13.11786089336433,-8.944738437221384
path,-13.11786089336433,-8.944738437221384
path,-13.117859878121639,-8.9447385268309
path,-13.117859878121639,-8.9447385268309
path,-13.117859878121639,-8.9447385268309
path,-13.117859878121639,-8.9447385268309
path,-13.117859878121639,-8.9447385268309
path,-13.117858862865829,-8.94473861644357
path,-13.117858862865829,-8.94473861644357
path,-13.117858862865829,-8.94473861644357
path,-13.117858862865829,-8.94473861644357
path,-13.117857847596865,-8.94473870605893
path,-13.117857847596865,-8.94473870605893
path,-13.117857847596865,-8.94473870605893
path,-13.117857847596865,-8.94473870605893
path,-13.117856832315715,-8.944738795676795
path,-13.117856832315715,-8.944738795676795
path,-13.117856832315715,-8.944738795676795
path,-13.117856832315715,-8.944738795676795
path,-13.117856832315715,-8.944738795676795
path,-13.117855817020173,-8.944738885298337
path,-13.117855817020173,-8.944738885298337
path,-13.117855817020173,-8.944738885298337
path,-13.117855817020173,-8.944738885298337
path,-13.117854801713271,-8.944738974921535
path,-13.117854801713271,-8.944738974921535
path,-13.117854801713271,-8.944738974921535
path,-13.117854801713271,-8.944738974921535
path,-13.117854801713271,-8.944738974921535
path,-13.117853786395022,-8.944739064546594
path,-13.117853786395022,-8.944739064546594
path,-13.117853786395022,-8.944739064546594
path,-13.117853786395022,-8.944739064546594
path,-13.117852771061706,-8.944739154176034
path,-13.117852771061706,-8.944739154176034
path,-13.117852771061706,-8.944739154176034
path,-13.117852771061706,-8.944739154176034
path,-13.117851755715979,-8.944739243807733
path,-13.117851755715979,-8.944739243807733
path,-13.117851755715979,-8.944739243807733
path,-13.117851755715979,-8.944739243807733
path,-13.117851755715979,-8.944739243807733
path,-13.117850740360206,-8.944739333440358
path,-13.117850740360206,-8.944739333440358
path,-13.117850740360206,-8.944739333440358
path,-13.117850740360206,-8.944739333440358
path,-13.117849724989174,-8.94473942307763
path,-13.117849724989174,-8.94473942307763
path,-13.117849724989174,-8.94473942307763
path,-13.117849724989174,-8.94473942307763
path,-13.117849724989174,-8.94473942307763
path,-13.117848709603598,-8.944739512718613
path,-13.117848709603598,-8.944739512718613
path,-13.117848709603598,-8.944739512718613
path,-13.117848709603598,-8.944739512718613
path,-13.11784769420761,-8.944739602360656
path,-13.11784769420761,-8.944739602360656
path,-13.11784769420761,-8.944739602360656
path,-13.11784769420761,-8.944739602360656
path,-13.117846678801298,-8.944739692003905
path,-13.117846678801298,-8.944739692003905
path,-13.117846678801298,-8.944739692003905
path,-13.117846678801298,-8.944739692003905
path,-13.117846678801298,-8.944739692003905
path,-13.117845663379626,-8.944739781651643
path,-13.117845663379626,-8.944739781651643
path,-13.117845663379626,-8.944739781651643
path,-13.117845663379626,-8.944739781651643
path,-13.117844647946422,-8.944739871301255
path,-13.117844647946422,-8.944739871301255
path,-13.117844647946422,-8.944739871301255
path,-13.117844647946422,-8.944739871301255
path,-13.117844647946422,-8.944739871301255
path,-13.11784363250131,-8.944739960953212
path,-13.11784363250131,-8.944739960953212
path,-13.11784363250131,-8.944739960953212
path,-13.11784363250131,-8.944739960953212
path,-13.117842617041402,-8.944740050609242
path,-13.117842617041402,-8.944740050609242
path,-13.117842617041402,-8.944740050609242
path,-13.117842617041402,-8.944740050609242
path,-13.117841601569818,-8.944740140267353
path,-13.117841601569818,-8.944740140267353
path,-13.117841601569818,-8.944740140267353
path,-13.117841601569818,-8.944740140267353
path,-13.117841601569818,-8.944740140267353
path,-13.117840586084377,-8.94474022992882
path,-13.117840586084377,-8.94474022992882
path,-13.117840586084377,-8.94474022992882
path,-13.117840586084377,-8.94474022992882
path,-13.11783957058998,-8.944740319590615
path,-13.11783957058998,-8.944740319590615
path,-13.11783957058998,-8.944740319590615
path,-13.11783957058998,-8.944740319590615
path,-13.11783957058998,-8.944740319590615
path,-13.117838555075767,-8.944740409259927
path,-13.117838555075767,-8.944740409259927
path,-13.117838555075767,-8.944740409259927
path,-13.117838555075767,-8.944740409259927
path,-13.117837539552491,-8.944740498928926
path,-13.117837539552491,-8.944740498928926
path,-13.117837539552491,-8.944740498928926
path,-13.117837539552491,-8.944740498928926
path,-13.117836524016504,-8.944740588600673
path,-13.117836524016504,-8.944740588600673
path,-13.117836524016504,-8.944740588600673
path,-13.117836524016504,-8.944740588600673
path,-13.117836524016504,-8.944740588600673
path,-13.117835508469437,-8.944740678274247
path,-13.117835508469437,-8.944740678274247
path,-13.117835508469437,-8.944740678274247
path,-13.117835508469437,-8.944740678274247
path,-13.11783449290463,-8.944740767953768
path,-13.11783449290463,-8.944740767953768
path,-13.11783449290463,-8.944740767953768
path,-13.11783449290463,-8.944740767953768
path,-13.11783449290463,-8.944740767953768
path,-13.117833477331091,-8.94474085763323
path,-13.117833477331091,-8.94474085763323
path,-13.117833477331091,-8.94474085763323
path,-13.117833477331091,-8.94474085763323
path,-13.117832461742886,-8.944740947316705
path,-13.117832461742886,-8.944740947316705
path,-13.117832461742886,-8.944740947316705
path,-13.117832461742886,-8.944740947316705
path,-13.11783144614166,-8.944741037002881
path,-13.11783144614166,-8.944741037002881
path,-13.11783144614166,-8.944741037002881
path,-13.11783144614166,-8.944741037002881
path,-13.11783144614166,-8.944741037002881
path,-13.117830430530635,-8.94474112668974
path,-13.117830430530635,-8.94474112668974
path,-13.117830430530635,-8.94474112668974
path,-13.117830430530635,-8.94474112668974
path,-13.117829414903756,-8.944741216381663
path,-13.117829414903756,-8.944741216381663
path,-13.117829414903756,-8.944741216381663
path,-13.117829414903756,-8.944741216381663
path,-13.117829414903756,-8.944741216381663
path,-13.117828399264615,-8.944741306075784
path,-13.117828399264615,-8.944741306075784
path,-13.117828399264615,-8.944741306075784
path,-13.117828399264615,-8.944741306075784
path,-13.117827383613367,-8.944741395771896
path,-13.117827383613367,-8.944741395771896
path,-13.117827383613367,-8.944741395771896
path,-13.117827383613367,-8.944741395771896
path,-13.11782636794964,-8.944741485470749
path,-13.11782636794964,-8.944741485470749
path,-13.11782636794964,-8.944741485470749
path,-13.11782636794964,-8.944741485470749
path,-13.11782636794964,-8.944741485470749
path,-13.117825352275773,-8.944741575170713
path,-13.117825352275773,-8.944741575170713
path,-13.117825352275773,-8.944741575170713
path,-13.117825352275773,-8.944741575170713
path,-13.11782433658654,-8.944741664875362
path,-13.11782433658654,-8.944741664875362
path,-13.11782433658654,-8.944741664875362
path,-13.11782433658654,-8.944741664875362
path,-13.11782433658654,-8.944741664875362
path,-13.117823320885753,-8.944741754581907
path,-13.117823320885753,-8.944741754581907
path,-13.117823320885753,-8.944741754581907
path,-13.117823320885753,-8.944741754581907
path,-13.117822305170405,-8.94474184429241
path,-13.117822305170405,-8.94474184429241
path,-13.117822305170405,-8.94474184429241
path,-13.117822305170405,-8.94474184429241
path,-13.117821289442084,-8.944741934005618
path,-13.117821289442084,-8.944741934005618
path,-13.117821289442084,-8.944741934005618
path,-13.117821289442084,-8.944741934005618
path,-13.117821289442084,-8.944741934005618
path,-13.117820273702957,-8.94474202372021
path,-13.117820273702957,-8.94474202372021
path,-13.117820273702957,-8.94474202372021
path,-13.117820273702957,-8.94474202372021
path,-13.117819257951679,-8.944742113437165
path,-13.117819257951679,-8.944742113437165
path,-13.117819257951679,-8.944742113437165
path,-13.117819257951679,-8.944742113437165
path,-13.117819257951679,-8.944742113437165
path,-13.1178182421868,-8.944742203157551
path,-13.1178182421868,-8.944742203157551
path,-13.1178182421868,-8.944742203157551
path,-13.1178182421868,-8.944742203157551
path,-13.117817226410883,-8.944742292879619
path,-13.117817226410883,-8.944742292879619
path,-13.117817226410883,-8.944742292879619
path,-13.117817226410883,-8.944742292879619
path,-13.117816210620898,-8.944742382605297
path,-13.117816210620898,-8.944742382605297
path,-13.117816210620898,-8.944742382605297
path,-13.117816210620898,-8.944742382605297
path,-13.117816210620898,-8.944742382605297
path,-13.117815194818437,-8.944742472333544
path,-13.117815194818437,-8.944742472333544
path,-13.117815194818437,-8.944742472333544
path,-13.117815194818437,-8.944742472333544
path,-13.117814179001567,-8.944742562065528
path,-13.117814179001567,-8.944742562065528
path,-13.117814179001567,-8.944742562065528
path,-13.117814179001567,-8.944742562065528
path,-13.117814179001567,-8.944742562065528
path,-13.117813163172402,-8.944742651799837
path,-13.117813163172402,-8.944742651799837
path,-13.117813163172402,-8.944742651799837
path,-13.117813163172402,-8.944742651799837
path,-13.117812147331671,-8.944742741536073
path,-13.117812147331671,-8.944742741536073
path,-13.117812147331671,-8.944742741536073
path,-13.117812147331671,-8.944742741536073
path,-13.117811131479218,-8.944742831274365
path,-13.117811131479218,-8.944742831274365
path,-13.117811131479218,-8.944742831274365
path,-13.117811131479218,-8.944742831274365
path,-13.117811131479218,-8.944742831274365
path,-13.117810115614477,-8.94474292101522
path,-13.117810115614477,-8.94474292101522
path,-13.117810115614477,-8.94474292101522
path,-13.117810115614477,-8.94474292101522
path,-13.117809099736334,-8.94474301075959
path,-13.117809099736334,-8.94474301075959
path,-13.117809099736334,-8.94474301075959
path,-13.117809099736334,-8.94474301075959
path,-13.117809099736334,-8.94474301075959
path,-13.117808083840982,-8.944743100509447
path,-13.117808083840982,-8.944743100509447
path,-13.117808083840982,-8.944743100509447
path,-13.117808083840982,-8.944743100509447
path,-13.117807067937271,-8.944743190258723
path,-13.117807067937271,-8.944743190258723
path,-13.117807067937271,-8.944743190258723
path,-13.117807067937271,-8.944743190258723
path,-13.1178060520242,-8.944743280008746
path,-13.1178060520242,-8.944743280008746
path,-13.1178060520242,-8.944743280008746
path,-13.1178060520242,-8.944743280008746
path,-13.1178060520242,-8.944743280008746
path,-13.117805036093783,-8.944743369764794
path,-13.117805036093783,-8.944743369764794
path,-13.117805036093783,-8.944743369764794
path,-13.117805036093783,-8.944743369764794
path,-13.11780402015045,-8.944743459523545
path,-13.11780402015045,-8.944743459523545
path,-13.11780402015045,-8.944743459523545
path,-13.11780402015045,-8.944743459523545
path,-13.11780402015045,-8.944743459523545
path,-13.117803004197793,-8.944743549282688
path,-13.117803004197793,-8.944743549282688
path,-13.117803004197793,-8.944743549282688
path,-13.117803004197793,-8.944743549282688
path,-13.117801988230353,-8.944743639046024
path,-13.117801988230353,-8.944743639046024
path,-13.117801988230353,-8.944743639046024
path,-13.117801988230353,-8.944743639046024
path,-13.117800972246936,-8.944743728814068
path,-13.117800972246936,-8.944743728814068
path,-13.117800972246936,-8.944743728814068
path,-13.117800972246936,-8.944743728814068
path,-13.117800972246936,-8.944743728814068
path,-13.117799956250499,-8.944743818585001
path,-13.117799956250499,-8.944743818585001
path,-13.117799956250499,-8.944743818585001
path,-13.117799956250499,-8.944743818585001
path,-13.117798940244958,-8.944743908355838
path,-13.117798940244958,-8.944743908355838
path,-13.117798940244958,-8.944743908355838
path,-13.117798940244958,-8.944743908355838
path,-13.117798940244958,-8.944743908355838
path,-13.11779792422629,-8.944743998129713
path,-13.11779792422629,-8.944743998129713
path,-13.11779792422629,-8.944743998129713
path,-13.11779792422629,-8.944743998129713
path,-13.117796908195746,-8.944744087905736
path,-13.117796908195746,-8.944744087905736
path,-13.117796908195746,-8.944744087905736
path,-13.117796908195746,-8.944744087905736
path,-13.117795892150088,-8.944744177686227
path,-13.117795892150088,-8.944744177686227
path,-13.117795892150088,-8.944744177686227
path,-13.117795892150088,-8.944744177686227
path,-13.117795892150088,-8.944744177686227
path,-13.117794876092846,-8.944744267468613
path,-13.117794876092846,-8.944744267468613
path,-13.117794876092846,-8.944744267468613
path,-13.117794876092846,-8.944744267468613
path,-13.117793860022145,-8.944744357254109
path,-13.117793860022145,-8.944744357254109
path,-13.117793860022145,-8.944744357254109
path,-13.117793860022145,-8.944744357254109
path,-13.117793860022145,-8.944744357254109
path,-13.117792843937307,-8.944744447043167
path,-13.117792843937307,-8.944744447043167
path,-13.117792843937307,-8.944744447043167
path,-13.117792843937307,-8.944744447043167
path,-13.117791827844515,-8.94474453683164
path,-13.117791827844515,-8.94474453683164
path,-13.117791827844515,-8.94474453683164
path,-13.117791827844515,-8.94474453683164
path,-13.117790811735555,-8.944744626625457
path,-13.117790811735555,-8.944744626625457
path,-13.117790811735555,-8.944744626625457
path,-13.117790811735555,-8.944744626625457
path,-13.117790811735555,-8.944744626625457
path,-13.117789795615238,-8.944744716420912
path,-13.117789795615238,-8.944744716420912
path,-13.117789795615238,-8.944744716420912
path,-13.117789795615238,-8.944744716420912
path,-13.117788779482598,-8.944744806218898
path,-13.117788779482598,-8.944744806218898
path,-13.117788779482598,-8.944744806218898
path,-13.117788779482598,-8.944744806218898
path,-13.117788779482598,-8.944744806218898
path,-13.117787763337118,-8.944744896019742
path,-13.117787763337118,-8.944744896019742
path,-13.117787763337118,-8.944744896019742
path,-13.117787763337118,-8.944744896019742
path,-13.117786747179473,-8.944744985822975
path,-13.117786747179473,-8.944744985822975
path,-13.117786747179473,-8.944744985822975
path,-13.117786747179473,-8.944744985822975
path,-13.117785731007963,-8.94474507562981
path,-13.117785731007963,-8.94474507562981
path,-13.117785731007963,-8.94474507562981
path,-13.117785731007963,-8.94474507562981
path,-13.117785731007963,-8.94474507562981
path,-13.117784714823246,-8.94474516543941
path,-13.117784714823246,-8.94474516543941
path,-13.117784714823246,-8.94474516543941
path,-13.117784714823246,-8.94474516543941
path,-13.117783698625987,-8.944745255251677
path,-13.117783698625987,-8.944745255251677
path,-13.117783698625987,-8.944745255251677
path,-13.117783698625987,-8.944745255251677
path,-13.117783698625987,-8.944745255251677
path,-13.117782682413198,-8.944745345068474
path,-13.117782682413198,-8.944745345068474
path,-13.117782682413198,-8.944745345068474
path,-13.117782682413198,-8.944745345068474
path,-13.117781666192261,-8.944745434884569
path,-13.117781666192261,-8.944745434884569
path,-13.117781666192261,-8.944745434884569
path,-13.117781666192261,-8.944745434884569
path,-13.117780649955195,-8.944745524705828
path,-13.117780649955195,-8.944745524705828
path,-13.117780649955195,-8.944745524705828
path,-13.117780649955195,-8.944745524705828
path,-13.117780649955195,-8.944745524705828
path,-13.117779633705917,-8.944745614529209
path,-13.117779633705917,-8.944745614529209
path,-13.117779633705917,-8.944745614529209
path,-13.117779633705917,-8.944745614529209
path,-13.117778617445333,-8.944745704354418
path,-13.117778617445333,-8.944745704354418
path,-13.117778617445333,-8.944745704354418
path,-13.117778617445333,-8.944745704354418
path,-13.117778617445333,-8.944745704354418
path,-13.117777601171559,-8.944745794182642
path,-13.117777601171559,-8.944745794182642
path,-13.117777601171559,-8.944745794182642
path,-13.117777601171559,-8.944745794182642
path,-13.117776584882213,-8.944745884015648
path,-13.117776584882213,-8.944745884015648
path,-13.117776584882213,-8.944745884015648
path,-13.117776584882213,-8.944745884015648
path,-13.117775568581438,-8.944745973850083
path,-13.117775568581438,-8.944745973850083
path,-13.117775568581438,-8.944745973850083
path,-13.117775568581438,-8.944745973850083
path,-13.117775568581438,-8.944745973850083
path,-13.117774552269564,-8.944746063686045
path,-13.117774552269564,-8.944746063686045
path,-13.117774552269564,-8.944746063686045
path,-13.117774552269564,-8.944746063686045
path,-13.117773535944691,-8.944746153524948
path,-13.117773535944691,-8.944746153524948
path,-13.117773535944691,-8.944746153524948
path,-13.117773535944691,-8.944746153524948
path,-13.117773535944691,-8.944746153524948
path,-13.117772519608303,-8.944746243365751
path,-13.117772519608303,-8.944746243365751
path,-13.117772519608303,-8.944746243365751
path,-13.117772519608303,-8.944746243365751
path,-13.117771503258123,-8.944746333210187
path,-13.117771503258123,-8.944746333210187
path,-13.117771503258123,-8.944746333210187
path,-13.117771503258123,-8.944746333210187
path,-13.117770486895374,-8.944746423057353
path,-13.117770486895374,-8.944746423057353
path,-13.117770486895374,-8.944746423057353
path,-13.117770486895374,-8.944746423057353
path,-13.117770486895374,-8.944746423057353
path,-13.11776947051818,-8.944746512908162
path,-13.11776947051818,-8.944746512908162
path,-13.11776947051818,-8.944746512908162
path,-13.11776947051818,-8.944746512908162
path,-13.117768454130882,-8.944746602759844
path,-13.117768454130882,-8.944746602759844
path,-13.117768454130882,-8.944746602759844
path,-13.117768454130882,-8.944746602759844
path,-13.117768454130882,-8.944746602759844
path,-13.117767437731057,-8.944746692614322
path,-13.117767437731057,-8.944746692614322
path,-13.117767437731057,-8.944746692614322
path,-13.117767437731057,-8.944746692614322
path,-13.117766421315803,-8.944746782473405
path,-13.117766421315803,-8.944746782473405
path,-13.117766421315803,-8.944746782473405
path,-13.117766421315803,-8.944746782473405
path,-13.117765404891102,-8.944746872332946
path,-13.117765404891102,-8.944746872332946
path,-13.117765404891102,-8.944746872332946
path,-13.117765404891102,-8.944746872332946
path,-13.117765404891102,-8.944746872332946
path,-13.117764388449725,-8.944746962197778
path,-13.117764388449725,-8.944746962197778
path,-13.117764388449725,-8.944746962197778
path,-13.117764388449725,-8.944746962197778
path,-13.117763371997098,-8.944747052064214
path,-13.117763371997098,-8.944747052064214
path,-13.117763371997098,-8.944747052064214
path,-13.117763371997098,-8.944747052064214
path,-13.117763371997098,-8.944747052064214
path,-13.117762355530557,-8.94474714193398
path,-13.117762355530557,-8.94474714193398
path,-13.117762355530557,-8.94474714193398
path,-13.117762355530557,-8.94474714193398
path,-13.117761339053724,-8.944747231804735
path,-13.117761339053724,-8.944747231804735
path,-13.117761339053724,-8.944747231804735
path,-13.117761339053724,-8.944747231804735
path,-13.117760322563255,-8.944747321679
path,-13.117760322563255,-8.944747321679
path,-13.117760322563255,-8.944747321679
path,-13.117760322563255,-8.944747321679
path,-13.117760322563255,-8.944747321679
path,-13.11775930606152,-8.944747411555083
path,-13.11775930606152,-8.944747411555083
path,-13.11775930606152,-8.944747411555083
path,-13.11775930606152,-8.944747411555083
path,-13.117758289544952,-8.94474750143532
path,-13.117758289544952,-8.94474750143532
path,-13.117758289544952,-8.94474750143532
path,-13.117758289544952,-8.94474750143532
path,-13.117758289544952,-8.94474750143532
path,-13.117757273016782,-8.944747591317316
path,-13.117757273016782,-8.944747591317316
path,-13.117757273016782,-8.944747591317316
path,-13.117757273016782,-8.944747591317316
path,-13.117756256474468,-8.944747681203015
path,-13.117756256474468,-8.944747681203015
path,-13.117756256474468,-8.944747681203015
path,-13.117756256474468,-8.944747681203015
path,-13.117755239921067,-8.94474777109032
path,-13.117755239921067,-8.94474777109032
path,-13.117755239921067,-8.94474777109032
path,-13.117755239921067,-8.94474777109032
path,-13.117755239921067,-8.94474777109032
path,-13.117754223352767,-8.944747860981748
path,-13.117754223352767,-8.944747860981748
path,-13.117754223352767,-8.944747860981748
path,-13.117754223352767,-8.944747860981748
path,-13.117753206772164,-8.944747950875533
path,-13.117753206772164,-8.944747950875533
path,-13.117753206772164,-8.944747950875533
path,-13.117753206772164,-8.944747950875533
path,-13.117753206772164,-8.944747950875533
path,-13.117752190180497,-8.944748040770833
path,-13.117752190180497,-8.944748040770833
path,-13.117752190180497,-8.944748040770833
path,-13.117752190180497,-8.944748040770833
path,-13.117751173574588,-8.944748130669769
path,-13.117751173574588,-8.944748130669769
path,-13.117751173574588,-8.944748130669769
path,-13.117751173574588,-8.944748130669769
path,-13.117750156956033,-8.94474822057146
path,-13.117750156956033,-8.94474822057146
path,-13.117750156956033,-8.94474822057146
path,-13.117750156956033,-8.94474822057146
path,-13.117750156956033,-8.94474822057146
path,-13.117749140325627,-8.944748310475218
path,-13.117749140325627,-8.944748310475218
path,-13.117749140325627,-8.944748310475218
path,-13.117749140325627,-8.944748310475218
path,-13.11774812368384,-8.944748400380849
path,-13.11774812368384,-8.944748400380849
path,-13.11774812368384,-8.944748400380849
path,-13.11774812368384,-8.944748400380849
path,-13.11774812368384,-8.944748400380849
path,-13.11774710702552,-8.944748490291841
path,-13.11774710702552,-8.944748490291841
path,-13.11774710702552,-8.944748490291841
path,-13.11774710702552,-8.944748490291841
path,-13.117746090358052,-8.944748580202969
path,-13.117746090358052,-8.944748580202969
path,-13.117746090358052,-8.944748580202969
path,-13.117746090358052,-8.944748580202969
path,-13.117745073678073,-8.944748670116681
path,-13.117745073678073,-8.944748670116681
path,-13.117745073678073,-8.944748670116681
path,-13.117745073678073,-8.944748670116681
path,-13.117745073678073,-8.944748670116681
path,-13.117744056981872,-8.944748760035559
path,-13.117744056981872,-8.944748760035559
path,-13.117744056981872,-8.944748760035559
path,-13.117744056981872,-8.944748760035559
path,-13.11774304027288,-8.944748849956945
path,-13.11774304027288,-8.944748849956945
path,-13.11774304027288,-8.944748849956945
path,-13.11774304027288,-8.944748849956945
path,-13.11774304027288,-8.944748849956945
path,-13.117742023556593,-8.944748939877407
path,-13.117742023556593,-8.944748939877407
path,-13.117742023556593,-8.944748939877407
path,-13.117742023556593,-8.944748939877407
path,-13.11774100682438,-8.94474902980289
path,-13.11774100682438,-8.94474902980289
path,-13.11774100682438,-8.94474902980289
path,-13.11774100682438,-8.94474902980289
path,-13.117739990078322,-8.944749119731851
path,-13.117739990078322,-8.944749119731851
path,-13.117739990078322,-8.944749119731851
path,-13.117739990078322,-8.944749119731851
path,-13.117739990078322,-8.944749119731851
path,-13.11773897331896,-8.944749209663843
path,-13.11773897331896,-8.944749209663843
path,-13.11773897331896,-8.944749209663843
path,-13.11773897331896,-8.944749209663843
path,-13.117737956550966,-8.944749299595719
path,-13.117737956550966,-8.944749299595719
path,-13.117737956550966,-8.944749299595719
path,-13.117737956550966,-8.944749299595719
path,-13.117737956550966,-8.944749299595719
path,-13.117736939767424,-8.94474938953221
path,-13.117736939767424,-8.94474938953221
path,-13.117736939767424,-8.94474938953221
path,-13.117736939767424,-8.94474938953221
path,-13.117735922970345,-8.94474947947204
path,-13.117735922970345,-8.94474947947204
path,-13.117735922970345,-8.94474947947204
path,-13.117735922970345,-8.94474947947204
path,-13.117734906164744,-8.94474956941179
path,-13.117734906164744,-8.94474956941179
path,-13.117734906164744,-8.94474956941179
path,-13.117734906164744,-8.94474956941179
path,-13.117734906164744,-8.94474956941179
path,-13.117733889343503,-8.944749659356447
path,-13.117733889343503,-8.944749659356447
path,-13.117733889343503,-8.944749659356447
path,-13.117733889343503,-8.944749659356447
path,-13.11773287250878,-8.944749749304144
path,-13.11773287250878,-8.944749749304144
path,-13.11773287250878,-8.944749749304144
path,-13.11773287250878,-8.944749749304144
path,-13.11773287250878,-8.944749749304144
path,-13.117731855659095,-8.944749839255739
path,-13.117731855659095,-8.944749839255739
path,-13.117731855659095,-8.944749839255739
path,-13.117731855659095,-8.944749839255739
path,-13.117730838798412,-8.9447499292086
path,-13.117730838798412,-8.9447499292086
path,-13.117730838798412,-8.9447499292086
path,-13.117730838798412,-8.9447499292086
path,-13.117729821925254,-8.94475001916406
path,-13.117729821925254,-8.94475001916406
path,-13.117729821925254,-8.94475001916406
path,-13.117729821925254,-8.94475001916406
path,-13.117729821925254,-8.94475001916406
path,-13.117728805041446,-8.944750109120724
path,-13.117728805041446,-8.944750109120724
path,-13.117728805041446,-8.944750109120724
path,-13.117728805041446,-8.944750109120724
path,-13.117727788140698,-8.94475019908312
path,-13.117727788140698,-8.94475019908312
path,-13.117727788140698,-8.94475019908312
path,-13.117727788140698,-8.94475019908312
path,-13.117727788140698,-8.94475019908312
path,-13.117726771232494,-8.944750289044512
path,-13.117726771232494,-8.944750289044512
path,-13.117726771232494,-8.944750289044512
path,-13.117726771232494,-8.944750289044512
path,-13.117725754310309,-8.944750379009857
path,-13.117725754310309,-8.944750379009857
path,-13.117725754310309,-8.944750379009857
path,-13.117725754310309,-8.944750379009857
path,-13.117724737374008,-8.944750468978803
path,-13.117724737374008,-8.944750468978803
path,-13.117724737374008,-8.944750468978803
path,-13.117724737374008,-8.944750468978803
path,-13.117724737374008,-8.944750468978803
path,-13.117723720424145,-8.94475055895101
path,-13.117723720424145,-8.94475055895101
path,-13.117723720424145,-8.94475055895101
path,-13.117723720424145,-8.94475055895101
path,-13.117722703461594,-8.94475064892573
path,-13.117722703461594,-8.94475064892573
path,-13.117722703461594,-8.94475064892573
path,-13.117722703461594,-8.94475064892573
path,-13.117722703461594,-8.94475064892573
path,-13.117721686487917,-8.944750738902028
path,-13.117721686487917,-8.944750738902028
path,-13.117721686487917,-8.944750738902028
path,-13.117721686487917,-8.944750738902028
path,-13.117720669500489,-8.944750828881832
path,-13.117720669500489,-8.944750828881832
path,-13.117720669500489,-8.944750828881832
path,-13.117720669500489,-8.944750828881832
path,-13.117719652501217,-8.944750918863663
path,-13.117719652501217,-8.944750918863663
path,-13.117719652501217,-8.944750918863663
path,-13.117719652501217,-8.944750918863663
path,-13.117719652501217,-8.944750918863663
path,-13.117718635489704,-8.944751008848002
path,-13.117718635489704,-8.944751008848002
path,-13.117718635489704,-8.944751008848002
path,-13.117718635489704,-8.944751008848002
path,-13.117717618464372,-8.944751098835736
path,-13.117717618464372,-8.944751098835736
path,-13.117717618464372,-8.944751098835736
path,-13.117717618464372,-8.944751098835736
path,-13.117717618464372,-8.944751098835736
path,-13.117716601424746,-8.944751188827096
path,-13.117716601424746,-8.944751188827096
path,-13.117716601424746,-8.944751188827096
path,-13.117716601424746,-8.944751188827096
path,-13.117715584375823,-8.94475127881881
path,-13.117715584375823,-8.94475127881881
path,-13.117715584375823,-8.94475127881881
path,-13.117715584375823,-8.94475127881881
path,-13.117714567313868,-8.944751368813629
path,-13.117714567313868,-8.944751368813629
path,-13.117714567313868,-8.944751368813629
path,-13.117714567313868,-8.944751368813629
path,-13.117714567313868,-8.944751368813629
path,-13.117713550239118,-8.944751458811522
path,-13.117713550239118,-8.944751458811522
path,-13.117713550239118,-8.944751458811522
path,-13.117713550239118,-8.944751458811522
path,-13.117712533151472,-8.944751548812013
path,-13.117712533151472,-8.944751548812013
path,-13.117712533151472,-8.944751548812013
path,-13.117712533151472,-8.944751548812013
path,-13.117712533151472,-8.944751548812013
path,-13.117711516051136,-8.94475163881529
path,-13.117711516051136,-8.94475163881529
path,-13.117711516051136,-8.94475163881529
path,-13.117711516051136,-8.94475163881529
path,-13.117710498935843,-8.944751728822776
path,-13.117710498935843,-8.944751728822776
path,-13.117710498935843,-8.944751728822776
path,-13.117710498935843,-8.944751728822776
path,-13.117709481807834,-8.944751818832675
path,-13.117709481807834,-8.944751818832675
path,-13.117709481807834,-8.944751818832675
path,-13.117709481807834,-8.944751818832675
path,-13.117709481807834,-8.944751818832675
path,-13.117708464668985,-8.944751908844038
path,-13.117708464668985,-8.944751908844038
path,-13.117708464668985,-8.944751908844038
path,-13.117708464668985,-8.944751908844038
path,-13.11770744751327,-8.944751998860763
path,-13.11770744751327,-8.944751998860763
path,-13.11770744751327,-8.944751998860763
path,-13.11770744751327,-8.944751998860763
path,-13.11770744751327,-8.944751998860763
path,-13.117706430350431,-8.944752088876236
path,-13.117706430350431,-8.944752088876236
path,-13.117706430350431,-8.944752088876236
path,-13.117706430350431,-8.944752088876236
path,-13.117705413171727,-8.944752178896675
path,-13.117705413171727,-8.944752178896675
path,-13.117705413171727,-8.944752178896675
path,-13.117705413171727,-8.944752178896675
path,-13.117704395981566,-8.944752268918984
path,-13.117704395981566,-8.944752268918984
path,-13.117704395981566,-8.944752268918984
path,-13.117704395981566,-8.944752268918984
path,-13.117704395981566,-8.944752268918984
path,-13.11770337877812,-8.944752358944266
path,-13.11770337877812,-8.944752358944266
path,-13.11770337877812,-8.944752358944266
path,-13.11770337877812,-8.944752358944266
path,-13.117702361560925,-8.944752448973
path,-13.117702361560925,-8.944752448973
path,-13.117702361560925,-8.944752448973
path,-13.117702361560925,-8.944752448973
path,-13.117702361560925,-8.944752448973
path,-13.117701344336037,-8.944752539000941
path,-13.117701344336037,-8.944752539000941
path,-13.117701344336037,-8.944752539000941
path,-13.117701344336037,-8.944752539000941
path,-13.117700327092113,-8.944752629036167
path,-13.117700327092113,-8.944752629036167
path,-13.117700327092113,-8.944752629036167
path,-13.117700327092113,-8.944752629036167
path,-13.117699309839573,-8.944752719071083
path,-13.117699309839573,-8.944752719071083
path,-13.117699309839573,-8.944752719071083
path,-13.117699309839573,-8.944752719071083
path,-13.117699309839573,-8.944752719071083
path,-13.117698292572154,-8.94475280911039
path,-13.117698292572154,-8.94475280911039
path,-13.117698292572154,-8.94475280911039
path,-13.117698292572154,-8.94475280911039
path,-13.117697275289183,-8.94475289915402
path,-13.117697275289183,-8.94475289915402
path,-13.117697275289183,-8.94475289915402
path,-13.117697275289183,-8.94475289915402
path,-13.117697275289183,-8.94475289915402
path,-13.117696257994723,-8.944752989199262
path,-13.117696257994723,-8.944752989199262
path,-13.117696257994723,-8.944752989199262
path,-13.117696257994723,-8.944752989199262
path,-13.117695240692143,-8.94475307924404
path,-13.117695240692143,-8.94475307924404
path,-13.117695240692143,-8.94475307924404
path,-13.117695240692143,-8.94475307924404
path,-13.117694223374327,-8.94475316929362
path,-13.117694223374327,-8.94475316929362
path,-13.117694223374327,-8.94475316929362
path,-13.117694223374327,-8.94475316929362
path,-13.117694223374327,-8.94475316929362
path,-13.117693206046093,-8.944753259344303
path,-13.117693206046093,-8.944753259344303
path,-13.117693206046093,-8.944753259344303
path,-13.117693206046093,-8.944753259344303
path,-13.117692188700339,-8.94475334940102
path,-13.117692188700339,-8.94475334940102
path,-13.117692188700339,-8.94475334940102
path,-13.117692188700339,-8.94475334940102
path,-13.117692188700339,-8.94475334940102
path,-13.117691171346332,-8.944753439457322
path,-13.117691171346332,-8.944753439457322
path,-13.117691171346332,-8.944753439457322
path,-13.117691171346332,-8.944753439457322
path,-13.117690153979645,-8.944753529516428
path,-13.117690153979645,-8.944753529516428
path,-13.117690153979645,-8.944753529516428
path,-13.117690153979645,-8.944753529516428
path,-13.117689136596315,-8.94475361958086
path,-13.117689136596315,-8.94475361958086
path,-13.117689136596315,-8.94475361958086
path,-13.117689136596315,-8.94475361958086
path,-13.117689136596315,-8.94475361958086
path,-13.117688119204034,-8.94475370964533
path,-13.117688119204034,-8.94475370964533
path,-13.117688119204034,-8.94475370964533
path,-13.117688119204034,-8.94475370964533
path,-13.117687101794374,-8.944753799715864
path,-13.117687101794374,-8.944753799715864
path,-13.117687101794374,-8.944753799715864
path,-13.117687101794374,-8.944753799715864
path,-13.117687101794374,-8.944753799715864
path,-13.11768608437629,-8.944753889785721
path,-13.11768608437629,-8.944753889785721
path,-13.11768608437629,-8.944753889785721
path,-13.11768608437629,-8.944753889785721
path,-13.11768506694372,-8.944753979859788
path,-13.11768506694372,-8.944753979859788
path,-13.11768506694372,-8.944753979859788
path,-13.11768506694372,-8.944753979859788
path,-13.117684049497525,-8.944754069936891
path,-13.117684049497525,-8.944754069936891
path,-13.117684049497525,-8.944754069936891
path,-13.117684049497525,-8.944754069936891
path,-13.117684049497525,-8.944754069936891
path,-13.11768303203595,-8.94475416001846
path,-13.11768303203595,-8.94475416001846
path,-13.11768303203595,-8.94475416001846
path,-13.11768303203595,-8.94475416001846
path,-13.117682014563249,-8.944754250101314
path,-13.117682014563249,-8.944754250101314
path,-13.117682014563249,-8.944754250101314
path,-13.117682014563249,-8.944754250101314
path,-13.117682014563249,-8.944754250101314
path,-13.117680997078905,-8.944754340186055
path,-13.117680997078905,-8.944754340186055
path,-13.117680997078905,-8.944754340186055
path,-13.117680997078905,-8.944754340186055
path,-13.117679979581993,-8.944754430273345
path,-13.117679979581993,-8.944754430273345
path,-13.117679979581993,-8.944754430273345
path,-13.117679979581993,-8.944754430273345
path,-13.117678962074661,-8.94475452036195
path,-13.117678962074661,-8.94475452036195
path,-13.117678962074661,-8.94475452036195
path,-13.117678962074661,-8.94475452036195
path,-13.117678962074661,-8.94475452036195
path,-13.117677944549714,-8.944754610456746
path,-13.117677944549714,-8.944754610456746
path,-13.117677944549714,-8.944754610456746
path,-13.117677944549714,-8.944754610456746
path,-13.11767692701687,-8.944754700550702
path,-13.11767692701687,-8.944754700550702
path,-13.11767692701687,-8.944754700550702
path,-13.11767692701687,-8.944754700550702
path,-13.11767692701687,-8.944754700550702
path,-13.117675909473318,-8.944754790646394
path,-13.117675909473318,-8.944754790646394
path,-13.117675909473318,-8.944754790646394
path,-13.117675909473318,-8.944754790646394
path,-13.117674891912234,-8.944754880748226
path,-13.117674891912234,-8.944754880748226
path,-13.117674891912234,-8.944754880748226
path,-13.117674891912234,-8.944754880748226
path,-13.117673874340129,-8.94475497085155
path,-13.117673874340129,-8.94475497085155
path,-13.117673874340129,-8.94475497085155
path,-13.117673874340129,-8.94475497085155
path,-13.117673874340129,-8.94475497085155
path,-13.117672856755492,-8.944755060957506
path,-13.117672856755492,-8.944755060957506
path,-13.117672856755492,-8.944755060957506
path,-13.117672856755492,-8.944755060957506
path,-13.117671839157403,-8.944755151066508
path,-13.117671839157403,-8.944755151066508
path,-13.117671839157403,-8.944755151066508
path,-13.117671839157403,-8.944755151066508
path,-13.117671839157403,-8.944755151066508
path,-13.117670821546703,-8.944755241178038
path,-13.117670821546703,-8.944755241178038
path,-13.117670821546703,-8.944755241178038
path,-13.117670821546703,-8.944755241178038
path,-13.117669803923613,-8.94475533129205
path,-13.117669803923613,-8.94475533129205
path,-13.117669803923613,-8.94475533129205
path,-13.117669803923613,-8.94475533129205
path,-13.11766878628801,-8.944755421408765
path,-13.11766878628801,-8.944755421408765
path,-13.11766878628801,-8.944755421408765
path,-13.11766878628801,-8.944755421408765
path,-13.11766878628801,-8.944755421408765
path,-13.117667768640318,-8.944755511527779
path,-13.117667768640318,-8.944755511527779
path,-13.117667768640318,-8.944755511527779
path,-13.117667768640318,-8.944755511527779
path,-13.117666750978618,-8.944755601650337
path,-13.117666750978618,-8.944755601650337
path,-13.117666750978618,-8.944755601650337
path,-13.117666750978618,-8.944755601650337
path,-13.117666750978618,-8.944755601650337
path,-13.117665733302198,-8.94475569177684
path,-13.117665733302198,-8.94475569177684
path,-13.117665733302198,-8.94475569177684
path,-13.117665733302198,-8.94475569177684
path,-13.117664715614124,-8.944755781905272
path,-13.117664715614124,-8.944755781905272
path,-13.117664715614124,-8.944755781905272
path,-13.117664715614124,-8.944755781905272
path,-13.117663697914532,-8.944755872035351
path,-13.117663697914532,-8.944755872035351
path,-13.117663697914532,-8.944755872035351
path,-13.117663697914532,-8.944755872035351
path,-13.117663697914532,-8.944755872035351
path,-13.11766268020137,-8.944755962168733
path,-13.11766268020137,-8.944755962168733
path,-13.11766268020137,-8.944755962168733
path,-13.11766268020137,-8.944755962168733
path,-13.117661662476259,-8.944756052304317
path,-13.117661662476259,-8.944756052304317
path,-13.117661662476259,-8.944756052304317
path,-13.117661662476259,-8.944756052304317
path,-13.117661662476259,-8.944756052304317
path,-13.117660644737779,-8.944756142443124
path,-13.117660644737779,-8.944756142443124
path,-13.117660644737779,-8.944756142443124
path,-13.117660644737779,-8.944756142443124
path,-13.117659626989395,-8.944756232582673
path,-13.117659626989395,-8.944756232582673
path,-13.117659626989395,-8.944756232582673
path,-13.117659626989395,-8.944756232582673
path,-13.117658609227652,-8.944756322725533
path,-13.117658609227652,-8.944756322725533
path,-13.117658609227652,-8.944756322725533
path,-13.117658609227652,-8.944756322725533
path,-13.117658609227652,-8.944756322725533
path,-13.11765759145076,-8.944756412872843
path,-13.11765759145076,-8.944756412872843
path,-13.11765759145076,-8.944756412872843
path,-13.11765759145076,-8.944756412872843
path,-13.11765657366084,-8.944756503022848
path,-13.11765657366084,-8.944756503022848
path,-13.11765657366084,-8.944756503022848
path,-13.11765657366084,-8.944756503022848
path,-13.11765657366084,-8.944756503022848
path,-13.117655555859185,-8.944756593174914
path,-13.117655555859185,-8.944756593174914
path,-13.117655555859185,-8.944756593174914
path,-13.117655555859185,-8.944756593174914
path,-13.117654538044281,-8.94475668332985
path,-13.117654538044281,-8.94475668332985
path,-13.117654538044281,-8.94475668332985
path,-13.117654538044281,-8.94475668332985
path,-13.117653520215889,-8.944756773488146
path,-13.117653520215889,-8.944756773488146
path,-13.117653520215889,-8.944756773488146
path,-13.117653520215889,-8.944756773488146
path,-13.117653520215889,-8.944756773488146
path,-13.117652502374208,-8.944756863649163
path,-13.117652502374208,-8.944756863649163
path,-13.117652502374208,-8.944756863649163
path,-13.117652502374208,-8.944756863649163
path,-13.117651484522362,-8.944756953811241
path,-13.117651484522362,-8.944756953811241
path,-13.117651484522362,-8.944756953811241
path,-13.117651484522362,-8.944756953811241
path,-13.117651484522362,-8.944756953811241
path,-13.117650466655121,-8.944757043977853
path,-13.117650466655121,-8.944757043977853
path,-13.117650466655121,-8.944757043977853
path,-13.117650466655121,-8.944757043977853
path,-13.117649448778268,-8.944757134144913
path,-13.117649448778268,-8.944757134144913
path,-13.117649448778268,-8.944757134144913
path,-13.117649448778268,-8.944757134144913
path,-13.117648430887385,-8.944757224315728
path,-13.117648430887385,-8.944757224315728
path,-13.117648430887385,-8.944757224315728
path,-13.117648430887385,-8.944757224315728
path,-13.117648430887385,-8.944757224315728
path,-13.117647412984025,-8.944757314489182
path,-13.117647412984025,-8.944757314489182
path,-13.117647412984025,-8.944757314489182
path,-13.117647412984025,-8.944757314489182
path,-13.117646395066489,-8.944757404666152
path,-13.117646395066489,-8.944757404666152
path,-13.117646395066489,-8.944757404666152
path,-13.117646395066489,-8.944757404666152
path,-13.117646395066489,-8.944757404666152
path,-13.117645377137585,-8.944757494844827
path,-13.117645377137585,-8.944757494844827
path,-13.117645377137585,-8.944757494844827
path,-13.117645377137585,-8.944757494844827
path,-13.117644359194003,-8.944757585027624
path,-13.117644359194003,-8.944757585027624
path,-13.117644359194003,-8.944757585027624
path,-13.117644359194003,-8.944757585027624
path,-13.117643341239456,-8.944757675211742
path,-13.117643341239456,-8.944757675211742
path,-13.117643341239456,-8.944757675211742
path,-13.117643341239456,-8.944757675211742
path,-13.117643341239456,-8.944757675211742
path,-13.1176423232737,-8.944757765397762
path,-13.1176423232737,-8.944757765397762
path,-13.1176423232737,-8.944757765397762
path,-13.1176423232737,-8.944757765397762
path,-13.117641305293072,-8.944757855587909
path,-13.117641305293072,-8.944757855587909
path,-13.117641305293072,-8.944757855587909
path,-13.117641305293072,-8.944757855587909
path,-13.117641305293072,-8.944757855587909
path,-13.117640287302367,-8.944757945779044
path,-13.117640287302367,-8.944757945779044
path,-13.117640287302367,-8.944757945779044
path,-13.117640287302367,-8.944757945779044
path,-13.117639269295498,-8.944758035975122
path,-13.117639269295498,-8.944758035975122
path,-13.117639269295498,-8.944758035975122
path,-13.117639269295498,-8.944758035975122
path,-13.117638251276652,-8.944758126173461
path,-13.117638251276652,-8.944758126173461
path,-13.117638251276652,-8.944758126173461
path,-13.117638251276652,-8.944758126173461
path,-13.117638251276652,-8.944758126173461
path,-13.1176372332438,-8.944758216375131
path,-13.1176372332438,-8.944758216375131
path,-13.1176372332438,-8.944758216375131
path,-13.1176372332438,-8.944758216375131
path,-13.117636215199518,-8.944758306578494
path,-13.117636215199518,-8.944758306578494
path,-13.117636215199518,-8.944758306578494
path,-13.117636215199518,-8.944758306578494
path,-13.117636215199518,-8.944758306578494
path,-13.117635197141935,-8.944758396784808
path,-13.117635197141935,-8.944758396784808
path,-13.117635197141935,-8.944758396784808
path,-13.117635197141935,-8.944758396784808
path,-13.117634179070702,-8.944758486994536
path,-13.117634179070702,-8.944758486994536
path,-13.117634179070702,-8.944758486994536
path,-13.117634179070702,-8.944758486994536
path,-13.117633160985338,-8.944758577207732
path,-13.117633160985338,-8.944758577207732
path,-13.117633160985338,-8.944758577207732
path,-13.117633160985338,-8.944758577207732
path,-13.117633160985338,-8.944758577207732
path,-13.117632142891289,-8.944758667420643
path,-13.117632142891289,-8.944758667420643
path,-13.117632142891289,-8.944758667420643
path,-13.117632142891289,-8.944758667420643
path,-13.117631124784427,-8.944758757636652
path,-13.117631124784427,-8.944758757636652
path,-13.117631124784427,-8.944758757636652
path,-13.117631124784427,-8.944758757636652
path,-13.117631124784427,-8.944758757636652
path,-13.117630106666196,-8.944758847854574
path,-13.117630106666196,-8.944758847854574
path,-13.117630106666196,-8.944758847854574
path,-13.117630106666196,-8.944758847854574
path,-13.117629088533988,-8.944758938076156
path,-13.117629088533988,-8.944758938076156
path,-13.117629088533988,-8.944758938076156
path,-13.117629088533988,-8.944758938076156
path,-13.11762807038892,-8.944759028300691
path,-13.11762807038892,-8.944759028300691
path,-13.11762807038892,-8.944759028300691
path,-13.11762807038892,-8.944759028300691
path,-13.11762807038892,-8.944759028300691
path,-13.117627052227599,-8.944759118530241
path,-13.117627052227599,-8.944759118530241
path,-13.117627052227599,-8.944759118530241
path,-13.117627052227599,-8.944759118530241
path,-13.117626034056261,-8.944759208760448
path,-13.117626034056261,-8.944759208760448
path,-13.117626034056261,-8.944759208760448
path,-13.117626034056261,-8.944759208760448
path,-13.117626034056261,-8.944759208760448
path,-13.117625015868846,-8.944759298995491
path,-13.117625015868846,-8.944759298995491
path,-13.117625015868846,-8.944759298995491
path,-13.117625015868846,-8.944759298995491
path,-13.117623997673059,-8.944759389230091
path,-13.117623997673059,-8.944759389230091
path,-13.117623997673059,-8.944759389230091
path,-13.117623997673059,-8.944759389230091
path,-13.117622979464894,-8.944759479467427
path,-13.117622979464894,-8.944759479467427
path,-13.117622979464894,-8.944759479467427
path,-13.117622979464894,-8.944759479467427
path,-13.117622979464894,-8.944759479467427
path,-13.117621961241452,-8.944759569709177
path,-13.117621961241452,-8.944759569709177
path,-13.117621961241452,-8.944759569709177
path,-13.117621961241452,-8.944759569709177
path,-13.117620943004374,-8.944759659954238
path,-13.117620943004374,-8.944759659954238
path,-13.117620943004374,-8.944759659954238
path,-13.117620943004374,-8.944759659954238
path,-13.117620943004374,-8.944759659954238
path,-13.117619924757397,-8.944759750199696
path,-13.117619924757397,-8.944759750199696
path,-13.117619924757397,-8.944759750199696
path,-13.117619924757397,-8.944759750199696
path,-13.117618906496382,-8.9447598404491
path,-13.117618906496382,-8.9447598404491
path,-13.117618906496382,-8.9447598404491
path,-13.117618906496382,-8.9447598404491
path,-13.117617888220904,-8.944759930702254
path,-13.117617888220904,-8.944759930702254
path,-13.117617888220904,-8.944759930702254
path,-13.117617888220904,-8.944759930702254
path,-13.117617888220904,-8.944759930702254
path,-13.11761686993462,-8.944760020956652
path,-13.11761686993462,-8.944760020956652
path,-13.11761686993462,-8.944760020956652
path,-13.11761686993462,-8.944760020956652
path,-13.117615851635502,-8.944760111213933
path,-13.117615851635502,-8.944760111213933
path,-13.117615851635502,-8.944760111213933
path,-13.117615851635502,-8.944760111213933
path,-13.117615851635502,-8.944760111213933
path,-13.117614833323515,-8.94476020147378
path,-13.117614833323515,-8.94476020147378
path,-13.117614833323515,-8.94476020147378
path,-13.117614833323515,-8.94476020147378
path,-13.117613814995316,-8.944760291738685
path,-13.117613814995316,-8.944760291738685
path,-13.117613814995316,-8.944760291738685
path,-13.117613814995316,-8.944760291738685
path,-13.117612796659946,-8.944760382002332
path,-13.117612796659946,-8.944760382002332
path,-13.117612796659946,-8.944760382002332
path,-13.117612796659946,-8.944760382002332
path,-13.117612796659946,-8.944760382002332
path,-13.117611778311678,-8.944760472269197
path,-13.117611778311678,-8.944760472269197
path,-13.117611778311678,-8.944760472269197
path,-13.117611778311678,-8.944760472269197
path,-13.117610759946542,-8.94476056254165
path,-13.117610759946542,-8.94476056254165
path,-13.117610759946542,-8.94476056254165
path,-13.117610759946542,-8.94476056254165
path,-13.117610759946542,-8.94476056254165
path,-13.11760974157104,-8.944760652814951
path,-13.11760974157104,-8.944760652814951
path,-13.11760974157104,-8.944760652814951
path,-13.11760974157104,-8.944760652814951
path,-13.117608723183258,-8.944760743090695
path,-13.117608723183258,-8.944760743090695
path,-13.117608723183258,-8.944760743090695
path,-13.117608723183258,-8.944760743090695
path,-13.117607704780735,-8.944760833370546
path,-13.117607704780735,-8.944760833370546
path,-13.117607704780735,-8.944760833370546
path,-13.117607704780735,-8.944760833370546
path,-13.117607704780735,-8.944760833370546
path,-13.11760668636857,-8.944760923650955
path,-13.11760668636857,-8.944760923650955
path,-13.11760668636857,-8.944760923650955
path,-13.11760668636857,-8.944760923650955
path,-13.117605667944805,-8.944761013933599
path,-13.117605667944805,-8.944761013933599
path,-13.117605667944805,-8.944761013933599
path,-13.117605667944805,-8.944761013933599
path,-13.117605667944805,-8.944761013933599
path,-13.117604649500644,-8.944761104224025
path,-13.117604649500644,-8.944761104224025
path,-13.117604649500644,-8.944761104224025
path,-13.117604649500644,-8.944761104224025
path,-13.117603631048514,-8.944761194513463
path,-13.117603631048514,-8.944761194513463
path,-13.117603631048514,-8.944761194513463
path,-13.117603631048514,-8.944761194513463
path,-13.11760261258132,-8.944761284807171
path,-13.11760261258132,-8.944761284807171
path,-13.11760261258132,-8.944761284807171
path,-13.11760261258132,-8.944761284807171
path,-13.11760261258132,-8.944761284807171
path,-13.117601594105526,-8.944761375100775
path,-13.117601594105526,-8.944761375100775
path,-13.117601594105526,-8.944761375100775
path,-13.117601594105526,-8.944761375100775
path,-13.117600575618738,-8.94476146539619
path,-13.117600575618738,-8.94476146539619
path,-13.117600575618738,-8.94476146539619
path,-13.117600575618738,-8.94476146539619
path,-13.117600575618738,-8.94476146539619
path,-13.117599557114318,-8.944761555697845
path,-13.117599557114318,-8.944761555697845
path,-13.117599557114318,-8.944761555697845
path,-13.117599557114318,-8.944761555697845
path,-13.117598538598902,-8.944761646000925
path,-13.117598538598902,-8.944761646000925
path,-13.117598538598902,-8.944761646000925
path,-13.117598538598902,-8.944761646000925
path,-13.11759752007234,-8.944761736305509
path,-13.11759752007234,-8.944761736305509
path,-13.11759752007234,-8.944761736305509
path,-13.11759752007234,-8.944761736305509
path,-13.11759752007234,-8.944761736305509
path,-13.117596501529444,-8.944761826615425
path,-13.117596501529444,-8.944761826615425
path,-13.117596501529444,-8.944761826615425
path,-13.117596501529444,-8.944761826615425
path,-13.117595482976595,-8.94476191692592
path,-13.117595482976595,-8.94476191692592
path,-13.117595482976595,-8.94476191692592
path,-13.117595482976595,-8.94476191692592
path,-13.117595482976595,-8.94476191692592
path,-13.117594464411349,-8.94476200723914
path,-13.117594464411349,-8.94476200723914
path,-13.117594464411349,-8.94476200723914
path,-13.117594464411349,-8.94476200723914
path,-13.117593445831634,-8.944762097556046
path,-13.117593445831634,-8.944762097556046
path,-13.117593445831634,-8.944762097556046
path,-13.117593445831634,-8.944762097556046
path,-13.117592427241451,-8.94476218787434
path,-13.117592427241451,-8.94476218787434
path,-13.117592427241451,-8.94476218787434
path,-13.117592427241451,-8.94476218787434
path,-13.117592427241451,-8.94476218787434
path,-13.117591408636464,-8.94476227819656
path,-13.117591408636464,-8.94476227819656
path,-13.117591408636464,-8.94476227819656
path,-13.117591408636464,-8.94476227819656
path,-13.117590390016584,-8.944762368522884
path,-13.117590390016584,-8.944762368522884
path,-13.117590390016584,-8.944762368522884
path,-13.117590390016584,-8.944762368522884
path,-13.117590390016584,-8.944762368522884
path,-13.117589371387442,-8.944762458849562
path,-13.117589371387442,-8.944762458849562
path,-13.117589371387442,-8.944762458849562
path,-13.117589371387442,-8.944762458849562
path,-13.117588352744454,-8.944762549179618
path,-13.117588352744454,-8.944762549179618
path,-13.117588352744454,-8.944762549179618
path,-13.117588352744454,-8.944762549179618
path,-13.117587334089492,-8.944762639511882
path,-13.117587334089492,-8.944762639511882
path,-13.117587334089492,-8.944762639511882
path,-13.117587334089492,-8.944762639511882
path,-13.117587334089492,-8.944762639511882
path,-13.117586315420974,-8.944762729847536
path,-13.117586315420974,-8.944762729847536
path,-13.117586315420974,-8.944762729847536
path,-13.117586315420974,-8.944762729847536
path,-13.117585296741018,-8.944762820184925
path,-13.117585296741018,-8.944762820184925
path,-13.117585296741018,-8.944762820184925
path,-13.117585296741018,-8.944762820184925
path,-13.117585296741018,-8.944762820184925
path,-13.117584278049064,-8.944762910524618
path,-13.117584278049064,-8.944762910524618
path,-13.117584278049064,-8.944762910524618
path,-13.117584278049064,-8.944762910524618
path,-13.117583259340382,-8.944763000869635
path,-13.117583259340382,-8.944763000869635
path,-13.117583259340382,-8.944763000869635
path,-13.117583259340382,-8.944763000869635
path,-13.117582240619727,-8.944763091216641
path,-13.117582240619727,-8.944763091216641
path,-13.117582240619727,-8.944763091216641
path,-13.117582240619727,-8.944763091216641
path,-13.117582240619727,-8.944763091216641
path,-13.117581221886832,-8.944763181565913
path,-13.117581221886832,-8.944763181565913
path,-13.117581221886832,-8.944763181565913
path,-13.117581221886832,-8.944763181565913
path,-13.117580203146321,-8.944763271914562
path,-13.117580203146321,-8.944763271914562
path,-13.117580203146321,-8.944763271914562
path,-13.117580203146321,-8.944763271914562
path,-13.117580203146321,-8.944763271914562
path,-13.117579184387235,-8.944763362270034
path,-13.117579184387235,-8.944763362270034
path,-13.117579184387235,-8.944763362270034
path,-13.117579184387235,-8.944763362270034
path,-13.117578165617413,-8.94476345262687
path,-13.117578165617413,-8.94476345262687
path,-13.117578165617413,-8.94476345262687
path,-13.117578165617413,-8.94476345262687
path,-13.117577146834325,-8.944763542986749
path,-13.117577146834325,-8.944763542986749
path,-13.117577146834325,-8.944763542986749
path,-13.117577146834325,-8.944763542986749
path,-13.117577146834325,-8.944763542986749
path,-13.117576128037522,-8.944763633349812
path,-13.117576128037522,-8.944763633349812
path,-13.117576128037522,-8.944763633349812
path,-13.117576128037522,-8.944763633349812
path,-13.117575109229868,-8.944763723714281
path,-13.117575109229868,-8.944763723714281
path,-13.117575109229868,-8.944763723714281
path,-13.117575109229868,-8.944763723714281
path,-13.117575109229868,-8.944763723714281
path,-13.117574090409459,-8.944763814081528
path,-13.117574090409459,-8.944763814081528
path,-13.117574090409459,-8.944763814081528
path,-13.117574090409459,-8.944763814081528
path,-13.117573071578038,-8.944763904450475
path,-13.117573071578038,-8.944763904450475
path,-13.117573071578038,-8.944763904450475
path,-13.117573071578038,-8.944763904450475
path,-13.11757205273124,-8.944763994823953
path,-13.11757205273124,-8.944763994823953
path,-13.11757205273124,-8.944763994823953
path,-13.11757205273124,-8.944763994823953
path,-13.11757205273124,-8.944763994823953
path,-13.117571033873729,-8.944764085198717
path,-13.117571033873729,-8.944764085198717
path,-13.117571033873729,-8.944764085198717
path,-13.117571033873729,-8.944764085198717
path,-13.117570015001343,-8.944764175577781
path,-13.117570015001343,-8.944764175577781
path,-13.117570015001343,-8.944764175577781
path,-13.117570015001343,-8.944764175577781
path,-13.117570015001343,-8.944764175577781
path,-13.11756899611751,-8.944764265958579
path,-13.11756899611751,-8.944764265958579
path,-13.11756899611751,-8.944764265958579
path,-13.11756899611751,-8.944764265958579
path,-13.11756797721833,-8.944764356343619
path,-13.11756797721833,-8.944764356343619
path,-13.11756797721833,-8.944764356343619
path,-13.11756797721833,-8.944764356343619
path,-13.117566958308027,-8.944764446730282
path,-13.117566958308027,-8.944764446730282
path,-13.117566958308027,-8.944764446730282
path,-13.117566958308027,-8.944764446730282
path,-13.117566958308027,-8.944764446730282
path,-13.11756593938514,-8.944764537119461
path,-13.11756593938514,-8.944764537119461
path,-13.11756593938514,-8.944764537119461
path,-13.11756593938514,-8.944764537119461
path,-13.117564920444071,-8.94476462751493
path,-13.117564920444071,-8.94476462751493
path,-13.117564920444071,-8.94476462751493
path,-13.117564920444071,-8.94476462751493
path,-13.117564920444071,-8.94476462751493
path,-13.117563901496297,-8.944764717908658
path,-13.117563901496297,-8.944764717908658
path,-13.117563901496297,-8.944764717908658
path,-13.117563901496297,-8.944764717908658
path,-13.117562882534376,-8.944764808306212
path,-13.117562882534376,-8.944764808306212
path,-13.117562882534376,-8.944764808306212
path,-13.117562882534376,-8.944764808306212
path,-13.117561863556528,-8.944764898708419
path,-13.117561863556528,-8.944764898708419
path,-13.117561863556528,-8.944764898708419
path,-13.117561863556528,-8.944764898708419
path,-13.117561863556528,-8.944764898708419
path,-13.117560844567858,-8.944764989111851
path,-13.117560844567858,-8.944764989111851
path,-13.117560844567858,-8.944764989111851
path,-13.117560844567858,-8.944764989111851
path,-13.11755982556667,-8.944765079517746
path,-13.11755982556667,-8.944765079517746
path,-13.11755982556667,-8.944765079517746
path,-13.11755982556667,-8.944765079517746
path,-13.11755982556667,-8.944765079517746
path,-13.117558806555948,-8.944765169924317
path,-13.117558806555948,-8.944765169924317
path,-13.117558806555948,-8.944765169924317
path,-13.117558806555948,-8.944765169924317
path,-13.11755778753355,-8.94476526033315
path,-13.11755778753355,-8.94476526033315
path,-13.11755778753355,-8.94476526033315
path,-13.11755778753355,-8.94476526033315
path,-13.117556768495087,-8.944765350747183
path,-13.117556768495087,-8.944765350747183
path,-13.117556768495087,-8.944765350747183
path,-13.117556768495087,-8.944765350747183
path,-13.117556768495087,-8.944765350747183
path,-13.117555749444271,-8.944765441163607
path,-13.117555749444271,-8.944765441163607
path,-13.117555749444271,-8.944765441163607
path,-13.117555749444271,-8.944765441163607
path,-13.11755473038111,-8.944765531582508
path,-13.11755473038111,-8.944765531582508
path,-13.11755473038111,-8.944765531582508
path,-13.11755473038111,-8.944765531582508
path,-13.11755473038111,-8.944765531582508
path,-13.11755371130257,-8.944765622005775
path,-13.11755371130257,-8.944765622005775
path,-13.11755371130257,-8.944765622005775
path,-13.11755371130257,-8.944765622005775
path,-13.117552692214003,-8.944765712429756
path,-13.117552692214003,-8.944765712429756
path,-13.117552692214003,-8.944765712429756
path,-13.117552692214003,-8.944765712429756
path,-13.117551673114022,-8.944765802855608
path,-13.117551673114022,-8.944765802855608
path,-13.117551673114022,-8.944765802855608
path,-13.117551673114022,-8.944765802855608
path,-13.117551673114022,-8.944765802855608
path,-13.117550653999396,-8.944765893285517
path,-13.117550653999396,-8.944765893285517
path,-13.117550653999396,-8.944765893285517
path,-13.117550653999396,-8.944765893285517
path,-13.11754963487309,-8.944765983717375
path,-13.11754963487309,-8.944765983717375
path,-13.11754963487309,-8.944765983717375
path,-13.11754963487309,-8.944765983717375
path,-13.11754963487309,-8.944765983717375
path,-13.117548615731476,-8.944766074153842
path,-13.117548615731476,-8.944766074153842
path,-13.117548615731476,-8.944766074153842
path,-13.117548615731476,-8.944766074153842
path,-13.11754759657724,-8.94476616459259
path,-13.11754759657724,-8.94476616459259
path,-13.11754759657724,-8.94476616459259
path,-13.11754759657724,-8.94476616459259
path,-13.117546577412883,-8.944766255032187
path,-13.117546577412883,-8.944766255032187
path,-13.117546577412883,-8.944766255032187
path,-13.117546577412883,-8.944766255032187
path,-13.117546577412883,-8.944766255032187
path,-13.117545558235278,-8.94476634547502
path,-13.117545558235278,-8.94476634547502
path,-13.117545558235278,-8.94476634547502
path,-13.117545558235278,-8.94476634547502
path,-13.117544539044102,-8.944766435921148
path,-13.117544539044102,-8.944766435921148
path,-13.117544539044102,-8.944766435921148
path,-13.117544539044102,-8.944766435921148
path,-13.117544539044102,-8.944766435921148
path,-13.117543519838682,-8.94476652637091
path,-13.117543519838682,-8.94476652637091
path,-13.117543519838682,-8.94476652637091
path,-13.117543519838682,-8.94476652637091
path,-13.117542500621658,-8.944766616822386
path,-13.117542500621658,-8.944766616822386
path,-13.117542500621658,-8.944766616822386
path,-13.117542500621658,-8.944766616822386
path,-13.117541481392687,-8.944766707275985
path,-13.117541481392687,-8.944766707275985
path,-13.117541481392687,-8.944766707275985
path,-13.117541481392687,-8.944766707275985
path,-13.117541481392687,-8.944766707275985
path,-13.117540462153238,-8.944766797730964
path,-13.117540462153238,-8.944766797730964
path,-13.117540462153238,-8.944766797730964
path,-13.117540462153238,-8.944766797730964
path,-13.11753944289621,-8.944766888192143
path,-13.11753944289621,-8.944766888192143
path,-13.11753944289621,-8.944766888192143
path,-13.11753944289621,-8.944766888192143
path,-13.11753944289621,-8.944766888192143
path,-13.117538423626955,-8.944766978655322
path,-13.117538423626955,-8.944766978655322
path,-13.117538423626955,-8.944766978655322
path,-13.117538423626955,-8.944766978655322
path,-13.117537404342789,-8.9447670691224
path,-13.117537404342789,-8.9447670691224
path,-13.117537404342789,-8.9447670691224
path,-13.117537404342789,-8.9447670691224
path,-13.11753638505568,-8.94476715958563
path,-13.11753638505568,-8.94476715958563
path,-13.11753638505568,-8.94476715958563
path,-13.11753638505568,-8.94476715958563
path,-13.11753638505568,-8.94476715958563
path,-13.11753536575003,-8.944767250055952
path,-13.11753536575003,-8.944767250055952
path,-13.11753536575003,-8.944767250055952
path,-13.11753536575003,-8.944767250055952
path,-13.117534346432059,-8.944767340528639
path,-13.117534346432059,-8.944767340528639
path,-13.117534346432059,-8.944767340528639
path,-13.117534346432059,-8.944767340528639
path,-13.117534346432059,-8.944767340528639
path,-13.117533327098567,-8.944767431005916
path,-13.117533327098567,-8.944767431005916
path,-13.117533327098567,-8.944767431005916
path,-13.117533327098567,-8.944767431005916
path,-13.117532307752535,-8.944767521485335
path,-13.117532307752535,-8.944767521485335
path,-13.117532307752535,-8.944767521485335
path,-13.117532307752535,-8.944767521485335
path,-13.117531288398013,-8.944767611964606
path,-13.117531288398013,-8.944767611964606
path,-13.117531288398013,-8.944767611964606
path,-13.117531288398013,-8.944767611964606
path,-13.117531288398013,-8.944767611964606
path,-13.117530269026208,-8.944767702449779
path,-13.117530269026208,-8.944767702449779
path,-13.117530269026208,-8.944767702449779
path,-13.117530269026208,-8.944767702449779
path,-13.11752924964609,-8.94476779293444
path,-13.11752924964609,-8.94476779293444
path,-13.11752924964609,-8.94476779293444
path,-13.11752924964609,-8.94476779293444
path,-13.11752924964609,-8.94476779293444
path,-13.117528230250315,-8.944767883424216
path,-13.117528230250315,-8.944767883424216
path,-13.117528230250315,-8.944767883424216
path,-13.117528230250315,-8.944767883424216
path,-13.117527210843464,-8.944767973915479
path,-13.117527210843464,-8.944767973915479
path,-13.117527210843464,-8.944767973915479
path,-13.117527210843464,-8.944767973915479
path,-13.117526191420659,-8.944768064411557
path,-13.117526191420659,-8.944768064411557
path,-13.117526191420659,-8.944768064411557
path,-13.117526191420659,-8.944768064411557
path,-13.117526191420659,-8.944768064411557
path,-13.117525171987024,-8.94476815490884
path,-13.117525171987024,-8.94476815490884
path,-13.117525171987024,-8.94476815490884
path,-13.117525171987024,-8.94476815490884
path,-13.11752415254001,-8.944768245409193
path,-13.11752415254001,-8.944768245409193
path,-13.11752415254001,-8.944768245409193
path,-13.11752415254001,-8.944768245409193
path,-13.11752415254001,-8.944768245409193
path,-13.117523133081486,-8.944768335911286
path,-13.117523133081486,-8.944768335911286
path,-13.117523133081486,-8.944768335911286
path,-13.117523133081486,-8.944768335911286
path,-13.117522113608004,-8.944768426417701
path,-13.117522113608004,-8.944768426417701
path,-13.117522113608004,-8.944768426417701
path,-13.117522113608004,-8.944768426417701
path,-13.117521094124863,-8.944768516924555
path,-13.117521094124863,-8.944768516924555
path,-13.117521094124863,-8.944768516924555
path,-13.117521094124863,-8.944768516924555
path,-13.117521094124863,-8.944768516924555
path,-13.11752007462758,-8.944768607435238
path,-13.11752007462758,-8.944768607435238
path,-13.11752007462758,-8.944768607435238
path,-13.11752007462758,-8.944768607435238
path,-13.117519055117306,-8.944768697948813
path,-13.117519055117306,-8.944768697948813
path,-13.117519055117306,-8.944768697948813
path,-13.117519055117306,-8.944768697948813
path,-13.117519055117306,-8.944768697948813
path,-13.117518035595248,-8.944768788464467
path,-13.117518035595248,-8.944768788464467
path,-13.117518035595248,-8.944768788464467
path,-13.117518035595248,-8.944768788464467
path,-13.117517016064555,-8.944768878980234
path,-13.117517016064555,-8.944768878980234
path,-13.117517016064555,-8.944768878980234
path,-13.117517016064555,-8.944768878980234
path,-13.117515996517488,-8.944768969501409
path,-13.117515996517488,-8.944768969501409
path,-13.117515996517488,-8.944768969501409
path,-13.117515996517488,-8.944768969501409
path,-13.117515996517488,-8.944768969501409
path,-13.117514976958557,-8.944769060024756
path,-13.117514976958557,-8.944769060024756
path,-13.117514976958557,-8.944769060024756
path,-13.117514976958557,-8.944769060024756
path,-13.117513957386912,-8.944769150550853
path,-13.117513957386912,-8.944769150550853
path,-13.117513957386912,-8.944769150550853
path,-13.117513957386912,-8.944769150550853
path,-13.117513957386912,-8.944769150550853
path,-13.117512937801028,-8.944769241080666
path,-13.117512937801028,-8.944769241080666
path,-13.117512937801028,-8.944769241080666
path,-13.117512937801028,-8.944769241080666
path,-13.117511918201807,-8.94476933161345
path,-13.117511918201807,-8.94476933161345
path,-13.117511918201807,-8.94476933161345
path,-13.117511918201807,-8.94476933161345
path,-13.117510898589297,-8.94476942214913
path,-13.117510898589297,-8.94476942214913
path,-13.117510898589297,-8.94476942214913
path,-13.117510898589297,-8.94476942214913
path,-13.117510898589297,-8.94476942214913
path,-13.117509878964238,-8.944769512687198
path,-13.117509878964238,-8.944769512687198
path,-13.117509878964238,-8.944769512687198
path,-13.117509878964238,-8.944769512687198
path,-13.117508859324232,-8.944769603229284
path,-13.117508859324232,-8.944769603229284
path,-13.117508859324232,-8.944769603229284
path,-13.117508859324232,-8.944769603229284
path,-13.117508859324232,-8.944769603229284
path,-13.117507839672676,-8.944769693773038
path,-13.117507839672676,-8.944769693773038
path,-13.117507839672676,-8.944769693773038
path,-13.117507839672676,-8.944769693773038
path,-13.117506820008897,-8.944769784319009
path,-13.117506820008897,-8.944769784319009
path,-13.117506820008897,-8.944769784319009
path,-13.117506820008897,-8.944769784319009
path,-13.117505800329925,-8.944769874869367
path,-13.117505800329925,-8.944769874869367
path,-13.117505800329925,-8.944769874869367
path,-13.117505800329925,-8.944769874869367
path,-13.117505800329925,-8.944769874869367
path,-13.11750478064201,-8.944769965419704
path,-13.11750478064201,-8.944769965419704
path,-13.11750478064201,-8.944769965419704
path,-13.11750478064201,-8.944769965419704
path,-13.117503760941217,-8.94477005597294
path,-13.117503760941217,-8.94477005597294
path,-13.117503760941217,-8.94477005597294
path,-13.117503760941217,-8.94477005597294
path,-13.117503760941217,-8.94477005597294
path,-13.117502741230506,-8.944770146527022
path,-13.117502741230506,-8.944770146527022
path,-13.117502741230506,-8.944770146527022
path,-13.117502741230506,-8.944770146527022
path,-13.117501721502647,-8.944770237087042
path,-13.117501721502647,-8.944770237087042
path,-13.117501721502647,-8.944770237087042
path,-13.117501721502647,-8.944770237087042
path,-13.117500701765099,-8.944770327647705
path,-13.117500701765099,-8.944770327647705
path,-13.117500701765099,-8.944770327647705
path,-13.117500701765099,-8.944770327647705
path,-13.117500701765099,-8.944770327647705
path,-13.11749968201299,-8.944770418212599
path,-13.11749968201299,-8.944770418212599
path,-13.11749968201299,-8.944770418212599
path,-13.11749968201299,-8.944770418212599
path,-13.117498662246817,-8.944770508780886
path,-13.117498662246817,-8.944770508780886
path,-13.117498662246817,-8.944770508780886
path,-13.117498662246817,-8.944770508780886
path,-13.117498662246817,-8.944770508780886
path,-13.117497642468656,-8.94477059935115
path,-13.117497642468656,-8.94477059935115
path,-13.117497642468656,-8.94477059935115
path,-13.117497642468656,-8.94477059935115
path,-13.11749662267916,-8.944770689923116
path,-13.11749662267916,-8.944770689923116
path,-13.11749662267916,-8.944770689923116
path,-13.11749662267916,-8.944770689923116
path,-13.117495602875834,-8.944770780498533
path,-13.117495602875834,-8.944770780498533
path,-13.117495602875834,-8.944770780498533
path,-13.117495602875834,-8.944770780498533
path,-13.117495602875834,-8.944770780498533
path,-13.117494583063948,-8.944770871074025
path,-13.117494583063948,-8.944770871074025
path,-13.117494583063948,-8.944770871074025
path,-13.117494583063948,-8.944770871074025
path,-13.11749356323457,-8.944770961655589
path,-13.11749356323457,-8.944770961655589
path,-13.11749356323457,-8.944770961655589
path,-13.11749356323457,-8.944770961655589
path,-13.11749356323457,-8.944770961655589
path,-13.117492543391236,-8.944771052240572
path,-13.117492543391236,-8.944771052240572
path,-13.117492543391236,-8.944771052240572
path,-13.117492543391236,-8.944771052240572
path,-13.117491523539766,-8.944771142824909
path,-13.117491523539766,-8.944771142824909
path,-13.117491523539766,-8.944771142824909
path,-13.117491523539766,-8.944771142824909
path,-13.117490503674352,-8.94477123341299
path,-13.117490503674352,-8.94477123341299
path,-13.117490503674352,-8.94477123341299
path,-13.117490503674352,-8.94477123341299
path,-13.117490503674352,-8.94477123341299
path,-13.117489483795195,-8.94477132400446
path,-13.117489483795195,-8.94477132400446
path,-13.117489483795195,-8.94477132400446
path,-13.117489483795195,-8.94477132400446
path,-13.11748846389786,-8.944771414602256
path,-13.11748846389786,-8.944771414602256
path,-13.11748846389786,-8.944771414602256
path,-13.11748846389786,-8.944771414602256
path,-13.11748846389786,-8.944771414602256
path,-13.117487443994062,-8.94477150519799
path,-13.117487443994062,-8.94477150519799
path,-13.117487443994062,-8.94477150519799
path,-13.117487443994062,-8.94477150519799
path,-13.117486424077816,-8.944771595796615
path,-13.117486424077816,-8.944771595796615
path,-13.117486424077816,-8.944771595796615
path,-13.117486424077816,-8.944771595796615
path,-13.117485404147097,-8.944771686399028
path,-13.117485404147097,-8.944771686399028
path,-13.117485404147097,-8.944771686399028
path,-13.117485404147097,-8.944771686399028
path,-13.117485404147097,-8.944771686399028
path,-13.117484384205948,-8.944771777002593
path,-13.117484384205948,-8.944771777002593
path,-13.117484384205948,-8.944771777002593
path,-13.117484384205948,-8.944771777002593
path,-13.11748336425161,-8.944771867609338
path,-13.11748336425161,-8.944771867609338
path,-13.11748336425161,-8.944771867609338
path,-13.11748336425161,-8.944771867609338
path,-13.11748336425161,-8.944771867609338
path,-13.11748234428106,-8.944771958221157
path,-13.11748234428106,-8.944771958221157
path,-13.11748234428106,-8.944771958221157
path,-13.11748234428106,-8.944771958221157
path,-13.117481324300178,-8.944772048833762
path,-13.117481324300178,-8.944772048833762
path,-13.117481324300178,-8.944772048833762
path,-13.117481324300178,-8.944772048833762
path,-13.1174803043043,-8.944772139450606
path,-13.1174803043043,-8.944772139450606
path,-13.1174803043043,-8.944772139450606
path,-13.1174803043043,-8.944772139450606
path,-13.1174803043043,-8.944772139450606
path,-13.117479284294795,-8.944772230070475
path,-13.117479284294795,-8.944772230070475
path,-13.117479284294795,-8.944772230070475
path,-13.117479284294795,-8.944772230070475
path,-13.117478264277965,-8.944772320689397
path,-13.117478264277965,-8.944772320689397
path,-13.117478264277965,-8.944772320689397
path,-13.117478264277965,-8.944772320689397
path,-13.117478264277965,-8.944772320689397
path,-13.117477244242538,-8.944772411315137
path,-13.117477244242538,-8.944772411315137
path,-13.117477244242538,-8.944772411315137
path,-13.117477244242538,-8.944772411315137
path,-13.117476224196194,-8.94477250194215
path,-13.117476224196194,-8.94477250194215
path,-13.117476224196194,-8.94477250194215
path,-13.117476224196194,-8.94477250194215
path,-13.117475204136243,-8.944772592572384
path,-13.117475204136243,-8.944772592572384
path,-13.117475204136243,-8.944772592572384
path,-13.117475204136243,-8.944772592572384
path,-13.117475204136243,-8.944772592572384
path,-13.117474184066293,-8.944772683203292
path,-13.117474184066293,-8.944772683203292
path,-13.117474184066293,-8.944772683203292
path,-13.117474184066293,-8.944772683203292
path,-13.117473163984476,-8.944772773836632
path,-13.117473163984476,-8.944772773836632
path,-13.117473163984476,-8.944772773836632
path,-13.117473163984476,-8.944772773836632
path,-13.117473163984476,-8.944772773836632
path,-13.117472143885955,-8.944772864475393
path,-13.117472143885955,-8.944772864475393
path,-13.117472143885955,-8.944772864475393
path,-13.117472143885955,-8.944772864475393
path,-13.117471123776625,-8.944772955115392
path,-13.117471123776625,-8.944772955115392
path,-13.117471123776625,-8.944772955115392
path,-13.117471123776625,-8.944772955115392
path,-13.117470103655842,-8.94477304575719
path,-13.117470103655842,-8.94477304575719
path,-13.117470103655842,-8.94477304575719
path,-13.117470103655842,-8.94477304575719
path,-13.117470103655842,-8.94477304575719
path,-13.11746908352245,-8.944773136401826
path,-13.11746908352245,-8.944773136401826
path,-13.11746908352245,-8.944773136401826
path,-13.11746908352245,-8.944773136401826
path,-13.117468063378112,-8.944773227048127
path,-13.117468063378112,-8.944773227048127
path,-13.117468063378112,-8.944773227048127
path,-13.117468063378112,-8.944773227048127
path,-13.117468063378112,-8.944773227048127
path,-13.117467043220326,-8.944773317697674
path,-13.117467043220326,-8.944773317697674
path,-13.117467043220326,-8.944773317697674
path,-13.117467043220326,-8.944773317697674
path,-13.117466023049346,-8.944773408350445
path,-13.117466023049346,-8.944773408350445
path,-13.117466023049346,-8.944773408350445
path,-13.117466023049346,-8.944773408350445
path,-13.117465002863584,-8.944773499007216
path,-13.117465002863584,-8.944773499007216
path,-13.117465002863584,-8.944773499007216
path,-13.117465002863584,-8.944773499007216
path,-13.117465002863584,-8.944773499007216
path,-13.11746398266293,-8.944773589667799
path,-13.11746398266293,-8.944773589667799
path,-13.11746398266293,-8.944773589667799
path,-13.11746398266293,-8.944773589667799
path,-13.11746296245386,-8.944773680328062
path,-13.11746296245386,-8.944773680328062
path,-13.11746296245386,-8.944773680328062
path,-13.11746296245386,-8.944773680328062
path,-13.11746296245386,-8.944773680328062
path,-13.117461942229554,-8.944773770992764
path,-13.117461942229554,-8.944773770992764
path,-13.117461942229554,-8.944773770992764
path,-13.117461942229554,-8.944773770992764
path,-13.117460921991439,-8.944773861660812
path,-13.117460921991439,-8.944773861660812
path,-13.117460921991439,-8.944773861660812
path,-13.117460921991439,-8.944773861660812
path,-13.117459901743473,-8.944773952329456
path,-13.117459901743473,-8.944773952329456
path,-13.117459901743473,-8.944773952329456
path,-13.117459901743473,-8.944773952329456
path,-13.117459901743473,-8.944773952329456
path,-13.117458881480026,-8.944774043002681
path,-13.117458881480026,-8.944774043002681
path,-13.117458881480026,-8.944774043002681
path,-13.117458881480026,-8.944774043002681
path,-13.11745786120612,-8.944774133676974
path,-13.11745786120612,-8.944774133676974
path,-13.11745786120612,-8.944774133676974
path,-13.11745786120612,-8.944774133676974
path,-13.11745786120612,-8.944774133676974
path,-13.117456840917342,-8.944774224355555
path,-13.117456840917342,-8.944774224355555
path,-13.117456840917342,-8.944774224355555
path,-13.117456840917342,-8.944774224355555
path,-13.117455820617238,-8.944774315035566
path,-13.117455820617238,-8.944774315035566
path,-13.117455820617238,-8.944774315035566
path,-13.117455820617238,-8.944774315035566
path,-13.11745480030459,-8.944774405718219
path,-13.11745480030459,-8.944774405718219
path,-13.11745480030459,-8.944774405718219
path,-13.11745480030459,-8.944774405718219
path,-13.11745480030459,-8.944774405718219
path,-13.117453779979506,-8.944774496403605
path,-13.117453779979506,-8.944774496403605
path,-13.117453779979506,-8.944774496403605
path,-13.117453779979506,-8.944774496403605
path,-13.117452759640605,-8.944774587092478
path,-13.117452759640605,-8.944774587092478
path,-13.117452759640605,-8.944774587092478
path,-13.117452759640605,-8.944774587092478
path,-13.117452759640605,-8.944774587092478
path,-13.117451739289724,-8.944774677783284
path,-13.117451739289724,-8.944774677783284
path,-13.117451739289724,-8.944774677783284
path,-13.117451739289724,-8.944774677783284
path,-13.11745071892296,-8.944774768478927
path,-13.11745071892296,-8.944774768478927
path,-13.11745071892296,-8.944774768478927
path,-13.11745071892296,-8.944774768478927
path,-13.117449698546386,-8.944774859175256
path,-13.117449698546386,-8.944774859175256
path,-13.117449698546386,-8.944774859175256
path,-13.117449698546386,-8.944774859175256
path,-13.117449698546386,-8.944774859175256
path,-13.11744867815624,-8.944774949874667
path,-13.11744867815624,-8.944774949874667
path,-13.11744867815624,-8.944774949874667
path,-13.11744867815624,-8.944774949874667
path,-13.117447657753791,-8.944775040576534
path,-13.117447657753791,-8.944775040576534
path,-13.117447657753791,-8.944775040576534
path,-13.117447657753791,-8.944775040576534
path,-13.117447657753791,-8.944775040576534
path,-13.117446637337048,-8.944775131282096
path,-13.117446637337048,-8.944775131282096
path,-13.117446637337048,-8.944775131282096
path,-13.117446637337048,-8.944775131282096
path,-13.117445616911802,-8.944775221987374
path,-13.117445616911802,-8.944775221987374
path,-13.117445616911802,-8.944775221987374
path,-13.117445616911802,-8.944775221987374
path,-13.117444596471707,-8.944775312697155
path,-13.117444596471707,-8.944775312697155
path,-13.117444596471707,-8.944775312697155
path,-13.117444596471707,-8.944775312697155
path,-13.117444596471707,-8.944775312697155
path,-13.117443576017303,-8.944775403410583
path,-13.117443576017303,-8.944775403410583
path,-13.117443576017303,-8.944775403410583
path,-13.117443576017303,-8.944775403410583
path,-13.117442555548646,-8.944775494127494
path,-13.117442555548646,-8.944775494127494
path,-13.117442555548646,-8.944775494127494
path,-13.117442555548646,-8.944775494127494
path,-13.117442555548646,-8.944775494127494
path,-13.11744153507264,-8.944775584843454
path,-13.11744153507264,-8.944775584843454
path,-13.11744153507264,-8.944775584843454
path,-13.11744153507264,-8.944775584843454
path,-13.117440514578982,-8.944775675565591
path,-13.117440514578982,-8.944775675565591
path,-13.117440514578982,-8.944775675565591
path,-13.117440514578982,-8.944775675565591
path,-13.117439494074876,-8.944775766288656
path,-13.117439494074876,-8.944775766288656
path,-13.117439494074876,-8.944775766288656
path,-13.117439494074876,-8.944775766288656
path,-13.117439494074876,-8.944775766288656
path,-13.117438473556858,-8.94477585701535
path,-13.117438473556858,-8.94477585701535
path,-13.117438473556858,-8.94477585701535
path,-13.117438473556858,-8.94477585701535
path,-13.117437453025273,-8.944775947745319
path,-13.117437453025273,-8.944775947745319
path,-13.117437453025273,-8.944775947745319
path,-13.117437453025273,-8.944775947745319
path,-13.117437453025273,-8.944775947745319
path,-13.117436432480213,-8.944776038478164
path,-13.117436432480213,-8.944776038478164
path,-13.117436432480213,-8.944776038478164
path,-13.117436432480213,-8.944776038478164
path,-13.11743541192685,-8.944776129210616
path,-13.11743541192685,-8.944776129210616
path,-13.11743541192685,-8.944776129210616
path,-13.11743541192685,-8.944776129210616
path,-13.117434391361392,-8.944776219945618
path,-13.117434391361392,-8.944776219945618
path,-13.117434391361392,-8.944776219945618
path,-13.117434391361392,-8.944776219945618
path,-13.117434391361392,-8.944776219945618
path,-13.117433370780184,-8.944776310685526
path,-13.117433370780184,-8.944776310685526
path,-13.117433370780184,-8.944776310685526
path,-13.117433370780184,-8.944776310685526
path,-13.117432350185384,-8.944776401428628
path,-13.117432350185384,-8.944776401428628
path,-13.117432350185384,-8.944776401428628
path,-13.117432350185384,-8.944776401428628
path,-13.117432350185384,-8.944776401428628
path,-13.117431329577597,-8.94477649217441
path,-13.117431329577597,-8.94477649217441
path,-13.117431329577597,-8.94477649217441
path,-13.117431329577597,-8.94477649217441
path,-13.117430308958482,-8.944776582921987
path,-13.117430308958482,-8.944776582921987
path,-13.117430308958482,-8.944776582921987
path,-13.117430308958482,-8.944776582921987
path,-13.117429288328053,-8.944776673671317
path,-13.117429288328053,-8.944776673671317
path,-13.117429288328053,-8.944776673671317
path,-13.117429288328053,-8.944776673671317
path,-13.117429288328053,-8.944776673671317
path,-13.117428267681339,-8.944776764425834
path,-13.117428267681339,-8.944776764425834
path,-13.117428267681339,-8.944776764425834
path,-13.117428267681339,-8.944776764425834
path,-13.117427247024946,-8.944776855180784
path,-13.117427247024946,-8.944776855180784
path,-13.117427247024946,-8.944776855180784
path,-13.117427247024946,-8.944776855180784
path,-13.117427247024946,-8.944776855180784
path,-13.11742622635527,-8.944776945938886
path,-13.11742622635527,-8.944776945938886
path,-13.11742622635527,-8.944776945938886
path,-13.11742622635527,-8.944776945938886
path,-13.117425205673147,-8.944777036699612
path,-13.117425205673147,-8.944777036699612
path,-13.117425205673147,-8.944777036699612
path,-13.117425205673147,-8.944777036699612
path,-13.117424184981509,-8.944777127460949
path,-13.117424184981509,-8.944777127460949
path,-13.117424184981509,-8.944777127460949
path,-13.117424184981509,-8.944777127460949
path,-13.117424184981509,-8.944777127460949
path,-13.117423164272935,-8.944777218228063
path,-13.117423164272935,-8.944777218228063
path,-13.117423164272935,-8.944777218228063
path,-13.117423164272935,-8.944777218228063
path,-13.11742214355062,-8.944777308998326
path,-13.11742214355062,-8.944777308998326
path,-13.11742214355062,-8.944777308998326
path,-13.11742214355062,-8.944777308998326
path,-13.11742214355062,-8.944777308998326
path,-13.117421122814322,-8.944777399771871
path,-13.117421122814322,-8.944777399771871
path,-13.117421122814322,-8.944777399771871
path,-13.117421122814322,-8.944777399771871
path,-13.11742010207016,-8.9447774905447
path,-13.11742010207016,-8.9447774905447
path,-13.11742010207016,-8.9447774905447
path,-13.11742010207016,-8.9447774905447
path,-13.117419081309988,-8.944777581322677
path,-13.117419081309988,-8.944777581322677
path,-13.117419081309988,-8.944777581322677
path,-13.117419081309988,-8.944777581322677
path,-13.117419081309988,-8.944777581322677
path,-13.117418060538785,-8.944777672102148
path,-13.117418060538785,-8.944777672102148
path,-13.117418060538785,-8.944777672102148
path,-13.117418060538785,-8.944777672102148
path,-13.11741703975304,-8.944777762885563
path,-13.11741703975304,-8.944777762885563
path,-13.11741703975304,-8.944777762885563
path,-13.11741703975304,-8.944777762885563
path,-13.11741703975304,-8.944777762885563
path,-13.117416018953385,-8.944777853672274
path,-13.117416018953385,-8.944777853672274
path,-13.117416018953385,-8.944777853672274
path,-13.117416018953385,-8.944777853672274
path,-13.117414998141829,-8.944777944460935
path,-13.117414998141829,-8.944777944460935
path,-13.117414998141829,-8.944777944460935
path,-13.117414998141829,-8.944777944460935
path,-13.11741397731763,-8.944778035252009
path,-13.11741397731763,-8.944778035252009
path,-13.11741397731763,-8.944778035252009
path,-13.11741397731763,-8.944778035252009
path,-13.11741397731763,-8.944778035252009
path,-13.11741295648066,-8.944778126045803
path,-13.11741295648066,-8.944778126045803
path,-13.11741295648066,-8.944778126045803
path,-13.11741295648066,-8.944778126045803
path,-13.117411935631813,-8.944778216841678
path,-13.117411935631813,-8.944778216841678
path,-13.117411935631813,-8.944778216841678
path,-13.117411935631813,-8.944778216841678
path,-13.117411935631813,-8.944778216841678
path,-13.117410914768836,-8.944778307641073
path,-13.117410914768836,-8.944778307641073
path,-13.117410914768836,-8.944778307641073
path,-13.117410914768836,-8.944778307641073
path,-13.11740989389337,-8.944778398443178
path,-13.11740989389337,-8.944778398443178
path,-13.11740989389337,-8.944778398443178
path,-13.11740989389337,-8.944778398443178
path,-13.117408873008792,-8.944778489245525
path,-13.117408873008792,-8.944778489245525
path,-13.117408873008792,-8.944778489245525
path,-13.117408873008792,-8.944778489245525
path,-13.117408873008792,-8.944778489245525
path,-13.117407852105659,-8.944778580054644
path,-13.117407852105659,-8.944778580054644
path,-13.117407852105659,-8.944778580054644
path,-13.117407852105659,-8.944778580054644
path,-13.117406831194252,-8.944778670863121
path,-13.117406831194252,-8.944778670863121
path,-13.117406831194252,-8.944778670863121
path,-13.117406831194252,-8.944778670863121
path,-13.117406831194252,-8.944778670863121
path,-13.117405810270032,-8.944778761674732
path,-13.117405810270032,-8.944778761674732
path,-13.117405810270032,-8.944778761674732
path,-13.117405810270032,-8.944778761674732
path,-13.117404789328386,-8.944778852492117
path,-13.117404789328386,-8.944778852492117
path,-13.117404789328386,-8.944778852492117
path,-13.117404789328386,-8.944778852492117
path,-13.117403768380624,-8.944778943307433
path,-13.117403768380624,-8.944778943307433
path,-13.117403768380624,-8.944778943307433
path,-13.117403768380624,-8.944778943307433
path,-13.117403768380624,-8.944778943307433
path,-13.117402747416,-8.94477903412862
path,-13.117402747416,-8.94477903412862
path,-13.117402747416,-8.94477903412862
path,-13.117402747416,-8.94477903412862
path,-13.117401726438764,-8.944779124952225
path,-13.117401726438764,-8.944779124952225
path,-13.117401726438764,-8.944779124952225
path,-13.117401726438764,-8.944779124952225
path,-13.117401726438764,-8.944779124952225
path,-13.11740070544865,-8.944779215778516
path,-13.11740070544865,-8.944779215778516
path,-13.11740070544865,-8.944779215778516
path,-13.11740070544865,-8.944779215778516
path,-13.117399684446536,-8.944779306606916
path,-13.117399684446536,-8.944779306606916
path,-13.117399684446536,-8.944779306606916
path,-13.117399684446536,-8.944779306606916
path,-13.117398663431889,-8.944779397437987
path,-13.117398663431889,-8.944779397437987
path,-13.117398663431889,-8.944779397437987
path,-13.117398663431889,-8.944779397437987
path,-13.117398663431889,-8.944779397437987
path,-13.117397642404123,-8.944779488272047
path,-13.117397642404123,-8.944779488272047
path,-13.117397642404123,-8.944779488272047
path,-13.117397642404123,-8.944779488272047
path,-13.117396621364366,-8.944779579108127
path,-13.117396621364366,-8.944779579108127
path,-13.117396621364366,-8.944779579108127
path,-13.117396621364366,-8.944779579108127
path,-13.117396621364366,-8.944779579108127
path,-13.117395600307821,-8.94477966994965
path,-13.117395600307821,-8.94477966994965
path,-13.117395600307821,-8.94477966994965
path,-13.117395600307821,-8.94477966994965
path,-13.117394579239818,-8.944779760792569
path,-13.117394579239818,-8.944779760792569
path,-13.117394579239818,-8.944779760792569
path,-13.117394579239818,-8.944779760792569
path,-13.117393558164649,-8.944779851634593
path,-13.117393558164649,-8.944779851634593
path,-13.117393558164649,-8.944779851634593
path,-13.117393558164649,-8.944779851634593
path,-13.117393558164649,-8.944779851634593
path,-13.117392537073282,-8.94477994248188
path,-13.117392537073282,-8.94477994248188
path,-13.117392537073282,-8.94477994248188
path,-13.117392537073282,-8.94477994248188
path,-13.1173915159664,-8.944780033333794
path,-13.1173915159664,-8.944780033333794
path,-13.1173915159664,-8.944780033333794
path,-13.1173915159664,-8.944780033333794
path,-13.1173915159664,-8.944780033333794
path,-13.117390494847514,-8.94478012418758
path,-13.117390494847514,-8.94478012418758
path,-13.117390494847514,-8.94478012418758
path,-13.117390494847514,-8.94478012418758
path,-13.117389473715228,-8.944780215044327
path,-13.117389473715228,-8.944780215044327
path,-13.117389473715228,-8.944780215044327
path,-13.117389473715228,-8.944780215044327
path,-13.11738845257291,-8.94478030590188
path,-13.11738845257291,-8.94478030590188
path,-13.11738845257291,-8.94478030590188
path,-13.11738845257291,-8.94478030590188
path,-13.11738845257291,-8.94478030590188
path,-13.11738743141816,-8.944780396762052
path,-13.11738743141816,-8.944780396762052
path,-13.11738743141816,-8.944780396762052
path,-13.11738743141816,-8.944780396762052
path,-13.117386410251635,-8.944780487624614
path,-13.117386410251635,-8.944780487624614
path,-13.117386410251635,-8.944780487624614
path,-13.117386410251635,-8.944780487624614
path,-13.117386410251635,-8.944780487624614
path,-13.117385389067735,-8.94478057849296
path,-13.117385389067735,-8.94478057849296
path,-13.117385389067735,-8.94478057849296
path,-13.117385389067735,-8.94478057849296
path,-13.11738436787562,-8.944780669360668
path,-13.11738436787562,-8.944780669360668
path,-13.11738436787562,-8.944780669360668
path,-13.11738436787562,-8.944780669360668
path,-13.117383346668039,-8.944780760233082
path,-13.117383346668039,-8.944780760233082
path,-13.117383346668039,-8.944780760233082
path,-13.117383346668039,-8.944780760233082
path,-13.117383346668039,-8.944780760233082
path,-13.117382325448588,-8.944780851107563
path,-13.117382325448588,-8.944780851107563
path,-13.117382325448588,-8.944780851107563
path,-13.117382325448588,-8.944780851107563
path,-13.117381304215494,-8.944780941985282
path,-13.117381304215494,-8.944780941985282
path,-13.117381304215494,-8.944780941985282
path,-13.117381304215494,-8.944780941985282
path,-13.117381304215494,-8.944780941985282
path,-13.117380282968693,-8.94478103286613
path,-13.117380282968693,-8.94478103286613
path,-13.117380282968693,-8.94478103286613
path,-13.117380282968693,-8.94478103286613
path,-13.117379261712456,-8.944781123747347
path,-13.117379261712456,-8.944781123747347
path,-13.117379261712456,-8.944781123747347
path,-13.117379261712456,-8.944781123747347
path,-13.117378240442997,-8.94478121463181
path,-13.117378240442997,-8.94478121463181
path,-13.117378240442997,-8.94478121463181
path,-13.117378240442997,-8.94478121463181
path,-13.117378240442997,-8.94478121463181
path,-13.117377219159396,-8.944781305519909
path,-13.117377219159396,-8.944781305519909
path,-13.117377219159396,-8.944781305519909
path,-13.117377219159396,-8.944781305519909
path,-13.117376197862443,-8.944781396411054
path,-13.117376197862443,-8.944781396411054
path,-13.117376197862443,-8.944781396411054
path,-13.117376197862443,-8.944781396411054
path,-13.117376197862443,-8.944781396411054
path,-13.117375176555406,-8.944781487303132
path,-13.117375176555406,-8.944781487303132
path,-13.117375176555406,-8.944781487303132
path,-13.117375176555406,-8.944781487303132
path,-13.117374155235138,-8.94478157819829
path,-13.117374155235138,-8.94478157819829
path,-13.117374155235138,-8.94478157819829
path,-13.117374155235138,-8.94478157819829
path,-13.117373133901534,-8.944781669096816
path,-13.117373133901534,-8.944781669096816
path,-13.117373133901534,-8.944781669096816
path,-13.117373133901534,-8.944781669096816
path,-13.117373133901534,-8.944781669096816
path,-13.117372112555136,-8.944781759998113
path,-13.117372112555136,-8.944781759998113
path,-13.117372112555136,-8.944781759998113
path,-13.117372112555136,-8.944781759998113
path,-13.117371091195718,-8.944781850902217
path,-13.117371091195718,-8.944781850902217
path,-13.117371091195718,-8.944781850902217
path,-13.117371091195718,-8.944781850902217
path,-13.117371091195718,-8.944781850902217
path,-13.117370069826709,-8.944781941806829
path,-13.117370069826709,-8.944781941806829
path,-13.117370069826709,-8.944781941806829
path,-13.117370069826709,-8.944781941806829
path,-13.117369048441171,-8.944782032716919
path,-13.117369048441171,-8.944782032716919
path,-13.117369048441171,-8.944782032716919
path,-13.117369048441171,-8.944782032716919
path,-13.117368027041037,-8.944782123630668
path,-13.117368027041037,-8.944782123630668
path,-13.117368027041037,-8.944782123630668
path,-13.117368027041037,-8.944782123630668
path,-13.117368027041037,-8.944782123630668
path,-13.11736700563219,-8.94478221454428
path,-13.11736700563219,-8.94478221454428
path,-13.11736700563219,-8.94478221454428
path,-13.11736700563219,-8.94478221454428
path,-13.117365984207161,-8.944782305462855
path,-13.117365984207161,-8.944782305462855
path,-13.117365984207161,-8.944782305462855
path,-13.117365984207161,-8.944782305462855
path,-13.117365984207161,-8.944782305462855
path,-13.11736496277216,-8.944782396382305
path,-13.11736496277216,-8.944782396382305
path,-13.11736496277216,-8.944782396382305
path,-13.11736496277216,-8.944782396382305
path,-13.117363941320633,-8.944782487306949
path,-13.117363941320633,-8.944782487306949
path,-13.117363941320633,-8.944782487306949
path,-13.117363941320633,-8.944782487306949
path,-13.117362919859175,-8.944782578232168
path,-13.117362919859175,-8.944782578232168
path,-13.117362919859175,-8.944782578232168
path,-13.117362919859175,-8.944782578232168
path,-13.117362919859175,-8.944782578232168
path,-13.117361898387363,-8.944782669158645
path,-13.117361898387363,-8.944782669158645
path,-13.117361898387363,-8.944782669158645
path,-13.117361898387363,-8.944782669158645
path,-13.117360876899383,-8.944782760090153
path,-13.117360876899383,-8.944782760090153
path,-13.117360876899383,-8.944782760090153
path,-13.117360876899383,-8.944782760090153
path,-13.117360876899383,-8.944782760090153
path,-13.117359855399338,-8.94478285102389
path,-13.117359855399338,-8.94478285102389
path,-13.117359855399338,-8.94478285102389
path,-13.117359855399338,-8.94478285102389
path,-13.117358833887206,-8.94478294195991
path,-13.117358833887206,-8.94478294195991
path,-13.117358833887206,-8.94478294195991
path,-13.117358833887206,-8.94478294195991
path,-13.11735781236185,-8.944783032898929
path,-13.11735781236185,-8.944783032898929
path,-13.11735781236185,-8.944783032898929
path,-13.11735781236185,-8.944783032898929
path,-13.11735781236185,-8.944783032898929
path,-13.117356790821852,-8.944783123841813
path,-13.117356790821852,-8.944783123841813
path,-13.117356790821852,-8.944783123841813
path,-13.117356790821852,-8.944783123841813
path,-13.117355769274054,-8.944783214784005
path,-13.117355769274054,-8.944783214784005
path,-13.117355769274054,-8.944783214784005
path,-13.117355769274054,-8.944783214784005
path,-13.117355769274054,-8.944783214784005
path,-13.11735474771483,-8.94478330572829
path,-13.11735474771483,-8.94478330572829
path,-13.11735474771483,-8.94478330572829
path,-13.11735474771483,-8.94478330572829
path,-13.117353726136415,-8.944783396679895
path,-13.117353726136415,-8.944783396679895
path,-13.117353726136415,-8.944783396679895
path,-13.117353726136415,-8.944783396679895
path,-13.11735270454917,-8.944783487631165
path,-13.11735270454917,-8.944783487631165
path,-13.11735270454917,-8.944783487631165
path,-13.11735270454917,-8.944783487631165
path,-13.11735270454917,-8.944783487631165
path,-13.117351682948028,-8.944783578586152
path,-13.117351682948028,-8.944783578586152
path,-13.117351682948028,-8.944783578586152
path,-13.117351682948028,-8.944783578586152
path,-13.117350661333841,-8.94478366954398
path,-13.117350661333841,-8.94478366954398
path,-13.117350661333841,-8.94478366954398
path,-13.117350661333841,-8.94478366954398
path,-13.117350661333841,-8.94478366954398
path,-13.117349639709309,-8.944783760502817
path,-13.117349639709309,-8.944783760502817
path,-13.117349639709309,-8.944783760502817
path,-13.117349639709309,-8.944783760502817
path,-13.117348618068535,-8.944783851466868
path,-13.117348618068535,-8.944783851466868
path,-13.117348618068535,-8.944783851466868
path,-13.117348618068535,-8.944783851466868
path,-13.117347596416302,-8.944783942432673
path,-13.117347596416302,-8.944783942432673
path,-13.117347596416302,-8.944783942432673
path,-13.117347596416302,-8.944783942432673
path,-13.117347596416302,-8.944783942432673
path,-13.117346574746366,-8.944784033404439
path,-13.117346574746366,-8.944784033404439
path,-13.117346574746366,-8.944784033404439
path,-13.117346574746366,-8.944784033404439
path,-13.117345553066906,-8.94478412437597
path,-13.117345553066906,-8.94478412437597
path,-13.117345553066906,-8.94478412437597
path,-13.117345553066906,-8.94478412437597
path,-13.117345553066906,-8.94478412437597
path,-13.11734453137721,-8.944784215348731
path,-13.11734453137721,-8.944784215348731
path,-13.11734453137721,-8.944784215348731
path,-13.11734453137721,-8.944784215348731
path,-13.117343509675482,-8.944784306323923
path,-13.117343509675482,-8.944784306323923
path,-13.117343509675482,-8.944784306323923
path,-13.117343509675482,-8.944784306323923
path,-13.117342487956456,-8.944784397305009
path,-13.117342487956456,-8.944784397305009
path,-13.117342487956456,-8.944784397305009
path,-13.117342487956456,-8.944784397305009
path,-13.117342487956456,-8.944784397305009
path,-13.117341466228645,-8.944784488285839
path,-13.117341466228645,-8.944784488285839
path,-13.117341466228645,-8.944784488285839
path,-13.117341466228645,-8.944784488285839
path,-13.117340444487597,-8.944784579269772
path,-13.117340444487597,-8.944784579269772
path,-13.117340444487597,-8.944784579269772
path,-13.117340444487597,-8.944784579269772
path,-13.117340444487597,-8.944784579269772
path,-13.117339422732154,-8.94478467025763
path,-13.117339422732154,-8.94478467025763
path,-13.117339422732154,-8.94478467025763
path,-13.117339422732154,-8.94478467025763
path,-13.117338400963071,-8.944784761248743
path,-13.117338400963071,-8.944784761248743
path,-13.117338400963071,-8.944784761248743
path,-13.117338400963071,-8.944784761248743
path,-13.117337379182466,-8.944784852241591
path,-13.117337379182466,-8.944784852241591
path,-13.117337379182466,-8.944784852241591
path,-13.117337379182466,-8.944784852241591
path,-13.117337379182466,-8.944784852241591
path,-13.117336357390402,-8.944784943236145
path,-13.117336357390402,-8.944784943236145
path,-13.117336357390402,-8.944784943236145
path,-13.117336357390402,-8.944784943236145
path,-13.117335335583656,-8.944785034234954
path,-13.117335335583656,-8.944785034234954
path,-13.117335335583656,-8.944785034234954
path,-13.117335335583656,-8.944785034234954
path,-13.117335335583656,-8.944785034234954
path,-13.117334313765651,-8.94478512523521
path,-13.117334313765651,-8.94478512523521
path,-13.117334313765651,-8.94478512523521
path,-13.117334313765651,-8.94478512523521
path,-13.117333291933887,-8.944785216238989
path,-13.117333291933887,-8.944785216238989
path,-13.117333291933887,-8.944785216238989
path,-13.117333291933887,-8.944785216238989
path,-13.117332270090632,-8.944785307244581
path,-13.117332270090632,-8.944785307244581
path,-13.117332270090632,-8.944785307244581
path,-13.117332270090632,-8.944785307244581
path,-13.117332270090632,-8.944785307244581
path,-13.117331248233622,-8.944785398253618
path,-13.117331248233622,-8.944785398253618
path,-13.117331248233622,-8.944785398253618
path,-13.117331248233622,-8.944785398253618
path,-13.117330226363466,-8.944785489265394
path,-13.117330226363466,-8.944785489265394
path,-13.117330226363466,-8.944785489265394
path,-13.117330226363466,-8.944785489265394
path,-13.117330226363466,-8.944785489265394
path,-13.117329204481806,-8.944785580279015
path,-13.117329204481806,-8.944785580279015
path,-13.117329204481806,-8.944785580279015
path,-13.117329204481806,-8.944785580279015
path,-13.117328182587494,-8.944785671295552
path,-13.117328182587494,-8.944785671295552
path,-13.117328182587494,-8.944785671295552
path,-13.117328182587494,-8.944785671295552
path,-13.11732716067718,-8.944785762316865
path,-13.11732716067718,-8.944785762316865
path,-13.11732716067718,-8.944785762316865
path,-13.11732716067718,-8.944785762316865
path,-13.11732716067718,-8.944785762316865
path,-13.1173261387549,-8.944785853340026
path,-13.1173261387549,-8.944785853340026
path,-13.1173261387549,-8.944785853340026
path,-13.1173261387549,-8.944785853340026
path,-13.1173251168208,-8.944785944365249
path,-13.1173251168208,-8.944785944365249
path,-13.1173251168208,-8.944785944365249
path,-13.1173251168208,-8.944785944365249
path,-13.1173251168208,-8.944785944365249
path,-13.117324094875539,-8.94478603539206
path,-13.117324094875539,-8.94478603539206
path,-13.117324094875539,-8.94478603539206
path,-13.117324094875539,-8.94478603539206
path,-13.117323072916252,-8.944786126422544
path,-13.117323072916252,-8.944786126422544
path,-13.117323072916252,-8.944786126422544
path,-13.117323072916252,-8.944786126422544
path,-13.117322050942212,-8.944786217457
path,-13.117322050942212,-8.944786217457
path,-13.117322050942212,-8.944786217457
path,-13.117322050942212,-8.944786217457
path,-13.117322050942212,-8.944786217457
path,-13.117321028958004,-8.944786308492176
path,-13.117321028958004,-8.944786308492176
path,-13.117321028958004,-8.944786308492176
path,-13.117321028958004,-8.944786308492176
path,-13.117320006959417,-8.94478639953127
path,-13.117320006959417,-8.94478639953127
path,-13.117320006959417,-8.94478639953127
path,-13.117320006959417,-8.94478639953127
path,-13.117320006959417,-8.94478639953127
path,-13.117318984950098,-8.944786490571826
path,-13.117318984950098,-8.944786490571826
path,-13.117318984950098,-8.944786490571826
path,-13.117318984950098,-8.944786490571826
path,-13.117317962928839,-8.944786581614581
path,-13.117317962928839,-8.944786581614581
path,-13.117317962928839,-8.944786581614581
path,-13.117317962928839,-8.944786581614581
path,-13.117316940893907,-8.944786672660848
path,-13.117316940893907,-8.944786672660848
path,-13.117316940893907,-8.944786672660848
path,-13.117316940893907,-8.944786672660848
path,-13.117316940893907,-8.944786672660848
path,-13.117315918845575,-8.944786763710118
path,-13.117315918845575,-8.944786763710118
path,-13.117315918845575,-8.944786763710118
path,-13.117315918845575,-8.944786763710118
path,-13.11731489678257,-8.944786854763294
path,-13.11731489678257,-8.944786854763294
path,-13.11731489678257,-8.944786854763294
path,-13.11731489678257,-8.944786854763294
path,-13.11731489678257,-8.944786854763294
path,-13.11731387470935,-8.944786945817409
path,-13.11731387470935,-8.944786945817409
path,-13.11731387470935,-8.944786945817409
path,-13.11731387470935,-8.944786945817409
path,-13.11731285262405,-8.944787036873853
path,-13.11731285262405,-8.944787036873853
path,-13.11731285262405,-8.944787036873853
path,-13.11731285262405,-8.944787036873853
path,-13.117311830526347,-8.944787127932853
path,-13.117311830526347,-8.944787127932853
path,-13.117311830526347,-8.944787127932853
path,-13.117311830526347,-8.944787127932853
path,-13.117311830526347,-8.944787127932853
path,-13.117310808413187,-8.944787218996394
path,-13.117310808413187,-8.944787218996394
path,-13.117310808413187,-8.944787218996394
path,-13.117310808413187,-8.944787218996394
path,-13.11730978628997,-8.944787310060798
path,-13.11730978628997,-8.944787310060798
path,-13.11730978628997,-8.944787310060798
path,-13.11730978628997,-8.944787310060798
path,-13.11730978628997,-8.944787310060798
path,-13.117308764151051,-8.944787401129835
path,-13.117308764151051,-8.944787401129835
path,-13.117308764151051,-8.944787401129835
path,-13.117308764151051,-8.944787401129835
path,-13.117307741999909,-8.944787492201117
path,-13.117307741999909,-8.944787492201117
path,-13.117307741999909,-8.944787492201117
path,-13.117307741999909,-8.944787492201117
path,-13.117306719834923,-8.94478758327563
path,-13.117306719834923,-8.94478758327563
path,-13.117306719834923,-8.94478758327563
path,-13.117306719834923,-8.94478758327563
path,-13.117306719834923,-8.94478758327563
path,-13.11730569765867,-8.944787674351813
path,-13.11730569765867,-8.944787674351813
path,-13.11730569765867,-8.944787674351813
path,-13.11730569765867,-8.944787674351813
path,-13.117304675466867,-8.944787765432528
path,-13.117304675466867,-8.944787765432528
path,-13.117304675466867,-8.944787765432528
path,-13.117304675466867,-8.944787765432528
path,-13.117304675466867,-8.944787765432528
path,-13.117303653264825,-8.944787856514015
path,-13.117303653264825,-8.944787856514015
path,-13.117303653264825,-8.944787856514015
path,-13.117303653264825,-8.944787856514015
path,-13.117302631050345,-8.944787947598007
path,-13.117302631050345,-8.944787947598007
path,-13.117302631050345,-8.944787947598007
path,-13.117302631050345,-8.944787947598007
path,-13.117301608822496,-8.944788038685314
path,-13.117301608822496,-8.944788038685314
path,-13.117301608822496,-8.944788038685314
path,-13.117301608822496,-8.944788038685314
path,-13.117301608822496,-8.944788038685314
path,-13.117300586582997,-8.944788129774528
path,-13.117300586582997,-8.944788129774528
path,-13.117300586582997,-8.944788129774528
path,-13.117300586582997,-8.944788129774528
path,-13.117299564330068,-8.944788220866663
path,-13.117299564330068,-8.944788220866663
path,-13.117299564330068,-8.944788220866663
path,-13.117299564330068,-8.944788220866663
path,-13.117299564330068,-8.944788220866663
path,-13.117298542065859,-8.944788311960728
path,-13.117298542065859,-8.944788311960728
path,-13.117298542065859,-8.944788311960728
path,-13.117298542065859,-8.944788311960728
path,-13.11729751979073,-8.944788403056444
path,-13.11729751979073,-8.944788403056444
path,-13.11729751979073,-8.944788403056444
path,-13.11729751979073,-8.944788403056444
path,-13.117296497499439,-8.944788494157272
path,-13.117296497499439,-8.944788494157272
path,-13.117296497499439,-8.944788494157272
path,-13.117296497499439,-8.944788494157272
path,-13.117296497499439,-8.944788494157272
path,-13.117295475192854,-8.944788585262343
path,-13.117295475192854,-8.944788585262343
path,-13.117295475192854,-8.944788585262343
path,-13.117295475192854,-8.944788585262343
path,-13.11729445287959,-8.944788676366052
path,-13.11729445287959,-8.944788676366052
path,-13.11729445287959,-8.944788676366052
path,-13.11729445287959,-8.944788676366052
path,-13.11729445287959,-8.944788676366052
path,-13.117293430551209,-8.9447887674741
path,-13.117293430551209,-8.9447887674741
path,-13.117293430551209,-8.9447887674741
path,-13.117293430551209,-8.9447887674741
path,-13.117292408209252,-8.944788858585463
path,-13.117292408209252,-8.944788858585463
path,-13.117292408209252,-8.944788858585463
path,-13.117292408209252,-8.944788858585463
path,-13.117291385855488,-8.944788949698872
path,-13.117291385855488,-8.944788949698872
path,-13.117291385855488,-8.944788949698872
path,-13.117291385855488,-8.944788949698872
path,-13.117291385855488,-8.944788949698872
path,-13.117290363487221,-8.94478904081613
path,-13.117290363487221,-8.94478904081613
path,-13.117290363487221,-8.94478904081613
path,-13.117290363487221,-8.94478904081613
path,-13.117289341104868,-8.944789131936686
path,-13.117289341104868,-8.944789131936686
path,-13.117289341104868,-8.944789131936686
path,-13.117289341104868,-8.944789131936686
path,-13.117289341104868,-8.944789131936686
path,-13.117288318715536,-8.94478922305606
path,-13.117288318715536,-8.94478922305606
path,-13.117288318715536,-8.94478922305606
path,-13.117288318715536,-8.94478922305606
path,-13.117287296308817,-8.944789314181536
path,-13.117287296308817,-8.944789314181536
path,-13.117287296308817,-8.944789314181536
path,-13.117287296308817,-8.944789314181536
path,-13.117286273888782,-8.944789405309898
path,-13.117286273888782,-8.944789405309898
path,-13.117286273888782,-8.944789405309898
path,-13.117286273888782,-8.944789405309898
path,-13.117286273888782,-8.944789405309898
path,-13.117285251454494,-8.944789496441777
path,-13.117285251454494,-8.944789496441777
path,-13.117285251454494,-8.944789496441777
path,-13.117285251454494,-8.944789496441777
path,-13.117284229009632,-8.944789587574572
path,-13.117284229009632,-8.944789587574572
path,-13.117284229009632,-8.944789587574572
path,-13.117284229009632,-8.944789587574572
path,-13.117284229009632,-8.944789587574572
path,-13.117283206552985,-8.94478967870949
path,-13.117283206552985,-8.94478967870949
path,-13.117283206552985,-8.94478967870949
path,-13.117283206552985,-8.94478967870949
path,-13.11728218408359,-8.944789769847217
path,-13.11728218408359,-8.944789769847217
path,-13.11728218408359,-8.944789769847217
path,-13.11728218408359,-8.944789769847217
path,-13.117281161597752,-8.94478986099007
path,-13.117281161597752,-8.94478986099007
path,-13.117281161597752,-8.94478986099007
path,-13.117281161597752,-8.94478986099007
path,-13.117281161597752,-8.94478986099007
path,-13.11728013910278,-8.944789952132846
path,-13.11728013910278,-8.944789952132846
path,-13.11728013910278,-8.944789952132846
path,-13.11728013910278,-8.944789952132846
path,-13.117279116591527,-8.944790043280893
path,-13.117279116591527,-8.944790043280893
path,-13.117279116591527,-8.944790043280893
path,-13.117279116591527,-8.944790043280893
path,-13.117279116591527,-8.944790043280893
path,-13.11727809407071,-8.94479013442915
path,-13.11727809407071,-8.94479013442915
path,-13.11727809407071,-8.94479013442915
path,-13.11727809407071,-8.94479013442915
path,-13.117277071537671,-8.944790225579814
path,-13.117277071537671,-8.944790225579814
path,-13.117277071537671,-8.944790225579814
path,-13.117277071537671,-8.944790225579814
path,-13.117276048990485,-8.944790316734315
path,-13.117276048990485,-8.944790316734315
path,-13.117276048990485,-8.944790316734315
path,-13.117276048990485,-8.944790316734315
path,-13.117276048990485,-8.944790316734315
path,-13.117275026433786,-8.944790407889482
path,-13.117275026433786,-8.944790407889482
path,-13.117275026433786,-8.944790407889482
path,-13.117275026433786,-8.944790407889482
path,-13.117274003861807,-8.944790499049274
path,-13.117274003861807,-8.944790499049274
path,-13.117274003861807,-8.944790499049274
path,-13.117274003861807,-8.944790499049274
path,-13.117274003861807,-8.944790499049274
path,-13.117272981277187,-8.944790590211655
path,-13.117272981277187,-8.944790590211655
path,-13.117272981277187,-8.944790590211655
path,-13.117272981277187,-8.944790590211655
path,-13.117271958680002,-8.94479068137657
path,-13.117271958680002,-8.94479068137657
path,-13.117271958680002,-8.94479068137657
path,-13.117271958680002,-8.94479068137657
path,-13.117270936066445,-8.944790772546515
path,-13.117270936066445,-8.944790772546515
path,-13.117270936066445,-8.944790772546515
path,-13.117270936066445,-8.944790772546515
path,-13.117270936066445,-8.944790772546515
path,-13.11726991344272,-8.944790863717076
path,-13.11726991344272,-8.944790863717076
path,-13.11726991344272,-8.944790863717076
path,-13.11726991344272,-8.944790863717076
path,-13.117268890805768,-8.944790954890651
path,-13.117268890805768,-8.944790954890651
path,-13.117268890805768,-8.944790954890651
path,-13.117268890805768,-8.944790954890651
path,-13.117268890805768,-8.944790954890651
path,-13.117267868157946,-8.944791046065625
path,-13.117267868157946,-8.944791046065625
path,-13.117267868157946,-8.944791046065625
path,-13.117267868157946,-8.944791046065625
path,-13.117266845494916,-8.944791137245119
path,-13.117266845494916,-8.944791137245119
path,-13.117266845494916,-8.944791137245119
path,-13.117266845494916,-8.944791137245119
path,-13.117265822820334,-8.944791228426327
path,-13.117265822820334,-8.944791228426327
path,-13.117265822820334,-8.944791228426327
path,-13.117265822820334,-8.944791228426327
path,-13.117265822820334,-8.944791228426327
path,-13.117264800133274,-8.944791319610015
path,-13.117264800133274,-8.944791319610015
path,-13.117264800133274,-8.944791319610015
path,-13.117264800133274,-8.944791319610015
path,-13.117263777433713,-8.944791410796196
path,-13.117263777433713,-8.944791410796196
path,-13.117263777433713,-8.944791410796196
path,-13.117263777433713,-8.944791410796196
path,-13.117263777433713,-8.944791410796196
path,-13.11726275472354,-8.944791501983854
path,-13.11726275472354,-8.944791501983854
path,-13.11726275472354,-8.944791501983854
path,-13.11726275472354,-8.944791501983854
path,-13.117261731998074,-8.944791593176086
path,-13.117261731998074,-8.944791593176086
path,-13.117261731998074,-8.944791593176086
path,-13.117261731998074,-8.944791593176086
path,-13.117260709259742,-8.944791684370838
path,-13.117260709259742,-8.944791684370838
path,-13.117260709259742,-8.944791684370838
path,-13.117260709259742,-8.944791684370838
path,-13.117260709259742,-8.944791684370838
path,-13.117259686506804,-8.944791775569634
path,-13.117259686506804,-8.944791775569634
path,-13.117259686506804,-8.944791775569634
path,-13.117259686506804,-8.944791775569634
path,-13.117258663745323,-8.944791866768137
path,-13.117258663745323,-8.944791866768137
path,-13.117258663745323,-8.944791866768137
path,-13.117258663745323,-8.944791866768137
path,-13.117258663745323,-8.944791866768137
path,-13.117257640967525,-8.944791957971768
path,-13.117257640967525,-8.944791957971768
path,-13.117257640967525,-8.944791957971768
path,-13.117257640967525,-8.944791957971768
path,-13.11725661817738,-8.944792049177831
path,-13.11725661817738,-8.944792049177831
path,-13.11725661817738,-8.944792049177831
path,-13.11725661817738,-8.944792049177831
path,-13.117255595373154,-8.944792140387275
path,-13.117255595373154,-8.944792140387275
path,-13.117255595373154,-8.944792140387275
path,-13.117255595373154,-8.944792140387275
path,-13.117255595373154,-8.944792140387275
path,-13.117254572558057,-8.944792231598026
path,-13.117254572558057,-8.944792231598026
path,-13.117254572558057,-8.944792231598026
path,-13.117254572558057,-8.944792231598026
path,-13.117253549730231,-8.944792322811503
path,-13.117253549730231,-8.944792322811503
path,-13.117253549730231,-8.944792322811503
path,-13.117253549730231,-8.944792322811503
path,-13.117253549730231,-8.944792322811503
path,-13.117252526889882,-8.944792414027523
path,-13.117252526889882,-8.944792414027523
path,-13.117252526889882,-8.944792414027523
path,-13.117252526889882,-8.944792414027523
path,-13.117251504036089,-8.944792505246735
path,-13.117251504036089,-8.944792505246735
path,-13.117251504036089,-8.944792505246735
path,-13.117251504036089,-8.944792505246735
path,-13.11725048116993,-8.944792596468327
path,-13.11725048116993,-8.944792596468327
path,-13.11725048116993,-8.944792596468327
path,-13.11725048116993,-8.944792596468327
path,-13.11725048116993,-8.944792596468327
path,-13.117249458291006,-8.944792687692589
path,-13.117249458291006,-8.944792687692589
path,-13.117249458291006,-8.944792687692589
path,-13.117249458291006,-8.944792687692589
path,-13.117248435398468,-8.944792778920094
path,-13.117248435398468,-8.944792778920094
path,-13.117248435398468,-8.944792778920094
path,-13.117248435398468,-8.944792778920094
path,-13.117248435398468,-8.944792778920094
path,-13.117247412492635,-8.94479287015058
path,-13.117247412492635,-8.94479287015058
path,-13.117247412492635,-8.94479287015058
path,-13.117247412492635,-8.94479287015058
path,-13.117246389574449,-8.944792961383273
path,-13.117246389574449,-8.944792961383273
path,-13.117246389574449,-8.944792961383273
path,-13.117246389574449,-8.944792961383273
path,-13.11724536664217,-8.94479305261959
path,-13.11724536664217,-8.94479305261959
path,-13.11724536664217,-8.94479305261959
path,-13.11724536664217,-8.94479305261959
path,-13.11724536664217,-8.94479305261959
path,-13.117244343700085,-8.944793143856593
path,-13.117244343700085,-8.944793143856593
path,-13.117244343700085,-8.944793143856593
path,-13.117244343700085,-8.944793143856593
path,-13.117243320745125,-8.944793235096505
path,-13.117243320745125,-8.944793235096505
confirmed_rock,-12.36,-0.61
confirmed_rock,-11.16,-0.82
confirmed_rock,-14.45,-1.11
confirmed_rock,-15.05,1.49
confirmed_rock,-14.72,0.27
confirmed_rock,-12.76,1.71
confirmed_rock,-13.77,1.46
confirmed_rock,-9.56,-0.68
confirmed_rock,-14.0,-2.19
confirmed_rock,-11.59,-2.76
confirmed_rock,-10.52,-0.02
confirmed_rock,-12.99,0.6
confirmed_rock,-10.11,-1.23
confirmed_rock,-12.0,-1.71
confirmed_rock,-13.46,-1.5
confirmed_rock,-9.91,-2.08
confirmed_rock,-9.37,0.27
confirmed_rock,-11.02,1.21
confirmed_rock,-9.75,0.93
confirmed_rock,-11.01,-2.07
confirmed_rock,-13.76,0.54
confirmed_rock,-13.28,-0.22
confirmed_rock,-13.92,-3.0
confirmed_rock,-13.16,-3.37
confirmed_rock,-12.68,-2.41
confirmed_rock,-12.32,-3.21
confirmed_rock,-12.26,0.86
confirmed_rock,-14.84,-0.47
confirmed_rock,-11.5,0.34
confirmed_rock,-12.06,1.99
confirmed_rock,-10.02,1.64
confirmed_rock,-15.32,0.78
confirmed_rock,-15.13,-1.68
confirmed_rock,-15.03,-2.51
confirmed_rock,-10.7,-2.83
confirmed_rock,-14.36,0.99
confirmed_rock,-9.06,1.32
confirmed_rock,-11.84,-5.14
confirmed_rock,-14.06,-0.37
gt_rock,0.85,6.88
gt_rock,-11.98,7.91
gt_rock,11.97,8.31
gt_rock,25.95,30.55
gt_rock,10.0,13.69
gt_rock,-6.56,5.8
gt_rock,-5.0,19.5
gt_rock,-6.3,-7.96
gt_rock,-5.0,0.5
