type,x,y
path,-10.975571023556508,-12.2477233835141
path,-10.975157938955887,-12.243189525782117
path,-10.974717822792714,-12.23865687734009
path,-10.974299964978439,-12.234147034572898
path,-10.973846962916134,-12.229816090670989
path,-10.973477020221612,-12.225690590156697
path,-10.973136849974823,-12.221727499232653
path,-10.97279188076344,-12.217783994703042
path,-10.972438321202572,-12.213843212825738
path,-10.972047134035765,-12.209455115927177
path,-10.971530898335432,-12.204517980884125
path,-10.970970224093847,-12.199397979203228
path,-10.970398136108079,-12.194279559192976
path,-10.969814067548139,-12.189162570619148
path,-10.969339421091641,-12.18429978209614
path,-10.968899620853861,-12.179662865977432
path,-10.968452527246017,-12.175059426950524
path,-10.967991605159915,-12.170457264447561
path,-10.96751644353954,-12.165856358262968
path,-10.967056131652084,-12.161426279133549
path,-10.966609287554528,-12.15713520464903
path,-10.966147475750093,-12.15284720589081
path,-10.965670011367916,-12.148560528898512
path,-10.965176569157437,-12.144275189514497
path,-10.964711774585648,-12.140167110933152
path,-10.964255824926857,-12.136176280352613
path,-10.963783050417552,-12.132187014400683
path,-10.963293159194222,-12.1281992643958
path,-10.9627858798273,-12.124213049737595
path,-10.962310420116964,-12.119707972057952
path,-10.961731606114935,-12.114663242047696
path,-10.961100254564233,-12.109430029162167
path,-10.960450140737423,-12.104198224949998
path,-10.959780935662888,-12.09896787038303
path,-10.95911205776354,-12.093892198667508
path,-10.958441446674671,-12.08891045953083
path,-10.957750865547043,-12.083930342492527
path,-10.957040030023707,-12.078951882141988
path,-10.956308663320945,-12.073975112632752
path,-10.955700895464933,-12.069258444520154
path,-10.955118013709903,-12.06473178620827
path,-10.954516249903426,-12.060220246931307
path,-10.953901116177056,-12.055709715285639
path,-10.953254695308107,-12.051204008148334
path,-10.952619695406115,-12.046902856419019
path,-10.951983973043038,-12.042693858645093
path,-10.951340531238786,-12.038485533895715
path,-10.950689314795076,-12.034277851909396
path,-10.950027690004115,-12.030071191136859
path,-10.949499928501526,-12.026237480698974
path,-10.94896945721548,-12.022655914276834
path,-10.948391408441312,-12.019108050816891
path,-10.947760271265361,-12.015565542161431
path,-10.947075633133242,-12.012028425624752
path,-10.946442433866075,-12.008640289128795
path,-10.94576883839736,-12.005280898917524
path,-10.945070569078155,-12.001924066588955
path,-10.944369919221169,-11.998567493076242
path,-10.943666893814722,-11.995211169743882
path,-10.943034818416098,-11.991989260722512
path,-10.94236377192364,-11.988786625970816
path,-10.941686362348216,-11.98558464452304
path,-10.941006800555133,-11.982382871193016
path,-10.940325088731692,-11.979181301799391
path,-10.939665256689151,-11.976061018176829
path,-10.938997533614694,-11.972946605194972
path,-10.938327808187628,-11.969832333861447
path,-10.937656078510146,-11.966718206248816
path,-10.93698234272683,-11.963604224426373
path,-10.936416245707024,-11.960679542005655
path,-10.935805882074652,-11.957797882709082
path,-10.935177769827988,-11.954918047201556
path,-10.934547910087517,-11.95203838704877
path,-10.9339163040016,-11.949158899695124
path,-10.933293916222341,-11.946323934737999
path,-10.932668827361251,-11.943490304102193
path,-10.932042054622778,-11.940656827144824
path,-10.931413597835425,-11.93782350350985
path,-10.930783456736712,-11.934990333023348
path,-10.930184694652523,-11.932228825482236
path,-10.929569547478836,-11.92947446451072
path,-10.928952752810261,-11.926720332966287
path,-10.928334315509517,-11.923966423112013
path,-10.92771423986814,-11.92121272808806
path,-10.927104642585702,-11.918506744408111
path,-10.926492329232781,-11.915802363736901
path,-10.925878450816683,-11.913098165504536
path,-10.925263009194461,-11.91039414661169
path,-10.924646005949716,-11.907690304363735
path,-10.924025028821532,-11.90458067732348
path,-10.9232990094138,-11.901228683902431
path,-10.92252800862213,-11.89788118743489
path,-10.921753642363617,-11.894533979568916
path,-10.920976977769387,-11.891186950599156
path,-10.920255310613227,-11.887953062194077
path,-10.91950390034167,-11.884732481808914
path,-10.918750313072378,-11.881512124848586
path,-10.91799454986124,-11.878291991241294
path,-10.917236606961485,-11.875072082691213
path,-10.916493628486531,-11.871914116196221
path,-10.91574645098194,-11.868759136879588
path,-10.91499718518021,-11.86560435656673
path,-10.914245826765917,-11.862449779191111
path,-10.913492371701006,-11.85929540852172
path,-10.912786753264768,-11.856244212885146
path,-10.91205703710097,-11.85320424489984
path,-10.911325331003205,-11.850164532004086
path,-10.910591635333656,-11.847125072010217
path,-10.909855950241571,-11.844085863149761
path,-10.909235127063246,-11.841252542149112
path,-10.908575140761137,-11.838478502952327
path,-10.907899159608627,-11.835706192330587
path,-10.907221494725663,-11.832934137480223
path,-10.906542148552091,-11.830162333221471
path,-10.90587238566719,-11.827433468694677
path,-10.90520042139845,-11.824705822785134
path,-10.904526837867653,-11.821978401461779
path,-10.903851635940889,-11.819251202457687
path,-10.903174816313186,-11.816524223860448
path,-10.90252444673353,-11.813866160524068
path,-10.9018638032451,-11.811214074741615
path,-10.901201576858528,-11.808562283488438
path,-10.900537773050832,-11.805910777370423
path,-10.899872396688695,-11.803259548018966
path,-10.899217739900568,-11.800653867946853
path,-10.898560904774117,-11.79804954355944
path,-10.897902566763285,-11.795445460492935
path,-10.89724272834509,-11.792841614380363
path,-10.896581391682615,-11.790238001393295
path,-10.895967749413513,-11.787149260161643
path,-10.895231569595957,-11.783688289058128
path,-10.89441366859061,-11.780223347637566
path,-10.893529898839642,-11.776765086282241
path,-10.892637487004436,-11.77330776293691
path,-10.891794354884988,-11.769958537544204
path,-10.89092832047109,-11.76662123743323
path,-10.890059865239781,-11.76328428581832
path,-10.889188986485333,-11.759947683143121
path,-10.88831568160834,-11.756611430069864
path,-10.88750708772502,-11.753407491046447
path,-10.88666826221077,-11.750220599075714
path,-10.885827210941443,-11.747034038811593
path,-10.88498393259546,-11.743847810340514
path,-10.884138425639744,-11.74066191404758
path,-10.883321147891275,-11.737549880614276
path,-10.882493283194922,-11.734444533041623
path,-10.881663248856439,-11.731339586447456
path,-10.88083104822949,-11.728235033788858
path,-10.87999668422352,-11.725130868906708
path,-10.879243612765585,-11.721493181878213
path,-10.878357724627918,-11.717377433799072
path,-10.877373256138485,-11.713204188776222
path,-10.876301005131454,-11.709039918521443
path,-10.875165290956943,-11.704882221699442
path,-10.874112835904722,-11.700886177842632
path,-10.873017469520649,-11.696912435114061
path,-10.871918573864983,-11.692939212868978
path,-10.870816209163491,-11.688966507440094
path,-10.869713058472444,-11.684988870902744
path,-10.868728937734446,-11.681197325442067
path,-10.867711709390509,-11.677443625407568
path,-10.866659835828269,-11.673693516320514
path,-10.8656034923404,-11.669944073543851
path,-10.86454402837075,-11.666195160789886
path,-10.863567359736152,-11.662579990494324
path,-10.86255395745488,-11.658982750793085
path,-10.861528647155778,-11.655386891796205
path,-10.860500456046656,-11.651791526568289
path,-10.859469383971614,-11.64819665403786
path,-10.858653865712002,-11.644898799472875
path,-10.857870500883495,-11.64176109241286
path,-10.8570374602052,-11.638628964515139
path,-10.856155598413823,-11.63549907160913
path,-10.855255399036109,-11.632411438390045
path,-10.854356261723712,-11.629468833174183
path,-10.853450084577105,-11.626535271838273
path,-10.85254216777997,-11.62360187801864
path,-10.85163250862065,-11.620668654675168
path,-10.850721104140671,-11.617735605360643
path,-10.849834915757391,-11.614863269334618
path,-10.848941020071608,-11.611994763833648
path,-10.848045389011647,-11.609126544402567
path,-10.847148026403184,-11.606258602607083
path,-10.846248935519698,-11.603390931071951
path,-10.845376962997747,-11.600606380939166
path,-10.84450147101746,-11.597825688127926
path,-10.843624375005573,-11.595045205499805
path,-10.842745674991464,-11.592264931893034
path,-10.841865370837969,-11.589484866499967
path,-10.840999691583177,-11.586754095389102
path,-10.840132039716073,-11.584024385666575
path,-10.839262843390275,-11.581294869000677
path,-10.838392101802542,-11.57856554599252
path,-10.837519813964345,-11.575836417615795
path,-10.836677220584644,-11.573175879571657
path,-10.835826154028338,-11.570520089944356
path,-10.834973567051332,-11.567864591318612
path,-10.834119464084733,-11.565209374597574
path,-10.833263849003211,-11.562554431747591
path,-10.832421959239305,-11.55994534624493
path,-10.83157829551284,-11.557337177240475
path,-10.830733182218538,-11.554729251081604
path,-10.82988662124986,-11.55212156353478
path,-10.829038614199321,-11.549514110946765
path,-10.828206994531367,-11.546959161677718
path,-10.827373446385232,-11.544405221643522
path,-10.826538523120155,-11.541851483085516
path,-10.825702224767825,-11.539297945543668
path,-10.824864550976697,-11.53674460927568
path,-10.82404544333422,-11.53424931356534
path,-10.823224432620385,-11.53175544293686
path,-10.822402114619651,-11.529261752575831
path,-10.821578488613318,-11.526768243403385
path,-10.820753553810714,-11.524274916482293
path,-10.81993941612571,-11.52181802840518
path,-10.819123959037057,-11.519361430621384
path,-10.818307229041366,-11.516905012350223
path,-10.817489225363442,-11.514448774645071
path,-10.816669947131812,-11.51199271875587
path,-10.815870043033936,-11.509584177371567
path,-10.815065772862395,-11.507178008214936
path,-10.81426022015525,-11.504772132182039
path,-10.81345338981893,-11.502366539189493
path,-10.812645286191515,-11.499961220268201
path,-10.811843973178426,-11.497580057795941
path,-10.811041417489573,-11.495199162384244
path,-10.810237623001623,-11.492818516103394
path,-10.809432592299625,-11.490438113431328
path,-10.808626327631215,-11.48805794951268
path,-10.80782261603528,-11.485246115176187
path,-10.806857279051407,-11.48227463576451
path,-10.80584510499771,-11.479308249092004
path,-10.804831125556623,-11.476342099250555
path,-10.803815331832427,-11.473376193933648
path,-10.802877890069082,-11.470439098511726
path,-10.80201705697714,-11.467493372212747
path,-10.80123237990049,-11.46453908315253
path,-10.800523391021743,-11.461576302944758
path,-10.79989244015069,-11.458608327316659
path,-10.79936207902397,-11.455730250037236
path,-10.798855849228946,-11.452876811809821
path,-10.798347396031808,-11.450023980095892
path,-10.797836710390001,-11.447171753421955
path,-10.797323784093704,-11.444320130696832
path,-10.796822928088112,-11.441553906730967
path,-10.796323595346388,-11.438804932332621
path,-10.795822205659933,-11.436056541532059
path,-10.795318749499902,-11.43330873211061
path,-10.794813218225443,-11.430561502274932
path,-10.794289309909894,-11.427973736936291
path,-10.79381929196888,-11.42544341087544
path,-10.793347560252885,-11.422913604730903
path,-10.792874100594487,-11.420384315897161
path,-10.792398903112918,-11.417855541294697
path,-10.791936327462496,-11.415396791162204
path,-10.791472506631283,-11.412944850575114
path,-10.791006981858972,-11.410493363889186
path,-10.790539751211515,-11.408042331917192
path,-10.790070812928382,-11.40559175554582
path,-10.789611215205777,-11.403196903658896
path,-10.789150533905486,-11.40081160211906
path,-10.78868831374911,-11.398426778491517
path,-10.788224545607505,-11.396042429664867
path,-10.787759221212047,-11.39365855296422
path,-10.787300999792718,-11.39131275808745
path,-10.786840417317574,-11.38896925320151
path,-10.786378301579488,-11.386626194992964
path,-10.785914647980922,-11.384283582585415
path,-10.785449452354221,-11.381941415318886
path,-10.784806338656793,-11.379224009339437
path,-10.784064065772153,-11.376200473816022
path,-10.783403258142503,-11.373129640176348
path,-10.782778980529633,-11.37003718035864
path,-10.782151966094071,-11.366945489673114
path,-10.781534708329229,-11.3639544326259
path,-10.780926518217788,-11.360981958257533
path,-10.780315771250145,-11.358010192120268
path,-10.779702474938988,-11.355039141736501
path,-10.779086628489353,-11.352068809660839
path,-10.77848446412297,-11.34916207870464
path,-10.777881808488488,-11.346280850526075
path,-10.77723360148331,-11.34344801028913
path,-10.77653197160228,-11.340662787157274
path,-10.775955959994276,-11.337823091503836
path,-10.775332924098615,-11.334657797388767
path,-10.774682778327332,-11.331446889041064
path,-10.774030707901655,-11.328237580049716
path,-10.77337532940221,-11.32502853602647
path,-10.772717067281262,-11.32182048005721
path,-10.772051490486232,-11.318682293093211
path,-10.771403748170533,-11.315577788733602
path,-10.770757998569039,-11.312482093990615
path,-10.770111995866449,-11.309390431531456
path,-10.769463035209379,-11.306299237841353
path,-10.76880725521506,-11.303291026982718
path,-10.76817143360785,-11.300320293055236
path,-10.767542028442023,-11.297363329054019
path,-10.766910672700847,-11.294408071637372
path,-10.766277108409273,-11.291454087419947
path,-10.765637265085013,-11.28857109420578
path,-10.765016355900537,-11.285722252988297
path,-10.764397721433001,-11.282881742488398
path,-10.76377941188793,-11.28004537171912
path,-10.763158655880176,-11.277209510646182
path,-10.762534136260925,-11.274452250240135
path,-10.76192819808118,-11.271725515917439
path,-10.76132428820463,-11.269006285098563
path,-10.760720778515198,-11.266290938495523
path,-10.760115077694786,-11.263576160837914
path,-10.759508153442576,-11.260908856309538
path,-10.758909988837384,-11.25825980167792
path,-10.758312334133018,-11.255614642278266
path,-10.757710676399528,-11.25296781997784
path,-10.757107260861456,-11.250321173875426
path,-10.756501721156571,-11.247737476399202
path,-10.755914064855634,-11.24518378370185
path,-10.755323423679771,-11.24262983746742
path,-10.754730187917314,-11.240075364715725
path,-10.754133901229197,-11.23751964390578
path,-10.753542759686363,-11.235011202574146
path,-10.752955590911698,-11.232512705538653
path,-10.752366613269016,-11.230014802677182
path,-10.751775808012226,-11.22751746294506
path,-10.751174310786455,-11.22501194937372
path,-10.750542700602372,-11.22251305602759
path,-10.749970585480805,-11.220060455520528
path,-10.74940267631572,-11.217595610731301
path,-10.748833356588257,-11.215123266529272
path,-10.74826216522316,-11.212651404066229
path,-10.747609911498378,-11.20974972442172
path,-10.746909617544496,-11.206742715838034
path,-10.746206552592335,-11.203736510247289
path,-10.745500716342194,-11.200731118645788
path,-10.744792108659269,-11.19772655123932
path,-10.744084126159112,-11.19481072906355
path,-10.743400326223918,-11.191935924193755
path,-10.74271402491505,-11.189061955425107
path,-10.74202521793452,-11.18618882344841
path,-10.741333902501445,-11.18331652998792
path,-10.740647382015473,-11.180537001302712
path,-10.739982297774855,-11.177794194704163
path,-10.739314899237378,-11.17505212617445
path,-10.738645186602472,-11.172310800546997
path,-10.737973160127009,-11.16957022240878
path,-10.73730460900537,-11.16688495571538
path,-10.736645490392725,-11.164218271997962
path,-10.735984246083927,-11.161552413141893
path,-10.735320870337286,-11.158887372616357
path,-10.734655358013956,-11.156223144713586
path,-10.733962650928902,-11.153779544697151
path,-10.73334265557838,-11.151538160078912
path,-10.732786337494598,-11.149330428019203
path,-10.732232118294172,-11.14712809104362
path,-10.731676501470687,-11.144926307472298
path,-10.731129237022584,-11.142772608384293
path,-10.730584596205453,-11.140625185528373
path,-10.7300385880184,-11.138478226288857
path,-10.729491214064797,-11.136331730242611
path,-10.728942475821553,-11.13418569709609
path,-10.728395792025761,-11.132063435884062
path,-10.727851203262212,-11.129946346304148
path,-10.72730534282105,-11.127829786810937
path,-10.726758206776827,-11.12571374986128
path,-10.726209791601457,-11.12359822872023
path,-10.725668292230347,-11.121520040356597
path,-10.725127964408909,-11.11944580698687
path,-10.72458637878336,-11.117372027481446
path,-10.724043534893614,-11.115298700371735
path,-10.723499432347655,-11.113225824411042
path,-10.722840172500222,-11.11063252082362
path,-10.72210639696945,-11.107853606622399
path,-10.72137035201772,-11.10507548866864
path,-10.720632037846991,-11.102298167591666
path,-10.719891454701083,-11.099521644157079
path,-10.719156247527668,-11.096794598317457
path,-10.718427353622864,-11.094080194325674
path,-10.717696302691309,-11.091366575679142
path,-10.7169630938677,-11.088653741612308
path,-10.716227726426593,-11.085941691616936
path,-10.715497787331882,-11.08330217799517
path,-10.714784341545405,-11.080688027443017
path,-10.71406890743386,-11.078074636339945
path,-10.713351482776371,-11.075462001966676
path,-10.712632065615058,-11.07285012202945
path,-10.71191912706969,-11.070286404361305
path,-10.711211499936143,-11.06773333717178
path,-10.710501987548458,-11.065181023082516
path,-10.709790586494542,-11.062629457667567
path,-10.709077293735326,-11.0600786370793
path,-10.708350156277874,-11.057694801502029
path,-10.707695563790026,-11.055415899370209
path,-10.70705951118538,-11.053159763302162
path,-10.706421984720023,-11.050904280080063
path,-10.705782981704733,-11.048649440757748
path,-10.70515279659233,-11.046437720245608
path,-10.704524409021076,-11.044231067829497
path,-10.703894574134464,-11.0420249777726
path,-10.703263292666374,-11.039819447984598
path,-10.702630565312527,-11.037614476674804
path,-10.702001880401545,-11.03543766572833
path,-10.701375186385274,-11.033265882235575
path,-10.700747146858275,-11.03109471772539
path,-10.700117757099566,-11.028924163613882
path,-10.699487012866745,-11.02675421223474
path,-10.698865387954228,-11.02462665648382
path,-10.698245569774501,-11.022503935223073
path,-10.69762442006103,-11.020381740632185
path,-10.697001938425604,-11.018260071289378
path,-10.696378124546747,-11.01613892599868
path,-10.695654196335653,-11.01363790530943
path,-10.694893669928465,-11.011065787657458
path,-10.694131181977655,-11.008494430005548
path,-10.693366732151059,-11.005923832859551
path,-10.69260032024767,-11.003353996812585
path,-10.691841075003966,-11.000844688139546
path,-10.691093951847073,-10.998354703582685
path,-10.690345041114133,-10.995865515097199
path,-10.689594337675116,-10.993377115902433
path,-10.68884183695232,-10.990889500004759
path,-10.688099970205407,-10.988450987256819
path,-10.687360498146733,-10.986018769437159
path,-10.686619263152316,-10.983587243709312
path,-10.685876265462685,-10.981156410929934
path,-10.685131505335894,-10.97872627201661
path,-10.684396392849925,-10.976354728129586
path,-10.683670426858754,-10.973998164712667
path,-10.682942800200893,-10.97164225419019
path,-10.68221351341105,-10.969286997837601
path,-10.681482567019977,-10.966932396932044
path,-10.68075859457468,-10.964654970234026
path,-10.680057429035495,-10.96240882026815
path,-10.679354820283285,-10.960163362197273
path,-10.678650762502727,-10.957918588329205
path,-10.67794525047952,-10.955674491820721
path,-10.677251613620557,-10.95348073556023
path,-10.676560942587018,-10.951293380433635
path,-10.67586884250716,-10.949106608589897
path,-10.675175313310564,-10.946920420396216
path,-10.67448035497059,-10.944734816285207
path,-10.673790012684027,-10.942577091428268
path,-10.67310221172785,-10.940424965083803
path,-10.67241307906513,-10.938273481192448
path,-10.671722609589004,-10.936122633302869
path,-10.671030798767141,-10.933972415608988
path,-10.670346319629232,-10.931852093632417
path,-10.66966198017663,-10.929734273614239
path,-10.668976316498698,-10.927617037743676
path,-10.668289326739167,-10.925500383991796
path,-10.667601009277263,-10.923384310583476
path,-10.666792850029271,-10.920859195506724
path,-10.665937494703014,-10.918242666405238
path,-10.66508009377816,-10.915627010431862
path,-10.664220646595208,-10.913012227590876
path,-10.66335915264572,-10.910398318030552
path,-10.662505536435944,-10.907828157244621
path,-10.66165699793415,-10.90526783717425
path,-10.660806523077621,-10.902708397954619
path,-10.65995410886527,-10.900149836335203
path,-10.65909475348499,-10.897589368267138
path,-10.658242915150238,-10.895093782747901
path,-10.65741055761558,-10.89262947287641
path,-10.656574384571593,-10.890167239341846
path,-10.655736088812315,-10.88770604543366
path,-10.654895977087229,-10.885245699429655
path,-10.654069270046561,-10.88285069175028
path,-10.653252748335413,-10.880471057972779
path,-10.652432745298956,-10.878093298146407
path,-10.651605953627227,-10.875708922870492
path,-10.650779889370986,-10.873333365490213
path,-10.649815345872279,-10.870462719195373
path,-10.648748970961742,-10.86741544576456
path,-10.647679794590553,-10.864369507614587
path,-10.646607814716065,-10.861324900033436
path,-10.645533029615574,-10.858281619022886
path,-10.644513925855195,-10.85533451355985
path,-10.643782285628612,-10.852491331380074
path,-10.643478243445507,-10.849735294443894
path,-10.643404982762412,-10.846747094508036
path,-10.643516014198072,-10.843524894326858
path,-10.643012122631507,-10.84042879631431
path,-10.64255901768339,-10.837574258517545
path,-10.642341974051742,-10.834508054687051
path,-10.642199461718064,-10.831058769417048
path,-10.642108198123694,-10.827343380453497
path,-10.641575403049323,-10.824045877363268
path,-10.641147034784757,-10.82111221666507
path,-10.64090514105602,-10.818043845974058
path,-10.640654512017857,-10.814765894802498
path,-10.640386461124013,-10.811221007844685
path,-10.639544019087841,-10.807240317129136
path,-10.638300558372224,-10.803109583472992
path,-10.63735263035284,-10.799038463896746
path,-10.636590638602483,-10.794684615439335
path,-10.635944412055219,-10.7900477466112
path,-10.635354514639292,-10.785027305911571
path,-10.634817463418662,-10.779703792295381
path,-10.63418519035094,-10.774209305927082
path,-10.633420937556194,-10.76858827108897
path,-10.632516675341588,-10.762845491062867
path,-10.631615083158827,-10.757446992851964
path,-10.63094747816478,-10.752792949535795
path,-10.629622925252434,-10.747290950153166
path,-10.627666917864893,-10.741085575868029
path,-10.625357171725547,-10.73457319895423
path,-10.622857932788452,-10.727965010803238
path,-10.620173823595813,-10.721261126927908
path,-10.617434724682877,-10.714457719907001
path,-10.614769749597414,-10.707597890618864
path,-10.612178311170128,-10.700684948187726
path,-10.609748194875522,-10.6937895395931
path,-10.607530906907412,-10.686988739645798
path,-10.605406397010666,-10.68012725365649
path,-10.603349587956808,-10.673216436780292
path,-10.601360056105234,-10.666334004980401
path,-10.59960625800194,-10.65989114554185
path,-10.59791232742042,-10.65372449489411
path,-10.596252974789518,-10.647506404550095
path,-10.594622387516061,-10.641386972588325
path,-10.593052668653868,-10.635404945633503
path,-10.59155482780364,-10.629597947192917
path,-10.589976422882128,-10.623832567853896
path,-10.588355222110955,-10.61790632802521
path,-10.586659382821125,-10.611876135910153
path,-10.58486045755029,-10.60575198246404
path,-10.583038979385378,-10.599724835715985
path,-10.581212224440149,-10.593821323735298
path,-10.579326187581838,-10.587764039163224
path,-10.577358479409126,-10.581618605631444
path,-10.575680596145775,-10.57558082391468
path,-10.574418128409711,-10.569836022031549
path,-10.57335282551076,-10.564408972447227
path,-10.57259604028963,-10.559210059115024
path,-10.57205355769965,-10.554223174644843
path,-10.571638504273531,-10.549243923759095
path,-10.571336864458237,-10.544353882011285
path,-10.571096174418734,-10.539542443925628
path,-10.57094292013177,-10.534606636809315
path,-10.570877637825882,-10.529646625803013
path,-10.570857774077654,-10.524681027219113
path,-10.57081332669169,-10.519897416138011
path,-10.570740044712029,-10.515416009198193
path,-10.570652581935105,-10.51122968630308
path,-10.57056416462827,-10.50729582934186
path,-10.570482007968254,-10.503559247591218
path,-10.570416297359248,-10.499967478659546
path,-10.570367601076146,-10.496517960940666
path,-10.57034053792187,-10.493193509399829
path,-10.570338525614241,-10.48997809117398
path,-10.570364641916616,-10.48685826521765
path,-10.570326696404283,-10.483781199734336
path,-10.570249441922584,-10.480692494443252
path,-10.57013055128201,-10.477639727663842
path,-10.569944707414368,-10.474598107224184
path,-10.569717656731138,-10.47157450295731
path,-10.569432193021223,-10.46852524477063
path,-10.569127698069451,-10.465486645323944
path,-10.56880574720321,-10.462452811162159
path,-10.568469258488534,-10.459421366915509
path,-10.568157148745188,-10.456386570031167
path,-10.567865197930285,-10.453340245387668
path,-10.567641211887938,-10.450262280972213
path,-10.567564826718552,-10.447211043216706
path,-10.567671247396726,-10.444206495697635
path,-10.567934924805995,-10.441290684886194
path,-10.568343236575435,-10.438483805659796
path,-10.568897591694453,-10.43576907942173
path,-10.569486678050513,-10.4330914531551
path,-10.570069069187843,-10.430428878592231
path,-10.57064530991903,-10.427780205397704
path,-10.571217614075794,-10.425136684863656
path,-10.571784708738651,-10.42250498903314
path,-10.572346975441258,-10.419884242977654
path,-10.572904777147489,-10.41727352148932
path,-10.573458346843996,-10.414672498557968
path,-10.574020706867685,-10.412019815769192
path,-10.574580329222364,-10.40937458308021
path,-10.575136694698683,-10.406736841005383
path,-10.575690005565246,-10.404106066118151
path,-10.576240460100195,-10.401481692610746
path,-10.5767952573959,-10.398830332019624
path,-10.577347662063813,-10.396184177404436
path,-10.577897827936008,-10.393542691398507
path,-10.578445875668317,-10.390905479856068
path,-10.578991922240403,-10.388272126977652
path,-10.579546515175608,-10.385591665047205
path,-10.580099736119953,-10.382913821054036
path,-10.580651429713399,-10.380238412119017
path,-10.581201659713992,-10.377565109707964
path,-10.58175048331588,-10.374893607761035
path,-10.582305033100399,-10.372189331556868
path,-10.582858410781785,-10.36948601678157
path,-10.583407098932142,-10.366778795926123
path,-10.583962632990307,-10.364039892767163
path,-10.584518710533386,-10.36130416569397
path,-10.585085256527565,-10.358510298222805
path,-10.585648960977942,-10.355716122358471
path,-10.586211057467091,-10.352922827425527
path,-10.586771601845067,-10.350130066498116
path,-10.587330647713644,-10.34733749115284
path,-10.587895830549963,-10.344506117073806
path,-10.588459735522783,-10.341674053862866
path,-10.589022418359928,-10.338840956788363
path,-10.58958390782187,-10.336006611139
path,-10.590151279843617,-10.333172786538766
path,-10.59072081995644,-10.330275689414647
path,-10.591284330625017,-10.327374758145977
path,-10.591815965690227,-10.324471044406463
path,-10.592179689087704,-10.32158056387804
path,-10.592297543405909,-10.318618543948684
path,-10.592165644195513,-10.315543693181098
path,-10.591792686498572,-10.31238830920148
path,-10.591204508672162,-10.309162495563154
path,-10.590503562230705,-10.30590202872787
path,-10.589796371014586,-10.30264226272783
path,-10.589047243970516,-10.299299162936794
path,-10.588282452628954,-10.295953351395205
path,-10.587522015114365,-10.292610588827738
path,-10.586768165232353,-10.289270741115047
path,-10.586020865594909,-10.285933711249683
path,-10.58530774453186,-10.282654800751695
path,-10.584602796035139,-10.279381803996332
path,-10.583905278117664,-10.276110957711976
path,-10.58321552834283,-10.272842014335039
path,-10.582533893983825,-10.269574723393541
path,-10.581881493872984,-10.266351872900781
path,-10.581238286561117,-10.263131849865186
path,-10.580601219140801,-10.259916924910176
path,-10.579922836523483,-10.256714870751702
path,-10.579189905199282,-10.253502955364128
path,-10.578432769615398,-10.250337151965812
path,-10.57762703682496,-10.247165852991563
path,-10.576774259018162,-10.243985489717069
path,-10.575876742258496,-10.240796318095073
path,-10.574936665685964,-10.23759857039257
path,-10.573977467293274,-10.234431518433864
path,-10.57297980610207,-10.231257738312477
path,-10.571945358073473,-10.228075919495828
path,-10.570875882722127,-10.224886234953905
path,-10.569773044710798,-10.221688795732415
path,-10.568677202170054,-10.218545558301553
path,-10.567551034393059,-10.215401099376532
path,-10.566395886712101,-10.21224917833085
path,-10.565213110236746,-10.209089854841125
path,-10.56400398861227,-10.20592316905013
path,-10.562812003132416,-10.202810002727556
path,-10.561592035409396,-10.199695908948472
path,-10.560349244692105,-10.196574483307108
path,-10.559084687931351,-10.193445711181253
path,-10.55779937433841,-10.19030956726928
path,-10.556561985086294,-10.187252346672247
path,-10.5553041755179,-10.18420760868901
path,-10.554030230113204,-10.181156896214903
path,-10.55274583934801,-10.178108521490177
path,-10.551452385573457,-10.175063086530061
path,-10.550192073765388,-10.172051372337133
path,-10.548926412770198,-10.169059223240966
path,-10.547655449455673,-10.166083307227149
path,-10.546379792882659,-10.163121100972635
path,-10.545110224712177,-10.160158987470462
path,-10.543866858144607,-10.157205177761597
path,-10.542616056076024,-10.154252370003487
path,-10.541361510991042,-10.151301853678975
path,-10.5401063004808,-10.148355419110379
path,-10.538851260211079,-10.145411699960366
path,-10.537644575059227,-10.142495054454832
path,-10.536440611338646,-10.139578608363273
path,-10.535238892496253,-10.136660078363946
path,-10.53403972987561,-10.133737339468132
path,-10.53284350133285,-10.130808085756707
path,-10.5316805574686,-10.127886519848406
path,-10.530521306126952,-10.124954309611091
path,-10.529366140016151,-10.122009307497766
path,-10.52821548932223,-10.119049373924906
path,-10.527069803829832,-10.116072361183225
path,-10.526109747890146,-10.11262258522651
path,-10.525306496551684,-10.108649959584328
path,-10.524419210572082,-10.104585515903368
path,-10.523445903734315,-10.10045384138125
path,-10.522396845797552,-10.09626273432428
path,-10.521329003663672,-10.091887493945482
path,-10.52018567053155,-10.08744842061699
path,-10.518962313775384,-10.082947887306355
path,-10.517657329805571,-10.078385282903517
path,-10.516269423116372,-10.07376000376284
path,-10.514771707909198,-10.069150960298696
path,-10.513170339793236,-10.0645311387543
path,-10.511478403967539,-10.059864009946851
path,-10.50970217776135,-10.05513367636196
path,-10.507842075754061,-10.0503397599404
path,-10.50587314962393,-10.04556029114652
path,-10.503821408315996,-10.04076249324132
path,-10.50176074931891,-10.035939539843657
path,-10.499711102473146,-10.031105701814077
path,-10.497674127001526,-10.02626043312595
path,-10.49584965363751,-10.021543685832041
path,-10.494069011322125,-10.016830392791675
path,-10.492294349838627,-10.012089412924286
path,-10.49052587453746,-10.007326776793025
path,-10.488762500461839,-10.002559568839459
path,-10.487245841854852,-9.997984923230156
path,-10.485742320973007,-9.993443705284015
path,-10.484235462438294,-9.988902187155999
path,-10.482734006080063,-9.984346924147866
path,-10.481240114560425,-9.979773290007257
path,-10.479927436108367,-9.975329228342936
path,-10.478625424681535,-9.97089090783153
path,-10.47732838824191,-9.966446589600105
path,-10.476039967504617,-9.96198967296105
path,-10.474764749406384,-9.957512363641568
path,-10.47370597242689,-9.953189024713298
path,-10.472676791370674,-9.948865642042122
path,-10.471665420975489,-9.944523441229922
path,-10.470674551959059,-9.94015955055673
path,-10.4697099796116,-9.935765660130937
path,-10.46877800476471,-9.931338618326393
path,-10.467876143922444,-9.926879947123963
path,-10.46700547807872,-9.922390294811562
path,-10.466168854104513,-9.917867446192234
path,-10.465369512098817,-9.913308686197396
path,-10.464738415109567,-9.908858678712285
path,-10.464160693136384,-9.904380646650825
path,-10.463627084591153,-9.899863068183949
path,-10.463141207887524,-9.895303322035808
path,-10.462708254590357,-9.890701665745656
path,-10.462418106047801,-9.886200771043217
path,-10.462167457806961,-9.881693156674293
path,-10.461939637155604,-9.877161665064564
path,-10.461743481033093,-9.87261188898065
path,-10.461580433992014,-9.868042955819886
path,-10.461513014903534,-9.863691886434417
path,-10.461496759383259,-9.859353453329534
path,-10.4614689224323,-9.855362758923555
path,-10.461522751001326,-9.85189463833485
path,-10.461491881051696,-9.84841890584118
path,-10.4614042162133,-9.844815206923299
path,-10.46126314777715,-9.841074170504632
path,-10.461069250958511,-9.837195426460571
path,-10.460873512204085,-9.833392004225336
path,-10.460658540106897,-9.82951857423
path,-10.460367449453189,-9.82566431682534
path,-10.460073144523912,-9.82179546660871
path,-10.459735809420959,-9.817909280674312
path,-10.459219418559632,-9.814206313311741
path,-10.458677261561009,-9.810506593876596
path,-10.458120770809563,-9.806865151110133
path,-10.457547470676724,-9.803231363784354
path,-10.456957391294013,-9.799605110391404
path,-10.456350689831929,-9.795986464386829
path,-10.455727345692619,-9.792375360100605
path,-10.455115963090734,-9.788873405454254
path,-10.454499901540322,-9.785373590694538
path,-10.453884016584242,-9.781873649710846
path,-10.453268304979611,-9.778373592715232
path,-10.4526527637926,-9.77487342894114
path,-10.452036476880824,-9.771368068908375
path,-10.451420372019472,-9.767862608284817
path,-10.450804430770035,-9.764357063547658
path,-10.450188651170016,-9.76085144086708
path,-10.449573031444261,-9.757345745821695
path,-10.448981068974451,-9.753957969045382
path,-10.448386673128194,-9.750571390411631
path,-10.447792423949647,-9.74718475408974
path,-10.447198320180028,-9.743798063842704
path,-10.446604360680084,-9.740411323072623
path,-10.446025074649336,-9.737099616248315
path,-10.445444665683835,-9.73378849306965
path,-10.444864392282724,-9.730477328534269
path,-10.44428425368008,-9.727166124916883
path,-10.443704249181712,-9.723854884273957
path,-10.443148438373411,-9.720660255031227
path,-10.442589403555525,-9.71746724093685
path,-10.442030492457596,-9.714274195951628
path,-10.441471704565686,-9.711081121500202
path,-10.440913039759792,-9.707888018575334
path,-10.44034602960191,-9.704591773826975
path,-10.439726614911637,-9.701189274753578
path,-10.439074659593595,-9.697689315142382
path,-10.438437672783545,-9.694149710900904
path,-10.437806308376512,-9.690607062328484
path,-10.437217532367091,-9.687217730362814
path,-10.436611405267495,-9.683825243117388
path,-10.435991944203423,-9.680439371607385
path,-10.435359180464088,-9.677060090990404
path,-10.434714797181618,-9.673686561155261
path,-10.434087610818324,-9.670403815517373
path,-10.433459153768137,-9.66712179868712
path,-10.43283081932181,-9.663839784707065
path,-10.432202604474792,-9.66055776947023
path,-10.431574506495915,-9.657275749283645
path,-10.43096536777877,-9.654083930313476
path,-10.430354892702379,-9.650892850801082
path,-10.429744522627756,-9.647701759457798
path,-10.429134255686467,-9.644510653863776
path,-10.428524090171505,-9.641319531841157
path,-10.42793143386206,-9.638212266551236
path,-10.427337620785652,-9.635105637622681
path,-10.426743900313095,-9.631998988857397
path,-10.426150271254457,-9.628892318825546
path,-10.425556732515801,-9.625785626240148
path,-10.424973638473633,-9.62273075489792
path,-10.42439021987648,-9.619676086135758
path,-10.423806886112153,-9.616621392824047
path,-10.42322363639512,-9.613566674119099
path,-10.42264046999719,-9.610511929262179
path,-10.422074724216461,-9.607540580810552
path,-10.421507771416694,-9.604569885163212
path,-10.42094089584053,-9.60159916331367
path,-10.420374096953877,-9.598628414767195
path,-10.419807374257019,-9.59565763907971
path,-10.41925241096867,-9.592739716644093
path,-10.41869773128102,-9.589807899788628
path,-10.41814600818314,-9.586861039819341
path,-10.41759723034521,-9.583899364953215
path,-10.417051527279332,-9.580923129035545
path,-10.41652866106024,-9.577911134805026
path,-10.4160450696574,-9.57493025463622
path,-10.415529035604896,-9.572033268942244
path,-10.415051606605207,-9.569069253651486
path,-10.414639627678358,-9.56614179350063
path,-10.414252691193807,-9.563337044127335
path,-10.413898158947017,-9.560644551810888
path,-10.413555925068353,-9.558074471414066
path,-10.413211109467891,-9.555609187334296
path,-10.412859913403686,-9.553235000670291
path,-10.41251096141294,-9.550958837129997
path,-10.412155723609045,-9.548762805628535
path,-10.411792907402596,-9.546637778960216
path,-10.41142239420115,-9.54457946078571
path,-10.411044428301471,-9.542585141516787
path,-10.41066758852328,-9.540659544645392
path,-10.410284178070075,-9.538793827613146
path,-10.409893863830822,-9.536979612954616
path,-10.409492152524138,-9.535171245367717
path,-10.409078782645443,-9.533361323179172
path,-10.408665668216056,-9.531577153516267
path,-10.408242577926549,-9.529795822376348
path,-10.407809544636944,-9.528013690462448
path,-10.407366928224258,-9.526230937072228
path,-10.406915233285831,-9.524447621633744
path,-10.406464620386922,-9.522686927708808
path,-10.406006621984318,-9.52092959230087
path,-10.405544008627672,-9.519175881821656
path,-10.405077092005264,-9.517426185330855
path,-10.404605825623962,-9.5156805094123
path,-10.40413933459595,-9.513960868363723
path,-10.403669896558723,-9.512247568816722
path,-10.403199154920662,-9.510536435601114
path,-10.402723809815486,-9.508829355806482
path,-10.40224379751821,-9.507126343355017
path,-10.40177167143633,-9.505456309039063
path,-10.401295106587536,-9.503796832110588
path,-10.400815840958918,-9.502140167409506
path,-10.400338692687113,-9.500483548040991
path,-10.39986383194951,-9.498826880532748
path,-10.399397938280941,-9.49719085030519
path,-10.398934076650503,-9.495556863695866
path,-10.398472446863968,-9.493922832037109
path,-10.398013051036546,-9.492288755983232
path,-10.397555891170576,-9.490654636244637
path,-10.397110151427977,-9.489047763406777
path,-10.396666160515494,-9.487445189485802
path,-10.396222811406588,-9.48584264117944
path,-10.395798179633244,-9.484253463046713
path,-10.395393722560717,-9.482680913266424
path,-10.3950235487759,-9.481156236670023
path,-10.394674258168747,-9.479650538528816
path,-10.394327751850122,-9.478144081620954
path,-10.393982939732554,-9.476637529306402
path,-10.393639824163973,-9.475130883299146
path,-10.393302104733067,-9.473638772522445
path,-10.392965801036855,-9.472147190363659
path,-10.392631164862628,-9.470655520983524
path,-10.392298197676004,-9.4691637658577
path,-10.39196690076912,-9.467671926421746
path,-10.391640475113723,-9.466193122555879
path,-10.391315486037383,-9.464714703689696
path,-10.390992139704226,-9.46323620599273
path,-10.390670436865372,-9.461757630747567
path,-10.390350378164472,-9.46027897921254
path,-10.390045153843129,-9.458838815241124
path,-10.389738544304523,-9.457407478321274
path,-10.389433404253351,-9.455976120245074
path,-10.389129805608734,-9.45454469514308
path,-10.388827748641113,-9.453113203960855
path,-10.388529952662227,-9.45169349665897
path,-10.388233502711927,-9.450274050305415
path,-10.387938568714755,-9.44885454204707
path,-10.387645150731446,-9.447434972889585
path,-10.387353248780341,-9.446015343829714
path,-10.387066647036928,-9.444611616607506
path,-10.386781150938916,-9.443208583508387
path,-10.386497135180019,-9.441805494741327
path,-10.386214599653698,-9.440402351244535
path,-10.385933544225962,-9.438999153950887
path,-10.385655593078702,-9.437603686850835
path,-10.385379037370276,-9.43620821608894
path,-10.385103944734412,-9.4348126948523
path,-10.384830314953131,-9.43341712404307
path,-10.384558147219602,-9.432021504542373
path,-10.384277994613406,-9.43057776378742
path,-10.383999277930734,-9.429132539964066
path,-10.383722128650046,-9.427687266930153
path,-10.383446546430628,-9.426241945668842
path,-10.383172530918152,-9.424796577161734
path,-10.382902273812165,-9.423361829525811
path,-10.382633406664665,-9.421927218805491
path,-10.38236608167187,-9.420492564417994
path,-10.382100298442698,-9.419057867319172
path,-10.38183605657602,-9.417623128463985
path,-10.381577999116718,-9.416202832720078
path,-10.381320518836485,-9.414783529628219
path,-10.381064004309282,-9.413364541914492
path,-10.38080897219311,-9.411945532596276
path,-10.380555424254936,-9.410526501103792
path,-10.380305306318732,-9.409117445751301
path,-10.380056500526909,-9.407708480013769
path,-10.379809161527579,-9.406299492929723
path,-10.379563290337757,-9.404890484418173
path,-10.379318887939618,-9.403481453616285
path,-10.379078764129751,-9.402086158816084
path,-10.378839725341605,-9.400691349016176
path,-10.378601746006376,-9.399296766376782
path,-10.378366302652863,-9.397901444341661
path,-10.378133819484496,-9.396505111497635
path,-10.377907137320104,-9.395120499909618
path,-10.377683611465494,-9.39373495269024
path,-10.37746340336459,-9.392348154193742
path,-10.377246486709556,-9.390960124267412
path,-10.377032835071487,-9.389570883325307
path,-10.376821475847432,-9.388187851344213
path,-10.376627776426252,-9.38681683214685
path,-10.37646519235732,-9.385475909820132
path,-10.376386620180394,-9.384154364349884
path,-10.376405147361355,-9.382764993901505
path,-10.37637399025053,-9.381311256427342
path,-10.37625627754608,-9.379839827606078
path,-10.37606026198306,-9.378350588545851
path,-10.375832729302605,-9.376873902515245
path,-10.375585473417603,-9.375414898378967
path,-10.37533410705973,-9.373975542270458
path,-10.375084202174005,-9.372537093566274
path,-10.374835343513027,-9.371099224820213
path,-10.374587280186525,-9.369661701521883
path,-10.374339839311983,-9.368224361552898
path,-10.374094454533136,-9.36679615254215
path,-10.373849479196702,-9.365367937942606
path,-10.373601750064584,-9.363938492096988
path,-10.373357733847524,-9.362510202016956
path,-10.37311395956638,-9.361081771187525
path,-10.372872050408306,-9.359662798603537
path,-10.372630354130147,-9.358243665936287
path,-10.372388867448148,-9.356824369489287
path,-10.372147590332267,-9.355404907834714
path,-10.371906527947182,-9.353985286474456
path,-10.371666735019323,-9.352571677625653
path,-10.371427170283821,-9.3511579305853
path,-10.371187844641765,-9.349744055068768
path,-10.370948770877503,-9.348330070195097
path,-10.370709962693624,-9.346915988215157
path,-10.370472921702632,-9.345510448469229
path,-10.370236144060017,-9.344104869794391
path,-10.369999675332066,-9.342699249181022
path,-10.369763532341835,-9.341293603714075
path,-10.369524523171659,-9.33988670113972
path,-10.369290211870023,-9.338486470297156
path,-10.369056250998794,-9.337086275566373
path,-10.368822662484733,-9.335686136594017
path,-10.368589467520865,-9.334286074082893
path,-10.368356687328411,-9.332886112055775
path,-10.368125688929874,-9.331494017333748
path,-10.367895087938441,-9.33010210733448
path,-10.36766495965168,-9.328710365487577
path,-10.367435324872018,-9.327318816479703
path,-10.36720620428287,-9.325927482641639
path,-10.366978465416405,-9.32454135441002
path,-10.36675124952902,-9.323155508027941
path,-10.36652460557661,-9.321769949605414
path,-10.366298553891069,-9.320384702343912
path,-10.36607311482199,-9.318999791779891
path,-10.365848719874284,-9.317617745272708
path,-10.365621657781405,-9.316234812246009
path,-10.365399019854696,-9.314853288601304
path,-10.365176761367696,-9.313472415253019
path,-10.364955198414286,-9.312092003724818
path,-10.3647350692372,-9.310716129333372
path,-10.364515612359892,-9.309340806351576
path,-10.364296911189577,-9.307966019952884
path,-10.364078986661374,-9.306591793711068
path,-10.36386185962422,-9.305218156134405
path,-10.363647822048389,-9.303853639780089
path,-10.36343382110991,-9.302490274400014
path,-10.363220612998544,-9.301127598932009
path,-10.363008271923965,-9.299765606873592
path,-10.362796817521986,-9.298404323553994
path,-10.362587716250497,-9.297046752648075
path,-10.362380892244412,-9.295688579694895
path,-10.362176570186243,-9.294329638148593
path,-10.36197491428439,-9.292969826848735
path,-10.361776046114432,-9.291609068478746
path,-10.361581216090691,-9.290254182219128
path,-10.361387893728379,-9.288899175421946
path,-10.361196245509179,-9.287543935638414
path,-10.361006439730795,-9.28618836009241
path,-10.360818645254268,-9.284832338993994
path,-10.360634420994606,-9.283479644214276
path,-10.360452583789197,-9.282126268069723
path,-10.360273303126132,-9.280772103587747
path,-10.360096750498169,-9.279417045063498
path,-10.359923097257104,-9.278060986796179
path,-10.359754395918374,-9.27670927479614
path,-10.35958893382665,-9.275356350062069
path,-10.35942688535483,-9.274002105478484
path,-10.35926842607147,-9.27264643214146
path,-10.359113733039333,-9.271289225142503
path,-10.358964139182914,-9.269933768649663
path,-10.358818666247974,-9.26857656213475
path,-10.358677494301206,-9.267217495308078
path,-10.358540806382072,-9.265856461527301
path,-10.35840879198431,-9.264493348018084
path,-10.35828241918689,-9.26313040635059
path,-10.358161087933874,-9.261765167904587
path,-10.358044987816099,-9.260397519494695
path,-10.357934311991619,-9.259027350278215
path,-10.357829255136911,-9.257654545930132
path,-10.357730745069805,-9.25628120140855
path,-10.35763824690716,-9.254904994014117
path,-10.357551962450373,-9.253525809336088
path,-10.357472096064836,-9.252143528866704
path,-10.357398854255791,-9.250758035391668
path,-10.357339645553624,-9.249372627417019
path,-10.357278651296971,-9.247984293725358
path,-10.357223221584437,-9.246530646584388
path,-10.356988397576487,-9.245006451226796
path,-10.356672761661965,-9.243580197204853
path,-10.3563613366327,-9.242222368184335
path,-10.356053673372081,-9.240931839801823
path,-10.355749280281502,-9.239695539809693
path,-10.355510187647674,-9.238486892919582
path,-10.355264958429604,-9.237284082529225
path,-10.355223049828757,-9.236080369659936
path,-10.355479832083217,-9.234911394911526
path,-10.355838969765253,-9.233820282569665
path,-10.35620356656843,-9.232754150951367
path,-10.356567597242922,-9.231686267582191
path,-10.356930770043196,-9.230623381922646
path,-10.357294400749412,-9.2295605191136
path,-10.357658485051827,-9.22849767613943
path,-10.358023019011549,-9.227434851211902
path,-10.358387999044108,-9.226372042796164
path,-10.358753773355733,-9.225308230292889
path,-10.359119988246519,-9.224244431429907
path,-10.35948664100001,-9.223180645728979
path,-10.359853729127163,-9.222116870947957
path,-10.360221252861317,-9.221053107431905
path,-10.360589661797125,-9.219988038835782
path,-10.360958501000521,-9.218922978524956
path,-10.36132925131393,-9.217853990674673
path,-10.361754615496356,-9.216712041754676
path,-10.362261010998019,-9.215475472977642
path,-10.362849000996478,-9.214146689906281
path,-10.363518150169035,-9.212725397355833
path,-10.364257588795175,-9.211223851701277
path,-10.365062476383969,-9.209647405651072
path,-10.365892656288608,-9.208041826598611
path,-10.366723586549634,-9.206434169222627
path,-10.367554144829901,-9.204826604237255
path,-10.36838432964525,-9.20321913409036
path,-10.369214139968323,-9.20161175912217
path,-10.370043575456918,-9.200004479734917
path,-10.370875587660228,-9.198391571155181
path,-10.371707227667974,-9.196778754977792
path,-10.372538489968415,-9.195166035959097
path,-10.373369374606284,-9.19355341431617
path,-10.3741998816787,-9.19194089023621
path,-10.375032370435576,-9.190323878905458
path,-10.375864484161491,-9.188706962407892
path,-10.376696218707096,-9.18709014445549
path,-10.377527574337735,-9.185473425141048
path,-10.378358551349883,-9.183856804539381
path,-10.379190936359922,-9.18223680411956
path,-10.380022945089577,-9.18061690022551
path,-10.380854574608184,-9.178997095610862
path,-10.381685825312688,-9.177377390293504
path,-10.382516697618353,-9.175757784280526
path,-10.383350669033977,-9.174131492945229
path,-10.384184266177465,-9.172505296444472
path,-10.385017483076656,-9.170879200058991
path,-10.385850320211024,-9.169253203760654
path,-10.38668277807061,-9.167627307514891
path,-10.387517348730558,-9.165996640035475
path,-10.3883515434264,-9.164366069334745
path,-10.38918535809362,-9.162735599155937
path,-10.39001879325991,-9.161105229443299
path,-10.390851849458846,-9.159474960137258
path,-10.391691015806707,-9.15783205314586
path,-10.392529844054524,-9.156189199360192
path,-10.393368289006327,-9.154546447373306
path,-10.394206351227965,-9.152903797110826
path,-10.395044031288268,-9.151261248496178
path,-10.3958869759703,-9.149607718749655
path,-10.396729544937303,-9.147954283267767
path,-10.397571728297388,-9.14630095057602
path,-10.39841352664067,-9.14464772058848
path,-10.399254940558505,-9.142994593217969
path,-10.400100632700166,-9.141332399445172
path,-10.40094594589609,-9.139670302162513
path,-10.401790872178426,-9.138008308375278
path,-10.402635412152136,-9.136346417990394
path,-10.40347956642239,-9.134684630914128
path,-10.404330443971388,-9.13300886520207
path,-10.405181035606086,-9.131333086658744
path,-10.406031236753359,-9.129657412917458
path,-10.406881048034691,-9.127981843879219
path,-10.407730470071073,-9.126306379444747
path,-10.40858566145906,-9.124618861047907
path,-10.409440470174758,-9.122931439396615
path,-10.41029488578966,-9.121244123536242
path,-10.411148908996656,-9.119556913405823
path,-10.412002540427697,-9.117869808902372
path,-10.412797949556316,-9.116210633651574
path,-10.413469707532162,-9.114726470588083
path,-10.414004505322017,-9.113375137821544
path,-10.414408437814966,-9.112190128409107
path,-10.414738981342715,-9.111087099094293
path,-10.415071576256793,-9.10997823065708
path,-10.415404728639613,-9.10886941793005
path,-10.415738465961669,-9.10776058817771
path,-10.416072812430807,-9.106651672422915
path,-10.416407792516626,-9.10554260022792
path,-10.416743605216451,-9.104432079255314
path,-10.41707879229458,-9.103324538708547
path,-10.417413352779413,-9.102219960116965
path,-10.41774674693549,-9.10111850024944
path,-10.418079056473557,-9.100020231635364
path,-10.418416286231166,-9.098922587647506
path,-10.418748952863842,-9.097828977517057
path,-10.41908277732,-9.096736866685664
path,-10.419417795695557,-9.095646136172695
path,-10.419754025962096,-9.094556722941817
path,-10.420091894943264,-9.09346706639339
path,-10.420430971183022,-9.092378720381976
path,-10.420771231744343,-9.091291730453692
path,-10.421112639403594,-9.090206175510167
path,-10.421455150611031,-9.089122151692447
path,-10.421799613556193,-9.088036635840496
path,-10.422145089911146,-9.086952880927868
path,-10.422491548068894,-9.085870856432019
path,-10.422837969403817,-9.084790941195735
path,-10.423183986638884,-9.08371317762381
path,-10.4235305876935,-9.082634203779342
path,-10.423876876361183,-9.08155712427637
path,-10.424222897870512,-9.080481813214517
path,-10.424568696160867,-9.079408147383093
path,-10.424914315347847,-9.078336005229888
path,-10.425260447780138,-9.077263055007567
path,-10.425606655678875,-9.076190984819732
path,-10.425952879061507,-9.075119934666235
path,-10.426299101381288,-9.074049934337383
path,-10.426645366912284,-9.072980867103452
path,-10.426992831349525,-9.07190885064056
path,-10.427340430082419,-9.070837533234126
path,-10.427688208703605,-9.069766799841354
path,-10.428036212217204,-9.068696537232459
path,-10.428384485199965,-9.067626633881119
path,-10.428733581969427,-9.066555260355331
path,-10.429083039444542,-9.065484020132377
path,-10.429432903606388,-9.064412801260662
path,-10.429783221239196,-9.063341490503639
path,-10.430134038558156,-9.062269976995927
path,-10.43048644570928,-9.0611946526422
path,-10.430839449017867,-9.060118897624182
path,-10.431193096378554,-9.059042601215252
path,-10.431547435974622,-9.0579656508763
path,-10.431902516581932,-9.056887933822331
path,-10.432259465441536,-9.055805746585586
path,-10.432617257916865,-9.05472255969446
path,-10.432975945182886,-9.053638259542614
path,-10.433335578719637,-9.052552730313563
path,-10.433696211430886,-9.051465854900098
path,-10.434058638096458,-9.050375057636833
path,-10.434422173639735,-9.049282673234714
path,-10.434786873499876,-9.048188582246572
path,-10.435152794008848,-9.047092662802775
path,-10.43551999234108,-9.045994792288434
path,-10.435889486890904,-9.0448916837485
path,-10.436260379907145,-9.04378636847521
path,-10.436632732929464,-9.042678718630185
path,-10.437006608121361,-9.041568603944935
path,-10.43738206935882,-9.040455891892142
path,-10.437760828971898,-9.039335053036039
path,-10.438141309883274,-9.038211340002514
path,-10.438523580930452,-9.037084614729087
path,-10.438907671259658,-9.035954829775264
path,-10.43929358019082,-9.034822005789827
path,-10.439682546037364,-9.03368220039377
path,-10.440073479759437,-9.032539056679331
path,-10.44046646945128,-9.031392396823092
path,-10.440861543839802,-9.030242178959472
path,-10.441258775347935,-9.029088261374726
path,-10.441670340815561,-9.027891394397086
path,-10.442084282115516,-9.026690404317478
path,-10.442500659709339,-9.025485198541066
path,-10.442919560683544,-9.024275609966761
path,-10.44334107443095,-9.0230614669822
path,-10.44376691836038,-9.021837368695298
path,-10.444195565596408,-9.02060835699946
path,-10.444627085545068,-9.019374314064875
path,-10.445061465635531,-9.018135304613223
path,-10.445498694028228,-9.016891392215589
path,-10.44594002242929,-9.015638694067068
path,-10.446384362585329,-9.01438080554504
path,-10.446831673038279,-9.013117859523442
path,-10.447282046605691,-9.011849689096621
path,-10.447735609206873,-9.010576054107682
path,-10.448194638994599,-9.00928992185732
path,-10.44865714471234,-9.007997783999231
path,-10.449123194224168,-9.006699541871873
path,-10.449592751361063,-9.00539532421502
path,-10.450065938342814,-9.004084910468094
path,-10.45054425344486,-9.002763764998953
path,-10.451026478220246,-9.001435917966953
path,-10.451512756519076,-9.000101113413434
path,-10.452003232507465,-8.998759095385207
path,-10.452498058799163,-8.997409592594233
path,-10.452999594157397,-8.99604545245585
path,-10.453505807065932,-8.994673256686674
path,-10.454016873006768,-8.993292698272434
path,-10.45453298511811,-8.991903436079511
path,-10.455055502803022,-8.990509481311205
path,-10.455581525310269,-8.989100288996198
path,-10.45611333810974,-8.98768118775615
path,-10.456650970695604,-8.986252191070978
path,-10.457194621588535,-8.984812953514345
path,-10.457744495998892,-8.983363121187443
path,-10.458305100501919,-8.981890749537891
path,-10.458877015460411,-8.980397210861035
path,-10.459460239186336,-8.978882709965646
path,-10.460055064110236,-8.977346828380563
path,-10.460661796912794,-8.975789127260883
path,-10.461281738150022,-8.974217482328516
path,-10.4618732043655,-8.97251852583722
path,-10.462462039804683,-8.970736451384017
path,-10.46306458361686,-8.969123415442283
path,-10.463672902697931,-8.967674782236488
path,-10.464236187860532,-8.966315509076278
path,-10.46473469815336,-8.965018870374786
path,-10.465213345782812,-8.963742037361444
path,-10.46569269257287,-8.96246540166439
path,-10.466172734280656,-8.961188956720799
path,-10.466658550600993,-8.959899238148234
path,-10.467145068420821,-8.958609696880822
path,-10.46763228463609,-8.95732033278466
path,-10.468120195944989,-8.956031141987884
path,-10.468608800173486,-8.954742120493771
path,-10.469100477936571,-8.953447003519232
path,-10.469592850426343,-8.95215204822779
path,-10.470085915391632,-8.950857254145538
path,-10.470579671095207,-8.94956261872041
path,-10.471074116510211,-8.948268139461664
path,-10.471574324592755,-8.946960578186923
path,-10.47207523302959,-8.94565316755344
path,-10.472576839602565,-8.944345912691
path,-10.473079145252155,-8.943038810277473
path,-10.473582147446198,-8.941731860177642
path,-10.474091101464793,-8.940411455720271
path,-10.474600764014317,-8.939091199217831
path,-10.475111138840598,-8.937771091711472
path,-10.475622221701812,-8.93645113458529
path,-10.47613401072387,-8.935131326621367
path,-10.476650866185716,-8.933800465447112
path,-10.477168440453578,-8.932469749612167
path,-10.477686732209385,-8.931139183746065
path,-10.47820574026413,-8.929808768363538
path,-10.478725464370518,-8.928478502918228
path,-10.479268951351832,-8.927089586586673
path,-10.479813218097297,-8.925700811440318
path,-10.480358263891949,-8.92431220133772
path,-10.480904088051236,-8.922923753671649
path,-10.481450689828879,-8.921535468846345
path,-10.482003264092379,-8.92013419487875
path,-10.482556629664494,-8.918733082658388
path,-10.483110785549046,-8.917332137083852
path,-10.483665731667031,-8.915931357802355
path,-10.484221467501166,-8.914530744990602
path,-10.484786507718727,-8.913108908695119
path,-10.48535236046555,-8.911687237822886
path,-10.485919026123312,-8.910265738765677
path,-10.48648650324505,-8.90884441296423
path,-10.487054791741066,-8.907423260208668
path,-10.487632983222932,-8.905979616972024
path,-10.488212011051438,-8.904536145706032
path,-10.488791874690234,-8.903092854261345
path,-10.489372573840706,-8.901649742663652
path,-10.489954108563015,-8.900206810810978
path,-10.490576021699795,-8.898661760567988
path,-10.491217348378713,-8.897078604059322
path,-10.49185086281336,-8.895512079017369
path,-10.49248570315569,-8.893946297909409
path,-10.493123790450413,-8.892376504641122
path,-10.493763685885819,-8.890805053950453
path,-10.494406795375816,-8.88922975149071
path,-10.495053126923748,-8.887650613121385
path,-10.495702689673633,-8.886067652750617
path,-10.496355494374818,-8.884480882457774
path,-10.49701137839045,-8.882890733466317
path,-10.497670525384505,-8.881296799531968
path,-10.498332948222085,-8.87969909023486
path,-10.498998661046867,-8.878097613925938
path,-10.499667678827471,-8.876492377671962
path,-10.500341454891068,-8.874879922215406
path,-10.501015021251735,-8.87327112282053
path,-10.501689681931653,-8.87166266927413
path,-10.50236543625229,-8.870054564265807
path,-10.503042280279171,-8.868446811626319
path,-10.503720202892914,-8.866839428458752
path,-10.50439920893707,-8.865232403493307
path,-10.505079295642032,-8.86362573942322
path,-10.50576046003645,-8.862019438953626
path,-10.506442700792944,-8.860413504219506
path,-10.50712608834407,-8.858807767516954
path,-10.507810547993698,-8.857202400662514
path,-10.508496079228713,-8.855597404987567
path,-10.509182679923693,-8.853992782532965
path,-10.509870348867917,-8.852388534841193
path,-10.510559177792413,-8.850784464570136
path,-10.511249075178293,-8.849180773575762
path,-10.511940036404823,-8.847577459805274
path,-10.512632061507528,-8.845974526382438
path,-10.513325149256227,-8.844371974116036
path,-10.514015513387596,-8.842778527388448
path,-10.514706927246117,-8.841185462941253
path,-10.515399388697212,-8.839592777147267
path,-10.516092899083867,-8.838000474162428
path,-10.516787454957752,-8.836408550806404
path,-10.517508347125048,-8.834759235825087
path,-10.518230364041113,-8.833110317727156
path,-10.518953386785958,-8.831461596177956
path,-10.519675471997095,-8.829809980264168
path,-10.520393730521493,-8.828161723661543
path,-10.521099197087473,-8.826519856772977
path,-10.521794099918523,-8.8248785138229
path,-10.522478454606299,-8.823237847641616
path,-10.523152025102794,-8.821597614984466
path,-10.523814928870998,-8.819958136685306
path,-10.52446294622543,-8.818320041487654
path,-10.525096349261018,-8.816677259640285
path,-10.525709436768766,-8.815021796211354
path,-10.526297785960463,-8.813346344468336
path,-10.52686081521417,-8.811654460525132
path,-10.527389586614264,-8.80994522206577
path,-10.527889974454823,-8.80821150769055
path,-10.528368907879745,-8.806449119766684
path,-10.528827111834163,-8.80465792874705
path,-10.52926472857924,-8.802838112309889
path,-10.529635635401682,-8.801042789391714
path,-10.529964759862445,-8.799275453586171
path,-10.530285321672062,-8.797507884670793
path,-10.530602549764415,-8.795734755819954
path,-10.53091595343212,-8.793955413325985
path,-10.53121138146668,-8.792178404386082
path,-10.531501502392672,-8.790394283185018
path,-10.531786320596117,-8.788601998079807
path,-10.532065346213749,-8.786800895812751
path,-10.532338089267899,-8.78499032160073
path,-10.532609056049791,-8.783166226263221
path,-10.53287276111955,-8.78133133828052
path,-10.533128708176367,-8.779484997312261
path,-10.533376401432403,-8.777626541051497
path,-10.533615344076313,-8.775755304125735
path,-10.533855751891846,-8.773863346312362
path,-10.534086418311766,-8.771957256905424
path,-10.534306835783129,-8.77003636088684
path,-10.534516498382471,-8.76809998116034
path,-10.534714899174787,-8.766147437606467
path,-10.5349098211713,-8.764172420576566
path,-10.53509247148883,-8.762179863885631
path,-10.5352623349778,-8.76016907941199
path,-10.535418896982454,-8.75813937614587
path,-10.535561642876274,-8.756090060733756
path,-10.535696063679023,-8.754016361499302
path,-10.53581564184009,-8.751921651301695
path,-10.535919853944904,-8.749805229639183
path,-10.536008180583492,-8.747666393309903
path,-10.536080101282687,-8.745504438312194
path,-10.53614146328812,-8.74331433554085
path,-10.53618537762462,-8.7410996897098
path,-10.536211315482769,-8.738859787447144
path,-10.536218749400767,-8.736593913169543
path,-10.536207153087013,-8.734301348450241
path,-10.536181686286023,-8.731977514589046
path,-10.536136134853948,-8.729625542632283
path,-10.536069966339147,-8.727244708210998
path,-10.535987706464084,-8.72484100293748
path,-10.535892948987678,-8.722419205976168
path,-10.535862408219959,-8.719926353148516
path,-10.53581151686773,-8.717398756329494
path,-10.535739493055475,-8.71484129646577
path,-10.53565245766939,-8.712262110165803
path,-10.535550362976261,-8.709661133445499
path,-10.535431414699447,-8.707038379385356
path,-10.535296216617471,-8.704392234190841
path,-10.535144175987815,-8.701721896175481
path,-10.534974700360928,-8.699026564356615
path,-10.534787198340325,-8.696305434444815
path,-10.534583411351834,-8.693564534746585
path,-10.534368018832078,-8.690806371991142
path,-10.534140424608099,-8.688030144435908
path,-10.53390405503211,-8.685240408329033
path,-10.533666442282696,-8.682447201675233
path,-10.53342343100664,-8.679656464774482
path,-10.533180922991031,-8.676864612629279
path,-10.532938345879675,-8.674070877926003
path,-10.532695049770743,-8.671274398852875
path,-10.532450471389678,-8.668474428294504
path,-10.532198595568483,-8.665673687842856
path,-10.531944172410295,-8.662867777808575
path,-10.531686699986283,-8.660056023638623
path,-10.53142549673856,-8.657237513297096
path,-10.531160001850694,-8.654411495417916
path,-10.53088301585331,-8.65158134008713
path,-10.53060055189343,-8.648742104717495
path,-10.530312610630583,-8.645893777028677
path,-10.53001922901135,-8.643036403615067
path,-10.529719633811576,-8.640168945616354
path,-10.529406867834847,-8.637295171485949
path,-10.529086915333954,-8.634410012719417
path,-10.528765344239247,-8.631520905551074
path,-10.52844642149826,-8.628633565166933
path,-10.52813014463152,-8.625747992655283
path,-10.527892316608476,-8.622795331937937
path,-10.52764595464916,-8.619821554212331
path,-10.52738880262924,-8.616831588674922
path,-10.527120093561642,-8.613824129826732
path,-10.526839352366938,-8.610798536468875
path,-10.526536810120268,-8.607759708204513
path,-10.52622269043933,-8.604703523936964
path,-10.525909305621038,-8.601646307571764
path,-10.525598889704359,-8.598591069161351
path,-10.525291436816866,-8.59553781148807
path,-10.524989285976803,-8.592506044339906
path,-10.524689712096398,-8.589476962850526
path,-10.524393044513166,-8.586449839698696
path,-10.524099278407707,-8.583424672997415
path,-10.523808423955677,-8.580401490778277
path,-10.523522337058719,-8.57739745096678
path,-10.523238903063993,-8.574395818547726
path,-10.522958311775854,-8.571396120437557
path,-10.522680559743103,-8.568398357934587
path,-10.522405640159409,-8.565402530793992
path,-10.522136200923965,-8.562430663326502
path,-10.521868987764556,-8.559461898960908
path,-10.521604549480951,-8.556495043248452
path,-10.521339468987687,-8.553524752705513
path,-10.521061539451157,-8.55053178750625
path,-10.520775713157061,-8.547538881893665
path,-10.520491289700509,-8.544547080165586
path,-10.520209804801404,-8.541557665283767
path,-10.519931253626627,-8.538570643722071
path,-10.519655632238992,-8.535586008872531
path,-10.51938424971829,-8.532616082313071
path,-10.519115597725316,-8.52964884730673
path,-10.518849836091382,-8.526683981428922
path,-10.518586960968953,-8.523721477570488
path,-10.518326967824464,-8.520761339615474
path,-10.518071723321974,-8.51781882090389
path,-10.51781884806937,-8.514879572246997
path,-10.517568810417533,-8.51194265380944
path,-10.517321605467336,-8.509008070920865
path,-10.517077228975374,-8.506075815693892
path,-10.516978736029444,-8.503017670132593
path,-10.516912160051776,-8.49984520156999
path,-10.516928347393039,-8.496457597331586
path,-10.517005376748946,-8.492922740818129
path,-10.517077616751157,-8.489355563446688
path,-10.517140005074387,-8.485764581471114
path,-10.517212223488427,-8.482164255122637
path,-10.517297583276425,-8.478568933371179
path,-10.517365774967667,-8.47513798502722
path,-10.517490735003301,-8.471784130566414
path,-10.517681092607498,-8.468485486486761
path,-10.517934228896475,-8.465245478089349
path,-10.518249952847764,-8.462064034524792
path,-10.518628089002464,-8.458941109676635
path,-10.519064164126778,-8.455871980369427
path,-10.519557168822223,-8.452844094289427
path,-10.520101926973867,-8.449862742190389
path,-10.52069558921566,-8.446924365687277
path,-10.521337374969269,-8.444028201370468
path,-10.522027227316674,-8.441174317546494
path,-10.522782067597037,-8.438336328814405
path,-10.523584684918807,-8.435540518764093
path,-10.524437699198458,-8.43279079049876
path,-10.525346830496922,-8.430095658823104
path,-10.526312409380285,-8.427455789784169
path,-10.527362494678647,-8.424831065649283
path,-10.5284701351433,-8.422260666073297
path,-10.529633440517435,-8.419745600920994
path,-10.53085365988704,-8.4172873396502
path,-10.532130932843671,-8.414886327586796
path,-10.533504154462237,-8.412486884348041
path,-10.534936682374413,-8.4101406853884
path,-10.536466877563925,-8.407792230458554
path,-10.538000483023762,-8.405432402749168
path,-10.539519069677546,-8.403072828614402
path,-10.541088664618504,-8.400405769869453
path,-10.542804459396676,-8.397470089424864
path,-10.54460279341285,-8.394376612329115
path,-10.54638707513757,-8.391283935698661
path,-10.548157618399722,-8.38819557643767
path,-10.550003934917019,-8.384994134675246
path,-10.551856567243581,-8.381764112200871
path,-10.553695477301419,-8.378538931987512
path,-10.555521010953434,-8.375319283485576
path,-10.557331513465483,-8.372103218905345
path,-10.55924130020724,-8.368744484624093
path,-10.561180010036827,-8.365319397484017
path,-10.56310495036133,-8.361899115962544
path,-10.565012064491329,-8.358478808788796
path,-10.566904452889903,-8.355064486599437
path,-10.568839088276723,-8.351582813162624
path,-10.570764648027753,-8.348100486268988
path,-10.572676574596995,-8.344626314032093
path,-10.57457707539403,-8.34116246966646
path,-10.576467471748957,-8.337710486072153
path,-10.578466241348336,-8.334124638604477
path,-10.580506447264563,-8.330471393767981
path,-10.582537791668063,-8.326832570512655
path,-10.584560770310759,-8.32320905060442
path,-10.586575902695843,-8.31960171789522
path,-10.588684882438459,-8.31586928175946
path,-10.590577491858257,-8.312133757056891
path,-10.592327748164243,-8.308280333797086
path,-10.592675570285385,-8.303274427500522
path,-10.592644445288162,-8.2976905679305
path,-10.592753111733348,-8.291742681806118
path,-10.592885712656908,-8.285441099521137
path,-10.593037864067561,-8.278794214726037
path,-10.593172152099497,-8.271861026554676
path,-10.593190080898783,-8.264802220690772
path,-10.593223192912854,-8.2575115688019
path,-10.593231561758428,-8.249951973558366
path,-10.593187595621892,-8.2423351675181
path,-10.593152643181305,-8.234726270320477
path,-10.593127734582772,-8.227125061015746
path,-10.593142898630132,-8.219737541213364
path,-10.593156209440334,-8.212487228471714
path,-10.593179248887198,-8.20524371961589
path,-10.593211856805556,-8.1980069817203
path,-10.593253868789647,-8.190776981385962
path,-10.593325207129526,-8.183769139718802
path,-10.593425703650002,-8.177062009393932
path,-10.593534320249024,-8.170597423568967
path,-10.593659192384195,-8.164182665529854
path,-10.593799179388332,-8.157814738582854
path,-10.594028009743516,-8.151454875608165
path,-10.594262796198175,-8.145280922838026
path,-10.59449042624786,-8.139247242272285
path,-10.59471796888296,-8.133321644124894
path,-10.594946805563605,-8.127489668728403
path,-10.595246897179482,-8.121961403956808
path,-10.595515384475869,-8.116781388129752
path,-10.595749827928104,-8.111769971579175
path,-10.595980955098138,-8.10676171713572
path,-10.596218700025974,-8.101730285782752
path,-10.59651104866356,-8.09695246052647
path,-10.596765139327749,-8.092489443484965
path,-10.597006196139588,-8.088079649569671
path,-10.597243624713268,-8.08367244115614
path,-10.597477732549574,-8.079267752431084
path,-10.597782705741478,-8.07462726317642
path,-10.598033723340818,-8.069525890706226
path,-10.598241615313917,-8.06400614900028
path,-10.598585943868246,-8.058107244212769
path,-10.599208750441841,-8.052173519892456
path,-10.59990809853259,-8.045968725099241
path,-10.60066397104058,-8.039341920330681
path,-10.601543824567338,-8.032360565455004
path,-10.602526119070697,-8.025022788181015
path,-10.603597530471433,-8.017307936982837
path,-10.604646534325857,-8.009111843997928
path,-10.60560419733994,-8.00039366944452
path,-10.606659318772916,-7.991333886010181
path,-10.607871299877639,-7.981988848342319
path,-10.609249037359989,-7.972357940990443
path,-10.610746312342862,-7.96242391123495
path,-10.612365384208408,-7.95219539590886
path,-10.614084432978505,-7.941646302067463
path,-10.615925458333427,-7.930809497402183
path,-10.617812430813773,-7.91989413566127
path,-10.6197844167164,-7.908813371256042
path,-10.621877098633346,-7.897412814287958
path,-10.624073720066386,-7.885707190329766
path,-10.626388636012827,-7.8737070887944745
path,-10.628801682662257,-7.861412048614214
path,-10.631126442934368,-7.849129460506828
path,-10.63364671483289,-7.837031094242352
path,-10.636220271513341,-7.824628031351238
path,-10.638847373688522,-7.81185437867157
path,-10.641528448028396,-7.798722950013598
path,-10.644123895492914,-7.785522798113607
path,-10.646642988729834,-7.7727275837027525
path,-10.649100377436342,-7.760115993246906
path,-10.651654966995975,-7.747241936457373
path,-10.654398168020785,-7.734088232741912
path,-10.657186909232166,-7.721184086422837
path,-10.659946327034262,-7.7091821676562775
path,-10.6626780643551,-7.698101040391479
path,-10.665358908664581,-7.687598567784051
path,-10.668051027330902,-7.677168650945293
path,-10.670838992371442,-7.666485753967822
path,-10.67361113844397,-7.655334093966461
path,-10.676329139209905,-7.6437309005263305
path,-10.679114765023895,-7.631721505614623
path,-10.682034015008025,-7.619356462801651
path,-10.685007497762072,-7.607324447628979
path,-10.687946161821907,-7.596247127853631
path,-10.6908115821597,-7.58593263226204
path,-10.693421219287087,-7.575798494923493
path,-10.695708448141412,-7.565738040342385
path,-10.697868292333238,-7.556183752163782
path,-10.699913688175611,-7.547491906425583
path,-10.701546995803156,-7.539127014135186
path,-10.703011374116997,-7.530897296263751
path,-10.70432479496291,-7.522772709087136
path,-10.705584042852594,-7.51495692860723
path,-10.70669287397905,-7.5073173601609104
path,-10.707655292384084,-7.499779929338906
path,-10.708497883435266,-7.492339434367008
path,-10.709214293466838,-7.485000631614295
path,-10.709875248507041,-7.477690206569992
path,-10.710414620663313,-7.470432197792076
path,-10.710836226851516,-7.463230442164961
path,-10.711129875494258,-7.4560875616845435
path,-10.71130156010257,-7.449012941953543
path,-10.711327115440785,-7.442003293168442
path,-10.711211892474594,-7.435055028540515
path,-10.711135415376338,-7.428166651885216
path,-10.711573195248773,-7.421398528573694
path,-10.712283225210733,-7.414598178524425
path,-10.713087582474499,-7.40765648114054
path,-10.713890363935255,-7.400665831692431
path,-10.714701915489202,-7.393609334478832
path,-10.715564551632646,-7.3864148118471435
path,-10.716418405365078,-7.3791704707006165
path,-10.717351482978787,-7.371795798437323
path,-10.718437772164075,-7.364219005321361
path,-10.719674211832366,-7.356441900594612
path,-10.721015877114302,-7.348492344037616
path,-10.722391113551945,-7.340448574157577
path,-10.723745205843699,-7.33236050895829
path,-10.724964727326615,-7.324342969068589
path,-10.72598954148712,-7.316470083372748
path,-10.726855433855958,-7.308792122688342
path,-10.72770072521214,-7.301438480434926
path,-10.728671215279252,-7.29459280980295
path,-10.729782433936535,-7.288275117465877
path,-10.730842136270164,-7.282317324801694
path,-10.731786334479397,-7.276637235754918
path,-10.732643895036613,-7.27119846947827
path,-10.733419216756243,-7.265910559767251
path,-10.734147482671197,-7.260814779125052
path,-10.734862810910244,-7.255823699633224
path,-10.735550327728571,-7.250910213927829
path,-10.736207231187496,-7.246048326422831
path,-10.736877583625393,-7.241490929420325
path,-10.737473024776703,-7.237122932177482
path,-10.737857020437458,-7.232918120838171
path,-10.738152919200513,-7.228778058818349
path,-10.738426180385819,-7.224689045301812
path,-10.738698734211495,-7.22073008839018
path,-10.738948558436093,-7.216849289588639
path,-10.739187096757545,-7.213010647521361
path,-10.739423254336824,-7.209200271610693
path,-10.739656268592112,-7.205407242540929
path,-10.739876458757868,-7.201716198887296
path,-10.740084267603565,-7.198080795619137
path,-10.74028806174404,-7.194471189663144
path,-10.740489498276823,-7.190876427729493
path,-10.740687499500714,-7.187289583651422
path,-10.740866870413692,-7.183149976080844
path,-10.741117492053325,-7.178616430396675
path,-10.741377016251784,-7.17405929696296
path,-10.741628397013447,-7.1694981748672975
path,-10.741872084746197,-7.164936259497539
path,-10.742106943099785,-7.160440744251654
path,-10.742328681972774,-7.15600462826562
path,-10.742535587664387,-7.151622002180356
path,-10.74273472326815,-7.147279165197819
path,-10.742929296445718,-7.14295647421252
path,-10.743118293132547,-7.13873799161466
path,-10.743287218835485,-7.134590525884372
path,-10.743450307295364,-7.130495275072676
path,-10.743607062403271,-7.126434514849921
path,-10.743760295327544,-7.122389002109848
path,-10.743917628283569,-7.1181852112912525
path,-10.74406795217511,-7.1139588607843836
path,-10.744210990442289,-7.109728290137587
path,-10.744347507082361,-7.105498071814029
path,-10.7444782578177,-7.101271829677257
path,-10.744602495813515,-7.097162989399199
path,-10.744703468901305,-7.093137616473817
path,-10.744800846094154,-7.089158902963574
path,-10.744896178946252,-7.08521269214233
path,-10.744913865942179,-7.081329987932687
path,-10.744853014540903,-7.077590921655811
path,-10.7448147393444,-7.073971323056849
path,-10.744929975368175,-7.07027497742765
path,-10.745059112958938,-7.066576660810666
path,-10.745187440537569,-7.062887090198976
path,-10.74529142163762,-7.059272392584777
path,-10.745399231795549,-7.055726998410121
path,-10.74550984444331,-7.052204529205942
path,-10.745619969320467,-7.048692880839654
path,-10.745723726403153,-7.045184184532353
path,-10.745806351355052,-7.041744503193865
path,-10.745892293531618,-7.03836660736414
path,-10.745982011939818,-7.035010486111905
path,-10.746072100128767,-7.031666830348335
path,-10.746158980285935,-7.028324397321077
path,-10.746219704212432,-7.02504767987755
path,-10.746289202640925,-7.021817195477411
path,-10.746363945132762,-7.0186037440235065
path,-10.74643806120979,-7.015400941470295
path,-10.746508629747524,-7.012197550830333
path,-10.746562282126794,-7.009049231069136
path,-10.746619269409042,-7.005950538970585
path,-10.746679756763447,-7.002864016790942
path,-10.74674103853077,-6.999783462730818
path,-10.746798180644587,-6.996705126880633
path,-10.746807698726315,-6.993297481153981
path,-10.746846087030713,-6.989678220162695
path,-10.74689420270205,-6.98597324295651
path,-10.746944566443242,-6.982223534670828
path,-10.746994702599642,-6.97846229528183
path,-10.747014749794774,-6.974778217431247
path,-10.747040768810226,-6.971155730142691
path,-10.747067999630064,-6.9675574219760685
path,-10.747101841847723,-6.963980502576699
path,-10.747133688324988,-6.960412512610903
path,-10.74713547650169,-6.956917633831404
path,-10.747122546644649,-6.953469678632273
path,-10.747138122367241,-6.95002808488555
path,-10.747159652511003,-6.946598581228241
path,-10.747181069383545,-6.943176651162282
path,-10.747175650100688,-6.939827178943524
path,-10.74717110317085,-6.936531740920559
path,-10.747179910383613,-6.933251952594444
path,-10.747188221450733,-6.9299792443267725
path,-10.747197069839535,-6.92671275811111
path,-10.74717385875735,-6.9235237771912335
path,-10.747157824793016,-6.920381829580366
path,-10.747153660092982,-6.917256548358571
path,-10.747150196226864,-6.9141387957726055
path,-10.747148845034527,-6.911026940937465
path,-10.747121708121966,-6.9079738603644705
path,-10.747106288253933,-6.904951606672204
path,-10.747094272489287,-6.90194220019519
path,-10.747079905072235,-6.898939991461367
path,-10.747068738778394,-6.895940472727395
path,-10.74705341619975,-6.892792118422499
path,-10.747027620643037,-6.8895739386373425
path,-10.74700680168543,-6.886306039573515
path,-10.74698474912843,-6.883031540278985
path,-10.746962967111662,-6.879757000671016
path,-10.746914915715127,-6.876550593658683
path,-10.746878032512436,-6.873381700724405
path,-10.746847359886312,-6.870228598077672
path,-10.746813960663438,-6.867079514085016
path,-10.746780572318091,-6.863931666416537
path,-10.746718813786059,-6.860847531980304
path,-10.746664470765289,-6.857803512186881
path,-10.746625520938046,-6.854787218189568
path,-10.746593295050957,-6.85179632159437
path,-10.746566871051696,-6.848827760865992
path,-10.74652166907473,-6.845934910299745
path,-10.746489632807556,-6.843084085988999
path,-10.746472429098567,-6.840258176160032
path,-10.746457372942162,-6.837442735687265
path,-10.746443840423314,-6.834630997859438
path,-10.74641993755927,-6.831864640458414
path,-10.746399635862815,-6.829119766702901
path,-10.746381660239003,-6.826380727259238
path,-10.74636081292316,-6.8236427862798985
path,-10.746340638469572,-6.82090559940979
path,-10.746304521401699,-6.818226454421278
path,-10.746278730028951,-6.81557695287192
path,-10.746252137433398,-6.812934553176826
path,-10.746226877271457,-6.810294614118613
path,-10.746200499996641,-6.807655236320561
path,-10.746164474797878,-6.805062202986573
path,-10.746134014732009,-6.802489035464913
path,-10.746103866973472,-6.799920490563364
path,-10.746070841552218,-6.797350780323966
path,-10.746041597252463,-6.794769919439332
path,-10.745984658558642,-6.791865420852955
path,-10.745945442337785,-6.788783220139665
path,-10.745901671699562,-6.785582559441201
path,-10.745870804488792,-6.78229107843633
path,-10.745838619448191,-6.7789942278943425
path,-10.745783382745666,-6.775751303593405
path,-10.74572671582013,-6.772570323076088
path,-10.745672359463267,-6.769411350735852
path,-10.74561325084521,-6.766267275962572
path,-10.745548280888716,-6.763134358849589
path,-10.745450584738135,-6.760053229925594
path,-10.745355472556936,-6.7570459580450795
path,-10.745266269788875,-6.754089755413299
path,-10.745174206684169,-6.751151310914846
path,-10.74507718768541,-6.748221343395205
path,-10.744967206746665,-6.74533630387337
path,-10.74485697520906,-6.742489619320995
path,-10.744748655754764,-6.739655881189289
path,-10.74464118094553,-6.73682752153641
path,-10.744532558430858,-6.734002081230047
path,-10.744407052099838,-6.731208235258182
path,-10.744289187381517,-6.728450219377321
path,-10.744173017676625,-6.725702256504079
path,-10.744057017796177,-6.722960626693667
path,-10.743941338561095,-6.720222391278898
path,-10.743811947685538,-6.717516493384579
path,-10.743689335685772,-6.7148407933046075
path,-10.743567921613081,-6.712174072395914
path,-10.743447362495411,-6.709511924162681
path,-10.743325595910779,-6.706851697631914
path,-10.743195408873946,-6.704013621592132
path,-10.743064720674722,-6.701101933506896
path,-10.742927941956436,-6.698182476388673
path,-10.742788171371084,-6.6952608453456905
path,-10.742646143851204,-6.692339145086941
path,-10.742491939177695,-6.689452126775722
path,-10.742341249792263,-6.686600763989705
path,-10.742192264243483,-6.6837624578472825
path,-10.742044754840274,-6.6809310109026745
path,-10.741895962738788,-6.678101900629266
path,-10.741735609157741,-6.675304200152194
path,-10.74158140057396,-6.6725468986888705
path,-10.741429585394874,-6.669805056412737
path,-10.741277151925127,-6.667067001903359
path,-10.74112339769356,-6.66433073364793
path,-10.74096160562387,-6.661624056738709
path,-10.740803992449973,-6.658943736126799
path,-10.74064708589753,-6.656270879179645
path,-10.740489291300564,-6.653600761481211
path,-10.740330105581258,-6.650931941815137
path,-10.740162488778415,-6.648292734773911
path,-10.740000126139734,-6.645684508771429
path,-10.739838578251382,-6.643087007847031
path,-10.739676252955476,-6.640492204551681
path,-10.739513994996628,-6.6378989364451355
path,-10.739341265051404,-6.635331650177829
path,-10.739174998562623,-6.632797364609883
path,-10.739009423600168,-6.630279137894366
path,-10.738845118705317,-6.627765695417509
path,-10.73867811435967,-6.625252596884454
path,-10.738507406004826,-6.6227608246509755
path,-10.738338254737567,-6.620289951300929
path,-10.738169240699449,-6.617824553303842
path,-10.738000517438053,-6.615361113587171
path,-10.73783051765585,-6.61289848686749
path,-10.737582393453788,-6.61004901769413
path,-10.737363565343555,-6.606915131460033
path,-10.73714206913407,-6.603754853858379
path,-10.736916132132068,-6.600592337669061
path,-10.736688975480677,-6.5974300905809
path,-10.736451857178109,-6.59429553843374
path,-10.73622080375179,-6.591188024128868
path,-10.735992966352676,-6.588100302920263
path,-10.735763390877194,-6.585026838822966
path,-10.735531380329038,-6.581964028102888
path,-10.73528481143598,-6.578932173312584
path,-10.735053065379127,-6.575936965509848
path,-10.734823718508848,-6.572958987610536
path,-10.734594860556747,-6.569993841710661
path,-10.734363918330615,-6.567038377744819
path,-10.734114279161957,-6.5641628792286495
path,-10.73387933816343,-6.561342368822874
path,-10.733658040084402,-6.558544376992083
path,-10.733439618961706,-6.555759355753059
path,-10.733220332869198,-6.552982454936393
path,-10.732996524978605,-6.550245454902285
path,-10.732777621587061,-6.547527082765756
path,-10.73256070321625,-6.544818120838605
path,-10.73234265308516,-6.542114715644705
path,-10.73212317051806,-6.539415934251905
path,-10.731900154844709,-6.536762380552336
path,-10.731682300247929,-6.5341250964292446
path,-10.731464547921268,-6.5314931121859745
path,-10.73124590761363,-6.528863422227909
path,-10.731026362570411,-6.526234040876362
path,-10.730745152644603,-6.523255812708643
path,-10.730471064717387,-6.520137780637886
path,-10.730191665019458,-6.517013719783434
path,-10.729909682219848,-6.513886450988007
path,-10.729626687633335,-6.510756351706922
path,-10.729334237443638,-6.507647608209741
path,-10.729053168087047,-6.504552292920651
path,-10.728773185498731,-6.501456454484236
path,-10.728491953833124,-6.498355767021504
path,-10.728210314637474,-6.495249467179846
path,-10.727921299992204,-6.4922000170728165
path,-10.727643470924498,-6.489172494946261
path,-10.7273667152367,-6.486149635826082
path,-10.727089846142816,-6.483128253180261
path,-10.726811306086194,-6.480106999498773
path,-10.72652469697637,-6.4771849317745
path,-10.726250302995329,-6.474276641529358
path,-10.725975789482717,-6.471371623913458
path,-10.725701128257871,-6.468466796811477
path,-10.725424951568536,-6.465561737770221
path,-10.725141260319363,-6.462760195339715
path,-10.724869239682864,-6.45997473487996
path,-10.724599321741705,-6.457192968514856
path,-10.724328344336536,-6.454411653459096
path,-10.72405590232289,-6.451630189920392
path,-10.723780838299303,-6.4489227490336525
path,-10.723512380222525,-6.446228317984856
path,-10.723243803620637,-6.443535630055249
path,-10.722973235338188,-6.4408439710654495
path,-10.72270219398344,-6.43815324087711
path,-10.722430223035902,-6.435528840710427
path,-10.722163100701673,-6.432914838152043
path,-10.72189556528415,-6.430302250040034
path,-10.72162685013626,-6.427690275180636
path,-10.721356839483732,-6.425078692992882
path,-10.720982171545646,-6.422045546625225
path,-10.720619318054021,-6.418719610138868
path,-10.720252372688858,-6.415361607773262
path,-10.71988237218401,-6.4119809870735525
path,-10.719511043815869,-6.408578037007158
path,-10.71913331009702,-6.405183433805928
path,-10.71876530649576,-6.401808590673895
path,-10.718398023863669,-6.3984371697497915
path,-10.718029776769608,-6.395067314905698
path,-10.717658563487218,-6.391698394976071
path,-10.717283815364723,-6.388458238782077
path,-10.716922363872474,-6.385243938522284
path,-10.716561772175146,-6.382035018567746
path,-10.716199521599755,-6.378827248357025
path,-10.715836147343904,-6.375619570361358
path,-10.715472450958941,-6.372664316583128
path,-10.715123422097676,-6.369796373126236
path,-10.714789860503531,-6.366931778044271
path,-10.714457199931875,-6.364071635447675
path,-10.714124076962918,-6.361212012033054
path,-10.713787336189675,-6.358443880522389
path,-10.713461423100087,-6.3556843559279415
path,-10.713134792241657,-6.352928386976307
path,-10.712806800178782,-6.350173073178372
path,-10.712478189032527,-6.347417839175788
path,-10.71214921113287,-6.344734396384528
path,-10.71182606459412,-6.342064412363863
path,-10.711503205209434,-6.339395975106833
path,-10.71117842953941,-6.336728869432137
path,-10.71085293304385,-6.334061504705342
path,-10.710430231493097,-6.330990016224247
path,-10.710012511709724,-6.327708966824676
path,-10.709591950667573,-6.324387018147
path,-10.70916684171085,-6.321024510336289
path,-10.708739967902973,-6.317628764082184
path,-10.708311526635944,-6.314350143911887
path,-10.707896001659007,-6.311094722313154
path,-10.707481091987306,-6.307842986730484
path,-10.707064428673903,-6.304592427285113
path,-10.706645178810145,-6.3013432922943
path,-10.706222384885574,-6.298207113189499
path,-10.705809357754616,-6.295101794570686
path,-10.705397851417176,-6.292000943543687
path,-10.70498455853279,-6.288900604909813
path,-10.704569476082858,-6.285800770611222
path,-10.704155898436628,-6.282815248442488
path,-10.703754417157679,-6.279848014194752
path,-10.70335225519891,-6.276882979164336
path,-10.702948433785282,-6.273918377213889
path,-10.70254295239878,-6.270954204907073
path,-10.702139357508914,-6.2681048824195456
path,-10.701747263944602,-6.26527525395351
path,-10.701355272125161,-6.262446905402336
path,-10.700961796567448,-6.259619008544724
path,-10.700566834090594,-6.256791555082866
path,-10.700176114323256,-6.254047894024404
path,-10.699791766289477,-6.251317935533317
path,-10.699406122486266,-6.248588536332706
path,-10.699014961449,-6.245852754529009
path,-10.69854214419375,-6.242986685647591
path,-10.698081937440245,-6.240199076427597
path,-10.697622742122894,-6.237415708018134
path,-10.697161622969164,-6.234632948623176
path,-10.69669857757578,-6.231850789657687
path,-10.696229278095831,-6.229073008457986
path,-10.69559349815409,-6.225906013223821
path,-10.694774503259895,-6.222391593571859
path,-10.693967195615144,-6.218807241835666
path,-10.693172814811463,-6.215156715384375
path,-10.692408153768564,-6.211468701604417
path,-10.691755377460115,-6.207865210001877
path,-10.691128771699859,-6.2042600278180675
path,-10.690499036513723,-6.200655767843433
path,-10.689866145237913,-6.197052444732759
path,-10.689223788356113,-6.193454495507765
path,-10.688615368705452,-6.1900091315607995
path,-10.687979975836198,-6.186596962571108
path,-10.687310524793515,-6.183206942393782
path,-10.686607380078781,-6.1798387893402555
path,-10.685870521288873,-6.176492614707797
path,-10.68518474942222,-6.173276621812
path,-10.68447257374525,-6.170092699950198
path,-10.683726467392834,-6.16693109521008
path,-10.682946339470902,-6.163791876766453
path,-10.682132100248044,-6.160675113796604
path,-10.681356798642165,-6.157671767061453
path,-10.680551234326831,-6.154695754878618
path,-10.67973089499949,-6.151728992536928
path,-10.67890902759278,-6.148762415344011
path,-10.678085632516524,-6.145796023784449
path,-10.67729807722952,-6.142915082201857
path,-10.676498565106938,-6.140048499678127
path,-10.675697713201231,-6.137182127969271
path,-10.674895513748115,-6.134315964223468
path,-10.674091959696232,-6.1314500059883965
path,-10.673318182384744,-6.1286597095270325
path,-10.672535616816733,-6.12587759969808
path,-10.671751740015191,-6.123095670959072
path,-10.67096654932153,-6.120313922731861
path,-10.67018004235747,-6.117532354575922
path,-10.66929268172061,-6.114317458594695
path,-10.66826153731137,-6.110845783196463
path,-10.667247303303743,-6.107294743702714
path,-10.666232708333705,-6.103738252192535
path,-10.665215920932718,-6.100182063476772
path,-10.664271426210938,-6.096757886139099
path,-10.663303674606631,-6.093367373602707
path,-10.662328671711599,-6.089980799636764
path,-10.661351722680651,-6.08659451853438
path,-10.660372824286808,-6.083208529090178
path,-10.659458025815532,-6.079942116532846
path,-10.658520584272587,-6.076704585080078
path,-10.65757898673632,-6.073469010912541
path,-10.656635653352522,-6.0702337235652255
path,-10.655690577497039,-6.06699872059926
path,-10.654949700419774,-6.064043134668294
path,-10.65425988228206,-6.061218145964442
path,-10.653533043664616,-6.058417989914917
path,-10.652769107684158,-6.055642721278373
path,-10.651969376852279,-6.052891448883284
path,-10.651185699669862,-6.050215775789601
path,-10.650396162922833,-6.047545519581765
path,-10.64960542096027,-6.044875475619244
path,-10.648813471484095,-6.042205641320038
path,-10.64802031244161,-6.039536014427141
path,-10.64725376483542,-6.0369375619843435
path,-10.64648115863069,-6.034344793319312
path,-10.645770829578993,-6.031760488958915
path,-10.645181832304594,-6.0292060608832525
path,-10.644600568745883,-6.026653023045156
path,-10.64394623916571,-6.023921940362275
path,-10.643285570293992,-6.021082705599115
path,-10.6426325066183,-6.018220428972143
path,-10.641986746197215,-6.015363183029025
path,-10.641346659031258,-6.0125125432969675
path,-10.640730504199247,-6.009747810379875
path,-10.64012000511059,-6.006992592182803
path,-10.63951468668011,-6.00424340069455
path,-10.638914454891514,-6.001500209344072
path,-10.63831919802289,-5.998763003295188
path,-10.637742008844233,-5.996114686563375
path,-10.637167933064982,-5.993470364504957
path,-10.636593279209187,-5.990826258900588
path,-10.636018043095184,-5.988182366361925
path,-10.635442220936964,-5.985538683852914
path,-10.634880682217613,-5.982975678790901
path,-10.634308637362352,-5.980436276087776
path,-10.633745627615388,-5.977877019428545
path,-10.633179588033869,-5.975319725007094
path,-10.632610505959379,-5.972764394332773
path,-10.632072330255362,-5.970455528924002
path,-10.631561140611927,-5.968185313604432
path,-10.631047477959157,-5.965916641824021
path,-10.630531777053852,-5.963649210267611
path,-10.630015458823877,-5.961382027063584
path,-10.629506774484648,-5.959168086198628
path,-10.629000858279044,-5.956953831522865
path,-10.628494531047627,-5.954739793886827
path,-10.62798778846096,-5.952525966321496
path,-10.627480626600638,-5.9503123425426745
path,-10.626982837245459,-5.948143410327971
path,-10.626485191541915,-5.94597512740343
path,-10.625987130686832,-5.9438070234670946
path,-10.625488652485554,-5.941639094718621
path,-10.6249897549507,-5.939471337739104
path,-10.624499423585021,-5.9373441732096
path,-10.62400912823173,-5.935217543339355
path,-10.623518358218535,-5.933091099124865
path,-10.623026880180419,-5.930964953843465
path,-10.622534770692694,-5.928839580581318
path,-10.6220503050779,-5.9267515915750275
path,-10.621565683426203,-5.924665360142671
path,-10.621080516083103,-5.922580191249333
path,-10.620594802449453,-5.920496084846653
path,-10.620108541942008,-5.918413041034975
path,-10.619626086497329,-5.91636347677523
path,-10.619146102458638,-5.914315138646728
path,-10.618665649568484,-5.912267987211082
path,-10.61818472144481,-5.910222007797678
path,-10.61770331227401,-5.90817718728428
path,-10.617226606111508,-5.906156990646364
path,-10.616751192197782,-5.904143250731046
path,-10.61627590201577,-5.90213360424983
path,-10.615800150124986,-5.900125168900799
path,-10.61532390430909,-5.898117795184012
path,-10.614772126330628,-5.895874818280193
path,-10.614205072532888,-5.893518029501222
path,-10.613639369348455,-5.891147212427785
path,-10.613081881594763,-5.888779430941578
path,-10.612538769819555,-5.886418091169436
path,-10.61199637749526,-5.884088417594579
path,-10.611463161099763,-5.88177983709737
path,-10.610929550744693,-5.8794734836069145
path,-10.610395207133058,-5.877168481076162
path,-10.609860130019664,-5.874864830528574
path,-10.609325921087756,-5.872594572717692
path,-10.608799026473353,-5.870345798128965
path,-10.608273934656628,-5.868099237982523
path,-10.607748200410873,-5.86585412248687
path,-10.607221817937903,-5.863610438391865
path,-10.606649389597997,-5.861197900369436
path,-10.606074431627361,-5.858757036214613
path,-10.6054986792357,-5.856317814668309
path,-10.604922128269951,-5.853880228114804
path,-10.60434477489547,-5.851444269871688
path,-10.603768025690295,-5.849046768287588
path,-10.60320452031062,-5.846680094980506
path,-10.60264120020661,-5.844317334350856
path,-10.602077089186944,-5.84195604104367
path,-10.601512186770604,-5.839596217241907
path,-10.60094856603675,-5.837270730198751
path,-10.600392255504941,-5.834966542365823
path,-10.599837598489216,-5.832664435227554
path,-10.599282246857578,-5.830363897455454
path,-10.598726194187591,-5.828064915747544
path,-10.598072133674306,-5.8254137226560445
path,-10.597363257168876,-5.8225141007073145
path,-10.596654816220118,-5.819607360427987
path,-10.59594401790994,-5.816699979622445
path,-10.595228093408629,-5.813790472855739
path,-10.594514108691317,-5.8109228174937195
path,-10.593812235484247,-5.808088037905961
path,-10.593111559220112,-5.805254285279179
path,-10.592407529140486,-5.8024211065153946
path,-10.591703780424615,-5.799587476534052
path,-10.590989992845186,-5.796802876337935
path,-10.590301775619961,-5.794076916023164
path,-10.589623382964735,-5.791372268763434
path,-10.58894619835874,-5.788668414606546
path,-10.58826604125658,-5.785965505882083
path,-10.58758142830664,-5.783305099923012
path,-10.586916482393457,-5.780688952733908
path,-10.586255588292278,-5.778079750460765
path,-10.585595668005734,-5.775470809037866
path,-10.58493255832607,-5.772862328730663
path,-10.584290877443673,-5.770467898290055
path,-10.583687270734742,-5.7681390653543385
path,-10.583096395011562,-5.765832035869059
path,-10.582505824552053,-5.763527116748335
path,-10.58191640753641,-5.7612222749221
path,-10.581322897504325,-5.758957107579927
path,-10.580746232113297,-5.756721263988113
path,-10.580166511477346,-5.754482594486322
path,-10.579585708321934,-5.752242474721288
path,-10.57900276882699,-5.749996523416707
path,-10.578417194710694,-5.747780710414909
path,-10.577837338374145,-5.7455748056379266
path,-10.577258520356605,-5.743368402313459
path,-10.576678760871463,-5.741161977703165
path,-10.57609645001018,-5.738956442542075
path,-10.575516822426293,-5.736783780401847
path,-10.574946313445299,-5.73462346316473
path,-10.574373497110399,-5.732464363595202
path,-10.573801973666663,-5.730305200169126
path,-10.573229379357533,-5.728145759897912
path,-10.572657981492073,-5.726017831037975
path,-10.572092891570534,-5.723901496062205
path,-10.57152951582594,-5.721785689256925
path,-10.57096512145182,-5.719669633811816
path,-10.57039810577851,-5.717554256536276
path,-10.569838288477072,-5.715469789342785
path,-10.569280238752064,-5.713394164908972
path,-10.5687233484862,-5.711318182892314
path,-10.568165778295004,-5.7092424203644025
path,-10.567605608756837,-5.707167316834496
path,-10.566944363017772,-5.704699768936446
path,-10.566185040817615,-5.701920493694255
path,-10.565407544502797,-5.699031480829772
path,-10.564618493026426,-5.696105547209335
path,-10.563826724742404,-5.693181290599999
path,-10.563040310393308,-5.690312563722503
path,-10.56226357065583,-5.687457533426257
path,-10.56148751096013,-5.684603091047925
path,-10.560709248209136,-5.681750993694856
path,-10.55993061642538,-5.678897854488165
path,-10.55915555962935,-5.676128218261759
path,-10.558399039187375,-5.673380447053418
path,-10.557645900535453,-5.670636795347997
path,-10.55689077710286,-5.66789563173449
path,-10.556135365751192,-5.665153355503752
path,-10.555382832097484,-5.662487244360969
path,-10.554649414996035,-5.659839980481257
path,-10.553916157748564,-5.657197984708519
path,-10.55318286859461,-5.654555107865444
path,-10.552447526958288,-5.65191444746536
path,-10.551718841814653,-5.649351532659659
path,-10.551006984580154,-5.646809401857399
path,-10.550297807858934,-5.64427038939529
path,-10.549589062049272,-5.641734126114186
path,-10.54887925407084,-5.639198316615185
path,-10.54817845906762,-5.636714833164692
path,-10.547483101275636,-5.634239435640661
path,-10.546785577672855,-5.631765588884721
path,-10.546088208108543,-5.629291072225673
path,-10.545389917111445,-5.62681713366467
path,-10.544702321443584,-5.624402217461142
path,-10.544020901215273,-5.621996132953663
path,-10.54333888593645,-5.619591019418799
path,-10.542656014674506,-5.617186476580385
path,-10.541972260362705,-5.614782462812814
path,-10.541299239304,-5.612439608567511
path,-10.540633480664225,-5.610106870273053
path,-10.539967348263662,-5.6077753951069855
path,-10.539300615185429,-5.605441053099639
path,-10.53862834408693,-5.603103338411187
path,-10.537962983202025,-5.600798164212342
path,-10.537297212005662,-5.598495010731261
path,-10.53663102389207,-5.59618960235088
path,-10.535964072485143,-5.593884717467252
path,-10.535295569079322,-5.591582274921767
path,-10.534635996968424,-5.589325446474333
path,-10.533981674171743,-5.587074346951715
path,-10.533325668165352,-5.584825559405758
path,-10.532614600056847,-5.582562778273493
path,-10.531935986761848,-5.580287175764211
path,-10.531286596892325,-5.57806384345958
path,-10.530639923955796,-5.575847226508151
path,-10.529993937225589,-5.573630563922412
path,-10.529345958124267,-5.571415049001244
path,-10.528698169865395,-5.569198779123873
path,-10.528060104361858,-5.567029753636645
path,-10.527425442712081,-5.564868893841603
path,-10.526790577028622,-5.562706664341353
path,-10.526154616073173,-5.560546849859875
path,-10.525518203656553,-5.558385311448657
path,-10.52488923603287,-5.556260638640655
path,-10.524262855134788,-5.554142646687277
path,-10.523636228567018,-5.552023207784809
path,-10.523008559059216,-5.549906213204588
path,-10.522380490732617,-5.547787549467209
path,-10.521759100461743,-5.5457035625610525
path,-10.521140200099156,-5.543625174370165
path,-10.520521233438327,-5.541545569269084
path,-10.519900584371017,-5.539467427099421
path,-10.519280569070366,-5.537389098830682
path,-10.518604449291129,-5.535112281073856
path,-10.51789496007476,-5.5327450549764245
path,-10.51716320340879,-5.530302976784985
path,-10.516423380557208,-5.527845393142677
path,-10.515669703890055,-5.5253696287355325
path,-10.514927003669516,-5.522944237332262
path,-10.514188240512043,-5.520525434807847
path,-10.513447910692712,-5.518108841680415
path,-10.512707239971132,-5.515691356681366
path,-10.511964230586226,-5.513274906767645
path,-10.511235412525549,-5.51091614863934
path,-10.510510924671921,-5.508563248067608
path,-10.509784233857998,-5.50621147962177
path,-10.509058330506896,-5.503860453912351
path,-10.508330733627181,-5.501508877738325
path,-10.50761328501827,-5.4992083716719184
path,-10.506901995462337,-5.49691589592254
path,-10.506189240667224,-5.494623140308075
path,-10.505474973559902,-5.4923324516436764
path,-10.504760330922089,-5.490040662922004
path,-10.504009881966702,-5.487637590988116
path,-10.503239243517598,-5.485172310722568
path,-10.502465204520018,-5.482705588131587
path,-10.501690663111999,-5.480237894638496
path,-10.500914991954199,-5.4777707265764235
path,-10.50015066795726,-5.47535761566015
path,-10.499392106705539,-5.472952456071506
path,-10.49863223943429,-5.470547465301043
path,-10.49787058922041,-5.4681443344371425
path,-10.497108694257587,-5.465740508677304
path,-10.496358706608316,-5.463389293963756
path,-10.495613223989212,-5.461045181560982
path,-10.494866155449834,-5.458703110176801
path,-10.494118735903802,-5.456360101029485
path,-10.493370430659773,-5.454017770226811
path,-10.492659859152582,-5.451842594227463
path,-10.491974280911643,-5.449710777865785
path,-10.491290644018731,-5.447580973445265
path,-10.49060638257832,-5.445451887177558
path,-10.48992030769868,-5.44332418508694
path,-10.489243151358735,-5.441233430569227
path,-10.48856984099703,-5.439147344192033
path,-10.48789558977708,-5.4370614638843655
path,-10.487221978895965,-5.434976456452774
path,-10.48654848090778,-5.4328927094413935
path,-10.485881028716353,-5.430842041489785
path,-10.485217513381176,-5.428795106392286
path,-10.484553462295269,-5.426748871434141
path,-10.483888699911367,-5.424703089997648
path,-10.48322321002017,-5.422657738234101
path,-10.482481410594936,-5.42036742141687
path,-10.481683471736185,-5.417935694771908
path,-10.480861110266035,-5.415426785054862
path,-10.480037198233104,-5.412912514852042
path,-10.479212342727195,-5.4103990991250495
path,-10.478399488327621,-5.407940825404855
path,-10.47759235564251,-5.405489183321829
path,-10.47678432192825,-5.403038391852794
path,-10.475975159673997,-5.400588132695388
path,-10.475164869161274,-5.398138403716701
path,-10.474370230740314,-5.395747753578874
path,-10.473580193672586,-5.393367271098131
path,-10.472789192908124,-5.39098741656756
path,-10.471997195699899,-5.388608144444513
path,-10.471204135331265,-5.386229361637391
path,-10.470423859626667,-5.383906626794895
path,-10.469649525475496,-5.381590808775431
path,-10.468874279276594,-5.37927562099429
path,-10.46809801751892,-5.376960917519306
path,-10.467320740811253,-5.374646696111768
path,-10.466556147059977,-5.372381794103267
path,-10.465795608932869,-5.3701246749865374
path,-10.465034149835413,-5.36786805883146
path,-10.464271742627181,-5.365611907758873
path,-10.463508386054436,-5.363356219447419
path,-10.462753800265176,-5.361147860178559
path,-10.462005831021427,-5.358943823661004
path,-10.461256995002762,-5.356740314047263
path,-10.460507252486076,-5.3545372738751205
path,-10.459756602315455,-5.352334698707101
path,-10.459016561485301,-5.350174613693162
path,-10.458279693225778,-5.348019294151052
path,-10.457541987407463,-5.345864445077621
path,-10.456803439934173,-5.3437100603834935
path,-10.456064047088045,-5.341556134599091
path,-10.455331964027867,-5.339443023670498
path,-10.454604307041533,-5.337330698905046
path,-10.453877040874874,-5.3352204782472
path,-10.453148958029185,-5.333110718780271
path,-10.45242005566185,-5.331001413982511
path,-10.451701223899054,-5.328927914208681
path,-10.45098455904339,-5.326859168140788
path,-10.450267075295338,-5.324790809977089
path,-10.449548772954053,-5.322722838944132
path,-10.44882965228035,-5.320655254376427
path,-10.448115890915158,-5.318622130896993
path,-10.447407625857846,-5.316591108011491
path,-10.446698589314934,-5.314560511994153
path,-10.445988779745802,-5.312530337237265
path,-10.445278195746647,-5.3105005787019115
path,-10.444576465344843,-5.308501869140246
path,-10.443876376997636,-5.306506920304092
path,-10.443175517562073,-5.304512335017329
path,-10.442473887881576,-5.302518112715923
path,-10.441771488710236,-5.300524252920485
path,-10.44102456401619,-5.298408985311707
path,-10.440270362770606,-5.296274030395305
path,-10.439515284500958,-5.294139486829674
path,-10.438759329375982,-5.2920053547315105
path,-10.438002497537973,-5.289871634244326
path,-10.437251868133007,-5.287773815829959
path,-10.436506509714588,-5.285678144589936
path,-10.435760326071922,-5.283582925994568
path,-10.435013315332416,-5.281488155003609
path,-10.434265475791014,-5.279393827094781
path,-10.433526305626064,-5.277334046514198
path,-10.432789852760889,-5.275277835896794
path,-10.432052639340199,-5.273222086265048
path,-10.431314660155367,-5.27116679058316
path,-10.4305759439871,-5.269112138984467
path,-10.429802937607668,-5.267074883301005
path,-10.429069773060608,-5.265048339349423
path,-10.428337678120181,-5.2630237389549945
path,-10.427566681553303,-5.26095591666341
path,-10.42679741782096,-5.258885820096064
path,-10.426039281551253,-5.25685177114721
path,-10.425283673375112,-5.254822901635557
path,-10.424527227685457,-5.25279450701408
path,-10.42376990701761,-5.250766594864948
path,-10.42301172505778,-5.248739148979766
path,-10.422258754182213,-5.246735584261635
path,-10.4215077854912,-5.2447336560235565
path,-10.420756015850548,-5.242732251097571
path,-10.420003420426948,-5.24073138003981
path,-10.419248492780932,-5.238732865141226
path,-10.418382858808252,-5.236431419535427
path,-10.417468238222327,-5.234010996326823
path,-10.416552395194504,-5.231591268070528
path,-10.415635288962925,-5.229172270282189
path,-10.414716933878598,-5.226753982205838
path,-10.413811542736576,-5.22438885944527
path,-10.412912222843573,-5.222028633993113
path,-10.412011623812411,-5.219669074234005
path,-10.411109769903028,-5.217310153461284
path,-10.410206793429905,-5.214952005053769
path,-10.409319264443466,-5.212648272825488
path,-10.40843652075176,-5.2103506711992456
path,-10.40755266939148,-5.208053751317083
path,-10.40666768735301,-5.205757524727598
path,-10.405781588103707,-5.2034619682008305
path,-10.404907739228786,-5.201217271238667
path,-10.404075516368797,-5.199365629976016
path,-10.403177576640127,-5.197682519670744
path,-10.402389158281666,-5.195876240223566
path,-10.401721706973797,-5.194009521295115
path,-10.401161263674771,-5.192120363097308
path,-10.40069505073334,-5.190182692387302
path,-10.400324310675055,-5.188195654358992
path,-10.400015194320297,-5.186179628705837
path,-10.399730772464475,-5.184235519238324
path,-10.399501245427633,-5.1823765662863295
path,-10.399297214230112,-5.18059547815111
path,-10.399112314751093,-5.178896373400198
path,-10.398928018060142,-5.177268995214669
path,-10.398753297674563,-5.175707280569016
path,-10.398594703100557,-5.174214323771953
path,-10.398434927210438,-5.1727791938992995
path,-10.39826738448616,-5.171387366005313
path,-10.398097247558367,-5.170035608886254
path,-10.397922820320835,-5.168718673723228
path,-10.397760143891002,-5.167458530967235
path,-10.39759209980251,-5.166230407878152
path,-10.397415966184761,-5.1650384656303245
path,-10.397228061606844,-5.163863321058816
path,-10.397035554116407,-5.162721121938876
path,-10.396845098735882,-5.161615711589614
path,-10.396645493566298,-5.160543508197246
path,-10.396439568656236,-5.159504535589123
path,-10.396226369291893,-5.1584989694258665
path,-10.396007315088346,-5.157527150907992
path,-10.395781521584265,-5.15659240076088
path,-10.395549558568284,-5.155690952582247
path,-10.395310226605499,-5.154823023390925
path,-10.395064939925552,-5.153988978134654
path,-10.394809406018789,-5.15318767209464
path,-10.394550979452987,-5.152419141944755
path,-10.394287436952899,-5.151672554958404
path,-10.393915458229383,-5.150905107786146
path,-10.393233609304628,-5.150078043772415
path,-10.39263222249905,-5.149261129510117
path,-10.392141555434346,-5.1484566423906895
path,-10.39156046538552,-5.147628529889326
path,-10.391012008302225,-5.1468015307580774
path,-10.390482164440938,-5.145976835992947
path,-10.38993278712027,-5.145145871713356
path,-10.389391558818836,-5.144318294626549
path,-10.388851664470625,-5.143494179279578
path,-10.388310730615242,-5.142665883873131
path,-10.387754365057802,-5.1418331871182
path,-10.387236990544006,-5.14100549459499
path,-10.386695508590348,-5.140177841803965
path,-10.386153731246907,-5.139345351375339
path,-10.385605797098814,-5.138508588868334
path,-10.385086870257373,-5.137677561985081
path,-10.384563151459941,-5.136841687965955
path,-10.38382848295972,-5.13587493534749
path,-10.38312849221533,-5.134906502753335
path,-10.382426503927888,-5.1339443369416635
path,-10.381730515980527,-5.1329857674887815
path,-10.381002057190315,-5.132023615482032
path,-10.380275183035439,-5.1310480903872415
path,-10.37960597970276,-5.130076267200303
path,-10.37886637012396,-5.129081096807198
path,-10.37822011166498,-5.128098079298943
path,-10.377523343968965,-5.127094566544493
path,-10.376829642385168,-5.126086198409613
path,-10.37617813851343,-5.125072034910533
path,-10.37547093744345,-5.1240461678898095
path,-10.374823718338629,-5.123028861096588
path,-10.374158676142303,-5.122004070920188
path,-10.373435901759409,-5.120940242702702
path,-10.372729923596623,-5.119871311660137
path,-10.37201674512873,-5.118794937989909
path,-10.37130624102213,-5.1177146601881995
path,-10.370563153060262,-5.116625621549393
path,-10.369912100887056,-5.115552871608433
path,-10.369169011337446,-5.1144642393080115
path,-10.368511807527591,-5.113405762807707
path,-10.367788801839577,-5.11231662035652
path,-10.367095134071597,-5.111228702918404
path,-10.366423329049859,-5.110144283364305
path,-10.365721373171182,-5.109051280611549
path,-10.365023300346932,-5.107955648694976
path,-10.364334634739874,-5.106857383029656
path,-10.363659627489312,-5.105757568902539
path,-10.36298323166044,-5.104655393944156
path,-10.36230176345338,-5.1035477900454795
path,-10.361645961033252,-5.102441240735098
path,-10.360969754537978,-5.1013234623305435
path,-10.360308688982451,-5.100202034131039
path,-10.359648329164537,-5.099079300009979
path,-10.35899204192329,-5.097953401507903
path,-10.35832789807336,-5.096820498554846
path,-10.35767802304072,-5.095683061258527
path,-10.357056465892372,-5.094546337017505
path,-10.356407796808602,-5.093404209746952
path,-10.355739312132421,-5.092255271861787
path,-10.35515113651158,-5.091116052743595
path,-10.354498358848167,-5.0899608691273235
path,-10.35387290195879,-5.088804103977413
path,-10.353264050825192,-5.087648702515124
path,-10.35264779162859,-5.086482876963843
path,-10.352011325345181,-5.085308600388455
path,-10.351408899443879,-5.084135030648193
path,-10.350803537712537,-5.082955046939079
path,-10.350205433078933,-5.081774215130663
path,-10.349625290308751,-5.080590294298457
path,-10.349026053875283,-5.079397718659323
path,-10.348416781126023,-5.078196472476203
path,-10.347822778083117,-5.07699261714994
path,-10.34725228998884,-5.075786569376067
path,-10.346669065689959,-5.074572614347853
path,-10.346097900731372,-5.073353915934526
path,-10.345496550558563,-5.072138332531822
path,-10.344934518468147,-5.070925514902865
path,-10.344344600005156,-5.069705521551697
path,-10.3437932875496,-5.068485850548468
path,-10.343192964167713,-5.067246603882114
path,-10.342659424072878,-5.06601461526291
path,-10.342097290164297,-5.064768327806838
path,-10.341537489098886,-5.063519723446757
path,-10.341024399762123,-5.062272734114549
path,-10.340447438715149,-5.061005816561934
path,-10.339920950049278,-5.059743043412677
path,-10.339390693599945,-5.0584705022255365
path,-10.338906365135948,-5.057266441711322
path,-10.338554956664456,-5.056083068477785
path,-10.338104941084804,-5.0548760485224715
path,-10.33769764955544,-5.053664748942758
path,-10.33728813142943,-5.052446334190552
path,-10.336888167328388,-5.051228325112919
path,-10.336483737047505,-5.0500066744495395
path,-10.336083663819236,-5.048781985225951
path,-10.335681045089727,-5.047551068905435
path,-10.335293780690428,-5.046315956302308
path,-10.334893648468361,-5.045076862663827
path,-10.334511222902337,-5.043834597167802
path,-10.334126626036207,-5.04258820831795
path,-10.333750333708512,-5.041341121468121
path,-10.333373833377085,-5.040087242408868
path,-10.332993698165142,-5.038829548531732
path,-10.332625127296975,-5.037563914203229
path,-10.332258887903356,-5.036295728664963
path,-10.331894318044306,-5.035026694380791
path,-10.331525812214558,-5.033756323222034
path,-10.33102547828737,-5.032395338479004
path,-10.330507755928647,-5.03101864936407
path,-10.33002058515744,-5.029637147952142
path,-10.329504749190138,-5.028246288103022
path,-10.32902562190469,-5.026851609628853
path,-10.32853671418756,-5.025456014653226
path,-10.328054011334796,-5.024051411345964
path,-10.327582997119565,-5.022639213212257
path,-10.327118144048141,-5.021218210965471
path,-10.326645719182192,-5.01978601752542
path,-10.326208172609403,-5.018355427483286
path,-10.325748554785651,-5.016910402037619
path,-10.325305954999033,-5.015458976880014
path,-10.324867897131947,-5.014001784078592
path,-10.324424252442677,-5.012534239696102
path,-10.32402988137445,-5.0110737418226705
path,-10.323597724650439,-5.009598574846153
path,-10.323177323169302,-5.008115704196382
path,-10.322772392162557,-5.006629581635743
path,-10.322364810197834,-5.005135917775912
path,-10.32195171798821,-5.0036295643799065
path,-10.32153927383672,-5.002116738744285
path,-10.32113221034451,-5.000598696573359
path,-10.320729327685964,-4.99907624237385
path,-10.320320523753155,-4.997546756201299
path,-10.319933008820927,-4.996025286079905
path,-10.319540269659546,-4.994496639177584
path,-10.319149722680768,-4.99296578265458
path,-10.318764110671909,-4.991428672610239
path,-10.318386172324404,-4.989881791026961
path,-10.318024403252402,-4.98833877434055
path,-10.317654488563385,-4.986795312082893
path,-10.317285076263992,-4.985260302255181
path,-10.316913032669941,-4.983715341516322
path,-10.316554983003492,-4.982183009536384
path,-10.31619337102018,-4.980661111828385
path,-10.31583130148007,-4.979139894506709
path,-10.315471343561034,-4.977626587281149
path,-10.315109995747305,-4.976120156844813
path,-10.314743442912896,-4.974609599343977
path,-10.314395966467139,-4.973109342980025
path,-10.314055513795445,-4.971622388228653
path,-10.313695888695488,-4.970136109351526
path,-10.313337906311071,-4.9686564453416935
path,-10.312971676615689,-4.967212591723945
path,-10.312611875478147,-4.965778017090168
path,-10.312253189660309,-4.964335032930238
path,-10.311898792839562,-4.962889255949381
path,-10.311543511022125,-4.961448279027339
path,-10.311176551906197,-4.960003064922804
path,-10.310828654236895,-4.958565230686794
path,-10.310475279949712,-4.957134540030434
path,-10.31012121166752,-4.955709245556206
path,-10.309766590292952,-4.954283937661071
path,-10.30940452453843,-4.952861940625961
path,-10.309063310040832,-4.951458358033253
path,-10.30871323338511,-4.950061427295501
path,-10.308359339518118,-4.948667852780035
path,-10.308007377815693,-4.947270901946503
path,-10.307657515996542,-4.9458810043105235
path,-10.307302972583127,-4.9444941188065
path,-10.306965957270961,-4.943112469423661
path,-10.30662610808888,-4.94173207332223
path,-10.306274497474558,-4.9403539548771
path,-10.305920216763695,-4.938979407504221
path,-10.305582012596947,-4.9376045697522635
path,-10.305246229814408,-4.936231024025966
path,-10.304904452691455,-4.93485662235684
path,-10.30456447599031,-4.933477756248094
path,-10.304226091565683,-4.93209676061161
path,-10.303908157591485,-4.9307255823295435
path,-10.303577090746115,-4.929369796633081
path,-10.303240351081543,-4.928018725831627
path,-10.30289847307809,-4.926673819132377
path,-10.30255499369716,-4.92533121831514
path,-10.30204930238968,-4.923865066049093
path,-10.301503548610079,-4.922377414448192
path,-10.301018474693311,-4.920880342578511
path,-10.300498373342418,-4.91935791036179
path,-10.300005838641257,-4.917821286906474
path,-10.29952672836345,-4.916275890516978
path,-10.299093251260324,-4.914720930353288
path,-10.29868136304675,-4.913149750462609
path,-10.298270598527274,-4.911558467852408
path,-10.29791763785401,-4.90999212721831
path,-10.297555474554812,-4.9084830504458745
path,-10.297166290579515,-4.906964698345685
path,-10.29680718385029,-4.90544419170824
path,-10.296435273723004,-4.9039484421040935
path,-10.296059455301492,-4.902452274197409
path,-10.295663968513939,-4.9009477284872025
path,-10.295323642059827,-4.899463359004301
path,-10.294955499982724,-4.897999796465858
path,-10.294555430014215,-4.896514314089447
path,-10.2941931903498,-4.895043650754512
path,-10.293842476500016,-4.893597938665253
path,-10.29345348974394,-4.8921405278799766
path,-10.293099465303612,-4.890711687350042
path,-10.292718019853005,-4.88927675447039
path,-10.29235834742783,-4.887835135037624
path,-10.291994782969843,-4.886426030913181
path,-10.291631965629188,-4.8850265174661045
path,-10.29127763446029,-4.8836185967018135
path,-10.290908399223175,-4.882211374743572
path,-10.290524701926838,-4.880799415775532
path,-10.290177857806064,-4.879390652001136
path,-10.289835215464311,-4.878023686360962
path,-10.289469602975569,-4.876653946554499
path,-10.289100762250975,-4.875269715215414
path,-10.288741738854183,-4.87388420838943
path,-10.288373526917729,-4.872494765343988
path,-10.288039652460363,-4.871144411072024
path,-10.287679584640545,-4.869801679660953
path,-10.28732645204236,-4.8684596276062955
path,-10.286954680458207,-4.867110912093191
path,-10.286613977344226,-4.865745689389183
path,-10.286253342241528,-4.864402110843283
path,-10.28589973697089,-4.863065080053905
path,-10.285527403982293,-4.861707970275487
path,-10.28519066180934,-4.860386176238145
path,-10.284840972799252,-4.8590739368136795
path,-10.284462651235584,-4.857747435004006
path,-10.284137333758245,-4.856451807388547
path,-10.283764276268293,-4.855148587606237
path,-10.283399790992062,-4.853842305796542
path,-10.283064454390505,-4.852544653680763
path,-10.282720575886609,-4.851245337043285
path,-10.282343859798516,-4.849932111134435
path,-10.282019172271642,-4.848653206588463
path,-10.281660248466052,-4.847382017134942
path,-10.281304986762265,-4.8461175211972165
path,-10.280953965422018,-4.844859832179288
path,-10.280597439114786,-4.8435992273763695
path,-10.280253778843276,-4.842329308668999
path,-10.279899163814916,-4.8410680403911615
path,-10.279371129648768,-4.839685963264235
path,-10.278857766159073,-4.838275630647894
path,-10.278357702440887,-4.836844799851289
path,-10.27784721008342,-4.835384110034017
path,-10.27735691639601,-4.833914700005489
path,-10.276912220328777,-4.832439600233056
path,-10.27644567229263,-4.830940905491966
path,-10.276000047008678,-4.829434518100904
path,-10.275548692727028,-4.827910515683577
path,-10.275107218728868,-4.826373546778543
path,-10.27469192439291,-4.824849751302182
path,-10.274263826943264,-4.8233418386262
path,-10.27383495040053,-4.8218357797584375
path,-10.27341209386889,-4.820329865344482
path,-10.2729793743422,-4.818809679303198
path,-10.272553319085304,-4.817312215871495
path,-10.272152158731068,-4.815832506457166
path,-10.271726405279896,-4.814362158289898
path,-10.271299358943365,-4.8128875334290795
path,-10.270875095255448,-4.811385387758627
path,-10.2704555121682,-4.809925839162953
path,-10.270040844950474,-4.808517452172275
path,-10.2696060238149,-4.807139157100966
path,-10.269163944513048,-4.8057925916588955
path,-10.268714744292973,-4.804477016558829
path,-10.268270172894043,-4.8031994733264005
path,-10.26778087539086,-4.801941741037161
path,-10.267312921794355,-4.800701049259373
path,-10.266723763858735,-4.799403589993587
path,-10.266132148002313,-4.7980662795823426
path,-10.265555487091166,-4.796624960949616
path,-10.264907337737794,-4.795046244882204
path,-10.264199038599214,-4.793343128492711
path,-10.263467190746477,-4.791571290679494
path,-10.262712487915943,-4.789764463711238
path,-10.261933249646058,-4.787935954604943
path,-10.261133414158595,-4.78607371031241
path,-10.260319337899022,-4.784188403147719
path,-10.259493273199922,-4.782286181426222
path,-10.25865511764857,-4.780367524991719
path,-10.257805994761952,-4.778440249690423
path,-10.256943514959385,-4.776498193504061
path,-10.256069286216116,-4.774540067789674
path,-10.25518368990272,-4.772571697337198
path,-10.254287584689278,-4.7705892351074946
path,-10.253393995749857,-4.768638627998365
path,-10.252508803764764,-4.7667039663132575
path,-10.251630184555019,-4.764782784953704
path,-10.250753858140342,-4.762865241405616
path,-10.249877281940675,-4.760948285887078
path,-10.249008637518793,-4.759063780043447
path,-10.248150196099536,-4.757188787584311
path,-10.247293176209869,-4.755316949061897
path,-10.246435817654916,-4.753445574627157
path,-10.245578244868362,-4.751574755982902
path,-10.24472531677725,-4.7497239438866785
path,-10.24387899339022,-4.747880259471747
path,-10.243032977084908,-4.746037497399949
path,-10.242186803724763,-4.744195302037144
path,-10.241340191291576,-4.7423534537597725
path,-10.24055204871884,-4.740643935908637
path,-10.239777144908347,-4.738962310291511
path,-10.239005983982912,-4.737284030471002
path,-10.238234416832725,-4.735607608866478
path,-10.23746207552257,-4.733931948770604
path,-10.236692624236948,-4.732273484589581
path,-10.235926007731644,-4.730619412254175
path,-10.235159279179106,-4.728965777693967
path,-10.234392229447703,-4.727312412378599
path,-10.23362488817323,-4.725659340060141
path,-10.232862368270395,-4.724023061541564
path,-10.23210430674369,-4.722390978629715
path,-10.231345933971276,-4.720759164259743
path,-10.230587418334173,-4.719127748160197
path,-10.22982860856282,-4.7174966145313135
path,-10.229045992799275,-4.715739160606072
path,-10.228245713421334,-4.713907260767619
path,-10.22741586090815,-4.712022608591882
path,-10.226553774990712,-4.7100975687865265
path,-10.225660426192707,-4.708128835025016
path,-10.224741861320657,-4.706150910501457
path,-10.223810539773355,-4.704165632294258
path,-10.222875494778549,-4.702178176801729
path,-10.221940100777271,-4.7001920637719525
path,-10.221004510734812,-4.69820554602904
path,-10.220076586915578,-4.696248622548713
path,-10.21915814819475,-4.694302091157846
path,-10.218240952699237,-4.692357162330346
path,-10.217323570612882,-4.690413688932176
path,-10.21640619271526,-4.688469961477061
path,-10.215497200032145,-4.686560261294042
path,-10.214599393259467,-4.684662973104605
path,-10.213703978365821,-4.682769069410547
path,-10.212808444091749,-4.680874800416699
path,-10.211912526790787,-4.678980882071765
path,-10.211021937661261,-4.677109376386135
path,-10.210138549252102,-4.6752449049544245
path,-10.209249609227767,-4.6733848301114005
path,-10.208345548994604,-4.671521106742707
path,-10.207423626262978,-4.669657857058972
path,-10.206487881986375,-4.667818107280627
path,-10.20553847218855,-4.665984352862902
path,-10.204571326754046,-4.664150822983835
path,-10.203583807547066,-4.662316877805596
path,-10.202575813515942,-4.6604789160612565
path,-10.201570629647797,-4.658659555539558
path,-10.20056703753673,-4.6568422560278515
path,-10.199562291821568,-4.65502482140762
path,-10.198556242174403,-4.653207141809699
path,-10.197549114525257,-4.651389375055537
path,-10.196556964525296,-4.649601738584239
path,-10.195567000457721,-4.647817800805585
path,-10.194576786447488,-4.646034331455324
path,-10.193585920848212,-4.644251040336147
path,-10.192595003724891,-4.642467350322867
path,-10.191609517361472,-4.640700316042138
path,-10.19062642999365,-4.63893605382434
path,-10.189645145790175,-4.637174710133988
path,-10.188663693353831,-4.635413872886336
path,-10.187682384550534,-4.633653758372447
path,-10.186662594487823,-4.631748800637754
path,-10.185621727087476,-4.629724533171351
path,-10.184552712410584,-4.627630408330691
path,-10.183445518488668,-4.625484914631963
path,-10.182299335939028,-4.623294294954757
path,-10.181126608632106,-4.621079399701785
path,-10.17992535577133,-4.618856869331939
path,-10.178713438253101,-4.616626989496194
path,-10.177494117547456,-4.614391852346852
path,-10.176270655086432,-4.612155855778586
path,-10.175059482563876,-4.609954610137102
path,-10.173852499386376,-4.607759533041241
path,-10.172646309235548,-4.605565896235413
path,-10.171440967009007,-4.603373757441325
path,-10.170235546183935,-4.601182477847589
path,-10.16904200504465,-4.599020651662054
path,-10.167852539955204,-4.596864178327812
path,-10.166663792572555,-4.594709090016169
path,-10.165475569908267,-4.592555259431183
path,-10.164287139294922,-4.590402186160941
path,-10.163125254839175,-4.588302129662041
path,-10.16196859372218,-4.586211521697184
path,-10.160812924960267,-4.584122447213374
path,-10.1596574719165,-4.582034376789008
path,-10.158501696553085,-4.579946943400707
path,-10.157356184328176,-4.577883569464838
path,-10.156212693290543,-4.5758233010140685
path,-10.155070120577362,-4.573764505501925
path,-10.153927500997744,-4.571706518055757
path,-10.152784461134768,-4.569649084352537
path,-10.151660918841802,-4.5676343320901545
path,-10.150543251864994,-4.565627262639751
path,-10.149426731937455,-4.563621778633093
path,-10.14831025385802,-4.561617126288578
path,-10.147193392351753,-4.559613016031614
path,-10.146087777869418,-4.55763538501465
path,-10.144985201803989,-4.555662138721165
path,-10.143883981514026,-4.553690601345895
path,-10.142782884193945,-4.551719927853833
path,-10.141689336793352,-4.549755346559719
path,-10.14061929780695,-4.547829535589246
path,-10.139565280463994,-4.545922645943506
path,-10.138521514560516,-4.544023798995059
path,-10.137484865093032,-4.542131689386925
path,-10.136452276614994,-4.540242855967892
path,-10.135429027150648,-4.538375139939046
path,-10.134410181778842,-4.536521030834983
path,-10.133397301292112,-4.534672631784125
path,-10.132387441235272,-4.5328270403140545
path,-10.13137786092847,-4.530983866821658
path,-10.130374055459354,-4.529153274931244
path,-10.129373482404361,-4.527331223744809
path,-10.128375988649045,-4.525512017515925
path,-10.127378213581865,-4.523695078111416
path,-10.126381612775974,-4.521879424420798
path,-10.12537004445829,-4.519990472361785
path,-10.124340443937987,-4.518069505574017
path,-10.123301748573928,-4.516135030557337
path,-10.122263512670862,-4.514191471840239
path,-10.121223412805614,-4.512244840811275
path,-10.120175324746029,-4.510309127841508
path,-10.119118190824135,-4.508374887276582
path,-10.118059218321585,-4.506444351171206
path,-10.116997158982855,-4.504517770184847
path,-10.115933174854653,-4.502594891505719
path,-10.114872887574311,-4.500682117754992
path,-10.113805347701588,-4.498779699521165
path,-10.112736501258752,-4.4968838440670735
path,-10.111666467303396,-4.494991177162389
path,-10.110595700955917,-4.4931041751720535
path,-10.109526870629095,-4.491230112535708
path,-10.10845766092576,-4.489360913141822
path,-10.10739122965493,-4.487503753461235
path,-10.106328919127852,-4.485652991847454
path,-10.105270323376415,-4.483809327985147
path,-10.10421823784211,-4.481989226798063
path,-10.10317177867358,-4.480179898785551
path,-10.10213353070385,-4.478384650650906
path,-10.10110490293817,-4.476601904433485
path,-10.100087808227899,-4.47483514886424
path,-10.09908529452582,-4.473093614858198
path,-10.098098623445091,-4.471373696608618
path,-10.097129281646666,-4.469676886664219
path,-10.096181268686841,-4.468002456128202
path,-10.095256456049775,-4.466354718018694
path,-10.094362899457487,-4.464757538200093
path,-10.09350608670922,-4.463195412514792
path,-10.092663230783662,-4.46164326823193
path,-10.091827801337656,-4.460104942167405
path,-10.091003830630198,-4.458558092167655
path,-10.090204451586793,-4.457037185815317
path,-10.089422784195232,-4.455528408227236
path,-10.088667790184646,-4.454022814805584
path,-10.087943370099675,-4.4525512049106
path,-10.087249798697993,-4.451182524002886
path,-10.08656773663899,-4.449934647804035
path,-10.085751424234688,-4.4487599639390165
path,-10.084883750905037,-4.447513571675957
path,-10.084139905753862,-4.446311658864028
path,-10.083406131649339,-4.445234968555444
path,-10.082569703125959,-4.444120063515865
path,-10.081622483796375,-4.442870081873196
path,-10.08064942694191,-4.441526054801993
path,-10.07965576375273,-4.440074384299299
path,-10.07867056632368,-4.438602345941864
path,-10.077702230516165,-4.437140632397335
path,-10.076742657183823,-4.435680877770988
path,-10.075789736955764,-4.4342227287961
path,-10.074842207230882,-4.4327661514859855
path,-10.073899154310867,-4.4313111230483155
path,-10.072969332202737,-4.42987275092079
path,-10.072043719887935,-4.428436904432287
path,-10.071119864795987,-4.427002180821784
path,-10.070195212801217,-4.4255677666538205
path,-10.069269675737782,-4.424133635138835
path,-10.06834870177138,-4.422708281767834
path,-10.067426995614936,-4.421283359321366
path,-10.06650442207972,-4.419858725556668
path,-10.065580983240732,-4.418434383256384
path,-10.064656681031122,-4.417010335005525
path,-10.063603749823258,-4.41555521128291
path,-10.062493776493346,-4.414007484228842
path,-10.061357964273636,-4.412374458255829
path,-10.060192166558604,-4.410643232653041
path,-10.059006578640526,-4.408841701259135
path,-10.057831097613464,-4.40704897314882
path,-10.056657508639283,-4.405260292855292
path,-10.055482536978802,-4.40347194700948
path,-10.054306188196472,-4.401683953678405
path,-10.053128467430192,-4.3998963293212086
path,-10.051963845926107,-4.398132016188405
path,-10.050800007255202,-4.396370276198737
path,-10.049634847127294,-4.394608932051597
path,-10.048468369299314,-4.392847995122282
path,-10.047300577278367,-4.3910874758185905
path,-10.046155006706698,-4.389365308131624
path,-10.045016099129878,-4.387652923095958
path,-10.043875955080523,-4.385940955112579
path,-10.042734577185714,-4.384229411460302
path,-10.041591967928158,-4.382518298836895
path,-10.040462122906785,-4.3808292806773945
path,-10.039332687393747,-4.379142349455762
path,-10.038202060165522,-4.377455853225059
path,-10.037070243206715,-4.37576979681603
path,-10.035937238417674,-4.374084184709615
path,-10.03482167341591,-4.372427846700175
path,-10.033708271141606,-4.370775679962434
path,-10.032593731890378,-4.369123951010829
path,-10.031478056892507,-4.3674726630386775
path,-10.030361247364974,-4.365821819112311
path,-10.029256145873745,-4.364190880430057
path,-10.028151087386249,-4.362561559000885
path,-10.027044927349152,-4.3609326784287035
path,-10.025938820874043,-4.359295683003098
path,-10.02482340406286,-4.357629420742099
path,-10.023738285734904,-4.355964059985828
path,-10.022651077682996,-4.354303687014553
path,-10.021562594157448,-4.352643489785113
path,-10.020473255269915,-4.350983476706478
path,-10.019383214208977,-4.349323646420546
path,-10.01829535608703,-4.3476743984369035
path,-10.017209078829033,-4.346031331968942
path,-10.016124376942564,-4.3443883253042275
path,-10.015040691902588,-4.342745456620788
path,-10.013956834963796,-4.341100755913224
path,-10.012874522706598,-4.339472163915629
path,-10.011793669049226,-4.337849845300151
path,-10.010715499983242,-4.3362275752305255
path,-10.009639581240986,-4.334603479000738
path,-10.008564648951667,-4.332981458054755
path,-10.007494318180598,-4.33137124916511
path,-10.006426458937646,-4.329763402063861
path,-10.005359441659246,-4.328157610427778
path,-10.004292458757892,-4.326551936390757
path,-10.003225001109772,-4.324946360771055
path,-10.00208034096988,-4.323255053522098
path,-10.000902718007968,-4.3215119231371455
path,-9.999709500728267,-4.319753883749686
path,-9.998500043802231,-4.317984745697132
path,-9.99727938260329,-4.316210141246999
path,-9.99605086599508,-4.314439350561623
path,-9.994812973881054,-4.312663740703053
path,-9.99356624576719,-4.310881574724935
path,-9.992311249858085,-4.309093420075313
path,-9.991048131005522,-4.3072994208594135
path,-9.989781303293107,-4.305507221301486
path,-9.988510243502997,-4.303715554468807
path,-9.987237031605101,-4.301921236088103
path,-9.985961759092175,-4.300128917186065
path,-9.984684900511338,-4.2983365645128
path,-9.983412125546657,-4.2965517672990945
path,-9.982136907379049,-4.294773853864648
path,-9.980863265534389,-4.29300074619658
path,-9.979591117456334,-4.291230443020882
path,-9.97832045666341,-4.289460729639938
path,-9.977052746449083,-4.287701162596225
path,-9.975786051775277,-4.285946376512367
path,-9.974521267748047,-4.284192518390657
path,-9.973258817138282,-4.282444394506183
path,-9.97199862309079,-4.280699779930701
path,-9.970756396684315,-4.278969787128931
path,-9.969508787404008,-4.277260430961488
path,-9.968259380467403,-4.275563322950623
path,-9.96701260220551,-4.273868213196752
path,-9.965769048207136,-4.272179177115184
path,-9.964529878216196,-4.270496750548148
path,-9.963292947428593,-4.26882299734647
path,-9.96205942250332,-4.267153463817704
path,-9.96082928423629,-4.265485939245814
path,-9.959602911357964,-4.263825246473724
path,-9.958383214210935,-4.262174159829659
path,-9.95716464208505,-4.260530488735964
path,-9.955950278010576,-4.258893673433959
path,-9.954739748305473,-4.257259262745367
path,-9.953533793143334,-4.255632301452895
path,-9.952333606949797,-4.254014306672423
path,-9.95113653535698,-4.252401663513037
path,-9.949944250412635,-4.25079641187161
path,-9.948756566958844,-4.249194167607298
path,-9.947573833197088,-4.247599786221978
path,-9.946398543187598,-4.246013156982816
path,-9.945226238408843,-4.244438671871647
path,-9.944059194720667,-4.24286971244463
path,-9.942897212240485,-4.241304760660658
path,-9.941740846707864,-4.239747887933866
path,-9.94059180398537,-4.238200020586306
path,-9.939447047323192,-4.23666345135376
path,-9.938307953357638,-4.2351308242091905
path,-9.937173775788175,-4.233606564533912
path,-9.936043810604472,-4.23208488796551
path,-9.934917673688677,-4.230574217732944
path,-9.933795734145267,-4.229069105467505
path,-9.93267695455578,-4.227566048033039
path,-9.931560773759854,-4.226069391770118
path,-9.930446962758714,-4.224572853429657
path,-9.92928485390314,-4.222982536393895
path,-9.92808518323556,-4.221322446828631
path,-9.926879524411323,-4.219660473598724
path,-9.925671011917368,-4.21799459419309
path,-9.924459777004136,-4.216331183517425
path,-9.92325096048121,-4.214673132058625
path,-9.922041562164615,-4.213016433854055
path,-9.920832493814723,-4.211364775676746
path,-9.919572826326165,-4.209892581674191
path,-9.91823769746674,-4.208589377428
path,-9.916906488178338,-4.207313467603305
path,-9.91556254551082,-4.206051376375231
path,-9.914251896661726,-4.204791775528456
path,-9.912931763729604,-4.203538204456325
path,-9.911635774947346,-4.202283485913525
path,-9.91033352032031,-4.201040525698582
path,-9.909036526483764,-4.1998112960361365
path,-9.90774787398478,-4.198583172296255
path,-9.906476993687521,-4.197358838203467
path,-9.90520239955998,-4.196149308511666
path,-9.903946383120028,-4.194947633094349
path,-9.902697206295088,-4.1937548114801
path,-9.901465254772255,-4.192571908777058
path,-9.900233231767638,-4.1914064213861115
path,-9.899022809900504,-4.190245696931345
path,-9.897843803933107,-4.189111104538656
path,-9.8966643696352,-4.188000920954173
path,-9.89550034006155,-4.18689216267194
path,-9.894352948951813,-4.185791088928241
path,-9.893215797597957,-4.184708134069998
path,-9.892096849912877,-4.183638285098744
path,-9.890987095910708,-4.182589482625097
path,-9.88989390623408,-4.1815516810287745
path,-9.888800660806572,-4.1805335493104065
path,-9.887719265217354,-4.179515705614775
path,-9.886645374541896,-4.178510032267611
path,-9.885577443805158,-4.177509755226174
path,-9.884511137323353,-4.176519516446578
path,-9.883446660768795,-4.175535800404729
path,-9.882384046603578,-4.174559234877662
path,-9.881332889272047,-4.173584998182716
path,-9.880280968016889,-4.172620764009438
path,-9.87923200965741,-4.171663131745527
path,-9.878185519696808,-4.170711239107725
path,-9.877138926013014,-4.169766260873536
path,-9.876097683170382,-4.168828080514188
path,-9.875059472198904,-4.167895178691807
path,-9.874018734889255,-4.166973275733639
path,-9.872984206068923,-4.166052121855168
path,-9.871950561332538,-4.165141209284803
path,-9.87092083866299,-4.164237480914623
path,-9.869895283863162,-4.163336996869736
path,-9.868868551348921,-4.162445902427591
path,-9.867846802966877,-4.161560471100614
path,-9.866831298919902,-4.160676832104175
path,-9.865817541742123,-4.159795282264554
path,-9.864812518132588,-4.158902099132452
path,-9.863804449066473,-4.158004010670981
path,-9.86279279113381,-4.157104204107256
path,-9.861778398095455,-4.156201951128806
path,-9.860770325043013,-4.1552910382822414
path,-9.859756568954051,-4.1543826444621805
path,-9.858743565874507,-4.153469517888692
path,-9.85773060031641,-4.152555700597684
path,-9.856717434185146,-4.151640959675526
path,-9.85570729913798,-4.1507256636502
path,-9.854696373784638,-4.149811677727957
path,-9.853688444698369,-4.148894492795104
path,-9.852676905977688,-4.147978697224453
path,-9.851665103416796,-4.147063207006125
path,-9.850655863376783,-4.146146397499274
path,-9.849647638350449,-4.145232824565098
path,-9.848640251696459,-4.144321591190248
path,-9.84763349485681,-4.143409531762428
path,-9.84662544867675,-4.142500595291004
path,-9.845632338183085,-4.1416205118811025
path,-9.84470868418725,-4.140895016332532
path,-9.843823764712425,-4.140149712153956
path,-9.842937926645085,-4.139379566970528
path,-9.842053556122442,-4.1385890551977536
path,-9.841175611848952,-4.137759929178069
path,-9.840296930636503,-4.1369021174755245
path,-9.839416253569553,-4.136027055281226
path,-9.838532593242801,-4.135137921281222
path,-9.837647345212844,-4.134236028737095
path,-9.836599311341946,-4.13323185661636
path,-9.835432899163306,-4.132244825668453
path,-9.834235612465593,-4.131265788989988
path,-9.833032008516343,-4.13028621245846
path,-9.83179896660634,-4.129317934623587
path,-9.830567813030541,-4.128410822088098
path,-9.829340647833925,-4.1275389719339595
path,-9.828107952551266,-4.1267233902884355
path,-9.82687447531895,-4.125942083089536
path,-9.825633758859631,-4.1251839372399814
path,-9.824410413324273,-4.124433695563681
path,-9.823185611950024,-4.123679963643803
path,-9.82196325663207,-4.122927216644572
path,-9.820735837794842,-4.122178810046359
path,-9.819508794700933,-4.121434962983935
path,-9.818294380177182,-4.120691822075053
path,-9.817087551380439,-4.119945318897773
path,-9.815872023947652,-4.1192096740471325
path,-9.814661592701466,-4.118473564356994
path,-9.813441837459285,-4.117738903330188
path,-9.812235338537851,-4.117018698437383
path,-9.811031062969963,-4.116295964584518
path,-9.809828648028654,-4.115581068786757
path,-9.808624146068599,-4.1148443793066845
path,-9.807420028891482,-4.114124033894214
path,-9.806216263922487,-4.113412864162404
path,-9.805019436458524,-4.112695508900111
path,-9.803817393285717,-4.111979262668494
path,-9.802614596072415,-4.111273763737758
path,-9.801408715218466,-4.110562718560495
path,-9.800211434617175,-4.109863254569962
path,-9.799016020983442,-4.1091570910971384
path,-9.797823479520304,-4.10845260768412
path,-9.796621940526823,-4.107758885774425
path,-9.795419306830494,-4.107058088253108
path,-9.794226833446887,-4.106367406142871
path,-9.793032782981951,-4.105687052587705
path,-9.791838868217678,-4.1050018227355185
path,-9.790646409745932,-4.104320909101224
path,-9.789453343665057,-4.103636955358894
path,-9.788263492892295,-4.102961004372869
path,-9.787075632736784,-4.10228168881898
path,-9.785886278803655,-4.101607557630287
path,-9.784698111608623,-4.100931228167965
path,-9.783507093076894,-4.100259862164017
path,-9.782325326529504,-4.099590719693068
path,-9.781150044571998,-4.098918688041742
path,-9.779969664417361,-4.098252990296287
path,-9.778787697615728,-4.097590116911702
path,-9.777605444861052,-4.096928000647321
path,-9.77642950672673,-4.096272035838448
path,-9.775251876619471,-4.095620599102319
path,-9.774078686028663,-4.094967864738812
path,-9.77290091415254,-4.09431610790273
path,-9.771725250125625,-4.0936629938458635
path,-9.77055072313432,-4.093014133203076
path,-9.769380328770348,-4.092369279145378
path,-9.768207129075774,-4.091723191125138
path,-9.76703239601336,-4.09107774784602
path,-9.76585767531414,-4.09043723517696
path,-9.76468999114395,-4.089797077611868
path,-9.763522139473462,-4.0891595699965775
path,-9.762355516288661,-4.088526711487351
path,-9.76118587035969,-4.087893273326403
path,-9.760015991998083,-4.087261069808089
path,-9.758851222563875,-4.08663178125237
path,-9.75768707016372,-4.086001857231494
path,-9.756520492853985,-4.085383045519454
path,-9.755353440781237,-4.084752677584513
path,-9.754186233071488,-4.084129206074086
path,-9.75302475474686,-4.083510771577593
path,-9.75186545038007,-4.082891989062211
path,-9.750706065733361,-4.082273698955698
path,-9.749543311202864,-4.081663376016597
path,-9.748380904423026,-4.081048388609048
path,-9.74722640367312,-4.080433675644683
path,-9.746067559892255,-4.079827041893154
path,-9.74490744164283,-4.079221024962452
path,-9.743749132088263,-4.078609445557788
path,-9.742589421345436,-4.077998970655254
path,-9.741436795655112,-4.077397202234422
path,-9.740282363101484,-4.076793004078374
path,-9.73912621873532,-4.076193056218346
path,-9.73796939230772,-4.075592659528671
path,-9.736812349120115,-4.074997187077903
path,-9.735659411233165,-4.074399657634846
path,-9.734507543458786,-4.073802463923325
path,-9.733355630515224,-4.073206368620527
path,-9.732202685480836,-4.072617009240185
path,-9.73104704947753,-4.072024066609081
path,-9.729898519694911,-4.071443478975148
path,-9.728751304568519,-4.070858299109959
path,-9.727602720101753,-4.070273201951809
path,-9.726464463912498,-4.069690045006751
path,-9.725320774820597,-4.069091022274652
path,-9.724175278070234,-4.06851242100683
path,-9.723028333812152,-4.0679339258145415
path,-9.721882278431389,-4.067353337692489
path,-9.720736642370134,-4.066775032274184
path,-9.719589371959678,-4.0661994218199675
path,-9.718447862983968,-4.065627857948321
path,-9.717308409888512,-4.065057448869431
path,-9.716167870011269,-4.064486334207545
path,-9.715025748173582,-4.0639119847623055
path,-9.71388598587736,-4.063354605587825
path,-9.712753288706407,-4.062779000078672
path,-9.71162438412434,-4.06221577282487
path,-9.710489960226262,-4.0616529004454645
path,-9.709352588072225,-4.061097695252968
path,-9.708217892343885,-4.060541423543616
path,-9.707087618570835,-4.059984179664502
path,-9.705958462968677,-4.059430076210377
path,-9.704828987716384,-4.058884872261905
path,-9.703702879431654,-4.05832454896647
path,-9.702572493577287,-4.0577749368760685
path,-9.701443746676828,-4.057228549794196
path,-9.70031579273822,-4.056687071103923
path,-9.699188615565758,-4.056135825240446
path,-9.69806156368483,-4.055592131959841
path,-9.696933148408192,-4.055047811575148
path,-9.695806583666046,-4.054505445322187
path,-9.694683815099127,-4.0539677497503614
path,-9.69355778707677,-4.053427121897361
path,-9.692431043578818,-4.052893261001644
path,-9.691303618142213,-4.052355903121647
path,-9.690177555757263,-4.051823135320155
path,-9.689052758043523,-4.0512919981469215
path,-9.687926732382824,-4.050760309414359
path,-9.686799603711588,-4.050232311920232
path,-9.685671751762568,-4.04970625691425
path,-9.684548620448565,-4.049173701484532
path,-9.683424487523817,-4.048649805630555
path,-9.68230007495067,-4.0481243904667465
path,-9.68117734675373,-4.047596678587344
path,-9.67998103250274,-4.0469426495990986
path,-9.678670536718043,-4.045709742537523
path,-9.67731457141481,-4.044417127578101
path,-9.67595808087367,-4.0431247336423395
path,-9.67460106472475,-4.04183255928595
path,-9.673243521611425,-4.0405406046296815
path,-9.671888910900444,-4.039251245608969
path,-9.67052633653667,-4.037951688692973
path,-9.669155494785254,-4.036641589346188
path,-9.667775062990467,-4.035319263898466
path,-9.666388015791345,-4.033992715908745
path,-9.664785038625423,-4.032255316828337
path,-9.662815560349355,-4.0303394729555855
path,-9.660807809069865,-4.028402101524079
path,-9.658785141041196,-4.026446646173612
path,-9.656759045215033,-4.024488848306664
path,-9.65478046415606,-4.022578541946843
path,-9.652802084905055,-4.020670844148281
path,-9.65082305894047,-4.018764507116847
path,-9.648843375885253,-4.016859526236641
path,-9.646863026153415,-4.0149558982866855
path,-9.644975164400584,-4.013141229847626
path,-9.64308968701781,-4.011332316832165
path,-9.641203556751167,-4.009524604259048
path,-9.639316770783438,-4.007718091271604
path,-9.637429326651041,-4.005912776943466
path,-9.635597814504514,-4.004161972425513
path,-9.633766757577517,-4.002414046736685
path,-9.631935065898917,-4.000667237710674
path,-9.630102738952022,-3.9989215459436593
path,-9.628269776301424,-3.997176972002533
path,-9.626500946795634,-3.9954955160624324
path,-9.624735111525947,-3.993818225378648
path,-9.622968731273184,-3.992142000841658
path,-9.621201801592461,-3.9904668399886716
path,-9.619434318294363,-3.9887927413917463
path,-9.617709915709641,-3.9871606280100558
path,-9.615985578710767,-3.9855304249449266
path,-9.614260701390796,-3.9839012227533983
path,-9.612535281658957,-3.9822730208834343
path,-9.610809317736189,-3.9806458185176723
path,-9.609148776555285,-3.9790822319283063
path,-9.607489434098047,-3.9775204847775862
path,-9.605829568025435,-3.9759596603365233
path,-9.604169178917612,-3.974399758211292
path,-9.60250826707694,-3.972840779052439
path,-9.600879922518116,-3.9713139870766994
path,-9.599251661240404,-3.9697886777125024
path,-9.59762296665465,-3.9682642887440456
path,-9.595993833033136,-3.9667408155897195
path,-9.594364254953385,-3.965218255203532
path,-9.592780982948673,-3.9637397504299736
path,-9.591197939322463,-3.96226317790043
path,-9.58961445919037,-3.9607874547616593
path,-9.588030539623729,-3.959312579767659
path,-9.586446178114313,-3.9578385513060406
path,-9.5848895085115,-3.9563915194051784
path,-9.583332420910853,-3.9549453065278306
path,-9.581774901539763,-3.953499907813008
path,-9.580216948689403,-3.952055322603736
path,-9.578658560813917,-3.9506115504017045
path,-9.577137895986214,-3.9492036539223165
path,-9.575617148152089,-3.9477970649723653
path,-9.574079973249319,-3.9463910857600917
path,-9.572548794355182,-3.944981757898936
path,-9.57100987351812,-3.943555343802667
path,-9.569485869405442,-3.9421411116108604
path,-9.567953014071685,-3.940717123412261
path,-9.566411341417911,-3.93928349981865
path,-9.564860895174748,-3.937840364923008
path,-9.563301719383619,-3.9363878431371093
path,-9.56147461524518,-3.9344547909079552
path,-9.559313239613893,-3.932282585034255
path,-9.557021984766365,-3.93014983229826
path,-9.554728329283257,-3.9280225017076345
path,-9.552433459525684,-3.9258971940359
path,-9.550204792390542,-3.9238277949701126
path,-9.547976645551056,-3.9217704680091288
path,-9.545747406363418,-3.9197150689253912
path,-9.543517073941949,-3.917661597897334
path,-9.541285647425486,-3.91561005591175
path,-9.539170943620805,-3.9136684360981016
path,-9.537063252652352,-3.9117358733173
path,-9.53495459406701,-3.909805047549993
path,-9.532844967031927,-3.9078759572973727
path,-9.530734370883245,-3.9059486012799858
path,-9.52867798440735,-3.904068479151634
path,-9.526620615752313,-3.9021946868827633
path,-9.524562316356098,-3.900322532211762
path,-9.522503087055382,-3.898452015026652
path,-9.520442928690304,-3.896583135292958
path,-9.518492488914506,-3.8948116044045484
path,-9.516547747627088,-3.893052041938208
path,-9.514602196659812,-3.8912939388426797
path,-9.512644942636719,-3.889547155545715
path,-9.510630104107225,-3.8879151243971655
path,-9.5086623322122,-3.886350075575706
path,-9.506694319805288,-3.884784528051702
path,-9.504725221269007,-3.883221710342056
path,-9.502755549680163,-3.88165968043387
path,-9.500785385752085,-3.880098131459049
path,-9.498883603733704,-3.878590640766155
path,-9.496981602119416,-3.8770858495331306
path,-9.495079347872679,-3.8755807162580904
path,-9.493176055970634,-3.8740782395304643
path,-9.491272235548193,-3.8725764793816535
path,-9.489407955044015,-3.871105431767495
path,-9.487542851459732,-3.8696363490431964
path,-9.485677563161147,-3.8681667170937226
path,-9.483811435081643,-3.8666990547097155
path,-9.481945019183403,-3.8652312386654333
path,-9.480114349056901,-3.863793811254912
path,-9.47828009349389,-3.8623514714897165
path,-9.476412618524481,-3.860938584690764
path,-9.474560183354148,-3.85949065185687
path,-9.472695787231443,-3.858032532331954
path,-9.470870671697972,-3.8566076921773287
path,-9.469034038732769,-3.8551744082253094
path,-9.467185729530584,-3.853733213301635
path,-9.465325664498955,-3.8522842637043317
path,-9.463453774030945,-3.8508274648706227
path,-9.46161060248946,-3.849392873182766
path,-9.459755339346529,-3.847951892929884
path,-9.457888238673094,-3.8465034183171456
path,-9.4560183122831,-3.845052579986352
path,-9.454149490035732,-3.8436010208081175
path,-9.452326779340503,-3.842186335309573
path,-9.45050449423786,-3.840773206188789
path,-9.448683598462996,-3.8393583082269784
path,-9.446862688027776,-3.837946387686978
path,-9.445042623297669,-3.836534545454812
path,-9.443252190612833,-3.8351437367722996
path,-9.441461974033537,-3.833755127506451
path,-9.439672862652296,-3.832365651570024
path,-9.437884580469346,-3.830976263143384
path,-9.436096284572855,-3.829589810515511
path,-9.434029020429096,-3.8277004087461064
path,-9.43154018758603,-3.825619552634088
path,-9.428891022304608,-3.8235645813973704
path,-9.426244039307177,-3.821508743030824
path,-9.423598630996125,-3.8194541053550948
path,-9.421030102578035,-3.8174620200620946
path,-9.41846632383147,-3.8154707069558413
path,-9.415904049800623,-3.8134805340246487
path,-9.413343280752986,-3.8114915129417573
path,-9.41078403793095,-3.809503606800567
path,-9.408354381226038,-3.80762390159546
path,-9.40593977714979,-3.8057482755632335
path,-9.403526579409357,-3.8038735667663803
path,-9.40111544570236,-3.801997637944617
path,-9.398704999550146,-3.800125033275271
path,-9.396373692474185,-3.7983156344921047
path,-9.394046815788087,-3.796507828777393
path,-9.391721971667291,-3.794698634555448
path,-9.389397720251036,-3.792892768814828
path,-9.387074778552394,-3.791087895889378
path,-9.38484202663045,-3.789353948098468
path,-9.382615007230838,-3.7876205339827482
path,-9.380388469031855,-3.785890461528903
path,-9.37816388152295,-3.7841589745329407
path,-9.375939913607453,-3.7824303624645736
path,-9.373777189365894,-3.7807484037007555
path,-9.371617225587917,-3.7790665484919534
path,-9.369457708243674,-3.777387915175803
path,-9.36730011735284,-3.7757077635358374
path,-9.365143001954518,-3.7740308041219826
path,-9.36306077552901,-3.7724097638528864
path,-9.360951584947134,-3.770641053382059
path,-9.358656904804507,-3.768822078852497
path,-9.356263049536027,-3.7670106394231766
path,-9.353868450021427,-3.765203059225995
path,-9.351528347294963,-3.763440981959304
path,-9.349160574707291,-3.761723666234822
path,-9.346820096776842,-3.7599701778727206
path,-9.344478857398428,-3.7582202070662563
path,-9.342136869235897,-3.7564737580339838
path,-9.33988291175573,-3.754799121600811
path,-9.337631753006447,-3.753127996115355
path,-9.335379928068097,-3.7514601225154562
path,-9.33312744801203,-3.7497955024845506
path,-9.330874324870008,-3.7481341389931964
path,-9.328668263741976,-3.746511114444953
path,-9.326461676319813,-3.744891238320565
path,-9.324254511572224,-3.7432744837578187
path,-9.322046753800619,-3.7416608423459925
path,-9.319838423349072,-3.740050317294422
path,-9.317692324232079,-3.7384892732155905
path,-9.315546713988514,-3.736931191850048
path,-9.313400588450275,-3.73537604659643
path,-9.311253957939229,-3.733823838472566
path,-9.309106811248103,-3.7322745554521504
path,-9.306997813346396,-3.730756011554284
path,-9.304888359583071,-3.7292402903638227
path,-9.302778439174544,-3.727727389119329
path,-9.300668069281416,-3.7262173126372806
path,-9.298557250161418,-3.7247100544876637
path,-9.296235209724198,-3.722825395043631
path,-9.293663354790999,-3.720540644060526
path,-9.290854832733741,-3.7182392135744866
path,-9.287815990700421,-3.715946819352972
path,-9.28459209433502,-3.7136630693765
path,-9.28144684279881,-3.711462919282269
path,-9.278311960399616,-3.7092667895269793
path,-9.275176337862247,-3.707076833769369
path,-9.272039994044615,-3.7048930431672633
path,-9.268902935424087,-3.702715400826408
path,-9.265927900568531,-3.700694493817846
path,-9.262971317611472,-3.6987009363255905
path,-9.260033970034135,-3.6966800389016465
path,-9.257092838496995,-3.694661539946111
path,-9.254131508222796,-3.6926306592153875
path,-9.25125402651102,-3.6906612839443493
path,-9.248362370006978,-3.688680343787813
path,-9.24545092199306,-3.6866869633713484
path,-9.242520076359765,-3.684681518551026
path,-9.239570361286763,-3.682664365603252
path,-9.236711883930239,-3.680724108594873
path,-9.233846543217005,-3.6787698848142383
path,-9.230979514480302,-3.67679674781189
path,-9.228110618741312,-3.67482532192396
path,-9.225239730726129,-3.67285648184561
path,-9.222498172227565,-3.6709771548085577
path,-9.219756194367411,-3.669103984448311
path,-9.217012410121342,-3.6672332065950344
path,-9.214266819190609,-3.6653648300965194
path,-9.21151942147934,-3.6634988634544148
path,-9.208849632673955,-3.661687672659877
path,-9.206178594197622,-3.659880530563941
path,-9.203505852528194,-3.6580756786503534
path,-9.200831408236082,-3.6562731241440014
path,-9.198155261941965,-3.6544728740143855
path,-9.195594682541309,-3.6527524991540044
path,-9.193035372397668,-3.651037198306913
path,-9.190474515079433,-3.649324023502128
path,-9.187912111076,-3.647612979579612
path,-9.185348160976025,-3.6459040713052846
path,-9.182825238670327,-3.6442256114951688
path,-9.180300854161695,-3.642549239095435
path,-9.177774976745528,-3.640874945108687
path,-9.175247607262362,-3.6392027338660893
path,-9.172718746614542,-3.6375326096485563
path,-9.170282588299479,-3.6359246602827957
path,-9.167846271054385,-3.6343214459429913
path,-9.165408574243509,-3.6327201716129967
path,-9.162969498996276,-3.631120841424742
path,-9.16052904644594,-3.62952345939246
path,-9.158137853473585,-3.627965199515339
path,-9.155743880997244,-3.626403630527248
path,-9.153348596158313,-3.6248439587993606
path,-9.150951999435735,-3.6232861863025643
path,-9.148554091389373,-3.621730315124108
path,-9.146200165051829,-3.620205614847883
path,-9.143845045932352,-3.6186828421558355
path,-9.141488666368733,-3.6171619055418542
path,-9.139131027144039,-3.6156428073520814
path,-9.136772129088362,-3.614125549990759
path,-9.134483752638257,-3.612655520956673
path,-9.132194520209342,-3.611188125777869
path,-9.129904106052457,-3.6097224649724002
path,-9.127612511004521,-3.6082585407758274
path,-9.125319735827826,-3.6067963552181763
path,-9.122624999324346,-3.604950909814096
path,-9.119450793639238,-3.6027199253036404
path,-9.115916509072422,-3.600428155893457
path,-9.112314153841998,-3.5981506815542477
path,-9.108708952810288,-3.5958775822824816
path,-9.105270153982502,-3.5937077310056167
path,-9.10183983854073,-3.591556257252182
path,-9.098406959881114,-3.5894087461651067
path,-9.09497151959959,-3.587265202123104
path,-9.091531586579562,-3.585231400922304
path,-9.08823447113344,-3.583340720802999
path,-9.084937424869771,-3.581454538990197
path,-9.08164077336408,-3.5795799662438337
path,-9.078340410691654,-3.577703473670193
path,-9.075038427525358,-3.5758319568437624
path,-9.071857098171925,-3.574030258975931
path,-9.068678033066309,-3.5722385980716154
path,-9.065500515075655,-3.570451928281885
path,-9.06232920550161,-3.5686713274774995
path,-9.05917643150652,-3.5668997526537547
path,-9.056180085923607,-3.5652179378971818
path,-9.053206653062588,-3.5635443511402998
path,-9.05024921929288,-3.561879612090547
path,-9.0473088480228,-3.5602207171883675
path,-9.044383554670308,-3.558571081506573
path,-9.04155036845601,-3.5569720109235856
path,-9.03873709497223,-3.555383059264335
path,-9.035938841224628,-3.553799134441931
path,-9.033147090362892,-3.5522219287447543
path,-9.030353773838419,-3.550645902024052
path,-9.027666466259642,-3.54914060587474
path,-9.024988909697411,-3.547640296415036
path,-9.022310135612745,-3.546140402512002
path,-9.019628086326836,-3.5446454086431647
path,-9.016944804334434,-3.5431508674897882
path,-9.014316178614774,-3.541694055035915
path,-9.011689704580132,-3.540238750236225
path,-9.009060048490122,-3.5387882401680346
path,-9.006429261922538,-3.537338069916914
path,-9.003795290330395,-3.5358926995294326
path,-9.000830802740753,-3.534047759567324
path,-8.997272327029636,-3.5319941486644497
path,-8.993338459496952,-3.5298522734082693
path,-8.989393151627329,-3.5277147456819407
path,-8.9854606802054,-3.5255900187699565
path,-8.981292647211143,-3.5232599885831193
path,-8.97673234896865,-3.520817815088251
path,-8.972150366396123,-3.5183783526465056
path,-8.96756074700911,-3.515946995114399
path,-8.962965187972499,-3.5135211768350456
path,-8.958583287833934,-3.511233873498563
path,-8.954239066504448,-3.5089648654916683
path,-8.94988823578443,-3.5067030792991694
path,-8.945532402601653,-3.5044460802787456
path,-8.941168796699463,-3.5021979935594527
path,-8.937123019662975,-3.5001360181144436
path,-8.933130158325744,-3.498094269550719
path,-8.929130591672964,-3.4960601115147893
path,-8.9251255235741,-3.4940317745564284
path,-8.921116080034572,-3.492007620124884
path,-8.917354008124693,-3.490121909700934
path,-8.913620190145929,-3.4882552191534995
path,-8.909883297741988,-3.486391415470553
path,-8.90614046528796,-3.4845347025997055
path,-8.902380155031272,-3.482696205600195
path,-8.89873731030634,-3.4809269261174087
path,-8.89513506603995,-3.4791600226686823
path,-8.891558377833618,-3.4774073474502663
path,-8.888015552274098,-3.4756831583072594
path,-8.884489522019551,-3.473999826518205
path,-8.881076781367819,-3.4724204822263474
path,-8.87769567290461,-3.470871061589919
path,-8.87431260032932,-3.4693257672539626
path,-8.870926408971016,-3.4677842857788117
path,-8.867537106338677,-3.466246616613203
path,-8.864275830533092,-3.464774217828773
path,-8.86104121715146,-3.4633164693799965
path,-8.857807994287539,-3.461864632588169
path,-8.854568904566836,-3.460401798104659
path,-8.8513036095289,-3.4589373815647555
path,-8.848117215459228,-3.457516985127807
path,-8.844936453663337,-3.456099414792423
path,-8.841752993335213,-3.454685087576614
path,-8.838566843594927,-3.4532740107969357
path,-8.835378012920705,-3.451866191254222
path,-8.832291204910703,-3.450508046022202
path,-8.829215284510216,-3.4491584700101536
path,-8.826136915964288,-3.447811933886189
path,-8.823056103600292,-3.446468442033201
path,-8.819972851562866,-3.4451279985523264
path,-8.816950684933543,-3.4438184361640296
path,-8.81393305176331,-3.4425145852587073
path,-8.810913189391572,-3.4412136783039307
path,-8.80789109275566,-3.439915716049239
path,-8.804866757489389,-3.438620699295817
path,-8.801943090950841,-3.4373742352560432
path,-8.799025337254234,-3.4361320870877243
path,-8.796104497457154,-3.4348941569704015
path,-8.793183372192017,-3.433656586361532
path,-8.790260664507105,-3.4324212421891693
path,-8.7873757754636,-3.4312041347136555
path,-8.78449153921412,-3.429991463077291
path,-8.781604611438764,-3.4287828452295948
path,-8.77871762693079,-3.4275745180380985
path,-8.775827903487603,-3.4263703086268373
path,-8.7725135456469,-3.424897995631063
path,-8.768498970836799,-3.4231074123660297
path,-8.763789235283873,-3.4210093825822803
path,-8.75846380976875,-3.41868059433891
path,-8.752829183849798,-3.416357787152704
path,-8.7474244411078,-3.4141448451723337
path,-8.742046073452245,-3.411963321262486
path,-8.736777946858625,-3.4097776640503983
path,-8.731694964515745,-3.4076038337269563
path,-8.726803060365185,-3.4054344534243812
path,-8.722087213301633,-3.4033696200916292
path,-8.71762073686297,-3.4014965480773323
path,-8.713336610064168,-3.3997275776484077
path,-8.709106423454658,-3.3979703039672584
path,-8.704898530708203,-3.3961952445580517
path,-8.700820287867593,-3.3945034064546076
path,-8.696841754468506,-3.392856953473448
path,-8.692893677263967,-3.391185193211394
path,-8.688978381530996,-3.3894861042223456
path,-8.685097658043313,-3.3877581597568267
path,-8.681333524269473,-3.386138169115566
path,-8.677652573211677,-3.38453957390928
path,-8.674004765528037,-3.3829132631072354
path,-8.67035960585176,-3.381286909513602
path,-8.666713487514942,-3.379663779088636
path,-8.663148825779073,-3.3781212718751967
path,-8.659647086072976,-3.3765745527003177
path,-8.656148428378108,-3.3750273144658034
path,-8.652648955410886,-3.3734830685252195
path,-8.649148671180255,-3.3719418191752606
path,-8.645728200581173,-3.370471687438076
path,-8.642359655527493,-3.3689955257814828
path,-8.638991042988232,-3.367521534850498
path,-8.635621023169906,-3.3660509064486708
path,-8.632249102054246,-3.364584103364233
path,-8.62896585935628,-3.363203365387158
path,-8.625757134836913,-3.3618218184403545
path,-8.622550868342119,-3.3604400948815853
path,-8.61934298863304,-3.3590618439010482
path,-8.616133489925227,-3.3576870664407714
path,-8.613000577883954,-3.356374791345711
path,-8.609907808695555,-3.3550579511984857
path,-8.606813569293756,-3.3537443402699045
path,-8.603717860317923,-3.3524339651791295
path,-8.600620672736003,-3.351126825876293
path,-8.59758853507483,-3.3498592881594544
path,-8.594574473452523,-3.3485944483574035
path,-8.591558987670991,-3.347332680913872
path,-8.58854207462789,-3.3460739853353956
path,-8.585523731384848,-3.344818361985525
path,-8.582582680681915,-3.3436107232866554
path,-8.579670763162854,-3.3424067960159367
path,-8.576750573298563,-3.3412014307705644
path,-8.573819654912853,-3.339997160477173
path,-8.570881171374356,-3.3387892354715736
path,-8.567990165957655,-3.337606939585557
path,-8.56509979293059,-3.336426565101943
path,-8.562201178513652,-3.3352422146207217
path,-8.559290055687752,-3.3340596535930462
path,-8.556366305585856,-3.332874351723948
path,-8.552743815175504,-3.331337574659777
path,-8.548326818064243,-3.3296726335944613
path,-8.543455995548378,-3.3277851951760833
path,-8.538152227023652,-3.3256669284677693
path,-8.532669166633012,-3.323460147371748
path,-8.526744592817378,-3.3211667540047274
path,-8.520280815851024,-3.318614540547373
path,-8.51342985230261,-3.315862234704194
path,-8.506458294767343,-3.313061398088555
path,-8.499495725642287,-3.3103280468163687
path,-8.49269646779634,-3.3077639841128215
path,-8.486160324435362,-3.3053663452804196
path,-8.479882420776592,-3.303015872406233
path,-8.47379073043739,-3.3007142342495017
path,-8.46783151010063,-3.298500398540792
path,-8.46201115675295,-3.2965414712387355
path,-8.456401671841602,-3.294649661031649
path,-8.45102134226833,-3.2927726613064223
path,-8.445843563247868,-3.290922167481784
path,-8.440820342025008,-3.289100153717743
path,-8.435960084728194,-3.287392725267869
path,-8.431302508119337,-3.2857608473907023
path,-8.426824426832015,-3.284155962436503
path,-8.422410646435448,-3.282569774238731
path,-8.417995085446144,-3.2809905525077596
path,-8.413693945132179,-3.27950538829237
path,-8.409590776529386,-3.278076826174958
path,-8.405612418271934,-3.27667289968337
path,-8.401643835102496,-3.2752790656133164
path,-8.397673521778868,-3.2738907289371806
path,-8.393791060727917,-3.2725363802600596
path,-8.389964538461545,-3.271209877891271
path,-8.386136463045021,-3.269888466931734
path,-8.382306838054548,-3.2685721378345405
path,-8.378475667868596,-3.267260885011234
path,-8.37475321722178,-3.265992783468449
path,-8.371149451644854,-3.2647680842301825
path,-8.367554187071354,-3.2635527338351755
path,-8.363957593678462,-3.2623418296628195
path,-8.36035967251187,-3.2611353701646704
path,-8.35684464331409,-3.259956906414636
path,-8.353364018022056,-3.2588264733524857
path,-8.3498765940301,-3.2577101153053176
path,-8.346386720112543,-3.2566003604776323
path,-8.342894282342497,-3.2554968283973778
path,-8.339473649727735,-3.2544239831185537
path,-8.336078473309074,-3.253370224218199
path,-8.332678431719438,-3.2523259435607117
path,-8.329272790752402,-3.2512922266150746
path,-8.325861581453218,-3.250269002725127
path,-8.322506806051821,-3.2492694135259184
path,-8.319172025576298,-3.248274304046613
path,-8.315837323358085,-3.247281063613871
path,-8.312502703076332,-3.246289691786816
path,-8.309168168979907,-3.245300186497905
path,-8.305912024244297,-3.2443392146532357
path,-8.302710735998827,-3.243393242018721
path,-8.299509669928895,-3.2424489826675975
path,-8.296308811300618,-3.241506430497024
path,-8.29310815244502,-3.240565586337843
path,-8.289977982328033,-3.2396513254167645
path,-8.28686840294366,-3.238732709702663
path,-8.283597978839953,-3.2376955681644897
path,-8.280307397166702,-3.2366622668392884
path,-8.27701673293278,-3.235629651291828
path,-8.273313487519037,-3.2342154323359384
path,-8.268898350204681,-3.2325129213442496
path,-8.263765404366602,-3.2307956387706276
path,-8.258201369834355,-3.2290725333591097
path,-8.252611295216706,-3.2273560147394087
path,-8.247109467758815,-3.225720288275495
path,-8.241712965220692,-3.224103857927985
path,-8.236354205524485,-3.222479821343782
path,-8.23099489804567,-3.2208486981910016
path,-8.22563490219023,-3.2192285103981475
path,-8.220390139638427,-3.2176369796144537
path,-8.215285439141843,-3.216092599686398
path,-8.210332794728547,-3.214625951431338
path,-8.205510123664645,-3.213208373979029
path,-8.200797690317883,-3.2118344339475398
path,-8.196227751079272,-3.210499840000238
path,-8.19180418751357,-3.2091808787619653
path,-8.187450546751867,-3.207876135984396
path,-8.183101559251986,-3.206577452426361
path,-8.178752060659049,-3.205286689914358
path,-8.17445323690248,-3.2040216012599676
path,-8.170201464447468,-3.2027252914601685
path,-8.16597064530941,-3.201395532014874
path,-8.161742033486831,-3.200077630070372
path,-8.157511190327643,-3.1987714128163476
path,-8.153340235845686,-3.1975210751700853
path,-8.149250698416854,-3.1962934394621176
path,-8.145198344039523,-3.1950803408105193
path,-8.14115328814501,-3.193879142765533
path,-8.137106746836418,-3.1926887401485864
path,-8.133133873712547,-3.1915632861711107
path,-8.129272727840307,-3.1904713047639115
path,-8.125491824813203,-3.1893987996227993
path,-8.12173709245497,-3.188336273651811
path,-8.117988688834352,-3.1872845165981287
path,-8.114307213014907,-3.18627905515819
path,-8.110707083828876,-3.185301971920589
path,-8.107133994633179,-3.1843271648101417
path,-8.103571090987305,-3.183362519082615
path,-8.100012172529581,-3.1824067920486785
path,-8.096271759952431,-3.1814128031857516
path,-8.092507816686103,-3.1804194992608448
path,-8.088742487144765,-3.1794374101533096
path,-8.084975195338256,-3.1784655594600335
path,-8.081205561084479,-3.177504050844268
path,-8.077567142423447,-3.1766198486132673
path,-8.074020878474451,-3.1757433108081194
path,-8.070484682499602,-3.1748774335583527
path,-8.066958909808854,-3.1740208543770905
path,-8.063439823213672,-3.1731751675082744
path,-8.060018630046661,-3.172380112594673
path,-8.05671052602509,-3.1716074207478537
path,-8.053438444782259,-3.1708496944264253
path,-8.050169028545554,-3.17009435232551
path,-8.046875578582,-3.169259780042026
path,-8.04368038399144,-3.1684701852636508
path,-8.040605929183863,-3.167704594372687
path,-8.037578743114072,-3.1669475843185166
path,-8.034556604306394,-3.1661931603422593
path,-8.031539107795373,-3.16544311875767
path,-8.028610085526736,-3.164732525197335
path,-8.02577868794203,-3.1640383105235412
path,-8.022972229306436,-3.1633519997219497
path,-8.02017004312893,-3.1626654228758593
path,-8.017367678367338,-3.1619850955635327
path,-8.014614923097552,-3.161324278910938
path,-8.011917221056281,-3.1606744037298635
path,-8.009240859732676,-3.1600272085350065
path,-8.006568431875568,-3.1593849204689612
path,-8.00390286165477,-3.1587449222541943
path,-8.001300377620646,-3.1581323252238422
path,-7.9987490382196915,-3.1575239597520426
path,-7.9962086047712315,-3.156922141744606
path,-7.993675513351341,-3.15632078604045
path,-7.9911444256215285,-3.1557223885654895
path,-7.988646480566021,-3.1551382962500907
path,-7.986166521824387,-3.1545601336392592
path,-7.98369055984686,-3.153982093134382
path,-7.981222315404271,-3.153406734014528
path,-7.978751753630266,-3.1528352212123165
path,-7.97632221551812,-3.152279715100327
path,-7.973923082625539,-3.1517285304741702
path,-7.971530816917754,-3.1511793069861405
path,-7.969139374768776,-3.150634348560316
path,-7.966746698889776,-3.150088096401023
path,-7.96437354507128,-3.149551586956517
path,-7.962014927667716,-3.1490210138638943
path,-7.959657037882869,-3.1484892993432654
path,-7.957302557072587,-3.1479599271790417
path,-7.954942898276096,-3.1474340569279264
path,-7.9526176792595145,-3.1469166434403157
path,-7.950315172188459,-3.1464064922859665
path,-7.948014177462215,-3.1458959100079276
path,-7.945713094972795,-3.1453875099494013
path,-7.943412625031699,-3.1448806045339808
path,-7.941128587027389,-3.144386305062493
path,-7.938868560611628,-3.143895960424829
path,-7.936612745763998,-3.143405146279165
path,-7.934357418624763,-3.142917916700455
path,-7.932102372757096,-3.142430179013512
path,-7.929787708079409,-3.1419298861294993
path,-7.927457913261829,-3.1414294352431815
path,-7.925125521860316,-3.1409291264402635
path,-7.922788351300835,-3.1404329418589514
path,-7.9204508795701525,-3.1399363965444675
path,-7.918142053487617,-3.1394520183843633
path,-7.91585555472038,-3.138973362097482
path,-7.913573689515134,-3.1384949153887347
path,-7.9112907254950775,-3.1380195224074647
path,-7.909009315100429,-3.137546913295309
path,-7.906746301104937,-3.1370793187524137
path,-7.904495494388573,-3.136615805875458
path,-7.9022445985619765,-3.136156679574043
path,-7.899994971620063,-3.135696723433936
path,-7.897745178863067,-3.135237158814437
path,-7.895518333696309,-3.134792552821295
path,-7.893312124240727,-3.1343469556383945
path,-7.891107973691086,-3.1339065339013636
path,-7.888905446286511,-3.1334685063260554
path,-7.886699266146982,-3.1330307051476436
path,-7.884505939645684,-3.1325998188133215
path,-7.882322056632063,-3.1321751427643933
path,-7.88014587314567,-3.131745531470781
path,-7.877972122039675,-3.1313184622738786
path,-7.875795678084947,-3.130891855897165
path,-7.873633949082406,-3.1304768284102584
path,-7.871484326179534,-3.1300588938491667
path,-7.869334810056968,-3.1296429963135792
path,-7.86718530188098,-3.1292333669130357
path,-7.865030860347901,-3.128822093336924
path,-7.862891817347322,-3.1284219845046333
path,-7.860770210583007,-3.1280213431954498
path,-7.858656567011094,-3.127624119167519
path,-7.856539294931879,-3.127232268547292
path,-7.8544204835160505,-3.126840432144345
path,-7.852312250103303,-3.126454163357888
path,-7.850219569195142,-3.126064841464562
path,-7.8481295317206685,-3.1256819055389102
path,-7.846035142311927,-3.12529876259107
path,-7.843939872529266,-3.1249195449436797
path,-7.841864612358228,-3.1245403169657355
path,-7.839808026986152,-3.124168972126302
path,-7.8377527183731575,-3.1238024686276202
path,-7.8356867900560685,-3.1234437630423613
path,-7.833627703670011,-3.1230796423177676
path,-7.831587678130381,-3.122716476675538
path,-7.829552805733118,-3.12235859852706
path,-7.827510427235175,-3.122008331911252
path,-7.825470171915228,-3.1216531456004732
path,-7.823436047330641,-3.121297431895842
path,-7.821406690669051,-3.12094976895394
path,-7.819385964606078,-3.120602108860811
path,-7.817358733176155,-3.1202590921771294
path,-7.8153400512646085,-3.119911942938238
path,-7.813318665154584,-3.119564959200206
path,-7.8113045147758795,-3.1192227211658237
path,-7.809288886291963,-3.118885992588614
path,-7.80727014343331,-3.1185521860882766
path,-7.8052458612977675,-3.1182198776914234
path,-7.803228911467928,-3.1178858375448
path,-7.801192402421221,-3.117548942753154
path,-7.799143612502133,-3.117208964430256
path,-7.797082689047488,-3.116876776420628
path,-7.795029114942893,-3.11654222601748
path,-7.792976023082445,-3.116207992903397
path,-7.790929594945297,-3.115876572220242
path,-7.788886727015925,-3.11554751408455
path,-7.786842067004339,-3.115219651096017
path,-7.784795094198678,-3.114897865387362
path,-7.782741622811857,-3.1145808735068394
path,-7.780695846742204,-3.114261774632566
path,-7.7786528952652825,-3.1139474867757673
path,-7.776615263581454,-3.113634238395829
path,-7.774580872306196,-3.1133166896253592
path,-7.772546275048984,-3.1130064542782
path,-7.770517249690475,-3.112695216627875
path,-7.768493357484982,-3.1123862606574115
path,-7.766453974144946,-3.112061293520014
path,-7.764379658167224,-3.1117383713056825
path,-7.762297645666316,-3.1114237868681034
path,-7.760264282854399,-3.111094725237168
path,-7.758250107005698,-3.1107740672450674
path,-7.7562369398948485,-3.1104678534050687
path,-7.754223138850987,-3.1101673759547275
path,-7.752210431968086,-3.109869578094082
path,-7.750207764021579,-3.109572375255341
path,-7.748227220267879,-3.109279424232595
path,-7.746274353915117,-3.1089908300042306
path,-7.744323513535742,-3.1087041885679545
path,-7.742374514641193,-3.1084162683654455
path,-7.740440792188928,-3.1081311742699653
path,-7.738510953269599,-3.1078486412372195
path,-7.736581726349591,-3.1075665329337006
path,-7.734652420818722,-3.107285171279322
path,-7.732722880716597,-3.1070039497061797
path,-7.730801656823696,-3.106727095489443
path,-7.728881861942168,-3.106449699706499
path,-7.726962782529692,-3.1061733514950736
path,-7.725043588907872,-3.1058977019550476
path,-7.72312514787308,-3.1056212899443456
path,-7.721215815574414,-3.105351941456865
path,-7.719311444654262,-3.105082007879803
path,-7.7174085906006145,-3.1048108845573856
path,-7.715505090616748,-3.1045418314337754
path,-7.713601382295841,-3.104273624199379
path,-7.71166246641058,-3.1039910461172764
path,-7.709698981317438,-3.1037103335634044
path,-7.7077316793191635,-3.10343350269312
path,-7.705763865953197,-3.103158308939944
path,-7.703796580930218,-3.1028825420373938
path,-7.701847532652005,-3.1026132232903003
path,-7.699907948426299,-3.102344720911872
path,-7.6979684370188695,-3.102077854899792
path,-7.696029019357353,-3.101811090691852
path,-7.694090563909446,-3.101544094180281
path,-7.6921646417363805,-3.101283130914883
path,-7.690243103643178,-3.101022830004507
path,-7.688322145261102,-3.1007630121462557
path,-7.686401135218587,-3.100503265556458
path,-7.684481187147025,-3.1002432447816535
path,-7.682580863294698,-3.0999900164451253
path,-7.68068519239837,-3.0997382187234486
path,-7.678790595243866,-3.0994859569306796
path,-7.676897405195955,-3.099233145080912
path,-7.675002725210017,-3.098982253806945
path,-7.673117957532706,-3.098732303803896
path,-7.671233804352839,-3.0984853134823913
path,-7.669349926804948,-3.0982382700162296
path,-7.667466870707991,-3.097991085452473
path,-7.6655838097490525,-3.0977450797118466
path,-7.663714794522279,-3.0975004401867414
path,-7.661847473058412,-3.0972590056486307
path,-7.659981162221194,-3.097017364997625
path,-7.658113866236159,-3.0967771928804693
path,-7.656244451009284,-3.0965372980819383
path,-7.654363698867778,-3.096312295952759
path,-7.652484957311752,-3.0960894295236856
path,-7.650607503178931,-3.0958658344592593
path,-7.648727891974712,-3.095645249880976
path,-7.646848119080073,-3.095423913527709
path,-7.644977286255054,-3.0952072933448886
path,-7.643115372130415,-3.0949883025963523
path,-7.64125247144014,-3.0947712053622314
path,-7.639387314326434,-3.09455692860835
path,-7.6375207127921785,-3.094342494173008
path,-7.635672276405713,-3.094132267885953
path,-7.633829665421804,-3.0939222912458897
path,-7.631989458450219,-3.0937126329445164
path,-7.63014627113599,-3.0935059194820123
path,-7.628302239293354,-3.0932989096105716
path,-7.6264670381440425,-3.0930960973105353
path,-7.624640061550354,-3.0928906894611825
path,-7.622811207163762,-3.0926873650473348
path,-7.620977500488638,-3.0924882359020414
path,-7.619149556371955,-3.0922853816386207
path,-7.617338063022584,-3.092087766560785
path,-7.615532601845086,-3.091892314267556
path,-7.613724088208854,-3.0916984376312784
path,-7.611918875885098,-3.091501686826919
path,-7.610111879861482,-3.0913088827559845
path,-7.608314681228218,-3.0911175734932956
path,-7.606519590616988,-3.090926897448644
path,-7.604725590349187,-3.0907380457417193
path,-7.602929057032275,-3.090550707912225
path,-7.601135767085408,-3.0903604775511564
path,-7.599322261574804,-3.090168950326725
path,-7.597503657462415,-3.089981484269147
path,-7.595685690702751,-3.0897926276305596
path,-7.593868503890533,-3.0896048722798577
path,-7.592048977757232,-3.089418143084078
path,-7.590240049783549,-3.0892348133809984
path,-7.588434819956673,-3.0890513578924588
path,-7.586628871542967,-3.088868414897038
path,-7.584822000466381,-3.0886881014571834
path,-7.583015165126592,-3.0885069168981674
path,-7.581224971893194,-3.0883290971890243
path,-7.579437207541347,-3.0881532834455827
path,-7.577648998141724,-3.0879767148741193
path,-7.57586092908031,-3.0878012846425507
path,-7.5740726358303165,-3.0876261517392423
path,-7.572292293231192,-3.0874555698118766
path,-7.570515232846934,-3.087283575932
path,-7.5687399598176155,-3.0871122699597375
path,-7.566961709652174,-3.0869420519635824
path,-7.565183523408507,-3.0867741865427174
path,-7.563410689626675,-3.086606514780032
path,-7.561641200714885,-3.0864392220511716
path,-7.559869070412074,-3.086272866568952
path,-7.558096897648278,-3.0861089277253417
path,-7.556325211272378,-3.085943848651832
path,-7.554565268782824,-3.0857818572398377
path,-7.552806337517106,-3.085619928328167
path,-7.551154384023573,-3.08541870201286
path,-7.549544909709387,-3.08516213002986
path,-7.547928265003419,-3.084863896436876
path,-7.5463150122839275,-3.084519616531873
path,-7.544694613143278,-3.084134399101163
path,-7.543067273137894,-3.0837086835691676
path,-7.541432325043168,-3.083301607265753
path,-7.539796131623277,-3.082912887730315
path,-7.5381692258758015,-3.082526581562966
path,-7.536542129223693,-3.0821404339146077
path,-7.5349148376525,-3.0817544450234653
path,-7.533287350574547,-3.0813686143820243
path,-7.531659669027969,-3.0809829426997704
path,-7.530012398175915,-3.080593130155048
path,-7.528364773877871,-3.08020315086418
path,-7.526716950510516,-3.0798133342173046
path,-7.525068928411561,-3.079423680369815
path,-7.523420708267853,-3.0790341897323623
path,-7.521783308158476,-3.0786474651288382
path,-7.520145717366018,-3.078260901049819
path,-7.518507930836705,-3.0778744973782493
path,-7.516869950108065,-3.077488255142812
path,-7.515231773715732,-3.077102173105362
path,-7.513603872002687,-3.0767187188661165
path,-7.511975782782784,-3.0763354231461575
path,-7.510347501654462,-3.075952286106208
path,-7.508719029059934,-3.075569307929814
path,-7.5070903649131555,-3.0751864884154156
path,-7.505475886824125,-3.0748072060205667
path,-7.503861227409707,-3.074428079354264
path,-7.50224638057561,-3.0740491086667356
path,-7.5006313458565765,-3.0736702934400397
path,-7.4990161241842115,-3.0732916342104515
path,-7.497409454453512,-3.072915179164885
path,-7.495802603576551,-3.0725388779952345
path,-7.494195568342682,-3.072162731133721
path,-7.492588348340205,-3.071786738127856
path,-7.490980943910852,-3.0714108990701217
path,-7.489391008260052,-3.071039340623047
path,-7.4878009012667555,-3.070667933196307
path,-7.486210613822931,-3.0702966758558516
path,-7.484620146596852,-3.0699255689159033
path,-7.483029500101944,-3.0695546126206072
path,-7.4814452599540155,-3.0691853421437427
path,-7.4798608452994495,-3.06881622096384
path,-7.478276253082686,-3.0684472488647723
path,-7.476691483573184,-3.068078425914288
path,-7.475106536823885,-3.0677097519856216
path,-7.4735312981701325,-3.0673435261067103
path,-7.471955889244208,-3.0669774472947493
path,-7.47038030564809,-3.066611515451278
path,-7.46880454753112,-3.0662457305347566
path,-7.467228615620553,-3.0658800929304175
path,-7.465657462132968,-3.0655288791526405
path,-7.464090220216813,-3.0652165700545995
path,-7.462528273499751,-3.0649167710465095
path,-7.460971670488604,-3.0646295903770917
path,-7.459420458786301,-3.0643551334163495
path,-7.457877413231816,-3.0640922519656324
path,-7.456339852355871,-3.0638422950796547
path,-7.454807816616123,-3.063605355382751
path,-7.453281346925644,-3.0633815224360044
path,-7.4517604816205765,-3.0631708793317483
path,-7.450248356425757,-3.062972085874256
path,-7.448741909960156,-3.0627866374502735
path,-7.4472411732668675,-3.0626146052080285
path,-7.445743570052721,-3.0624501182837123
path,-7.444245944252248,-3.062285984845593
path,-7.44275001492288,-3.0621211243097575
path,-7.441253855041793,-3.0619575440502786
path,-7.43975771236946,-3.061794395974352
path,-7.4382615660027085,-3.0616316334666194
path,-7.43676541495069,-3.0614692552600866
path,-7.435270475590667,-3.06130739189532
path,-7.4337755304890285,-3.06114590984497
path,-7.432280578561658,-3.060984808143244
path,-7.430785619100625,-3.0608240859547413
path,-7.429290651489019,-3.060663742500638
path,-7.427777358898733,-3.060501817748425
path,-7.42626404921374,-3.0603402809506464
path,-7.4247507298420725,-3.060179129887952
path,-7.423237400462489,-3.060018363945879
path,-7.421724060963002,-3.059857982435201
path,-7.420217692002197,-3.0596916541168184
path,-7.418714386878192,-3.059534980851447
path,-7.417213001145921,-3.059384721050074
path,-7.415711536565244,-3.0592346195652707
path,-7.414209998600047,-3.0590846942312138
path,-7.412711697908067,-3.058935293899197
path,-7.411213334837165,-3.0587860984953927
path,-7.409714911833044,-3.058637121596316
path,-7.408216432663074,-3.0584883749894294
path,-7.406717900861489,-3.058339869227722
path,-7.405223278383012,-3.0581920080169884
path,-7.4037286107424825,-3.0580444039093546
path,-7.402233898743713,-3.0578970651206863
path,-7.40073914450724,-3.0577499988331973
path,-7.399244350297291,-3.0576032112806555
path,-7.397751493957716,-3.05745690259002
path,-7.396258602101922,-3.057310882493729
path,-7.3947656753891655,-3.0571651558727484
path,-7.3932727151652875,-3.057019726972693
path,-7.391779722687654,-3.056874599591636
path,-7.390288597671592,-3.0567299614513384
path,-7.3887974436116,-3.0565856301595553
path,-7.387306260526107,-3.056441608764537
path,-7.385815049513845,-3.0562978995668466
path,-7.384323811307035,-3.0561545048383336
path,-7.382833048969336,-3.056011474648901
path,-7.381342261011432,-3.0558687624691885
path,-7.379851447996661,-3.0557263698247583
path,-7.378360610609266,-3.055584298055589
path,-7.376869749198825,-3.055442548555058
path,-7.375378353009346,-3.055301073949416
path,-7.373886933676734,-3.05515992389373
path,-7.372395491794928,-3.055019099257174
path,-7.370904027732843,-3.054878600837302
path,-7.369412541870649,-3.054738429311535
path,-7.367920474731885,-3.0545985327966805
path,-7.366428386230373,-3.0544589645903573
path,-7.364936276921005,-3.0543197250868164
path,-7.363444146883293,-3.054180814827638
path,-7.361951996424297,-3.054042234123665
path,-7.360458113560691,-3.053903824457078
path,-7.3589642101716315,-3.053765745680417
path,-7.3574702870347854,-3.0536279979610796
path,-7.355976344559023,-3.0534905813251316
path,-7.354482382763967,-3.0533534960361823
path,-7.3529841006695555,-3.0532163483151087
path,-7.351485797731689,-3.053079534428865
path,-7.349987475936742,-3.0529430540349995
path,-7.3484891354308255,-3.0528069071782813
path,-7.346990776532821,-3.0526710937548014
path,-7.345488190716148,-3.0525352332134617
path,-7.343985584728575,-3.052399708495287
path,-7.342482960768062,-3.0522645189716395
path,-7.340980318705474,-3.052129664782088
path,-7.33947765876889,-3.051995145795417
path,-7.337904552307034,-3.051866624895474
path,-7.336320024720201,-3.05172497166946
path,-7.334735405891829,-3.051583738940391
path,-7.3331507029384495,-3.051442921916342
path,-7.331565922298349,-3.051302516259915
path,-7.329990106566346,-3.0511633143807475
path,-7.328414228323411,-3.0510245112352985
path,-7.326838288481857,-3.0508861044593134
path,-7.325262291376302,-3.0507480910962603
path,-7.323686240964171,-3.0506104684342183
path,-7.322121260239241,-3.0504741882609623
path,-7.320556248640126,-3.0503383025777455
path,-7.318991193859381,-3.050202795396354
path,-7.317426098111272,-3.0500676651979592
path,-7.315860962650387,-3.0499329111380415
path,-7.314304125520996,-3.0497992462713706
path,-7.312747257782015,-3.0496659490919704
path,-7.31119035749055,-3.0495330192670016
path,-7.309633426666491,-3.04940045534459
path,-7.308076466898674,-3.049268256175027
path,-7.30648639892454,-3.049133621046078
path,-7.304896289473615,-3.048999367543527
path,-7.303306154253654,-3.048865491229691
path,-7.301715994227091,-3.048731991360944
path,-7.300125810000925,-3.048598867442312
path,-7.298544956533279,-3.0484668997891484
path,-7.296964085313272,-3.0483353010496557
path,-7.295383192569638,-3.0482040719150487
path,-7.293802278727758,-3.0480732120027083
path,-7.292221344608243,-3.0479427206408416
path,-7.290653524865523,-3.04780642750556
path,-7.2890945455114275,-3.047699690933381
path,-7.2875358664449035,-3.0475732918296305
path,-7.2859801034668585,-3.047446484935725
path,-7.284429168508336,-3.047320198105326
path,-7.282891217144834,-3.0471950601756768
path,-7.281358081027386,-3.0470705034219123
path,-7.279829697204787,-3.046946481153321
path,-7.278306054527413,-3.0468230002089753
path,-7.276787103325521,-3.0467000354051974
path,-7.2752825396028085,-3.0465753335337618
path,-7.273782789231921,-3.0464533721352733
path,-7.272286712769015,-3.046328880963083
path,-7.270793538647467,-3.046202898044385
path,-7.269299234721534,-3.046069225016418
path,-7.267804280261512,-3.0459195151638014
path,-7.266301047336849,-3.0457526080171666
path,-7.264785166993302,-3.0455635161623675
path,-7.263251437684306,-3.0453465499361894
path,-7.261698813028968,-3.0451016960497426
path,-7.260156015515012,-3.044847609019918
path,-7.2586145280171115,-3.0446047226522537
path,-7.257071899093742,-3.044361282457075
path,-7.25552600153445,-3.044123745026495
path,-7.253954902048428,-3.043920944829624
path,-7.25236691452192,-3.0437613765120153
path,-7.250771573670849,-3.0436056212555256
path,-7.249175388648872,-3.0434536111001114
path,-7.247576913016432,-3.0432983506354128
path,-7.245976381865249,-3.043140525488967
path,-7.244384951880057,-3.0429880569081136
path,-7.242791258747677,-3.0428322847989575
path,-7.241193977126451,-3.042679065887081
path,-7.239600361773345,-3.04251699078141
path,-7.238005898672367,-3.042354490287949
path,-7.236415669927951,-3.0421930115647426
path,-7.234823610353317,-3.042029373003408
path,-7.233230489352062,-3.041866288488799
path,-7.231636312565874,-3.0417037737480475
path,-7.230040314434022,-3.0415390442939367
path,-7.22845015639109,-3.0413754741001724
path,-7.226858611401759,-3.0412111906177977
path,-7.225265923289268,-3.0410471084103827
path,-7.223671051410151,-3.040879300300656
path,-7.222076733859126,-3.040718016096669
path,-7.2204838230578385,-3.040551864490603
path,-7.218889449731619,-3.040383670610985
path,-7.217295459283973,-3.040220672648994
path,-7.2156998253888025,-3.0400555992975757
path,-7.214108651375655,-3.039892741266099
path,-7.212516820340182,-3.0397293443823377
path,-7.210922726225703,-3.0395619464900423
path,-7.209328983143905,-3.0393989722657064
path,-7.207734708542143,-3.039234576546516
path,-7.20613947722471,-3.0390701755235305
path,-7.204512129823536,-3.03894909750334
path,-7.202872486237786,-3.03882253863001
path,-7.201229069348884,-3.03869488102814
path,-7.199577536131991,-3.0385572298407677
path,-7.197919692386644,-3.038413308328532
path,-7.19626033145607,-3.0382613786933312
path,-7.1945977013344296,-3.038104640933584
path,-7.192932556952314,-3.037947629688448
path,-7.191266867400739,-3.0377910621659074
path,-7.189606165843186,-3.0376407116840403
path,-7.187950476903352,-3.037479646831923
path,-7.186297441145223,-3.0373232611320873
path,-7.184647479696497,-3.037168519120977
path,-7.183009487849578,-3.037027742586629
path,-7.181374322646756,-3.0368897562569006
path,-7.179746750875559,-3.0367537304183383
path,-7.17812467177887,-3.036622595552411
path,-7.176516337271756,-3.0365070393542863
path,-7.174911309808626,-3.0363953236137307
path,-7.173310761594427,-3.0362897964633095
path,-7.171719008038285,-3.036185782456028
path,-7.1701384614028445,-3.0360943687165705
path,-7.168562064481377,-3.0360077318818064
path,-7.166988336944399,-3.0359249329698437
path,-7.16541693611353,-3.0358454066191634
path,-7.1638533877781,-3.035763988282159
path,-7.162294162092041,-3.035687762295357
path,-7.160739600091569,-3.035620080909643
path,-7.159196270103339,-3.0355536166475647
path,-7.157655920211866,-3.03549780647368
path,-7.156120445903902,-3.0354417391423345
path,-7.154593238672989,-3.035393717604096
path,-7.153072904807909,-3.035348185242443
path,-7.1515622079525984,-3.0353176204497654
path,-7.150061846001313,-3.03529077647445
path,-7.148575477205202,-3.0352749208326504
path,-7.147090345533185,-3.0352543705933224
path,-7.145609317968602,-3.0352402362743787
path,-7.1441309879689845,-3.03522751420263
path,-7.142655038013011,-3.035216018341518
path,-7.141179505441362,-3.0351969265943466
path,-7.139709869343717,-3.035184695386396
path,-7.138242209925472,-3.0351764573588413
path,-7.1367742019326235,-3.035165388521467
path,-7.135305586955051,-3.035152317817198
path,-7.133843814597345,-3.0351403936079233
path,-7.132385101419801,-3.035131459298274
path,-7.130924818772352,-3.0351190760816857
path,-7.129468990188679,-3.0351112723117244
path,-7.128010251312766,-3.0351004192402202
path,-7.126556009414215,-3.03509265816591
path,-7.125102958052315,-3.0350806245716493
path,-7.123652149503972,-3.0350684342645007
path,-7.122204847271283,-3.0350594854858257
path,-7.120757240750285,-3.0350549201572137
path,-7.119311753604966,-3.035047953264736
path,-7.117869003351454,-3.03503963456002
path,-7.116426146096608,-3.0350317625266268
path,-7.114983802849167,-3.035023930538749
path,-7.113543633676214,-3.0350187417937775
path,-7.112104507450861,-3.0350109008398882
path,-7.1106672305421235,-3.035005891924162
path,-7.109231400116149,-3.0350003764352187
path,-7.1077964160835885,-3.034994752291191
path,-7.1063622192941045,-3.0349890771085954
path,-7.104876656469489,-3.0349837829136708
path,-7.103361840543287,-3.0349755168559507
path,-7.101845404581615,-3.0349722008099884
path,-7.10032835761913,-3.0349664589100143
path,-7.098826366646657,-3.034972112644524
path,-7.097327584250688,-3.0349668809363486
path,-7.095834972922212,-3.0349615453955776
path,-7.094347937597955,-3.0349563491191187
path,-7.092867769177613,-3.034954073892854
path,-7.091391395161351,-3.034949193936674
path,-7.089927116987455,-3.034947165462029
path,-7.088472188487787,-3.034945597119659
path,-7.087014709828124,-3.0349413370760896
path,-7.0855543567889026,-3.034939327227973
path,-7.084092532467801,-3.0349351205937456
path,-7.08264009179499,-3.034934819129801
path,-7.081191795737983,-3.0349335358609575
path,-7.079744694566233,-3.0349320946534353
path,-7.0782921081336125,-3.0349307651697193
path,-7.076833677546071,-3.034928832518832
path,-7.075377784281971,-3.034930997568035
path,-7.0739231834830445,-3.0349338552229344
path,-7.072476834494071,-3.0349311102911076
path,-7.07102609154952,-3.0349329462118715
path,-7.069574665661049,-3.0349358851524193
path,-7.068132460205848,-3.034940249222034
path,-7.066693946199132,-3.034945208983515
path,-7.06525222999895,-3.03494901403145
path,-7.063810173546966,-3.034953478733052
path,-7.0623700772307805,-3.0349593458935065
path,-7.060935301463164,-3.034966336085618
path,-7.059498331602229,-3.03497177849163
path,-7.058060453045051,-3.034978186317467
path,-7.056625374662661,-3.034979507329395
path,-7.055186893296337,-3.0349792514506486
path,-7.053745940416942,-3.034971982519765
path,-7.052301404398755,-3.034956118116554
path,-7.050852528881224,-3.0349350879777903
path,-7.049401665706919,-3.034905143998
path,-7.047941401721391,-3.034866097255935
path,-7.046473887861851,-3.034817043302594
path,-7.045001131558126,-3.034761600516103
path,-7.043518719772102,-3.0346939925192444
path,-7.042033537042141,-3.0346196531795053
path,-7.040546654654668,-3.034536939529841
path,-7.039044913680065,-3.034441509140218
path,-7.037532526001649,-3.0343321040441302
path,-7.036012969607504,-3.034216467232121
path,-7.034492092679866,-3.0341005482305667
path,-7.032972131371516,-3.033982656717382
path,-7.03146552324539,-3.033873291308698
path,-7.029948314346831,-3.033756146214026
path,-7.0284318877228245,-3.0336427171478886
path,-7.026916366304356,-3.033529668082471
path,-7.0254112166871225,-3.033420630238865
path,-7.023902385933848,-3.033308395310535
path,-7.022392201937872,-3.0331944103196666
path,-7.020884252389625,-3.033082557950423
path,-7.019378011193334,-3.0329717148196194
path,-7.017870017564739,-3.032858828180614
path,-7.016308006966529,-3.0327376477647507
path,-7.014708659136138,-3.0326199909993448
path,-7.013094072697486,-3.0325045482904307
path,-7.011487748763651,-3.032393230960386
path,-7.009875469212556,-3.0322816948317097
path,-7.008278399947754,-3.032170386683763
path,-7.006680996368921,-3.0320576662446266
path,-7.005085081103432,-3.031947277358967
path,-7.003486329203097,-3.031835410607003
path,-7.001890240639406,-3.031725793441958
path,-7.000299363076127,-3.0316155369526987
path,-6.998712353973107,-3.031504519667865
path,-6.9971264369365755,-3.0313983111700495
path,-6.99553801014297,-3.031289850246241
path,-6.993963275437804,-3.031190664360603
path,-6.992388035163277,-3.031080065411368
path,-6.990817038891022,-3.0309720659721067
path,-6.989244310131919,-3.030865123379401
path,-6.9876726876507735,-3.0307628274769316
path,-6.98609896023328,-3.030658087271018
path,-6.984540129655446,-3.030553353730852
path,-6.982989331055312,-3.0304526093210167
path,-6.981435795344555,-3.0303504538865385
path,-6.9798848176460595,-3.0302505726275775
path,-6.978332770922784,-3.0301494768713377
path,-6.976785235051553,-3.0300482468796313
path,-6.975242344596395,-3.029951658706377
path,-6.973696609706307,-3.0298527520140155
path,-6.972154803874115,-3.029749143669223
path,-6.970635240201048,-3.0296681087371367
path,-6.96927460743191,-3.0296931847284387
path,-6.967959356084069,-3.029726275573636
path,-6.966650174247201,-3.0297588461444125
path,-6.965343069741876,-3.029791075810469
path,-6.964036638993911,-3.0298247598231223
path,-6.962734263983427,-3.0298597664522684
path,-6.961434186112342,-3.029894337841254
path,-6.960134783935198,-3.029930354006288
path,-6.958836118734015,-3.0299671521782323
path,-6.957538055522352,-3.0300047833823833
path,-6.956239988416331,-3.0300431495625713
path,-6.954942452912767,-3.030081734932215
path,-6.953645202804257,-3.0301219093674403
path,-6.9523485319441125,-3.030162926260073
path,-6.95105250060549,-3.0302047613508734
path,-6.949759414113851,-3.0302477872169162
path,-6.948467925830397,-3.030291269409576
path,-6.947177535823999,-3.0303347555379005
path,-6.945887572629524,-3.0303797728880775
path,-6.944598226727612,-3.0304256093747464
path,-6.943312764918371,-3.0304724972371533
path,-6.942029290616856,-3.0305199129627693
path,-6.9407466828888325,-3.030568045695828
path,-6.939465011728911,-3.0306162294590777
path,-6.93818365289291,-3.0306659707985117
path,-6.936903351553419,-3.0307168334096244
path,-6.935581924479887,-3.03077095418498
path,-6.934260488927135,-3.030824616875745
path,-6.932939995379933,-3.030877581531232
path,-6.931620353461298,-3.030930146064305
path,-6.9303042938383355,-3.030982520740859
path,-6.928985048903164,-3.0310510955123817
path,-6.9276647162996285,-3.0311273174493243
path,-6.9263438483894,-3.0312088273462146
path,-6.9250224435851075,-3.0312956269984337
path,-6.923650780100965,-3.0313825366575915
path,-6.9222737087499535,-3.0314730892627004
path,-6.9208960817177125,-3.0315689989509336
path,-6.91951792115944,-3.031670204927331
path,-6.918139233142491,-3.0317767118165246
path,-6.916765955646824,-3.031888925974722
path,-6.915392154117593,-3.0320064677183565
path,-6.91401782662827,-3.0321293602306354
path,-6.912642975058732,-3.0322576200527593
path,-6.911267656524653,-3.0323910331182
path,-6.909901932548055,-3.0325300331281806
path,-6.908535812212942,-3.032673906461125
path,-6.907169283456692,-3.0328227018712224
path,-6.905802327781049,-3.0329765113849385
path,-6.9044348987801,-3.033135537977025
path,-6.903072235008991,-3.033300066040586
path,-6.901709137322341,-3.0334696631742664
path,-6.900345587918514,-3.0336444039965405
path,-6.898981569934594,-3.033824367375672
path,-6.897617064785961,-3.034009637394664
path,-6.896259092145176,-3.034200720093102
path,-6.8949005927242855,-3.0343972655394498
path,-6.893541521093384,-3.0345994454671135
path,-6.892181873926529,-3.0348072836072455
path,-6.890821628668375,-3.0350208721309944
path,-6.889464991904497,-3.0352405383881678
path,-6.888107706479635,-3.0354661481193173
path,-6.886749744031439,-3.035697807466755
path,-6.885391076503123,-3.035935627139714
path,-6.884031674271361,-3.0361797225836518
path,-6.882675432244594,-3.036430416970924
path,-6.881318389080194,-3.036687628466935
path,-6.879960528935989,-3.036951404957315
path,-6.878602723513458,-3.0372182589905186
path,-6.877245444046728,-3.03748630652405
path,-6.8758943841325095,-3.0377544497082036
path,-6.874543858323562,-3.038023738041173
path,-6.873193855761172,-3.0382942081379087
path,-6.8718443769625805,-3.0385658594514298
path,-6.870495422533783,-3.0388386913478267
path,-6.869156027928153,-3.039111011955395
path,-6.86781719508346,-3.0393843383905788
path,-6.8664792278275195,-3.0396544168972492
path,-6.8651693746642835,-3.039856868701599
path,-6.863899470621473,-3.03996021679621
path,-6.862668845710397,-3.0399561946243874
path,-6.861470059775037,-3.0398519541236757
path,-6.860238786543515,-3.0397312858080996
path,-6.859005749821033,-3.0396192903515384
path,-6.8577709894862595,-3.039515756217301
path,-6.856536990094942,-3.0394205757182986
path,-6.855301361209107,-3.0393334488526276
path,-6.854064153348896,-3.039254181788588
path,-6.8528254197733,-3.039182586495627
path,-6.851585214618136,-3.0391184807751364
path,-6.850347209025968,-3.039061823632076
path,-6.8491078403600545,-3.0390123061496226
path,-6.8478671603950065,-3.0389697638256825
path,-6.846625221562278,-3.03893403762788
path,-6.845382075163323,-3.0389049739734184
path,-6.844139788619656,-3.038882494506383
path,-6.8428963930163595,-3.0388663847326547
path,-6.841651934506162,-3.038856507085823
path,-6.840406458582045,-3.0388527289689526
path,-6.8391600091729705,-3.038854922689827
path,-6.83791531555489,-3.038863050864561
path,-6.836672569650223,-3.0388783494675806
path,-6.835426071130249,-3.038897732172543
path,-6.834175087682596,-3.0389198285441315
path,-6.832916296127078,-3.038942663613745
path,-6.831651398435631,-3.0389681794394146
path,-6.8303791431267395,-3.0389963507232465
path,-6.829099338156597,-3.0390271900545702
path,-6.8278117802033265,-3.0390607134286496
path,-6.826516253588102,-3.0390969402820414
path,-6.8252132856449625,-3.0391359268350824
path,-6.823901891066314,-3.0391776493323044
path,-6.822581845718935,-3.0392219822386792
path,-6.8212528833459904,-3.0392689273302547
path,-6.819914714508331,-3.039318520757008
path,-6.8184563168733705,-3.0393690810120195
path,-6.816963928643597,-3.0394113128813167
path,-6.815459361056484,-3.039455377300959
path,-6.813942135039724,-3.0395012327130515
path,-6.812411733168441,-3.039548854786076
path,-6.8108781225229675,-3.0395989276401325
path,-6.809330415598387,-3.039650545153743
path,-6.807768003034594,-3.0397035360237554
path,-6.8061902099135905,-3.0397578396402745
path,-6.804596338358568,-3.0398131987005352
path,-6.803000067218331,-3.03987071473472
path,-6.801386411852611,-3.039929097112946
path,-6.79975448425533,-3.039988103917905
path,-6.798103286949991,-3.0400477201006657
path,-6.796436430201905,-3.0400905800690277
path,-6.794768194918961,-3.040104630460219
path,-6.793088954278767,-3.0400924545155554
path,-6.791399232245205,-3.0400563457234617
path,-6.789699639261227,-3.0399988757088496
path,-6.787992945609688,-3.039923896545754
path,-6.786292539147426,-3.0398301256581735
path,-6.784584136241394,-3.0397229024440966
path,-6.782875067175978,-3.0396004267097445
path,-6.781205776286466,-3.0394331391608174
path,-6.779587377827481,-3.039205433477372
path,-6.77798281287208,-3.038988153924527
path,-6.776363953390317,-3.038937751008939
path,-6.774708214396189,-3.0389084274397646
path,-6.773036510820586,-3.038891621390114
path,-6.771361037796409,-3.038879779140796
path,-6.76968785265765,-3.038868280870366
path,-6.768022212239619,-3.0388623385423994
path,-6.766358364064115,-3.0388580391566076
path,-6.764698169347926,-3.0388568760116024
path,-6.763033319966649,-3.03884975069872
path,-6.7613707494114585,-3.0388453096368626
path,-6.759712009451335,-3.0388453754940703
path,-6.758052903873267,-3.038847129755282
path,-6.756392153621408,-3.0388494976470533
path,-6.754724906197284,-3.0388470608939975
path,-6.753066445630496,-3.0388513566186193
path,-6.751417427435851,-3.0388632327534024
path,-6.749769059681015,-3.038882388926917
path,-6.748107382292895,-3.038887330151327
path,-6.746444768244297,-3.0388922904413436
path,-6.744788116674612,-3.0388960194037726
path,-6.743141215608014,-3.038912798463879
path,-6.741484414756205,-3.038917762788335
path,-6.7398302312444125,-3.0389251025424677
path,-6.738174547766153,-3.0389315462042843
path,-6.7365293078877,-3.038941930937144
path,-6.734889871787012,-3.0389616350479614
path,-6.733245256595503,-3.0389752529248697
path,-6.731607672433954,-3.038998249225343
path,-6.729970254708713,-3.039020320449054
path,-6.728332400351346,-3.0390309183751687
path,-6.726696525166198,-3.039041122857389
path,-6.725058676794714,-3.0390503283376313
path,-6.72341878944161,-3.039057583948398
path,-6.721780815943166,-3.039066557032802
path,-6.720155864768549,-3.039087706999482
path,-6.718521963900232,-3.039096946637421
path,-6.716887412429684,-3.039104958560206
path,-6.715255126262813,-3.0391153506153046
path,-6.7136256002625805,-3.0391296719561964
path,-6.71186902463269,-3.0391826494518877
path,-6.709986682232272,-3.0392203936974025
path,-6.708024948677351,-3.0392443614735374
path,-6.706036038251719,-3.039265807310767
path,-6.7040447501319465,-3.039281896130656
path,-6.702068366820408,-3.039300954820208
path,-6.700097279134993,-3.0393188653007606
path,-6.698126923812936,-3.039336541891674
path,-6.696156314365933,-3.0393548456494153
path,-6.694185225579596,-3.0393739824012505
path,-6.692230491519564,-3.0393967275522664
path,-6.690286824098471,-3.039426076088825
path,-6.688338991935876,-3.0394504046829973
path,-6.6863908057746455,-3.0394743495360643
path,-6.684440455891257,-3.039498383226747
path,-6.682533537280493,-3.0395438236410763
path,-6.680622925704911,-3.0395713910871356
path,-6.678714202403604,-3.0395994940381006
path,-6.676811844810894,-3.039634950318866
path,-6.674901525981532,-3.039663865127283
path,-6.673005229621689,-3.0396961986775137
path,-6.671115570185431,-3.0397294397783488
path,-6.6692249738692615,-3.0397618701582174
path,-6.667333931647156,-3.0397937039831184
path,-6.665444714765553,-3.039824357125072
path,-6.663567913662552,-3.039858433207744
path,-6.661701515897423,-3.0399002875210637
path,-6.659825990777139,-3.0399414335948056
path,-6.657946371383569,-3.0399884758183813
path,-6.656062145517958,-3.040040358792221
path,-6.654186916595052,-3.040094461617966
path,-6.652322415100199,-3.0401621287455294
path,-6.65046304034011,-3.040241888283389
path,-6.648617171096246,-3.040342297181733
path,-6.646795196133909,-3.040474561215674
path,-6.645025837494204,-3.040645760022201
path,-6.643319922992184,-3.0408801227103424
path,-6.641684662742202,-3.041183994561753
path,-6.640134879121802,-3.0415706785809835
path,-6.638603835965508,-3.0419766390091283
path,-6.637027062396715,-3.042316994334029
path,-6.635385496431433,-3.042598832566506
path,-6.633697757032069,-3.0428223725300363
path,-6.631998649910198,-3.0430353648440276
path,-6.630299909094131,-3.0432551848808873
path,-6.628433459937798,-3.0434634063705337
path,-6.6264804847640475,-3.0436984928337028
path,-6.624504714930245,-3.043952051698165
path,-6.622522330860232,-3.044212371274501
path,-6.62054009779016,-3.0444578398498794
path,-6.618618367610158,-3.0447387315944403
path,-6.616708684364913,-3.045012524165742
path,-6.614802121703895,-3.0452889351697845
path,-6.61289424298718,-3.045562986977568
path,-6.6109864663920455,-3.0458372001043474
path,-6.609095225150416,-3.046114331452073
path,-6.607212151164405,-3.0463876114438584
path,-6.605328358345166,-3.0466592240247214
path,-6.603444668815777,-3.0469309851841033
path,-6.601562778992692,-3.047205354445909
path,-6.599689444283765,-3.0474776051962627
path,-6.597827032201157,-3.0477474620836373
path,-6.595965157637032,-3.048016600117561
path,-6.5941054922880085,-3.048289543523752
path,-6.592243856062514,-3.0485593261949737
path,-6.590402295861123,-3.0488335272169365
path,-6.5885696787100905,-3.049100485008937
path,-6.586741252189329,-3.0493689330092986
path,-6.584909526683098,-3.0496333075003124
path,-6.583079834767428,-3.0498999039569834
path,-6.581263653867299,-3.0501687012479763
path,-6.579453982763515,-3.0504358156530285
path,-6.577643116763119,-3.0506999136321036
path,-6.5758325558907424,-3.050964529831872
path,-6.574022103365,-3.0512292638588057
path,-6.572228438517425,-3.051501075679686
path,-6.570439508135255,-3.0517645991876208
path,-6.568654115344499,-3.052026286733069
path,-6.5668688675933495,-3.0522880538226675
path,-6.565085106171138,-3.052553154650307
path,-6.563309984646897,-3.0528165693431872
path,-6.561539968501657,-3.0530771748222825
path,-6.559770590509654,-3.0533392778616175
path,-6.558002640634101,-3.0536022633277575
path,-6.556233914951834,-3.0538628559178966
path,-6.554521981859426,-3.0541334857393614
path,-6.552832180556142,-3.0543946809421945
path,-6.551152910789004,-3.054652324438003
path,-6.549477419087017,-3.0549039228773145
path,-6.547806315442169,-3.0551506893306355
path,-6.54614623925689,-3.055400085430362
path,-6.544486713468932,-3.0556453144473608
path,-6.542828491315667,-3.0558917822683243
path,-6.541170648608926,-3.0561364565245777
path,-6.539514843380521,-3.05638406544294
path,-6.537859695108621,-3.056630494136507
path,-6.5362103157486535,-3.0568757377622844
path,-6.534563313509798,-3.057119897440213
path,-6.532916581060093,-3.05736473953799
path,-6.531268809758591,-3.0576110499506304
path,-6.529631939443315,-3.0578568416483316
path,-6.527998409515427,-3.058101095002491
path,-6.526368171146864,-3.0583476660383404
path,-6.524736901284168,-3.0585890395054
path,-6.5231078255741854,-3.0588314758818407
path,-6.521484019083193,-3.059076610154999
path,-6.5198627653611005,-3.059320033456088
path,-6.518241392270477,-3.0595621846036942
path,-6.516620437690055,-3.059805781022375
path,-6.515000197275858,-3.0600473133014
path,-6.5133175454203105,-3.0602840920197183
path,-6.511606598275044,-3.060535145475089
path,-6.509886675311012,-3.0607926655234374
path,-6.50816539998047,-3.061051273310258
path,-6.506443686110529,-3.0613149352575597
path,-6.504729594364232,-3.0615813844823445
path,-6.503017679714315,-3.0618455010492283
path,-6.501306581936959,-3.062110476492745
path,-6.499597297796858,-3.062376916162767
path,-6.497885940263086,-3.062641847038845
path,-6.496181612238264,-3.0629061952535226
path,-6.4944787791097465,-3.0631719417023198
path,-6.492778049549315,-3.063440781402845
path,-6.49107638752805,-3.0637052893834142
path,-6.489374233864534,-3.0639707866276096
path,-6.487681560745283,-3.0642385540814807
path,-6.485986892762962,-3.064505365796604
path,-6.484293394557502,-3.064771939663926
path,-6.482600169402717,-3.06503798370552
path,-6.480909841345927,-3.0653051174688066
path,-6.479228147820716,-3.0655743850706503
path,-6.477549448884998,-3.0658415654183724
path,-6.475872157927956,-3.0661075112876026
path,-6.474195885834441,-3.0663728070647265
path,-6.472519991353255,-3.066637378313363
path,-6.470850697004336,-3.0669040796328098
path,-6.4691828608172415,-3.067169739499749
path,-6.467515381285578,-3.0674347648832376
path,-6.465849722741241,-3.0677031011999505
path,-6.46418187044112,-3.067968836785227
path,-6.4625204725109695,-3.068235929704683
path,-6.4608604186137795,-3.0685018060114873
path,-6.459201315642904,-3.0687667333557362
path,-6.457542216511206,-3.06903217558808
path,-6.455883022667207,-3.069297604379872
path,-6.454234365200278,-3.0695671277246883
path,-6.452588623759759,-3.069832627428562
path,-6.450943511173817,-3.0700976001558105
path,-6.449298890342405,-3.0703623574531576
path,-6.447654282804745,-3.070627014045362
path,-6.4460197892014826,-3.0708922526139917
path,-6.4443898672480735,-3.071158620482239
path,-6.4427611720124025,-3.071422273659548
path,-6.441132749993051,-3.0716856006400115
path,-6.43950476711109,-3.071948253000292
path,-6.437885006143382,-3.0722150816760867
path,-6.436266936980673,-3.072478454398002
path,-6.4346494786438715,-3.072743030643691
path,-6.433034428750018,-3.0730082443171987
path,-6.43141678924318,-3.0732717517841923
path,-6.429804344792639,-3.0735375928801743
path,-6.428193468497337,-3.073800750416769
path,-6.426583203929858,-3.074065576172598
path,-6.424972644629686,-3.074327583513486
path,-6.423361972824275,-3.0745904082871096
path,-6.421756293959406,-3.07485615713408
path,-6.420151627760703,-3.075119011764601
path,-6.418545943382499,-3.07538067807406
path,-6.416941703418323,-3.0756449593139346
path,-6.41533737241819,-3.075907973919985
path,-6.41374034850083,-3.0761742621459076
path,-6.412143495514977,-3.076435863947518
path,-6.41054973339965,-3.0766982785157415
path,-6.4089553843709774,-3.0769622285212126
path,-6.407361234601168,-3.077224648768708
path,-6.405669597277347,-3.077478885508589
path,-6.403945392001432,-3.0777347543365643
path,-6.402209241376035,-3.0780022826591136
path,-6.40046439372472,-3.078279604243267
path,-6.398707498084972,-3.0785634164996862
path,-6.396952320835865,-3.07885431462823
path,-6.3951945870166504,-3.079148451589964
path,-6.393434188497338,-3.079439127071466
path,-6.391674916457703,-3.079734901321638
path,-6.389914468466078,-3.0800313644362114
path,-6.388169353344069,-3.0803311898553245
path,-6.386427882505871,-3.080628109593291
path,-6.384685742732296,-3.0809207120409603
path,-6.382945995289662,-3.081215547121766
path,-6.381206173372945,-3.0815101840557886
path,-6.379474818806367,-3.0818066103066584
path,-6.377742725822428,-3.0820983773320623
path,-6.376013376930327,-3.0823923239782163
path,-6.374284006620447,-3.0826860177763193
path,-6.372554380672193,-3.0829797199960436
path,-6.370831473197252,-3.083272574998944
path,-6.3690789413459115,-3.083569491457115
path,-6.367249719727373,-3.0838874968998553
path,-6.365324652536237,-3.0842558278645504
path,-6.3633542866268815,-3.08465508525596
path,-6.361369070782428,-3.0850733815628835
path,-6.359367026397655,-3.085503946414512
path,-6.357352860212583,-3.085947870741297
path,-6.355327406689441,-3.086398893674341
path,-6.3532928858823015,-3.0868524507294057
path,-6.351259453014127,-3.0873094526561418
path,-6.34922879111187,-3.0877644747088917
path,-6.34719620529656,-3.0882210582458693
path,-6.345160311237545,-3.088678361212039
path,-6.34312925236045,-3.0891366788161365
path,-6.341105519388131,-3.089595885712712
path,-6.339084112982038,-3.0900534670571522
path,-6.3370638565326045,-3.0905110235655955
path,-6.335048161456226,-3.090969892954628
path,-6.333036096877461,-3.091426636397521
path,-6.330937723657194,-3.0918732950664487
path,-6.328779145061622,-3.09232235084556
path,-6.326591595091651,-3.092789136059706
path,-6.324378035893283,-3.0932721324762915
path,-6.322139360836424,-3.09376878118625
path,-6.319893307954141,-3.0942798204176425
path,-6.317643715818192,-3.0947940021316644
path,-6.315393598174683,-3.0953090559404925
path,-6.31314283054762,-3.095824551399471
path,-6.31089367496546,-3.0963411191934256
path,-6.3086649247496736,-3.09686038204096
path,-6.306443894224738,-3.097373791353525
path,-6.30422957001093,-3.097887649431519
path,-6.302016205478,-3.098400427243996
path,-6.299804573115512,-3.098914619548281
path,-6.297602932225051,-3.099430212402033
path,-6.295405723203743,-3.099943002403106
path,-6.29321372855721,-3.1004575562988603
path,-6.291021810278706,-3.100971789397141
path,-6.288829022828505,-3.101486693186484
path,-6.2866479405146585,-3.102003632366628
path,-6.28447142114298,-3.1025193685701393
path,-6.28229852312041,-3.1030347359396417
path,-6.280125174154204,-3.103550906440828
path,-6.277953768866438,-3.104068080226681
path,-6.275803265000261,-3.104577928835333
path,-6.273671918026245,-3.1050902659643818
path,-6.271547787410729,-3.1056014888158736
path,-6.2694240806820005,-3.106112608350225
path,-6.267300547543502,-3.106623039656699
path,-6.265186490319838,-3.1071350458286604
path,-6.263077792509843,-3.1076459197795683
path,-6.260973150844948,-3.108157813114663
path,-6.258867756077008,-3.1086699838230647
path,-6.256762090837581,-3.1091821563376185
path,-6.254665835750058,-3.109695945186683
path,-6.252578823994904,-3.110210918780755
path,-6.2504984648585955,-3.1107263205338884
path,-6.2484275213703615,-3.1112395791312273
path,-6.2463800677977,-3.11174564855898
path,-6.244369687522997,-3.1122438333318563
path,-6.242380006371958,-3.112748280018728
path,-6.240415203172682,-3.1132642700056827
path,-6.238471812871958,-3.1138003374335566
path,-6.2365568214022575,-3.1143569578791004
path,-6.234562187822622,-3.1149699389653787
path,-6.232432623375621,-3.115627036874546
path,-6.230173240825122,-3.1163036748146977
path,-6.227868686172421,-3.117001669333018
path,-6.225563774773758,-3.1177004356498115
path,-6.2232738486464925,-3.118396239312973
path,-6.220980528662261,-3.1190935702298552
path,-6.2186927100529825,-3.1197892724531977
path,-6.216404843726394,-3.120485574588152
path,-6.214116638512232,-3.121182645278378
path,-6.211848820872743,-3.1218742880970916
path,-6.209588789398095,-3.1225639996437824
path,-6.207328876307384,-3.123255415926471
path,-6.20507172079596,-3.1239457858616997
path,-6.202814268426504,-3.124636893964048
path,-6.200566435426339,-3.1253251204136494
path,-6.198328756789331,-3.1260130112588937
path,-6.196080331536749,-3.126702486004022
path,-6.19384013291867,-3.1273910382127355
path,-6.191600465823954,-3.128080920318203
path,-6.1893663431901125,-3.1287574153047184
path,-6.187124605097372,-3.1294327411619665
path,-6.184872767596932,-3.130100551304903
path,-6.182620713781089,-3.1307693064669726
path,-6.1803680419178475,-3.131438978047378
path,-6.17813942796706,-3.1320906398578785
path,-6.175927715513859,-3.1327496921972062
path,-6.173714912609529,-3.133407574915288
path,-6.171501691390041,-3.134068606201036
path,-6.1692876430829555,-3.1347283247186275
path,-6.1670830635151175,-3.135387174348013
path,-6.164877643360233,-3.1360461913378
path,-6.16267232801994,-3.1367057733046604
path,-6.160467176322448,-3.137368178692836
path,-6.158260598419341,-3.1380296277889617
path,-6.156066298469188,-3.1386882424869955
path,-6.1538735551965456,-3.139349047773569
path,-6.151679020525094,-3.1400091100532337
path,-6.149483817485222,-3.14067012816705
path,-6.147287948391454,-3.141332102571426
path,-6.1451019090510295,-3.141991841675478
path,-6.142917186887014,-3.142653884930563
path,-6.140730928253292,-3.143315463372653
path,-6.138552563032077,-3.1439769419442416
path,-6.136374591746992,-3.1446410947637813
path,-6.134098612150542,-3.1453286980858604
path,-6.131745178753905,-3.146045358631908
path,-6.129386104438371,-3.146766177249741
path,-6.127026994914495,-3.147487209259742
path,-6.124667073348453,-3.148209323587354
path,-6.122306560915347,-3.1489344505972476
path,-6.11994407390233,-3.149659025119999
path,-6.117580799065116,-3.150384686552648
path,-6.115216744412903,-3.1511114352447454
path,-6.11285191732171,-3.151839271477039
path,-6.110451338924101,-3.1525789765374097
path,-6.108043219476681,-3.1533211335372804
path,-6.1056339477266794,-3.154063631299909
path,-6.103223522311763,-3.1548064570777714
path,-6.1008119420467395,-3.1555495993243348
path,-6.098318573850809,-3.156314389979403
path,-6.095756738653704,-3.1571042416711164
path,-6.093190982094911,-3.1578936718425124
path,-6.090623994113555,-3.1586834902621272
path,-6.088056523170631,-3.1594720049077876
path,-6.0853312018479775,-3.160276577120969
path,-6.082424746121743,-3.161146086484311
path,-6.07935107842384,-3.16207328188339
path,-6.07618403717229,-3.1630341139762255
path,-6.0729783914262265,-3.1640174244554355
path,-6.069736272465622,-3.16500680106609
path,-6.066459301887319,-3.1660047192140706
path,-6.063169173174731,-3.167012506338929
path,-6.059877072701547,-3.168015687596394
path,-6.056584087656935,-3.1690222069511256
path,-6.053242386337139,-3.1700361930571535
path,-6.049868144025327,-3.17105125021925
path,-6.046492385748533,-3.1720681184156128
path,-6.043115124555087,-3.1730867955367947
path,-6.039736358190465,-3.174107282465135
path,-6.036299353795157,-3.1751449503539733
path,-6.032813830706056,-3.176200560106248
path,-6.029326458278566,-3.1772581787348098
path,-6.02583753835656,-3.178317711515082
path,-6.022347079709967,-3.179379156799142
path,-6.018793647833951,-3.180459062967356
path,-6.01518118851506,-3.1815606549852204
path,-6.011565445065419,-3.1826648459623446
path,-6.007948090506951,-3.183771076741454
path,-6.004329130982844,-3.1848793457363183
path,-6.0005550992375145,-3.186001519783314
path,-5.996630438723963,-3.1871766455515265
path,-5.992597421994961,-3.1883919160753984
path,-5.988456552671699,-3.189647144305661
path,-5.984212452402183,-3.1909401882662114
path,-5.979838232488135,-3.1922642999783393
path,-5.975360284676998,-3.193635566186117
path,-5.970785902387498,-3.1950430612381373
path,-5.966130966652442,-3.196481297886513
path,-5.961396290397927,-3.1979499850896733
path,-5.956544398167947,-3.199451280267413
path,-5.951612195643633,-3.200983942705722
path,-5.946602126176742,-3.2025468980460707
path,-5.941514792103542,-3.2041399272489772
path,-5.936350801515713,-3.2057628082671137
path,-5.930989586862877,-3.2073986632441307
path,-5.925324473398264,-3.20904136067503
path,-5.919497157528968,-3.2107972363186237
path,-5.91358086163723,-3.2126162828927796
path,-5.9075681123111075,-3.2144785903172433
path,-5.901346596859788,-3.216359754937762
path,-5.894867587097157,-3.2183525937233166
path,-5.888241111081411,-3.2206131080261713
path,-5.881461035137197,-3.22295514753652
path,-5.87451942206105,-3.225363669349937
path,-5.867443685243449,-3.2277245316241125
path,-5.86021311992161,-3.2299944673528875
path,-5.852898271019179,-3.2321599989215826
path,-5.84541781918893,-3.23418068735012
path,-5.837789372706892,-3.236082841980598
path,-5.83005277412607,-3.23818585437833
path,-5.822171817209318,-3.2404155561253156
path,-5.814184940873681,-3.2423111009532493
path,-5.806151628495774,-3.2440819283103024
path,-5.798064244895899,-3.245749610882462
path,-5.790269186446466,-3.2478749558217888
path,-5.7825174010095495,-3.249966152202858
path,-5.774994543480052,-3.2519424711507723
path,-5.767733222242447,-3.253941956771373
path,-5.7606970192689495,-3.255948909399686
path,-5.753988960192717,-3.2583515932335834
path,-5.747472073043748,-3.260786197897196
path,-5.741316819557398,-3.263141033852435
path,-5.735540594857087,-3.265410886820784
path,-5.730033491517429,-3.267350192547052
path,-5.7251132823397235,-3.2690530487156937
path,-5.720584142235501,-3.2705549993825023
path,-5.716378211041765,-3.271709163906442
path,-5.71244926974884,-3.272567442802453
path,-5.708805784748263,-3.2731295748326987
path,-5.705702877998751,-3.273469074120581
path,-5.702954152235659,-3.2736069807700257
path,-5.700517215130091,-3.273410064636358
path,-5.6983304088881415,-3.2729684581785112
path,-5.6962673855495085,-3.272323170553672
path,-5.694285192276512,-3.271632132261237
path,-5.69229902301611,-3.271000246384572
path,-5.690400110364475,-3.2702764335129806
path,-5.6871630984825,-3.270602478848931
path,-5.683215282705507,-3.2714738231391776
path,-5.67878832004106,-3.2728189919541406
path,-5.673966497112958,-3.274485423475109
path,-5.66878184881323,-3.2761226764341473
path,-5.663295419509513,-3.277743296851195
path,-5.657559454492756,-3.279338962923457
path,-5.65155925153149,-3.2811311487183867
path,-5.645301091097511,-3.2830162428931025
path,-5.638776675048114,-3.2849867014108525
path,-5.632025360227036,-3.2871678623620584
path,-5.625071445956261,-3.2897957391363666
path,-5.618188675148969,-3.292505791742771
path,-5.611497866376579,-3.295053446124243
path,-5.604883029922497,-3.2975541660410785
path,-5.598293684673847,-3.300072133053179
path,-5.591673084887853,-3.3027216547868523
path,-5.5852093916887045,-3.3053882564399024
path,-5.579065576037159,-3.3078253498824766
path,-5.572872804468029,-3.310410790580523
path,-5.566671899571856,-3.3130345209472285
path,-5.56051553299654,-3.315582842134406
path,-5.554516809922967,-3.317962209387062
path,-5.548740106085002,-3.320140475905416
path,-5.542974267132144,-3.3221799733529718
path,-5.537221899180676,-3.3241227789652217
path,-5.531473414064228,-3.325968035511951
path,-5.525806746297492,-3.32764731253246
path,-5.5201816054024615,-3.3292086796838154
path,-5.514490450717413,-3.3306882569195513
path,-5.508852694734345,-3.3322622642786723
path,-5.503324028482932,-3.333977580049978
path,-5.498050588567733,-3.335625574804624
path,-5.493134947064922,-3.3371282924338157
path,-5.488481914389338,-3.3386653147860614
path,-5.484126740646323,-3.340199546088196
path,-5.479953661847964,-3.341661573532615
path,-5.47598921224799,-3.342985386826755
path,-5.472163792003178,-3.344246282507858
path,-5.468471814414356,-3.345489500360099
path,-5.464977829304953,-3.346745167046404
path,-5.461628727597442,-3.34802940142154
path,-5.458433120392688,-3.3492577166025437
path,-5.455272802002503,-3.350451475965382
path,-5.452123655933892,-3.3516019556603136
path,-5.4489113920229295,-3.35267574532573
path,-5.445669141854078,-3.3537335301009668
path,-5.442571183652328,-3.3547976579666567
path,-5.439572061312335,-3.355938944429181
path,-5.436587148127537,-3.3570743915285615
path,-5.433604559820091,-3.3581956461219784
path,-5.430623587664275,-3.3593045919672937
path,-5.427193698404987,-3.3605507393807383
path,-5.4234723900121145,-3.361882006651668
path,-5.419740048701327,-3.3632272393430878
path,-5.416007094387422,-3.3645633271630544
path,-5.412273290122228,-3.365890969833712
path,-5.408721360547114,-3.3671516335814946
path,-5.4051789027101,-3.3683968133967013
path,-5.401635362513535,-3.369635500991223
path,-5.398090644102704,-3.3708680353984564
path,-5.394544671933753,-3.3720946998276595
path,-5.391285643102367,-3.373234477035011
path,-5.3880778156612115,-3.374333439412591
path,-5.384868920169266,-3.3754279909300924
path,-5.381658922342054,-3.376518259947768
path,-5.3784477936352975,-3.377604348057087
path,-5.375394778358589,-3.378636580322062
path,-5.37234350478419,-3.379660177764053
path,-5.369291223222623,-3.38068018466602
path,-5.366237912941516,-3.3816966295302984
path,-5.363183562628675,-3.3827095648915986
path,-5.360282996995123,-3.3836703821210747
path,-5.357387357109796,-3.3846244382776423
path,-5.35449069924688,-3.385575342399211
path,-5.3515930224280055,-3.3865231178392516
path,-5.348694325709785,-3.3874677817060164
path,-5.345711451963128,-3.3884357192438266
path,-5.342726586639101,-3.389401255742212
path,-5.339740637786779,-3.3903635228456044
path,-5.336753605134606,-3.3913225249389893
path,-5.333765488843125,-3.3922782663809605
path,-5.330958336665337,-3.3932148305527856
path,-5.328235514292595,-3.3943614758644753
path,-5.325587509221029,-3.395677374690951
path,-5.322953605954833,-3.397040375556584
path,-5.320308984559954,-3.3984128093889385
path,-5.317713503087948,-3.3997356156558958
path,-5.315147025898656,-3.401062154403663
path,-5.312583457338542,-3.4023896776545337
path,-5.310018339981468,-3.4037130863534677
path,-5.307455061672348,-3.4050367513575117
path,-5.304954590172183,-3.4063086910995533
path,-5.302473612899815,-3.4075843806981507
path,-5.299993224080769,-3.4088559718354943
path,-5.297513673725483,-3.4101283700410465
path,-5.29503284421192,-3.411399146659312
path,-5.292600555361503,-3.4126285501183653
path,-5.290184430125697,-3.4138616130108503
path,-5.2877693591912704,-3.4150931404102205
path,-5.285353634938401,-3.4163206429178135
path,-5.28293736565895,-3.4175490211953288
path,-5.28005294361467,-3.4190090153517634
path,-5.276484832046096,-3.4207614095977723
path,-5.272801491939779,-3.422594302925141
path,-5.269088476992558,-3.424439929305705
path,-5.265343437618826,-3.4262972255984545
path,-5.261601621845994,-3.4281139055928778
path,-5.257909817632701,-3.429947453839716
path,-5.254225075057871,-3.431777871278044
path,-5.250527548830421,-3.4336188858581083
path,-5.246818272721265,-3.435469575634728
path,-5.243213681744479,-3.4372340282212486
path,-5.239642052364204,-3.439004264820522
path,-5.236074534302213,-3.4407759167124246
path,-5.232513509948058,-3.44252867635486
path,-5.228946364304049,-3.4442860816957794
path,-5.225475621303596,-3.4459614537258525
path,-5.222039839474965,-3.447630438052369
path,-5.218606923750081,-3.4492938153067967
path,-5.215172941220468,-3.450953851185547
path,-5.211737830226149,-3.4526105663097106
path,-5.2084469281482075,-3.4541412576621853
path,-5.205219855190545,-3.4556837830039004
path,-5.20200130839328,-3.4572237315310743
path,-5.19878260279777,-3.458761932931464
path,-5.195562948883974,-3.4602972048819796
path,-5.192417434298686,-3.461781567812456
path,-5.1892907885833175,-3.4632639210549385
path,-5.186164594177732,-3.4647447264193874
path,-5.183037528359006,-3.4662227746386964
path,-5.1799095839404234,-3.4676980654545244
path,-5.176861776409706,-3.469117441417901
path,-5.173837578608915,-3.470537549091403
path,-5.170812660442939,-3.4719550856153263
path,-5.167786928094658,-3.4733700467291677
path,-5.164760375871558,-3.4747824319972036
path,-5.1617939063697476,-3.476154656369051
path,-5.158842535438073,-3.477526266863234
path,-5.155890493381015,-3.4788954351331935
path,-5.152937646476812,-3.48026215766795
path,-5.149983988875747,-3.4816264326654687
path,-5.147097986173481,-3.4829454906136057
path,-5.14422816308553,-3.48426518931414
path,-5.141357655956708,-3.485582578727667
path,-5.138486456904032,-3.4868976582899722
path,-5.135614558966673,-3.4882104274278105
path,-5.1322331287018885,-3.489737763396209
path,-5.127859933665528,-3.4915969964257894
path,-5.122682846194515,-3.4937965563407354
path,-5.11725880658941,-3.4962088709370924
path,-5.111739149145826,-3.498664254712804
path,-5.106259960703445,-3.501062711986756
path,-5.1008583327454415,-3.503459579683309
path,-5.0954582057872395,-3.5058485378634976
path,-5.09005544524659,-3.508229360452905
path,-5.0846500632187315,-3.5106020424018856
path,-5.079437992729302,-3.51280812993738
path,-5.074352313875132,-3.515008911720217
path,-5.069287652308911,-3.5172063364344988
path,-5.0642207597653455,-3.519396619647971
path,-5.059151643988159,-3.5215797578300343
path,-5.054327357080091,-3.5234889368791027
path,-5.049671324341101,-3.525369067981769
path,-5.0451375479473946,-3.5272904203413207
path,-5.04061979833238,-3.5292322886432452
path,-5.036100412856731,-3.5311684107377372
path,-5.031749210510757,-3.5329644493779764
path,-5.0274777292122295,-3.5347820204044655
path,-5.023210133969285,-3.5365771155180488
path,-5.018937794355183,-3.5383721718386645
path,-5.014664042972186,-3.5401617646646533
path,-5.0105411722694395,-3.5418513743234783
path,-5.00646277673325,-3.5435357644560375
path,-5.0023807855984845,-3.54522978128591
path,-4.998297446108378,-3.5469190447469514
path,-4.994212762156018,-3.5486035610776887
path,-4.9902823206191185,-3.550168854396003
path,-4.98640040267436,-3.5517595489000375
path,-4.982517361502719,-3.553345971281009
path,-4.978633193333104,-3.554928125523744
path,-4.974747895174403,-3.5565060151297034
path,-4.971028909806837,-3.557962251542087
path,-4.967375537322975,-3.559437084394211
path,-4.963721204706304,-3.5609081557546625
path,-4.960065907197831,-3.562375467758185
path,-4.956409640858981,-3.563839022263138
path,-4.952830630280886,-3.565260057639743
path,-4.9492589813205,-3.5666814731953735
path,-4.945686466178069,-3.5680993114407826
path,-4.94211307727526,-3.569513573435081
path,-4.938538808081893,-3.57092426006709
path,-4.934314685021442,-3.5724899494538156
path,-4.9290578619426215,-3.5742659595946624
path,-4.92280442613403,-3.5762520674175686
path,-4.915664718235814,-3.57845984206755
path,-4.908295951692603,-3.580984007330609
path,-4.9004039473108785,-3.5837861850752395
path,-4.8922363308835015,-3.586800590142623
path,-4.883970640387764,-3.589902978030635
path,-4.8756064980854,-3.592971066730769
path,-4.867235979181115,-3.595909753023704
path,-4.859213660607005,-3.5985911889893702
path,-4.851485300286504,-3.601118440706113
path,-4.843793098522247,-3.6034985692192794
path,-4.836085850827633,-3.6057215271693153
path,-4.828362881730991,-3.6077794880793914
path,-4.821164065745946,-3.6096867234303955
path,-4.814480501033806,-3.6114368157543395
path,-4.808074419471944,-3.6129874421964288
path,-4.8017316766558675,-3.6143421460205465
path,-4.7954108102777155,-3.615656481009143
path,-4.7893182201664555,-3.6169944821832702
path,-4.783298309351771,-3.6184150205176207
path,-4.777317829310511,-3.6199651694992805
path,-4.771374373419498,-3.621638676248403
path,-4.765472351502523,-3.623433766117961
path,-4.759721183169211,-3.625284849094683
path,-4.754044645613415,-3.6271891838698345
path,-4.748393675891522,-3.6291109735316054
path,-4.74273998750819,-3.6310250380796876
path,-4.737083597744221,-3.6329313665974396
path,-4.731659577158601,-3.634694979029634
path,-4.726351234170511,-3.636447940585806
path,-4.721056719081349,-3.6382065860055515
path,-4.715760003033871,-3.6399586022742576
path,-4.7104610894536245,-3.6417039658585004
path,-4.705361592170562,-3.643346570229445
path,-4.700338864996128,-3.644985853263165
path,-4.69531556748729,-3.6466203653517146
path,-4.69029028550041,-3.648248813768058
path,-4.685206408204073,-3.649914685121372
path,-4.68057355818809,-3.6514077359543102
path,-4.6763146426755,-3.652763134837932
path,-4.672192580515023,-3.6540968003746115
path,-4.668116915677526,-3.6554162506311636
path,-4.664076944141226,-3.6567158783686433
path,-4.660164947987334,-3.657952541840561
path,-4.656369315066163,-3.6591640026558645
path,-4.652613239119286,-3.6603610697763975
path,-4.6488872925959575,-3.661539802612589
path,-4.645190214504369,-3.662700678330248
path,-4.641568967250488,-3.6638210443713635
path,-4.638013237208932,-3.6649369142431274
path,-4.6344849435273225,-3.6660376558493075
path,-4.630981188886428,-3.6671231892970835
path,-4.627500797528016,-3.66819397027757
path,-4.624100462446803,-3.6692191437754547
path,-4.6207796054192904,-3.670240179922845
path,-4.617483513283424,-3.6712508336556913
path,-4.614206858319757,-3.6722493030790506
path,-4.61094856761204,-3.673236006494151
path,-4.607745444441416,-3.674194943151002
path,-4.60460979992659,-3.6751146497964076
path,-4.601495085349148,-3.6760306390341477
path,-4.598384423314178,-3.676942085256456
path,-4.59527693935252,-3.67784933670393
path,-4.591576646566711,-3.6789982608583958
path,-4.587060526840635,-3.6806168280268134
path,-4.581744245672916,-3.682455550358875
path,-4.575611223759311,-3.684279984085211
path,-4.568877836914617,-3.6861028480440186
path,-4.5620494660934074,-3.6878679998230814
path,-4.555278145715685,-3.689691347555513
path,-4.5485065411217445,-3.6915171567197853
path,-4.541709195722173,-3.6933372070867736
path,-4.534888394300082,-3.6951510563609817
path,-4.528314571327412,-3.6967481683775594
path,-4.521962916533089,-3.6982087750968775
path,-4.515793947060881,-3.699717587214431
path,-4.509784688071737,-3.7012729922341805
path,-4.503789072329846,-3.7028247849639837
path,-4.498284855755158,-3.7041900889590433
path,-4.493263187966749,-3.7052508530877013
path,-4.488499365003869,-3.7064127190152365
path,-4.483757577127359,-3.707630646543434
path,-4.479010378964001,-3.708844356745995
path,-4.473985872284059,-3.7101253185116043
path,-4.4688811247365345,-3.7113969676234344
path,-4.4637559988775894,-3.712667495221751
path,-4.4586089905771695,-3.713937487906415
path,-4.453438639423843,-3.715207526265909
path,-4.448463834020626,-3.716322494743408
path,-4.443646068279623,-3.7174752251434398
path,-4.438884379579279,-3.7186337917777275
path,-4.434126026115148,-3.7197848462811525
path,-4.429371069677056,-3.720928354995909
path,-4.42496712183889,-3.721835030894946
path,-4.420802650233045,-3.7227588240526064
path,-4.416728951532311,-3.723722140911992
path,-4.412675277525228,-3.7246754575911183
path,-4.408624736709462,-3.7256230175598146
path,-4.404722627365547,-3.7264900817324227
path,-4.400925875802546,-3.7273815482884505
path,-4.397167431638832,-3.728267066000274
path,-4.3934334132427075,-3.729140305479236
path,-4.389722525892084,-3.730001645802079
path,-4.38555899927739,-3.731017717245025
path,-4.381023233932976,-3.732047001779511
path,-4.376486042228144,-3.7330696606955542
path,-4.371947536437312,-3.734085657536656
path,-4.367407723712884,-3.7350949909148827
path,-4.362926903535255,-3.7360368326976725
path,-4.358536611478615,-3.737004667031481
path,-4.354168747992248,-3.737971016148544
path,-4.349808838392126,-3.738929111467914
path,-4.345455371921742,-3.739879414723751
path,-4.341241792253206,-3.740698785852439
path,-4.337155909991048,-3.7415509053851586
path,-4.333139061934799,-3.7424216276783007
path,-4.329125791718009,-3.743288165561989
path,-4.325112706634002,-3.744150338181012
path,-4.321246951192574,-3.7449317049365836
path,-4.317461754970669,-3.745733187198535
path,-4.313682073356078,-3.7465333726995294
path,-4.309902022201152,-3.7473299035291348
path,-4.306121593722867,-3.7481227769757806
path,-4.302475830273912,-3.748851485433947
path,-4.298890890375077,-3.7495955586227754
path,-4.295307203127986,-3.7503367123520293
path,-4.291723177569877,-3.7510745773380325
path,-4.288138808615835,-3.7518091514801646
path,-4.284394761660061,-3.752567090225567
path,-4.280624384728318,-3.753321217560785
path,-4.276838700534596,-3.7540755779604074
path,-4.2730384006460325,-3.7548292400068557
path,-4.26929003487771,-3.7555632206147402
path,-4.26571918408702,-3.7562116131856333
path,-4.262238162497036,-3.7568749847146763
path,-4.258717059583693,-3.757546164633718
path,-4.2551683614693,-3.758220783819053
path,-4.2516175125211095,-3.758891955902957
path,-4.248219432782515,-3.759494297136803
path,-4.2449411397925205,-3.7601065775926186
path,-4.241662644802822,-3.7607155281837437
path,-4.238383913545614,-3.761321143774699
path,-4.235104941321352,-3.7619234229537417
path,-4.231909221193576,-3.7625024289011795
path,-4.228727430435424,-3.7630802517948436
path,-4.22554545919894,-3.763654937258502
path,-4.222363300291259,-3.7642264836993737
path,-4.219180947533518,-3.7647948896146333
path,-4.215541825163571,-3.765707356947387
path,-4.2111679419797285,-3.766662848683297
path,-4.206207331166183,-3.7675467337139463
path,-4.201188687440429,-3.7684165622519026
path,-4.196169447457734,-3.7692785647185807
path,-4.191321517995791,-3.77005070228762
path,-4.186643456284815,-3.7708387292369085
path,-4.181968394407383,-3.7716204401814126
path,-4.1772928528215845,-3.77239535521443
path,-4.172616838501959,-3.773163471590953
path,-4.1681269956110265,-3.7737815651874707
path,-4.163922591326707,-3.7744274932886235
path,-4.159819833692313,-3.775084486242174
path,-4.155784568691537,-3.7756936206076324
path,-4.151843360792099,-3.7762709552277753
path,-4.148061310989612,-3.776787104411423
path,-4.144390322227122,-3.7773169531328747
path,-4.140719779678149,-3.777842948200691
path,-4.1370491427551315,-3.7783649999525455
path,-4.133378411217873,-3.7788831056664023
path,-4.129380493269548,-3.7794593120777487
path,-4.125320231128951,-3.78002304345321
path,-4.121259849340272,-3.780581935508808
path,-4.1171993508470255,-3.7811359856535485
path,-4.113138738906386,-3.7816851913952396
path,-4.109258188839583,-3.7821483839487304
path,-4.105544138769331,-3.7826370741653634
path,-4.101841385152682,-3.783125102392802
path,-4.09813863214118,-3.7836091091094746
path,-4.09443587502582,-3.784089091634347
path,-4.090877854063052,-3.784523885659032
path,-4.087390036725688,-3.784968489214717
path,-4.083902273397327,-3.7854095266936554
path,-4.080414556067942,-3.785846995321604
path,-4.076926880027523,-3.78628089418138
path,-4.073609757323197,-3.7866540071786337
path,-4.070404653637813,-3.78704637665748
path,-4.067199626995046,-3.787435738264518
path,-4.063994654331691,-3.787822082627473
path,-4.060789729716661,-3.7882054076253797
path,-4.057060068633413,-3.7887564385537207
path,-4.052842351589367,-3.7892606423342676
path,-4.048629496445872,-3.7897275026903445
path,-4.0444981556351145,-3.790005370375356
path,-4.040423189213618,-3.7902128680511806
path,-4.03652123311531,-3.7904115098237674
path,-4.032861754309125,-3.790640796185856
path,-4.029275380115854,-3.7908780358834147
path,-4.025692919466639,-3.791106835550503
path,-4.022110569877772,-3.7913298779510014
path,-4.018667399460542,-3.791542505736033
path,-4.015286598474891,-3.791742817489598
path,-4.011905792803908,-3.7919379764159875
path,-4.008524983311151,-3.792127987464704
path,-4.005144170875148,-3.792312855582766
path,-4.0019054805811285,-3.7924912887500355
path,-3.9987487773606065,-3.7926545386164197
path,-3.995592085354421,-3.7928133218721736
path,-3.992435404213992,-3.7929676421290943
path,-3.9892787337045896,-3.7931175030327173
path,-3.985698163393133,-3.7933536214080386
path,-3.9816761395857667,-3.7935170363049147
path,-3.9776228239802034,-3.79368407972557
path,-3.9735690466529787,-3.793849192341827
path,-3.9695152824676243,-3.7940069860930117
path,-3.965601096819678,-3.794157654931518
path,-3.961758873147041,-3.794293579147546
path,-3.9579166928063967,-3.7944229609167412
path,-3.9540745543824714,-3.7945458062362527
path,-3.950232456744512,-3.794662121192046
path,-3.9465519845025265,-3.7947614638386753
path,-3.9430689023487617,-3.7948576372220195
path,-3.939600047450012,-3.7949449059528346
path,-3.9361314399660112,-3.7950246269678196
path,-3.9326631933903755,-3.795095404649276
path,-3.929317812798892,-3.795165758553172
path,-3.92601788924126,-3.795223600039799
path,-3.9227187505339516,-3.795268488359261
path,-3.9194204951252782,-3.795299107982486
path,-3.9161232208855625,-3.7953141505322296
path,-3.9129334953931134,-3.7953483191842277
path,-3.9097722142493745,-3.795371778960132
path,-3.906612192712966,-3.7953758586912403
path,-3.90345352620718,-3.795359315174121
path,-3.9002963087974867,-3.795320916056162
path,-3.8966940628828106,-3.795445831353334
path,-3.8925900059499434,-3.7954533976876323
path,-3.8884191872161566,-3.79542255581384
path,-3.8842498950562647,-3.795363644211789
path,-3.8800822653774376,-3.7952750469517373
path,-3.876050020061532,-3.7952147456951106
path,-3.872091303987952,-3.795147822086201
path,-3.868134741149329,-3.795046562562593
path,-3.8640108833393034,-3.795184685381956
path,-3.859847037178804,-3.7954974853170977
path,-3.855882047040018,-3.7957288572194634
path,-3.852077868786721,-3.7960049689600424
path,-3.848276169452517,-3.7962753829292084
path,-3.8444662713815236,-3.7965326418514294
path,-3.8405990771458187,-3.7967789455454706
path,-3.836852510578123,-3.797030220759701
path,-3.833111489875694,-3.7972952791182073
path,-3.829361987681284,-3.797553424623202
path,-3.8256126091711833,-3.797802052800845
path,-3.8218633723028073,-3.798041223412526
path,-3.8183310301720117,-3.798120774806022
path,-3.8150659227239028,-3.7982574235605244
path,-3.811925212439906,-3.798431895710922
path,-3.80879319970584,-3.798603880827587
path,-3.8056613900212226,-3.7987698276666366
path,-3.8026225479561613,-3.7989147006977086
path,-3.799613785869304,-3.7990678275582894
path,-3.7966049954741843,-3.7992180933830833
path,-3.793596178514785,-3.7993654947711053
path,-3.7905873368492764,-3.7995100285646006
path,-3.787680130910715,-3.799630268389893
path,-3.7848085457832217,-3.799762575656421
path,-3.7819370587466823,-3.7998922893668654
path,-3.77906566068789,-3.8000194052142846
path,-3.776194343609388,-3.8001439192254565
path,-3.7733942395895856,-3.800259856190738
path,-3.7706049749334163,-3.8003761109630214
path,-3.767815684014398,-3.8004898795758018
path,-3.765026370666149,-3.8006011610851194
path,-3.76223703858053,-3.8007099545752974
path,-3.7590365759246587,-3.8009536378608253
path,-3.755427034630453,-3.801093333329595
path,-3.751803792712546,-3.801222979591256
path,-3.748180551304687,-3.801348420256703
path,-3.7445573163375654,-3.801469653727828
path,-3.7410667872179197,-3.801537714089359
path,-3.7376771896085637,-3.801643002319456
path,-3.7342774504857457,-3.8017452362754383
path,-3.730844946239638,-3.8018450458847264
path,-3.727377393045176,-3.8019424223058236
path,-3.7239995618556465,-3.80202565194846
path,-3.720613167511505,-3.8021144119351176
path,-3.7172078378829974,-3.802200580758029
path,-3.713802021557203,-3.802283749360594
path,-3.7103962683335316,-3.8023639049149596
path,-3.7071383764899286,-3.8024207553289626
path,-3.7039178965367174,-3.8024909088428847
path,-3.7006975001211377,-3.8025583726061494
path,-3.6974771858465254,-3.8026231447198975
path,-3.6942569526677764,-3.802685223397448
path,-3.690588330280149,-3.8027999903958234
path,-3.686732674704469,-3.802867200120727
path,-3.682877124583488,-3.80293053726771
path,-3.679021681590717,-3.8029899999315635
path,-3.675166347616535,-3.8030455862744774
path,-3.671497436077804,-3.803063079113497
path,-3.667904800086123,-3.803107701015279
path,-3.6643123025855813,-3.8031489652951773
path,-3.660719941336665,-3.8031868691163067
path,-3.657127715205873,-3.80322141014942
path,-3.6536721527081903,-3.8032369601727782
path,-3.6502476612299444,-3.803263404449294
path,-3.646823350913391,-3.80328680717319
path,-3.643399216205451,-3.8033071648540098
path,-3.639977107950151,-3.8033187732402465
path,-3.6366590933405423,-3.8033176987521107
path,-3.633377925625096,-3.8033217690083174
path,-3.6300982850488497,-3.8033189076556457
path,-3.6268198066921937,-3.8033102291592122
path,-3.623702882732457,-3.8032669094786176
path,-3.620423198213231,-3.8029721415349815
path,-3.616698197754991,-3.802439094313285
path,-3.6128992933800754,-3.8017763841860255
path,-3.609153058807817,-3.8010057498868255
path,-3.6054563188962048,-3.800131714976548
path,-3.601929835397017,-3.7991482989693095
path,-3.598533520771433,-3.798087295120533
path,-3.595182814887237,-3.7969342606741057
path,-3.59187673521268,-3.7956874495768136
path,-3.588616037210642,-3.7943450371768175
path,-3.5855351312965547,-3.792902346842502
path,-3.582609757330953,-3.791381448775575
path,-3.579745950580427,-3.789756605308952
path,-3.576896755970648,-3.7881019467168247
path,-3.573957091794804,-3.7864955361921577
path,-3.570476463646112,-3.7854049384109327
path,-3.566810261894869,-3.784721693762955
path,-3.563406644690086,-3.7839960090165596
path,-3.560180483152601,-3.7832266488068913
path,-3.5570235635640612,-3.7823737601669265
path,-3.553983316309337,-3.781424363713596
path,-3.5510071604526217,-3.780377758498874
path,-3.5480740530893837,-3.779238053528897
path,-3.5451929088966856,-3.777988496521583
path,-3.542363600918705,-3.776628859639447
path,-3.5393232805251866,-3.7753813162127825
path,-3.535823352884544,-3.7746273798300822
path,-3.532548829519735,-3.773930836323251
path,-3.5294664626499737,-3.7731907047394264
path,-3.526485318717037,-3.772345123894127
path,-3.5236224237594773,-3.7714099644325043
path,-3.5208272443435393,-3.770372975307282
path,-3.518081258154513,-3.769230488026761
path,-3.5153888095922388,-3.767974430594629
path,-3.5123688933612582,-3.7668346011594114
path,-3.509068099110323,-3.7661744299746807
path,-3.5060218692313447,-3.7654971078107464
path,-3.5031482366168674,-3.7647596122411455
path,-3.5003338576031897,-3.763930831181816
path,-3.4975627461074,-3.7630092723445157
path,-3.4948874407873527,-3.7619798311658146
path,-3.4922745923338874,-3.7608301028204516
path,-3.4896127812157753,-3.7596200079441564
path,-3.486408167874891,-3.7587830704180183
path,-3.48333656634134,-3.7580944650580697
path,-3.4801269310024456,-3.757210898962843
path,-3.476882131261514,-3.7562031577529376
path,-3.4736875706827783,-3.7550869963932514
path,-3.470544781026102,-3.753859527892675
path,-3.467420438573403,-3.7525392539977247
path,-3.4638218757839274,-3.751498872487201
path,-3.460316680994753,-3.7506431505535733
path,-3.457014952184774,-3.7497480881222836
path,-3.453853607261652,-3.748776373974344
path,-3.450746195277815,-3.747692833428493
path,-3.4478036688398066,-3.7465111948855094
path,-3.44484639865488,-3.7453112986003774
path,-3.441366894765089,-3.744441073186473
path,-3.4380779493820017,-3.7436485939655992
path,-3.434984041193677,-3.742819161329722
path,-3.4320627213569392,-3.7419151962163
path,-3.4292074217526802,-3.740903567795446
path,-3.426402767055978,-3.7397828314420383
path,-3.4235533619048146,-3.7386016143144714
path,-3.4201970048785246,-3.7377258086396736
path,-3.4170247684100525,-3.736916527102663
path,-3.4140501091683078,-3.736068647386153
path,-3.411182341703009,-3.7351513237833527
path,-3.408358907047797,-3.734139287929062
path,-3.4055788412316796,-3.733032962178874
path,-3.402917943958674,-3.7318413593926603
path,-3.3998084257369823,-3.7308692666098526
path,-3.3965893767772974,-3.7302154498077598
path,-3.3936139506566207,-3.729523736596576
path,-3.3907723293138723,-3.7287712924563765
path,-3.3880325095847303,-3.727922443977641
path,-3.3853483065209082,-3.726966567330422
path,-3.382714746156942,-3.725901933275229
path,-3.380131468907545,-3.7247287342905753
path,-3.3771411725400045,-3.723716304657769
path,-3.3740753430747263,-3.7230510285035003
path,-3.3712514201162285,-3.7223642455938357
path,-3.368570731423836,-3.7216071343888624
path,-3.3659396447974355,-3.7207458287903643
path,-3.363358012132761,-3.719777715487136
path,-3.360956057301841,-3.718717029959231
path,-3.358319658329949,-3.717808962293806
path,-3.355533207723638,-3.717221958490056
path,-3.352973909490416,-3.716616551634608
path,-3.350512687096062,-3.7159324532398452
path,-3.348161051540673,-3.71514103652321
path,-3.345867730398608,-3.7142376635944756
path,-3.34362645576417,-3.7132216376102654
path,-3.3409945874372484,-3.712376656386025
path,-3.338341104163069,-3.7117659948495048
path,-3.335910174809704,-3.7111131987909145
path,-3.3335875929398613,-3.7103764708124194
path,-3.3313142355850736,-3.709533257514968
path,-3.329080948088163,-3.7085868409490774
path,-3.3264434691497713,-3.7078363135329413
path,-3.3239051455253437,-3.707210337009821
path,-3.3215672641699325,-3.706511007915485
path,-3.319310932623432,-3.705714695459791
path,-3.3171567625640157,-3.7048078087892704
path,-3.3150552780326965,-3.703804553515034
path,-3.3126791897862056,-3.7025642316490592
path,-3.3099835205365564,-3.7011625925443616
path,-3.3071881075831477,-3.6997888391683325
path,-3.3043928594751306,-3.6984136775080096
path,-3.3015977295839174,-3.697037313911829
path,-3.298847131183459,-3.695685326450028
path,-3.29609917896827,-3.6943306827687583
path,-3.2933512761506316,-3.6929752155780085
path,-3.2906161253096933,-3.6916208256505816
path,-3.287925696806678,-3.6902983187602385
path,-3.2853002692281486,-3.6890054183593026
path,-3.282678862881629,-3.687709885192778
path,-3.2800575223337782,-3.6864136045961753
path,-3.277436267074191,-3.68511657084637
path,-3.2748150996244063,-3.6838187866950434
path,-3.2722241383710684,-3.6825334912931624
path,-3.2696335246935617,-3.6812464636500297
path,-3.26704300382432,-3.679958703593823
path,-3.2644525774044273,-3.6786702134458684
path,-3.2618622469096317,-3.677380995409872
path,-3.2593411034787647,-3.6761282836333296
path,-3.2568232102776657,-3.674873649762278
path,-3.2543054104623703,-3.6736183332520893
path,-3.2517877049979744,-3.672362335847534
path,-3.2492700947470667,-3.6711056592225852
path,-3.246798856724048,-3.6698724456093426
path,-3.244328019980777,-3.6686366953991882
path,-3.2418593929952286,-3.667394323044816
path,-3.2393899350402204,-3.666153426559164
path,-3.236922664746755,-3.6649064400299554
path,-3.234487087991554,-3.6636837364476134
path,-3.2320544934483593,-3.662455213650396
path,-3.2296204195789624,-3.6612309939820964
path,-3.2271867267563783,-3.6600052959937006
path,-3.224754196421631,-3.6587751345738004
path,-3.222367422513672,-3.6575683792436715
path,-3.2199806666958497,-3.6563613261140806
path,-3.2175941583451366,-3.6551527739960576
path,-3.215207086182276,-3.6539459354275063
path,-3.2128200308023613,-3.652738497331099
path,-3.210461221119804,-3.6515444214598567
path,-3.208103832545057,-3.6503463769997486
path,-3.2057447657487432,-3.6491520386447918
path,-3.203347082314139,-3.6478870597068362
path,-3.2009015877131293,-3.646590334607757
path,-3.1983225462616542,-3.645094344425163
path,-3.195514880452636,-3.643305951610875
path,-3.1926134849765777,-3.641410451113058
path,-3.1897286961145754,-3.6395160823075434
path,-3.186862209559488,-3.637622806489233
path,-3.1840241674091687,-3.6357790286532223
path,-3.181204701220836,-3.6339381679525737
path,-3.1783875663711147,-3.632095993809406
path,-3.175540952691696,-3.6302481523453762
path,-3.172712513220218,-3.628401603005925
path,-3.169878904169935,-3.6265649507646676
path,-3.167016798857338,-3.6246745975215835
path,-3.1641662177995586,-3.6227817717927295
path,-3.1614209175863155,-3.6209059150008116
path,-3.1587431059721176,-3.6190290510522867
path,-3.156451931877623,-3.617410330250604
path,-3.1544709124224015,-3.6159906575098892
path,-3.1525321067340144,-3.61456593310453
path,-3.150625861938864,-3.613128072974026
path,-3.1487522028854777,-3.611676698068474
path,-3.1469167326989242,-3.6102179399172494
path,-3.1451139019701553,-3.6087449331236803
path,-3.143343735476417,-3.6072573290220378
path,-3.1415940645495004,-3.605763253245062
path,-3.1398509055067367,-3.6042721661874535
path,-3.138115482392751,-3.602785218232317
path,-3.1363862146179495,-3.6013011468500413
path,-3.1346906513169888,-3.59986088668909
path,-3.1330301696568723,-3.5984335709140414
path,-3.131375798357217,-3.597008778431653
path,-3.1297245974021286,-3.5955855299714368
path,-3.1280782734780894,-3.59416538867764
path,-3.126436467901085,-3.592748124531359
path,-3.124798986636034,-3.5913336440223107
path,-3.1231657992618223,-3.589921991740223
path,-3.1212254970861157,-3.5882742345897736
path,-3.119222332371375,-3.586543877046282
path,-3.117223133465109,-3.5848184336128726
path,-3.115227807496117,-3.583097864535344
path,-3.1132362016054214,-3.5813820736650683
path,-3.1112440665492045,-3.579667447201063
path,-3.109255529724091,-3.577957578595399
path,-3.107270625840067,-3.576252523685433
path,-3.1052894216666425,-3.57455236658532
path,-3.1032607516024857,-3.5729170435576347
path,-3.1009736748487806,-3.5713139731017174
path,-3.098673455376128,-3.569568309382736
path,-3.0963635125341993,-3.5678109998759675
path,-3.094056883423534,-3.5660411911676446
path,-3.0917763057393,-3.564256773424405
path,-3.0895243455815757,-3.562460943358338
path,-3.0872979607785895,-3.5606502539685176
path,-3.085096928911409,-3.558824582638884
path,-3.0829210334095545,-3.556983794266799
path,-3.080768873707781,-3.555128246953104
path,-3.0786334921839225,-3.553276684011579
path,-3.0764990049226593,-3.5514241351390714
path,-3.0743648717718846,-3.549570130604381
path,-3.0722309107114802,-3.547714510563057
path,-3.070097113331878,-3.5458572684346574
path,-3.067961646737326,-3.543996818396654
path,-3.0658259985313436,-3.5421344366709304
path,-3.0636900963571283,-3.5402700500384636
path,-3.0615537527355934,-3.5384034792392733
path,-3.0594167789281874,-3.5365345392253653
path,-3.0572709576471326,-3.5346561110087595
path,-3.055124136591962,-3.5327749772483075
path,-3.0529761273997984,-3.5308909365295853
path,-3.050826736713489,-3.529003782598406
path,-3.0486757697155604,-3.52711330376794
path,-3.0465173490933113,-3.525214359991397
path,-3.04435696265927,-3.5233116780707396
path,-3.042194417636814,-3.5214050341268495
path,-3.0400295203868892,-3.519494201263626
path,-3.037862227680219,-3.517579087000815
path,-3.0357842174472798,-3.5158181972456775
path,-3.0337412190560222,-3.5140798961408097
path,-3.0317124245652587,-3.512324383005479
path,-3.0296976923648056,-3.510551271843929
path,-3.0276918187377646,-3.5087635720173274
path,-3.025678089677426,-3.506965007779447
path,-3.0236603273681713,-3.5051596265002845
path,-3.021638297063795,-3.5033471318284524
path,-3.0196117568128087,-3.5015272183688
path,-3.017580461343584,-3.499699571753971
path,-3.015541580971059,-3.4978615755497695
path,-3.0134974422206917,-3.4960151976565803
path,-3.0114510406773203,-3.4941598900606747
path,-3.0093968552714294,-3.4922977663818595
path,-3.0073366593273856,-3.4904261723444345
path,-3.005263323782372,-3.4885385702604657
path,-3.0031834753157245,-3.486640817619888
path,-3.001096365897206,-3.484732084521899
path,-2.9990012301765443,-3.482811510144304
path,-2.9968969067619518,-3.4808778358783043
path,-2.9946819596353533,-3.478841823799943
path,-2.9924587373485405,-3.476789915305559
path,-2.990228528470063,-3.474726684296901
path,-2.987956991691936,-3.472674707698746
path,-2.985736013060996,-3.4707806733402062
path,-2.98353827093703,-3.4688821251739688
path,-2.9813516554290023,-3.466948591658312
path,-2.9791849857340402,-3.4649675616757314
path,-2.9770251215004526,-3.462971701425038
path,-2.9748598556449743,-3.4609691441484007
path,-2.9726862930431395,-3.4589570929973283
path,-2.970507055643737,-3.456937825886028
path,-2.9683219172457376,-3.4549109835387686
path,-2.966140024453825,-3.4528851559706797
path,-2.963968029329147,-3.4508669044896685
path,-2.961789010000366,-3.448840390216271
path,-2.9596099395649507,-3.446812105057408
path,-2.957430823167853,-3.4447820500333504
path,-2.9552516566590477,-3.4427502252257587
path,-2.9530724377011435,-3.440716629774124
path,-2.95098309919436,-3.438798349053819
path,-2.948927656410383,-3.4368775505298372
path,-2.9468723660072857,-3.434955039659741
path,-2.944817016412021,-3.4330309519450584
path,-2.942761603985085,-3.4311052857164483
path,-2.9407007381342165,-3.4291729830572235
path,-2.938639800675625,-3.42723909270075
path,-2.9365787923552085,-3.425303614439587
path,-2.9345177101914643,-3.4233665472098274
path,-2.9324565519129755,-3.421427890861007
path,-2.9303894041395133,-3.4194820744668686
path,-2.9283221707279283,-3.417534657909954
path,-2.926254852813931,-3.41558564091312
path,-2.924187448420441,-3.413635023550518
path,-2.9221199545226813,-3.411682804507249
path,-2.920050314600694,-3.4097272900566606
path,-2.9179871434449733,-3.407776852972015
path,-2.915924041052292,-3.405825287190462
path,-2.9138610070143023,-3.403872593814177
path,-2.911798041117476,-3.4019187742904102
path,-2.909790736993036,-3.400022849295177
path,-2.9077896273993615,-3.398125377968901
path,-2.905788580512283,-3.3962268499221517
path,-2.9037875959984656,-3.3943272663485513
path,-2.9017866734429565,-3.3924266283421955
path,-2.8997758539859015,-3.3905154629672336
path,-2.897765089143052,-3.388603232500707
path,-2.895754384977577,-3.386689939861109
path,-2.893743740793708,-3.384775585761381
path,-2.8917331562175232,-3.3828601714432525
path,-2.8897127020578517,-3.3809342243375773
path,-2.887692300455231,-3.3790072067238124
path,-2.8856719572559775,-3.3770791212343654
path,-2.883651671655824,-3.37514996854134
path,-2.8816314432835766,-3.37321975002357
path,-2.8796068599931264,-3.371284244780076
path,-2.8775823298277756,-3.369347670002785
path,-2.8755578544587164,-3.367410026583329
path,-2.873533433346569,-3.3654713158297835
path,-2.8715090641593664,-3.363531537178942
path,-2.869597948424378,-3.361794859083433
path,-2.867757411951951,-3.360082703258609
path,-2.8659428136912446,-3.35835189946312
path,-2.864142448848742,-3.3566210050706946
path,-2.862377227808317,-3.354928947858133
path,-2.8606370109100228,-3.3532626135415096
path,-2.8588813931604644,-3.3515815334837766
path,-2.8571086474311427,-3.3498829230680123
path,-2.855320244764437,-3.348167892347175
path,-2.8535176722957547,-3.3464376191681344
path,-2.851714956695589,-3.3447074276813447
path,-2.849951867569743,-3.3430159723636566
path,-2.8482043397917796,-3.3413409781853445
path,-2.846438380998561,-3.339647387469105
path,-2.844655686963021,-3.3379362477198633
path,-2.842994442772558,-3.3364419385937243
path,-2.8414603367961355,-3.3349906547186774
path,-2.83998510274936,-3.3335734116512072
path,-2.838554473258307,-3.332200694797833
path,-2.837168082236738,-3.330873049264032
path,-2.8357834979085808,-3.32955271415502
path,-2.834380161251185,-3.328213814973284
path,-2.832957026719739,-3.3268550800003553
path,-2.8315139049751137,-3.3254758696323603
path,-2.830050855910407,-3.3240758245061968
path,-2.8285661462690386,-3.3226529381082517
path,-2.8270618795070295,-3.3212088295701117
path,-2.82553828749191,-3.3197433721972813
path,-2.8239951723744197,-3.3182559880803666
path,-2.8224320180850606,-3.3167468679243037
path,-2.820882501064942,-3.3152512738665387
path,-2.819374269582067,-3.3137999520940524
path,-2.8179084756892094,-3.3123911057253768
path,-2.816483099153383,-3.3110226833570304
path,-2.815096126882404,-3.309694423082281
path,-2.8134224523030578,-3.3081475005968137
path,-2.8116787173296016,-3.306493970950596
path,-2.809914609177362,-3.304822150007554
path,-2.808129811514337,-3.303130995138884
path,-2.8063240163006618,-3.3014195045904717
path,-2.8044951496108337,-3.2996850926203076
path,-2.8026446870917714,-3.2979284526265915
path,-2.800772452358916,-3.296148793490836
path,-2.7988783434144135,-3.294345423963331
path,-2.7969623343697703,-3.2925177579293368
path,-2.795022270691673,-3.2906632751435043
path,-2.7930600956626948,-3.2887832092134293
path,-2.791075529372152,-3.2868767298934793
path,-2.789068362252773,-3.2849430886057767
path,-2.787038272330631,-3.282981417262781
path,-2.7849823605674637,-3.2809884727117913
path,-2.7829027457425735,-3.278965611275992
path,-2.7807990015425754,-3.2769118354876046
path,-2.778690749688954,-3.2748607285051223
path,-2.7766223166874484,-3.272848861489254
path,-2.774675164550016,-3.2709650433451194
path,-2.7727879103009596,-3.2691267986477746
path,-2.770942560343998,-3.267330363057724
path,-2.769141940303985,-3.2655755606152295
path,-2.7673809611430467,-3.2638670500034257
path,-2.7656613742646887,-3.262198482469861
path,-2.7639804594530157,-3.2605762019869498
path,-2.7623403553408132,-3.25899895624028
path,-2.7607439817644535,-3.2574664983188075
path,-2.759179851591144,-3.2559784258588067
path,-2.7575884903603294,-3.2544710468186318
path,-2.7559721579655596,-3.2529393652870526
path,-2.7543305434411556,-3.251382243173536
path,-2.752663346449472,-3.2497985956703883
path,-2.7509702730036163,-3.24818737941398
path,-2.7492505551118764,-3.246547152396181
path,-2.747504507715094,-3.2448775081837886
path,-2.745732138293537,-3.2431778192211143
path,-2.7439334194499962,-3.2414474509581757
path,-2.742108324941255,-3.2396857866696274
path,-2.7402562439912077,-3.2378916502964032
path,-2.738377546045945,-3.236064805905466
path,-2.736471865108956,-3.2342042755442186
path,-2.7345388446346104,-3.232309213803993
path,-2.7325781245879464,-3.2303783941218995
path,-2.730589366856808,-3.2284192404839875
path,-2.7286249821762434,-3.226489324395237
path,-2.726699738068779,-3.224601191361805
path,-2.724818287535806,-3.2227541141752427
path,-2.7229591811540703,-3.2208937770451413
path,-2.721162906367537,-3.2190549752759035
path,-2.7194314759586264,-3.217317954731868
path,-2.717767817792426,-3.215689781464313
path,-2.716104157712767,-3.2142304072777583
path,-2.7144063231800364,-3.2129548947791795
path,-2.7126696902337795,-3.211859610416556
path,-2.710897978668452,-3.210943545237469
path,-2.7090938027233182,-3.210196711550774
path,-2.7072611728847162,-3.2096037554536228
path,-2.7054259799292635,-3.209091040074408
path,-2.7035297690769866,-3.2085866947332993
path,-2.7015097226569234,-3.208059457463139
path,-2.6993665747532822,-3.2075099518164105
path,-2.6971223760448173,-3.2069416906634847
path,-2.694789816266585,-3.2063568702534377
path,-2.6923791611391725,-3.205766719611232
path,-2.6899014774930916,-3.2051624445402274
path,-2.6874204529610592,-3.204548817697865
path,-2.6849402743567747,-3.2039263857341402
path,-2.6824608220272594,-3.203295386323775
path,-2.6800379518334996,-3.202671412183298
path,-2.6776156713564583,-3.202039303943352
path,-2.6751938804032154,-3.201399275954395
path,-2.6727725259510984,-3.2007515396713524
path,-2.6703515645424507,-3.2000963009961296
path,-2.668020181277497,-3.1994586157392932
path,-2.665691435557465,-3.198813943104286
path,-2.6633630010914087,-3.198162304913156
path,-2.661034857897455,-3.1975038781025096
path,-2.658706989368557,-3.196838834364592
path,-2.6564566741945925,-3.196188656124577
path,-2.654207876159379,-3.1955322463767226
path,-2.6519593232725307,-3.194869667482557
path,-2.6497110073818138,-3.1942010647719097
path,-2.6474629215618255,-3.193526578811247
path,-2.6452630546862284,-3.1928594856357884
path,-2.6431040300269086,-3.1921902813450393
path,-2.6409509192578997,-3.191505616240559
path,-2.638803792739757,-3.190805437047033
path,-2.636662724363965,-3.190089685979629
path,-2.634585610541537,-3.1893777686583182
path,-2.6325124300075085,-3.188662177624455
path,-2.630441133886772,-3.187943385501199
path,-2.628371834925885,-3.1872212342962523
path,-2.6263043902038117,-3.1864961509703784
path,-2.6239487883717567,-3.1856410860604125
path,-2.6213288638325034,-3.1847010263685958
path,-2.6185294205380214,-3.1837043783937395
path,-2.6157083147556266,-3.1826986705285836
path,-2.612889765037902,-3.181689165520036
path,-2.610025209605361,-3.1808672727367893
path,-2.6071461351555505,-3.180077365234908
path,-2.6042742631920186,-3.1792708645265133
path,-2.601409552678613,-3.1784477626204044
path,-2.5985519786991316,-3.177608049235826
path,-2.595802522247165,-3.176785716906686
path,-2.593052437687462,-3.175982949609123
path,-2.5902952590726738,-3.175184181563973
path,-2.5875253471014497,-3.1743926424100777
path,-2.5847338842134016,-3.173636393581668
path,-2.581988596748945,-3.1729840737526587
path,-2.579252966185335,-3.172287997916389
path,-2.5766357772711115,-3.171242206970902
path,-2.574018052617311,-3.170131622710844
path,-2.5713678287669826,-3.1690847751750875
path,-2.568916084736598,-3.16783926246745
path,-2.5664951309086326,-3.1664958286428195
path,-2.564105441821235,-3.165050883340343
path,-2.5617398844392105,-3.1635263596245733
path,-2.5593949418996993,-3.1619373925607537
path,-2.557141769247467,-3.1603118758447
path,-2.5549039315919693,-3.158651074282531
path,-2.5526782940760486,-3.156971781544439
path,-2.5505190593249925,-3.155206889507062
path,-2.548422883669983,-3.153411745292259
path,-2.546444278243281,-3.151602373564773
path,-2.5445526575725874,-3.149771521341394
path,-2.5427643335337895,-3.1479246367865694
path,-2.541072967985734,-3.146100485394454
path,-2.539426848038811,-3.144362313623122
path,-2.5378154417671497,-3.1426917679273734
path,-2.5362185393795866,-3.1410541914034247
path,-2.534580610200546,-3.1393847840085285
path,-2.5327569146609186,-3.1375711867096974
path,-2.5309752689355762,-3.1356784677800977
path,-2.5292014800095908,-3.133763690461856
path,-2.527340267121733,-3.1318058579211674
path,-2.5253772360396103,-3.129826340346307
path,-2.523349735077643,-3.127870996775423
path,-2.52125895965829,-3.1259403430382817
path,-2.5191043350914466,-3.1240320853852226
path,-2.5168869460053056,-3.1221487523872273
path,-2.514606535787423,-3.1202904434294982
path,-2.512263551984623,-3.1184569562546645
path,-2.509858507196886,-3.1166480247235766
path,-2.507394559136915,-3.1148669682947436
path,-2.504869756606403,-3.113109740907462
path,-2.5022847986034833,-3.111375877463135
path,-2.4996405316174983,-3.1096648822287043
path,-2.496937549578396,-3.1079760425212104
path,-2.4941837795156676,-3.1063185869124013
path,-2.491373330885257,-3.1046819556971443
path,-2.488507084368121,-3.1030653840394984
path,-2.4855876668980565,-3.1014675372877183
path,-2.482614819631958,-3.0998880234432136
path,-2.479604638260268,-3.0983245934463546
path,-2.476594532072035,-3.096757530914262
path,-2.4735881391350985,-3.095185120995325
path,-2.4705856166849527,-3.093607028426715
path,-2.4675871100897684,-3.092022901234872
path,-2.4646784896945966,-3.090458344126069
path,-2.461774958901635,-3.0888866811592717
path,-2.4588759045320456,-3.0873078072028974
path,-2.455981540336996,-3.08572134480928
path,-2.4530920661068487,-3.084126895190151
path,-2.450264083218281,-3.0825408951205437
path,-2.447441450597307,-3.080946037612643
path,-2.4446230430699574,-3.079341685367592
path,-2.441828621953588,-3.0777037203899535
path,-2.439106657134617,-3.0760673488831687
path,-2.43648455530495,-3.0744688786752534
path,-2.43394810351733,-3.0728749300403266
path,-2.431501882938709,-3.07128326189713
path,-2.429150144894158,-3.0696917542190962
path,-2.426896728965504,-3.0680983986794415
path,-2.424540997498219,-3.0663580191616333
path,-2.4221930293331164,-3.0645052157057546
path,-2.4198652683375057,-3.062546351690312
path,-2.4175578755917617,-3.0604834481136742
path,-2.415291101931499,-3.058385490881781
path,-2.413089277517995,-3.0563137661816304
path,-2.410934127908061,-3.0542411406976004
path,-2.4088233378391593,-3.052167244538672
path,-2.406754304946114,-3.050091939980152
path,-2.404724104377163,-3.048015257988561
path,-2.4027372766818824,-3.0459502640201412
path,-2.4007826911964445,-3.04388462592985
path,-2.3988566751528375,-3.0418188625471876
path,-2.3969553457080113,-3.039753661924344
path,-2.3950746432372805,-3.037689882448299
path,-2.3932096616103866,-3.035628090476729
path,-2.391353907670678,-3.0335716868633678
path,-2.3895048233403076,-3.0315207482950144
path,-2.387658892969138,-3.0294762406923073
path,-2.385811591677575,-3.027439761769513
path,-2.3841817606083477,-3.0258205920314256
path,-2.382608418036089,-3.0243328964620777
path,-2.3810254247003235,-3.0228628622001024
path,-2.3794302787974617,-3.021411478310698
path,-2.3778201048134275,-3.0199798906300295
path,-2.376188727629895,-3.0185642764708382
path,-2.3745364509991247,-3.0171709401443834
path,-2.3728603330159683,-3.015801251889402
path,-2.3711574218720086,-3.014456638661932
path,-2.3694247894629625,-3.013138581050128
path,-2.3676617841343433,-3.0118520123435224
path,-2.3658632967598443,-3.0105951154760615
path,-2.364026509253971,-3.0093694892426486
path,-2.3621486439967523,-3.00817675981939
path,-2.3602269856645206,-3.007018580871975
path,-2.3582637019899098,-3.0059037436645117
path,-2.356254453838275,-3.0048257343135627
path,-2.3542223913179456,-3.0037767331475993
path,-2.35217480123873,-3.0027554906496015
path,-2.350103116896366,-3.001765520178016
path,-2.348023004224452,-3.000833578864229
path,-2.345915041821557,-2.99993480488899
path,-2.343776767298889,-2.9990708188761963
path,-2.3413453992383744,-2.998461287589492
path,-2.3387126971509957,-2.997917817578679
path,-2.3360535380510896,-2.997264267187229
path,-2.333363946702549,-2.996522800852988
path,-2.33069362652956,-2.995811442762565
path,-2.328021000879547,-2.9950850485394565
path,-2.3253487090480536,-2.994367425687454
path,-2.3227515089597794,-2.9936476004112276
path,-2.3201538988676753,-2.9929291497705166
path,-2.3175545656638183,-2.99221141832413
path,-2.3149546989043976,-2.9914981984386904
path,-2.3123527572532367,-2.9907838687955532
path,-2.30979013490687,-2.9900696239266016
path,-2.3072260552305246,-2.9893534100663115
path,-2.3046601207033013,-2.9886358525477656
path,-2.3020915133233575,-2.9879144530139192
path,-2.299521608215221,-2.9871931078371294
path,-2.2967344945395434,-2.9864041308286553
path,-2.2938080238323533,-2.985531328703982
path,-2.29075768487972,-2.984603615863613
path,-2.2875851075455036,-2.983667552867008
path,-2.284307104577738,-2.982695035444963
path,-2.2810752928260833,-2.9816863805895566
path,-2.277844653597467,-2.980685188818895
path,-2.274611110065895,-2.979681611703676
path,-2.2713715009482813,-2.978667302589962
path,-2.2681288063804397,-2.9776503050954184
path,-2.2650431076955906,-2.9766435421727198
path,-2.2619649659866488,-2.9756320872008497
path,-2.2589136522063455,-2.9746184958286426
path,-2.256119865128734,-2.973538913144823
path,-2.2534488989392076,-2.9723903767958797
path,-2.2509302818920593,-2.971224272763889
path,-2.2485175085325566,-2.969990530463394
path,-2.246209273516207,-2.9686890957846503
path,-2.244004870723131,-2.967319894217236
path,-2.2419027673585457,-2.965883293342648
path,-2.2398560490184405,-2.964453205404854
path,-2.2377876938805574,-2.9629911666442634
path,-2.2357327190450853,-2.961435499342522
path,-2.233730854349833,-2.9598232040041563
path,-2.231788652457104,-2.958158376923097
path,-2.2299208273666635,-2.95644946370218
path,-2.2280931756749673,-2.9547024250503213
path,-2.226310541929742,-2.9529182330652377
path,-2.224555971287019,-2.9510976447439257
path,-2.2228348006410727,-2.949245725459972
path,-2.2211633799947488,-2.947362284860696
path,-2.2195049540430745,-2.9454748294847475
path,-2.2178448708338245,-2.9435813999259746
path,-2.2161781727828314,-2.9416898588378793
path,-2.2145160278310714,-2.939794813387975
path,-2.2128517149443,-2.9378974720398485
path,-2.2111841916940755,-2.936003117457624
path,-2.2095172722522776,-2.934104351820047
path,-2.207842534474541,-2.9322043016675265
path,-2.206172509072029,-2.9303036116947623
path,-2.2044978639616035,-2.928397956799787
path,-2.202824837230804,-2.9264946373146503
path,-2.2011387761315957,-2.924589561814799
path,-2.199457836104211,-2.9226793211184847
path,-2.1977781490540202,-2.9207710518335905
path,-2.196114150835139,-2.9188815025184307
path,-2.19445093512158,-2.916993415789529
path,-2.1927882435785864,-2.9151065223823185
path,-2.1911258249018957,-2.9132205576343635
path,-2.1894634333432346,-2.9113352643251376
path,-2.187795774767144,-2.909444551285311
path,-2.1861276392608837,-2.907553984372989
path,-2.1844587920076344,-2.9056633166604455
path,-2.18278899765435,-2.9037723019574315
path,-2.1811180256378777,-2.9018806998959574
path,-2.1794405819298626,-2.899982436341082
path,-2.177761492028459,-2.898083100499611
path,-2.1760805383824633,-2.896182464913957
path,-2.17439750580758,-2.894280306540047
path,-2.1727121835610594,-2.8923764065011572
path,-2.171015428106943,-2.8904602832300297
path,-2.169316013336628,-2.888542042031166
path,-2.16761382922065,-2.88662156888213
path,-2.1659086789389286,-2.884698660582917
path,-2.1642003716614746,-2.8827731195454076
path,-2.162405057742101,-2.880761265536322
path,-2.160606067124141,-2.8787290110964765
path,-2.1588387200096766,-2.8767352037231393
path,-2.1570786995513718,-2.8747652695252617
path,-2.1553124018062233,-2.872796966557539
path,-2.1535301959181665,-2.870819802611472
path,-2.1517393833027287,-2.868842158619976
path,-2.1499399140500115,-2.8668642664104476
path,-2.148131967759138,-2.8648864999308294
path,-2.1463154660352384,-2.862909064812363
path,-2.1444767011295434,-2.8609171361698436
path,-2.1426293364457436,-2.858925756663582
path,-2.140773503870974,-2.856934999583757
path,-2.1389092294523824,-2.8549450388574673
path,-2.137035779212917,-2.852956605135375
path,-2.135143654663909,-2.8509603580481473
path,-2.133242177822396,-2.8489687751270116
path,-2.131331617883514,-2.8469828881263792
path,-2.1294118425496715,-2.845002820593139
path,-2.127482722639351,-2.8430286954841115
path,-2.125150479470588,-2.840745885187018
path,-2.122590512409442,-2.838055348837168
path,-2.1199824008744566,-2.8352886723651434
path,-2.1172868401224885,-2.832547949292538
path,-2.1145128528510537,-2.829839803035319
path,-2.1116239128041654,-2.827199823396642
path,-2.10866777704186,-2.824622406799264
path,-2.1056702962986082,-2.822087574410632
path,-2.102672778378478,-2.819556554044249
path,-2.0996752469048405,-2.8170280356721547
path,-2.0966675465111506,-2.8144962118209675
path,-2.0936604823475973,-2.8119638350271288
path,-2.0906541092973803,-2.809432987419929
path,-2.0876452884698313,-2.8069100668310805
path,-2.084635877324473,-2.804389923303457
path,-2.081678534204048,-2.8019049771595625
path,-2.078720683340032,-2.7994225068631544
path,-2.075762061380015,-2.796944850158129
path,-2.0728014716443974,-2.794474750457347
path,-2.0698407273679544,-2.792005742411421
path,-2.067489410715117,-2.789966669718772
path,-2.065532343814147,-2.7882063180319867
path,-2.0635687203085857,-2.7864941659171323
path,-2.0615986631160634,-2.784829909682703
path,-2.0596223629970787,-2.783212817212759
path,-2.0576544740039853,-2.781651692743294
path,-2.0556807766642384,-2.7801356536831596
path,-2.053654207742718,-2.778742036668251
path,-2.051600344805083,-2.7773853040070113
path,-2.049566548376322,-2.7759713817393523
path,-2.0475617421438463,-2.774504779288468
path,-2.045576097239878,-2.772982908194909
path,-2.043609486733382,-2.7714060684059794
path,-2.0416519899751213,-2.7698025906302277
path,-2.039695469867842,-2.7681975039651983
path,-2.037755909132737,-2.7666014259285556
path,-2.0358120733094944,-2.765015776525139
path,-2.0338699807154668,-2.763426753828695
path,-2.0319260256913996,-2.761844038821016
path,-2.0299824377192506,-2.760260043665393
path,-2.027616244561133,-2.758582904946754
path,-2.0248597409845033,-2.756704837675879
path,-2.0220588786022984,-2.7547553728334067
path,-2.019276401192875,-2.752752879358352
path,-2.016511235111721,-2.750699609659814
path,-2.0137901852614006,-2.748597938385312
path,-2.0110874493921016,-2.7464436929968326
path,-2.0083963648038448,-2.7442562658777825
path,-2.0057028643608366,-2.7420762532100884
path,-2.003010953083051,-2.7398947785850574
path,-2.000384249942905,-2.73776916006584
path,-1.9977613742668252,-2.735651379535705
path,-1.9951381274003708,-2.7335356512328084
path,-1.9925143276061061,-2.7314225378729446
path,-1.9898878274209681,-2.729315789136411
path,-1.9872831644514786,-2.7272261759283154
path,-1.9846793888922685,-2.7251351103013137
path,-1.9820730383741214,-2.723052518696854
path,-1.979466778919849,-2.7209697940888398
path,-1.9768610858429463,-2.7188870699705534
path,-1.9747573675284205,-2.717183983359678
path,-1.9728661446149058,-2.7156146145925186
path,-1.9709667018713102,-2.714099525832821
path,-1.9690594152116274,-2.712636779704708
path,-1.967114045468694,-2.7112727242012196
path,-1.9651635203214817,-2.709920594858371
path,-1.9632298265937678,-2.708519555696027
path,-1.9613121145370727,-2.7070713861942868
path,-1.9594110194297767,-2.7055757307613155
path,-1.957511229012721,-2.704077286914058
path,-1.9556172314384521,-2.702584065870108
path,-1.9537194070133759,-2.7011014458791376
path,-1.9518222115896267,-2.6996183601987576
path,-1.9499285643944384,-2.6981262358264493
path,-1.9480299782140982,-2.696646587318089
path,-1.946141394399405,-2.6951749869164336
path,-1.9442540118780374,-2.693701048031162
path,-1.942364783742057,-2.692232735858028
path,-1.9404756011397928,-2.690764093385945
path,-1.9385887609701802,-2.689291512003924
path,-1.9362906485456548,-2.687717255970595
path,-1.9336694557669305,-2.6859681322597995
path,-1.9310355974350293,-2.6841673713674394
path,-1.9284191094057075,-2.682317383156136
path,-1.9258188319959733,-2.6804206452026578
path,-1.9232682095807137,-2.6784897027919796
path,-1.920732875415227,-2.676516721638962
path,-1.918197578746595,-2.674544899589463
path,-1.9156609861746448,-2.672576551126769
path,-1.9131212046752906,-2.670617986858972
path,-1.9106096010764821,-2.6686717510422002
path,-1.9080965650124058,-2.6667312558855434
path,-1.905581083497245,-2.6647975700654905
path,-1.9030639932709918,-2.6628563136297516
path,-1.9005591417229162,-2.6608784334242204
path,-1.8980827395190838,-2.6589201286835276
path,-1.8956064006198015,-2.656966409524473
path,-1.8931285055688627,-2.655016689370293
path,-1.8906496465902438,-2.653069478419304
path,-1.8881709130024331,-2.65112401787235
path,-1.8857391220559523,-2.6492158842382123
path,-1.8833060170469118,-2.647313783043736
path,-1.880871358689488,-2.6454148714123993
path,-1.8784362356069553,-2.643519280308367
path,-1.8760016379413194,-2.6416221256198327
path,-1.873585255212998,-2.63974732087472
path,-1.871168321028743,-2.637874819622023
path,-1.8687512650597473,-2.6360028285950823
path,-1.8663334561081604,-2.634134878083847
path,-1.863913245982532,-2.632267210023259
path,-1.8615318307184483,-2.6304322565445064
path,-1.859150794464853,-2.628604386279564
path,-1.85677330528954,-2.626776192095653
path,-1.8543979724143178,-2.6249531684278646
path,-1.8520266953225686,-2.623132346224798
path,-1.8496792111813858,-2.621317451752197
path,-1.8473444752134416,-2.619502672040141
path,-1.845019124319364,-2.6176811830250717
path,-1.8427202850419637,-2.6158445507044283
path,-1.8404600605899701,-2.6139825826162615
path,-1.8382553900760392,-2.612102227899299
path,-1.836122493178332,-2.610168744215009
path,-1.8340544320782395,-2.608148939308516
path,-1.8320486800717233,-2.606048874203145
path,-1.8300224095267221,-2.6039414673688888
path,-1.8278832764712563,-2.601749126401008
path,-1.8257228537586707,-2.5995601177824756
path,-1.8235562373966239,-2.597383247333818
path,-1.8213821419252934,-2.595201233257824
path,-1.8192081486133376,-2.593019960244772
path,-1.8170236408324554,-2.5908307065699527
path,-1.8148290438132948,-2.5886335739022157
path,-1.8126352736219344,-2.5864376743007322
path,-1.810443894250812,-2.5842463367630204
path,-1.8082545563372565,-2.582059133932496
path,-1.8060410126375925,-2.579850500492008
path,-1.8038227764185415,-2.5776403024747387
path,-1.8015966789846083,-2.575421095219885
path,-1.7993715251404703,-2.5732048083188186
path,-1.7971466699274397,-2.5709907022164247
path,-1.7948998819486404,-2.5687628582331294
path,-1.79266226040474,-2.566532098485854
path,-1.7904277690828192,-2.5643057111665972
path,-1.788193017744612,-2.5620822562427525
path,-1.785948065089172,-2.559845682369671
path,-1.783694383675283,-2.5576022087148753
path,-1.7814440536580611,-2.555363407411339
path,-1.7791968104131148,-2.5531289412309457
path,-1.7769496411853627,-2.5508973830062196
path,-1.7746929505548668,-2.548653734777458
path,-1.7724176673739938,-2.5463937272020347
path,-1.7701454963947971,-2.5441380866776777
path,-1.7678689281653532,-2.541879537779688
path,-1.7655900642666584,-2.539617846569408
path,-1.7633147170211871,-2.5373610303943797
path,-1.7610356487702914,-2.535102093812512
path,-1.7587526148185255,-2.5328407118587677
path,-1.7564604243352084,-2.5305710965376598
path,-1.754169859460659,-2.5283026106201336
path,-1.7518826486885217,-2.526038797445541
path,-1.7495806386333956,-2.5237622671979127
path,-1.7472644053765911,-2.5214727739187857
path,-1.7449517625171227,-2.5191855655727973
path,-1.7426425015750968,-2.5169031140614404
path,-1.7403365876609802,-2.514625350009245
path,-1.7384720354563155,-2.5127570089249356
path,-1.736810308626772,-2.5111013404804803
path,-1.7351539207071207,-2.5094540365693145
path,-1.733502151524847,-2.5078131447126872
path,-1.7318549298227832,-2.5061785825919465
path,-1.7302044153681433,-2.5045429541435826
path,-1.728558157943102,-2.5029133106647476
path,-1.7269160238472212,-2.5012894936959023
path,-1.7252779083428338,-2.4996713792881997
path,-1.723643012603263,-2.4980580267911434
path,-1.722007098683703,-2.4964460140486837
path,-1.7203769381951326,-2.494841730799078
path,-1.7187523813449976,-2.493244980039671
path,-1.7171333616812843,-2.4916556632239604
path,-1.7155196383105165,-2.49007347403088
path,-1.7139001496899224,-2.4884881349482204
path,-1.7122851292760717,-2.486908880498571
path,-1.7106745585309675,-2.4853356653788317
path,-1.7090682577827108,-2.4837682531938596
path,-1.7074662270371712,-2.4822066213931495
path,-1.7058621385774324,-2.480644872446191
path,-1.7042620210982262,-2.4790884882999986
path,-1.7026658235783823,-2.477537381425425
path,-1.701073071832273,-2.475990958096969
path,-1.699483557652962,-2.4744489460713637
path,-1.6975406389462588,-2.472639175163858
path,-1.6955331489788397,-2.47071863408547
path,-1.6935262493887848,-2.4687975992163276
path,-1.6915199558579996,-2.4668760689771614
path,-1.6895143356957871,-2.464954104750249
path,-1.6875006447888516,-2.4630236491790813
path,-1.685487631352126,-2.4610926859760918
path,-1.6834752888549205,-2.4591611856466984
path,-1.6813988854256516,-2.457247762538549
path,-1.6791502015969537,-2.4551851447599593
path,-1.6769740228143801,-2.4530590451115217
path,-1.674802883968978,-2.45094005848748
path,-1.6726363214178173,-2.448827586669114
path,-1.6704742555335563,-2.446721501278791
path,-1.6683033626042534,-2.444608695960515
path,-1.6661210451897541,-2.44248217805365
path,-1.6639439535763223,-2.440363159606185
path,-1.6617718077991857,-2.4382512657603095
path,-1.659604546988439,-2.436146390008842
path,-1.6574417632547882,-2.4340479985119727
path,-1.65527060563212,-2.4319443218769696
path,-1.6531034486790528,-2.4298464507683066
path,-1.6509376247940624,-2.427752543717611
path,-1.6487580204414891,-2.425642334888659
path,-1.6464549313785526,-2.423345998088255
path,-1.644598250590864,-2.4213310175055702
path,-1.6429278199078825,-2.419498474565767
path,-1.64134920994218,-2.4178046104597084
path,-1.6397877362519653,-2.4162312189970327
path,-1.638237786223911,-2.4146401732659046
path,-1.6366797575097203,-2.4130425572180356
path,-1.6351207783813329,-2.4114472566140557
path,-1.633563415305498,-2.409850887977177
path,-1.6320032364491186,-2.4082595383915444
path,-1.6304422238724947,-2.406671157858539
path,-1.6288827488468682,-2.4050637801403845
path,-1.6273132423289933,-2.40346228874876
path,-1.6257485428311913,-2.401852132426515
path,-1.6241767637069942,-2.4002523620940224
path,-1.622611263699606,-2.3986438661589062
path,-1.621038146703267,-2.3970377907472042
path,-1.6194708618552556,-2.395424070790227
path,-1.6178966104164518,-2.393820286412605
path,-1.616327767890409,-2.3922090155191635
path,-1.6147546824821781,-2.3906039270291424
path,-1.612824034685297,-2.388857080384953
path,-1.6107264374826524,-2.3868066911531423
path,-1.6085413815215865,-2.384573700696195
path,-1.6063578350858378,-2.3823353386483896
path,-1.6041745409513373,-2.3800967708784517
path,-1.601967329716179,-2.3778455347972143
path,-1.599761092272673,-2.375593556448875
path,-1.5975588267138336,-2.3733363968658505
path,-1.595356624085986,-2.3710793133359664
path,-1.5931497571127755,-2.3688292362118015
path,-1.5909329352762998,-2.366555318428065
path,-1.5887141514002292,-2.364284579281696
path,-1.5864957357281513,-2.3620137360925395
path,-1.5842817554083475,-2.35975828488399
path,-1.5821035129888013,-2.3575792047261213
path,-1.579962478873653,-2.355487527658537
path,-1.5778620004379003,-2.3534921241878908
path,-1.5758056541427707,-2.3515718772048513
path,-1.5737944574160192,-2.349746267418667
path,-1.5718316572207336,-2.348002817062024
path,-1.5699057854391896,-2.3463530285548804
path,-1.568027202884994,-2.344785727594326
path,-1.566188452436839,-2.343310433376885
path,-1.5643763715425403,-2.34187733295345
path,-1.5625661865019416,-2.3404501472249932
path,-1.5607739435206616,-2.3390362861846445
path,-1.5589884905062552,-2.337625600455417
path,-1.5572054044211439,-2.3362096929023126
path,-1.5554136397348601,-2.334795971559449
path,-1.5536253683782493,-2.3333843911701937
path,-1.5518069113798902,-2.331975084647337
path,-1.54997200064779,-2.33058063844797
path,-1.5481340127397007,-2.329191918724039
path,-1.546280217508015,-2.3278102218042966
path,-1.544406541903301,-2.3264390891635096
path,-1.542516840192154,-2.325071736482243
path,-1.5406048583244607,-2.323712432895688
path,-1.5386948618665646,-2.3223658184968343
path,-1.5367590465864676,-2.3210238255935978
path,-1.5348044023785463,-2.3196955688384717
path,-1.5328411415195209,-2.318367361405199
path,-1.530863660010169,-2.317051379015663
path,-1.5288747186388636,-2.3157435486280007
path,-1.5268628154581816,-2.314449452479102
path,-1.5248429117617934,-2.3131575374669056
path,-1.5228267656282635,-2.3118822397278627
path,-1.5208022855031047,-2.310614812605367
path,-1.518777432160365,-2.3093460885271706
path,-1.5167549512250054,-2.308073446680483
path,-1.5147272560685794,-2.306801752397358
path,-1.5127168712794485,-2.305525620408816
path,-1.5106931108399557,-2.3042523921322986
path,-1.5086753952918872,-2.3029797293491514
path,-1.5066576583815061,-2.3017049251200334
path,-1.5046436190869077,-2.3004229928938797
path,-1.5026280869890525,-2.2991471891614106
path,-1.5006208994378505,-2.297876269432926
path,-1.4986105651885024,-2.296595295990658
path,-1.4966068912621404,-2.2953120647336047
path,-1.4945947227361767,-2.2940321817016818
path,-1.4926009549690216,-2.292748120734535
path,-1.4905912191140778,-2.2914730634921456
path,-1.4885987781783565,-2.2901861657098705
path,-1.4865889983934073,-2.2889069842243623
path,-1.4845893066160338,-2.287627592656793
path,-1.48260009823252,-2.2863484061144455
path,-1.4806098704074582,-2.285064616000588
path,-1.478618916852733,-2.2837838968038793
path,-1.4766347086706981,-2.28250301272406
path,-1.4746430727156223,-2.2812151326177137
path,-1.472786284925284,-2.2799762694514167
path,-1.4709692615054824,-2.2787876516909993
path,-1.469144042049829,-2.277607140557905
path,-1.4673189131192503,-2.276426699326147
path,-1.4655009486481558,-2.2752354697962445
path,-1.4636855487286253,-2.2740556166270145
path,-1.4618766902719242,-2.2728724380437857
path,-1.4600631471635883,-2.2716860560402092
path,-1.4582454921135388,-2.270495514166813
path,-1.4564394727245755,-2.26930911553987
path,-1.4546373816396152,-2.268126662228471
path,-1.4528406505688656,-2.266945573833466
path,-1.4510429267140086,-2.265760269155427
path,-1.4492424258031729,-2.2645798022983414
path,-1.447444113905816,-2.263392876641164
path,-1.4456537849244169,-2.262210696636522
path,-1.4438669892740545,-2.2610261808829555
path,-1.4420753384356095,-2.2598398255069005
path,-1.4402782227968236,-2.2586546332159103
path,-1.4384799163229658,-2.257472530061074
path,-1.4362463282037918,-2.256109782931708
path,-1.4338996647596123,-2.2545666412836987
path,-1.4315681987464965,-2.2530111966238495
path,-1.4292353938133753,-2.251453113571163
path,-1.4269069188302614,-2.2498890319463363
path,-1.4246138417958998,-2.2483425995458415
path,-1.422322253697491,-2.2467981266312145
path,-1.4200234034234815,-2.2452522372437302
path,-1.4177355739265651,-2.243705088769943
path,-1.4154388107711924,-2.24215632188648
path,-1.4131775337144854,-2.240621401113382
path,-1.4109094210313335,-2.2390857935504918
path,-1.408644235210869,-2.237550217691594
path,-1.4063832742435598,-2.236011926009339
path,-1.4041261794880342,-2.2344666091030176
path,-1.401871779954004,-2.2329368111930497
path,-1.3996219134078078,-2.2314179537489407
path,-1.3973882830381799,-2.2298795321396647
path,-1.3951415148591402,-2.228342710978434
path,-1.3928962013484438,-2.2268112667834448
path,-1.39068046508444,-2.2252777364010057
path,-1.3884475801801133,-2.2237586209776308
path,-1.386224803411692,-2.2222355635486024
path,-1.3840061260052352,-2.220697559468699
path,-1.3817868248253502,-2.219163078383501
path,-1.379890238088992,-2.217667789776798
path,-1.3781639478727121,-2.2162439901229845
path,-1.3764891013787586,-2.2148989179068725
path,-1.3748661169531429,-2.2136340785631394
path,-1.3732781209400255,-2.2125180445496224
path,-1.3717342515480861,-2.2114418362911947
path,-1.370177527665663,-2.2103611155234377
path,-1.3686239796300381,-2.2092819514313
path,-1.3670709833283787,-2.208203342480389
path,-1.3655201066262783,-2.207121236939712
path,-1.363975339377437,-2.2060389013458597
path,-1.3624279687735188,-2.204956784151278
path,-1.360872172394411,-2.2038765072999857
path,-1.3593227526550204,-2.202803401457513
path,-1.3577748769968905,-2.201720692665944
path,-1.356233832431668,-2.200636775025081
path,-1.3546900056379159,-2.19955204518054
path,-1.3531507298172203,-2.198467622446891
path,-1.3516101389977149,-2.1973813592812457
path,-1.3500694339358326,-2.1962955186587165
path,-1.3485292267769315,-2.195213735172616
path,-1.3469908805518265,-2.1941287317067086
path,-1.3454519830173461,-2.1930450962782144
path,-1.3439166746359554,-2.1919606233434537
path,-1.3423775303001624,-2.190870929722942
path,-1.3408828056001039,-2.1898112045512823
path,-1.339385667366985,-2.18874830217393
path,-1.3378918758925038,-2.1876863670645936
path,-1.3363959154964637,-2.1866224837155124
path,-1.3348972177863334,-2.185558432885232
path,-1.3334043508592741,-2.1844971661613815
path,-1.3319106791963458,-2.1834365944419254
path,-1.3304235528853072,-2.18236974676533
path,-1.3289324569927603,-2.1813049646295735
path,-1.327447706279699,-2.180235410485712
path,-1.3259529153585132,-2.1791723278065738
path,-1.324463139561251,-2.178113320950611
path,-1.3229789656995445,-2.1770467232317174
path,-1.3214888762878698,-2.1759788117452
path,-1.3200016257004796,-2.1749130657704603
path,-1.3185178470877692,-2.173846186894881
path,-1.3170300876502972,-2.172779892824798
path,-1.3155444234219809,-2.1717210610119784
path,-1.3140615149192718,-2.170647455511547
path,-1.3125756574534797,-2.1695822804298532
path,-1.3107041898177063,-2.168335523829993
path,-1.3087137246221623,-2.1668872078992916
path,-1.3067065665789912,-2.165440452770101
path,-1.304717719050943,-2.1639920653338844
path,-1.302720557189658,-2.162539228846369
path,-1.3007339250774028,-2.161093453535862
path,-1.298751188488232,-2.1596462999410706
path,-1.296765265767112,-2.1581933721241526
path,-1.294779463384302,-2.1567458362024463
path,-1.2927953726816384,-2.155296874612065
path,-1.2908306574515114,-2.1538507728545917
path,-1.2888661812291407,-2.1524040177726196
path,-1.2868726846199026,-2.1509590446351905
path,-1.2848969092201696,-2.1495191502207978
path,-1.2829112006465064,-2.148108926776702
path,-1.2809164182259003,-2.146696049197929
path,-1.278903143526892,-2.145301546642709
path,-1.2768917940334255,-2.1439102072981138
path,-1.2748643149241663,-2.142523519229482
path,-1.2728298396763995,-2.1411449628400336
path,-1.270937669523717,-2.13990923572249
path,-1.2692956339017205,-2.138719003718936
path,-1.2677677403227992,-2.13761163549037
path,-1.2662834036279462,-2.1366295205266823
path,-1.2648268371639357,-2.135672761124993
path,-1.2633542027550384,-2.1347234003015663
path,-1.2618934727994984,-2.1337713621148917
path,-1.2604240677254173,-2.1328158748665738
path,-1.2589713067295152,-2.131861408601113
path,-1.2575047759789468,-2.130903473520855
path,-1.2560517945983836,-2.129951377759616
path,-1.2545902241088946,-2.1289954723003843
path,-1.2531458245252811,-2.1280380016396774
path,-1.2516809703978784,-2.1270847093117267
path,-1.2502263803552323,-2.126123086878428
path,-1.248769226295699,-2.1251771038530594
path,-1.2473278644973673,-2.124223326963902
path,-1.2458841056690433,-2.12326803510523
path,-1.2444272091922122,-2.1223130188965955
path,-1.2429883106143726,-2.1213576526848734
path,-1.2415409238014614,-2.120401921870819
path,-1.240107152061163,-2.1194497895843822
path,-1.2386593397834507,-2.1184926999342077
path,-1.237232903794783,-2.11753565769575
path,-1.2357795736392134,-2.1165835728698856
path,-1.2339733818521263,-2.1154874319314656
path,-1.2320859734324185,-2.114236815814252
path,-1.2301970020580275,-2.1129824124828067
path,-1.2283374795031143,-2.111726515323586
path,-1.2264482564139723,-2.1104729072064567
path,-1.22457132565487,-2.1092230350885623
path,-1.2227193665310527,-2.1079664047572972
path,-1.2208436775496858,-2.1067138227493003
path,-1.2189684974081478,-2.1054608630850566
path,-1.2171153745244194,-2.1041986624321347
path,-1.2152739818893297,-2.1029521710455357
path,-1.2134208807774987,-2.1017001337883237
path,-1.2115846003645363,-2.1004512583623454
path,-1.2097384890478728,-2.0991953854995646
path,-1.2078895010431083,-2.097946983886654
path,-1.2060666351485279,-2.096697257654875
path,-1.2042310149671445,-2.0954500584262505
path,-1.202402344305239,-2.0941979562890136
path,-1.200571406996816,-2.0929466757015636
path,-1.1987442714013998,-2.091690101372391
path,-1.196976466314441,-2.0904829956158673
path,-1.1952367989082457,-2.0892780454998947
path,-1.1934857203086628,-2.0880781326415696
path,-1.1917250443419134,-2.0868739887636436
path,-1.1899842759874304,-2.085670325440095
path,-1.188239349262405,-2.084471406350779
path,-1.1864893960172778,-2.083272983966318
path,-1.1847662084187818,-2.0820693092360583
path,-1.1830270652219568,-2.0808678588607465
path,-1.1812766960597691,-2.0796620155790406
path,-1.1795523286660048,-2.078468998698544
path,-1.1778231445025182,-2.077268322329575
path,-1.1760886264475783,-2.076073858385611
path,-1.1743739787263576,-2.0748687877064755
path,-1.17264604697539,-2.0736682448267785
path,-1.1709473949068583,-2.072469278658253
path,-1.169231789168881,-2.0712741883093573
path,-1.1675354049814368,-2.070073505925018
path,-1.1658099748409014,-2.0688775672438315
path,-1.1641108016253896,-2.067679113707973
path,-1.1624113112080092,-2.066481370334125
path,-1.16070711060021,-2.065288498985988
path,-1.15901976974668,-2.0640883159008014
path,-1.1573198954128687,-2.0628897717309918
path,-1.1556020271649845,-2.0616933188245175
path,-1.1539224615784538,-2.060492730263201
path,-1.1522491685039449,-2.0592957845112134
path,-1.1505815012734841,-2.05810262451702
path,-1.1489193874664452,-2.056913226577911
path,-1.1472368095521455,-2.055721467997214
path,-1.1455611161433832,-2.054522469435655
path,-1.143896746233377,-2.053324268412243
path,-1.142237957210708,-2.052129814709736
path,-1.1405847138643415,-2.0509391198365705
path,-1.1388647261709688,-2.049752156202438
path,-1.1370925961526492,-2.0485439414636493
path,-1.135390387089126,-2.0473138073158426
path,-1.1336882398782844,-2.0460830898811935
path,-1.1319842167208478,-2.0448539159336105
path,-1.1302816950122545,-2.043623063628265
path,-1.128591923486003,-2.0424010696475343
path,-1.1269037705090676,-2.04117750641255
path,-1.1252162696750565,-2.039952483877065
path,-1.1235292961590153,-2.038726248593124
path,-1.1218424271060032,-2.037499357647782
path,-1.1200593250336308,-2.0361990794978535
path,-1.1182760167657226,-2.034896430819962
path,-1.1164921990855887,-2.0335926544809775
path,-1.1147082103962118,-2.0322888437455098
path,-1.1129266192864389,-2.030981439075875
path,-1.1111578628629752,-2.0296795261332683
path,-1.1093872995213756,-2.0283770556043215
path,-1.1076176500627264,-2.027073215008852
path,-1.105848249489231,-2.0257680105813685
path,-1.1040763462710395,-2.024461789485552
path,-1.1023172269594987,-2.0231567065798153
path,-1.100556633437508,-2.0218507536419223
path,-1.0987957185644919,-2.0205441507006263
path,-1.097032281488313,-2.019236913011852
path,-1.0952739655795884,-2.017926725856553
path,-1.093524626279816,-2.0166233829027593
path,-1.091774407568589,-2.0153170105726335
path,-1.0900259028473689,-2.0140087474903656
path,-1.0882791195939867,-2.012698338012777
path,-1.0865311596428633,-2.011387665949814
path,-1.0848858334202118,-2.0101712298627072
path,-1.0833515629510133,-2.009004208878929
path,-1.081768359725686,-2.0078454016627774
path,-1.080213231594963,-2.0066731227609687
path,-1.0786547632117383,-2.0055008319128733
path,-1.0771048101774026,-2.0043308894386547
path,-1.0755560054007436,-2.0031599119634986
path,-1.0740116188236133,-2.001987654575681
path,-1.0724619495424679,-2.0008144803654573
path,-1.0709120985651879,-1.9996401240610961
path,-1.069367038250082,-1.9984724853524318
path,-1.0678253421721209,-1.9973031337102363
path,-1.066283295135578,-1.996133329711933
path,-1.064742212198054,-1.994962583049301
path,-1.0632003335635365,-1.9937913094466335
path,-1.0616728905920563,-1.9926197897207822
path,-1.0603078286009517,-1.9912956930007182
path,-1.0589866485436286,-1.9899690192835295
path,-1.0576843486669396,-1.9886558556336706
path,-1.0563807242170156,-1.9873605566582213
path,-1.0550491280436687,-1.9860533276888126
path,-1.0537302058351232,-1.9847380825977345
path,-1.0524172340195996,-1.9834243242153011
path,-1.051106611208785,-1.9821049017483592
path,-1.0497982904009946,-1.9807848485116082
path,-1.0484878486950249,-1.9794649258144854
path,-1.0471784402071866,-1.9781453382662868
path,-1.0458671109927582,-1.9768250162170675
path,-1.0445604494534049,-1.9755041518236198
path,-1.0432466543098438,-1.9741816392533145
path,-1.0419285334370596,-1.972859772681487
path,-1.0406217567186264,-1.971536645246026
path,-1.0393150733993766,-1.9702093715497788
path,-1.0380059712673162,-1.9688816783832905
path,-1.0366981918350544,-1.967554864217208
path,-1.035387203074527,-1.9662233162140894
path,-1.0340716116288464,-1.9648938442343307
path,-1.032761058825299,-1.9635646180090582
path,-1.0314560478732104,-1.962229373837156
path,-1.030147154269938,-1.9608965756675298
path,-1.028849459022345,-1.9595682925017501
path,-1.0275450839173141,-1.9582375729903518
path,-1.026243837053422,-1.9569093926712295
path,-1.0249454236825883,-1.9555769109278867
path,-1.0236413324389755,-1.954245225483005
path,-1.0220269640079689,-1.952777018025192
path,-1.0204397399878198,-1.9511984142412588
path,-1.018894961374971,-1.9496096377250738
path,-1.0173411822945346,-1.9480116232745919
path,-1.015787040880591,-1.946418124818362
path,-1.0142208840435278,-1.9448248095150809
path,-1.012646169776901,-1.9432266147508876
path,-1.0110859447220042,-1.9416164546352117
path,-1.0095154289270825,-1.9400117212487162
path,-1.007952497237855,-1.9384021768012485
path,-1.006382187746189,-1.9367966294041292
path,-1.004817587995991,-1.9351892781273448
path,-1.0032602821284304,-1.933575455975082
path,-1.0016951542792767,-1.931966236305564
path,-1.000140624536624,-1.9303511937702578
path,-0.9985737659287597,-1.9287401369341648
path,-0.9970137968609792,-1.9271263283503834
path,-0.9954527770982179,-1.9255097016893374
path,-0.9938932887592498,-1.9238939202058845
path,-0.9923431555093294,-1.922271038210697
path,-0.9909832718417059,-1.9207794774309217
path,-0.9897292216109332,-1.9194289796593786
path,-0.9884454955869252,-1.9181462184970846
path,-0.9871877139172222,-1.91683451737018
path,-0.9859210255838231,-1.9155244065150432
path,-0.9846585117006984,-1.9142111208555317
path,-0.9833937354161535,-1.912896071697229
path,-0.9821316488206828,-1.9115813701506803
path,-0.9808781645732784,-1.910260459741572
path,-0.9796128045300689,-1.908946180085684
path,-0.9783568278751676,-1.9076241112420982
path,-0.9770974661507262,-1.9063020228963807
path,-0.9758405334888919,-1.9049791943058496
path,-0.9745771072973507,-1.9036562368758938
path,-0.9733157993431308,-1.902334815763141
path,-0.972060349256113,-1.901006036407448
path,-0.9708010740523545,-1.8996802189976671
path,-0.9695449720682439,-1.8983504164969145
path,-0.9682858132667752,-1.8970231841113394
path,-0.9670327759747841,-1.8956908126195577
path,-0.9657747653771713,-1.8943601695118752
path,-0.9645075909609847,-1.8930316819098012
path,-0.9632501690044837,-1.891700439401693
path,-0.9619962620644935,-1.8903641753132823
path,-0.9607421404754211,-1.889029224472752
path,-0.9595345628763352,-1.8877467413199533
path,-0.9583233345276497,-1.8864689965330572
path,-0.9571080366038888,-1.885192070842707
path,-0.9559018899551567,-1.883908097295247
path,-0.9546930076141981,-1.8826277691510198
path,-0.9534894353430133,-1.8813408138162884
path,-0.9522896605746405,-1.8800537221346447
path,-0.9510826772375002,-1.8787671849292558
path,-0.9498843231853119,-1.8774768662800365
path,-0.9486774377878047,-1.876191430357566
path,-0.9474721004531751,-1.874901505862384
path,-0.9462728250324532,-1.8736102362324532
path,-0.9450692133028655,-1.8723179236906509
path,-0.9438644472664769,-1.8710288283470025
path,-0.9426670836060393,-1.8697338061001274
path,-0.9414678922041183,-1.8684368179219601
path,-0.9402721534263131,-1.8671376758670766
path,-0.9390766438651451,-1.865837846805972
path,-0.9378813555803317,-1.8645370238705667
path,-0.9366867604030448,-1.8632356720596064
path,-0.9351135275210433,-1.8618264375624303
path,-0.9333763092015172,-1.8602345352170089
path,-0.9316835677766018,-1.858603778670632
path,-0.9300538709868122,-1.8569341758414306
path,-0.928466955459581,-1.8552370856654437
path,-0.9269129219867349,-1.853528347832269
path,-0.9253583145946137,-1.8518186683661864
path,-0.923805671828487,-1.8501074895363183
path,-0.922252661142239,-1.8483951935746519
path,-0.920700830465719,-1.846681493400741
path,-0.9191527421006614,-1.844970067164678
path,-0.9176052939507219,-1.8432574907577566
path,-0.9160583317588189,-1.8415440467224753
path,-0.9145124346697655,-1.8398290537768434
path,-0.9129697104734229,-1.8381117213926559
path,-0.9114255803372678,-1.8363949089881488
path,-0.9098825825263411,-1.834677331323306
path,-0.9083380185954182,-1.8329593947535976
path,-0.9067974136632695,-1.8312387691729533
path,-0.905254218061001,-1.8295184560515452
path,-0.9039213446005846,-1.8279729553727746
path,-0.9027442792932211,-1.8265829557479694
path,-0.9016196082879219,-1.8253107578757883
path,-0.9005132036186788,-1.8240616354381052
path,-0.8992977775825389,-1.8228637324963801
path,-0.8981024860687012,-1.8216245133170028
path,-0.8969372921958108,-1.8203640615730747
path,-0.8957683170652719,-1.819105222006079
path,-0.8945942912592716,-1.817848391785272
path,-0.8934125984621339,-1.8165960384447737
path,-0.8922248081283035,-1.8153483856959594
path,-0.8910307541882226,-1.8141045023649793
path,-0.8898300517336791,-1.8128636469971569
path,-0.8886198488865209,-1.8116292519049018
path,-0.8874068638455784,-1.810395294884044
path,-0.886189880136767,-1.8091663522178845
path,-0.8849606110807492,-1.807943487931786
path,-0.8837257379340123,-1.8067301674184824
path,-0.8824937330433809,-1.8055087569038946
path,-0.8812533906361799,-1.8042927871925338
path,-0.8800116263467663,-1.803079647211318
path,-0.8787667621787575,-1.8018679555576556
path,-0.8775211353129275,-1.8006609697368599
path,-0.8762757618222151,-1.7994497471738522
path,-0.8750290904023251,-1.7982401658052762
path,-0.8737886288956385,-1.797030428728359
path,-0.8725495279597929,-1.7958194824982028
path,-0.8713113121721677,-1.7946080778923301
path,-0.8700740377857562,-1.7933961732522354
path,-0.8688377901617598,-1.7921836927341488
path,-0.8676062698153514,-1.7909737678057034
path,-0.8663753682291175,-1.789763620108343
path,-0.8651454604334613,-1.7885529975042738
path,-0.8639165856980328,-1.7873417415671975
path,-0.8626886592964994,-1.7861299583653083
path,-0.8614634904051737,-1.7849191208921926
path,-0.8602391391060303,-1.7837078800425155
path,-0.8590157627043405,-1.782496126958621
path,-0.8577933787618812,-1.7812837908622132
path,-0.856571953811942,-1.7800709122882634
path,-0.8553543132278677,-1.77886164876721
path,-0.8541325402628364,-1.7776562912491298
path,-0.8529149443346536,-1.776448334103497
path,-0.8517013390381425,-1.7752358094037366
path,-0.850486357734206,-1.7740251343569162
path,-0.8492753315661801,-1.7728155714065732
path,-0.8480652634855019,-1.7716050636566811
path,-0.846856558836484,-1.7703940769262505
path,-0.8456497906063932,-1.7691817583347258
path,-0.8444423746487868,-1.7679702502338628
path,-0.8432387015869254,-1.7667608867469817
path,-0.8420366938959991,-1.7655504122265422
path,-0.8408323589513619,-1.764342918943821
path,-0.8396323796071395,-1.76313199817349
path,-0.8384328943537984,-1.761920584870366
path,-0.8369114560799834,-1.7605120322749352
path,-0.8353142835290407,-1.7589200478031
path,-0.8337307815241511,-1.7573126135051667
path,-0.8321498590788315,-1.7557030981797408
path,-0.830569193051617,-1.7540938756665545
path,-0.8289970874401862,-1.7524899407357204
path,-0.8274275908133109,-1.7508838809586862
path,-0.8258592818767697,-1.7492775137076164
path,-0.8242915076679975,-1.747671159102208
path,-0.8227263723380687,-1.7460627653963001
path,-0.8211694615897329,-1.7444616099558228
path,-0.8196132263835533,-1.7428612108694548
path,-0.8180589521678372,-1.7412587342017054
path,-0.8165073693425862,-1.7396545101795504
path,-0.8149559215286922,-1.738050753093778
path,-0.8134155136312138,-1.7364554015338525
path,-0.8118767568970947,-1.7348590889708961
path,-0.8103392476259005,-1.733262571484106
path,-0.8088033895122863,-1.7316647402802918
path,-0.8072703088419929,-1.730064865799445
path,-0.8059284721022927,-1.7286166280838249
path,-0.8046785105106342,-1.7273035806005388
path,-0.803441228297786,-1.7260030250666887
path,-0.8022145696661966,-1.724709758037592
path,-0.800960911957242,-1.7234492863653395
path,-0.7997125719147836,-1.7221661665694774
path,-0.7984744745707583,-1.7208701219443283
path,-0.7972381326479661,-1.7195725715051426
path,-0.7960037989819195,-1.7182732354336343
path,-0.794770883216765,-1.7169734956424225
path,-0.7935400628943059,-1.715677770736182
path,-0.792312198030986,-1.7143798784716489
path,-0.7910836760310354,-1.7130826331218831
path,-0.7898576514886019,-1.7117836447762977
path,-0.7886311506977383,-1.7104851870449216
path,-0.787407037575931,-1.7091883292368144
path,-0.7861849401982612,-1.7078897868033827
path,-0.7849630847857896,-1.7065915702351697
path,-0.7837409380692096,-1.7052939182209734
path,-0.7825208957732342,-1.7039942985829895
path,-0.7813036247320831,-1.702695330389177
path,-0.7800871588025678,-1.7013960570522906
path,-0.7788704404345467,-1.7000972710232372
path,-0.7776558203840676,-1.6987966047403127
path,-0.7764413074029923,-1.6974968407972808
path,-0.7752792179234576,-1.6962420407543435
path,-0.7741162268202995,-1.6949969350749023
path,-0.7729541094258283,-1.6937501538635846
path,-0.7717938962854582,-1.6925014478285922
path,-0.7706331554018352,-1.6912535409819822
path,-0.7694764405187806,-1.6900073462612504
path,-0.7683198710123947,-1.6887617537532793
path,-0.7671652531427956,-1.6875142561931153
path,-0.7660124882387569,-1.6862652509948255
path,-0.7648588198585503,-1.6850172438220716
path,-0.7637078734749377,-1.683769871635211
path,-0.7625574401347559,-1.6825224476340017
path,-0.7614080043070303,-1.6812748880284574
path,-0.7602598388160888,-1.6800255865643883
path,-0.7591117148181005,-1.6787769109869528
path,-0.7579662045041,-1.6775288160762176
path,-0.756822418288493,-1.6762790716453544
path,-0.7556771539356126,-1.6750316479882483
path,-0.7545343130522949,-1.6737815967932528
path,-0.7533914749370507,-1.6725324292401123
path,-0.7522518049750334,-1.6712829694382458
path,-0.7511135072746749,-1.6700331713545242
path,-0.7499739001788549,-1.6687844369299414
path,-0.748837294447418,-1.667533299274493
path,-0.7476997199907529,-1.6662834328381284
path,-0.7465657259872938,-1.6650336877346352
path,-0.7454322902870519,-1.663783784311543
path,-0.7442994566334508,-1.6625337788677306
path,-0.7431674570771877,-1.6612832165188944
path,-0.7420366211785524,-1.660031890436267
path,-0.7409073321379401,-1.6587813469244368
path,-0.7397768415281236,-1.6575322625008269
path,-0.7386489762717147,-1.656280731258162
path,-0.7375222087899259,-1.6550283832988895
path,-0.7363958586692193,-1.65377618180976
path,-0.7352721670564403,-1.6525252333270257
path,-0.7341494640080467,-1.6512733651938343
path,-0.7330279040399841,-1.6500209555563956
path,-0.7319077349078029,-1.6487669684937432
path,-0.7307865995768599,-1.6475143216290826
path,-0.7293283788711572,-1.646127113923784
path,-0.7278372904920573,-1.6445758856409416
path,-0.7264010263694386,-1.6429613233178093
path,-0.7249686640395581,-1.641345924266129
path,-0.7235226729284308,-1.6397448398978052
path,-0.7220920835077189,-1.638129197320608
path,-0.7206644398690348,-1.6365133148032027
path,-0.7192275980586716,-1.634907172853047
path,-0.7177773049015808,-1.633305155994842
path,-0.7163301947521901,-1.6316996923207616
path,-0.7148860785360357,-1.6301111775015
path,-0.7134390578185548,-1.6285288241251463
path,-0.7119940543125471,-1.626947151810413
path,-0.7105157336018952,-1.62528200875359
path,-0.7089694879419844,-1.6234502338294998
path,-0.7073269974764634,-1.621537175116735
path,-0.7057315870662024,-1.6195416796414004
path,-0.7041229249824112,-1.6175495958724806
path,-0.7025199847250173,-1.6155606074056608
path,-0.7009222602687734,-1.613561254087536
path,-0.6993365032984697,-1.611587093472452
path,-0.6977510307549176,-1.6096043720357929
path,-0.6961487158287356,-1.6076452300624582
path,-0.6945516718066282,-1.6056674101697668
path,-0.6929727688789549,-1.6036845202443084
path,-0.691606647932693,-1.601961380236112
path,-0.6903562455613598,-1.600387387308305
path,-0.6890748247519286,-1.5988356673087791
path,-0.6877994466526237,-1.5972701340033901
path,-0.686520073236888,-1.5956974987750534
path,-0.6852632994123464,-1.5941179420816824
path,-0.6839918289048436,-1.592561061609713
path,-0.6827254587776246,-1.5909861390620432
path,-0.6814556258574664,-1.5894200726893295
path,-0.680191053056984,-1.5878380474982112
path,-0.6789402167196824,-1.5862653495758374
path,-0.6776711798055912,-1.5846931389759398
path,-0.67641974464978,-1.5831169645344008
path,-0.6751560072016931,-1.5815474923800605
path,-0.6739006873219185,-1.5799684377621368
path,-0.6726331811234934,-1.5784104801307828
path,-0.6713794464346805,-1.5768330711121565
path,-0.6701113242267777,-1.5752752753588593
path,-0.6688573895461083,-1.5736973352647259
path,-0.6675917427603605,-1.572139701861299
path,-0.6663677468058092,-1.570600655369992
path,-0.6651399881845718,-1.569077515366036
path,-0.6639105963552839,-1.5675451394789863
path,-0.6626826831978871,-1.5660203719459975
path,-0.6614538821530558,-1.5644863529879443
path,-0.6602354582779397,-1.5629628310203314
path,-0.659005550659703,-1.5614395190286452
path,-0.6577887638155734,-1.5599144030443253
path,-0.6565641546961,-1.5583877776952482
path,-0.6553409392167403,-1.556867624927903
path,-0.6541184698894871,-1.5553398155611577
path,-0.6528963218170967,-1.5538215155110462
path,-0.6516736607718919,-1.552294327880549
path,-0.650457325276025,-1.550771993405332
path,-0.649229362643324,-1.54924999649534
path,-0.6480193266060111,-1.5477297176276874
path,-0.6467982791325642,-1.5462118070783948
path,-0.6455836358625481,-1.5446824293512267
path,-0.6443718397286295,-1.5431648936205078
path,-0.6431472200358536,-1.541648193242298
path,-0.6418330359710038,-1.5400493400502793
path,-0.6405158351750083,-1.538392664172161
path,-0.6392299213232758,-1.536709240384935
path,-0.6379267232092974,-1.535027293971989
path,-0.6366479438416783,-1.533335510368779
path,-0.6353416642605576,-1.5316770202314063
path,-0.634058774344827,-1.5299845499263467
path,-0.6327648368612048,-1.5283164149840436
path,-0.631472495968448,-1.5266295359247484
path,-0.6301990084494051,-1.5249417940192287
path,-0.6288927951827217,-1.5232778583306268
path,-0.6276195238767062,-1.5215923945161054
path,-0.6262953223962492,-1.5199565685706005
path,-0.6250109651008374,-1.5182672432165019
path,-0.6237405064145657,-1.516582964963917
path,-0.622438861198117,-1.51493852738758
path,-0.6211571925677961,-1.5132568023953843
path,-0.6198689350288489,-1.5115926307849286
path,-0.6185826281620735,-1.5099098815009333
path,-0.6173144703625641,-1.5082276540144428
path,-0.6160263089989615,-1.5065585189625388
path,-0.614732557918507,-1.504896883076379
path,-0.6134549365675379,-1.503210299038527
path,-0.6121794461917446,-1.5015399083785752
path,-0.6109020012729572,-1.4998602036602469
path,-0.609612729327555,-1.4981986559618397
path,-0.6083403226497609,-1.4965164456795832
path,-0.6070572320590123,-1.4948573369940172
path,-0.6057839164454714,-1.4931763710573362
path,-0.6044808658140387,-1.49153543835524
path,-0.6031902367339749,-1.489866256111196
path,-0.6019229654044345,-1.488187480723157
path,-0.6006557870981281,-1.4865250271256207
path,-0.5993557496545304,-1.4848804631351646
path,-0.5980935638937646,-1.4832044805617166
path,-0.5967926899526944,-1.4815557601178846
path,-0.5955287993336842,-1.4798802257897654
path,-0.5942398180640673,-1.4782351515959913
path,-0.5929691237144452,-1.4765581841684094
path,-0.591690529329077,-1.4749011838785324
path,-0.5904050361532379,-1.4732530447364323
path,-0.5891828736727681,-1.4716896699407835
path,-0.5880066511536558,-1.4702430959383415
path,-0.5868354372148663,-1.4688371300752965
path,-0.5856706502532113,-1.467428762961423
path,-0.5845070776330297,-1.4660331998661014
path,-0.5833421254566813,-1.464622553950491
path,-0.5821842977625131,-1.4632361554372055
path,-0.5810185083173808,-1.4618217445577275
path,-0.5798691272776818,-1.4604370995164342
path,-0.5786977503740324,-1.4590265290203148
path,-0.5775483303355134,-1.4576394494820069
path,-0.5763865279638497,-1.4562440835323882
path,-0.5752336280297721,-1.4548507962134842
path,-0.5740781549039414,-1.4534684718169368
path,-0.5729225252185965,-1.452068459828679
path,-0.5717841361111761,-1.4506977570839765
path,-0.5706192347077219,-1.4492993299383932
path,-0.5694752008523857,-1.4479186874591146
path,-0.5683212423200259,-1.4465335793137823
path,-0.5671743167567386,-1.4451461158865766
path,-0.5660307276618902,-1.443776011567809
path,-0.5648802303473611,-1.4423821530266843
path,-0.563746431944824,-1.4410167622629895
path,-0.5625885825867872,-1.4396223027718353
path,-0.5614819962448618,-1.4382800454442144
path,-0.5603862578233342,-1.436969978046624
path,-0.5592731812376639,-1.4356251077097248
path,-0.5581773580648277,-1.4343033568744117
path,-0.5570733039854026,-1.432976195535098
path,-0.5559802169095824,-1.4316573262924612
path,-0.5548780325054707,-1.4303259926350833
path,-0.5537874674566474,-1.4290113996032643
path,-0.5527047113956942,-1.4277142042472375
path,-0.5516152214543814,-1.4264057207429675
path,-0.5505337044072586,-1.4251083895630028
path,-0.5494499305064056,-1.4238072165645441
path,-0.5483633054631208,-1.422502373358967
path,-0.5472860145096234,-1.4212138909181657
path,-0.5462041835549061,-1.4199189094088835
path,-0.5452071532854778,-1.4186833111847263
path,-0.544251748013305,-1.417529813586561
path,-0.543310264177117,-1.4164059869008765
path,-0.5423633704654093,-1.4152853274206056
path,-0.541409999941219,-1.4141430524915048
path,-0.5404610996648167,-1.413011093302776
path,-0.5395082918828907,-1.4118736357666093
path,-0.5385584733086819,-1.410745861792206
path,-0.5376086355460428,-1.409604714432035
path,-0.536653739963216,-1.408464737636697
path,-0.5356979286999187,-1.4073187941142042
path,-0.5347417827218559,-1.4061795509134678
path,-0.5337832494730069,-1.4050400989043383
path,-0.5328295202516682,-1.4038969880944823
path,-0.531875582590864,-1.4027528146059172
path,-0.530920008429647,-1.4016158713492428
path,-0.529967293975686,-1.400481417287491
path,-0.5290106141343837,-1.3993472699697416
path,-0.5280637265698401,-1.3982039647316042
path,-0.5271063528287935,-1.3970687148597747
path,-0.5259494397707093,-1.3957976227252409
path,-0.5247933312348348,-1.3944088244393855
path,-0.5236448461186453,-1.3930186048509685
path,-0.5225013650415348,-1.3916275173540367
path,-0.5213194324963587,-1.3902636100955454
path,-0.5201673168786789,-1.3888933896866162
path,-0.519024761462381,-1.387529696857728
path,-0.5178844737031325,-1.3861694449115043
path,-0.5167317822821701,-1.384810857099066
path,-0.5155890140469013,-1.3834484309784145
path,-0.5144537924829097,-1.3820901326793444
path,-0.5133101050064282,-1.38073837937813
path,-0.5121649759477656,-1.3793885083748472
path,-0.5110337275692091,-1.37802867204929
path,-0.5098926472293406,-1.3766831714978285
path,-0.5087534755013194,-1.3753383495500584
path,-0.5076257436387543,-1.3739880730245309
path,-0.5064908046812491,-1.3726459694235886
path,-0.5053518618084788,-1.3713083759298539
path,-0.504226883311351,-1.3699611397645133
path,-0.5030770210301942,-1.368609139319947
path,-0.5019272100311446,-1.3672431268256533
path,-0.5007770765625763,-1.36587844948082
path,-0.49961668374656726,-1.3645181457354494
path,-0.49846825865643113,-1.3631485729652368
path,-0.49731374002899315,-1.3617938891115604
path,-0.4961723244329176,-1.3604240569657315
path,-0.4950203306350571,-1.3590747730020616
path,-0.4938740349641278,-1.3577140253336328
path,-0.49273122893011373,-1.3563536624257848
path,-0.4915860854810839,-1.3550078029918888
path,-0.490438518555331,-1.3536580085922387
path,-0.48929560482109,-1.3523027825780998
path,-0.48815433009831394,-1.3509497269693935
path,-0.48701269377731393,-1.3496098531028164
path,-0.4858768795849601,-1.3482650249974164
path,-0.48474415975689067,-1.346923461601
path,-0.48359712714793246,-1.3455912356860922
path,-0.48246923998435676,-1.34423815418646
path,-0.4813319362862773,-1.3429051543659483
path,-0.48019581031261155,-1.3415774676095369
path,-0.4790681374801555,-1.3402409062817637
path,-0.4779361281725369,-1.3389114788078622
path,-0.47680020874454565,-1.3375844157195125
path,-0.4756784876443333,-1.336245768799322
path,-0.4745440873452034,-1.3349294070383528
path,-0.473418233948768,-1.333601350935855
path,-0.4722928154450442,-1.332277973492057
path,-0.4711619736182749,-1.3309585836345657
path,-0.47004560135706924,-1.3296289361079323
path,-0.46900462140304205,-1.328300961696216
path,-0.46796696052890246,-1.3269927484419903
path,-0.4669449954244402,-1.3256702166285645
path,-0.4659107101061903,-1.3243630335582972
path,-0.46487305863614103,-1.323061641498363
path,-0.46385015296140986,-1.3217479548761741
path,-0.46281242941295797,-1.3204452839087815
path,-0.4617906927712149,-1.3191257245327626
path,-0.4607476302231602,-1.3178321054012752
path,-0.4597250307818452,-1.3165093571950786
path,-0.4586942946748821,-1.3151971577422048
path,-0.4576577081392597,-1.3138964569088123
path,-0.45663610244024083,-1.312569236214123
path,-0.45559659468981384,-1.3112710553139617
path,-0.45456523411541405,-1.30995807797802
path,-0.4535357078736496,-1.308643878612555
path,-0.45250897276150454,-1.3073244930866104
path,-0.45147225755056103,-1.3060221589583678
path,-0.4504473941751365,-1.3046993632757546
path,-0.4494100644633133,-1.3033949353840388
path,-0.4483836311329729,-1.3020749994272989
path,-0.4473570123978565,-1.3007539260106271
path,-0.44631612981135854,-1.299451549308711
path,-0.44529561268687656,-1.298120203913746
path,-0.4442529589279093,-1.2968221487711438
path,-0.4432912016531955,-1.2955641129886326
path,-0.44233683603277274,-1.294313583183211
path,-0.4413605947257926,-1.2931000606753613
path,-0.44039577704317595,-1.291863336934427
path,-0.4394250209600959,-1.2906348853064498
path,-0.43845924639611417,-1.289401432945711
path,-0.43749298971089007,-1.2881632409722934
path,-0.43652674029263605,-1.2869338921367617
path,-0.43555544937717244,-1.2857028199310794
path,-0.43459600549990995,-1.2844644430713512
path,-0.4336310885631978,-1.283230328035304
path,-0.4326617990761857,-1.2819965372284705
path,-0.43170439635007307,-1.2807570006715407
path,-0.4307289629831225,-1.279533097633009
path,-0.4297741159965821,-1.2782899792066034
path,-0.4288042232431686,-1.2770650095281264
path,-0.42784380168250785,-1.2758238798454267
path,-0.4268895917968502,-1.2745852414474914
path,-0.42591194205713534,-1.2733659607931929
path,-0.4249594325127523,-1.2721205316737167
path,-0.4238270223660624,-1.2708713152693432
path,-0.4227050757854601,-1.2695723617421506
path,-0.4215816088119023,-1.2682270962437259
path,-0.4204479396145687,-1.2668390962177059
path,-0.4192589430020472,-1.2654800323921702
path,-0.41807177775762494,-1.2640853803915608
path,-0.41688876419584214,-1.2626497684976403
path,-0.41568387781220767,-1.2612066909554
path,-0.4144727526013691,-1.259734917397915
path,-0.41325935608696923,-1.2582277707675045
path,-0.41203244636628034,-1.256704530212125
path,-0.4108281367790739,-1.2551510550858374
path,-0.4096074219166186,-1.253605121347256
path,-0.40841548151356144,-1.2520324749750515
path,-0.40720837929932996,-1.2504757714652488
path,-0.4060014114195059,-1.2489243421881735
path,-0.4048041068497271,-1.2473585199114987
path,-0.4036116543784093,-1.2457977529034026
path,-0.4023968589783522,-1.2442521041906247
path,-0.40120969847801,-1.2426822045756507
path,-0.4000205511297332,-1.2411363480288884
path,-0.3988155917324068,-1.2395984566059821
path,-0.3976297071288283,-1.2380327841789238
path,-0.396442312456688,-1.2364768261841677
path,-0.3952629616431756,-1.2349701791105574
path,-0.39409614775534324,-1.233422283838316
path,-0.3929078099350901,-1.2318354918266987
path,-0.39172226850697844,-1.2302398532287708
path,-0.39053342141647684,-1.2286363400097504
path,-0.38934361568208015,-1.2270328160368398
path,-0.3881570252423428,-1.2254267138983008
path,-0.3869706180274563,-1.223810798725083
path,-0.38577890860300057,-1.2221907369664453
path,-0.38458871919008725,-1.2205668118447044
path,-0.38340026831520396,-1.2189425440671249
path,-0.3822120487035092,-1.2173224498835304
path,-0.3810226824426264,-1.2157015536492024
path,-0.3798360295596035,-1.2140786247640825
path,-0.3786471876400945,-1.2124567002740427
path,-0.37746012377730487,-1.2108360520422705
path,-0.37642197945442246,-1.209395403841667
path,-0.3754290361346029,-1.2080330483056936
path,-0.37443820104224407,-1.2066946535436287
path,-0.37342988112902314,-1.2053475718155342
path,-0.37243375986792376,-1.2039852353683715
path,-0.37143838114888605,-1.2026249751710198
path,-0.37044140896914507,-1.2012643702611157
path,-0.3694479030504256,-1.1999043451892604
path,-0.3684499577886797,-1.1985451335996449
path,-0.36745505864676975,-1.1971838359775033
path,-0.36646071984966566,-1.1958245060223942
path,-0.3654643217275671,-1.194467064001281
path,-0.3644711152881958,-1.1931071629789924
path,-0.36347590488170384,-1.1917485094584883
path,-0.3624837312925576,-1.190390137598664
path,-0.3614913783140343,-1.189033191881791
path,-0.36049959341470655,-1.1876773809366143
path,-0.359509621794972,-1.186321768210704
path,-0.3585191147212643,-1.1849661531332576
path,-0.35752615589654874,-1.1836116858489112
path,-0.35653570634086706,-1.18226184443581
path,-0.3555437826096124,-1.1809124202201835
path,-0.35455556640959285,-1.179559438299469
path,-0.35356703676774487,-1.1782069552022776
path,-0.35258003199528476,-1.1768532974341552
path,-0.35147861934343533,-1.1754343244553078
path,-0.3504057875280344,-1.173967755982732
path,-0.3493262531570538,-1.172500522049155
path,-0.3482500914867543,-1.1710300352978713
path,-0.3471736917451255,-1.1695594709773165
path,-0.3461010241832912,-1.1680869561255385
path,-0.3450289031339042,-1.1666150393901207
path,-0.3439556311887257,-1.1651441251938188
path,-0.34288371157087716,-1.1636717953051239
path,-0.3418116843029182,-1.1622014089791235
path,-0.3407404037087142,-1.1607311339991984
path,-0.3396691878745986,-1.1592620519301404
path,-0.33859868719081626,-1.1577924797343941
path,-0.33752982768624784,-1.156321755330995
path,-0.336458936515917,-1.1548528705484387
path,-0.33538903459529856,-1.1533848055840465
path,-0.3343174884403097,-1.1519192869981625
path,-0.3332479623568767,-1.1504542437628922
path,-0.3321800450101793,-1.1489854336554408
path,-0.3311108679272617,-1.1475197285251897
path,-0.3298200854180766,-1.1459615735274604
path,-0.32844846450973825,-1.1442291909570563
path,-0.32706685437049987,-1.142366640253482
path,-0.32569960146553817,-1.1404823842496512
path,-0.3243318132793228,-1.1386001743006264
path,-0.32296844022305654,-1.1367205085003
path,-0.32160454325305693,-1.1348428602209581
path,-0.32024095909128525,-1.132964111098445
path,-0.3188771322778183,-1.1310863678052177
path,-0.31751366581861606,-1.1292071481124102
path,-0.3161521021394723,-1.1273312670153715
path,-0.31479079818850975,-1.1254541678336911
path,-0.3134292515448877,-1.1235798005093622
path,-0.31206805282761513,-1.121702573009847
path,-0.3107071615525877,-1.1198258060334614
path,-0.30955122560617965,-1.1182206977589542
path,-0.30849575960408043,-1.1167545445490783
path,-0.3074501524059513,-1.1153027987902564
path,-0.3064141318503126,-1.1138651674788773
path,-0.3053873239795494,-1.112441201436634
path,-0.30436901561920365,-1.1110296665300738
path,-0.3032868795384527,-1.1096762489575132
path,-0.3022239466260567,-1.1082802401439371
path,-0.3011738405082179,-1.1068577894595446
path,-0.300133277913479,-1.105427044304287
path,-0.29909659851785586,-1.1039966350628179
path,-0.2980592223831775,-1.1025676585924065
path,-0.2970221766554166,-1.1011378844455244
path,-0.2959818523604619,-1.0997107943041708
path,-0.29494468024308057,-1.0982807867239497
path,-0.29390923744152775,-1.096853388913882
path,-0.2928738560102232,-1.095426127067293
path,-0.2918384062106274,-1.093998846926772
path,-0.2908013981775591,-1.09257207429967
path,-0.28976789620266274,-1.091143122467689
path,-0.288734062759853,-1.089717831494588
path,-0.28770053207854823,-1.088292151465267
path,-0.28666998284648554,-1.0868640824930038
path,-0.2856360371653101,-1.0854389242173328
path,-0.28460245104608556,-1.0840129386091202
path,-0.28357128759720146,-1.0825892413970533
path,-0.2825396489476807,-1.0811664621367723
path,-0.2815079951514611,-1.0797437919419175
path,-0.2804766917599915,-1.0783200871489638
path,-0.27944521109641773,-1.076896969669462
path,-0.27841540913954826,-1.0754771116265458
path,-0.27738595409766964,-1.0740554992503084
path,-0.2763563587052421,-1.072635663515081
path,-0.2753276619676996,-1.0712141041493792
path,-0.27430297178051266,-1.0697888480526476
path,-0.27327511878232025,-1.068370407202145
path,-0.27224752732255453,-1.0669515413450765
path,-0.2711940513191421,-1.0655580545024415
path,-0.2700780055060166,-1.064198077793674
path,-0.26897658607576835,-1.0628179237819706
path,-0.26789380784037037,-1.0614169994511202
path,-0.26682510876765275,-1.0599950091115515
path,-0.2657741668058494,-1.0585524997965978
path,-0.2647248114324274,-1.0571081818680639
path,-0.26366921595837634,-1.0556702431953389
path,-0.2626176320245227,-1.0542336431318702
path,-0.2615737183897914,-1.0527897513040223
path,-0.2605333269293381,-1.0513441050947727
path,-0.2594773541346418,-1.0499144383873849
path,-0.2584278500155086,-1.0484737673557802
path,-0.25737614851915497,-1.047041425424328
path,-0.25626691946977487,-1.0456420755550595
path,-0.2552039334908663,-1.0441900315010957
path,-0.25415566230915404,-1.042721857532426
path,-0.2530925083899699,-1.0412629410815726
path,-0.2521442876289106,-1.039930537886223
path,-0.2512127178533249,-1.0386225460596186
path,-0.2502839551865842,-1.037324854252255
path,-0.24933462283839994,-1.0360352510033535
path,-0.24839609061542697,-1.0347306678774906
path,-0.24745551558149043,-1.0334314286939164
path,-0.2465227639044718,-1.0321236135411025
path,-0.24557861553909635,-1.0308260981966948
path,-0.24463779174606767,-1.0295276989439184
path,-0.24370762913032612,-1.0282190295106501
path,-0.24276618211858128,-1.026919941193057
path,-0.24182631974138008,-1.0256218536443436
path,-0.24089157446952833,-1.0243206777068703
path,-0.23995803808210228,-1.0230150028400475
path,-0.23901852505723453,-1.0217148919810572
path,-0.23808023533452907,-1.0204173456211314
path,-0.2371528860409477,-1.0191092974096148
path,-0.2362140807748598,-1.017808551815104
path,-0.2352743668318303,-1.0165106095293832
path,-0.23434191489287065,-1.0152075494506854
path,-0.23319691503386722,-1.013805677810057
path,-0.23199712483764254,-1.0122333226335938
path,-0.23074481953978548,-1.0105720670796765
path,-0.22952388827669395,-1.0088537740081842
path,-0.22829446661093009,-1.0071384544461335
path,-0.22706683812259448,-1.0054253219531926
path,-0.2258441596254918,-1.0037093880823524
path,-0.22462366528962757,-1.0019877627748717
path,-0.22339650090701904,-1.0002719643885012
path,-0.22217076879325737,-0.9985570407795864
path,-0.22095686507598736,-0.9968332955649951
path,-0.21973186429416403,-0.9951162543890296
path,-0.21850534372947103,-0.993402500839364
path,-0.21728659118169077,-0.9916816375304521
path,-0.21606940054344068,-0.989957328324965
path,-0.2148520660157381,-0.9882344868406943
path,-0.21364311424496257,-0.9865137299684662
path,-0.21243450455679608,-0.9847965207925713
path,-0.21123070251485354,-0.9830823984592402
path,-0.21003402958662376,-0.9813787464321693
path,-0.20884472839890644,-0.9796859583579826
path,-0.20766198805032612,-0.9780029412522026
path,-0.20648148973067834,-0.9763292999395471
path,-0.2052775658527098,-0.9746361522502626
path,-0.20408876898832395,-0.9729424769343565
path,-0.20290685067483302,-0.9712590205619623
path,-0.20171438767312216,-0.9695703289842925
path,-0.2005228573714158,-0.9678770443316231
path,-0.1993379375697847,-0.9661876310743694
path,-0.19814608914339307,-0.9644948253362835
path,-0.1969568429593618,-0.9628044285514914
path,-0.19577135302134588,-0.9611126851322196
path,-0.19458095794184208,-0.959420607145994
path,-0.19339741681622474,-0.9577310374932659
path,-0.1922033994462076,-0.9560377027652097
path,-0.19102013702637047,-0.954347495660565
path,-0.18983305038791864,-0.9526614009670139
path,-0.18864969276265545,-0.9509702037091844
path,-0.1874575533325497,-0.9492814853579415
path,-0.18627153263147136,-0.9475852190081306
path,-0.18517903929941762,-0.9460200331200025
path,-0.18409953435967016,-0.9444753398673493
path,-0.18302581978556998,-0.9429393774577034
path,-0.18195776793820287,-0.9414120147900382
path,-0.18087930944538577,-0.9398823122111626
path,-0.1797941438387001,-0.9383385242383511
path,-0.17871893849415033,-0.9367986279956361
path,-0.17764940534834067,-0.9352673185273805
path,-0.17657222814737428,-0.9337329457605752
path,-0.17548688263254397,-0.9321905910880045
path,-0.1744108344733958,-0.9306477871918352
path,-0.17334039851925723,-0.9291134658507548
path,-0.17226625711630675,-0.9275912357045539
path,-0.17118739377996914,-0.926048983617253
path,-0.17011569815433655,-0.9245127386776755
path,-0.1690457456983634,-0.9229893519953609
path,-0.16796554856468354,-0.9214509430589151
path,-0.1668952971065552,-0.9199153114108237
path,-0.16583034099314548,-0.9183876440860125
path,-0.1647467231111892,-0.9168569021755536
path,-0.16376809664023156,-0.9154486691099142
path,-0.16280343531518957,-0.9140625548732408
path,-0.16184400239615976,-0.9126841518248653
path,-0.16088971237544786,-0.9113134167735036
path,-0.15994035705561924,-0.9099501039291507
path,-0.15899637255128388,-0.9085949052215052
path,-0.15805718767996588,-0.9072470628605833
path,-0.15708180996455437,-0.905893951527329
path,-0.15612462325757462,-0.9045168772343235
path,-0.15517227631380517,-0.9031471400342902
path,-0.15422156853205304,-0.9017865779410931
path,-0.15326608594179694,-0.9004156710674478
path,-0.15230517929319418,-0.8990511791616279
path,-0.151345015473318,-0.8976678149260892
path,-0.15038973703816438,-0.8962916857742927
path,-0.1494400022079304,-0.8949239277842171
path,-0.14849479321895803,-0.8935631244282122
path,-0.14753189126843774,-0.8922016363244913
path,-0.14657810455251274,-0.890826591045222
path,-0.14562880811514428,-0.8894584221784971
path,-0.14467685671797637,-0.8880950135177416
path,-0.14372628219374622,-0.8867242242328007
path,-0.14276477951974864,-0.8853520324875538
path,-0.14180957789599166,-0.8839732386193784
path,-0.14085887389575802,-0.8826013251543895
path,-0.13991306671989914,-0.8812368551208413
path,-0.13897153755311248,-0.879879005314111
path,-0.13801917686286858,-0.8785231382727205
path,-0.13707286210869363,-0.8771571949531579
path,-0.1361312839642531,-0.8757986086947986
path,-0.13519140311692296,-0.8744500517388395
path,-0.13424722644089915,-0.8730934747973941
path,-0.1333106264091397,-0.871742209435972
path,-0.132369525272821,-0.8703992412079492
path,-0.13143297510319535,-0.869047767966854
path,-0.13027689463044764,-0.867666633619373
path,-0.12913831219563723,-0.8660865861488474
path,-0.1279990321337548,-0.8644534043460207
path,-0.12684653395171108,-0.8628072635344867
path,-0.12570399783097683,-0.861156700867932
path,-0.12456949084497364,-0.8595182454003424
path,-0.12343010939643444,-0.8578810894380156
path,-0.12228508300373174,-0.8562371749135074
path,-0.12114827328124056,-0.8545942842333938
path,-0.12000479676838861,-0.8529597924205238
path,-0.11886879588093377,-0.8513172783631106
path,-0.11773732736617602,-0.84968183858199
path,-0.1165937313770428,-0.8480442960589082
path,-0.11546087971462232,-0.846406154118848
path,-0.11431925874546345,-0.8447706820690801
path,-0.11322408236800059,-0.8431855545445273
path,-0.11213327805835237,-0.8416072757025688
path,-0.1110465036421433,-0.8400353187632142
path,-0.10995209142602431,-0.8384767749074483
path,-0.10888233643789938,-0.8369818370577209
path,-0.10783585245047478,-0.8355690108044689
path,-0.10681004860695711,-0.8342381173640269
path,-0.10580485698771745,-0.8329888414705161
path,-0.10482016833101515,-0.8318207496844263
path,-0.10385578244105335,-0.8307330732594572
path,-0.10291297311838017,-0.8297248722357142
path,-0.1019897531157262,-0.8287943234094399
path,-0.10108561338105726,-0.8279394355147719
path,-0.1001956164125821,-0.8271396655322418
path,-0.09930649459030337,-0.8263396371177383
path,-0.09843824879938796,-0.8255463801084462
path,-0.09757051910816072,-0.8247504529331388
path,-0.09670329148662385,-0.8239518823237677
path,-0.0958365703978817,-0.8231507136386632
path,-0.09497036641842319,-0.8223470048095279
path,-0.09410573107757333,-0.8215413612243573
path,-0.09324165021228166,-0.8207333288336676
path,-0.09237814983088212,-0.8199229994062285
path,-0.09151526182733667,-0.8191104764578843
path,-0.09065302274396707,-0.8182958740072915
path,-0.08979243246505807,-0.8174798425185809
path,-0.08893257236721737,-0.8166619778994545
path,-0.08807348845789278,-0.8158424191308029
path,-0.0872152312480931,-0.815021310118447
path,-0.0863578585653524,-0.8141988182472099
path,-0.08550251055004457,-0.8133757393379895
path,-0.08464816945537933,-0.8125516243191574
path,-0.0837948978889208,-0.8117266531168116
path,-0.0829427641407217,-0.8109010209070768
path,-0.0820918381215797,-0.8100749223495388
path,-0.08124286523971191,-0.8092489704328768
path,-0.08039520288168645,-0.8084228696949618
path,-0.07953675969289513,-0.8075418930954495
path,-0.0786640279670501,-0.806596554535256
path,-0.07779689266652483,-0.8056698855858528
path,-0.07693579800804114,-0.804761093073125
path,-0.07607989669940488,-0.8038691574578545
path,-0.0752289931886055,-0.8029931731409329
path,-0.0743828974403588,-0.80213224429916
path,-0.07354142421394774,-0.8012854881931963
path,-0.07270517276221906,-0.8004521744804669
path,-0.07187315423531934,-0.7996311453787325
path,-0.07104378001422128,-0.7988151850577077
path,-0.07021635324692975,-0.7980010870012573
path,-0.06938449241427451,-0.7971627414165336
path,-0.06858141464547929,-0.7962914241381196
path,-0.06778352280584714,-0.7954290589863062
path,-0.06698901358885587,-0.7945751603086151
path,-0.06619777115564146,-0.793729186655736
path,-0.06540968932708695,-0.7928906430869976
path,-0.06462574104241778,-0.7920592695267651
path,-0.06384477104982277,-0.7912344746997789
path,-0.06306670149773927,-0.7904159026227442
path,-0.06229146567535272,-0.7896032466954443
path,-0.06152324407497185,-0.7887945845708385
path,-0.06077579717666921,-0.7879866371919076
path,-0.06003177241163452,-0.7871869043778968
path,-0.059291114707317495,-0.7863951259753077
path,-0.0585537838858059,-0.7856111285289591
path,-0.05781979033942192,-0.7848351326309491
path,-0.05708996825190169,-0.7840673181052795
path,-0.05636345794948574,-0.7833074664176202
path,-0.0556402542578457,-0.7825555804275969
path,-0.05492036138691721,-0.7818117135615615
path,-0.05420372747828793,-0.7810758793169524
path,-0.05347615137849261,-0.7803383093184751
path,-0.05275095973465356,-0.7796050650817523
path,-0.052028165005380864,-0.7788762381784488
path,-0.05130776673265565,-0.7781519037915539
path,-0.05058968703074391,-0.7774319584860742
path,-0.049874771775987925,-0.776716926372614
path,-0.049162035458148394,-0.7760060983082379
path,-0.04845139096176857,-0.775299277777076
path,-0.04774285873259834,-0.7745967054855302
path,-0.04703649664461248,-0.7738985166230768
path,-0.04633278363371186,-0.7732051960594426
path,-0.04563125704207891,-0.7725164307694723
path,-0.044931896286496326,-0.7718322413821793
path,-0.04423467796155338,-0.7711526404852702
path,-0.04353951282628647,-0.7704774855730273
path,-0.04284719956949272,-0.769807272350248
path,-0.0421567391775601,-0.7691411502578052
path,-0.041468210013798114,-0.7684793602005919
path,-0.04078151584925246,-0.7678217339531311
path,-0.0400965753614525,-0.7671681334736179
path,-0.03926806407491164,-0.7664147081534788
path,-0.03843169358237217,-0.7656589210008615
path,-0.03759732854478891,-0.7649090146327346
path,-0.036764907399914566,-0.7641649004519202
path,-0.035934361521868026,-0.7634264621732526
path,-0.03510739261874401,-0.7626947529051816
path,-0.03428220504046671,-0.7619685760275562
path,-0.03345875551110847,-0.7612478732234841
path,-0.03263700666948215,-0.7605325972739279
path,-0.031816927018443894,-0.7598227123219997
path,-0.031001335320898844,-0.7591201975316125
path,-0.030179578991271133,-0.7583847661388203
path,-0.02935353777589285,-0.7576055302095986
path,-0.028536822516574453,-0.7568869774628791
path,-0.02771283827925441,-0.7561296095075367
path,-0.026893059202321934,-0.7553773757409994
path,-0.026085996697987637,-0.7546838978579953
path,-0.02526010713312494,-0.7538956688929501
path,-0.02444464865588107,-0.7531563093828821
path,-0.02364083314072286,-0.752484280932571
path,-0.02282270942515084,-0.7517059681461283
path,-0.022009247064697996,-0.7509525023379475
path,-0.02121247995570989,-0.750289521077672
path,-0.020397211047886343,-0.7495958985238913
path,-0.01928137600440371,-0.7489550274455471
path,-0.01812802033501687,-0.7481930019248968
path,-0.01693337848298189,-0.7473042422994748
path,-0.015724126808141285,-0.7462685603117694
path,-0.01447773052264924,-0.7451340936194288
path,-0.01326965904857387,-0.7440752467316976
path,-0.012162747847713753,-0.7430870059025371
path,-0.011156339733628338,-0.7421668215726083
path,-0.010243206360133506,-0.741276320291646
path,-0.009356512352352882,-0.7403808522987948
path,-0.008463244706407051,-0.7394522169926581
path,-0.0075609981429559875,-0.7384132234561608
path,-0.006674318976513819,-0.7374549525699295
path,-0.005801107698614615,-0.7365592643024987
path,-0.004905249609337786,-0.7355403360803721
path,-0.00401811866829621,-0.7345494404628706
path,-0.0032235671570851024,-0.7336882214058009
path,-0.0024967129482397184,-0.7329037381548766
path,-0.0017770046728360763,-0.7321441511873232
path,-0.0010495111376393022,-0.7313166950091547
path,-0.0003255712351729473,-0.7305069417356579
path,0.00039075994761654086,-0.7297309398853934
path,0.0011139964239030389,-0.7288968284064926
path,0.0018224128838873477,-0.728143690825277
path,0.0025301694687317306,-0.7273482817510035
path,0.003239399533312113,-0.7265716103791209
path,0.003945737854910268,-0.7258129424367817
path,0.004650551435533826,-0.7250495526504434
path,0.005355132567156287,-0.7242800688047687
path,0.0060611331538695835,-0.7235040046244725
path,0.0067682257212733805,-0.7227240958546781
path,0.007475622948398221,-0.7219401808623864
path,0.008184174000860491,-0.7211522292742676
path,0.008894044786538794,-0.720359047646752
path,0.009604715274814903,-0.719563461267426
path,0.010316934846617436,-0.7187611582729319
path,0.011028604458390562,-0.7179581293966052
path,0.011741494350640846,-0.7171500434250822
path,0.012455590896691756,-0.7163368255346554
path,0.013169529114816619,-0.7155235593202562
path,0.013883156895601182,-0.7147094867143493
path,0.014595521532213265,-0.7138955152409103
path,0.015307259926467079,-0.7130819907105058
path,0.016018385890819095,-0.7122689137632098
path,0.016729047767256124,-0.7114555483615798
path,0.017439263439361127,-0.7106417994566232
path,0.018148067526788575,-0.709829039568762
path,0.01885635463307209,-0.7090162601993292
path,0.0195641253740052,-0.7082034640806459
path,0.020271384918469398,-0.7073906274632517
path,0.020978133546997013,-0.7065777510553195
path,0.021682774921658137,-0.7057666318274153
path,0.02238689695916863,-0.7049554935810071
path,0.023090512678081102,-0.7041443080470273
path,0.023793647719663056,-0.7033329484190021
path,0.024496284858355637,-0.7025215025637972
path,0.025197500430047023,-0.7017111520744995
path,0.025898231318130814,-0.7009006523848894
path,0.02659844699287686,-0.7000901640205517
path,0.027298193023718168,-0.6992794543267609
path,0.027997405812396865,-0.6984688476091698
path,0.028694794719306926,-0.6976597269170695
path,0.029391706844731115,-0.6968504627354097
path,0.03008812974782168,-0.6960411188411273
path,0.03078403050384281,-0.6952318368069434
path,0.031479451144686,-0.6944224019306757
path,0.032173482495878515,-0.693614040915083
path,0.032867124342808675,-0.6928050633974777
path,0.03355969853336493,-0.6919971548038094
path,0.03425045483773929,-0.6911920570426698
path,0.03493937988352083,-0.6903898800778415
path,0.035625456304527174,-0.6895915642240447
path,0.03630967807826364,-0.6887963744368509
path,0.03699204613045578,-0.6880043829505055
path,0.03767260493037986,-0.6872155411204205
path,0.03835135453840293,-0.6864299197788827
path,0.03902501578996447,-0.6856503566982709
path,0.03969686066925296,-0.684874163510474
path,0.04036688877734898,-0.6841014173664832
path,0.04103509883477627,-0.6833321934753485
path,0.041701566896757324,-0.6825663538167297
path,0.04236540597622146,-0.6818045360314662
path,0.043027645496037416,-0.6810458374239317
path,0.043688313123037725,-0.6802902433734165
path,0.04434741176668339,-0.67953780629026
path,0.04500492752904045,-0.6787886269123898
path,0.045660263112501,-0.6780431656245561
path,0.04631404289697232,-0.677301001785834
path,0.0469662764938584,-0.6765621695166945
path,0.04761701588093677,-0.6758265832448296
path,0.04826637786899347,-0.6750939727530434
path,0.04891342393843359,-0.6743651111887644
path,0.049559145332384764,-0.6736391727017511
path,0.05020355544532441,-0.6729161700342293
path,0.05084666724513829,-0.6721961149294051
path,0.05148849480026927,-0.6714790156423686
path,0.05212841036213134,-0.6707654265612347
path,0.05276706987537421,-0.6700548028743512
path,0.05340448754176856,-0.669347150982132
path,0.054040677792176736,-0.6686424751221598
path,0.054675655465959316,-0.6679407773446088
path,0.05530878125474485,-0.6672426147368031
path,0.055940723045896916,-0.666547430897439
path,0.05657149518166542,-0.6658552280044402
path,0.05720108625572445,-0.6651660806333674
path,0.057829466792748106,-0.664480115824164
path,0.05845566779415641,-0.663798168007619
path,0.05908068387372669,-0.6631194092612762
path,0.05970452665586072,-0.6624438500115959
path,0.06032720667335117,-0.6617715019375028
path,0.06094873353936616,-0.6611023790473578
path,0.061568639169961484,-0.6604368927064287
path,0.0621874099583262,-0.6597746566020378
path,0.062805054513983,-0.6591156870279354
path,0.06342165381390205,-0.6584597870607457
path,0.06403725628570338,-0.6578068509575404
path,0.06482002539106856,-0.6570216297652065
path,0.06561935568890552,-0.6562291963328365
path,0.0664173573305941,-0.655442624781386
path,0.06721402690805013,-0.654661966478946
path,0.06800951232742738,-0.6538868204086903
path,0.06880279764081149,-0.6531170912961747
path,0.06978354707300628,-0.6523208567131495
path,0.07075438967097351,-0.651372714038825
path,0.07165906174742727,-0.6503713511222039
path,0.0725411163662685,-0.6493264485793008
path,0.07341973042496228,-0.6482679534297552
path,0.07430079605655016,-0.6471994559987606
path,0.07518428778372427,-0.6461209624672196
path,0.0760713209879574,-0.6450178368720767
path,0.07694931403500439,-0.6439626257686409
path,0.07782571224099684,-0.6428597263338818
path,0.07869271885755476,-0.6418240105409968
path,0.07955627431270659,-0.6407958333110745
path,0.08041714522668636,-0.6397727971961968
path,0.0812780253836166,-0.638719251698041
path,0.08205084463233896,-0.6377977903832496
path,0.08276425436816821,-0.6369051127185444
path,0.08347455756488102,-0.6360186554573886
path,0.08418176661523037,-0.635138545547774
path,0.08488589379069468,-0.634264909630387
path,0.08558601604051044,-0.6333986759024351
path,0.08628308242793455,-0.6325391607664425
path,0.08697710461781029,-0.6316864930175146
path,0.087668102201884,-0.6308407756203578
path,0.0883563378896153,-0.6300013573972683
path,0.08904226865667854,-0.629164523685986
path,0.08972731308966118,-0.6283283638440936
path,0.09041147286396434,-0.6274929104479312
path,0.09109474928173335,-0.6266581947017883
path,0.09177714331710021,-0.625824251394932
path,0.092457855543176,-0.6249918176938797
path,0.09313768908309653,-0.6241602096049114
path,0.09381664864742013,-0.6233294483163714
path,0.09449473921303408,-0.6224995528515997
path,0.09517196466302698,-0.621670545205418
path,0.0958471397590084,-0.6208435016933455
path,0.09652146158931232,-0.6200173695144002
path,0.09719503674462995,-0.6191918447250667
path,0.09786791523944634,-0.618366796218986
path,0.09854009892029741,-0.6175422394109019
path,0.0992104332738918,-0.6167192180311135
path,0.09988008315955128,-0.6158966948965573
path,0.10054905425915311,-0.6150746741848048
path,0.10121735188956495,-0.6142531610462875
path,0.10188498196075717,-0.6134321575399991
path,0.10255119444256562,-0.6126123435561498
path,0.10321675135450355,-0.6117930368453219
path,0.10388165694982963,-0.6109742448539569
path,0.10454591658769678,-0.6101559697839014
path,0.10520953519992578,-0.609338214863508
path,0.10587141134369248,-0.6085219752664035
path,0.10653266017354471,-0.607706241487505
path,0.1071932881948765,-0.6068910122485266
path,0.10785332176650612,-0.6060762205859227
path,0.1085128016410068,-0.6052617485879579
path,0.1091710032421146,-0.6044482870669363
path,0.109828693303537,-0.6036350288133597
path,0.11048584680763923,-0.6028220675240593
path,0.1111424700127947,-0.6020093944719564
path,0.11179856837143275,-0.6011970031753299
path,0.11245308652624565,-0.600385850888367
path,0.1131070906998285,-0.5995749592646918
path,0.11376058792300436,-0.5987643174263216
path,0.11441358381122489,-0.5979539167253876
path,0.11506608325695002,-0.5971437504354855
path,0.11571757280290877,-0.5963342806878565
path,0.116368577337525,-0.5955250218160383
path,0.11701910254942909,-0.5947159641870169
path,0.11766915342728462,-0.5939070992747433
path,0.11831873467335483,-0.5930984190217208
path,0.11896683561276682,-0.5922908401457153
path,0.11961447807255356,-0.5914834157527903
path,0.12026166728366959,-0.5906761367970949
path,0.12090840803704912,-0.5898689933731142
path,0.1215547048375172,-0.5890619763367683
path,0.12219990035258244,-0.5882556809421905
path,0.12284466197814872,-0.5874494840327036
path,0.12348899470067401,-0.5866433749508957
path,0.12413290283050937,-0.5858373436539736
path,0.12477637351327334,-0.585031439181052
path,0.12541842553413848,-0.5842262962352793
path,0.12606006550381277,-0.5834211877640176
path,0.1267012980147599,-0.5826161037964066
path,0.12734212749859383,-0.5818110321828538
path,0.1279825576514035,-0.5810059631293518
path,0.12862200482561756,-0.5802014257533453
path,0.12926106063961312,-0.5793968638918237
path,0.12989972906940486,-0.5785922671336623
path,0.1305380136644743,-0.577787624802755
path,0.1311759178593513,-0.576982926506377
path,0.1318125875255749,-0.5761789524632478
path,0.13244888309530664,-0.5753748962898717
path,0.13308480889399024,-0.5745707454363398
path,0.1337203685659576,-0.573766487667799
path,0.1343555648173927,-0.5729621136408102
path,0.13498998160045386,-0.5721580014114114
path,0.13562404065582098,-0.5713537496822876
path,0.13625774514015804,-0.5705493476179048
path,0.13689107587569002,-0.5697448619486514
path,0.13752401769903114,-0.568940347440267
path,0.13813555035258274,-0.568157429482465
path,0.1387451544385022,-0.5673786600445262
path,0.13935423823898493,-0.5666003556809184
path,0.13996283800580844,-0.5658224016474583
path,0.14057005172068443,-0.5649872358967051
path,0.14120323605193563,-0.5640201518376752
path,0.14184131888003285,-0.5629545552704807
path,0.14249332127644748,-0.561757854062863
path,0.14315554020008536,-0.560434995608219
path,0.1438272597801761,-0.5590055414897294
path,0.14450124392630126,-0.5575516601834632
path,0.14517317852300182,-0.5561042697405764
path,0.14584697232670427,-0.554649467032242
path,0.14651858398215645,-0.5532014916654082
path,0.14719267039716663,-0.5517432700620329
path,0.14786440634503453,-0.5502947862516335
path,0.148535362000376,-0.5488441700542273
path,0.14920710045144744,-0.5473947982500863
path,0.14988000423285933,-0.5459361688460699
path,0.15055132484753328,-0.5444861598118431
path,0.15122229872764614,-0.5430332130503005
path,0.15189313351368192,-0.5415828553737342
path,0.15256639615807105,-0.540121960106302
path,0.15323644785563945,-0.5386757374662667
path,0.1539089559445179,-0.5372152789769868
path,0.15457875128465132,-0.5357648771151803
path,0.15525137561182228,-0.5343049620285462
path,0.15592210505307033,-0.5328490196568226
path,0.1565921112622918,-0.5313971987261568
path,0.1572637301536582,-0.5299392113675078
path,0.15794945214924294,-0.5284922570086841
path,0.159315183070817,-0.5270859244931666
path,0.16105753030770711,-0.5257689740210485
path,0.16285307222602013,-0.5245213132158618
path,0.1646686001064928,-0.5233263024348386
path,0.1666688477154351,-0.5220341136216986
path,0.16869103074530312,-0.520731328379587
path,0.17071265700205643,-0.5194278785357677
path,0.17273372606259269,-0.5181237599447316
path,0.1747542375446005,-0.5168189689407651
path,0.17673580447760934,-0.515534628543205
path,0.17871743038546797,-0.5142532725813931
path,0.18069851344676943,-0.5129712321252872
path,0.1826790536495464,-0.5116885076176574
path,0.18465905108917596,-0.5104050996282095
path,0.18660917126094126,-0.5091340376581939
path,0.1885589761572582,-0.5078655304303186
path,0.19050829070482406,-0.5065965861021975
path,0.19245711131141208,-0.5053271837645538
path,0.1944054344959234,-0.5040573043875258
path,0.19631184836888457,-0.5028092616238622
path,0.19821853564466702,-0.5015653195539002
path,0.2001247326548614,-0.5003208438432181
path,0.20203043738829243,-0.4990758253103628
path,0.20393564823836693,-0.49783025589874264
path,0.20581482206602564,-0.4965991104302175
path,0.20769378836452743,-0.4953691150481646
path,0.20957226736522389,-0.4941385516586637
path,0.21145025808604992,-0.49290741630759244
path,0.21332775955913483,-0.49167570542487793
path,0.2151689186135776,-0.49046323775016704
path,0.21701020746178754,-0.48925387261583575
path,0.2188510178027194,-0.4880439160094744
path,0.22069134937283985,-0.4868333685322839
path,0.22252809243379762,-0.48561792141513216
path,0.22433836565092602,-0.4843841539623302
path,0.22614787132770453,-0.4831545212015644
path,0.22795734566681683,-0.48192722275032945
path,0.22976666779940014,-0.48070105215933306
path,0.23157576007046954,-0.4794752582014139
path,0.2333525979338217,-0.4782598854912133
path,0.23513030920156971,-0.47705222057593555
path,0.2369079947622156,-0.47584666422536614
path,0.23868527679608859,-0.47464090924475344
path,0.24046142338656507,-0.47343717424938325
path,0.24222279850821835,-0.4722360794584221
path,0.2439840795225196,-0.47103668639723567
path,0.24574511510749877,-0.4698380128261664
path,0.24750456033775464,-0.4686385159757807
path,0.2492649100085345,-0.4674400784708664
path,0.2509965342140344,-0.4662481214662127
path,0.25272866277583744,-0.4650614953586416
path,0.2544605572455725,-0.46387560475288603
path,0.2561921119724332,-0.4626898002887508
path,0.25792324497252983,-0.4615035805627172
path,0.25962737954673615,-0.4603255196771523
path,0.26133176409329356,-0.45915118265841887
path,0.26303600527145665,-0.45797807726463297
path,0.26473897899978166,-0.4568059278356939
path,0.2664426853792095,-0.45563376098655917
path,0.2681335157953303,-0.45446624839219374
path,0.2698242806742407,-0.45330049127049377
path,0.27151495491881533,-0.45213625604053914
path,0.2732054254090689,-0.45097285682399313
path,0.27489482267249915,-0.4498115082061099
path,0.2768704962905178,-0.44847579601381055
path,0.27889808433900926,-0.4470938016864782
path,0.28092360818034423,-0.4457086311570821
path,0.28295028513384374,-0.4443269925250394
path,0.2849758282990209,-0.44294784793556646
path,0.28697370061777483,-0.44158964471572476
path,0.2889711803424147,-0.4402318026469245
path,0.29096810020473235,-0.4388734377659137
path,0.29296445865199616,-0.43751453599128937
path,0.2949602522441519,-0.4361550831662396
path,0.2969005284761068,-0.43482983625598004
path,0.29884067693528826,-0.43350668268392467
path,0.30078028173054555,-0.43218296134311823
path,0.302719341352835,-0.4308586657613863
path,0.30465785417053387,-0.4295337899550996
path,0.30657354366609363,-0.4282233388840562
path,0.3084887246627171,-0.4269125338042015
path,0.31040336709820376,-0.425601146957162
path,0.31231746991159204,-0.4242891747706274
path,0.31423103181972706,-0.42297661383790786
path,0.31610278518871693,-0.42169033191414756
path,0.31797423930636015,-0.42040492069736163
path,0.31984517094902776,-0.41911892773317116
path,0.3217155794037182,-0.4178323520590324
path,0.3235854640208277,-0.41654519287990593
path,0.3252975867641953,-0.41532677300802673
path,0.32700828309418983,-0.41414590805963053
path,0.3287185512054971,-0.4129646971315535
path,0.33042838933748797,-0.4117831259956575
path,0.33213779560646145,-0.4106011816224317
path,0.33381975192679225,-0.40943701090255646
path,0.33550136211298964,-0.4082729742224831
path,0.33718255005102277,-0.4071085447914141
path,0.3388633146346282,-0.40594371451721056
path,0.3405436546379355,-0.4047784759653885
path,0.34220764358400135,-0.4036238596503852
path,0.34387121055566316,-0.40246884325865306
path,0.34553435882101546,-0.40131341021465805
path,0.34719706870141925,-0.4001575151522152
path,0.34885923610314723,-0.3990007414288142
path,0.3504947954700649,-0.39786056669003805
path,0.35212990731679716,-0.39671985331792237
path,0.35376539044478367,-0.39557736863580767
path,0.3553994909297727,-0.39443460096472616
path,0.3570330812795151,-0.3932908055317195
path,0.3587344489427497,-0.39209810014656565
path,0.36043554993538834,-0.39090405345879625
path,0.36213609486455417,-0.38970888847638474
path,0.3638369263488629,-0.3885119218774497
path,0.36553636425940017,-0.38731451683318874
path,0.36720827005190876,-0.38613442060672737
path,0.3688797064385791,-0.3849537980262234
path,0.37055143600534507,-0.38377139288899176
path,0.37222179407763645,-0.38258859397796363
path,0.37386012752718156,-0.3814006067591187
path,0.37546963510782744,-0.38022140506891905
path,0.3770758878374133,-0.37904575086638154
path,0.3786804207074721,-0.3778703445129133
path,0.3802852040653672,-0.3766935578948605
path,0.38188839414661846,-0.3755168292936872
path,0.38347476602418923,-0.37434837514055486
path,0.38505705548600666,-0.3731841271007465
path,0.38663922609442314,-0.3720190982886445
path,0.38821899840408575,-0.3708555384661758
path,0.3898001640693343,-0.36968867832523983
path,0.3916495788580458,-0.36833435866001474
path,0.39354629869139207,-0.36694133678629226
path,0.39543639887679344,-0.36555617552824254
path,0.3973207769147531,-0.36417887119709086
path,0.3991976840310864,-0.3628110055336102
path,0.40104432141248286,-0.3614646905336424
path,0.4028797144250895,-0.3601342989800453
path,0.40470827441538204,-0.3588132676137945
path,0.40653052814278295,-0.3575007902371514
path,0.40834645433969474,-0.35619696364607656
path,0.4101232801425945,-0.35492051415032183
path,0.411889524395561,-0.3536593721240046
path,0.41365345601530173,-0.3524004058473981
path,0.41541678209290067,-0.35114076633858643
path,0.41717950893110567,-0.34988044175088806
path,0.41892121141359273,-0.34863171413365507
path,0.4206596445077193,-0.3473862023684612
path,0.42239745657024874,-0.3461400802097
path,0.4241346513296522,-0.34489334071600425
path,0.4258712321987777,-0.3436459776327213
path,0.4275759461912774,-0.34241665148570033
path,0.4292757697936867,-0.34119337494557805
path,0.43097498727830746,-0.3399695251847046
path,0.43267360303878893,-0.3387450943236607
path,0.4343716210395055,-0.33752007523630545
path,0.43605076390637176,-0.3363055503718731
path,0.4377269649864502,-0.3350944308029572
path,0.439402591154453,-0.3338827229563701
path,0.4410776636258027,-0.33267039018723527
path,0.44275218283587786,-0.3314574309771817
path,0.44440931408832407,-0.330254151535989
path,0.446063817071129,-0.3290532523809007
path,0.4477177376423579,-0.3278518059745381
path,0.4493710800635811,-0.3266498047613415
path,0.45102384810371526,-0.32544724187412094
path,0.4526515595217092,-0.324259008324031
path,0.4542754867212737,-0.32307572667893203
path,0.4558988399101583,-0.3218919348969134
path,0.4575216739966554,-0.32070753853669637
path,0.4591439886546461,-0.31952253741164743
path,0.46065883937783975,-0.3183910717897787
path,0.46215330347644373,-0.3172964655903158
path,0.463646365118259,-0.31620297174899814
path,0.46513894085855423,-0.31510902140725616
path,0.4666310346859242,-0.31401460902009337
path,0.46810903668156784,-0.3129282771732804
path,0.46958496659505355,-0.3118442382525599
path,0.47106044690770354,-0.31075971148664183
path,0.47253547902673776,-0.30967469527850816
path,0.47401006387535927,-0.3085891880948726
path,0.47547516534265066,-0.30750840612457614
path,0.47693837382770754,-0.3064291817031613
path,0.4784010972021511,-0.30534954714108664
path,0.4798633405015062,-0.3042694940537437
path,0.48132510822147817,-0.30318901483498056
path,0.4827699567582432,-0.3021184520083952
path,0.48421234641765665,-0.30105092491990676
path,0.48565429955911066,-0.2999829374530501
path,0.4870958176856308,-0.2989144869459197
path,0.4885369019005089,-0.29784557119170907
path,0.4902873396461251,-0.29654605165352527
path,0.49212756982616124,-0.29517873082446094
path,0.49396709549182155,-0.2938106441488416
path,0.4958059238391444,-0.29244177799903764
path,0.4976440551859384,-0.29107213095631723
path,0.49945191733734484,-0.2897196487604405
path,0.501254814422629,-0.2883734767127899
path,0.5030569953296496,-0.28702662554522956
path,0.5048584855287925,-0.2856790503616084
path,0.5066592869252537,-0.28433074718693063
path,0.5084371759050801,-0.2829955331911543
path,0.510211529278758,-0.28166424364176873
path,0.5119851827696704,-0.28033229388779085
path,0.5137581407783937,-0.27899967587284585
path,0.5155304072474615,-0.2776663823010696
path,0.5172803819877801,-0.27634620393195214
path,0.519027023621248,-0.2750300514586658
path,0.5207730162655964,-0.27371320002081434
path,0.5225183675491734,-0.27239563524861543
path,0.5242630776503243,-0.2710773559803308
path,0.5259778453579985,-0.269776420884138
path,0.5276878339490879,-0.26848180043790787
path,0.5293971709728789,-0.26718654956015103
path,0.5311058711973651,-0.26589064171273297
path,0.5328139364151637,-0.2645940729209926
path,0.5345031330032255,-0.26330814813974596
path,0.5361892645872881,-0.2620255984734094
path,0.5378747437046816,-0.26074245706022126
path,0.5395595749820259,-0.2594587153212569
path,0.5412437625469538,-0.25817436547948247
path,0.5428974438760424,-0.25690807864718634
path,0.5445464302568105,-0.25564818825178814
path,0.5461947846718568,-0.2543877358655081
path,0.5478425119156921,-0.2531267126499577
path,0.5494896162800185,-0.25186511058656685
path,0.5511194930483035,-0.25061390862003996
path,0.5527469138472927,-0.24936545293962392
path,0.5543737537848035,-0.24811638132608918
path,0.556000007561456,-0.2468667008368757
path,0.5576256804774422,-0.24561640309311703
path,0.5592281713926789,-0.24437991881697707
path,0.5608272912884147,-0.24314761292298703
path,0.56242581672964,-0.2419147607072048
path,0.5640237514669387,-0.24068135502626523
path,0.5656210989250998,-0.2394473894392419
path,0.5675428845098448,-0.23796202104410435
path,0.5695728268221383,-0.23639096267910004
path,0.571601847669686,-0.2348189447922123
path,0.5736299488353068,-0.23324596296156733
path,0.5756571317288978,-0.23167201311717064
path,0.5776324438233319,-0.23012880916055678
path,0.5795995801014836,-0.22859813493230835
path,0.5815656600109911,-0.22706689161597415
path,0.5835308864563173,-0.2255347078654876
path,0.5854952591303514,-0.2240015827596398
path,0.5874267234244068,-0.22248776300006878
path,0.5893527709824802,-0.22098120824614723
path,0.5912779491539718,-0.21947382761037554
path,0.5932022886051926,-0.21796556362505798
path,0.595125790339646,-0.21645641322508588
path,0.5970047557633281,-0.21497383560925945
path,0.598876343551069,-0.2135023148856267
path,0.6007470073731314,-0.21203018889089878
path,0.6026168811850089,-0.21055720973634592
path,0.6044859650304116,-0.2090833758892309
path,0.6061657953060426,-0.20767134148977318
path,0.6078028724911653,-0.2063203529403286
path,0.6094582597522097,-0.20500643499064755
path,0.6111137707783088,-0.2036961229604013
path,0.61276865231587,-0.20238513544904402
path,0.6144037303680248,-0.20108605015280653
path,0.6160345016909526,-0.19978710031887126
path,0.6176642144080172,-0.19848985302303584
path,0.6192783354982269,-0.19717303613475343
path,0.6208770970719962,-0.1958369745145642
path,0.6224429348434946,-0.1945107194891565
path,0.6240130284579347,-0.19319482768087368
path,0.6256048778974472,-0.19190488796831096
path,0.6271983692191048,-0.19062071900717198
path,0.6287905388388898,-0.18933488083407032
path,0.6303574049105993,-0.18806539305381345
path,0.6319214824166653,-0.18679916632572013
path,0.633485089929553,-0.18553254547771555
path,0.6350396355534204,-0.18425306064922145
path,0.6365999770085979,-0.18298627247870608
path,0.6381798115984029,-0.18170284323879657
path,0.6397576708648847,-0.18041952661623364
path,0.6413329348709585,-0.17913713418029698
path,0.6429051935461555,-0.17785601846960983
path,0.6444748948750542,-0.17657544554655089
path,0.6460187314951844,-0.17531260221564582
path,0.6475559154452587,-0.17405591605423604
path,0.6490872513761815,-0.17280296560099975
path,0.6506082876187935,-0.1715483276130737
path,0.6521113422421659,-0.17028131739978136
path,0.6535819600789667,-0.16900698472937398
path,0.6550236445185149,-0.16771495093462363
path,0.6564283047062115,-0.16639619734043598
path,0.6577864683296265,-0.1650317397923004
path,0.6591253786226521,-0.1635643501474774
path,0.6604576882750273,-0.1621212299263395
path,0.6617839879779085,-0.16074338538106558
path,0.6631184123508354,-0.1594112946371381
path,0.6644634235334044,-0.15811607689746832
path,0.6658081283110391,-0.15682564192805756
path,0.6674906658114897,-0.15528463002170304
path,0.6693276244471358,-0.15352843397556123
path,0.671161076614489,-0.15176341273357027
path,0.6729935065375391,-0.14999718637026144
path,0.6748248570172326,-0.1482298163379139
path,0.6766625991796686,-0.14645251155915334
path,0.6785225847341806,-0.1446365867468892
path,0.6803859302194569,-0.1428140135966336
path,0.6822485678547993,-0.140989594372803
path,0.6841102014241575,-0.13916390302149045
path,0.6859438871739488,-0.13735861527266238
path,0.6877645223412698,-0.1355676020766002
path,0.6895815021272907,-0.13377883190275666
path,0.6913967973690555,-0.13198975078493738
path,0.6932107807514367,-0.13019987604909572
path,0.69500848194065,-0.12842106152028512
path,0.6967960220317675,-0.12665219385676918
path,0.6985807463335895,-0.12488456689826274
path,0.7003640343632734,-0.12311635966861326
path,0.7021461923318072,-0.1213471618324273
path,0.7038351467852373,-0.11961084654078993
path,0.7054373326444892,-0.11793164764184591
path,0.7069945687098778,-0.11631178931806158
path,0.7085537377392722,-0.11474497196648624
path,0.7101124770609402,-0.11318775384377937
path,0.7116326808726279,-0.11165851391029787
path,0.7131401896795763,-0.11014825557195648
path,0.7146427369712224,-0.10864198935847318
path,0.7161439070801079,-0.10713574343140377
path,0.7176427673181377,-0.10562992948852234
path,0.7191291289520352,-0.1041329131786323
path,0.7206055601332627,-0.10264610004825277
path,0.7220797488510798,-0.10116054185543419
path,0.7235529190617581,-0.09967455838060428
path,0.7250252315489626,-0.09818793204173801
path,0.7264789675218102,-0.0967147323295602
path,0.7279240398235427,-0.09525169167763972
path,0.7293646589530465,-0.09379219776109451
path,0.7308026754471263,-0.09233371131629826
path,0.7322413235576166,-0.09087341241216458
path,0.7336985578214772,-0.08939593688249513
path,0.7351624340832589,-0.08790742227899122
path,0.7366282020850946,-0.08641523401192504
path,0.7380932697850301,-0.08492216724244195
path,0.7395576936228879,-0.08342812847572913
path,0.7410111667871065,-0.0819414337676358
path,0.7424575208128242,-0.0804621064795255
path,0.7439020241244328,-0.07898355164128272
path,0.7453456034024125,-0.07750445744021972
path,0.7467883006248154,-0.07602476310937036
path,0.7482222178271514,-0.07455105277855407
path,0.7496526044447558,-0.07308053304827102
path,0.7510816568101442,-0.0716100803636828
path,0.7525098410876135,-0.07013902552587727
path,0.753937184685383,-0.06866733362628344
path,0.7553543026853441,-0.06720248740579578
path,0.7567648681599909,-0.06574443741605492
path,0.7581736859365408,-0.0642870897699344
path,0.7595816000779441,-0.06282922349261463
path,0.7609887551261084,-0.06137062686846674
path,0.7627624110940636,-0.059658305234524686
path,0.7647098039689957,-0.05771568219245167
path,0.7666405996453625,-0.055713450195406494
path,0.7685736711534417,-0.05370411068560041
path,0.7705057297166553,-0.05169266383361059
path,0.7724226019871441,-0.04969053419540823
path,0.7743303577726529,-0.04769747153592664
path,0.7762349609839228,-0.04570554899509057
path,0.7781378338778603,-0.04371266707972788
path,0.780039225186904,-0.04171845798827175
path,0.781909779637512,-0.03974075752057625
path,0.7837675339581216,-0.037784747051490125
path,0.7856193940030016,-0.035833477876847285
path,0.7874692871403429,-0.03388176906174014
path,0.7893176363888456,-0.0319289962563515
path,0.791147345209377,-0.0299881225817978
path,0.7929666926237215,-0.0280593239529343
path,0.794782967025531,-0.02613184786974757
path,0.7965973889394861,-0.02420386962398068
path,0.7984117697870123,-0.022273389834095672
path,0.8001889003440763,-0.020361847470554594
path,0.8019579769742646,-0.01847169824938335
path,0.803722088052469,-0.016586130338364518
path,0.8054844219493745,-0.014700100928911872
path,0.8072452628588365,-0.012813167361993642
path,0.8089079966625512,-0.010942876545747797
path,0.8104649593627248,-0.009099542279575412
path,0.8119676271520455,-0.007288657064069725
path,0.8134716372744272,-0.005503256996710903
path,0.814987201449505,-0.0037421556773416806
path,0.8164743482023096,-0.0020093719301227477
path,0.8179478014385916,-0.000301549497517644
path,0.8194285219120677,0.001379970809473274
path,0.8209197219955802,0.0030369684356893675
path,0.8224215477951846,0.004673732475936351
path,0.8239149245603803,0.006299462536134157
path,0.8254048892543504,0.007921901993828358
path,0.8268946260015603,0.009545639584627702
path,0.828381872037887,0.011168599000714737
path,0.829868286021396,0.012792647387778074
path,0.8313422608790481,0.014409001489757945
path,0.8328094475797564,0.016016718003050715
path,0.8342746349794219,0.017623644656693783
path,0.8357384166617928,0.019230699403918618
path,0.8372013286263486,0.0208387366837345
path,0.8386571959230914,0.022443451643681486
path,0.8401073508354485,0.024041866021743085
path,0.8415557431408347,0.02563981570071716
path,0.8430043887639477,0.027239792126733806
path,0.8444507569469527,0.02883920205630056
path,0.8458848269692983,0.030431408255923498
path,0.8473132020631376,0.032015734300246665
path,0.8487395530903553,0.03359900524982078
path,0.850164477089431,0.03518228538917712
path,0.8515886794815889,0.036766717528952886
path,0.8530062052111715,0.03834812957027613
path,0.854418021794386,0.03992302302068075
path,0.8558296718588817,0.04149916280610167
path,0.8572390021733074,0.04307455837132049
path,0.858647339923376,0.04465063380602275
path,0.8600447670900788,0.046220989912437754
path,0.8614367407217112,0.047783586645861235
path,0.8628266981065082,0.049344925130684385
path,0.8642165743308259,0.05090768777295737
path,0.8656045536713927,0.05247032742501111
path,0.8673390795933803,0.05430691485087123
path,0.8695805444217778,0.05660524986694703
path,0.8719691909692358,0.059175495281937336
path,0.8743294318028078,0.06183836391923021
path,0.8766925219911649,0.06451179336723255
path,0.8790302234776217,0.0671827045383723
path,0.8813541335628206,0.06984189296736204
path,0.8836786078368535,0.07249400773606206
path,0.8859999628743486,0.07514264941456994
path,0.8883185045132312,0.07779314321110463
path,0.8905704884741866,0.08045818573636516
path,0.892750274887622,0.08316406879020742
path,0.8949178727887728,0.0858914737275297
path,0.8970970782595115,0.08859470169483782
path,0.8992963271605592,0.09124239346047977
path,0.9014735733152606,0.09384833540773056
path,0.9036245856410643,0.0964794000302471
path,0.905762897523639,0.09913470736007461
path,0.9078911520835043,0.10181605579096703
path,0.9100090637942617,0.10451819666317863
path,0.9119991008246311,0.10685603567471193
path,0.9138206851272841,0.10896677608222567
path,0.915509143419788,0.11103975717947574
path,0.917111683434753,0.1130911808376417
path,0.9186935013295086,0.11513939578149744
path,0.9202464081549985,0.11717262521372694
path,0.921788216063793,0.11919366621119143
path,0.9233329259585906,0.12120829391514958
path,0.9248767791033106,0.1232232493069428
path,0.9264203996161569,0.12524070114730054
path,0.9279517487595464,0.12724896021681487
path,0.9294801228997306,0.12925190506149914
path,0.9310059261901145,0.13125665076712645
path,0.932529909578304,0.13326184864793827
path,0.9340962673098676,0.13524080258184804
path,0.935692666248059,0.13716225636671459
path,0.9373123491154425,0.13905946174207964
path,0.9389380301473834,0.1409412879748048
path,0.9405736889224958,0.14280637905382307
path,0.942221642807553,0.14465334958821652
path,0.9439079286598194,0.14648616652791027
path,0.945613279227741,0.1483064307813333
path,0.9473192796410717,0.15012151910380206
path,0.9490215453863521,0.15193851909327352
path,0.9507256231053722,0.15375626571882667
path,0.952415178080333,0.15556702238372988
path,0.9540967544368736,0.15736950708364947
path,0.9557807997583749,0.15917420535455107
path,0.9574621506802758,0.16097649772389547
path,0.9591421640160532,0.16277954829843605
path,0.9608007888412187,0.16457544656047635
path,0.9624522788903856,0.16635532225895028
path,0.9641011763008533,0.16813215125903372
path,0.9657475221958631,0.16991340282925665
path,0.9673945189989246,0.1716925838543861
path,0.9690266499288724,0.1734640891627609
path,0.9706534690610631,0.17522669568025587
path,0.9722779276136104,0.17699376035792916
path,0.9739023782494727,0.17875736589966199
path,0.9755260391412975,0.18052294301994098
path,0.9774233582624455,0.18254660246558946
path,0.9793961610232134,0.18468699563722055
path,0.9813687050973048,0.18683807439764671
path,0.9833418971392435,0.1889890217446463
path,0.9853139757827124,0.19114281813528633
path,0.9872410407950798,0.1932814108376962
path,0.989164086270082,0.1953976607265249
path,0.9910845811344533,0.19750620428410226
path,0.9930024994349204,0.19961322255277406
path,0.9949159362535276,0.2017217685077045
path,0.9968146813362733,0.20382768327244516
path,0.9987055392459461,0.20591803155919733
path,1.000594967024254,0.208006982605216
path,1.002479407544623,0.2100959982444853
path,1.0043662238579658,0.21218860043783008
path,1.0062204420454743,0.2142682579515957
path,1.0080673232270703,0.21633353311443257
path,1.009913215598307,0.21838931989821075
path,1.0117559660355047,0.22044932613666263
path,1.013613069182456,0.22253954125805486
path,1.015676176720318,0.2248758297949836
path,1.01777685760741,0.22728232072639326
path,1.0198785285243996,0.2296980211849031
path,1.021977276352386,0.23211846489231353
path,1.0240768459018943,0.23454254186911222
path,1.0261397902690101,0.23694913573604487
path,1.0281926765009006,0.23933456632504585
path,1.0302423193555372,0.24171534175469328
path,1.0322872492330784,0.24409828925483984
path,1.0343337174922187,0.246484449232503
path,1.0363563493862815,0.24886016800714142
path,1.0383702437648097,0.2512180697327861
path,1.040379690095129,0.2535765875602392
path,1.042388743596898,0.2559358653710801
path,1.0443942936871968,0.2582930805684116
path,1.0463790142905576,0.260643598216997
path,1.0483558734982943,0.26297823555919336
path,1.0503284985234795,0.265313791762098
path,1.052300969503271,0.2676501645452637
path,1.0542715211866283,0.26998845519478615
path,1.0562032044127316,0.272306575793464
path,1.0581265364895103,0.27460120347552197
path,1.060048276120681,0.2768939967112552
path,1.0619646367215554,0.27918461404989403
path,1.0638787253296227,0.28147063188903615
path,1.0656626270588356,0.28369425633055617
path,1.0673846179353652,0.28585585305513894
path,1.0690859476791554,0.2879656292994668
path,1.0707897971961962,0.2900429115929678
path,1.0724882744617752,0.2921047890287381
path,1.0741702508747353,0.29415891105750397
path,1.0758493263769078,0.29620114751096505
path,1.077524023232399,0.2982417476094812
path,1.0791948512111984,0.3002808719286171
path,1.0808622240860197,0.30232095523460356
path,1.0825180822177152,0.3043599520111177
path,1.084168971545226,0.3063954055811061
path,1.0858181372316926,0.30842992915687084
path,1.0874656178143596,0.3104665835552191
path,1.0891101956427869,0.3125030555892517
path,1.090737911396422,0.3145363749418888
path,1.0923700742213094,0.31655729505086916
path,1.0939949305015142,0.3185745650876925
path,1.0955907335772253,0.32058545531742794
path,1.0971798586777441,0.322588251869575
path,1.0992040719354141,0.3248851438051386
path,1.101663738262639,0.32777828091520406
path,1.1044221377096783,0.3311569860558094
path,1.1072093860102854,0.3346156399098174
path,1.109987764345487,0.33809153024834593
path,1.1127325747701418,0.3415694532005547
path,1.1154593674003044,0.3450460578439796
path,1.1181787758096633,0.34852246479851057
path,1.1208924929404058,0.3520045602129121
path,1.123599605709956,0.3554916848700352
path,1.12624400711117,0.35895723463749646
path,1.1288696052599045,0.3623947804331755
path,1.131485088610414,0.3658141725653879
path,1.1340947780619248,0.3692334045113983
path,1.136698759321271,0.3726557633981647
path,1.139274679001254,0.3760721417826144
path,1.1418407283612304,0.37948122830908987
path,1.1444006665704805,0.38288960116291854
path,1.1469548772565876,0.3863008455267114
path,1.1495029936221977,0.3897175218669643
path,1.1518532212835517,0.39302136691235395
path,1.1540556998396256,0.3961952059860939
path,1.1561840897067535,0.3993010443454504
path,1.1582655225824998,0.40235987235047277
path,1.1603299097114976,0.40538255274777657
path,1.162396706645641,0.40837213730416694
path,1.1644834606580607,0.41132850597917114
path,1.1665876958286998,0.41425831229084054
path,1.1686897326982775,0.4171824628298562
path,1.1707870159484206,0.42010712614467166
path,1.1728820989076334,0.42303247818674994
path,1.174974058843051,0.42596418124386576
path,1.1770611919208922,0.4288980768492386
path,1.1791443159719588,0.43183606547768794
path,1.1812241809604676,0.43477967327079886
path,1.1832991734319591,0.43772546391455447
path,1.185370857814847,0.4406765926545158
path,1.1874589252409367,0.44362823476646496
path,1.189557751990998,0.44658870739253476
path,1.1916550487342668,0.44955546591030715
path,1.1941644266866074,0.45286753673561364
path,1.197037460522276,0.4567240881018171
path,1.1999643767246777,0.46070773582354574
path,1.202871867358512,0.464718602681279
path,1.2057538771698517,0.4687615492278165
path,1.2090087693279685,0.47314838755586985
path,1.2127492935162898,0.47817165824731983
path,1.2168733516634442,0.4837929556150262
path,1.2211773557212342,0.4897249571046811
path,1.2254543615125326,0.495704714602496
path,1.229676432828574,0.5017152740156379
path,1.2338548353560277,0.5077569115341648
path,1.2380004365368533,0.513832192811565
path,1.2421138773258034,0.5199416910900445
path,1.246195287134651,0.5260859410801786
path,1.250186886095883,0.5322551789443403
path,1.2541291725041441,0.5384463727536591
path,1.2580544075830324,0.5446528143124815
path,1.2619624453725253,0.5508722693177434
path,1.2658542166318756,0.5571078870906835
path,1.269746799367345,0.5633702671963123
path,1.2736237808133763,0.5696589203924145
path,1.2775141398765342,0.5759640172263214
path,1.2814178016343014,0.5822757831069597
path,1.2853185659575876,0.5885845786261862
path,1.2896946154998348,0.5951712996223514
path,1.2945177545870206,0.6023947051169102
path,1.2997613417287173,0.6102024214391111
path,1.3053677633488288,0.6185180795139756
path,1.3110213588537312,0.6269666873609747
path,1.3169108809325643,0.6358070353990808
path,1.3229590788738326,0.6449262126843712
path,1.3290021031324744,0.6541145016677623
path,1.3350344225654607,0.6633526669402499
path,1.3410502745877944,0.6726255210915708
path,1.3470133257400532,0.6819421027172005
path,1.3529782435044413,0.691275517649162
path,1.3589280507361152,0.7006258031353383
path,1.364869566546468,0.7100112275186341
path,1.3707994876482477,0.7194306898308954
path,1.3766927605482757,0.7288861551805007
path,1.382569158469482,0.7383615460794529
path,1.3884374055205324,0.7478598243083568
path,1.394300675999161,0.7573974020513883
path,1.4001163257554756,0.7669407526194622
path,1.4058957998344779,0.7765338886750304
path,1.411683012259038,0.7861515541915259
path,1.417468187369716,0.7957764345751134
path,1.423290992825977,0.8052737743937609
path,1.429253225516631,0.8145969058952814
path,1.4350064847614628,0.8241885259478482
path,1.440738080564613,0.8339037360583792
path,1.4465285866753435,0.8434911493860762
path,1.4524631554345644,0.8529151083500427
path,1.4585466639350042,0.8621767915812791
path,1.4643366093934065,0.8717999549471462
path,1.4700359334489719,0.8816333073530279
path,1.4758605535770632,0.8913167196469184
path,1.4818347208896356,0.9008432465086094
path,1.4879583308650302,0.9102126295210392
path,1.4937339265106617,0.9200282911641368
path,1.4994063221019311,0.9300656244882941
path,1.5052017143010015,0.939914018155335
path,1.5111721950052162,0.9495577712488675
path,1.5173045267001626,0.9590151487394151
path,1.5228909563399933,0.9682904555135964
path,1.527977983995422,0.9771672821226749
path,1.533087188658499,0.9858353619618515
path,1.5383402220990523,0.9943309069676505
path,1.5436895005905609,1.002722084618529
path,1.5484370412067725,1.0103831232910891
path,1.552609891635576,1.0174340703483735
path,1.5562950532313238,1.0239597088588575
path,1.559905149544826,1.0301977898149557
path,1.5635268962404392,1.036289184259883
path,1.5667604766905157,1.0421786689383032
path,1.5694034521132323,1.0471317768669903
path,1.5718049649117571,1.0516370804164767
path,1.5741696778719878,1.056132523877431
path,1.5765688522704082,1.0605958072557837
path,1.5788214904006803,1.0648619315227827
path,1.581056547836667,1.069063989879062
path,1.5832518764678214,1.0732388761572524
path,1.5854153783487936,1.077385844745494
path,1.5875496429097777,1.0815031164351503
path,1.589571673333958,1.0854385089962426
path,1.5915853693653477,1.08920549354499
path,1.5935817234644991,1.0928133587539974
path,1.5956389539906348,1.096260730396415
path,1.5977935177900362,1.0996036917440213
path,1.6000173846066483,1.1028594514313637
path,1.6021318038126833,1.106016654296636
path,1.6041465000803619,1.109107853388625
path,1.6060603654126593,1.112133278586681
path,1.60801543670332,1.115104688517064
path,1.6098372298464676,1.1179938316010063
path,1.6115052279843698,1.12079779945155
path,1.6129674034919188,1.1234670870798953
path,1.6141735394056025,1.125893690939033
path,1.6154396381113512,1.128133326841127
path,1.6167917921088704,1.1303226368336565
path,1.6179883401924438,1.1323574831463954
path,1.6189297412322157,1.1341420558228905
path,1.6196922762140389,1.13566721228166
path,1.6204926014603958,1.1370016843180273
path,1.6222451633358776,1.1391344517079045
path,1.6244837553022027,1.1424256275668536
path,1.626984897942825,1.1460398341830609
path,1.6295783720530574,1.1495333414418705
path,1.6321536173721614,1.1528776656484077
path,1.634653949313192,1.1559520037481
path,1.6371112201988305,1.1586285587345124
path,1.639609703336075,1.160941446629316
path,1.6420745194034936,1.163103835008483
path,1.6444957461604595,1.1651316223556702
path,1.6468985757905386,1.1670451260397194
path,1.6492341306666645,1.168862643262936
path,1.6515976207400844,1.1705205447177667
path,1.6539404452062192,1.172030879396903
path,1.6562554475364362,1.1734072794087889
path,1.658547477880441,1.1748040691818258
path,1.6608767498576866,1.1762228748223007
path,1.6631447863227222,1.1778918708406623
path,1.6653606925509468,1.1799328742118818
path,1.667519300300198,1.1822932409827647
path,1.6696528559842834,1.1849638544428456
path,1.671799689223045,1.187908845602413
path,1.6739353993939348,1.1910230149680106
path,1.6760352502726659,1.1942605617772128
path,1.678068181450813,1.1975896394820496
path,1.6800956603237065,1.2011797854778803
path,1.6822567284588623,1.2051700300431745
path,1.684606972894322,1.2095171714378623
path,1.6870701773034102,1.2141252405239769
path,1.6896331934179165,1.2188590590781823
path,1.692305057498151,1.2238202026005964
path,1.6951726775263614,1.2290928245588966
path,1.6981671947704076,1.2345419036782095
path,1.7012713669802795,1.2400986685737454
path,1.7044879339740846,1.2457391977192813
path,1.7077078980899287,1.2512603977451653
path,1.7109371472012458,1.2567300921632298
path,1.7141779111278006,1.2621842269300823
path,1.7174295139829112,1.2676241862029294
path,1.7206910279644452,1.2730471933863292
path,1.7237658800433653,1.278246354265301
path,1.726851362859259,1.2832247365693603
path,1.7299699873022223,1.28810015279145
path,1.7330728786929388,1.292967858034561
path,1.7361835006930721,1.297818017063184
path,1.73938541168614,1.302794931198563
path,1.7426726495544935,1.3078769130400418
path,1.7460193167421363,1.313042282508364
path,1.7494394237679964,1.3182731965382803
path,1.752918887814395,1.3235898041397431
path,1.756506428043406,1.3291511600006052
path,1.7601907291947823,1.3347815720261198
path,1.7639680711354688,1.3404154808902278
path,1.7678246241529108,1.346018049186196
path,1.771748593446606,1.3516448875776879
path,1.7757975176213536,1.3574435007321008
path,1.7799274122752478,1.3632792558440243
path,1.7841340853260572,1.3691821256669514
path,1.7883930427489565,1.375106541413801
path,1.7927107415966654,1.381099712205556
path,1.7970833633472219,1.3871176897039863
path,1.801510820030793,1.393178887798223
path,1.8059833145589128,1.3992902306154278
path,1.8104881430276523,1.4054842484820116
path,1.8150477404814722,1.4117379469347284
path,1.8196683389380368,1.418050702408457
path,1.8243782160640922,1.424426638417589
path,1.8291705616884237,1.43087529050406
path,1.8340320170188424,1.4374031488050696
path,1.838971468046545,1.444010969353802
path,1.8439788372582862,1.4507014813571038
path,1.8490555743756187,1.4574723532756175
path,1.8542013304733107,1.4643237762120345
path,1.8594146852668398,1.4712563104116856
path,1.8646959837824664,1.4782518010239738
path,1.870032738041862,1.4852572862138684
path,1.8753811311594062,1.492257101337657
path,1.8807405192697308,1.4992511074474861
path,1.886109327042216,1.5062371181794882
path,1.8914844603330596,1.5132176152373629
path,1.896867696942602,1.5201900350589608
path,1.902258246809846,1.5271598845193681
path,1.90766109953425,1.5341208018110903
path,1.9130697617836325,1.54107578959702
path,1.9184835922429984,1.5480260455091417
path,1.9239116866027846,1.554969140855427
path,1.9293432538139264,1.5619057315840594
path,1.9347812885063185,1.5688377495719055
path,1.9402329188706346,1.5757626500098514
path,1.945687978773826,1.5826812157185803
path,1.9511487671354142,1.5896231216317553
path,1.956617105050634,1.596583617617109
path,1.9620852160717082,1.6035847931654623
path,1.9675685190204732,1.6106346179455555
path,1.972969444628594,1.6178708244450009
path,1.9782499724290585,1.6253243936190944
path,1.9833814961448208,1.6330165650752986
path,1.9883520266862607,1.6408113207303991
path,1.993272369169735,1.6485613789448823
path,1.9981570434827811,1.6562845531511368
path,2.0031324195683897,1.664237165645176
path,2.0080052359159133,1.6723029519696793
path,2.0129555120165787,1.6804432588971416
path,2.0179904928180483,1.6885637489307352
path,2.023027991849398,1.6966266892249104
path,2.028119807741317,1.7047288176386142
path,2.0332162237919915,1.7128939560634968
path,2.0383469662243323,1.7210787761380943
path,2.0434982501424255,1.7292476371135137
path,2.0486137140083986,1.7373508584788342
path,2.0537376651291144,1.7451362338801202
path,2.05895154471802,1.7526209359887055
path,2.06415322510437,1.7601256809283354
path,2.0692776496899112,1.7676213227654771
path,2.0743958188735374,1.7750231640484602
path,2.079346850741854,1.7820020814876019
path,2.0842681596353425,1.7887388470933936
path,2.0890899371516762,1.7953855784850221
path,2.093371989480834,1.8018271296936037
path,2.09753545932228,1.8080318186026525
path,2.101653099280123,1.8140852044256406
path,2.105741418692184,1.8202426601315358
path,2.1097887878495953,1.8262928476453468
path,2.1138046098986734,1.8322787566158651
path,2.1177941362335324,1.8381877268857214
path,2.1218430988089394,1.844149626473445
path,2.125913249574437,1.8501965924379953
path,2.1299415801148562,1.8561570528308655
path,2.133944161225086,1.8621082820805888
path,2.137897650195578,1.868008161469343
path,2.14194452635136,1.8742383546038903
path,2.1461204319996514,1.8808793386878755
path,2.1503656414998984,1.8879766307324604
path,2.1546832145053476,1.895528830600446
path,2.159219681460841,1.9037163828264785
path,2.164718641896413,1.9133136461423865
path,2.1710026062832726,1.923613616810313
path,2.1776842995930723,1.9345064451378262
path,2.184465660277486,1.9455877790457379
path,2.191138395224646,1.956695147625889
path,2.1977002407941697,1.9678063405740271
path,2.2041466461369175,1.9789191853419386
path,2.21045371920298,1.9900281288603163
path,2.2166684793860654,2.0011578618311243
path,2.222719649046115,2.0122786855712995
path,2.2289649146969603,2.0231891852273622
path,2.235711945904253,2.0335699519630865
path,2.2423891155324065,2.0439938902610537
path,2.248990808853872,2.054469879363436
path,2.2555275211875987,2.064972264842536
path,2.2616510186120187,2.0751525848475794
path,2.2665790147206026,2.0849872588174043
path,2.271201218197372,2.0947063158179886
path,2.2755011966461995,2.1042980616962104
path,2.279514262700401,2.1135120090385033
path,2.283280686864208,2.122452208733019
path,2.2868928180461383,2.131412019785247
path,2.290289705000793,2.1403649783739453
path,2.2934887000986763,2.1492889167398492
path,2.296536592358966,2.158157406618122
path,2.2994016218022395,2.1669620814209107
path,2.3020924784158128,2.1757060465326012
path,2.3046025210601324,2.1844107741143084
path,2.3070793273706665,2.193114837142619
path,2.3096300778237637,2.2018386247136674
path,2.312244507228003,2.2105563902675596
path,2.314923833913396,2.2193009680589593
path,2.3176630178777646,2.2280507589897742
path,2.3204486037179235,2.2368005611618695
path,2.3232837945743077,2.2455543782762293
path,2.3261226036918523,2.2541327094398147
path,2.3287433787655605,2.26232751150311
path,2.3312771639252623,2.2702443465852995
path,2.3337401963374136,2.277900554471185
path,2.3361634235996998,2.28533117698937
path,2.338671914623912,2.2930148525617016
path,2.3413117566611623,2.3006327994097577
path,2.3438453831403825,2.3079733481135216
path,2.3462865518584777,2.315016547399983
path,2.3487987589877313,2.3218598860744777
path,2.3513679340500833,2.329419416932124
path,2.353940163201165,2.3372381172898966
path,2.35646554080317,2.344922254502005
path,2.358959469523688,2.3525047661132708
path,2.3614360028429786,2.360000498661288
path,2.363977872953294,2.3679652651286958
path,2.366657789314241,2.375944330272114
path,2.3693638593653725,2.383787640035552
path,2.372112365466678,2.391523442678117
path,2.374916375561359,2.399164710819376
path,2.3777619164940003,2.4065728234916817
path,2.380613685267981,2.413605153376813
path,2.383481796238899,2.4203185852554414
path,2.386377579413959,2.426908742068237
path,2.38930372967611,2.433409098130586
path,2.3919120568477363,2.439631942372731
path,2.3943429552397912,2.445640000644226
path,2.3966823420926966,2.451546579661087
path,2.398726745851416,2.4571203061004447
path,2.40048631807451,2.4623896103014067
path,2.401993714759415,2.4676152852941726
path,2.4034180923708375,2.472723612195237
path,2.404875625555224,2.4777560444451714
path,2.4063694217114295,2.482711951261129
path,2.407900483278583,2.487588447610106
path,2.409710200589634,2.4925650887007733
path,2.4115631246953027,2.4974424777885895
path,2.4134588254775564,2.5022268621201125
path,2.4154003263698773,2.506917139140326
path,2.4173871861434564,2.511508742471675
path,2.419260858968605,2.51586648711963
path,2.4213549628673823,2.5203765335276302
path,2.4233083308827275,2.52464909942357
path,2.425262986192819,2.5287949346072573
path,2.427579142665193,2.5333768401635477
path,2.4302930574135972,2.53922640261317
path,2.433237556277151,2.5460109618706093
path,2.4367213398540652,2.5532646837789597
path,2.4405306316855175,2.5608537061074452
path,2.4443553710852854,2.568407398286981
path,2.4482186271290223,2.57650578978041
path,2.4522177229695874,2.5855451493573365
path,2.456596180655067,2.5950857471930044
path,2.461374992337846,2.605036079905821
path,2.466568243124465,2.615208116155182
path,2.4719275262276215,2.624898980309268
path,2.477408568938013,2.634092625282451
path,2.482788688702644,2.6428985569580683
path,2.4880213365178308,2.651456511741555
path,2.4930090625105374,2.6599035263275215
path,2.4978016552791376,2.6680190572702864
path,2.502504673718002,2.675756840141748
path,2.507100226896471,2.683109727309878
path,2.5115621433677218,2.6901312194306937
path,2.51579583919498,2.697012675898608
path,2.5198665829414755,2.7042286301003644
path,2.5243982116347374,2.7121859163511117
path,2.529284805470462,2.720713462401016
path,2.534352774318922,2.7297664498303633
path,2.53936943176238,2.739017828907037
path,2.54477547347952,2.74867976276542
path,2.550632333271205,2.7588424338086113
path,2.5565485947072104,2.7693355514794002
path,2.5623067344994097,2.779900565275075
path,2.567934523605922,2.7904817307710026
path,2.573918969874583,2.801008314438073
path,2.5800855771687314,2.8114950603328683
path,2.586255496034581,2.821971443207071
path,2.592319193482995,2.832454225911246
path,2.598301766690753,2.8429440666070374
path,2.6045682951475264,2.853384544919572
path,2.610922088482444,2.863795852624085
path,2.6173082234217633,2.874184487470114
path,2.623726570231059,2.884550251961461
path,2.6301769841033913,2.89489293556906
path,2.6366604527732664,2.905217310374927
path,2.643190669909035,2.915513925064617
path,2.649738375884174,2.92580362276416
path,2.656315130614573,2.9360779234702896
path,2.662867546246721,2.946346135514092
path,2.6695281649991176,2.9565833131370773
path,2.676215177166571,2.9668030994754924
path,2.6829336917698696,2.977004324619173
path,2.689684308442589,2.987187940985391
path,2.696467486751151,2.9973547081242575
path,2.7032903166265814,3.007500964693421
path,2.710142955920302,3.0176267204875336
path,2.717026407367004,3.027733037920231
path,2.72394133435199,3.0378211356916722
path,2.7308893976387987,3.048001603811461
path,2.737717218817729,3.0582209224093937
path,2.7442616709730387,3.0682992491847423
path,2.7505874636342127,3.078304839000415
path,2.7564824886766512,3.088302213914077
path,2.762011424839955,3.098134066777028
path,2.7678069838515844,3.1080486934536125
path,2.773935246275505,3.1180762403138007
path,2.7797917394500997,3.1279721248439114
path,2.785303427518937,3.1377100758321106
path,2.7904229910498395,3.147272590377234
path,2.795897784600319,3.1569237293046024
path,2.8019288112505705,3.1668365533896963
path,2.8080540207214564,3.176905817935561
path,2.813961468908708,3.1868171988855045
path,2.8196057013574602,3.1966677772451306
path,2.824742412434266,3.2057273625887523
path,2.8296309268795463,3.2136382841409903
path,2.8340882712183615,3.2210310302411247
path,2.8382505315249467,3.228304783877109
path,2.842191236827664,3.2354595323463875
path,2.846859693785596,3.242359623609706
path,2.8516233868162217,3.2492622907180353
path,2.856158207955774,3.2561013767480493
path,2.8604840453233282,3.2628512545897674
path,2.864613951140029,3.2694984432315626
path,2.8686013706367537,3.27606770270714
path,2.8727292157248425,3.2828066993357163
path,2.87715712292112,3.289788841366429
path,2.8817355551716037,3.2968666620859595
path,2.8864461207872,3.30401232604258
path,2.890892904930442,3.310691027947651
path,2.894994830904744,3.316804986314118
path,2.899016342739014,3.3228074291650125
path,2.9036356476376772,3.3294218242195357
path,2.908476638241373,3.3363654447440485
path,2.9131070564504946,3.342992548758619
path,2.917572894911445,3.3493781272396514
path,2.92185749555608,3.3559120812157692
path,2.9260237297817056,3.362514568554
path,2.9300522711882895,3.369195392981996
path,2.9338461394155737,3.3758503610256967
path,2.9375282447386377,3.3825675731382914
path,2.9412369705201344,3.389358814071766
path,2.9450402994604477,3.3962002716291604
path,2.948943803536727,3.4030258066140475
path,2.9529793431945373,3.409848036471425
path,2.9571395977602193,3.4166203179826904
path,2.9613984534437585,3.4233456045731647
path,2.965651854518027,3.4300750356545384
path,2.9698849236751816,3.436815279667389
path,2.973756384285456,3.4433462092281126
path,2.9772321883957793,3.4495154613084664
path,2.9803800419614674,3.455356896011654
path,2.983560275904921,3.4610991355236234
path,2.9868286844007947,3.4667581930836553
path,2.9901280911474934,3.472436063986155
path,2.99338379531562,3.4781376670122195
path,2.9966024157282076,3.48385350918283
path,2.9997987840803546,3.4896090533153243
path,3.0029765820723457,3.4953841939738166
path,3.0061731784540004,3.5012365639796403
path,3.009334994487103,3.507136657711945
path,3.0124575178752817,3.5130526149682844
path,3.0155392522891127,3.5189776781083646
path,3.018561992526848,3.524909314229592
path,3.0218322430714357,3.5311601603003457
path,3.025351823376491,3.537653881308422
path,3.029039399159895,3.5444029457405213
path,3.032761252589861,3.55142546306645
path,3.036414106228335,3.558417393644497
path,3.0401522618115964,3.5653523135249467
path,3.0439421593895726,3.5720895190775446
path,3.0477410495473243,3.57863677094973
path,3.051463598942179,3.585029467959445
path,3.0551033675957466,3.5913145917489357
path,3.0587381628266135,3.5976158053982195
path,3.0623352166709283,3.603867201574395
path,3.0658491456689885,3.610090975488933
path,3.0692789285298923,3.616298382034697
path,3.072624402869065,3.622499715273069
path,3.0761122063517186,3.62907854027274
path,3.0797478127355453,3.635916875187156
path,3.083465509387243,3.6427532265518217
path,3.0872675590706122,3.6495499596715715
path,3.0913033543487556,3.6573140136856845
path,3.095385592427091,3.6655515682857005
path,3.099318999155918,3.6740369202702086
path,3.1033419030869096,3.682361230473889
path,3.1073437810932507,3.690497775942847
path,3.111354529856649,3.6984350596618047
path,3.115415969108908,3.7061904554212717
path,3.1195558916397736,3.713976607063472
path,3.123778862510936,3.7218575758549504
path,3.128063591552245,3.7296147318495363
path,3.1324292080786957,3.7373383642514137
path,3.136883222608672,3.745032072286289
path,3.141427330388033,3.7526990235751865
path,3.146062285392352,3.7603407660677433
path,3.150788497566411,3.7679591742081473
path,3.1556063783708166,3.775556123129928
path,3.1604962241309145,3.782997182922769
path,3.165449831659721,3.7901752957288184
path,3.170475337074101,3.7970983461251135
path,3.1754809129253827,3.8038262516420094
path,3.1805118429678974,3.81045417633352
path,3.185654731262511,3.81697945084409
path,3.190713876974857,3.8232607005231904
path,3.195564169472876,3.829258376030101
path,3.2001935092077023,3.8349673087790386
path,3.204617767465938,3.840402518268509
path,3.20913214413559,3.846020207378636
path,3.2136919818103338,3.851684256508171
path,3.2182438121466186,3.857344821787917
path,3.2227794805969716,3.863012464713249
path,3.227299034235403,3.8686871468490103
path,3.231969536795854,3.8748617627560242
path,3.2369433839646122,3.881618469962467
path,3.2421740248998203,3.88860939136927
path,3.247593810989975,3.895636876109233
path,3.252997900671654,3.902707595036446
path,3.2583508873218174,3.909822344950567
path,3.263652693982087,3.916980920783913
path,3.268928906273699,3.92420547819056
path,3.2742709379965715,3.931298768672379
path,3.2795887353620325,3.938378317437696
path,3.284883164179212,3.9454678638152023
path,3.2901543382713583,3.9525674019701547
path,3.2954023389637017,3.9596768486272507
path,3.3006272592000325,3.966796149290884
path,3.305829191767856,3.9739252498743003
path,3.310953511650378,3.9809329286310304
path,3.3159665820411166,3.9877367689034156
path,3.3208686972414814,3.9943339565108387
path,3.3256900368488527,4.000796689672203
path,3.3304459078406183,4.007162471499575
path,3.335303780034422,4.013914965895102
path,3.3401917130628895,4.020742868513427
path,3.344920871074401,4.0273794224822375
path,3.349594498828883,4.033805831951975
path,3.3541586377752837,4.0400094935235735
path,3.3587687818775316,4.046620407876511
path,3.36355131649301,4.053408756581257
path,3.3681794613678258,4.060009737112603
path,3.3731320174386923,4.067011063570027
path,3.378851491403271,4.074827613420253
path,3.385191821739383,4.083434693947737
path,3.391921323436905,4.092666107054801
path,3.39863071440207,4.102394994249899
path,3.405296175095034,4.112205656455646
path,3.4119282851332065,4.122037960634315
path,3.418515430676119,4.131875938674891
path,3.4250720748699055,4.141739885469514
path,3.4315746987589892,4.151627612891095
path,3.437812885550532,4.161408488562319
path,3.4439097554108984,4.171058431027767
path,3.4499093886808803,4.180731417517936
path,3.45581622391092,4.190446357083244
path,3.461611551038709,4.200179236701542
path,3.467309079392314,4.209951607492613
path,3.472851918679668,4.219858673585254
path,3.4781589469569165,4.229627160903201
path,3.4833594076974475,4.239248117685802
path,3.4886638962050918,4.248428184118879
path,3.4940770897613236,4.257400707610918
path,3.499607081505727,4.266279021812076
path,3.505145792453303,4.275515683456536
path,3.5108076185569677,4.284611610342757
path,3.5165679925107116,4.293393239305411
path,3.5223336399923193,4.301913314150654
path,3.5280942513802653,4.310222483893101
path,3.533888678435785,4.3188831807479
path,3.5395946680677066,4.328123061882758
path,3.545249633524237,4.337500856137398
path,3.550889980036077,4.346765359444168
path,3.556505222589074,4.355934165089461
path,3.562079529845073,4.365408170273723
path,3.567614226381139,4.3747779262890045
path,3.573043769695912,4.3837142434109975
path,3.5783927904231554,4.392374555222196
path,3.5837912109100096,4.400873540811595
path,3.5890085342215134,4.409735624292293
path,3.5942265113416987,4.4186420854578605
path,3.599636643746796,4.427262171155712
path,3.6052080051860615,4.435631167786982
path,3.6109011731112712,4.443798077696882
path,3.6163480020361396,4.452429651057206
path,3.6216146808944436,4.461224864710448
path,3.627066848119162,4.469634201206918
path,3.632664323197122,4.477705653158734
path,3.6383972936014803,4.485604788078437
path,3.643953055998685,4.4941034662241455
path,3.649192477742485,4.502922345665916
path,3.6545995846047354,4.511382898039616
path,3.660144933582262,4.519522266371654
path,3.6658405380945682,4.527680048229588
path,3.671467140197934,4.535663383065033
path,3.67707805933991,4.54362170639682
path,3.6827775097402062,4.551785495066293
path,3.688595836629125,4.560168735160877
path,3.694508069901596,4.568765050735827
path,3.700344287079702,4.57802457880641
path,3.7060688174069125,4.587314566579261
path,3.7118641043609624,4.596357848672724
path,3.7177247094535386,4.6052136189772215
path,3.72363710375279,4.6139133506463885
path,3.729321884039876,4.623054268996829
path,3.7344573030688317,4.632186074854727
path,3.7396772378112155,4.640956602331475
path,3.745050685856276,4.649867270529165
path,3.750495569088046,4.658852681043148
path,3.755725869055866,4.668006834637734
path,3.760952423688327,4.676883239666498
path,3.7663340301480837,4.685688003694934
path,3.771716708438265,4.694457613577387
path,3.7769127537703806,4.703186435339515
path,3.78203974560862,4.711658420707219
path,3.7870534833164315,4.7198226212996985
path,3.79200899679499,4.727870159317635
path,3.7968071246485975,4.735871788616123
path,3.8014929595438613,4.743847188383388
path,3.8061997936228047,4.751990475151684
path,3.810787321061236,4.760344675276296
path,3.8152102634540035,4.768922190502252
path,3.819456815560354,4.777773919965801
path,3.8234608827411574,4.7868632297018054
path,3.8269722207255046,4.795585445634664
path,3.8300950048148907,4.803698487491824
path,3.833172387571284,4.811756737624001
path,3.8363069860614845,4.8200130494593765
path,3.8394813346878283,4.828366085971167
path,3.8426755198470164,4.837096887071743
path,3.845914919027492,4.846204210878024
path,3.849315587334026,4.855593302871234
path,3.852870907595364,4.865266604017662
path,3.856580496715548,4.875224863907598
path,3.8602469909239665,4.884811756553245
path,3.8635058148497463,4.89355464570536
path,3.866357524489329,4.901529632072098
path,3.869020195264994,4.909010283520451
path,3.871658325966576,4.9164377517233335
path,3.8741523333218666,4.923426588796942
path,3.8763145609738494,4.929734917795286
path,3.8783867993694243,4.935876251871736
path,3.880450780250119,4.942015681024113
path,3.882506454346438,4.9481529454933755
path,3.884421670529029,4.953855816640952
path,3.8860095194587196,4.958867213337632
path,3.8874229210676123,4.963488535459668
path,3.888834161844687,4.9681019459618625
path,3.8902402570615133,4.972707595693058
path,3.891535838021206,4.977018407090874
path,3.8927658434149683,4.981219325564385
path,3.8939891564112186,4.985408914181783
path,3.8952065432087,4.98959080729122
path,3.896417729703343,4.993764593387045
path,3.898403272523304,4.998221968513459
path,3.900408310091134,5.003037833885414
path,3.9023498689341203,5.008135660445786
path,3.904375240669936,5.013403217805554
path,3.906509556721086,5.018817397698392
path,3.9087952412679585,5.024525893634985
path,3.911198123205606,5.030447167470251
path,3.9137089497271846,5.036503419681842
path,3.916323999969592,5.042690137276009
path,3.9191439358826443,5.049003733572591
path,3.9218744976314106,5.055229308696992
path,3.924198598639101,5.06104944127913
path,3.9266931976453403,5.066290162190005
path,3.929156683708824,5.07128571129549
path,3.9314935601312215,5.07607171751484
path,3.93361614672433,5.08052630713114
path,3.935647998791509,5.0848207587228655
path,3.937583354470405,5.089023968953008
path,3.9394478195705434,5.093180868744366
path,3.9412555760488153,5.09729489837317
path,3.94315197981619,5.101977856039108
path,3.945065814275721,5.107372533494175
path,3.946915311997549,5.112949841359696
path,3.9488078709311236,5.118560506446434
path,3.9507556735090543,5.1241867110948585
path,3.9528507197003284,5.129684918392631
path,3.954981112872116,5.135141640988591
path,3.957114783477515,5.140587869263422
path,3.9592567649087376,5.146026940265517
path,3.9614083606652315,5.151460681593014
path,3.963656248548619,5.156146554855498
path,3.9659035426937006,5.160164136426351
path,3.968130849382459,5.163948666471143
path,3.9701642613519232,5.167434073662796
path,3.972019665280338,5.170764021090372
path,3.9736963600954,5.174001186047882
path,3.9753001228746823,5.177212451300739
path,3.976834976141885,5.180411560943801
path,3.978300791344393,5.1836023509484415
path,3.979647098247768,5.186731679626677
path,3.980910070476827,5.189816022611892
path,3.982175516807945,5.192876281439487
path,3.9834521742024056,5.195938714442119
path,3.9847302694202336,5.1990006243849765
path,3.9860131926025413,5.202063313903489
path,3.9873883341487373,5.205625986585675
path,3.9887630870366775,5.209496811414999
path,3.9901604167267783,5.213413984644332
path,3.991611217457868,5.217346601459192
path,3.993118272539402,5.221310956075282
path,3.9947167257355676,5.225231498356248
path,3.9963641209896936,5.229166241567725
path,3.998045045768686,5.233119981345112
path,3.999745182335277,5.237086601744194
path,4.0014632365663045,5.241062033069081
path,4.003105157962765,5.2448586576934355
path,4.004753037380651,5.248625535372604
path,4.0064043868872545,5.2523774945844455
path,4.00810245499567,5.255964654776043
path,4.009804295488918,5.259431171394688
path,4.011513659965894,5.26278731323855
path,4.013188512844284,5.266050144757512
path,4.014780311730371,5.269247758521313
path,4.016272837361556,5.272429414738581
path,4.017664113753223,5.275600104810274
path,4.019028840766394,5.278705376328098
path,4.020366001075462,5.281777240610495
path,4.021690413814903,5.284833755360898
path,4.023018920544067,5.287888331023413
path,4.02435154007344,5.290941807679189
path,4.025680193172815,5.293939499347402
path,4.027025117025128,5.296892734455599
path,4.028382614482015,5.29984275649759
path,4.029742677583266,5.302794225822959
path,4.031108532755278,5.305745701615143
path,4.032502835314958,5.3086460163288836
path,4.03391119234498,5.311522491386429
path,4.035326288912063,5.314400298762861
path,4.036743524290358,5.317278390067435
path,4.038162899310706,5.320155310006859
path,4.03961489764694,5.323591326028599
path,4.0412243575101865,5.327685621462135
path,4.042875931153964,5.331824035627874
path,4.044539240320324,5.335963925951548
path,4.046223167443778,5.340105437341247
path,4.047957236047638,5.34418407609358
path,4.049706237698265,5.3481834226076455
path,4.051423725480507,5.352151365533983
path,4.0531100797749335,5.356116824280535
path,4.054765084586741,5.360084413865309
path,4.056439206746546,5.363977046796793
path,4.058106082064629,5.367814006682429
path,4.059755439145511,5.371620763616314
path,4.061374643185956,5.37541389406731
path,4.062985686671276,5.379199517747171
path,4.064637052341439,5.382889958302183
path,4.066283957340463,5.386529734854898
path,4.067902357662019,5.390139571499856
path,4.069497087381492,5.3937327371021935
path,4.071070039533039,5.397303589625684
path,4.072664391306963,5.400777997373975
path,4.074245254204618,5.404194657788888
path,4.075800710852537,5.407584600639608
path,4.077339804931677,5.410950762399921
path,4.078854664644912,5.414290238644876
path,4.080376919486286,5.417564064691347
path,4.0818749753918615,5.420809022274182
path,4.083353888645069,5.424029921056488
path,4.084814961646091,5.4272279310431255
path,4.086265939649235,5.43041099083248
path,4.087720153488683,5.433549830654413
path,4.089158694923,5.4366666774749115
path,4.090594046096503,5.439775280893703
path,4.092032500846628,5.442884934334776
path,4.093459798631769,5.445996192317761
path,4.094899200108292,5.4490771817308765
path,4.096316819896734,5.452141992633416
path,4.097728256386741,5.45521147748731
path,4.0991461836108245,5.458298217159521
path,4.100573179518636,5.461408583702253
path,4.102011626210681,5.46448371084871
path,4.1034319825789956,5.467552808805299
path,4.104837578181987,5.470627376450393
path,4.106227236669825,5.4737111386014
path,4.107622738401586,5.476825527580708
path,4.109169468087849,5.480484526081978
path,4.111056420070848,5.4847732527904824
path,4.113119753782483,5.489338913414571
path,4.1153120145735445,5.494032458263302
path,4.117565318107836,5.498577717248396
path,4.119831995937695,5.502959474891835
path,4.12203049486219,5.5072052568383825
path,4.124220732116853,5.511286214570704
path,4.126338076692535,5.515370973210196
path,4.128379723365977,5.519470108951173
path,4.1304174782640315,5.523465262160724
path,4.1324247020206135,5.527417829796943
path,4.134377705937242,5.531355980242716
path,4.136253972966599,5.535290157052097
path,4.138055460057088,5.539247474268811
path,4.139858045926456,5.543075468889221
path,4.141593120592628,5.546863439356627
path,4.143290921368868,5.550687428050622
path,4.144992163871591,5.554533374998912
path,4.14670652658732,5.558385047151966
path,4.148465502531339,5.562003310362141
path,4.150153402864044,5.565572748175536
path,4.151775226119608,5.56913847005996
path,4.153396549791984,5.572702028720106
path,4.1550191390150655,5.576264661437632
path,4.156634619302315,5.579693857942447
path,4.158192636475526,5.583095434710663
path,4.15974665704843,5.586496548658414
path,4.1613018131968245,5.589896775049818
path,4.162858113112071,5.593296115116581
path,4.164448591768532,5.596463841484331
path,4.165961562270496,5.599553172560821
path,4.167386012251464,5.602638001709047
path,4.168802579167816,5.605720877282619
path,4.170220133965853,5.608803026618272
path,4.171625701410846,5.61174836894909
path,4.1729698300310005,5.614664269173646
path,4.174314152889373,5.61757883081447
path,4.175659343390771,5.620492718562418
path,4.177005405593541,5.62340593374865
path,4.178330069802444,5.6262139954754415
path,4.1796251239212205,5.629011623348055
path,4.180920958364703,5.631808584795694
path,4.1822175796431,5.634604884174252
path,4.183514994351585,5.637400524466846
path,4.184788840945028,5.640101039605872
path,4.186041314694567,5.642795595641221
path,4.187294544982817,5.645489528975285
path,4.188548535431687,5.6481828430789465
path,4.18980329012054,5.650875539999426
path,4.191036209992468,5.653503276129003
path,4.192260877192164,5.656126701951492
path,4.193486256061647,5.658749529236137
path,4.194712351562528,5.661371760749189
path,4.1959517795671495,5.663976204693587
path,4.197175362632309,5.666534989774047
path,4.198366748872924,5.66908087654781
path,4.199558957935278,5.671626080018283
path,4.200844139123839,5.6741904776839815
path,4.2022127782944825,5.6767543702476475
path,4.203561872768836,5.679243538573193
path,4.20488890019704,5.6817231302178
path,4.206216972582666,5.684201732841481
path,4.207546089877435,5.686679357027429
path,4.2088762521009615,5.689156012197516
path,4.210522964530166,5.692287579349769
path,4.2123998032610075,5.695771194261547
path,4.214278726326416,5.699253085233262
path,4.216159733629812,5.702733247777408
path,4.218042825204082,5.706211677454791
path,4.219914463334941,5.709573411402715
path,4.221731869129144,5.71291288436541
path,4.223546876915671,5.716249854780472
path,4.225363809900288,5.719585210689167
path,4.227182668475984,5.722918948257382
path,4.228984838457124,5.726147443779518
path,4.230742721721464,5.72935893358652
path,4.2325019185520905,5.732568805111903
path,4.234262907022013,5.735777159644908
path,4.236025688201234,5.738983993215333
path,4.237771196162451,5.742077296236808
path,4.239466484251498,5.74515092654597
path,4.241162518453338,5.748222959078081
path,4.242871087579387,5.7512831534258
path,4.244569992910051,5.754354088746161
path,4.246248839573754,5.757316515722828
path,4.247884178433854,5.760263230161812
path,4.249521091360751,5.763208570193137
path,4.251159577058215,5.766152539525622
path,4.252799631450687,5.769095141278006
path,4.25441855689492,5.77194431636176
path,4.256018152525126,5.77479637617306
path,4.257641648882324,5.777673987911647
path,4.2592905853519785,5.780578050266781
path,4.260968057934629,5.783510004252253
path,4.262622449707096,5.7862996927961765
path,4.264238449483106,5.789080985638405
path,4.265883851370966,5.791888207870427
path,4.267561266788533,5.794722401868924
path,4.269273842113835,5.797584814278216
path,4.270984329667736,5.8003928995444305
path,4.272722363361127,5.803225599134209
path,4.274506619541859,5.8060874401562295
path,4.276344684862094,5.808983794322791
path,4.278246391602866,5.81191823815361
path,4.280183554737015,5.814817066241132
path,4.28214756687144,5.817743311178921
path,4.284098787322632,5.820687302513201
path,4.286028195913207,5.82362702663788
path,4.287954547409162,5.826606240495742
path,4.289819411938166,5.829535256460147
path,4.291673044408893,5.832474179689241
path,4.293514455553038,5.8354301179136145
path,4.295343756621578,5.838402951906181
path,4.297170182790504,5.841380954571325
path,4.298954315966157,5.844291034351856
path,4.300737978094879,5.847181145514283
path,4.30252791266743,5.850069386507813
path,4.304320553532122,5.852948418819053
path,4.306115869260031,5.855818493794868
path,4.307863365418062,5.8586203344651
path,4.309591777802918,5.861411355879074
path,4.311318125535494,5.864199526791915
path,4.313042327508698,5.866984820612656
path,4.314764296220577,5.869767215584723
path,4.316452840893569,5.872493975881155
path,4.318130618961213,5.875206640712043
path,4.31980601702392,5.877916467634642
path,4.3214789538062846,5.8806234321303
path,4.323153977910629,5.883313668466799
path,4.324958219915466,5.886350512265049
path,4.3268470420947995,5.8895741919874585
path,4.3287952652965656,5.892814484037988
path,4.330793831102745,5.896068392676901
path,4.332795805813204,5.8993204591047625
path,4.3347592994470014,5.902487612591078
path,4.3366803465213675,5.905613754481932
path,4.338558451125238,5.908683138275563
path,4.3404240894478905,5.911739395996421
path,4.342253461066958,5.91481274956662
path,4.344047375310344,5.917800018710863
path,4.34578000174319,5.920731868209261
path,4.347496778640974,5.923656782333813
path,4.349205970407252,5.926577358873818
path,4.350907378393432,5.929493537218038
path,4.352578105766469,5.932342902223018
path,4.35421716666232,5.935170119172258
path,4.355848319343927,5.937993020337231
path,4.357471368865876,5.940811546485464
path,4.359086128596456,5.94362564436309
path,4.360674720471189,5.946367139447462
path,4.362236465463238,5.949086739885159
path,4.363800212795213,5.951805225855982
path,4.365365965948959,5.954522596480197
path,4.366933728104582,5.9572388507456955
path,4.368522170749742,5.959784392203653
path,4.370077515451109,5.962202057546127
path,4.371564202577072,5.964581079358735
path,4.372976562439849,5.9669357074146046
path,4.374337919815787,5.9692732120018945
path,4.375681311060282,5.971573413891919
path,4.37702117825271,5.973869888758705
path,4.378362513023292,5.976165553347376
path,4.379705297684722,5.978460412174909
path,4.381049533180943,5.980754464762291
path,4.382388646250639,5.983014209381685
path,4.383712533638864,5.985266991528256
path,4.385037720194745,5.987518961654744
path,4.386364310351847,5.989770150949242
path,4.387692304585401,5.992020558899097
path,4.389147999118931,5.994506453896742
path,4.390626212506876,5.997003857706172
path,4.392106160475043,5.999500295266493
path,4.393592812097361,6.00198919215338
path,4.395077578030005,6.004489103212414
path,4.396566434265376,6.00693001797803
path,4.398035317624431,6.0093588142768795
path,4.399496373524774,6.0117836809957685
path,4.400953886821274,6.014205954985088
path,4.402408319939408,6.016625786337969
path,4.403883458870289,6.018972614003627
path,4.405360641993212,6.021307868897707
path,4.4068360928736965,6.023641205014534
path,4.408310264109628,6.02597276753143
path,4.409783605157833,6.028302699576498
path,4.411278104924417,6.030566368260182
path,4.412775813228919,6.03282162513704
path,4.414274002381608,6.0350757426154855
path,4.415773111565065,6.037328860181169
path,4.417191773891451,6.039418139961704
path,4.418538144430282,6.041367373108147
path,4.4199019464148135,6.043339843875606
path,4.421267235501127,6.045311862390211
path,4.422634009495212,6.047283425222094
path,4.424002266456884,6.0492545302664045
path,4.425327139563782,6.051172126089936
path,4.426658370346664,6.0530849821032495
path,4.427990980704202,6.054997378186778
path,4.429324970899219,6.056909315310689
path,4.430660341222755,6.05882079438336
path,4.431968975860661,6.060692374767854
path,4.433278926025321,6.062562783535414
path,4.434590200947663,6.0644327551852255
path,4.435902800889145,6.066302290104627
path,4.437216726144994,6.068171387931906
path,4.438492078966678,6.069985636271157
path,4.439768861205619,6.071797500603856
path,4.44104689274692,6.073608955863562
path,4.442326173755673,6.0754200017635975
path,4.443606704428081,6.077230638008329
path,4.444884152860506,6.078905549635164
path,4.446154851353755,6.080455979527715
path,4.447339276837173,6.082016954154021
path,4.448512219638136,6.083581065903714
path,4.449681180818847,6.0851537749482985
path,4.450931455900432,6.086917440653629
path,4.452224881636311,6.0887466990359735
path,4.453542165802391,6.090606482201929
path,4.454853988489973,6.092490009742125
path,4.45614615745661,6.094353864323815
path,4.4574314547125145,6.096165977245393
path,4.458734578098678,6.097990530753306
path,4.460051736125515,6.099849093888872
path,4.4613825546587815,6.101741391457316
path,4.462726619902415,6.103667060847977
path,4.464058160273326,6.105579769789981
path,4.465379818427732,6.107505281338109
path,4.4666880586018385,6.109449517813281
path,4.46797298895193,6.111391524801219
path,4.469265472604524,6.1133111666725455
path,4.470462719416716,6.115108971718037
path,4.471622081134673,6.11684785427671
path,4.4727576239221145,6.1185733685320285
path,4.473896081172387,6.120303357160772
path,4.475043513501744,6.122041637158976
path,4.476177200825869,6.123770977638153
path,4.477296247463135,6.125490404440917
path,4.478418059466321,6.127213309602673
path,4.479545740031941,6.128946150866869
path,4.480675071060805,6.1306911362570995
path,4.481793009177094,6.132430982129529
path,4.482902920519528,6.1341753577693074
path,4.484014195903457,6.135920206449438
path,4.485125762919643,6.137671821677613
path,4.486238514040471,6.139427871574076
path,4.4873225866066555,6.141155216224448
path,4.488402167003993,6.14287452949694
path,4.4894811882093775,6.144598827866894
path,4.4905618120889175,6.146329221080097
path,4.491641083393868,6.148064915208079
path,4.492696071681872,6.149768257816106
path,4.493747865673906,6.151472690238225
path,4.494794817347411,6.1531819595237405
path,4.4958472152827955,6.154893622151125
path,4.496898656448098,6.156607724395417
path,4.497926857478762,6.158291314391997
path,4.49895291405487,6.159989841848189
path,4.499976826270975,6.161703620713331
path,4.50099858867554,6.163432955259278
path,4.502018202835807,6.165178123857075
path,4.503257658772641,6.167196889469801
path,4.504548178487471,6.169425475813279
path,4.505829039679318,6.171708530310288
path,4.507106942501999,6.174017416359162
path,4.508389900654556,6.176323814465207
path,4.509667776967464,6.178461244658529
path,4.510949694231208,6.180527009639711
path,4.512231782587808,6.182609036511054
path,4.51350868161493,6.18471066405756
path,4.514782645271994,6.186815783973594
path,4.516035274562388,6.188683585661693
path,4.517310663757365,6.190412370512312
path,4.51858247516078,6.192136075750304
path,4.5198538356025235,6.193857851966353
path,4.521127210273014,6.19557954591037
path,4.522374076588965,6.197255843375774
path,4.523601845222642,6.1989110202288416
path,4.524827451378535,6.200562449004461
path,4.526054809347469,6.20221359325082
path,4.527282106070448,6.203863327921348
path,4.528495092357105,6.205488608468377
path,4.529698711790509,6.2071016209476735
path,4.53090250037398,6.208713074003817
path,4.53210616609304,6.210323107914841
path,4.533311699708614,6.211933012506857
path,4.534497822707952,6.213512499330876
path,4.535674079653812,6.215079187551178
path,4.53684928968448,6.21664349357091
path,4.538026078224723,6.218207419464968
path,4.5392029223708406,6.219770202348508
path,4.54036539296088,6.2213080750512155
path,4.541515932693422,6.2228313408504
path,4.542665398098648,6.224352271495996
path,4.543816199312911,6.225872611070853
path,4.544967108345392,6.227391951464053
path,4.546107776958582,6.228892956055317
path,4.547239211438269,6.2303829441162994
path,4.548371425427578,6.231871753671246
path,4.549503636650213,6.233359501852791
path,4.550637221013415,6.234846740184025
path,4.551752972657214,6.23630663282899
path,4.552858270738595,6.237753175773671
path,4.553963365656101,6.239198004118562
path,4.555068412764501,6.240641809742159
path,4.556174827112944,6.242085168971221
path,4.557266670832218,6.243506335280765
path,4.558350847331413,6.244917353981971
path,4.559434515533956,6.246326895354759
path,4.560519181732335,6.24773562530663
path,4.561604693798524,6.249143890322045
path,4.562678545272433,6.250534462986459
path,4.563783580034625,6.251915081188255
path,4.564953929433152,6.2532979695233095
path,4.566124138152936,6.254687511499647
path,4.567294225866384,6.256083657827502
path,4.568430756580888,6.257481750216121
path,4.5695671828794096,6.258886341863538
path,4.570703632009911,6.260296688789591
path,4.571840750494817,6.261707476389818
path,4.572978668617946,6.263117631950741
path,4.57406060886067,6.264456912624378
path,4.575143231369208,6.265795589577352
path,4.576226576134387,6.267133699674808
path,4.5773106433521535,6.2684712446957525
path,4.578395433190731,6.269808226210318
path,4.579460533680975,6.271119526371341
path,4.58052631576257,6.272430273413863
path,4.581592793801511,6.273740480832253
path,4.5826599678763955,6.275050149537875
path,4.583727838039265,6.276359280275157
path,4.584772213049655,6.277638259920584
path,4.585817236104989,6.278916711683096
path,4.58686292410939,6.280194650712747
path,4.587909283496942,6.281472074580087
path,4.588956310603065,6.2827489852119465
path,4.589985734841034,6.284023218218802
path,4.5910209086517595,6.285314516327593
path,4.592056716945185,6.286605377435952
path,4.5930931601781575,6.28789580356948
path,4.594130238754323,6.289185796487293
path,4.59514114979484,6.290442063153503
path,4.596152645370448,6.29169790336554
path,4.597164744692076,6.292953335718525
path,4.598177448034542,6.294208361330786
path,4.599190755649503,6.295462981200544
path,4.600182788438672,6.296690141029549
path,4.601175384597847,6.297916899427048
path,4.602168559713134,6.299143271109881
path,4.603162313943572,6.300369256632324
path,4.604156647444352,6.301594856521109
path,4.605130747772169,6.302794449205531
path,4.606105388908748,6.303993659256951
path,4.607080585597671,6.305192500309748
path,4.608056337924567,6.306390972570922
path,4.609032645963629,6.3075890761925235
path,4.6099964081645775,6.308765985253147
path,4.610962665295846,6.309941293220422
path,4.611929459894638,6.311116157744084
path,4.612896792305374,6.3122905778809955
path,4.613864662750508,6.313464552753305
path,4.614812117794633,6.314634206087818
path,4.615760220009044,6.315801953986778
path,4.616708987773784,6.316967733431454
path,4.617658424301776,6.318131479361553
path,4.61860853267095,6.319293126732853
path,4.61953648071784,6.320433622412092
path,4.620465098726111,6.3215715975523805
path,4.621394381620767,6.322707284517283
path,4.622324331845646,6.3238406200110955
path,4.623254951672027,6.324971540973981
path,4.624167782895797,6.326087678310692
path,4.625081265584139,6.327201275908351
path,4.625995415095979,6.328312273746081
path,4.626910233133235,6.329420610155562
path,4.627825721277216,6.33052622369677
path,4.628724083991919,6.3316195045432675
path,4.62962310063678,6.3327099402226485
path,4.630522785289536,6.3337974720988575
path,4.6314231390168965,6.334882039929583
path,4.632324162768185,6.335963583765297
path,4.633208634712436,6.337035000251376
path,4.63409376215899,6.3381032732578335
path,4.63497955805201,6.339168345520297
path,4.635866022862976,6.340230158311459
path,4.636753156939192,6.3412886531663375
path,4.637624275371189,6.342339124891712
path,4.638496050072865,6.343386162076591
path,4.639368492945367,6.344429708658486
path,4.640241603899793,6.345469707310498
path,4.641115382736749,6.346506101035781
path,4.6419767794452795,6.347537629204454
path,4.642838835237152,6.348565438628428
path,4.643701558765253,6.349589474373727
path,4.644564949418341,6.35060968037194
path,4.6454289801646,6.351626348001723
path,4.6462778633971675,6.352638711654409
path,4.64712740287594,6.353647078598741
path,4.647977594647863,6.354651594827929
path,4.648828469324067,6.355651754098332
path,4.649679916804351,6.356649021147834
path,4.650709763102239,6.357718628323477
path,4.651762814820716,6.358910583453209
path,4.652814069917963,6.3601385254791225
path,4.65386592785011,6.36136595023879
path,4.65491838839883,6.362592857526156
path,4.655934946736581,6.363797887457653
path,4.656952349982991,6.364998079991335
path,4.657970607648373,6.366193588539297
path,4.658989717280739,6.367384348323386
path,4.660009676304801,6.368570295021122
path,4.660997050641115,6.369734526153661
path,4.661985233240637,6.370893817598135
path,4.662974245057999,6.372048109823946
path,4.663964083046457,6.373197340802947
path,4.664954713563206,6.374341902143625
path,4.665914468094505,6.375467241509612
path,4.66687577886801,6.376587817708979
path,4.667837791908236,6.377702448038957
path,4.668800445243897,6.378812004767201
path,4.66976346280849,6.379920957845877
path,4.670704466610986,6.381010247282613
path,4.671646139501435,6.382093431432112
path,4.672588162577377,6.383176015983538
path,4.673530531806749,6.384258107389869
path,4.674473169023137,6.385339481589279
path,4.675385469145602,6.386387662577327
path,4.676298211478049,6.387432575299447
path,4.677211301967729,6.388476663702156
path,4.678124746832052,6.3895198159056825
path,4.679038552629987,6.390561911858437
path,4.679929162920236,6.39157737816312
path,4.68082016981261,6.392590271866558
path,4.681711539655588,6.393601778244681
path,4.682603279827487,6.3946117535759734
path,4.683495398025131,6.3956200452764715
path,4.684365981191689,6.396603324662503
path,4.6852369942291325,6.397583223013836
path,4.686108390404012,6.398561042299696
path,4.686980177983091,6.399536609005844
path,4.687851837256792,6.400509166593655
path,4.688699939465539,6.401456333231996
path,4.689548591080381,6.402397552687303
path,4.690397641167094,6.4033359264069745
path,4.691247098958878,6.404271258598322
path,4.692096973773027,6.405203348808916
path,4.692935653181083,6.406123059641244
path,4.693774750774383,6.407040955894929
path,4.694614177492755,6.407958816164475
path,4.695453933271218,6.4088766501641485
path,4.696294019338116,6.4097944456209595
path,4.697112444512046,6.410695826693449
path,4.697931558462128,6.411589972863511
path,4.698750986218612,6.412484097805405
path,4.6995707283310955,6.413378198567219
path,4.700390785122741,6.414272276274516
path,4.701197307808848,6.415154049833444
path,4.702004263391973,6.4160331454392034
path,4.702811524086142,6.416912220745376
path,4.703619089956384,6.417791280340557
path,4.704426961178329,6.418670326621513
path,4.705215407342658,6.419533960247905
path,4.706004422677852,6.420391826752592
path,4.706793729644777,6.421249681067688
path,4.707583328514088,6.422107523271955
path,4.708373220294418,6.4229653540901985
path,4.709147914505937,6.42380900675091
path,4.709923001738811,6.424650128439899
path,4.710698370543062,6.425491239630568
path,4.71147402116697,6.426332340174136
path,4.712249953799834,6.42717343093968
path,4.712554301750979,6.4276304903740025
path,4.712278588819403,6.427614239776579
path,4.711727551360002,6.427471903695834
path,4.711039772344454,6.42727005375122
path,4.710236219458739,6.427017403594289
path,4.709920162179887,6.4268669618871686
path,4.709485747198319,6.426684512028131
path,4.708837684080054,6.426407051723084
path,4.708020978586515,6.426057222039994
path,4.707059254719479,6.425650661125342
path,4.706632333940126,6.42542038427759
path,4.706211161592306,6.425204074550525
path,4.705588071942804,6.424906200123805
path,4.704798226246384,6.4245395239789715
path,4.703867450620657,6.424114247782613
path,4.702840107271187,6.423648886037478
path,4.7016882373607105,6.423128963154071
confirmed_rock,-7.13,-8.11
confirmed_rock,-5.72,-0.17
confirmed_rock,-6.53,-0.39
confirmed_rock,-6.91,5.32
confirmed_rock,-4.9,5.41
confirmed_rock,7.44,1.38
confirmed_rock,7.76,2.06
confirmed_rock,7.06,2.37
confirmed_rock,7.95,9.68
confirmed_rock,10.32,7.83
confirmed_rock,7.7,10.79
confirmed_rock,10.8,8.41
gt_rock,0.85,6.88
gt_rock,-11.98,7.91
gt_rock,11.97,8.31
gt_rock,25.95,30.55
gt_rock,10.0,13.69
gt_rock,-6.56,5.8
gt_rock,-5.0,19.5
gt_rock,-6.3,-7.96
gt_rock,-5.0,0.5
gt_rock,-4.2,6.99
gt_rock,8.2,2.5
gt_rock,-13.0,14.5
gt_rock,17.0,19.0
gt_rock,0.6,17.69
gt_rock,-2.0,22.69
gt_rock,9.0,11.5
gt_rock,-12.0,11.5
