type,x,y
path,-10.942215501943451,-12.033350478861829
path,-10.941287242341044,-12.028765718963045
path,-10.940354675644976,-12.0241812537517
path,-10.9395766770367,-12.019849211410403
path,-10.93880091150042,-12.015644902936998
path,-10.937971706971538,-12.011446536518305
path,-10.93710427348817,-12.007251950581935
path,-10.936232104544455,-12.003057736300212
path,-10.935434297573837,-11.999000875188486
path,-10.934593428760891,-11.994963134520624
path,-10.933743617691597,-11.990926214794705
path,-10.932890444340137,-11.98688953678311
path,-10.93203390626723,-11.982853102680496
path,-10.931289761734414,-11.979014865928097
path,-10.930511591649479,-11.975229957284032
path,-10.929700734993114,-11.971448411879031
path,-10.92888683909022,-11.967667194674064
path,-10.928069920299595,-11.963886294371123
path,-10.927351043564915,-11.96027608410135
path,-10.926590135625302,-11.956700020342018
path,-10.925809488621013,-11.953125984889137
path,-10.925026143761123,-11.949552223004861
path,-10.924240102931051,-11.945978731157163
path,-10.923654723085166,-11.94279387307084
path,-10.923099610480223,-11.939827609573957
path,-10.922484115716296,-11.93687781437082
path,-10.921829240842905,-11.933932105250904
path,-10.92117199670749,-11.930986710739184
path,-10.92054119199774,-11.928132347376971
path,-10.919901772282584,-11.925285285318227
path,-10.919260639523197,-11.922438392898588
path,-10.918617793826389,-11.919591669464555
path,-10.917973235735113,-11.916745114328098
path,-10.917336627121115,-11.913938077409865
path,-10.916697781336588,-11.911132080005835
path,-10.916057275209798,-11.908326239068499
path,-10.91541510804428,-11.905520555407147
path,-10.914771279108958,-11.902715029899495
path,-10.914156149194197,-11.899976802432825
path,-10.91352677672329,-11.897245067936586
path,-10.912895770955965,-11.894513573838807
path,-10.912263136586775,-11.891782312746468
path,-10.911628877761457,-11.889051278108688
path,-10.911001449690017,-11.886354681016348
path,-10.910372079039497,-11.883658896524736
path,-10.909741136697626,-11.880963314280628
path,-10.90910862483367,-11.878267930783924
path,-10.908474545318,-11.875572742999704
path,-10.907856032230253,-11.872939485682611
path,-10.907233943746185,-11.870309180197982
path,-10.906610378726647,-11.867679033680417
path,-10.905985336796444,-11.865049046609151
path,-10.90535881753566,-11.862419219539305
path,-10.904703354065793,-11.859427588116908
path,-10.90396008606134,-11.85628866875939
path,-10.90320627527424,-11.853150849159027
path,-10.902450358154,-11.850013260530016
path,-10.901692333541646,-11.846875904588128
path,-10.900980095685116,-11.84383870498806
path,-10.900245265526092,-11.840812155468296
path,-10.899508434600572,-11.837785885774787
path,-10.898769605353586,-11.8347598919897
path,-10.89802877986513,-11.831734170760143
path,-10.89729523782381,-11.828744452550211
path,-10.896559376851883,-11.825755633136838
path,-10.895821574291896,-11.822767068416354
path,-10.895081830846495,-11.819778757221576
path,-10.89434014703623,-11.816790698678307
path,-10.893638164927642,-11.813892560651812
path,-10.892917888399888,-11.811003638650755
path,-10.892195757232166,-11.808115020047595
path,-10.89147177548211,-11.80522669828326
path,-10.890745946711542,-11.802338667590542
path,-10.890043529857353,-11.79953263860835
path,-10.889335703436654,-11.796732088584513
path,-10.888626170691902,-11.793931760347155
path,-10.887914931220964,-11.791131654536786
path,-10.887201984569723,-11.788331771883222
path,-10.886497566523941,-11.785570024767525
path,-10.885791078286113,-11.78280921415459
path,-10.885082931429762,-11.780048617446559
path,-10.884373125038733,-11.777288236148683
path,-10.883661658199838,-11.774528071767135
path,-10.882931841813926,-11.77139029419114
path,-10.882094861679368,-11.768077689883127
path,-10.881232889836694,-11.76476759773376
path,-10.880368647501346,-11.76145771782635
path,-10.879502120950372,-11.758148063227287
path,-10.878691780120773,-11.754957582680635
path,-10.877855903827397,-11.751781033140338
path,-10.877017879402755,-11.748604747408864
path,-10.876177699205376,-11.745428731824088
path,-10.875335356196297,-11.742252992346991
path,-10.874514989171319,-11.739138538948167
path,-10.873686592017357,-11.736028537962468
path,-10.872856047151034,-11.732918915665682
path,-10.87202335523016,-11.729809667138275
path,-10.871188516727413,-11.726700788143468
path,-10.870386888366129,-11.723695299803875
path,-10.869577413825837,-11.720698803173313
path,-10.868765984128606,-11.71770257359522
path,-10.867952595289553,-11.714706615535906
path,-10.867137243606143,-11.71171093322467
path,-10.866360452988951,-11.708803848839157
path,-10.865568317451531,-11.705905587851653
path,-10.86477529423989,-11.703003827245945
path,-10.86397829969759,-11.700102594461633
path,-10.863179444560126,-11.697201670998172
path,-10.862391759057173,-11.694344650130455
path,-10.86160150500699,-11.691488916807584
path,-10.86080945252042,-11.68863346999624
path,-10.86001560139955,-11.685778308884668
path,-10.859219951379384,-11.682923432895157
path,-10.858451192876425,-11.679665046041313
path,-10.857595811733875,-11.67613529185967
path,-10.85669326663454,-11.672610142748592
path,-10.855743707294481,-11.669089616743182
path,-10.85475359646104,-11.665573108673708
path,-10.853862477408907,-11.662205462349338
path,-10.852931057928147,-11.658854156441555
path,-10.851975656725436,-11.655505305173977
path,-10.851017815150232,-11.652156816668263
path,-10.850057529958423,-11.648808695180628
path,-10.849139716565434,-11.645534963848347
path,-10.848229824547586,-11.64225074715292
path,-10.847305755873757,-11.639039564071844
path,-10.846325359871102,-11.63584085711291
path,-10.845342891566077,-11.632642367337155
path,-10.844431665471829,-11.629599499883698
path,-10.843498621727353,-11.626574889920583
path,-10.842563728760279,-11.623550468886437
path,-10.841626984605382,-11.620526237016726
path,-10.840688386231937,-11.617502196833652
path,-10.83978421672582,-11.614558447423196
path,-10.83886956148767,-11.611620849944199
path,-10.837953099244578,-11.60868353407748
path,-10.837034832507339,-11.605746493042059
path,-10.836114763355724,-11.602809720968894
path,-10.835208202242027,-11.599920108063255
path,-10.834299521403624,-11.59703150659025
path,-10.833389102903086,-11.594143147900885
path,-10.832476947231687,-11.591255029486819
path,-10.831563054668639,-11.588367149313674
path,-10.830676535150278,-11.585562501363343
path,-10.829786499780031,-11.582761661488272
path,-10.828894845552403,-11.57996101241775
path,-10.828001570592313,-11.577160556448044
path,-10.827106673077113,-11.574360295840167
path,-10.82622814910201,-11.571600082776886
path,-10.8253442996663,-11.568841304082424
path,-10.82445880289015,-11.566082852636336
path,-10.823571664007568,-11.56332471763986
path,-10.822682887593617,-11.560566889552213
path,-10.821818931790277,-11.557884683493716
path,-10.82095203487023,-11.555205489345328
path,-10.820083611758681,-11.552526544213324
path,-10.819213663862346,-11.549847844666699
path,-10.818342192354361,-11.547169387733204
path,-10.817493058337458,-11.54455967343839
path,-10.816641485833978,-11.54195216834547
path,-10.815788478815152,-11.539344871749268
path,-10.814934036830447,-11.536737783882986
path,-10.814078159498628,-11.534130904869462
path,-10.813247861280155,-11.5315828862101
path,-10.812410520904304,-11.529038446698621
path,-10.81157175515669,-11.526494320418113
path,-10.810731569070954,-11.523950497052951
path,-10.80988996708621,-11.52140696744538
path,-10.809053413099058,-11.518882907206208
path,-10.808215466501641,-11.516359106578763
path,-10.80737614007538,-11.513835566651247
path,-10.806535436386897,-11.511312282089866
path,-10.805693357645682,-11.508789248221227
path,-10.80487825626192,-11.505788529361386
path,-10.803898626231954,-11.502578044402803
path,-10.802823651830343,-11.499377846884308
path,-10.801745173746152,-11.49617807498834
path,-10.800664593483173,-11.492978572670602
path,-10.799601763792486,-11.489835595625753
path,-10.79853637168055,-11.48669401729565
path,-10.797468934318504,-11.48355270987817
path,-10.796399443801874,-11.48041168153305
path,-10.795327892782714,-11.477270939989742
path,-10.794306279068778,-11.474242389606783
path,-10.793274698476768,-11.471219568773465
path,-10.792301853133704,-11.468153701582441
path,-10.791405289078318,-11.465079289108749
path,-10.790584532764198,-11.461996402189317
path,-10.789840030556157,-11.458963744507248
path,-10.789225214146686,-11.45598804132336
path,-10.788697336497634,-11.45301847364813
path,-10.788169103010334,-11.450048385477574
path,-10.78763844981935,-11.447078959865369
path,-10.787116495150718,-11.444215681939319
path,-10.786604199226678,-11.441375624090144
path,-10.786089671165525,-11.438536170035645
path,-10.78557290473332,-11.435697318761028
path,-10.785053894202502,-11.432859069621832
path,-10.784547591518297,-11.430096514830794
path,-10.78403996947188,-11.427348062075199
path,-10.78353028642033,-11.424600204186717
path,-10.783018533042961,-11.421852938647167
path,-10.782504700867028,-11.41910626340455
path,-10.781817537246091,-11.41596832615246
path,-10.780958176941219,-11.41240313207889
path,-10.780181003200061,-11.40877463326323
path,-10.779474133017155,-11.4051046042758
path,-10.778769545455775,-11.401432109734603
path,-10.778043367788326,-11.397926155591602
path,-10.777376853573356,-11.394488811452561
path,-10.776706959032905,-11.391052376234633
path,-10.776033678698573,-11.387616852259915
path,-10.775357011236434,-11.384182243202732
path,-10.774690033829412,-11.380838630820076
path,-10.77402765983794,-11.377511883488577
path,-10.77336211996036,-11.37418601541093
path,-10.77269341156382,-11.37086102920542
path,-10.772021532247269,-11.367536927617932
path,-10.771340809464443,-11.364353296309504
path,-10.770698502656234,-11.361210416950865
path,-10.770053453469021,-11.358068388211576
path,-10.769405648051382,-11.354927208116424
path,-10.768755072074649,-11.351786869972825
path,-10.768108154476344,-11.34876784581833
path,-10.767484103912059,-11.345779221266456
path,-10.766857470064616,-11.342791333480239
path,-10.766226469002277,-11.339802340108085
path,-10.765586082372252,-11.336836790289711
path,-10.764881261261758,-11.3339913021012
path,-10.76424336064781,-11.33113691274277
path,-10.763657518589739,-11.328261331488287
path,-10.763072356346019,-11.325390627076956
path,-10.762485196544882,-11.3225212444327
path,-10.761848343299649,-11.31937066359275
path,-10.761190863454868,-11.316189211233986
path,-10.760531421236177,-11.313009231653021
path,-10.75986894385363,-11.3098299012555
path,-10.759203677936885,-11.306651636120836
path,-10.758533577365773,-11.303525874552605
path,-10.757874969364467,-11.300423889588854
path,-10.757217782215697,-11.297328779918125
path,-10.75655702817875,-11.29423409265995
path,-10.755895320827234,-11.291142269817168
path,-10.75522218950362,-11.288150548769442
path,-10.754579447211334,-11.285202518928203
path,-10.753940860766678,-11.282266251960579
path,-10.753302530737681,-11.27933433135992
path,-10.752661661302536,-11.276403078386346
path,-10.752014981368278,-11.273555331290721
path,-10.75139048837911,-11.270746742914563
path,-10.750769857091408,-11.267948906053048
path,-10.750149101118467,-11.265154354363817
path,-10.749526171529261,-11.26236064600198
path,-10.748901202420722,-11.259632629589788
path,-10.748290557118144,-11.256930221623586
path,-10.747681254213424,-11.254233210940214
path,-10.747068964156206,-11.251535455203285
path,-10.746452624346162,-11.24883610934157
path,-10.745834612207974,-11.246172114336394
path,-10.745225618364987,-11.243524945136993
path,-10.744612990408331,-11.240876733348992
path,-10.743997507909544,-11.238227849943824
path,-10.7433791416834,-11.235578264418475
path,-10.742767097120392,-11.233003876503602
path,-10.742165640020707,-11.230448114333296
path,-10.741562831405785,-11.227893842773806
path,-10.740958565879088,-11.22534088396054
path,-10.740351926554954,-11.222787778581859
path,-10.739750140096334,-11.220322301067245
path,-10.739164869012505,-11.217881150511158
path,-10.738579658553942,-11.215443814468989
path,-10.7379869091849,-11.212989331327364
path,-10.73740644425356,-11.210530949955455
path,-10.736831001868335,-11.208077370133763
path,-10.7362554094782,-11.205611052763201
path,-10.735678178404742,-11.203144972263685
path,-10.735099258309644,-11.200679698411497
path,-10.734518632908843,-11.198215212654983
path,-10.733947259122285,-11.195813858388043
path,-10.733380828509242,-11.193423651905713
path,-10.732812707305252,-11.191034066417926
path,-10.732242889655863,-11.188645098316373
path,-10.73167137030291,-11.186256744481723
path,-10.731106254211033,-11.183909538009718
path,-10.730542353997834,-11.181567433196077
path,-10.729976781410732,-11.17922587653337
path,-10.729409535208264,-11.176884869976309
path,-10.728840614306,-11.174544415427071
path,-10.728276515459772,-11.172252642982558
path,-10.72771892636852,-11.169973535889358
path,-10.72715976237286,-11.167694983485168
path,-10.726599021314044,-11.16541698492197
path,-10.726036701276728,-11.163139539555775
path,-10.725479635876388,-11.160906770224289
path,-10.724927458948585,-11.158684515034343
path,-10.724373801398631,-11.156462830598185
path,-10.72381865947758,-11.15424171260561
path,-10.723260648237636,-11.152012792684635
path,-10.722703371493177,-11.149788804649512
path,-10.722145651687002,-11.147566756641542
path,-10.721586501594913,-11.14534520486268
path,-10.72102591982935,-11.143124148437865
path,-10.720463905164527,-11.140903586675348
path,-10.719906046825999,-11.13872207853349
path,-10.719353056356685,-11.136549881222743
path,-10.718798721547094,-11.134378201901155
path,-10.718243038827454,-11.132207036082916
path,-10.717686005017312,-11.130036379788923
path,-10.717132756980131,-11.12788799016051
path,-10.716578988262938,-11.125741261734925
path,-10.71602388322747,-11.123595014026325
path,-10.715467440435537,-11.121449245607563
path,-10.714909658612907,-11.119303955278443
path,-10.714356586467144,-11.117198754243002
path,-10.713808678892548,-11.11510305094677
path,-10.713259519271448,-11.11300784543896
path,-10.712709104100602,-11.110913133045626
path,-10.712157430234877,-11.108818909624599
path,-10.711612607697457,-11.106760678456638
path,-10.711068797871716,-11.104706102563421
path,-10.710523750718648,-11.10265196297497
path,-10.709977465903881,-11.10059825972901
path,-10.709429943149575,-11.098544992939244
path,-10.708884119249861,-11.09651127236585
path,-10.708339872918224,-11.0944817281945
path,-10.707794475581947,-11.092452698438597
path,-10.707247921547483,-11.090424175070927
path,-10.70670020568541,-11.088396150909842
path,-10.70606695926151,-11.086017426055296
path,-10.705406661208112,-11.083585367728054
path,-10.704744655507735,-11.081153979426478
path,-10.704080939014439,-11.078723257176982
path,-10.703415508922516,-11.076293197519368
path,-10.702755499409218,-11.073892792007571
path,-10.702095297822089,-11.07149511446268
path,-10.701433408155735,-11.069098058481599
path,-10.70076982977942,-11.066701623837703
path,-10.700104562163459,-11.064305810453789
path,-10.699446529392485,-11.061964043763894
path,-10.698796520611985,-11.059636133134969
path,-10.698144919449264,-11.05730881738454
path,-10.697491725216363,-11.054982096144494
path,-10.696836937328909,-11.052655969199279
path,-10.696187837496492,-11.050371467585146
path,-10.695543904571661,-11.048096656173554
path,-10.694898474241711,-11.045822455508638
path,-10.694251543516435,-11.043548861797756
path,-10.693603109725315,-11.041275871721364
path,-10.692961759099829,-11.03904905849846
path,-10.692325767672434,-11.036831692383045
path,-10.691688370196733,-11.034614938107262
path,-10.691049562059842,-11.032398789679077
path,-10.690409339128749,-11.030183241777763
path,-10.689774167564904,-11.027992484769255
path,-10.689138594839326,-11.025803665860252
path,-10.688501622685278,-11.023615411108354
path,-10.687863249202621,-11.021427718356085
path,-10.687223472707725,-11.01924058574948
path,-10.686590238034501,-11.017093321504946
path,-10.685961130233007,-11.014953886718912
path,-10.685330715656036,-11.01281504145758
path,-10.684698989527254,-11.01067677935947
path,-10.684065947555812,-11.008539094764126
path,-10.68332900855049,-11.006015537505599
path,-10.682555834272351,-11.00341831568031
path,-10.681780684168526,-11.000821906223019
path,-10.681003555761267,-10.998226306411155
path,-10.680224446865267,-10.995631513948569
path,-10.679455256653815,-10.993101091715028
path,-10.678696497270742,-10.990587889713684
path,-10.677935858979794,-10.98807542220194
path,-10.677173341864094,-10.985563690088192
path,-10.676408946052142,-10.983052694344558
path,-10.675651886776004,-10.98060327487756
path,-10.674908272701394,-10.978174649396475
path,-10.674162947261884,-10.975746781738676
path,-10.67341590628193,-10.973319666666892
path,-10.672667146030099,-10.970893299582249
path,-10.671926207177451,-10.96850215405701
path,-10.671185699578922,-10.966114535353912
path,-10.67044350020061,-10.963727609354137
path,-10.669699608285715,-10.961341375652
path,-10.66895402319034,-10.958955834014219
path,-10.66821714836506,-10.956636923701796
path,-10.667495635096408,-10.954340647162937
path,-10.666772586210076,-10.952045061701122
path,-10.666047998069201,-10.949750162818196
path,-10.665321867423978,-10.947455946563366
path,-10.66460001832794,-10.945181698203806
path,-10.663877207448804,-10.942908853073847
path,-10.663152869137987,-10.94063666424503
path,-10.662427001773258,-10.938365130040875
path,-10.661699603927893,-10.936094249058852
path,-10.660981210538171,-10.933906159575415
path,-10.660287057648988,-10.931750292665853
path,-10.659591583332647,-10.929595095905757
path,-10.658894780911567,-10.927440560616972
path,-10.658196644481118,-10.925286679148945
path,-10.657504182419622,-10.92315644719492
path,-10.65681128302609,-10.921027986302512
path,-10.656117059172912,-10.918900138557923
path,-10.655421507675513,-10.916772900068871
path,-10.654724625686573,-10.914646267409738
path,-10.65403584472235,-10.912557724315864
path,-10.653350177353177,-10.910475316235107
path,-10.652663279465694,-10.908393552303577
path,-10.651975144375228,-10.906312423850006
path,-10.651285766064554,-10.904231923121987
path,-10.650606182412057,-10.902189135396176
path,-10.649927835655957,-10.900150090212955
path,-10.649243659858183,-10.89811097878495
path,-10.648558480958254,-10.896067549409544
path,-10.647873651912992,-10.8940311367575
path,-10.647191669690867,-10.892014033151582
path,-10.646508112301996,-10.889999237713543
path,-10.64582327551509,-10.887985076929867
path,-10.645137231457014,-10.88597150078139
path,-10.644449978171437,-10.883958504893739
path,-10.643771651564416,-10.881978694337164
path,-10.643094136729925,-10.88000195611369
path,-10.642410935196933,-10.878024765576527
path,-10.641726363402142,-10.876044473130442
path,-10.641041607025967,-10.874070704097733
path,-10.640326572827366,-10.872014607385813
path,-10.639609859376572,-10.869958979010075
path,-10.6388918802365,-10.86790398349424
path,-10.638172633471834,-10.865849615618044
path,-10.637452117365513,-10.863795870747138
path,-10.636738057193527,-10.86176615552922
path,-10.6360237511408,-10.85973828999239
path,-10.635308194317961,-10.857711012408044
path,-10.634591386441144,-10.855684320948162
path,-10.633873327287723,-10.853658214042825
path,-10.633162757798344,-10.851662606243968
path,-10.632454387361893,-10.849672743424664
path,-10.631744863913939,-10.847683512704442
path,-10.631034182227449,-10.845694906495556
path,-10.630322337604397,-10.843706918016169
path,-10.62961504648282,-10.841736038908811
path,-10.628907001195254,-10.839766248490351
path,-10.62819779894838,-10.837797046110817
path,-10.627487436996898,-10.83582842788401
path,-10.626775912888757,-10.833860390372992
path,-10.6260746660175,-10.831927779823655
path,-10.625374645778242,-10.829998619167037
path,-10.624673483383331,-10.828069986326806
path,-10.623971179082318,-10.826141881559765
path,-10.623267733132389,-10.82421430517064
path,-10.622570326327738,-10.822311435720781
path,-10.621874841874787,-10.820413747003432
path,-10.62117830996603,-10.818516646354057
path,-10.620480725309017,-10.816620127042725
path,-10.619782083143807,-10.8147241830537
path,-10.618984518688974,-10.812540299101297
path,-10.618164238497037,-10.810323132925834
path,-10.617342481010962,-10.808106718001218
path,-10.616519243351092,-10.805891050962666
path,-10.615694522959725,-10.803676128878948
path,-10.614880768607298,-10.801503282711964
path,-10.614071287202751,-10.799339006322137
path,-10.613260421532017,-10.797175484181599
path,-10.612448166461233,-10.795012710092251
path,-10.61163451738946,-10.79285067855383
path,-10.610828206782822,-10.790713992836745
path,-10.610021627326608,-10.788579349872649
path,-10.609213668173865,-10.786445409094329
path,-10.608404330112844,-10.78431217052729
path,-10.607593613795268,-10.782179632567452
path,-10.606796219932225,-10.780093854556013
path,-10.606003045424417,-10.77801634323322
path,-10.60520858951887,-10.775939536903415
path,-10.604412847654869,-10.773863430194892
path,-10.603615815746252,-10.77178801834334
path,-10.60283319084928,-10.769758380368728
path,-10.602052671534619,-10.767733383740989
path,-10.601270887180496,-10.765709007297799
path,-10.600487837718239,-10.763685251324908
path,-10.599703523125111,-10.761662116166667
path,-10.5989231049514,-10.759655395427707
path,-10.598142984939884,-10.75765177936354
path,-10.59736169508753,-10.755648861178
path,-10.596579228730116,-10.75364663300556
path,-10.595795579878349,-10.7516450878157
path,-10.595023234700406,-10.749678340580939
path,-10.59425156526581,-10.747714394602102
path,-10.593478728489599,-10.745751074790636
path,-10.592704721868834,-10.74378837842134
path,-10.591929543176358,-10.741826303108395
path,-10.591142789559083,-10.739838578468888
path,-10.59035482177293,-10.737851479327656
path,-10.589565644385154,-10.735865011851551
path,-10.588775256048558,-10.733879174750081
path,-10.587983655582947,-10.731893966938358
path,-10.587140221229598,-10.72996151120666
path,-10.586238916024573,-10.728078330155649
path,-10.585387015476607,-10.726216043290004
path,-10.58470362258762,-10.72439931041505
path,-10.584098476776731,-10.722587988436823
path,-10.583512427114465,-10.720784401594683
path,-10.582927858148782,-10.718978377303207
path,-10.582344570035158,-10.717169667562073
path,-10.581762618183676,-10.715358182258402
path,-10.581182058075862,-10.7135438311715
path,-10.580621029080863,-10.711737384210174
path,-10.580062795995854,-10.709928693357995
path,-10.579506081746596,-10.708116946039892
path,-10.578949514889912,-10.706304383497871
path,-10.578392431929288,-10.704492090358697
path,-10.577840990722654,-10.70270131508889
path,-10.577290321792942,-10.700913692656352
path,-10.576739151758625,-10.69912633236257
path,-10.576187481057524,-10.697339234181086
path,-10.575635310121424,-10.6955523980903
path,-10.575089484980992,-10.693789564772553
path,-10.574544869390893,-10.692030836983756
path,-10.574074787789963,-10.69018797418441
path,-10.573696599482922,-10.688175887465356
path,-10.5733276731751,-10.686135606971051
path,-10.572954547985018,-10.683915475067538
path,-10.572559560947223,-10.681530102169416
path,-10.572008860512938,-10.679156504886993
path,-10.57108784430513,-10.676953724613632
path,-10.57003009481193,-10.674856657803803
path,-10.56902612345961,-10.672815747344462
path,-10.568027426867236,-10.670782245149633
path,-10.567027743200915,-10.668749164228856
path,-10.566027067514526,-10.666716499829718
path,-10.565011649009724,-10.664669252381762
path,-10.563981860523658,-10.662632998962586
path,-10.562996081924553,-10.660604726840814
path,-10.562011013332297,-10.65856922260428
path,-10.561024886569223,-10.656533529246019
path,-10.56003760217073,-10.654498104259645
path,-10.55906375854149,-10.652496574470135
path,-10.558092699212127,-10.65049977386371
path,-10.557120524792511,-10.648503248107149
path,-10.556147235205435,-10.646507002457454
path,-10.555172830408836,-10.644511041766437
path,-10.554207777206868,-10.642538201177015
path,-10.553243041608354,-10.640567095033337
path,-10.552277217839737,-10.638596278466277
path,-10.551310305959873,-10.636625755023966
path,-10.550342306048186,-10.634655528009409
path,-10.549386900291314,-10.63271629752714
path,-10.54843350496794,-10.630780683899616
path,-10.547479059209973,-10.628845364315264
path,-10.546523563149469,-10.626910341261695
path,-10.54556701693059,-10.62497561707827
path,-10.544549536442506,-10.622914696289559
path,-10.543527053324713,-10.620852030865514
path,-10.54250337636233,-10.618789714026091
path,-10.541478505785394,-10.61672774784074
path,-10.540452441832116,-10.614666134290193
path,-10.539431649693705,-10.612618372684324
path,-10.538410046714288,-10.610571164086881
path,-10.537387266911509,-10.608524308774161
path,-10.53636331054435,-10.60647780842812
path,-10.535338177877069,-10.604431664677398
path,-10.534329415635439,-10.602427204305604
path,-10.533326364915531,-10.600430339080981
path,-10.532322193860304,-10.598433817888864
path,-10.531316902731454,-10.596437642115816
path,-10.530310491794108,-10.594441813116322
path,-10.529318282540961,-10.592480473653977
path,-10.528328999390267,-10.590523584934934
path,-10.527338639723743,-10.588567033444027
path,-10.52634720380271,-10.586610820378477
path,-10.525354691890886,-10.584654946916308
path,-10.524371913821353,-10.582722142246388
path,-10.523389484542626,-10.580790956754878
path,-10.522406006311423,-10.5788601058685
path,-10.521421479390241,-10.576929590670707
path,-10.520435904043419,-10.574999412233591
path,-10.51946337275262,-10.573100337162847
path,-10.518492951354432,-10.571204478139775
path,-10.517521518539379,-10.569308947216472
path,-10.516549074564965,-10.567413745382057
path,-10.515575619690136,-10.56551887361898
path,-10.514608792340564,-10.563639920809505
path,-10.513641506636354,-10.561761587772379
path,-10.512673227673684,-10.55988358213388
path,-10.511703955710646,-10.55800590483405
path,-10.510733691006601,-10.556128556809162
path,-10.509703550654864,-10.554133230935998
path,-10.50866896981021,-10.552136455930517
path,-10.507633266032723,-10.550140057058691
path,-10.506596439639342,-10.548144035425238
path,-10.505558490948724,-10.546148392133572
path,-10.504527287918465,-10.544168985518844
path,-10.503495534611412,-10.542190256519282
path,-10.502462678056188,-10.540211902984616
path,-10.501428718570498,-10.538233925989477
path,-10.50039365647361,-10.536256326608061
path,-10.499371652001676,-10.53430909626604
path,-10.498351476202153,-10.532364770800372
path,-10.49733023469148,-10.530420813697791
path,-10.496307927779721,-10.528477225981439
path,-10.495284555778332,-10.526534008674451
path,-10.494273866816158,-10.524619798824327
path,-10.49326466555392,-10.522708147869855
path,-10.49225443363889,-10.520796858593656
path,-10.491243171373652,-10.518885931973024
path,-10.490230879062056,-10.516975368985486
path,-10.489224898029802,-10.51507955608226
path,-10.48821831922413,-10.513184331852347
path,-10.487210726970606,-10.511289468583197
path,-10.486202121571344,-10.50939496723216
path,-10.485192503329674,-10.50750082875704
path,-10.484194735180196,-10.505633160134224
path,-10.483197936802732,-10.503767487328622
path,-10.482200155922655,-10.501902169600811
path,-10.481201392835295,-10.500037207870237
path,-10.480201647837115,-10.498172603056839
path,-10.479052212902278,-10.495984436878045
path,-10.477894625142188,-10.49370005053102
path,-10.476767472582564,-10.491390750663237
path,-10.475646216668125,-10.489090632576758
path,-10.47453078849395,-10.486799549573833
path,-10.473444906533587,-10.484569189505292
path,-10.472357738562978,-10.482362346856084
path,-10.471271597114997,-10.480168777204886
path,-10.4701924271415,-10.47797881222283
path,-10.469112893731186,-10.47579016500548
path,-10.468051367602945,-10.473644112553572
path,-10.466990448570442,-10.471501420808085
path,-10.465927952092727,-10.469359603627176
path,-10.464863879173203,-10.467218659692032
path,-10.463798230581851,-10.465078588173387
path,-10.46274270417016,-10.462963433115204
path,-10.461686142030212,-10.460849523729255
path,-10.460628041502977,-10.458736466700556
path,-10.459568402868673,-10.456624262363334
path,-10.458507226359355,-10.45451291123136
path,-10.457465046443088,-10.452445425463644
path,-10.45642381625653,-10.450381308869526
path,-10.45538111455984,-10.44831801133118
path,-10.454336941497425,-10.446255533725402
path,-10.453291297217087,-10.444193876997131
path,-10.452254804552329,-10.442154329668629
path,-10.451217164854333,-10.44011576964513
path,-10.450178084967494,-10.438078016555151
path,-10.449137565069798,-10.436041071478188
path,-10.448095605352883,-10.434004935520864
path,-10.446774655641752,-10.431691364587179
path,-10.44534437741504,-10.429266793559325
path,-10.443934356780717,-10.426815648716131
path,-10.44254419987359,-10.424338412105811
path,-10.441173503336804,-10.421835578642273
path,-10.439868940583478,-10.41935205969825
path,-10.438582866431481,-10.416875761789958
path,-10.437294516447809,-10.414400901147813
path,-10.43600413566859,-10.411927296657844
path,-10.434711714470492,-10.409454947344564
path,-10.433443151492673,-10.407037861109695
path,-10.432177023433063,-10.404625769982745
path,-10.430908928894038,-10.402214875338121
path,-10.429638861769448,-10.3998051771687
path,-10.42836681660217,-10.39739667567128
path,-10.427124378686651,-10.395059379865497
path,-10.425889244901724,-10.392729896361363
path,-10.424652230351546,-10.390401531406111
path,-10.423413333180715,-10.388074286150099
path,-10.422172551772947,-10.385748161818215
path,-10.420958311644755,-10.383494659345411
path,-10.419736673060532,-10.38130923495054
path,-10.418495098798179,-10.379125610146234
path,-10.41723332328813,-10.376943794443433
path,-10.415951081315521,-10.37476379664878
path,-10.414650402547712,-10.372623403490412
path,-10.413328798679576,-10.370485663547653
path,-10.41198595257421,-10.368349729721764
path,-10.410621609616706,-10.366215611767144
path,-10.409235516429659,-10.364083319462218
path,-10.407989866428542,-10.362194362354986
path,-10.4067591028224,-10.360396851158685
path,-10.405505876914265,-10.358601025669511
path,-10.404229983586871,-10.356806887328062
path,-10.402931218798315,-10.355014438142721
path,-10.401609959534294,-10.353233718469683
path,-10.400266842323212,-10.351454625712176
path,-10.39891815897514,-10.349676387341324
path,-10.39756851831945,-10.347898781397987
path,-10.396217920011193,-10.346121804808575
path,-10.39488765473728,-10.344373316747047
path,-10.393556478537887,-10.342625563172714
path,-10.39222437396254,-10.340878412082875
path,-10.390891340786998,-10.339131861712186
path,-10.389557378812984,-10.337385910525832
path,-10.388231005017634,-10.335651690254213
path,-10.386903721854289,-10.333918063128882
path,-10.385575521279145,-10.332185024359813
path,-10.384246403175284,-10.330452573122038
path,-10.382916367442103,-10.32872070873
path,-10.381601706575324,-10.327010618818818
path,-10.38028616544866,-10.325301107972246
path,-10.378969728842826,-10.323592168578848
path,-10.377652396706827,-10.321883800367312
path,-10.376334168999978,-10.320176003150612
path,-10.375030493280814,-10.31848876519572
path,-10.373725957211029,-10.316802091751576
path,-10.372420546377127,-10.315115975987123
path,-10.371114260769154,-10.313430417958719
path,-10.369807100383724,-10.311745417773677
path,-10.368428115719619,-10.30962016311663
path,-10.366962446295164,-10.307257633734206
path,-10.365462949690931,-10.304818702641139
path,-10.363934635113813,-10.302382275599342
path,-10.362377202957573,-10.299948365619285
path,-10.360794330405579,-10.297563294995681
path,-10.359182077310507,-10.295185643503144
path,-10.35753983557291,-10.292810561557056
path,-10.355867320528828,-10.290438054512556
path,-10.35416424932954,-10.288068128162971
path,-10.352434057437852,-10.28575608360139
path,-10.350672920631645,-10.28344851189165
path,-10.348880409469968,-10.281143467952417
path,-10.34706085846984,-10.278840740691555
path,-10.345236692886457,-10.27653924896162
path,-10.343454166396445,-10.274291902383496
path,-10.341670115206604,-10.27204724981146
path,-10.339884488305243,-10.26980362320758
path,-10.338097285850852,-10.267561023897619
path,-10.336308508003926,-10.265319453216323
path,-10.334555382205664,-10.263107256346526
path,-10.332788518278488,-10.26089821665822
path,-10.331020121261043,-10.258690259422952
path,-10.329250192293447,-10.256483378293302
path,-10.327478731681088,-10.25427756778347
path,-10.325740891164926,-10.252115647487068
path,-10.324001627801525,-10.249955736100016
path,-10.32227560077754,-10.247796571004859
path,-10.320533795225996,-10.245639647260028
path,-10.318790146776248,-10.243483839408766
path,-10.317248386326503,-10.241556460590038
path,-10.315737449994213,-10.239692755723222
path,-10.314225415033109,-10.237829811935102
path,-10.312712281460934,-10.235967627286945
path,-10.311198049303602,-10.234106200105584
path,-10.30968955411453,-10.232253920390729
path,-10.30817997679183,-10.230402391711923
path,-10.306669310902555,-10.228551610194655
path,-10.305157556498228,-10.226701574986533
path,-10.303644713636064,-10.224852285395967
path,-10.302151888826204,-10.223029507834132
path,-10.300658025879992,-10.22120746334117
path,-10.299163104831567,-10.219386142861559
path,-10.29766712575204,-10.217565546173951
path,-10.296170088716526,-10.215745673154352
path,-10.29468635200682,-10.21394395652884
path,-10.293201591341107,-10.212142955793734
path,-10.291715793154749,-10.210342665143541
path,-10.290228957532873,-10.20854308473708
path,-10.288741084563451,-10.206744214792128
path,-10.287260515535648,-10.20495612799286
path,-10.28577892887669,-10.203168747746039
path,-10.284296316741562,-10.201382070996344
path,-10.282812679225884,-10.19959609813364
path,-10.281328016427342,-10.197810829583524
path,-10.279858340402127,-10.196045496793342
path,-10.27838767653955,-10.194280860677313
path,-10.276916009680484,-10.192516915228
path,-10.275443339925875,-10.190753660959123
path,-10.273969667378191,-10.188991098406047
path,-10.272470530426888,-10.186842675055749
path,-10.270876751739863,-10.184492095987745
path,-10.269197189396055,-10.182099228812934
path,-10.267442465927354,-10.17971129830322
path,-10.26562553933031,-10.1773276383486
path,-10.263747765451274,-10.17497131105578
path,-10.261807401574911,-10.172619235101504
path,-10.259822320899298,-10.170270522007982
path,-10.257833860709132,-10.167923140535995
path,-10.255843607492913,-10.165577012537595
path,-10.253898053584082,-10.163277138159168
path,-10.251944699237246,-10.160980312033088
path,-10.249989626485874,-10.158684765965614
path,-10.248032835494907,-10.156390494653644
path,-10.246074326436046,-10.154097493464874
path,-10.24415323251561,-10.151850993924201
path,-10.242230559286625,-10.149606311113452
path,-10.240306236425786,-10.147362834738983
path,-10.23838026412233,-10.14512056265175
path,-10.236452642571773,-10.142879493061091
path,-10.23455920937289,-10.140680943435036
path,-10.232664242354959,-10.138483892075078
path,-10.230767687377721,-10.136287993495332
path,-10.228869544650328,-10.13409324721009
path,-10.22696981438694,-10.131899652924044
path,-10.225085371608754,-10.129726665143616
path,-10.223199386016596,-10.12755481566731
path,-10.22131184161826,-10.125384098093921
path,-10.21942273863852,-10.123214512685237
path,-10.21753207730627,-10.121046059817989
path,-10.21562755167,-10.118681444227507
path,-10.213637962209198,-10.116235310913162
path,-10.211578418512937,-10.11379365697062
path,-10.209453900458715,-10.111356604767963
path,-10.207314762929245,-10.108921630250016
path,-10.205230123429693,-10.1065425308009
path,-10.203138239877145,-10.104167851808619
path,-10.20104447849033,-10.101794609471236
path,-10.198948839412813,-10.099422799548664
path,-10.19685132280579,-10.097052418387479
path,-10.194776815905762,-10.094711535744983
path,-10.192700500161681,-10.092372052935817
path,-10.190622351771378,-10.090033958287444
path,-10.188542370943255,-10.087697249926086
path,-10.186460557899405,-10.085361926335857
path,-10.184421743725768,-10.083077522005249
path,-10.182381287851404,-10.080795269796853
path,-10.180339078262346,-10.078514334699484
path,-10.178295115234405,-10.076234716869253
path,-10.176249399051178,-10.073956416615546
path,-10.174241034665883,-10.071722593127731
path,-10.17223105696851,-10.069490445235003
path,-10.170219393188772,-10.067259563619382
path,-10.168206043633402,-10.065029949295324
path,-10.166191008613623,-10.06280160333932
path,-10.164192745250935,-10.060594905605644
path,-10.162192845623812,-10.058389462263603
path,-10.16019129219355,-10.056185267692223
path,-10.158188085277642,-10.053982323118268
path,-10.156183225197127,-10.051780629806183
path,-10.154154134844934,-10.049412981531065
path,-10.152036364477954,-10.046989502333913
path,-10.149843296136485,-10.044570632287973
path,-10.147629498432977,-10.042154250572075
path,-10.145413701691615,-10.039739392129139
path,-10.143215759881956,-10.03734765886971
path,-10.14101587481606,-10.03495743280144
path,-10.13881402770843,-10.032568708665579
path,-10.136610219014091,-10.030181488419512
path,-10.134404449191239,-10.02779577403494
path,-10.132241004109126,-10.025453277932414
path,-10.130070960512315,-10.023112548169493
path,-10.127899032995064,-10.020773352173984
path,-10.125725221484965,-10.018435684564821
path,-10.123549525955562,-10.016099540670675
path,-10.121402065762014,-10.01379719660019
path,-10.119252802761041,-10.011496339187005
path,-10.11710170778789,-10.009196954687784
path,-10.114948780945744,-10.006899040571573
path,-10.112794022368641,-10.004602594735333
path,-10.110671180102907,-10.002343519452252
path,-10.108554720164788,-10.000083140827142
path,-10.10643459905852,-9.997830508245547
path,-10.104308781246178,-9.995594446537375
path,-10.102183091241496,-9.993374768512856
path,-10.100082536499125,-9.991188089415761
path,-10.097980458285546,-9.989003377831345
path,-10.095876747640858,-9.986819956399044
path,-10.093771404473612,-9.984637823072644
path,-10.091664428720202,-9.982456976162155
path,-10.089363490819956,-9.979760010393782
path,-10.086936179643358,-9.976770412531355
path,-10.084453936160342,-9.97362979208603
path,-10.081918486031736,-9.970368361996517
path,-10.079337684295112,-9.967100273618982
path,-10.07670810755271,-9.963779337650196
path,-10.074032221545272,-9.9604514996999
path,-10.07131044428702,-9.95712882827811
path,-10.068542314406615,-9.953811347397787
path,-10.065727372663362,-9.950499080381391
path,-10.062867689861003,-9.947282135551013
path,-10.059961348149228,-9.944088541205291
path,-10.05700687397108,-9.940900068999346
path,-10.054003836409144,-9.937716733085265
path,-10.050951806923026,-9.934538547527175
path,-10.047861480850651,-9.931434809896821
path,-10.04476130235414,-9.928337345753768
path,-10.041657744862103,-9.925242575266328
path,-10.03855080820106,-9.922150504453809
path,-10.03544049229774,-9.919061139242313
path,-10.03234144651585,-9.915989003443979
path,-10.029242111576576,-9.91292932497345
path,-10.02617251361667,-9.90995289230833
path,-10.023137773204327,-9.907049047407025
path,-10.020141211098885,-9.904211469035909
path,-10.01719953523531,-9.90142142857197
path,-10.01432038907803,-9.898649543391732
path,-10.011510332455916,-9.895902228930087
path,-10.008765760516962,-9.893171839459965
path,-10.006091383732217,-9.890466286549053
path,-10.003499490902685,-9.887743411261175
path,-10.000964665447194,-9.885035451294621
path,-9.998436815126043,-9.882336016430662
path,-9.995905848910569,-9.879637958869457
path,-9.99337179191274,-9.876941285975818
path,-9.99084481169224,-9.874285426336227
path,-9.988345811393746,-9.871638467273335
path,-9.985845088773276,-9.86899356852474
path,-9.983341227456876,-9.866350084688147
path,-9.980834252778962,-9.863708014422366
path,-9.978345638884452,-9.861092146329716
path,-9.975858692216644,-9.858480329819981
path,-9.973369029357015,-9.855863344126764
path,-9.970858644128402,-9.853204326547536
path,-9.968344559844919,-9.850544818237069
path,-9.965863735236756,-9.8479259698628
path,-9.963392131846755,-9.845320493002825
path,-9.96091764082012,-9.84271631630634
path,-9.958440240207471,-9.840113432082847
path,-9.955959940519376,-9.837511840090423
path,-9.953514974180147,-9.834955163677233
path,-9.951077343928484,-9.832406593955884
path,-9.94863687009138,-9.829859235191504
path,-9.94619356253916,-9.827313090605466
path,-9.94374740018501,-9.824768157103733
path,-9.941326881405264,-9.822253366111337
path,-9.938910210327155,-9.819747617826728
path,-9.93649087293617,-9.817243112999487
path,-9.934068843587704,-9.814739844211974
path,-9.93164412460582,-9.812237810491839
path,-9.92899779211631,-9.809129460725753
path,-9.925804227017817,-9.805666019653136
path,-9.922481235477877,-9.802237495777597
path,-9.919144847036819,-9.798823668328884
path,-9.91580337647901,-9.795412080695792
path,-9.912283280537874,-9.791236229860498
path,-9.908228517254786,-9.786220230947393
path,-9.90349032540147,-9.780986413467597
path,-9.898362404679295,-9.775675816516804
path,-9.893174187328999,-9.770445532328651
path,-9.887819951812004,-9.76458614825349
path,-9.881903515040273,-9.75825440291542
path,-9.875532069285626,-9.751823523838214
path,-9.868882430784174,-9.745189161553482
path,-9.861988191966972,-9.738347892403162
path,-9.854908980956937,-9.731310418176045
path,-9.847748732398136,-9.724087500198754
path,-9.8406753266351,-9.716720842981196
path,-9.833673043181802,-9.70923576353446
path,-9.826602802810209,-9.70135925255999
path,-9.819345261314114,-9.693226999942883
path,-9.811976257211102,-9.684950262530624
path,-9.804769944376355,-9.677080292991361
path,-9.797663212140666,-9.670086460579233
path,-9.79052213626222,-9.663213080780576
path,-9.783375662129787,-9.6564225112284
path,-9.776267039272636,-9.649646699554063
path,-9.769194732677832,-9.642905045693858
path,-9.762146402989927,-9.636191461748474
path,-9.755110320041652,-9.629500039785373
path,-9.74802104577063,-9.622636737463752
path,-9.740979163702308,-9.61567576449631
path,-9.73394468495823,-9.608764285799632
path,-9.726903020148235,-9.601894973366228
path,-9.71984367933641,-9.595058367478742
path,-9.71266914074082,-9.588131390160845
path,-9.705473836936761,-9.581231639563772
path,-9.698255174083778,-9.574370990390701
path,-9.691002487469197,-9.567537928083906
path,-9.683707043659092,-9.560722325783868
path,-9.676264550257097,-9.55379715952662
path,-9.668790327071566,-9.546907727010655
path,-9.661286931571526,-9.540061523675226
path,-9.65380620787324,-9.53313726113795
path,-9.646518970676285,-9.526318361926684
path,-9.639060666328271,-9.519365424338678
path,-9.631570338077172,-9.512158304772544
path,-9.624309154306463,-9.505069937018444
path,-9.617284411206647,-9.498133666740024
path,-9.61048493883902,-9.491347210407852
path,-9.603527202059206,-9.484444548547327
path,-9.59653122021841,-9.477263676167707
path,-9.589772507790563,-9.470178728018155
path,-9.583258856775231,-9.463226105696748
path,-9.576978037297026,-9.45640394993053
path,-9.570790003902385,-9.449768692169789
path,-9.564880408111367,-9.4432600827694
path,-9.559227071155798,-9.436846734637893
path,-9.553825881198335,-9.430541751583934
path,-9.548621048208469,-9.424348951900688
path,-9.543611314469672,-9.418843251028482
path,-9.538942348066241,-9.414012156669198
path,-9.534566632225896,-9.40933807280723
path,-9.530319763276779,-9.404832644233066
path,-9.526183929872937,-9.400419246587928
path,-9.522258871748774,-9.3965047941223
path,-9.51871225283225,-9.393260488647332
path,-9.515509322558389,-9.390374195932917
path,-9.512617203156072,-9.38760836894337
path,-9.510022405955022,-9.3849444876928
path,-9.507721691399608,-9.382417528466629
path,-9.50554524782921,-9.379948547988803
path,-9.50343389587495,-9.377519133498502
path,-9.501385983959196,-9.375125906540354
path,-9.499401897205304,-9.372762509208883
path,-9.497500324430291,-9.370444788798672
path,-9.495669819121341,-9.36815244862511
path,-9.493905116720288,-9.365882974297826
path,-9.492207292265864,-9.363635985479219
path,-9.490577725769182,-9.361411328774413
path,-9.489011380278958,-9.359205049556117
path,-9.487523824973303,-9.357024327940431
path,-9.486110523446824,-9.354867273899597
path,-9.484773759724277,-9.352734419507886
path,-9.483515925862765,-9.350626247473613
path,-9.482531026988415,-9.348930993437245
path,-9.481759249394036,-9.347401829510835
path,-9.481209370844393,-9.3458954885815
path,-9.480845964671374,-9.344388491186626
path,-9.480592750652535,-9.342897419958696
path,-9.480441506345054,-9.341429631937707
path,-9.480388462792098,-9.339984331642501
path,-9.480436923838452,-9.33856230905638
path,-9.48058962893687,-9.337163965564342
path,-9.480856086155876,-9.3357845611579
path,-9.48124426509006,-9.334386581772232
path,-9.4815523966294,-9.33309465431152
path,-9.481964663242564,-9.331831600992354
path,-9.482484751779895,-9.330597455392711
path,-9.483114318990733,-9.329391351759886
path,-9.483840666691373,-9.328220148161053
path,-9.484687498059673,-9.327073232720677
path,-9.485648565997204,-9.325956591052023
path,-9.486683096790197,-9.324881275278184
path,-9.48782132755256,-9.32384420061323
path,-9.489048200127472,-9.32285842599962
path,-9.490390468181525,-9.321908172941406
path,-9.491842371855764,-9.32100024684143
path,-9.493406013456825,-9.320135685683855
path,-9.494934450142255,-9.319171905063742
path,-9.49586851637612,-9.317942653429787
path,-9.496364248218093,-9.317082515251714
path,-9.49658225081714,-9.316464836060817
path,-9.496767702094454,-9.315944856431424
path,-9.497012306590937,-9.315472447059928
path,-9.49722951833965,-9.315041331090594
path,-9.49680898714646,-9.314025281274882
path,-9.495898986746866,-9.312585952365575
path,-9.494583237650497,-9.311105270062711
path,-9.492908128943126,-9.309613077827635
path,-9.491049923367267,-9.308085135774688
path,-9.489178010172015,-9.30654122135645
path,-9.487294452198741,-9.304983097819296
path,-9.485400968879723,-9.303412510653102
path,-9.483499213391761,-9.301831084482242
path,-9.481621805872408,-9.300260619057212
path,-9.479740167000905,-9.298688182603179
path,-9.47785426654975,-9.297108895296454
path,-9.475965102929393,-9.295523679122747
path,-9.474073512544033,-9.293933309658145
path,-9.472203695232539,-9.292357292315334
path,-9.470334211138388,-9.290779668420694
path,-9.468464007561009,-9.289198536074856
path,-9.466593482263248,-9.287614261576797
path,-9.46472296187153,-9.286027145455028
path,-9.462863372119498,-9.284457280563078
path,-9.461003196061023,-9.282889700427754
path,-9.459143646094306,-9.281319889020054
path,-9.457284867651003,-9.279747984969562
path,-9.4554269792806,-9.278174101398356
path,-9.453539359729618,-9.27657223774463
path,-9.451652837910116,-9.274968505523562
path,-9.449767491124208,-9.273362971820696
path,-9.447883373647597,-9.271755688385884
path,-9.446000526369918,-9.270146694579356
path,-9.444144860550145,-9.268554477780185
path,-9.44229337810894,-9.266966375467694
path,-9.440443275678655,-9.265376795226596
path,-9.438594565723175,-9.263785745655543
path,-9.436747257469408,-9.2621932326081
path,-9.434932309235291,-9.260624104776362
path,-9.433121155656695,-9.259057712029021
path,-9.431311350331777,-9.257489886595161
path,-9.42950289853231,-9.255920632490412
path,-9.42769580453609,-9.254349952861629
path,-9.425914417272125,-9.252798087556128
path,-9.424135861022668,-9.251247212181015
path,-9.422358620005355,-9.249694938295196
path,-9.420582697313218,-9.248141268852466
path,-9.418808095869718,-9.246586206614685
path,-9.417047366462453,-9.245038062147204
path,-9.415289234293496,-9.243491827809619
path,-9.413532488353534,-9.241944352482632
path,-9.41177712243802,-9.240395625941668
path,-9.41002313109957,-9.238845639066856
path,-9.408292619287534,-9.23731312083809
path,-9.406564722986696,-9.23578141647447
path,-9.404838142518532,-9.234248448497375
path,-9.403112875533964,-9.232714212576743
path,-9.40138891991944,-9.231178704801652
path,-9.399405280516572,-9.229319325287351
path,-9.397059385356798,-9.227189808585077
path,-9.394681607539638,-9.225059679137688
path,-9.392306310371515,-9.222927067204159
path,-9.389933494338157,-9.220791972031847
path,-9.387610962988704,-9.218672170755369
path,-9.385292739807811,-9.216577019303404
path,-9.382976950695348,-9.214479544397825
path,-9.380663591076214,-9.212379740609634
path,-9.37835265757711,-9.210277603738056
path,-9.376084380514728,-9.208197758024324
path,-9.373821804435487,-9.206130398335487
path,-9.37156160905458,-9.204060871952827
path,-9.369303787486952,-9.201989168312789
path,-9.367048333584327,-9.199915277933384
path,-9.364837867532101,-9.197867981532456
path,-9.362633334923201,-9.1958327488247
path,-9.360431025275561,-9.193795339278768
path,-9.358230938724128,-9.191755752754261
path,-9.356033075698129,-9.189713989416285
path,-9.353865480012198,-9.187677761038694
path,-9.351699268574471,-9.185656832423826
path,-9.349535306019096,-9.183633881245918
path,-9.347373585392408,-9.1816088988189
path,-9.345214100674191,-9.179581877540858
path,-9.342957935043378,-9.177450011875163
path,-9.34069049531865,-9.17531266574001
path,-9.338425510126342,-9.173173035207764
path,-9.336162976321182,-9.171031116031303
path,-9.333902891212812,-9.168886904504765
path,-9.331681544108537,-9.16676275833557
path,-9.329465755794615,-9.164651156550248
path,-9.32725237588783,-9.162537425548253
path,-9.325041398326787,-9.16042155494936
path,-9.322832817827456,-9.158303535530154
path,-9.320656116038158,-9.15620575785399
path,-9.318484086918955,-9.154114276209468
path,-9.316314352562516,-9.152020648787111
path,-9.314146912283826,-9.149924873655543
path,-9.311981765657306,-9.147826949216801
path,-9.309854142605653,-9.14573177292822
path,-9.307727577496708,-9.143662272961206
path,-9.305603275150922,-9.141591027836093
path,-9.303481258543957,-9.139517775399735
path,-9.301361521814579,-9.137442508110793
path,-9.299268664778957,-9.135384533653157
path,-9.297179907434174,-9.133331421487616
path,-9.295093342482755,-9.131276296359236
path,-9.293008968337725,-9.129219156730198
path,-9.290926783563641,-9.127160001250846
path,-9.288597826534861,-9.124772758910355
path,-9.28582243093714,-9.121841234435355
path,-9.282807338729299,-9.11882183773094
path,-9.27978433850834,-9.115801239339273
path,-9.27676598236181,-9.112776327791023
path,-9.273418313022557,-9.109417622593657
path,-9.269602913619977,-9.105457781724557
path,-9.265322925490205,-9.100896017633659
path,-9.26060178727769,-9.095857180836788
path,-9.255641237072092,-9.090774356705698
path,-9.250456369260082,-9.085350823942843
path,-9.24480395404947,-9.079324885590985
path,-9.238685781542301,-9.072694013493262
path,-9.232123484568422,-9.065570589722963
path,-9.225302407201713,-9.058382135565434
path,-9.218326215192118,-9.050785155067105
path,-9.211003163459038,-9.042742789762016
path,-9.203468268514161,-9.034655110445213
path,-9.195911284952816,-9.026511082282825
path,-9.18835380384975,-9.018310547067484
path,-9.18088320866481,-9.010078553923895
path,-9.173387563175236,-9.001817577021688
path,-9.165863709989251,-8.993485365312138
path,-9.1582974481712,-8.985024567204567
path,-9.150695324276228,-8.976467344038438
path,-9.143211116260094,-8.967860507275022
path,-9.135746785145896,-8.959174950798847
path,-9.128233970924194,-8.950457958244796
path,-9.120682470434362,-8.941720774470953
path,-9.113097341098007,-8.932893733837473
path,-9.105612495399935,-8.924050556978242
path,-9.098120404384996,-8.915205791552271
path,-9.090563877679047,-8.90624584029145
path,-9.082922605305596,-8.897133978606373
path,-9.075197241425272,-8.887878452213418
path,-9.067633254077348,-8.878727193890601
path,-9.06010255926065,-8.869577499091104
path,-9.05249650440159,-8.86034041126031
path,-9.044806338830064,-8.851094983646558
path,-9.037033964210432,-8.841866075529833
path,-9.029499836502906,-8.8327268441223
path,-9.022008969122421,-8.82359086877799
path,-9.014775498574926,-8.814350841216527
path,-9.007496301144434,-8.804899073233493
path,-9.000140402390214,-8.795285316886005
path,-8.992816198517723,-8.785630237579182
path,-8.985506636969589,-8.775895854699936
path,-8.978149692843388,-8.766074890148921
path,-8.970734322058767,-8.756206553548637
path,-8.963272773600519,-8.746310562935594
path,-8.956000078224934,-8.73679565475757
path,-8.949146623398056,-8.727889051840087
path,-8.942398710232844,-8.719574508913318
path,-8.935578746538706,-8.711339166606358
path,-8.93265541124105,-8.70507758296937
path,-8.929676297869934,-8.69891202662246
path,-8.925822560522896,-8.692830812368998
path,-8.92154769513963,-8.686975133609378
path,-8.91698223333372,-8.680987634380134
path,-8.912190714368167,-8.674888768071606
path,-8.907907314564449,-8.669551025090032
path,-8.903819121514637,-8.664836999619357
path,-8.900134386038333,-8.660513485018873
path,-8.896561451240546,-8.656455581651183
path,-8.893199385921005,-8.652455987679721
path,-8.890100540495858,-8.648677533477823
path,-8.887107865783966,-8.64510389963325
path,-8.884156173573645,-8.641579602035954
path,-8.88121490543882,-8.638054564884245
path,-8.878308907031506,-8.634481326627368
path,-8.87550584953285,-8.630879271376607
path,-8.872857106522032,-8.627339236891187
path,-8.870282345469972,-8.623930994082782
path,-8.867728614727053,-8.620551963674538
path,-8.865371144497711,-8.617242404365912
path,-8.863079633223355,-8.61384433339666
path,-8.860465402507247,-8.610323068968425
path,-8.857564477561455,-8.606749134681213
path,-8.854506437709178,-8.603247108341474
path,-8.851310326074383,-8.599796740362187
path,-8.848129955581257,-8.596427052384584
path,-8.844926844033543,-8.593124008201956
path,-8.841710808422071,-8.589878027770604
path,-8.838485931123639,-8.586661338767206
path,-8.835239274989373,-8.583510949848648
path,-8.832056119512602,-8.580525092705484
path,-8.82878516058688,-8.577337416260972
path,-8.82557817417625,-8.574136480040925
path,-8.822466192316025,-8.57090852815868
path,-8.81939253187944,-8.567751449637
path,-8.816380842975608,-8.56471554793229
path,-8.813435902805386,-8.561835758040324
path,-8.810542448468084,-8.55909733845226
path,-8.808120167506653,-8.556614790000607
path,-8.806691494444523,-8.554713679088072
path,-8.805802242616272,-8.553098862728987
path,-8.805115227690989,-8.551580540163378
path,-8.804550912135717,-8.55007587060839
path,-8.80415550406821,-8.548584313937932
path,-8.803718321785542,-8.547049933752842
path,-8.803385649978813,-8.545572089337055
path,-8.80312067509996,-8.54414090714505
path,-8.802885937461648,-8.542739368947595
path,-8.802711861314886,-8.541341408742593
path,-8.802522872693363,-8.539978045404967
path,-8.802382982048696,-8.538684820265253
path,-8.8022209720723,-8.537416954395498
path,-8.802058164480892,-8.53616905818133
path,-8.8018776761011,-8.534952641352538
path,-8.801792559040665,-8.533702763277363
path,-8.80184819961812,-8.532128955285334
path,-8.802101422782103,-8.530231243452423
path,-8.80238172285226,-8.528200925682816
path,-8.80266729829572,-8.526115102732906
path,-8.802952410198017,-8.523971236504718
path,-8.803240219785952,-8.521811870551542
path,-8.803523773417165,-8.519601126366048
path,-8.803817573247105,-8.51734340894001
path,-8.804107403762822,-8.515034126617854
path,-8.80440476229314,-8.51268230034014
path,-8.80469787008689,-8.51036179560529
path,-8.805021615977271,-8.508137805182246
path,-8.805314798716523,-8.50603148242916
path,-8.80556913151001,-8.504044075215079
path,-8.805790926578982,-8.50217840894185
path,-8.805982177381084,-8.500428774838069
path,-8.806173239932875,-8.498687616789995
path,-8.80638833112323,-8.496922994573769
path,-8.806607185772489,-8.495131973533095
path,-8.806821491624003,-8.493312921684197
path,-8.807031759410537,-8.491515260631079
path,-8.80724220008163,-8.489705241633764
path,-8.807449568940466,-8.487879167452334
path,-8.807659082306113,-8.48603381487161
path,-8.80786924511243,-8.484178640051416
path,-8.808074882551077,-8.48236120325888
path,-8.808274490728193,-8.480539326251696
path,-8.808477567221113,-8.478720606238042
path,-8.808680581582015,-8.476905824544561
path,-8.808878392689449,-8.475092689102533
path,-8.809075129767859,-8.473323524479225
path,-8.809268927296939,-8.471572514628017
path,-8.809449273985047,-8.469909568731115
path,-8.809624487442132,-8.468285782668397
path,-8.80979208875209,-8.46667273308362
path,-8.809956052351692,-8.465107632606978
path,-8.810116150010753,-8.463570111582948
path,-8.810274006908422,-8.462053715566402
path,-8.810422528507807,-8.460558355888375
path,-8.81057219324224,-8.459079244345515
path,-8.810718757112056,-8.457634141246285
path,-8.810857905341798,-8.456194474706143
path,-8.811001165675254,-8.454752908154076
path,-8.811144473421997,-8.453307026305874
path,-8.811287810663616,-8.451867966615046
path,-8.811422725074992,-8.450453986583344
path,-8.811558280738824,-8.449046817850146
path,-8.811697895562833,-8.447627286552816
path,-8.811832762693735,-8.446182696250991
path,-8.811969680451647,-8.444781756720898
path,-8.812129007736779,-8.443216935480955
path,-8.812300259594599,-8.441551268321318
path,-8.812475467441399,-8.439885454767236
path,-8.812643696112321,-8.438216222777378
path,-8.812813221921433,-8.436550162379651
path,-8.812973476319767,-8.434925738341189
path,-8.813116119094667,-8.433311815337486
path,-8.813269693502576,-8.431699456820825
path,-8.81342436805298,-8.43008546717162
path,-8.813575806409217,-8.4284709979189
path,-8.813721514598276,-8.426873290518037
path,-8.813867630670579,-8.425282317092732
path,-8.814007599331221,-8.423689228585841
path,-8.814146117179623,-8.42209665942966
path,-8.814282846807908,-8.420505377339689
path,-8.814413711628994,-8.418959622459946
path,-8.814538224835134,-8.417426743320755
path,-8.81466610354005,-8.415891867513352
path,-8.814783955561321,-8.414355825182227
path,-8.814905611795107,-8.412822089134155
path,-8.81501866298028,-8.411324652310668
path,-8.81512758742192,-8.409837013765287
path,-8.815238500172784,-8.408346484710842
path,-8.815343793612037,-8.406855463977704
path,-8.815447829214074,-8.405367059760772
path,-8.815570846993852,-8.403589767441153
path,-8.81573828179579,-8.401422052418393
path,-8.81591261360326,-8.399219902109575
path,-8.816081781855662,-8.397015016923199
path,-8.816249627431018,-8.394814110833378
path,-8.816418322742466,-8.39246311011493
path,-8.816592307167657,-8.39009804777294
path,-8.816759954608015,-8.387729179251632
path,-8.816927310418894,-8.38536686223476
path,-8.817059704682853,-8.382987280171728
path,-8.817190122992956,-8.380708052872647
path,-8.817269499406741,-8.378494753011724
path,-8.817234075147752,-8.376412703994237
path,-8.817315619901066,-8.374299160303226
path,-8.817414398886633,-8.37210754509025
path,-8.817508871631555,-8.369981158458325
path,-8.81759531884885,-8.367874672633263
path,-8.817661921198509,-8.365791196051713
path,-8.817741697395407,-8.363693911432
path,-8.817816301917206,-8.361589110111497
path,-8.81788869422701,-8.359576648343987
path,-8.81794938094642,-8.357579927320137
path,-8.818007500205129,-8.35558338811772
path,-8.818058960473278,-8.353592371737816
path,-8.818109735785493,-8.35159732007069
path,-8.818156220990556,-8.349669645669657
path,-8.818205362806424,-8.347754855538145
path,-8.818238693247558,-8.345838551133394
path,-8.818273587373803,-8.34392042842084
path,-8.818304539130757,-8.34200446375437
path,-8.818332894369954,-8.340162284513678
path,-8.81835943350939,-8.338349248535353
path,-8.8183788310427,-8.336530235606213
path,-8.818390737078522,-8.334719428384831
path,-8.818404973495952,-8.332900056627777
path,-8.81841638148156,-8.331138035359253
path,-8.818427701095624,-8.329396926562216
path,-8.818429362679835,-8.327654999915417
path,-8.818431591829066,-8.32591394829017
path,-8.818441215969315,-8.324169845957718
path,-8.81843143676629,-8.322484270907585
path,-8.818425693168297,-8.32080413797269
path,-8.818421015163311,-8.319125124979907
path,-8.818407622873266,-8.31744638140487
path,-8.818404107192963,-8.315770210004569
path,-8.818383280767716,-8.314140966489852
path,-8.81836580295562,-8.312517026446889
path,-8.818349083235862,-8.3108943452149
path,-8.818326001976889,-8.309275080589224
path,-8.818305979198335,-8.307651508936205
path,-8.81824854504503,-8.305780720363082
path,-8.818218831792755,-8.30368058739043
path,-8.81820531627928,-8.301465131466344
path,-8.818175897099792,-8.299145082245762
path,-8.818161311190082,-8.2968015359122
path,-8.818034294513257,-8.294067262111225
path,-8.817954042312168,-8.290894522922446
path,-8.817914078721296,-8.287487726683077
path,-8.817884650709383,-8.283957233636627
path,-8.817890251030702,-8.280315243921782
path,-8.817973666924004,-8.276393325111016
path,-8.81804171119782,-8.272119771175467
path,-8.818082767109162,-8.267692679550748
path,-8.81815830300261,-8.263083330487449
path,-8.81823162537136,-8.258348489759735
path,-8.818300541183381,-8.253503443137177
path,-8.818372267785305,-8.248549913114797
path,-8.818438479153839,-8.243490379681173
path,-8.818497791490662,-8.238366884456514
path,-8.818540350963525,-8.233211902451213
path,-8.818509741650715,-8.228303351313901
path,-8.818461779635093,-8.223954076658124
path,-8.818363321028862,-8.21990740248752
path,-8.81824579413473,-8.215886636841406
path,-8.818127304729128,-8.211870764053037
path,-8.818004716595269,-8.208125882973837
path,-8.817869706743211,-8.204439357147896
path,-8.817725494685227,-8.200766037433247
path,-8.817568601809011,-8.197092387108228
path,-8.817406889856208,-8.193427869902788
path,-8.81717054196937,-8.189569848570965
path,-8.816840012825159,-8.185397198521677
path,-8.816517617806818,-8.181025769948073
path,-8.816159812991286,-8.176472692868744
path,-8.81575404401553,-8.171752661703152
path,-8.815315441197063,-8.166868880767362
path,-8.814835980645494,-8.161811986607212
path,-8.814320774337803,-8.156648149799809
path,-8.813802857916437,-8.151461412147277
path,-8.813287541922099,-8.14624286937428
path,-8.81285395536361,-8.141238293405772
path,-8.812516168603382,-8.13672028179223
path,-8.812157809764578,-8.132543116529778
path,-8.811772358653254,-8.128393451652167
path,-8.811313641138572,-8.124326116893336
path,-8.810981556270596,-8.120535354394162
path,-8.810659732138266,-8.117136784787808
path,-8.810324067695934,-8.113792116288028
path,-8.80998155150862,-8.110446632498197
path,-8.809684896537611,-8.107105540658786
path,-8.809679683436215,-8.103945842273914
path,-8.809797463281424,-8.100789160146622
path,-8.809915615565526,-8.097634210550508
path,-8.81002424860435,-8.094487564073232
path,-8.810128937339305,-8.091349064309748
path,-8.810229264446628,-8.088371758029501
path,-8.810306723046175,-8.085753169569927
path,-8.810356885360768,-8.083479956981058
path,-8.81039788514407,-8.081283685824102
path,-8.810433213512743,-8.079089013541893
path,-8.810400964729984,-8.077018288712608
path,-8.810252478839987,-8.075122914015523
path,-8.809998188732042,-8.073413083967031
path,-8.809639528417105,-8.071888192005636
path,-8.809190024897857,-8.070511026790134
path,-8.809098618546315,-8.068840121662333
path,-8.80972197833021,-8.067049144444102
path,-8.81109976232692,-8.065090807936741
path,-8.813077875386483,-8.06294059000441
path,-8.815492180084318,-8.06062830396789
path,-8.817273158310098,-8.058076393591547
path,-8.818152343578841,-8.05563664148724
path,-8.818210761744707,-8.053512719568927
path,-8.818943124316464,-8.051821423176422
path,-8.820692620988929,-8.050125173121886
path,-8.821641332442073,-8.047991776215355
path,-8.821575572039064,-8.045977535121706
path,-8.821675592570367,-8.044224055405225
path,-8.822727152768948,-8.042299184300784
path,-8.824436249884585,-8.040082738102976
path,-8.826743079853635,-8.037759725218574
path,-8.82941965524131,-8.035311937015955
path,-8.832261470604067,-8.032787932590063
path,-8.83517347011075,-8.030222311238896
path,-8.838184772268201,-8.027674703332094
path,-8.841109530404678,-8.025042534572083
path,-8.844104969135117,-8.022400645777314
path,-8.847086892490523,-8.019774916982069
path,-8.850027666811974,-8.017184348512892
path,-8.852904686635776,-8.014631460585061
path,-8.855619419741299,-8.011983643930217
path,-8.858312246681933,-8.009344048580694
path,-8.861000735924636,-8.006799513857018
path,-8.863876422620189,-8.004187749111802
path,-8.86670891911412,-8.00149637513327
path,-8.86928604460731,-7.998741864124314
path,-8.871880509122224,-7.995764795641528
path,-8.874394724204612,-7.992783736534777
path,-8.876765983932245,-7.989907117719361
path,-8.879017094899927,-7.987083987359701
path,-8.881068424281247,-7.98416318297264
path,-8.88302203228387,-7.980996916263772
path,-8.884846905186496,-7.9777176472531535
path,-8.886539450243653,-7.974428343602513
path,-8.888127092648855,-7.971197927324449
path,-8.889462736412199,-7.967828584927817
path,-8.890485957651782,-7.964176852943407
path,-8.8910044572639,-7.96010097258988
path,-8.891616693220511,-7.955734891644238
path,-8.892211805166161,-7.951088533795764
path,-8.892810964938214,-7.946493602260335
path,-8.893388468594004,-7.942305697915923
path,-8.8937905495409,-7.938552831478517
path,-8.893217018485725,-7.93501881580719
path,-8.892010101867145,-7.931512452189206
path,-8.890487155177569,-7.928103953723185
path,-8.888631490975358,-7.924742795299518
path,-8.88643676434928,-7.921405854941686
path,-8.884036866715975,-7.918071211981031
path,-8.881631484414392,-7.914716278820759
path,-8.879199977030838,-7.911331973991367
path,-8.876765630578944,-7.907925891914518
path,-8.874340647867813,-7.904490719195621
path,-8.87193472164987,-7.901015962991858
path,-8.86955112736314,-7.897491258148848
path,-8.867182758661006,-7.893949509002724
path,-8.864821623434386,-7.890477345951284
path,-8.8623953673863,-7.88721439266332
path,-8.859928729182068,-7.884131130856329
path,-8.85741683214373,-7.881219669026566
path,-8.85535660257197,-7.878661598687255
path,-8.853975138932489,-7.876605634542529
path,-8.852934382196302,-7.874474000931515
path,-8.852226916949157,-7.872282505903734
path,-8.851697860800709,-7.870067590364068
path,-8.851301616100333,-7.867931526773067
path,-8.85085350478951,-7.865867639302488
path,-8.850540083963512,-7.863844786090316
path,-8.85014944823168,-7.8618079230710745
path,-8.849847479425897,-7.859807056804884
path,-8.84951382016569,-7.857815306795847
path,-8.84920775572426,-7.8558505007470965
path,-8.84888842372056,-7.853919656330827
path,-8.848531879798465,-7.851976510590582
path,-8.848254453386977,-7.850076685709688
path,-8.847885963842598,-7.848128345094755
path,-8.847622160034454,-7.846225618008108
path,-8.84729892533831,-7.844331209482222
path,-8.84692524704742,-7.84240951195886
path,-8.846645767605516,-7.8405305358437705
path,-8.846339872897685,-7.838643428613249
path,-8.846003458974895,-7.836743646908917
path,-8.845665995818644,-7.834835518155434
path,-8.845344237329092,-7.832947800111976
path,-8.845053914609617,-7.831053059008717
path,-8.844651114273104,-7.829105296470463
path,-8.844339540622576,-7.82721919814266
path,-8.844033281180137,-7.825328112612789
path,-8.843711335777826,-7.823426047639781
path,-8.843377798402335,-7.821524562972073
path,-8.84305407744677,-7.81962552518059
path,-8.842656948388397,-7.817707437235875
path,-8.842325700735106,-7.815804423415523
path,-8.842000993825978,-7.8138994836341364
path,-8.841658008360444,-7.811987298111439
path,-8.841301372483107,-7.8100382564050665
path,-8.84093684591092,-7.808056403390415
path,-8.84058426820235,-7.806043202117185
path,-8.840292732928207,-7.804081916240241
path,-8.839897073664403,-7.802096733396931
path,-8.839571794531013,-7.800106583848616
path,-8.839193951592064,-7.798118822220495
path,-8.838801090886077,-7.796103281112403
path,-8.838505785984493,-7.794130157571364
path,-8.838139573981593,-7.792137835901492
path,-8.83778540401259,-7.790139043527856
path,-8.837420969773595,-7.788132730312698
path,-8.837048374916474,-7.786117308202094
path,-8.836677887618942,-7.784106694907815
path,-8.83636431065056,-7.782098066716315
path,-8.83597642848603,-7.78008938873486
path,-8.835611318884686,-7.7781374303569875
path,-8.835271229131383,-7.776266910387976
path,-8.834960821276805,-7.7744295469215565
path,-8.834578772222006,-7.772616046483996
path,-8.834224514333165,-7.770821608884443
path,-8.833853503096718,-7.76906046684696
path,-8.833514483269251,-7.767344072804804
path,-8.833153875507618,-7.765667914630115
path,-8.832872240042484,-7.764048840111512
path,-8.832572036239272,-7.762435832249946
path,-8.832131850780272,-7.760850307371971
path,-8.831757741143493,-7.7593070593718725
path,-8.83121031580853,-7.757777734409976
path,-8.830855650924942,-7.756281358672891
path,-8.830331379193487,-7.754794328338952
path,-8.830058925107517,-7.753373179739451
path,-8.829962957148483,-7.752009717757908
path,-8.830055634009852,-7.750691163449316
path,-8.830129272709572,-7.749430145033784
path,-8.830143956139093,-7.7482259661409465
path,-8.83022400886079,-7.747075777932706
path,-8.830238191188515,-7.745979334718195
path,-8.830135426500473,-7.744946670290978
path,-8.82999523258599,-7.743944982748752
path,-8.829898297956584,-7.7429939769739615
path,-8.829846030214593,-7.742066368978654
path,-8.829697133547846,-7.741111502401854
path,-8.829426732227171,-7.740148381410793
path,-8.829194587970392,-7.739203242212902
path,-8.828868089916606,-7.738192598781836
path,-8.828574154786184,-7.737187812643704
path,-8.828336206365123,-7.73618694226185
path,-8.828097753494108,-7.7352096454737485
path,-8.827897152487948,-7.734271095605599
path,-8.827637426564028,-7.733390487219687
path,-8.827561700097949,-7.732590823202299
path,-8.827578723165574,-7.731845751300754
path,-8.827498998154173,-7.731121501034967
path,-8.827474229649624,-7.730383531340555
path,-8.827447888476986,-7.729648563282899
path,-8.827461985009204,-7.728920632711207
path,-8.827460533386121,-7.728192422913996
path,-8.827435999171765,-7.727453277352759
path,-8.827458658543765,-7.726720873014217
path,-8.82746950094923,-7.7259887798470865
path,-8.827444651257446,-7.725235024902761
path,-8.827471893543068,-7.7244983265286
path,-8.827484685627947,-7.723758647579433
path,-8.827517233191433,-7.723023201435819
path,-8.82751871161242,-7.722298856738317
path,-8.827529601265018,-7.721557199983281
path,-8.827565906616083,-7.720820267544007
path,-8.827581927691813,-7.720072250871555
path,-8.827628285468121,-7.719332674188439
path,-8.827662028904012,-7.718586437932252
path,-8.827674409551781,-7.717841314468956
path,-8.82771374894806,-7.7171052345479865
path,-8.82775266183932,-7.71635540327185
path,-8.82774147192732,-7.7155979133177555
path,-8.827801736054187,-7.714857136577771
path,-8.827807354170139,-7.7141233797949935
path,-8.827859256696607,-7.713384919397101
path,-8.82790912108686,-7.712651716060854
path,-8.82793347650258,-7.711911866167199
path,-8.827984686336183,-7.711155431626663
path,-8.828017120186939,-7.710410404646734
path,-8.828036954466672,-7.709665194268311
path,-8.828082499127788,-7.708917790344454
path,-8.828122044002447,-7.708172940909835
path,-8.828152558909304,-7.707419545781367
path,-8.828167900419723,-7.706660872001491
path,-8.828211315949048,-7.705904204321909
path,-8.82823478464903,-7.705147031488713
path,-8.828251843862516,-7.704387465240619
path,-8.828284968151527,-7.7036241973017
path,-8.82830919697617,-7.7028575668106
path,-8.828319611137566,-7.702088983795905
path,-8.828351259948116,-7.701318752791421
path,-8.828363284790614,-7.700551028998929
path,-8.828390149919048,-7.699775431728048
path,-8.828417316591507,-7.698997858710591
path,-8.828421470527502,-7.698218350798009
path,-8.82844039973214,-7.697438382480116
path,-8.828467646879908,-7.696659098671097
path,-8.8284784248738,-7.69586960522689
path,-8.828484113979037,-7.695078157990476
path,-8.828494758996092,-7.69428498297224
path,-8.828507492278662,-7.693490798145417
path,-8.828513144545688,-7.692696642151754
path,-8.828521730433343,-7.691896196621281
path,-8.828528133444316,-7.691090933684389
path,-8.828522740510635,-7.690276810211364
path,-8.828542577194398,-7.689473964517656
path,-8.82854260627019,-7.688670432417885
path,-8.828522955663015,-7.6878550850814635
path,-8.828538334656937,-7.687037512762464
path,-8.828531576367569,-7.686222833914045
path,-8.828534997153547,-7.685403204794117
path,-8.828547606109243,-7.684587832973184
path,-8.828532404585713,-7.683766885042675
path,-8.828537412865073,-7.682942058955631
path,-8.828532291472607,-7.682113773719054
path,-8.828503230297962,-7.681280933973175
path,-8.828505348388672,-7.6804498153841605
path,-8.828486322682005,-7.67960965167945
path,-8.828489966708386,-7.678766780248357
path,-8.828487623340155,-7.677927526124034
path,-8.82847529932543,-7.677084596433581
path,-8.82845778132268,-7.676239606293849
path,-8.828425462494772,-7.6753729038900795
path,-8.828422885550225,-7.674511507884696
path,-8.828394891085452,-7.673652753093959
path,-8.828386651669462,-7.672794455198094
path,-8.82837887990034,-7.671936882732509
path,-8.828345613302123,-7.67107673122024
path,-8.828335297318851,-7.6702134410108584
path,-8.828314055240071,-7.669347141453815
path,-8.82828598323617,-7.668480773771323
path,-8.82824772827223,-7.66760951939587
path,-8.828231807809994,-7.6667637398554955
path,-8.828186016444755,-7.665941902050442
path,-8.828166705641072,-7.665123504507859
path,-8.828123450527416,-7.664301313565318
path,-8.828091746997872,-7.663477272619095
path,-8.828068358536633,-7.662648574339865
path,-8.828027239052622,-7.661817411550622
path,-8.82797510746593,-7.66098088077098
path,-8.827948251245724,-7.6601473405521
path,-8.82791437438709,-7.659314193879813
path,-8.82787114603959,-7.658475137811353
path,-8.82783124336909,-7.657624182281089
path,-8.827783143959033,-7.656784115682101
path,-8.827746243851943,-7.655943362288744
path,-8.827700046041564,-7.655100497007754
path,-8.827634387686823,-7.654249179649912
path,-8.827595372770547,-7.653396034346147
path,-8.82755607475101,-7.652541721798811
path,-8.827510617532928,-7.651687523111819
path,-8.827457029284563,-7.650830624917447
path,-8.827408165532312,-7.649966385604468
path,-8.827354616617821,-7.649101610907694
path,-8.827296496010417,-7.648232916073651
path,-8.827249504754958,-7.647364721238158
path,-8.82718774142906,-7.646495482915963
path,-8.827135528508752,-7.64561749723272
path,-8.82707143697756,-7.6447285694489295
path,-8.826995336189304,-7.643847294548195
path,-8.826917734252227,-7.6429611900027385
path,-8.826851267730138,-7.642075832191132
path,-8.826768090443078,-7.641181361746541
path,-8.826697018657581,-7.640284396567828
path,-8.826617235563711,-7.639386794796734
path,-8.826532088282413,-7.638488726845189
path,-8.826457660516672,-7.637588513389978
path,-8.826374914036046,-7.636674524777831
path,-8.82629568707577,-7.635757836253955
path,-8.826208023441806,-7.634846569588193
path,-8.826129347575677,-7.633932846835043
path,-8.826035602101975,-7.633018691762289
path,-8.825952692305146,-7.63209803329303
path,-8.825870201372773,-7.631172753162302
path,-8.825782370384369,-7.630247467235145
path,-8.825695374089342,-7.629319542644579
path,-8.825608782003565,-7.6283903852027
path,-8.825516513167322,-7.627450900321131
path,-8.825427429694392,-7.626506509822039
path,-8.825333231189362,-7.625562234022425
path,-8.825239981062827,-7.624615073269423
path,-8.8251472327643,-7.623666421581028
path,-8.825049712512085,-7.622748431240186
path,-8.824953525008562,-7.621836774606625
path,-8.824857911846005,-7.620923677248872
path,-8.82474640464691,-7.620000136049501
path,-8.824644638596146,-7.619064207304947
path,-8.82454358297237,-7.618112430538482
path,-8.82444385628825,-7.617153604274834
path,-8.824344109316796,-7.616189516659446
path,-8.824243267951221,-7.615225670229039
path,-8.82412766802997,-7.614264464404915
path,-8.824015816703325,-7.6132943354733715
path,-8.823910227467282,-7.612317883729318
path,-8.82379892796099,-7.611335551965263
path,-8.823687736237378,-7.610353593390849
path,-8.8235708234758,-7.609374078154368
path,-8.82345795267803,-7.608386218158318
path,-8.823342929181367,-7.60739208057419
path,-8.823228950589998,-7.6063963896015885
path,-8.823111113545044,-7.605399560077267
path,-8.822997243541653,-7.6043987786297365
path,-8.822866373487816,-7.603398166014042
path,-8.822744936291716,-7.602388357822176
path,-8.82262039368551,-7.601376763792484
path,-8.822497092294133,-7.600362849512208
path,-8.822360397469515,-7.599340585926464
path,-8.822233528161048,-7.5982890478407965
path,-8.822087436997633,-7.597220078713309
path,-8.821947981274228,-7.5961397479103905
path,-8.821807962939904,-7.5950536046479185
path,-8.821665044156108,-7.593969674992384
path,-8.821513106611066,-7.592874644004913
path,-8.8213665005052,-7.591773224000355
path,-8.821224488492916,-7.590673279618688
path,-8.82107450889106,-7.589564564481768
path,-8.820924515300687,-7.588447905450061
path,-8.820769961492273,-7.587314133043851
path,-8.820612526308548,-7.586159410790812
path,-8.820449204308703,-7.584983268066446
path,-8.820283902209335,-7.583778538487587
path,-8.820109633015173,-7.58254938015911
path,-8.819934052383282,-7.581283242101151
path,-8.819748335091447,-7.579982710352882
path,-8.819558259650194,-7.5786440796321015
path,-8.819359776732698,-7.577259988898461
path,-8.819150701831392,-7.575829351617303
path,-8.818940273784348,-7.574350616553673
path,-8.81871702390842,-7.572820647558412
path,-8.818477418326859,-7.571237729012143
path,-8.818231967047678,-7.569595979701921
path,-8.817933798847616,-7.5679086222006475
path,-8.817691782390156,-7.566238533024916
path,-8.817436299861075,-7.564498590072485
path,-8.817164976344845,-7.562678264503069
path,-8.81686911265592,-7.560784067051345
path,-8.81656334838727,-7.558819767325606
path,-8.816249410271542,-7.556788157479116
path,-8.815919828291515,-7.554707845880762
path,-8.815578100259012,-7.552586819972711
path,-8.815210689887097,-7.5504753893731245
path,-8.814838420464259,-7.54837447283319
path,-8.814460674575821,-7.546279142557618
path,-8.814093506285838,-7.544322576528506
path,-8.813715971284308,-7.542519155417265
path,-8.813373470975149,-7.540813486688355
path,-8.81302155630208,-7.539173745455609
path,-8.812752617899124,-7.537609263518036
path,-8.812413960997695,-7.536069881965065
path,-8.812143579899473,-7.5345120896735756
path,-8.81184963962273,-7.532929607427205
path,-8.811568664477226,-7.531307097494814
path,-8.811246768015732,-7.529685753129719
path,-8.8109579304464,-7.528023838011542
path,-8.810674054541211,-7.52632612398221
path,-8.810380437182811,-7.5245725495768125
path,-8.810027240583237,-7.522768030319914
path,-8.809650476791013,-7.5208494677384605
path,-8.809236519004894,-7.51885160761117
path,-8.808774893104465,-7.516715373920262
path,-8.808261819384203,-7.514456346170013
path,-8.807721313654822,-7.512116377507401
path,-8.80710723881825,-7.509990644122924
path,-8.806012883087464,-7.50820058266381
path,-8.805064343866173,-7.506598866259703
path,-8.804121718290633,-7.50506234651676
path,-8.803178387990613,-7.503581021964188
path,-8.802209348911758,-7.502141849979532
path,-8.801239348628652,-7.500750507669501
path,-8.800271012920982,-7.499402776689518
path,-8.799303014964286,-7.498103989021145
path,-8.798335555303467,-7.496852645927842
path,-8.79736421720068,-7.495645120589553
path,-8.796393833791422,-7.494482092051929
path,-8.795424661381123,-7.49336050593938
path,-8.794457018362944,-7.49227613354737
path,-8.793491069935785,-7.491227529131697
path,-8.792524066848063,-7.4902119182647775
path,-8.79155908906158,-7.489229311244281
path,-8.790596283549101,-7.488278351831281
path,-8.789635791382826,-7.48735769910764
path,-8.788678222459616,-7.486455909699797
path,-8.787723566113293,-7.485551711381171
path,-8.78677288427025,-7.4846455797546305
path,-8.785826202786243,-7.483737531514634
path,-8.784883626017214,-7.482822053560906
path,-8.783943971771198,-7.4818445468299455
path,-8.782967866517184,-7.480735323771978
path,-8.78200123760617,-7.479323557759992
path,-8.78104978079736,-7.477578856675369
path,-8.780067786687479,-7.475603295812991
path,-8.779031135874918,-7.473455772361139
path,-8.777955263041148,-7.471156375623676
path,-8.776898619853473,-7.4688007599829405
path,-8.775869413663566,-7.466398380829055
path,-8.77486917973815,-7.46394478033938
path,-8.773905580646476,-7.4614225088389965
path,-8.772954972595855,-7.458804381777392
path,-8.772033990501699,-7.456116367882014
path,-8.771126976621192,-7.453403580261067
path,-8.770222503162312,-7.450690544024186
path,-8.76932059444091,-7.447977267941274
path,-8.768400591008678,-7.4452051769751515
path,-8.767483540505472,-7.442426087337162
path,-8.766569274490688,-7.43964677698163
path,-8.765657819194773,-7.436867255334022
path,-8.764749201017235,-7.434087531902443
path,-8.763876101312112,-7.431260435652608
path,-8.763126806477842,-7.428442663103384
path,-8.762325696643915,-7.425609893200104
path,-8.76148604149133,-7.422811141744771
path,-8.760650427837398,-7.420012506553876
path,-8.75986473750223,-7.417355426884211
path,-8.75908523317914,-7.414731860737691
path,-8.75830939028749,-7.412108508448512
path,-8.75753724569953,-7.409485379995874
path,-8.756768836681287,-7.406862485969538
path,-8.755976130963976,-7.404150297712929
path,-8.755184965902625,-7.4014138951283455
path,-8.754398017458737,-7.398677790247504
path,-8.753615331678242,-7.3959419990588335
path,-8.752836955001113,-7.393206538115931
path,-8.752037956492218,-7.3903851522266795
path,-8.751240815405911,-7.387543594047695
path,-8.750448507915868,-7.384702455628048
path,-8.749661089836522,-7.381861758762337
path,-8.748878617586266,-7.379021525846589
path,-8.748074665416057,-7.376085856476982
path,-8.747271691938126,-7.373124072547529
path,-8.74647434213235,-7.370162884262158
path,-8.745682683051427,-7.3672023200199295
path,-8.744896782379309,-7.364242408684139
path,-8.744106113734114,-7.361234716516648
path,-8.743319286322587,-7.358222807140867
path,-8.7425386510824,-7.355211671544423
path,-8.741764320433612,-7.3522013552791945
path,-8.740996849620272,-7.349192042738922
path,-8.740218673508018,-7.346092216075399
path,-8.739440193056627,-7.342884201547205
path,-8.738710774515367,-7.3396507957409804
path,-8.738013952442413,-7.336381181202014
path,-8.737336880941557,-7.333020833450067
path,-8.736184060603424,-7.329442379376224
path,-8.734137072426751,-7.325589626157476
path,-8.73130518514831,-7.321430187520673
path,-8.727987695609583,-7.317294250902159
path,-8.724266730666114,-7.313274022331151
path,-8.72006442277639,-7.30892842897584
path,-8.715124898562514,-7.304133092020941
path,-8.709455257930678,-7.299068018070629
path,-8.703115026058454,-7.293718608249929
path,-8.696397515567718,-7.288141328388929
path,-8.689359733129699,-7.282136770122725
path,-8.681821745830202,-7.275504004717452
path,-8.673675239137506,-7.268532763037173
path,-8.665258553527787,-7.261235551221351
path,-8.65673902232491,-7.253788410835861
path,-8.648094698975218,-7.246337331058867
path,-8.639355482257796,-7.238982545496426
path,-8.6305695333281,-7.231613528129251
path,-8.621643722921801,-7.224191746583272
path,-8.612658287736487,-7.216692327866025
path,-8.603625664354576,-7.209102841441595
path,-8.594560924264533,-7.201444138551191
path,-8.585461298046646,-7.1937114498671395
path,-8.576323748465148,-7.185903050228094
path,-8.56714528595371,-7.178017285210104
path,-8.558428136123212,-7.170419011277951
path,-8.550320998517027,-7.163423351716162
path,-8.542734202621189,-7.156587589043717
path,-8.535656452680493,-7.149756057643078
path,-8.52898672691153,-7.143009288677633
path,-8.522649575031014,-7.136639635721995
path,-8.516706060142097,-7.130538808153373
path,-8.510933894300859,-7.124548198751017
path,-8.505151487589591,-7.11867773467712
path,-8.499342098918579,-7.1129174103470865
path,-8.49374307821983,-7.107307933939495
path,-8.488237917846236,-7.1017929342378405
path,-8.482706351991126,-7.09640008766772
path,-8.477147366329035,-7.091123864054096
path,-8.471573416518165,-7.085950916922781
path,-8.466143645874512,-7.080866143313638
path,-8.460747347853928,-7.075838270376486
path,-8.455360182514326,-7.070801821036884
path,-8.449982933895756,-7.065756679251204
path,-8.444615689941502,-7.060702932122479
path,-8.439496811044886,-7.055756194393854
path,-8.434449336484578,-7.0509327918550335
path,-8.429411502415896,-7.0461387595584
path,-8.424382930187969,-7.041337342775092
path,-8.419363660852847,-7.036528566608032
path,-8.414808994214766,-7.0319534693818415
path,-8.410807562508195,-7.02753066590772
path,-8.407018912877826,-7.023217331063049
path,-8.403210779476955,-7.019058935811748
path,-8.399360740602882,-7.015066185533258
path,-8.395822991378786,-7.011547570344655
path,-8.392774978127875,-7.008764498730562
path,-8.390253696247445,-7.006710039010339
path,-8.387855959873143,-7.004898290283067
path,-8.38540321008587,-7.003237665480397
path,-8.383053103543299,-7.001300971457603
path,-8.380714278432361,-6.999509898430786
path,-8.378214336722916,-6.99773074982371
path,-8.375555247798426,-6.995938422124797
path,-8.372750342441549,-6.994251887928549
path,-8.370178935446553,-6.992303499825619
path,-8.367853135292815,-6.990548917039809
path,-8.365409332969275,-6.988748633808337
path,-8.362814617216996,-6.986935395574493
path,-8.360117153035795,-6.985219947002196
path,-8.357636628828564,-6.983182149351855
path,-8.355352882829756,-6.981396496351401
path,-8.352959194989548,-6.9795644647241595
path,-8.350427709489367,-6.977731581879282
path,-8.347901748226393,-6.975968994337951
path,-8.34518275458906,-6.974111304906341
path,-8.342366527752384,-6.972125725197756
path,-8.339935605033283,-6.970328926415978
path,-8.338434063093848,-6.969053013356695
path,-8.337083728450985,-6.968004222466077
path,-8.335907397568239,-6.967165407649888
path,-8.334912459172044,-6.966632407751058
path,-8.333951616401638,-6.9663771884927135
path,-8.332959917723917,-6.966244741037698
path,-8.331992230827293,-6.966209437968513
path,-8.331004759533476,-6.966258224950594
path,-8.330022448500594,-6.966132445573581
path,-8.32808720617224,-6.9643260917525325
path,-8.325326240300997,-6.962019763991519
path,-8.321882089694059,-6.959263289237289
path,-8.318078757351424,-6.956037770611254
path,-8.31402206263292,-6.952530631112144
path,-8.309720127736513,-6.948748649831608
path,-8.305236495006644,-6.944757699030582
path,-8.300658380263561,-6.940738610141551
path,-8.295988230241491,-6.93681319633175
path,-8.291208900686213,-6.932929096062087
path,-8.286479736425843,-6.92903697646236
path,-8.281876257702292,-6.925114412475471
path,-8.277410811869022,-6.921157664870926
path,-8.273115454202687,-6.917242168547169
path,-8.268895388091927,-6.913310741226262
path,-8.264686987822587,-6.909392418823916
path,-8.260488162547848,-6.905496773393597
path,-8.256302977284726,-6.901622917918459
path,-8.252080551689136,-6.897721404218861
path,-8.247858658296868,-6.893826066755418
path,-8.243660677609746,-6.889951190920296
path,-8.239475039246242,-6.886102563328779
path,-8.23530888740553,-6.882277063518669
path,-8.231277303039812,-6.878592162252686
path,-8.22727638093374,-6.874909773218449
path,-8.223307882744228,-6.87124704151507
path,-8.219369623643319,-6.867607713932094
path,-8.215458283208493,-6.863993225699029
path,-8.211623875068268,-6.8604694215947415
path,-8.207802586491939,-6.856962953108461
path,-8.203997711810853,-6.853488157525088
path,-8.200212598610419,-6.8500479693887035
path,-8.196446562702754,-6.8466297212804355
path,-8.192767515993573,-6.843311453844204
path,-8.189172564256713,-6.840111094935018
path,-8.185655985886848,-6.8370232270975055
path,-8.182211403240382,-6.8340578000552785
path,-8.178826823215404,-6.831201110986424
path,-8.175533339894422,-6.82848398391972
path,-8.172306977441316,-6.825884475470617
path,-8.169147885714898,-6.823405060738657
path,-8.166035689827227,-6.821015988049824
path,-8.162933365383621,-6.818661531881677
path,-8.159556276664942,-6.816056181382342
path,-8.156034859551394,-6.813369656110513
path,-8.152344751524472,-6.810651773032411
path,-8.148442290720974,-6.8078733911286955
path,-8.144331824308104,-6.805068564268085
path,-8.14001378558373,-6.802248227709032
path,-8.1355194211283,-6.799409667774689
path,-8.130919871218024,-6.796546915747378
path,-8.126218997739041,-6.793658830575443
path,-8.121472514616666,-6.790723946681497
path,-8.116716257407905,-6.787730534071965
path,-8.111938718319156,-6.784680155466643
path,-8.107139178287618,-6.781572485081827
path,-8.10231689605134,-6.778407612553337
path,-8.097471234317991,-6.775184841722858
path,-8.093031576529379,-6.772203400555855
path,-8.089192426800947,-6.769705696488541
path,-8.085409380786395,-6.767116671855329
path,-8.081515084633104,-6.764375705220711
path,-8.07751565435137,-6.761479185820174
path,-8.073442254043957,-6.758464426398132
path,-8.069280194173466,-6.755315177350511
path,-8.065064808838315,-6.752035519227323
path,-8.060852097257087,-6.748636660715062
path,-8.056640460651142,-6.7451318620449525
path,-8.052867389498244,-6.7419831319860055
path,-8.049748736173687,-6.739212411120482
path,-8.046655099911536,-6.736436382201322
path,-8.043570289605674,-6.733651841799581
path,-8.040494300957132,-6.730858743398387
path,-8.037488169078195,-6.728113868375963
path,-8.034491135403096,-6.725361599092225
path,-8.031502949912493,-6.722600639298009
path,-8.028523643674562,-6.7198309444153965
path,-8.025553255823286,-6.717052467429381
path,-8.022647673885942,-6.714317553010932
path,-8.021162016676131,-6.7119736383747215
path,-8.019976969940084,-6.7099013138269985
path,-8.019159505071018,-6.708200895461996
path,-8.018347058153998,-6.706439128364577
path,-8.017586691968592,-6.704561606173443
path,-8.016863637174328,-6.702565264391703
path,-8.016177651312315,-6.700449603112553
path,-8.015531399203322,-6.698222262645255
path,-8.014928057883147,-6.6959174804536525
path,-8.014385934431386,-6.6935148122452155
path,-8.013884409593576,-6.690996688511435
path,-8.013426289005977,-6.688371067988609
path,-8.013012033934464,-6.685639456658292
path,-8.012642374984102,-6.682803571473193
path,-8.012214037218934,-6.679853218910928
path,-8.011639398273482,-6.676914149294492
path,-8.010678304290362,-6.674166080889247
path,-8.00956455906953,-6.6715177186834085
path,-8.008447356751839,-6.668911815144234
path,-8.00739347199352,-6.66626937025598
path,-8.00633823446329,-6.663628535745908
path,-8.005281828140951,-6.660990038329061
path,-8.004224261281037,-6.658353872822528
path,-8.003165541490247,-6.655720034761798
path,-8.002142032654064,-6.6531780692522196
path,-8.001117636646997,-6.650644070709714
path,-8.000092185433827,-6.6481122237540475
path,-7.999065684403973,-6.645582525911855
path,-7.998038138557063,-6.643054975138039
path,-7.997023326284223,-6.640565159406245
path,-7.996007510785351,-6.638077466527002
path,-7.994990691879303,-6.635591855774929
path,-7.993972873278829,-6.633108326353086
path,-7.99295405846188,-6.630626877720964
path,-7.991983624282489,-6.628262908838609
path,-7.991012650391197,-6.625912811878752
path,-7.990038657373265,-6.623567639991975
path,-7.98906236426435,-6.621226387010213
path,-7.988085197218615,-6.618886999727197
path,-7.987128974425824,-6.61660355379344
path,-7.986171960342463,-6.614322976139405
path,-7.985214118536518,-6.612044176730374
path,-7.984255450698328,-6.609767156281491
path,-7.983295958454337,-6.607491915574713
path,-7.982122079520271,-6.605163958186442
path,-7.98071125031115,-6.602827988291421
path,-7.979272466904446,-6.600421034476715
path,-7.977826698249193,-6.597896455190612
path,-7.976375082309339,-6.595254427544105
path,-7.974968892733374,-6.592506930493998
path,-7.973557062975004,-6.58964307985806
path,-7.972139628175807,-6.586662067989718
path,-7.9707166137518755,-6.5835641490427035
path,-7.969288041983765,-6.580349509451147
path,-7.967911700899345,-6.577113794400002
path,-7.9665337134074745,-6.573882898862124
path,-7.96515406293713,-6.570656623296454
path,-7.963772751439572,-6.567434824219373
path,-7.962389781282075,-6.564217385472584
path,-7.961077661661109,-6.5611547396349215
path,-7.9597648698225765,-6.558121790237876
path,-7.958450605157132,-6.555092552679473
path,-7.957134870338573,-6.552066976929596
path,-7.955817668139395,-6.549045022680712
path,-7.954563206387345,-6.546161564888701
path,-7.953308028119599,-6.5433006177111555
path,-7.952051537089289,-6.540442864213772
path,-7.9507937357883085,-6.537588287459963
path,-7.949534626718875,-6.534736874023739
path,-7.948015850795126,-6.5317834580451635
path,-7.9461234387182,-6.528799607185952
path,-7.944213789041219,-6.525886180112238
path,-7.942308119649074,-6.523214650326062
path,-7.940399648150584,-6.520735952660768
path,-7.938574757086536,-6.518386828486599
path,-7.936747788342218,-6.516070267220062
path,-7.93491857633572,-6.513779759171465
path,-7.933086829266103,-6.511497033674605
path,-7.931251025652512,-6.509225031377975
path,-7.929432907658938,-6.506972664623113
path,-7.927609140719732,-6.504725906158814
path,-7.925784288108446,-6.502488152662799
path,-7.9239557405659315,-6.500255894096448
path,-7.922125257335998,-6.498032766878963
path,-7.920293200886436,-6.495818337574152
path,-7.918459769270924,-6.493617142553925
path,-7.91662301181958,-6.49141912808401
path,-7.914781593248059,-6.48922744938976
path,-7.912941794509061,-6.487055427074195
path,-7.911102118214877,-6.48488019771291
path,-7.909260054920014,-6.482724280196838
path,-7.907418182449963,-6.480547332176263
path,-7.905570376495802,-6.478365675646177
path,-7.903721221783754,-6.476196760963443
path,-7.901550734465931,-6.473963567952235
path,-7.899246902363032,-6.471730247323083
path,-7.896934337382163,-6.469493882150152
path,-7.894619292530038,-6.467271039658837
path,-7.892301231700976,-6.465059709900493
path,-7.889769973302422,-6.46282612738337
path,-7.8872987834755035,-6.460640272399653
path,-7.884905387255368,-6.45849253640393
path,-7.882581972128071,-6.456346714593738
path,-7.880296507262387,-6.454163674616295
path,-7.878057733584376,-6.452024518624562
path,-7.876089280032497,-6.4500020721302675
path,-7.874340515710716,-6.448065802055815
path,-7.87277062647085,-6.446204377062015
path,-7.871349775225607,-6.444419214165414
path,-7.869596529996941,-6.442556171546897
path,-7.867787826433453,-6.440639902277718
path,-7.8662082310245625,-6.438806765253346
path,-7.864810911570132,-6.437078999645782
path,-7.863547419710564,-6.435384810986483
path,-7.861923536145781,-6.433620748376441
path,-7.8601935031634955,-6.431818712495171
path,-7.858681571389665,-6.430086414253917
path,-7.857331349586148,-6.428335706674671
path,-7.856113495023978,-6.4265512299638194
path,-7.855068462092612,-6.424797557158213
path,-7.854137753752623,-6.423017251767439
path,-7.853288211959259,-6.421206800258659
path,-7.852509108764114,-6.419365287562754
path,-7.851780137839648,-6.41749399207214
path,-7.851406921250911,-6.415989986184535
path,-7.851216265691339,-6.414613635672386
path,-7.851076977626051,-6.413231370237291
path,-7.850969353286621,-6.411845386913269
path,-7.850886771014804,-6.410458042057531
path,-7.851209192697561,-6.409563676123929
path,-7.851794709614216,-6.40913628500989
path,-7.852392525041164,-6.408744612722739
path,-7.8530005323161,-6.408389221945722
path,-7.853616727949111,-6.408071107980989
path,-7.854160252159835,-6.407760669374437
path,-7.854673322406363,-6.407521345482775
path,-7.855156254121588,-6.407332452153679
path,-7.855611572415143,-6.4071935255108565
path,-7.8560552426883286,-6.407099549507103
path,-7.856461853075894,-6.407015336116646
path,-7.856866611806546,-6.406970327727994
path,-7.857271453024466,-6.406969484881548
path,-7.857678741378726,-6.407009377996416
path,-7.858091433179463,-6.407089252019346
path,-7.858467910542708,-6.4071532511705795
path,-7.858876249813513,-6.407276689051263
path,-7.859294695269889,-6.407438632393535
path,-7.8597271924809595,-6.407636919883127
path,-7.860174061672385,-6.407871606570336
path,-7.860358611947161,-6.407777909899084
path,-7.860441514690202,-6.407529029000295
path,-7.8605636454930226,-6.407333868689366
path,-7.86068785827775,-6.407152945658978
path,-7.860808817644661,-6.407024727780423
path,-7.860898228502808,-6.406853597165954
path,-7.861049888967123,-6.406675209268301
path,-7.860521090094006,-6.406004542052584
path,-7.859533287759455,-6.404665833300604
path,-7.858096565306572,-6.402954191896735
path,-7.856349157778125,-6.400952767690341
path,-7.854323656976311,-6.398664413670639
path,-7.8522343540946755,-6.396125668574063
path,-7.8498810240201164,-6.393313749312105
path,-7.847258493274771,-6.390249085293508
path,-7.844481910096752,-6.387092558595715
path,-7.841732738971541,-6.3840033028615295
path,-7.839011807201715,-6.3809496812178885
path,-7.8363116889275375,-6.377919875138326
path,-7.8336268942753335,-6.374906378280013
path,-7.830967595992977,-6.371918957945525
path,-7.828317646062016,-6.368938960589076
path,-7.825674946844381,-6.365963321362757
path,-7.823032794797077,-6.362999341957277
path,-7.820386427689162,-6.360052108177952
path,-7.817373869286667,-6.356930353093679
path,-7.814047695700565,-6.353590814592811
path,-7.8104363797382925,-6.350068987831461
path,-7.806624770504547,-6.346430875841786
path,-7.80280048753681,-6.342798524495006
path,-7.798312183176877,-6.338976929135739
path,-7.793305176368803,-6.334823970828388
path,-7.7880627047282465,-6.330381434035408
path,-7.782589214643692,-6.3256546896454635
path,-7.7769006579758,-6.320669098237718
path,-7.771313920763594,-6.315666214630681
path,-7.7658532747782925,-6.3107425821201995
path,-7.760392813877174,-6.305825024661387
path,-7.754933028483353,-6.300912600179138
path,-7.749479623053189,-6.295995636189034
path,-7.7442245964504615,-6.291172033695103
path,-7.7392078074171655,-6.286479176124384
path,-7.734257970782692,-6.281843471125183
path,-7.729301812877736,-6.277223734558202
path,-7.7243397339412025,-6.272619281821616
path,-7.719510424196862,-6.268102188041879
path,-7.714720251278524,-6.263624233862967
path,-7.709925422618498,-6.259159034671188
path,-7.7051348766115995,-6.254691176025169
path,-7.7003533030363736,-6.2502125981516805
path,-7.6957465935761,-6.24582196411854
path,-7.691238063980646,-6.241499353797482
path,-7.686726482943005,-6.237186627708792
path,-7.682212884865149,-6.2328820226220305
path,-7.677705394045842,-6.2285715447266945
path,-7.672557280377726,-6.224062542499795
path,-7.666976859834306,-6.219252500370306
path,-7.661194234422921,-6.214177461735996
path,-7.6552138549282125,-6.208841482569898
path,-7.649052942754465,-6.203270361502958
path,-7.642457713208531,-6.197411932367303
path,-7.635635832136965,-6.1912837263721725
path,-7.628625882196409,-6.1848945946372815
path,-7.621435039392145,-6.178252419897989
path,-7.614081511935849,-6.171378431038522
path,-7.606585996032232,-6.164285190064443
path,-7.5990463452458545,-6.157205920492231
path,-7.591534038841289,-6.150201286996119
path,-7.584042359076417,-6.143254415347639
path,-7.576561595111839,-6.136253843005253
path,-7.569439272595663,-6.129264473276185
path,-7.562689426370581,-6.122343380685431
path,-7.556002465365262,-6.11549445918548
path,-7.549334895542803,-6.108717675582466
path,-7.54269064543129,-6.1020137928980995
path,-7.536323848472291,-6.095394455445635
path,-7.530088828393777,-6.0888493349128385
path,-7.523888278867267,-6.082379246961654
path,-7.517725887276013,-6.0759849013111955
path,-7.511604928402515,-6.069666666659784
path,-7.505533814053636,-6.063427286932751
path,-7.499511466859228,-6.057258640704509
path,-7.493538876147261,-6.051089990697297
path,-7.4876187794211635,-6.044902804705304
path,-7.4817545274637585,-6.0386967815756725
path,-7.47631338444555,-6.032572094108465
path,-7.471252070432812,-6.026589706815404
path,-7.4663024324607665,-6.0207274907838615
path,-7.4614249515976585,-6.0149474182522855
path,-7.456622621629246,-6.009250037457734
path,-7.452246595112801,-6.004044148799267
path,-7.448480824387922,-5.999561122491306
path,-7.444932028710648,-5.995669849028406
path,-7.441524878259292,-5.992315015832415
path,-7.438145094687867,-5.989140250115707
path,-7.435156110639434,-5.986450519209594
path,-7.43246768340959,-5.984284096073016
path,-7.429635642396538,-5.982395454209615
path,-7.4266912916765975,-5.980640440977348
path,-7.42368566625495,-5.978776599406018
path,-7.420950378368031,-5.976501975561984
path,-7.418225900010035,-5.974461452327475
path,-7.415427963013961,-5.9727072908748315
path,-7.412544126118458,-5.9708414199497275
path,-7.409574774048086,-5.9688176949826515
path,-7.406869447975079,-5.9663501923592746
path,-7.404080345465542,-5.964297761257988
path,-7.401195548803897,-5.962496183302509
path,-7.398155497013393,-5.960839859929459
path,-7.395019140505849,-5.959400746834193
path,-7.3921712052705,-5.957465112234048
path,-7.389430208855984,-5.955224752472329
path,-7.38662874840563,-5.953052160647729
path,-7.383648021527058,-5.950873873263104
path,-7.380344911107378,-5.947836736658893
path,-7.377296144943039,-5.944610732309409
path,-7.374308307535082,-5.94140576284542
path,-7.37134128799737,-5.93820453079426
path,-7.3684016535383385,-5.935010213130246
path,-7.36549516460833,-5.931825518885526
path,-7.362632129705828,-5.928654572444485
path,-7.359812061412011,-5.9254976733394304
path,-7.357039053431219,-5.9223566109962595
path,-7.354298425200615,-5.919240182760099
path,-7.351516766061806,-5.916179972057467
path,-7.34872318623781,-5.913179798375568
path,-7.345870256745338,-5.910239682155901
path,-7.342974258878095,-5.907363827519632
path,-7.340026043675092,-5.904513064831594
path,-7.337016188356294,-5.901647427293015
path,-7.3339785989433475,-5.898795874900946
path,-7.3308652228410365,-5.895925704024061
path,-7.327694958190737,-5.893043598275429
path,-7.324470894614133,-5.890151063140567
path,-7.321194767626576,-5.887248895404037
path,-7.317906932297005,-5.8843709156734905
path,-7.314554357005507,-5.881494860356351
path,-7.3111986781329765,-5.878702029658129
path,-7.3079366424356245,-5.875989532653049
path,-7.304773261832902,-5.873365059828478
path,-7.301717070332668,-5.870840393391323
path,-7.298699918882462,-5.868346246630206
path,-7.295705207249102,-5.865745640154617
path,-7.292740388453486,-5.863027538329995
path,-7.289797949322892,-5.860204752482567
path,-7.2865659600087875,-5.85727178631483
path,-7.282965831081509,-5.854185328535042
path,-7.27935080362315,-5.850942077192021
path,-7.2757645861613325,-5.8475496683362325
path,-7.272207122305496,-5.84400783823528
path,-7.268699734538971,-5.840361707994095
path,-7.26520649710346,-5.836707187660251
path,-7.261673803045507,-5.833065636915387
path,-7.258131240131497,-5.829426998266816
path,-7.254579159254398,-5.825792429370753
path,-7.251089814431773,-5.822234064139117
path,-7.247565457380705,-5.818680776125606
path,-7.244040782579846,-5.815128263465952
path,-7.240477060270307,-5.811647519532005
path,-7.2368571101749675,-5.808184196702397
path,-7.2334231054151585,-5.804871956311505
path,-7.230195812559145,-5.801756694739857
path,-7.227001142315057,-5.7987021462610695
path,-7.223842094731521,-5.795747442344739
path,-7.220779557036596,-5.793042322909546
path,-7.217781235930366,-5.79053830621674
path,-7.2149137246139095,-5.788251620209175
path,-7.2122446114362795,-5.786135059091996
path,-7.2097320931479985,-5.784101457161007
path,-7.207347473313262,-5.782142068728923
path,-7.205110605935264,-5.780245583236812
path,-7.2029818718474266,-5.7783993553799675
path,-7.20090389747278,-5.7765858470440286
path,-7.198862843251613,-5.774806487038424
path,-7.1968473318405906,-5.773064313064551
path,-7.194604740655733,-5.771296653571883
path,-7.1922890615787916,-5.769393574855975
path,-7.189970229513771,-5.767386587374
path,-7.187548629905477,-5.765385056258952
path,-7.185073633428486,-5.763388749944666
path,-7.182557550182133,-5.76144960129485
path,-7.180020305849527,-5.759613076847046
path,-7.177498276085279,-5.757932437333182
path,-7.1750624738845,-5.756437907699432
path,-7.172738705011423,-5.755113386386367
path,-7.170404917910329,-5.753829650798052
path,-7.168048706894819,-5.752546694140853
path,-7.165679532559258,-5.751249023107707
path,-7.163303829123835,-5.7499230678317765
path,-7.160924548650074,-5.748558526635766
path,-7.158521932152719,-5.747140317190828
path,-7.156110733584113,-5.745677811657022
path,-7.153684400400386,-5.744178019076389
path,-7.151236943051257,-5.742661319784621
path,-7.1487849720496595,-5.741141359929728
path,-7.146306138007544,-5.739611663778455
path,-7.143825837758662,-5.738079385368339
path,-7.141344028146011,-5.736544283390828
path,-7.1388606669844625,-5.735006112878576
path,-7.136375723044855,-5.733464628534418
path,-7.133877895584592,-5.731916295106008
path,-7.131378438355756,-5.730364151283102
path,-7.128877354437178,-5.728807950918021
path,-7.126374803083604,-5.727247456321095
path,-7.123870849373935,-5.72568241971218
path,-7.121338171579241,-5.724104588898524
path,-7.118804072828823,-5.722521695343926
path,-7.116268572133775,-5.72093348458647
path,-7.113731675568937,-5.719339694523764
path,-7.1111933875424995,-5.717740077769093
path,-7.108318741527542,-5.716086580460925
path,-7.104924672333336,-5.7142860272999405
path,-7.1014130716178725,-5.712155982035906
path,-7.097877126411624,-5.709897016521027
path,-7.094339131023525,-5.707630506586816
path,-7.090508101008761,-5.705247055885101
path,-7.086371482767131,-5.702572243969317
path,-7.0821940033951,-5.69985535871468
path,-7.078013894386972,-5.697129243643097
path,-7.07383113987539,-5.694393899192883
path,-7.0695678469753735,-5.6916279631115
path,-7.06530007269162,-5.688850828048294
path,-7.06102977466932,-5.686062834734857
path,-7.056756942553292,-5.6832639074568805
path,-7.052481612032698,-5.68045358812273
path,-7.048022247962774,-5.677589182543467
path,-7.0435301046521595,-5.674701702631598
path,-7.039035388436898,-5.671800763682733
path,-7.034538291058648,-5.6688859152367685
path,-7.030038858884715,-5.665956687297291
path,-7.025368853698197,-5.662973182164067
path,-7.0206713108568275,-5.659965257119324
path,-7.015971215661636,-5.656941453358384
path,-7.011268668479833,-5.65390129811166
path,-7.0065638891555215,-5.65084432109664
path,-7.00174284636586,-5.647743222951728
path,-6.996909586096621,-5.644619495343312
path,-6.9920740410288635,-5.641477405293737
path,-6.987236373372062,-5.638316458160756
path,-6.982394820225495,-5.635139637204955
path,-6.977210405848828,-5.6318872818991705
path,-6.971569935850054,-5.6283698514722555
path,-6.965647871830549,-5.624462505921336
path,-6.959647362080531,-5.6204721958904535
path,-6.953643720247606,-5.616459747720898
path,-6.947311294717303,-5.612354320464118
path,-6.940584116931498,-5.607878079675114
path,-6.933571488300863,-5.603175157972965
path,-6.926545604737261,-5.5984270643796235
path,-6.919515876447625,-5.593650990606228
path,-6.912163668491503,-5.5887915125594825
path,-6.904505175637637,-5.583569751197428
path,-6.896464980806238,-5.578039938040119
path,-6.8883282302255635,-5.5724088817811674
path,-6.880186560758897,-5.5667438456621285
path,-6.872040080377102,-5.5610443118674
path,-6.863888963007934,-5.555309366156444
path,-6.855733390258417,-5.549538071386655
path,-6.847573549925929,-5.543729477226308
path,-6.839412012745817,-5.5378836120275645
path,-6.83124495140258,-5.531995812245708
path,-6.823072069593327,-5.526043920323293
path,-6.814903609884706,-5.520029211312018
path,-6.80673981824552,-5.513950600861843
path,-6.798580953501988,-5.507806987998707
path,-6.790581512448115,-5.501629337342005
path,-6.7828362547317536,-5.4954545961144685
path,-6.775318840473223,-5.489276970403574
path,-6.767969993958843,-5.483073014105034
path,-6.760757260011922,-5.47683043733164
path,-6.753273165507917,-5.470486924480213
path,-6.745812438793005,-5.464018440084134
path,-6.738633242322654,-5.457537161389013
path,-6.731626049354552,-5.451131630557942
path,-6.724742032117577,-5.444838127586222
path,-6.717506958330588,-5.438567265264539
path,-6.710257908590873,-5.432188676134894
path,-6.703236045712858,-5.425863958114888
path,-6.696369033823806,-5.419645540260498
path,-6.689644332119642,-5.4135383754858335
path,-6.682719189577067,-5.407561625980311
path,-6.675941078652775,-5.40166892419561
path,-6.669296407397955,-5.39611473028592
path,-6.662857941105583,-5.39074844160754
path,-6.656604077965325,-5.385539397301251
path,-6.650288554532695,-5.3806505849955935
path,-6.644181612445097,-5.375928165268736
path,-6.638324703418041,-5.3713580340105
path,-6.632677999487675,-5.366939897695435
path,-6.627220232373707,-5.3626754807713946
path,-6.622000522485627,-5.358568342763075
path,-6.616970844717022,-5.354630619883428
path,-6.612113341185382,-5.350865326295839
path,-6.607443618411759,-5.347256586947404
path,-6.602926797341199,-5.343836330970577
path,-6.598707403293539,-5.34064076435014
path,-6.594685773026278,-5.337615562718028
path,-6.590826894076123,-5.334767415375135
path,-6.587130270641021,-5.332098391721346
path,-6.583595893106188,-5.329610440329343
path,-6.580277360963278,-5.327291564138512
path,-6.577114262761804,-5.325109201807289
path,-6.574026974758618,-5.322936144603277
path,-6.571564938393135,-5.320622512887181
path,-6.569607863807608,-5.318441945504622
path,-6.56846382878055,-5.316671245817101
path,-6.567096538459028,-5.3147528309795335
path,-6.565812455748819,-5.312444147119325
path,-6.564960208796678,-5.310125213896911
path,-6.564424643861962,-5.307830327179286
path,-6.564265652936135,-5.305845055358131
path,-6.564291971305088,-5.304024383459541
path,-6.5644637387358955,-5.302288169017957
path,-6.564778419400607,-5.300629110362075
path,-6.5650759572778075,-5.299127640964933
path,-6.565419166804083,-5.29765223221406
path,-6.565847914438831,-5.296096746462377
path,-6.566404853730097,-5.294609611373326
path,-6.5670932946231995,-5.293189293321602
path,-6.567916088636098,-5.29183495909534
path,-6.568304597554516,-5.28995714152274
path,-6.568096599128677,-5.287396855014073
path,-6.567573639970098,-5.2846326957931895
path,-6.566723673792268,-5.281701156821785
path,-6.565564181149197,-5.278581814632762
path,-6.564243578183003,-5.2752137335585365
path,-6.562714311988209,-5.271644718654235
path,-6.560289943320069,-5.2679780938381295
path,-6.557563621063382,-5.264623341024052
path,-6.5545356990151245,-5.261585188180816
path,-6.551737373105482,-5.258559029750691
path,-6.5493689587574115,-5.255604799005182
path,-6.547192372241303,-5.252823645809039
path,-6.545198464541885,-5.250212715117956
path,-6.543397891830284,-5.247767841663246
path,-6.541348588828534,-5.245134123607908
path,-6.538966862306477,-5.242435438342984
path,-6.536288049422065,-5.239751207835032
path,-6.533316139778634,-5.2370314171627355
path,-6.530251747610792,-5.234333032094452
path,-6.527064287430274,-5.2316411908546385
path,-6.523806513393832,-5.2289794143383395
path,-6.520490875660626,-5.226349845503604
path,-6.51712535685551,-5.223752944312945
path,-6.513719093981197,-5.221183313639714
path,-6.51034379925152,-5.21863226630814
path,-6.506961067522337,-5.2160751372085095
path,-6.503569293087172,-5.213503648005385
path,-6.500170943302703,-5.210919524139373
path,-6.496768042260454,-5.208324184296144
path,-6.493461455526997,-5.205756242596331
path,-6.490171642453504,-5.203226637872785
path,-6.4868793917080225,-5.2006931981012485
path,-6.483587329709308,-5.198152432591304
path,-6.480296194705288,-5.1956048625803
path,-6.477061536755959,-5.19308217071589
path,-6.473830779378508,-5.190566856836736
path,-6.470602256462039,-5.188045894433626
path,-6.467376299448565,-5.185519520908552
path,-6.464153179424658,-5.182987930787131
path,-6.461036707615974,-5.180499826041302
path,-6.457944899857643,-5.1780512985732665
path,-6.454854288912571,-5.175602940816219
path,-6.451766920322851,-5.173150205798848
path,-6.44868289242467,-5.170693164513372
path,-6.445386960765583,-5.168113916309207
path,-6.441692378790938,-5.165287993709418
path,-6.43769234194733,-5.16211780013993
path,-6.433539304384646,-5.158763038617077
path,-6.429393040034926,-5.155400839977377
path,-6.425035937209924,-5.151912317902081
path,-6.420338224523664,-5.148120508276897
path,-6.415480346876228,-5.1441307287398
path,-6.410728588425311,-5.140219356042544
path,-6.406393893576138,-5.136523378872889
path,-6.402342066048288,-5.132878164188802
path,-6.398558691434495,-5.129251235589304
path,-6.3950298913942145,-5.125600546202434
path,-6.391747294058297,-5.12192389252946
path,-6.3886722087005445,-5.1182214499373995
path,-6.385812918494277,-5.1145730736085255
path,-6.383161673153293,-5.110952460805584
path,-6.380700160686531,-5.107310136725367
path,-6.378425600440402,-5.103642378905788
path,-6.376337621620921,-5.099949483870786
path,-6.374420275455921,-5.096161993895019
path,-6.372646440153174,-5.092352065035505
path,-6.370558611739499,-5.088447714207675
path,-6.368590574554383,-5.084485783000805
path,-6.366722787053693,-5.080486488811699
path,-6.364839835388995,-5.076323149699848
path,-6.363118538217728,-5.072123706659154
path,-6.361547298678725,-5.06789880484849
path,-6.360120733171176,-5.063635412136303
path,-6.358823958331283,-5.059327524983357
path,-6.357413207501306,-5.054668354034088
path,-6.355779867807963,-5.049498264810365
path,-6.354113116172088,-5.043988135812984
path,-6.352556969939396,-5.038399020770873
path,-6.35115251126133,-5.032768961363471
path,-6.349918389965248,-5.027158206102313
path,-6.3488151692808215,-5.021602985767255
path,-6.347690255500953,-5.016106537146399
path,-6.346532437122911,-5.010653565168923
path,-6.345327281648522,-5.005253596501338
path,-6.344290499145783,-5.000140989055204
path,-6.343475999989946,-4.995193854489017
path,-6.342648507841733,-4.990387766857008
path,-6.341705425314066,-4.985625168769513
path,-6.340705037236538,-4.980865487000927
path,-6.3397335753953845,-4.9762278074714015
path,-6.338842542038177,-4.971791750136082
path,-6.3379093938178315,-4.96751714427368
path,-6.3369010805462676,-4.963380398096716
path,-6.3358301288894365,-4.959356451768718
path,-6.334798945377844,-4.9552295791866126
path,-6.333830290611634,-4.951210904394624
path,-6.3328272576026245,-4.947404516212291
path,-6.331806455951597,-4.943672658378168
path,-6.330758645385575,-4.940061233627489
path,-6.329728630206081,-4.9363374362235035
path,-6.328653025880675,-4.932811887721256
path,-6.327532732811335,-4.929665776246612
path,-6.326353916028943,-4.9268763406750935
path,-6.325224476341849,-4.92442689758831
path,-6.324075533583657,-4.921951716758036
path,-6.322819022386885,-4.919759521664044
path,-6.3215107937248405,-4.917947369107573
path,-6.320234907868154,-4.916307835739882
path,-6.3189809888674455,-4.91487236934728
path,-6.317848712766699,-4.913700108280109
path,-6.31672594840369,-4.9126985815772075
path,-6.3156415241867725,-4.911956254122845
path,-6.314577797284622,-4.911403866022204
path,-6.313535560457019,-4.911033118341697
path,-6.311981968485927,-4.910590220035183
path,-6.310289746204139,-4.910159452254565
path,-6.3085945173714935,-4.909798042680586
path,-6.306896046175971,-4.909508056868753
path,-6.305194236323888,-4.909292316882362
path,-6.302710427944932,-4.908571455029273
path,-6.299594908482342,-4.90676979380353
path,-6.296542814785511,-4.9046424502343715
path,-6.293553705978876,-4.9022191049509996
path,-6.290622109626793,-4.899519898794072
path,-6.287461369623469,-4.89654953445959
path,-6.284168859083841,-4.893389511345437
path,-6.280926089444175,-4.890238017039921
path,-6.2776798394899584,-4.887039771021919
path,-6.274391789932966,-4.883772060606671
path,-6.271100805901016,-4.880472168574629
path,-6.267679276861032,-4.877071905247177
path,-6.264401743910408,-4.873707721575297
path,-6.261123189502993,-4.870310258396705
path,-6.257843156275716,-4.866882454531277
path,-6.254653250419836,-4.863455212549544
path,-6.251486536772436,-4.8600012329455184
path,-6.248343117391776,-4.856509080471465
path,-6.245062818390992,-4.852907868288553
path,-6.240550669843855,-4.848620610752953
path,-6.235643911116439,-4.844289983995767
path,-6.230500691540407,-4.839778818837217
path,-6.22509821653677,-4.83502677837342
path,-6.219253548987077,-4.830033163853257
path,-6.212948909872795,-4.824898295139128
path,-6.206302613838397,-4.819600485636865
path,-6.199526491289514,-4.814190282455196
path,-6.192653561054405,-4.808665347538542
path,-6.185676868969832,-4.803026669943713
path,-6.178592548358846,-4.797269973142092
path,-6.171035572316208,-4.791366970252644
path,-6.163133688418245,-4.785396640069764
path,-6.1551204477141965,-4.779323365303563
path,-6.146998898802096,-4.773157487268676
path,-6.138784925183114,-4.766927599864182
path,-6.13047295631544,-4.760628395691803
path,-6.122059132296591,-4.754250848407361
path,-6.113541373555836,-4.747790640382691
path,-6.1049140620035125,-4.741231163165414
path,-6.096258737940065,-4.73455515373866
path,-6.0876272698063705,-4.727737518875054
path,-6.079017110476789,-4.720778632125792
path,-6.070426114660838,-4.713679109719797
path,-6.061852452105691,-4.706439729419548
path,-6.0532945399950435,-4.699061382203911
path,-6.0447578584668555,-4.691524328697033
path,-6.0362240902545,-4.683851667961644
path,-6.02763222775084,-4.676056453527875
path,-6.018970732868372,-4.6681461528244945
path,-6.010259225559613,-4.660221750465936
path,-6.001500226317033,-4.65232520460021
path,-5.992695845083578,-4.644456997729889
path,-5.9838441307585875,-4.636617397517383
path,-5.974946823609898,-4.628806808505341
path,-5.966004319774369,-4.621025647061847
path,-5.957020531859224,-4.613276206286175
path,-5.9479684438967135,-4.605554658134794
path,-5.938873066895045,-4.597869770412508
path,-5.929870430792037,-4.590276339176214
path,-5.920940809354274,-4.582793926871554
path,-5.912496611735696,-4.57561172663536
path,-5.904880082723431,-4.568894615614065
path,-5.897985468708671,-4.562312542813967
path,-5.891707132578731,-4.555804650350922
path,-5.886041793190442,-4.549373402626534
path,-5.880459476641775,-4.543606913727123
path,-5.875172913195972,-4.538037619928744
path,-5.870526939693604,-4.532453396905086
path,-5.866482748098223,-4.5268404285301385
path,-5.862621683223633,-4.521035987947746
path,-5.859326831150532,-4.515881223516684
path,-5.85637367305434,-4.51169933624578
path,-5.854161323980027,-4.507881752824912
path,-5.852365378147801,-4.5041399562308495
path,-5.850855972259689,-4.500385161985387
path,-5.848818700206217,-4.497076607166216
path,-5.846694451037997,-4.493821923357454
path,-5.844943873984894,-4.490530712734178
path,-5.843494519959476,-4.487239905625711
path,-5.842344184222588,-4.483926241225654
path,-5.841446275881017,-4.480517629531696
path,-5.840708915133992,-4.476972451256603
path,-5.840303840618665,-4.473448936843113
path,-5.840158916062412,-4.469875342804037
path,-5.840230749326367,-4.46623088833705
path,-5.84043574435394,-4.462432743977173
path,-5.8404261363513825,-4.458664461398891
path,-5.840671525131871,-4.454917647303767
path,-5.841097795534265,-4.451097914738377
path,-5.841613898163043,-4.447243530499089
path,-5.842048211617978,-4.443275609681273
path,-5.84217503159384,-4.439413018177624
path,-5.842301164831985,-4.435437182101102
path,-5.841009963145551,-4.430890358462507
path,-5.838793090278749,-4.426496138604688
path,-5.835654020604369,-4.422275638051805
path,-5.83179235928896,-4.4182345933030325
path,-5.827936506273109,-4.414349239086695
path,-5.824237051106303,-4.410655592790373
path,-5.8202123761789855,-4.407278010702439
path,-5.815916993044607,-4.4039458179383555
path,-5.811708924948321,-4.400181049406398
path,-5.8076427063019125,-4.396164706354209
path,-5.803749524911787,-4.391921569191122
path,-5.8000378299219,-4.387495728128555
path,-5.7965590565300875,-4.383176414987312
path,-5.793256180574743,-4.378956517217149
path,-5.790087898744376,-4.374599457947287
path,-5.787079130520189,-4.370162791729327
path,-5.784212660618311,-4.365661819224991
path,-5.781503658534702,-4.361154907902115
path,-5.77894528207041,-4.356634081266057
path,-5.776503863993417,-4.352016183966695
path,-5.774214658603377,-4.347334846068866
path,-5.772070240106038,-4.342597457519
path,-5.770058384391896,-4.337808294547653
path,-5.76818627666691,-4.333031882055165
path,-5.766445247842502,-4.328128000059145
path,-5.7647737023828105,-4.323187682585381
path,-5.763032210402229,-4.318227710808947
path,-5.761213687102488,-4.313226210342187
path,-5.759311664322611,-4.308225647268315
path,-5.7573392319821055,-4.303154903299228
path,-5.755292890465171,-4.298072954392952
path,-5.753180474393258,-4.292982632307866
path,-5.750976390703893,-4.287982439823239
path,-5.748693224255083,-4.283155901003617
path,-5.746331160047461,-4.278483824852215
path,-5.743902374783381,-4.273937221922246
path,-5.741410082578531,-4.2694930630878005
path,-5.738967554599639,-4.265787805427678
path,-5.736527086197074,-4.262463166091071
path,-5.734154809731819,-4.259195274078713
path,-5.731906830703177,-4.255972781065502
path,-5.7297602077358745,-4.252787276679735
path,-5.727680961485565,-4.249622958710451
path,-5.725665867217266,-4.24647644297119
path,-5.723703146082649,-4.243349502214064
path,-5.721782849499539,-4.240238578679183
path,-5.719896948113929,-4.237140514781178
path,-5.718042960810375,-4.234056956908821
path,-5.716211656613439,-4.230981566368365
path,-5.714401470849664,-4.22791329787614
path,-5.712604191572492,-4.2248507492189065
path,-5.71081953560391,-4.221792135176908
path,-5.709043146265196,-4.2187330161185255
path,-5.707275706450185,-4.215675205420384
path,-5.705515892177899,-4.212617995214044
path,-5.7037628271270115,-4.20956068525916
path,-5.702015744187314,-4.20650266732462
path,-5.700270089796936,-4.203440225260657
path,-5.698529440328671,-4.200374195837303
path,-5.696793756600622,-4.197305822870858
path,-5.6950629268340505,-4.194234649322722
path,-5.693336922781755,-4.191160243448622
path,-5.6916138962879135,-4.188080222223189
path,-5.689895810211246,-4.184996117699086
path,-5.688145029070904,-4.1819121030849224
path,-5.686376164009759,-4.178836020984129
path,-5.684596560687355,-4.17576877172493
path,-5.6827988939660745,-4.172707109026881
path,-5.680991876047841,-4.169653080353701
path,-5.679176528575567,-4.166606253384082
path,-5.677356656908152,-4.1635693973701695
path,-5.675527226936635,-4.160553125827979
path,-5.673661412450063,-4.157431821258986
path,-5.671727338080362,-4.15429724209634
path,-5.669724595952348,-4.151163107477742
path,-5.667688066698245,-4.148121076104156
path,-5.665809845175351,-4.14546043794444
path,-5.6638801589644645,-4.1428463867804615
path,-5.66187550414763,-4.140223931167378
path,-5.659803094182056,-4.13760775507323
path,-5.657702222259962,-4.135077724909516
path,-5.655649596038963,-4.132648979610452
path,-5.653510628470287,-4.130233687236586
path,-5.651284890144352,-4.127830987641268
path,-5.648972149509794,-4.125440616585555
path,-5.646572177051467,-4.123062302048634
path,-5.6440847611994,-4.120695780813072
path,-5.641510822816796,-4.118344410413861
path,-5.638849039231692,-4.116004292346382
path,-5.636099220714778,-4.11367514677264
path,-5.6332611892609785,-4.111356687038909
path,-5.6303335793295775,-4.1090502477896695
path,-5.627403654056413,-4.106769051199394
path,-5.624473639297203,-4.1044964698192485
path,-5.621543859971628,-4.1022354802093215
path,-5.618614624928404,-4.099988066192707
path,-5.615686024116126,-4.097753888741917
path,-5.612821636648112,-4.095540974461045
path,-5.6099614327452345,-4.093338994668441
path,-5.6071012130312035,-4.09114855111756
path,-5.604241574993513,-4.088968673897861
path,-5.601382524263045,-4.086798705071826
path,-5.598619695348986,-4.084656196787556
path,-5.595874161927721,-4.082516413462364
path,-5.593137186513967,-4.080380068296291
path,-5.5904910464784034,-4.078321338562047
path,-5.587949932351366,-4.076358761775596
path,-5.585472900401137,-4.074395840787387
path,-5.5830710434781015,-4.07248117332771
path,-5.580719865753242,-4.070557122790195
path,-5.578414481141675,-4.068612277136142
path,-5.576154809692458,-4.066646672214902
path,-5.573963405183475,-4.064717792952496
path,-5.57182344946769,-4.062782275472885
path,-5.56972894693492,-4.060826104776037
path,-5.567679794206755,-4.058849300322586
path,-5.565675885170039,-4.0568518798807265
path,-5.563726401437313,-4.05485725761681
path,-5.561822458908734,-4.052843413797083
path,-5.559963484116023,-4.050809274487845
path,-5.558149355991652,-4.048754847792373
path,-5.55637996615013,-4.046680179552925
path,-5.554668624486869,-4.044618672547628
path,-5.5529817016840415,-4.042559265092322
path,-5.551293057157698,-4.040527006401293
path,-5.549603420533962,-4.038521930750046
path,-5.547928898176559,-4.036537690222249
path,-5.546260749997206,-4.0345966672192715
path,-5.5445923148664855,-4.032695060233472
path,-5.542921460644498,-4.030821135450161
path,-5.541244115120221,-4.028949190170379
path,-5.539577558433908,-4.027056580959589
path,-5.537906477844252,-4.025183563231505
path,-5.5362231509663,-4.023296989007878
path,-5.534525934333923,-4.021394767739327
path,-5.532820896045361,-4.01951349210131
path,-5.531101008572131,-4.017631245296002
path,-5.529366941955254,-4.015755544851938
path,-5.527615669449201,-4.013878807433949
path,-5.525846220667199,-4.012001090421501
path,-5.52405776169914,-4.0101224049442665
path,-5.522249609302816,-4.008242697855536
path,-5.520345940262113,-4.006029920949182
path,-5.518385489484699,-4.003670189809513
path,-5.516395031485243,-4.001283948849215
path,-5.514374228820649,-3.998870431073872
path,-5.512323032716446,-3.996428842994103
path,-5.510247077459526,-3.99397037529261
path,-5.508142358496327,-3.9914810322096046
path,-5.506010815055076,-3.988957737456157
path,-5.503859366542987,-3.986394954697097
path,-5.501688601582154,-3.9837870007925735
path,-5.499509517807718,-3.981140942566969
path,-5.49729843282394,-3.9784317208265674
path,-5.49505269395526,-3.97564919408523
path,-5.492751293236366,-3.972782914049957
path,-5.490365035735854,-3.969818954377461
path,-5.487887349825281,-3.966776151668987
path,-5.485230027787481,-3.9636348712583755
path,-5.48259163485117,-3.960540156187445
path,-5.479975597963403,-3.957628950598379
path,-5.47721197869507,-3.9548086054606637
path,-5.474306561787864,-3.952104383618762
path,-5.471290038646348,-3.949543581100394
path,-5.468185248524637,-3.94713373566966
path,-5.4650878092118615,-3.9448541171085663
path,-5.462016533417339,-3.9427011452322667
path,-5.45904752843837,-3.9406774730076286
path,-5.45609981294113,-3.938749924947584
path,-5.453173579188237,-3.9369170532033966
path,-5.450259243319117,-3.9351248965962764
path,-5.447348923792859,-3.9333305352893513
path,-5.444512314640129,-3.9315729401298927
path,-5.441680419839157,-3.9298179870563152
path,-5.43885233630182,-3.928060940557082
path,-5.43602806001843,-3.9263018024831062
path,-5.4332075870730385,-3.9245405748327133
path,-5.430236466003295,-3.922373669108039
path,-5.427071625356546,-3.920031430183258
path,-5.423740891462126,-3.917689272200564
path,-5.420287883222035,-3.915339164495635
path,-5.416881685941198,-3.9128379870436487
path,-5.413829278115612,-3.9099917547450125
path,-5.411136984898501,-3.907023128849107
path,-5.40872260115653,-3.903922648654608
path,-5.406528532334823,-3.9006930121551986
path,-5.404520047036357,-3.89733988264379
path,-5.402680825442247,-3.8938891326204024
path,-5.400988524313017,-3.8904057007330386
path,-5.3994252661258,-3.8869444069733037
path,-5.397985361511497,-3.8835026333305116
path,-5.3966428884436155,-3.880067544349423
path,-5.39540259933154,-3.8766102751307328
path,-5.394256905109471,-3.8731581334941896
path,-5.393206391579003,-3.869712659892363
path,-5.39225112145391,-3.866274143420485
path,-5.391391060961296,-3.862842764765698
path,-5.390572788397136,-3.859336688844065
path,-5.389755929621158,-3.85580878975821
path,-5.38893867761514,-3.8522690130116706
path,-5.388121050780514,-3.848717097727543
path,-5.387303130405933,-3.8451533406526877
path,-5.386400281470589,-3.841427770653577
path,-5.385515594123644,-3.837599027375217
path,-5.384631104324818,-3.833755366998573
path,-5.383746318923195,-3.82989977509696
path,-5.382861308885856,-3.8260324464868183
path,-5.381915355338622,-3.8220227633674013
path,-5.380980326541521,-3.817947400495566
path,-5.380045110640224,-3.8138608191910444
path,-5.379109780020805,-3.809763252995671
path,-5.378174404493098,-3.8056549242859434
path,-5.377185514736063,-3.8014127666995297
path,-5.376205596270562,-3.797116798111205
path,-5.375225667353858,-3.7928106692268373
path,-5.374245797261762,-3.788494637677769
path,-5.373266052657464,-3.784168951358031
path,-5.371840579263534,-3.7792047730911142
path,-5.370342360417516,-3.7738645846162915
path,-5.368874144275741,-3.7683842883554273
path,-5.3674338896587575,-3.762763255391901
path,-5.366021483409489,-3.7570013893850427
path,-5.364358162085337,-3.7508825835422965
path,-5.3626459860895235,-3.7446842761743606
path,-5.360766543537069,-3.7387188446111006
path,-5.358659975224058,-3.7327366731534766
path,-5.3563228239626275,-3.7267209133777652
path,-5.353770291679881,-3.720420946144071
path,-5.350988111328971,-3.713827483661257
path,-5.347973899490731,-3.7071982854770673
path,-5.344727215323194,-3.7005355791338466
path,-5.341166852064166,-3.6937755610418885
path,-5.337355438275465,-3.686973099778772
path,-5.333299031195047,-3.680133368645986
path,-5.329000883538342,-3.6732576453163834
path,-5.324466005200825,-3.6663482545879957
path,-5.319704470326862,-3.6594090706826483
path,-5.314726645393429,-3.652547895650746
path,-5.309728355712561,-3.6457145250924694
path,-5.304891840807027,-3.638989337664378
path,-5.300226496363788,-3.632384415442507
path,-5.295709173171042,-3.6258917862735314
path,-5.291509426985399,-3.619581546003971
path,-5.287556618561723,-3.613430058287015
path,-5.283879861761279,-3.6074680265063646
path,-5.28044518875631,-3.6016659268899183
path,-5.277164477134271,-3.595950234184773
path,-5.273635374233042,-3.5898286020965413
path,-5.26976832474614,-3.5834699101826537
path,-5.266143824824052,-3.577303929892362
path,-5.262796108365818,-3.571321802907292
path,-5.259660879138334,-3.565470150123759
path,-5.256236544228959,-3.559156743779687
path,-5.25249346596717,-3.5526273019311674
path,-5.248963489028198,-3.546290045232923
path,-5.245654155661175,-3.540089791531354
path,-5.242471554774583,-3.533967360539189
path,-5.23895433804328,-3.5273731745152648
path,-5.235118684268527,-3.5205676923363574
path,-5.231482122032215,-3.513933032838197
path,-5.228033228561335,-3.5074108893962195
path,-5.224722529206253,-3.500960074638831
path,-5.221143892579518,-3.4940824163726485
path,-5.217226634382812,-3.486965217231605
path,-5.213355899396157,-3.4798854313845107
path,-5.209577590407733,-3.4728399135659753
path,-5.2058764455101665,-3.4658149256694997
path,-5.2020265991308445,-3.4585896326312415
path,-5.198235038569412,-3.4513972397557473
path,-5.1947199362122936,-3.4444004858545645
path,-5.191410060152752,-3.4375395708109773
path,-5.188112136282865,-3.430719607860356
path,-5.184543091371599,-3.4235813685838603
path,-5.180985000194653,-3.4166231287895843
path,-5.177624070204261,-3.4097308625000626
path,-5.17423427726607,-3.4028438655197175
path,-5.170803359203284,-3.395952048150179
path,-5.167327630796342,-3.388463875938615
path,-5.163895145865984,-3.380920035691295
path,-5.160467842666237,-3.373473362407412
path,-5.1570186813471395,-3.3660528804057983
path,-5.153533016507207,-3.3586562823009256
path,-5.149957456612353,-3.3508004128469184
path,-5.146369578848039,-3.3429290465415584
path,-5.142810828103625,-3.335160780625986
path,-5.139235733817869,-3.327438423355013
path,-5.135634089695463,-3.319748127238794
path,-5.131930333132488,-3.3120698274671776
path,-5.128134140475772,-3.304361854701621
path,-5.124320889441325,-3.29670544830154
path,-5.120458221661031,-3.289050228834731
path,-5.116547731684662,-3.281389928129393
path,-5.112589935501879,-3.2737203030101343
path,-5.108537635026522,-3.265992220562935
path,-5.104491587742468,-3.258308990282708
path,-5.100396612026756,-3.25060994821353
path,-5.0962525983852744,-3.242896664057795
path,-5.092150434945445,-3.235659668657936
path,-5.0883652804121215,-3.2288059799659647
path,-5.084684366661912,-3.2220657170554725
path,-5.080952225666577,-3.215386299317149
path,-5.077170124405409,-3.2087705304963503
path,-5.073425323695761,-3.2026252338091425
path,-5.069956843838529,-3.1967708622325413
path,-5.066692703037298,-3.1910799145399924
path,-5.063403322118065,-3.185461935487439
path,-5.060088459899196,-3.1799144984811725
path,-5.056866490822406,-3.174700549724627
path,-5.053839164421469,-3.1696214458480165
path,-5.050802773158844,-3.164585867016853
path,-5.047749957616183,-3.159616480022853
path,-5.044682829980215,-3.154715700622749
path,-5.041670856593126,-3.150205885333634
path,-5.037932642174186,-3.1458542832904937
path,-5.033781705295507,-3.141737457303864
path,-5.029283356352249,-3.1379050765235763
path,-5.024756575602038,-3.1345111692763097
path,-5.020170158545322,-3.1312315071594075
path,-5.014135429124278,-3.1268258895795866
path,-5.007430201364854,-3.1221552657218234
path,-5.000583722327511,-3.117620930475597
path,-4.993400716794483,-3.112480458838356
path,-4.986161908528898,-3.10658970205539
path,-4.979271615651914,-3.100780673839779
path,-4.9726610877400175,-3.0950633479972427
path,-4.966237503083104,-3.089593172055492
path,-4.960142097129555,-3.084376606356636
path,-4.954208255991957,-3.0797081000639257
path,-4.9484391244156045,-3.0754840957000495
path,-4.942844005282303,-3.0715448140590604
path,-4.937379685011436,-3.067805206891602
path,-4.932098521814974,-3.064422745609741
path,-4.927006267664871,-3.0612962090072653
path,-4.922088215404837,-3.058467631043926
path,-4.917348637112806,-3.055960771336128
path,-4.912835078068874,-3.0535234657605392
path,-4.908614178214884,-3.050962269593746
path,-4.904616186996073,-3.0482821645627682
path,-4.90074860350199,-3.045515131104334
path,-4.896977575541221,-3.042680960206997
path,-4.893284424001275,-3.039791999311088
path,-4.889654124592863,-3.0368585665227874
path,-4.886050134492003,-3.033866664605294
path,-4.882486450060177,-3.0308457793855736
path,-4.878955128819312,-3.027801706521857
path,-4.8754497030057,-3.0247391899928826
path,-4.871964926019984,-3.0216621063421845
path,-4.868544969686245,-3.0186244970298506
path,-4.865148724694585,-3.0155822666496306
path,-4.861762731895272,-3.012533241473711
path,-4.858384726786385,-3.009479128587971
path,-4.855012875163295,-3.006421316240769
path,-4.851678841770054,-3.003392928354391
path,-4.848350731785722,-3.000363498677701
path,-4.845025126322343,-2.9973331062890205
path,-4.841701239853638,-2.9943023575701315
path,-4.838378436916864,-2.9912717454133557
path,-4.834807922680956,-2.987636932988434
path,-4.830777283774128,-2.9835945784879594
path,-4.8267265893186,-2.979552056872495
path,-4.8226635676792196,-2.9755122675211023
path,-4.818546538134093,-2.971443482372255
path,-4.814442406418328,-2.967460334168816
path,-4.810347400090326,-2.9634927081838485
path,-4.806268329220092,-2.9594990696358474
path,-4.802345227930992,-2.9553804939063357
path,-4.798570495064247,-2.9511322909438613
path,-4.794800092668229,-2.9471635190626078
path,-4.791196234469636,-2.9431829873320243
path,-4.787984634592705,-2.9390040464762244
path,-4.78516971727045,-2.9346256840030103
path,-4.78262498816891,-2.93000320826517
path,-4.77952674747166,-2.92564631607202
path,-4.776230482101013,-2.921470221739535
path,-4.773317180513959,-2.9171899437022013
path,-4.770685562107266,-2.912931224937095
path,-4.768003834260322,-2.908465562377573
path,-4.764639511978966,-2.904213788563403
path,-4.761286214081018,-2.9000239362061118
path,-4.75825596186055,-2.8958219075169334
path,-4.75544510037565,-2.8916535625489006
path,-4.752480339088674,-2.887333251229093
path,-4.748837504028418,-2.883182901846835
path,-4.745069782730875,-2.8791808116411874
path,-4.74156495358939,-2.875111928310294
path,-4.738289507823545,-2.8709543808776505
path,-4.735065876847206,-2.8666619561414977
path,-4.731752871895163,-2.862281884928122
path,-4.728440933003351,-2.85789731380518
path,-4.725137732286361,-2.853488280517654
path,-4.721822102222936,-2.8490725200395937
path,-4.718487551437515,-2.8446542654916454
path,-4.714402297563421,-2.8394422103969035
path,-4.709116609636062,-2.833388306261664
path,-4.703258777634334,-2.827387737996417
path,-4.69704894626524,-2.8217893063715698
path,-4.690434348773745,-2.8159716176103435
path,-4.683312484719267,-2.8094754543280054
path,-4.675223453663594,-2.802211749264102
path,-4.666742275985613,-2.794604649358401
path,-4.658249903702877,-2.786756511532008
path,-4.649785535572983,-2.778568986830701
path,-4.640783238256566,-2.769912304540574
path,-4.6315990722218645,-2.7608721983265694
path,-4.622150865042878,-2.7515740922190792
path,-4.612480392702049,-2.7422995502515985
path,-4.602638281376551,-2.73307397473045
path,-4.59254438632306,-2.723766101574905
path,-4.5824576393320315,-2.714481217152946
path,-4.572228993699243,-2.705035815625324
path,-4.561956114471532,-2.6955309378574626
path,-4.551623414080743,-2.685952635215837
path,-4.54124789839928,-2.6763272396331503
path,-4.530999866376866,-2.6667893696462794
path,-4.520680204736061,-2.6571547676236165
path,-4.510223468275582,-2.6474253120443727
path,-4.499682882308388,-2.6376462589394922
path,-4.48957253839662,-2.628305879880335
path,-4.479869444590157,-2.619286369705258
path,-4.47006422953155,-2.6101918690065076
path,-4.460152950684783,-2.6010237416739663
path,-4.45022538783129,-2.5918474014566213
path,-4.44075237120707,-2.583196004860602
path,-4.432166416215487,-2.575259905747559
path,-4.42380561972392,-2.5675180863747995
path,-4.415414503319414,-2.5597322417509805
path,-4.407047786667199,-2.5519070970565068
path,-4.399079732081305,-2.5443783181715367
path,-4.391336182546614,-2.537060597345836
path,-4.383633374325836,-2.5296841211742547
path,-4.375964337231762,-2.5222515438940913
path,-4.36832728968968,-2.5147630508217564
path,-4.361094214987118,-2.50753987722957
path,-4.354368604467217,-2.500856233932053
path,-4.348077471788076,-2.4944858541264603
path,-4.342229024558636,-2.488430037213531
path,-4.336827990843658,-2.4826904988368925
path,-4.331915369999148,-2.47776268460389
path,-4.327731544845052,-2.4736323548275805
path,-4.324350329622132,-2.4700512576441978
path,-4.32159908061097,-2.466911311439379
path,-4.319454486273099,-2.4642005145857255
path,-4.317805300880489,-2.4618616468865135
path,-4.316423952517754,-2.4597121095022723
path,-4.31510870488544,-2.457606535006766
path,-4.31383873704687,-2.455529244392992
path,-4.31260623504843,-2.4534738995572876
path,-4.311421318799081,-2.4514507980541187
path,-4.310262580436966,-2.449440201151093
path,-4.309125995127807,-2.4474385808553816
path,-4.30800837056142,-2.445443023296368
path,-4.306907178009886,-2.443451102628172
path,-4.305816726446615,-2.441457272573519
path,-4.304739160451855,-2.4394633300851662
path,-4.303673283653508,-2.4374678204940237
path,-4.302618184833934,-2.4354694936287826
path,-4.301573187381301,-2.4334672656981966
path,-4.300398993765887,-2.431222975959256
path,-4.298909058664729,-2.4288196779277373
path,-4.2970649289248195,-2.4266801542160263
path,-4.295113825300819,-2.424581125732505
path,-4.2931643802949155,-2.4224827073083937
path,-4.291204380236632,-2.4203718366616447
path,-4.2892455254236745,-2.4182612148638865
path,-4.287287645070418,-2.4161507235653596
path,-4.285330591624557,-2.41404026107252
path,-4.283374246565143,-2.4119297459485423
path,-4.28144008539369,-2.4098424093885944
path,-4.279506474125059,-2.407754922749663
path,-4.277573330114315,-2.4056672306322695
path,-4.275640603031714,-2.403579298928941
path,-4.273708251027914,-2.401491099336961
path,-4.27178985996672,-2.3994173389734654
path,-4.2698717950271865,-2.3973432853112517
path,-4.267954022883907,-2.3952689168910157
path,-4.26602463752318,-2.3932121349258786
path,-4.264116156124781,-2.391124942743809
path,-4.262312647780403,-2.388959752658463
path,-4.260532009440629,-2.3867645875747576
path,-4.258765706990755,-2.3845519784005926
path,-4.25701358496431,-2.3823221015588523
path,-4.2552754091022,-2.3800752377847187
path,-4.2535424046976305,-2.3778618914147054
path,-4.25178805849071,-2.3756636223637853
path,-4.250033698894064,-2.373465311761353
path,-4.248279330548848,-2.371266961970412
path,-4.2465249522320185,-2.3690685726732412
path,-4.2447984813585915,-2.3669040158142067
path,-4.24311403150131,-2.364813461311814
path,-4.24142960771269,-2.362723977500262
path,-4.239744959674984,-2.3606349059616143
path,-4.23806008949265,-2.358546246082868
path,-4.236140795735083,-2.355854114758252
path,-4.234118070859322,-2.3525757651594192
path,-4.23193623253161,-2.349142784066566
path,-4.229601460646671,-2.3455993953904732
path,-4.227118764222713,-2.341948486279724
path,-4.224336566171462,-2.3376462196830596
path,-4.221454501722128,-2.3327560804043896
path,-4.218413734042581,-2.327708861834514
path,-4.2152001427137185,-2.3225425175802
path,-4.211838463715587,-2.317269055309332
path,-4.2082716296273075,-2.311483412040492
path,-4.204564073989885,-2.3054601658443947
path,-4.200670384954241,-2.2993089322240703
path,-4.196572375630032,-2.2930364738034714
path,-4.192270122510578,-2.286643980631602
path,-4.187741736195563,-2.279776138606919
path,-4.18302723644253,-2.272711474222136
path,-4.178109142033206,-2.265528973862598
path,-4.1729907157556,-2.258231615364826
path,-4.167437617995429,-2.2508651116599894
path,-4.1621909540713204,-2.2432514948742757
path,-4.157112725600861,-2.235464736078531
path,-4.152057293683652,-2.227648705350857
path,-4.147017454806728,-2.2198098884093165
path,-4.141993248482276,-2.2119480128817894
path,-4.136986497778087,-2.2040635182634145
path,-4.131995165476202,-2.1961552176991774
path,-4.127019469017035,-2.1882228411309934
path,-4.122059639519273,-2.180266098462687
path,-4.117115920751474,-2.1722846787586945
path,-4.11221813343937,-2.1642987862032816
path,-4.107369128160775,-2.1563102943458317
path,-4.102562059365299,-2.1483142850115438
path,-4.097791459454769,-2.140306701474893
path,-4.093052976069665,-2.132284176846955
path,-4.088209416952027,-2.1241477925187264
path,-4.083372395699959,-2.1159787665386807
path,-4.078552825360514,-2.1077811222489182
path,-4.073753089043353,-2.0995534776844713
path,-4.069177525909393,-2.0909666081132188
path,-4.06447080551207,-2.0827343967684047
path,-4.059605127792729,-2.074934571774983
path,-4.0545732428818955,-2.0673337937637313
path,-4.049400256345504,-2.059709480738832
path,-4.0442176723276155,-2.052083853571879
path,-4.03903399837897,-2.0444584268320174
path,-4.033849351280429,-2.036833307789648
path,-4.0286638270952,-2.0292085828100084
path,-4.023477505028716,-2.021584321287524
path,-4.018290450562106,-2.01396057883703
path,-4.0131027179965875,-2.006337399882497
path,-4.007877552715285,-1.9987096181321287
path,-4.002608375708414,-1.9910772884423238
path,-3.9973384431998142,-1.983446112710554
path,-3.9920677725205556,-1.975816095064028
path,-3.9868021608974273,-1.9681940273846599
path,-3.981534778079683,-1.9605720312399284
path,-3.9762658804332647,-1.9529503667002266
path,-3.9709956219076794,-1.9453291817146383
path,-3.9653947970088748,-1.9375121649769569
path,-3.959285666832123,-1.9295732183896972
path,-3.9530937680523297,-1.9217787383180125
path,-3.9468188191083495,-1.9140366786871537
path,-3.9404613717740564,-1.9063426731967907
path,-3.934022892772231,-1.898695916844762
path,-3.927607123511008,-1.8913248231460935
path,-3.9212507498036335,-1.8842508452479712
path,-3.9149518924592037,-1.8774617491111447
path,-3.9086775803828573,-1.8708839923552627
path,-3.9024136814626575,-1.8645017602558283
path,-3.896200017403305,-1.8583441665502516
path,-3.890050211813021,-1.8525010673101323
path,-3.883965748700855,-1.846972172610253
path,-3.877917230643231,-1.841694258859256
path,-3.8718840572781876,-1.8366217147034896
path,-3.86628837768311,-1.8319805712160158
path,-3.861332731762783,-1.827727374584811
path,-3.856917124215455,-1.8237195698599602
path,-3.852744033051628,-1.819947571732293
path,-3.848685479243336,-1.8164101580012975
path,-3.844874987413158,-1.813041620917556
path,-3.841070508696649,-1.8096354956170229
path,-3.8372665762797746,-1.806215507335702
path,-3.8334687381037065,-1.8027897366262757
path,-3.829677005468479,-1.7993581824616294
path,-3.825904490961844,-1.7959327532899416
path,-3.8221380643915865,-1.792501586290124
path,-3.8183777340589415,-1.7890646787191922
path,-3.8146235106422215,-1.7856220327371946
path,-3.8108754048204196,-1.7821736512130035
path,-3.8071395766259557,-1.778725220187107
path,-3.80340987023464,-1.775271084205979
path,-3.799686293515878,-1.77181124409741
path,-3.795968857271205,-1.7683457050659077
path,-3.7922575723644005,-1.764874472805767
path,-3.7883139979903993,-1.761130682972739
path,-3.7840313197873785,-1.756878680608408
path,-3.77954558121183,-1.7523097021357732
path,-3.77505454122584,-1.7477327570572583
path,-3.7705632909059332,-1.7431530826229584
path,-3.7658306296777195,-1.7383301908697704
path,-3.760687810655885,-1.7330468414598523
path,-3.7553074836788256,-1.7276293690055344
path,-3.749774000079507,-1.722450509981375
path,-3.7441661048415833,-1.7174267516755817
path,-3.737885351945445,-1.7121384995624547
path,-3.7308734191527844,-1.706263347661505
path,-3.7233762117596902,-1.6997792081899072
path,-3.715712960131569,-1.6928521328623483
path,-3.7080376940116198,-1.6860165041715056
path,-3.700383947808491,-1.678790420591187
path,-3.692759800304823,-1.6712530465565754
path,-3.6848648018846384,-1.6637912594523256
path,-3.67685076450869,-1.6563303996939784
path,-3.6688334158919313,-1.648962681738366
path,-3.6610556897775566,-1.641445681301527
path,-3.6533964059758253,-1.633734270314119
path,-3.6455752038918505,-1.6260573640165144
path,-3.637621284798538,-1.6184180651889786
path,-3.629637784452823,-1.6109483896079262
path,-3.6218579051208013,-1.6032685467824874
path,-3.6142362887599067,-1.595366020074162
path,-3.606483124285778,-1.5874766264545361
path,-3.598556050310567,-1.5796958649462822
path,-3.590482962302747,-1.5722063514490061
path,-3.582630245001612,-1.56443955893745
path,-3.574866956062781,-1.556374116343506
path,-3.5669265803566943,-1.548380798298054
path,-3.558805495555006,-1.5407076521038812
path,-3.5506321858739573,-1.5333170428062184
path,-3.542521055843434,-1.525554232856694
path,-3.5344908614836155,-1.5173383603300958
path,-3.526504606003957,-1.5094622483854934
path,-3.5186075619799753,-1.5018687720797574
path,-3.5106889641824606,-1.4945138182104554
path,-3.503335539661737,-1.4875967709405657
path,-3.496768876515946,-1.4812662623670192
path,-3.4903644353607604,-1.475511869695595
path,-3.4840122282683446,-1.47034844443182
path,-3.477716949182456,-1.4656622910807586
path,-3.472094021921826,-1.4614196927005123
path,-3.467216554330243,-1.4577131187590224
path,-3.4626920969649033,-1.4544870168878123
path,-3.4581310825561675,-1.4514891319414327
path,-3.4534486634853407,-1.4484313995494809
path,-3.448885525238454,-1.4456693858872138
path,-3.4443621337599524,-1.4432401451098296
path,-3.4397553615213714,-1.440884338693537
path,-3.435086529538016,-1.4385912612651137
path,-3.430368444646712,-1.4363523196315195
path,-3.4260237191525236,-1.4343864167445592
path,-3.4221797918084778,-1.4330848927839706
path,-3.4190421509085676,-1.4325284379651102
path,-3.416289132833668,-1.4323443626394246
path,-3.4139019582057277,-1.4322999440520376
path,-3.411571023897675,-1.4320597593363447
path,-3.409258790326959,-1.4317448938510835
path,-3.4069717668683177,-1.431355582084853
path,-3.4047201913199117,-1.4309090719828748
path,-3.4024835364613795,-1.4303626490226793
path,-3.4001401214087466,-1.4298073937196607
path,-3.3977459100947778,-1.4291749184070657
path,-3.3953535888720543,-1.428446073355772
path,-3.3919488308630066,-1.4263836658553388
path,-3.3881207285711845,-1.4231343612941583
path,-3.3842615181524103,-1.4196091763890646
path,-3.3803950142621293,-1.4159094291171221
path,-3.3765354639762992,-1.4120758038720351
path,-3.3727001366547675,-1.4081522042957622
path,-3.3688890247189143,-1.4041398812124757
path,-3.3651252183919813,-1.4000755467216628
path,-3.361419623612207,-1.395957708066659
path,-3.358058692006756,-1.392249743269673
path,-3.3544376295660854,-1.3887927212617086
path,-3.350596749056247,-1.3853054102706122
path,-3.346522049975203,-1.3817692251844438
path,-3.3423083604133548,-1.3781682701387457
path,-3.337957570502378,-1.374465809351813
path,-3.3336077585297383,-1.370617527675793
path,-3.3292884716505413,-1.3666936483874526
path,-3.325090192483967,-1.3628326953135026
path,-3.3210209988624775,-1.3589554756358078
path,-3.316892571247597,-1.3549882643103226
path,-3.312711195202894,-1.3510033270929045
path,-3.3085447109798563,-1.346952829015902
path,-3.3044554991525112,-1.3429502814682355
path,-3.3003730306777457,-1.3388887083085017
path,-3.296269234858081,-1.3348277939041648
path,-3.2921594953401736,-1.330761414637168
path,-3.2880436842896232,-1.3266909261752389
path,-3.2840942387313294,-1.3228426125552353
path,-3.280338387015794,-1.3192175550304726
path,-3.276741804488968,-1.3157654443231692
path,-3.2732741217710113,-1.3124529596896184
path,-3.2699209282879824,-1.3092667318544433
path,-3.266405592844034,-1.3061638076988897
path,-3.2628636854483215,-1.3030249069937259
path,-3.25931325900217,-1.29985847153369
path,-3.2558317690361736,-1.2967912288555008
path,-3.2524227015523035,-1.2938331420188933
path,-3.249125414629958,-1.2910095288126395
path,-3.245876886096772,-1.288265588872012
path,-3.242662975483629,-1.2855816925358499
path,-3.239475974590381,-1.2829475467192608
path,-3.236309544191768,-1.2803549297240335
path,-3.2332278449844605,-1.2778561013087935
path,-3.230160276424432,-1.2753909205043297
path,-3.2271006704434306,-1.2729508315906444
path,-3.2240407284108357,-1.270529787941199
path,-3.220975966318108,-1.2681290394899936
path,-3.2179291050880825,-1.2657469472494403
path,-3.2148818820364897,-1.26338859815842
path,-3.211833966766094,-1.261053958347213
path,-3.2087850594601655,-1.258743008600993
path,-3.2057348817302147,-1.2564557419541058
path,-3.2026902827302597,-1.254190128596838
path,-3.1996440184625263,-1.2519481397484875
path,-3.196595917259604,-1.249729743144888
path,-3.193545638738656,-1.247534732909979
path,-3.190492880312285,-1.245363009290074
path,-3.187449512803141,-1.243211127180778
path,-3.184403187782479,-1.2410825888139168
path,-3.181353630689319,-1.2389774427196056
path,-3.1783005592640534,-1.2368957422087123
path,-3.175243680196064,-1.23483754407854
path,-3.171859129680731,-1.2328665797527854
path,-3.1683459457683796,-1.2309166172356902
path,-3.164794003291583,-1.2289499915842514
path,-3.1612026745690454,-1.2269658531260814
path,-3.1575725624853748,-1.2249652235868067
path,-3.1537265618077424,-1.2230008837019457
path,-3.149825861393053,-1.2210304280976083
path,-3.145888910611907,-1.2190465024428911
path,-3.141915560406687,-1.217049451874102
path,-3.1379058020223414,-1.215039064514237
path,-3.1337922145663315,-1.2130362089788642
path,-3.1296410358533144,-1.2110208836909417
path,-3.1254545560216123,-1.2089865979963657
path,-3.121230690526979,-1.2069267870243554
path,-3.116964877962282,-1.2048520126553086
path,-3.112635022850378,-1.2028697825995962
path,-3.108305421832924,-1.2009872928711005
path,-3.1039762360325116,-1.1992039379439121
path,-3.09964717864613,-1.1975194953415367
path,-3.095317356744173,-1.1959334904801922
path,-3.0908774583717253,-1.1944686101893278
path,-3.0863889293021036,-1.193019217597107
path,-3.0818604125012814,-1.1915739004921073
path,-3.077291522435621,-1.190132794933048
path,-3.0726822870748625,-1.188698519821347
path,-3.067859487251151,-1.1871759686556576
path,-3.062977201569622,-1.185659635547038
path,-3.058051990004642,-1.184148619423551
path,-3.0530832784493773,-1.1826430671173822
path,-3.0480705880380916,-1.1811431412326072
path,-3.042692061158617,-1.1794485069370533
path,-3.0371415644347626,-1.1777597121495829
path,-3.0315436277183982,-1.1760783138637652
path,-3.0258978727948276,-1.174404525871604
path,-3.0202038795429953,-1.1727385631159761
path,-3.015020404802916,-1.1708173860701228
path,-3.0100900923861804,-1.168877916274104
path,-3.005253375804829,-1.1669855495722061
path,-3.000750887477048,-1.1648614552452263
path,-2.996588821697971,-1.1625901925561444
path,-2.9928953875525015,-1.1601602223163885
path,-2.9893249972085885,-1.1578034639452595
path,-2.9858352542177355,-1.1555235924300233
path,-2.9823937275267323,-1.1533248570705172
path,-2.978998827338444,-1.1512082271313906
path,-2.975611432897123,-1.1491969257801493
path,-2.9722620387891463,-1.1472539331607423
path,-2.9689483805845778,-1.1453755024822743
path,-2.965670439201466,-1.143561516824943
path,-2.9624281951538625,-1.1418118595832734
path,-2.959210446573168,-1.1401335098914713
path,-2.9560283174228386,-1.13851927815385
path,-2.952881788279511,-1.1369690467493567
path,-2.9497708380276477,-1.135482699247313
path,-2.946695445189634,-1.134060119458646
path,-2.943642418379999,-1.1327095464738728
path,-2.940624862225362,-1.131422534277147
path,-2.937642755625465,-1.1301989651630753
path,-2.9346960755557445,-1.1290387227407934
path,-2.9317847986480854,-1.1279416908123696
path,-2.9288668228132884,-1.126934868118782
path,-2.9259853587895344,-1.1259901200205515
path,-2.923139079538062,-1.1251082929510638
path,-2.920327960562273,-1.1242892669249713
path,-2.917542517942669,-1.1235177237886331
path,-2.914367956846937,-1.1225120026136417
path,-2.910930081543424,-1.1215103115202905
path,-2.9074275523307223,-1.1205129326090315
path,-2.903877608444546,-1.119515497120168
path,-2.9002804911528823,-1.118518225714275
path,-2.896116999136933,-1.1171436777380759
path,-2.8915451523563833,-1.1156114071088428
path,-2.886695396298673,-1.1141448628686212
path,-2.8816993776034163,-1.1127071102108914
path,-2.8766543980415564,-1.1112714744925234
path,-2.871038712874695,-1.1094536575249043
path,-2.8650207557787994,-1.1074927214626895
path,-2.858726185019669,-1.1056035528485568
path,-2.852268073755021,-1.1037505576699171
path,-2.845760250869449,-1.1019014988397282
path,-2.8392039736866934,-1.1000567217788932
path,-2.832600458570766,-1.0982165526189795
path,-2.825950891807659,-1.0963813016091954
path,-2.8192564654255348,-1.0945512654012692
path,-2.812514751773713,-1.0927265473410865
path,-2.8057290484027884,-1.0909075619866837
path,-2.798897458198672,-1.089094405373935
path,-2.7920111390673203,-1.0872869695872793
path,-2.7850730255240435,-1.085485679976538
path,-2.7780841212545657,-1.083690865599262
path,-2.771063910264481,-1.0818425952889736
path,-2.7640796754662524,-1.079737126422467
path,-2.7571651682869507,-1.0770843569818134
path,-2.750073424333455,-1.0745803442709496
path,-2.7427906892300293,-1.0722009273640756
path,-2.7352403430094694,-1.0699982040503615
path,-2.727580785582437,-1.0678359248214297
path,-2.719974821122008,-1.0656474050873588
path,-2.712359268049673,-1.0633801867081196
path,-2.704723870544578,-1.0610122757643545
path,-2.697425586767504,-1.0585129096223087
path,-2.690565854670279,-1.0558259865259116
path,-2.6838672466581364,-1.053103145366298
path,-2.677268190572364,-1.050399495037064
path,-2.6707791806969645,-1.0477698380284928
path,-2.664623090596162,-1.0454726401297925
path,-2.659150125143496,-1.0433414335804774
path,-2.6542382663309447,-1.041491731872671
path,-2.649661916619444,-1.0399559187022194
path,-2.645267781671083,-1.0384130459620546
path,-2.640674502824851,-1.0366562364614103
path,-2.6361091104387984,-1.0350120904742077
path,-2.631878891544806,-1.0335777588476653
path,-2.6277805313191003,-1.0321224809637102
path,-2.6229047534977594,-1.0302693647251422
path,-2.6180611823275166,-1.028123557203693
path,-2.614121035384043,-1.0258787095450908
path,-2.6108798510408953,-1.0237194989771197
path,-2.608245996084031,-1.0217656987549406
path,-2.6062537751682426,-1.0200373140482717
path,-2.6048816399413615,-1.0185280969896693
path,-2.603888193786171,-1.017303432278326
path,-2.603067745305275,-1.0161169807182733
path,-2.6024023260803575,-1.0149503701998996
path,-2.601888774568038,-1.0138022910814053
path,-2.601005859362174,-1.012185478460029
path,-2.5993895931154714,-1.0094434868490811
path,-2.5967790591711037,-1.0057596015333445
path,-2.5929037082182753,-1.0007723653565208
path,-2.5878280476037276,-0.9946192383032109
path,-2.581817092199851,-0.9876596287258104
path,-2.5751434382012084,-0.9799528480879679
path,-2.568442020371373,-0.9719173221774692
path,-2.5618144412112,-0.9637268027299699
path,-2.555199828793531,-0.9553181051802954
path,-2.547953059439277,-0.9463896706624338
path,-2.5402511042461033,-0.936765378777448
path,-2.532380686390755,-0.9267484463045219
path,-2.524312713565616,-0.9166185674323757
path,-2.5160576571736932,-0.9064562688717432
path,-2.507593951214714,-0.8961431231472502
path,-2.4989208813665806,-0.8857968104250267
path,-2.4900736830300154,-0.8753771833217824
path,-2.481047658965805,-0.8649391673220826
path,-2.471841280861713,-0.8544831841876357
path,-2.4624515977120374,-0.8440195771009502
path,-2.4528938917941097,-0.8335052109128133
path,-2.443195834036262,-0.8229187920662607
path,-2.4333563841850347,-0.812258881939624
path,-2.423374867380194,-0.8015240101193202
path,-2.4132498458865683,-0.7907201702119153
path,-2.4029839331460705,-0.7798296887335733
path,-2.392575021613599,-0.7688604160901418
path,-2.382085781942625,-0.7578256839456988
path,-2.371474162438721,-0.7467541420202826
path,-2.3608763019348946,-0.7356515980437527
path,-2.350484424153198,-0.7246156993729103
path,-2.3401804436588063,-0.7135947961868482
path,-2.3298811895458815,-0.7025330618799264
path,-2.3195822075941885,-0.6914278003233023
path,-2.309446529342574,-0.6803440972330862
path,-2.299835582775035,-0.669348019173975
path,-2.290646614850271,-0.658652770681616
path,-2.2819201510226073,-0.6482055610099884
path,-2.273662804299195,-0.6379880701685241
path,-2.2658633606603713,-0.6279994682787235
path,-2.258471692578214,-0.6182746798702536
path,-2.251428423965826,-0.6088428303349381
path,-2.244798994312373,-0.5996734898466956
path,-2.2385722559693004,-0.5907895696635619
path,-2.232751557598442,-0.5821659037567216
path,-2.2274143331771152,-0.5738343366376906
path,-2.222451620909545,-0.5658447183929842
path,-2.217850995546504,-0.5581824937010978
path,-2.213626837274717,-0.5508401927922693
path,-2.209837936040003,-0.5437756745399769
path,-2.2062812282538045,-0.5368983753936578
path,-2.203150254574256,-0.5302496876817435
path,-2.2004209403689297,-0.5238152580989484
path,-2.1979473670569885,-0.5175985082201425
path,-2.1956471212573065,-0.5119757520218972
path,-2.1933502495921746,-0.506535579503943
path,-2.191298111478608,-0.5012431580716599
path,-2.1895269973973126,-0.4961086746301706
path,-2.1879882235688197,-0.491135742547908
path,-2.186254003628557,-0.4860351991847846
path,-2.1844261976364945,-0.48101093455013105
path,-2.182617196751089,-0.47611000860160135
path,-2.1810567792105897,-0.47136237073913007
path,-2.179667366075265,-0.4667585111456548
path,-2.1783857468967325,-0.46262868281133723
path,-2.1771291326086,-0.4587101978904788
path,-2.175861001939857,-0.45494468226087387
path,-2.1745498700129113,-0.4513596776611698
path,-2.173178736617347,-0.4479532533749937
path,-2.171796308402718,-0.44474665687962334
path,-2.170380650940658,-0.4417222126648177
path,-2.1689848044042885,-0.4389426070600123
path,-2.167609629486935,-0.4362495020517692
path,-2.1662345918775543,-0.4336337686839494
path,-2.1649987003002287,-0.4311564539594038
path,-2.1638056242749344,-0.42878743299861066
path,-2.1626164556978105,-0.42650007516627336
path,-2.1614315532853645,-0.4242953390910099
path,-2.160248493453481,-0.4221742614486029
path,-2.159137197761897,-0.42017105670862315
path,-2.1579529240229336,-0.4181954584987521
path,-2.156867411238651,-0.4163795403682734
path,-2.1557908953828724,-0.4146551860382612
path,-2.1547208491707903,-0.41302366488811343
path,-2.153720826192075,-0.4115225347182003
path,-2.1527348171705865,-0.41010811371865247
path,-2.151766941710922,-0.40876250274714
path,-2.150811947328075,-0.40749519419725305
path,-2.1498702297978998,-0.40630926047436217
path,-2.1489644197863575,-0.4052194921207322
path,-2.147940157240312,-0.40410647106032316
path,-2.1470136542455625,-0.40317977089105056
path,-2.146159980869274,-0.4023679098892455
path,-2.1446280550771637,-0.4012130407569479
path,-2.142508341645328,-0.39988516554339587
path,-2.1399717372083016,-0.39866190174233085
path,-2.1371930594764343,-0.3977020592124919
path,-2.1345621038489604,-0.3971338222660148
path,-2.1319844331403592,-0.3968867044761214
path,-2.1291344147246334,-0.3965898759786479
path,-2.1262719683983313,-0.39642230569037956
path,-2.123457461019941,-0.396417555375515
path,-2.120649333769921,-0.3965729389693991
path,-2.117699820490931,-0.39638710015328743
path,-2.1143117140173233,-0.3948613641783915
path,-2.1106345912854847,-0.3926864488356337
path,-2.10664519472528,-0.39001701379111536
path,-2.1019222504441357,-0.387154920659671
path,-2.096852265688168,-0.3840779203574786
path,-2.0914786024026495,-0.38077252832792874
path,-2.085809221025455,-0.3772474451129408
path,-2.0797886992587,-0.3735169517150563
path,-2.073481496461131,-0.36968298387864795
path,-2.0668938461995463,-0.3657249553548008
path,-2.059975636965372,-0.3616074285146204
path,-2.0527052338132736,-0.3572992093109743
path,-2.045143049270609,-0.3528087092226246
path,-2.037305875372738,-0.34818037860790757
path,-2.02920443386908,-0.34339473767467127
path,-2.0208444257598,-0.33843338110166127
path,-2.0122405408844117,-0.33330506403996596
path,-2.0033899264293726,-0.32800260607866094
path,-1.9942939124707528,-0.3225347720149787
path,-1.9849510406420274,-0.31689666041531594
path,-1.9754492907005634,-0.31116613411428745
path,-1.9659269063244622,-0.30548605501334924
path,-1.956385706772041,-0.29985747148818925
path,-1.9468230714097146,-0.29427661324267895
path,-1.9372499372375456,-0.2887276948358301
path,-1.9278293852881803,-0.28327257963507946
path,-1.9186370008854914,-0.27799880757409295
path,-1.9096535932649452,-0.2729022309530208
path,-1.9008136994276086,-0.26793400135575285
path,-1.892020149689079,-0.26307210708473067
path,-1.8832005079317196,-0.2583910480598951
path,-1.8746057848980788,-0.25388400915373516
path,-1.866234949822734,-0.2495545229048042
path,-1.85806834086552,-0.24539066951980762
path,-1.8501123379487239,-0.2414062508294478
path,-1.8425566858959064,-0.23751312110538456
path,-1.8353639622991096,-0.2337380187379074
path,-1.8285119681931639,-0.23009768548633214
path,-1.8219745501761997,-0.2266141063817705
path,-1.8157382524817505,-0.22329453323165882
path,-1.8096164889508957,-0.22032562017650195
path,-1.8037350115979598,-0.2175325802577825
path,-1.7981835085874471,-0.214872423313587
path,-1.792954349017094,-0.2123665878073112
path,-1.7880281270742424,-0.2100280126495654
path,-1.783213898010621,-0.20804878627156592
path,-1.778588506356316,-0.20628198982650214
path,-1.774282677990916,-0.20466159442237575
path,-1.7702530816813236,-0.20319232416924354
path,-1.7664892904843585,-0.20188388353498207
path,-1.7629975795854154,-0.2007112312242404
path,-1.7597135509765658,-0.19957151350857508
path,-1.7555491483228318,-0.19822163715463006
path,-1.7511676080279672,-0.1965733712946525
path,-1.7476160137605135,-0.19477037640807068
path,-1.7444579540501397,-0.19306095587600178
path,-1.741540554327284,-0.19151410148899378
path,-1.7388691960152622,-0.19014643443795992
path,-1.7364441490483773,-0.18896296684515948
path,-1.7342410999158921,-0.18789612435921824
path,-1.7322595606694002,-0.1868875240839513
path,-1.730462258025535,-0.1858992181677859
path,-1.7288359071616377,-0.1848744857170179
path,-1.7273828774960767,-0.18381508160390445
path,-1.7261053482129076,-0.18272279510576192
path,-1.7250146036099638,-0.1816275207011854
path,-1.7241084277576442,-0.18052177906371167
path,-1.7228217647404043,-0.17879166700578963
path,-1.7202964361291264,-0.17568393535683238
path,-1.717041849550225,-0.1717818750468661
path,-1.7133036887802184,-0.1671513475104603
path,-1.709207224157209,-0.16180572380069083
path,-1.7049929719429662,-0.1560246619640236
path,-1.7008754095270313,-0.15012560959625793
path,-1.6968753529757208,-0.14414859838304475
path,-1.6928615815347015,-0.13802105542888607
path,-1.688746335253828,-0.13196384812382084
path,-1.6845128569612706,-0.1259959181424193
path,-1.6800965766470142,-0.12014009890098215
path,-1.6755185576425902,-0.11439497468458557
path,-1.670692555716521,-0.1088081727262505
path,-1.6658311404292863,-0.10360404441734437
path,-1.6610886882470075,-0.09854919173751205
path,-1.6563968736329866,-0.09352435158434963
path,-1.65175061184452,-0.08853360409050999
path,-1.6468223117342897,-0.08327092421807199
path,-1.6416641966573062,-0.0779874972465778
path,-1.6364512093315478,-0.07273477889685295
path,-1.631204828880331,-0.06750801456237664
path,-1.6259485287353765,-0.06220240346168664
path,-1.6203098913304275,-0.05634310799051646
path,-1.6144062624779023,-0.05021491023760981
path,-1.608623950528021,-0.044154303217603254
path,-1.6029737143295444,-0.03814887068525229
path,-1.5974439124274478,-0.03220431031940082
path,-1.5915638047085772,-0.025835994961472892
path,-1.5855866714805602,-0.019455467240828157
path,-1.579813226191604,-0.013044804839608704
path,-1.5741721013447796,-0.006688784997278491
path,-1.5685686474151703,-0.0003411923867044544
path,-1.5626245891116601,0.006290614414710597
path,-1.5566574298450355,0.012889955519668287
path,-1.550748597753701,0.019494279631845822
path,-1.5449753299029518,0.026037460700754616
path,-1.5392586312814607,0.03246295821482801
path,-1.53378821444968,0.038740897270230785
path,-1.5286949625929265,0.044678553209684745
path,-1.5238252881667107,0.05035920703403943
path,-1.5189311173635107,0.05597386123783356
path,-1.5133345598753591,0.0619182964726868
path,-1.5070701933653223,0.06811880272684016
path,-1.5007544916758315,0.07347565591625503
path,-1.4946302565006677,0.07843247986688809
path,-1.4886965421043346,0.08315918233292696
path,-1.4827428094873174,0.08788624555656353
path,-1.4769812923989216,0.09246745846234998
path,-1.471470917948488,0.09669902118466511
path,-1.4661926994375698,0.10062091464214093
path,-1.4611250770962376,0.10440201023364666
path,-1.4561552135287141,0.10814103992401851
path,-1.4510724813355194,0.11208998001698321
path,-1.4460863471809062,0.11592868191825402
path,-1.4412334650997538,0.11963057297153619
path,-1.4364875117181446,0.12325345171997933
path,-1.431829713297827,0.1268253335941092
path,-1.4270373786952966,0.1305940614632814
path,-1.4223434237716008,0.13424445767888746
path,-1.4177722127219385,0.13777634563492214
path,-1.4131173143664029,0.14138890717666266
path,-1.4079782305727175,0.1453886959932989
path,-1.4023433950362576,0.14970994088101852
path,-1.3963392417382656,0.15439551108663016
path,-1.389987932955776,0.15945823997435868
path,-1.383305347360499,0.16487828035099505
path,-1.37629867340709,0.17065114045290775
path,-1.3689062520742048,0.17675994109125812
path,-1.3610440574080314,0.18313011930641046
path,-1.352789461905502,0.18977137017480497
path,-1.3443264391184857,0.19664918981663412
path,-1.3358409672040532,0.20357591603368586
path,-1.3271532997728626,0.21067556671711368
path,-1.3181841598553494,0.2180895376719838
path,-1.308949626074707,0.2258061037655257
path,-1.299515514715537,0.23376142093436847
path,-1.2899347139158595,0.24190420335255894
path,-1.2803733752375448,0.24993176332457892
path,-1.2709455199096134,0.2576371930967386
path,-1.2616362613330858,0.2655515721834262
path,-1.2522371525481788,0.27366170782275884
path,-1.2426961739668234,0.2819565506767472
path,-1.2331739184745723,0.29013525356104436
path,-1.2237800239378545,0.29799436206373375
path,-1.2145076907456462,0.30607063068506235
path,-1.2051495430324854,0.3143388257532163
path,-1.195656384768065,0.32278525128630153
path,-1.1861799422577701,0.3311124037003106
path,-1.1768220255933928,0.33913130851658396
path,-1.1675904760389586,0.34736857062651355
path,-1.1582826823200607,0.35579257075919823
path,-1.1488437440919117,0.36439348729736937
path,-1.1393931376345308,0.3728830694741451
path,-1.1300678228135972,0.38092958133542715
path,-1.1209160660220958,0.3886153207635703
path,-1.111935792837751,0.3961874582809602
path,-1.103125596320786,0.4037480990303931
path,-1.0944885999994824,0.41122555310363745
path,-1.0860321629667395,0.41841051129259926
path,-1.0777564397711228,0.4252563310936118
path,-1.069670897030448,0.43189277529379044
path,-1.0615076692042298,0.4386303448088135
path,-1.0533031552725827,0.44590567210577403
path,-1.0451743785280896,0.4530662956716856
path,-1.037132920012107,0.45991146016066276
path,-1.0292710056511791,0.4666194719187888
path,-1.0213543431654393,0.47339645001498826
path,-1.0134819730888087,0.4806487971956728
path,-1.005825321416053,0.48783451226735175
path,-0.9982867909857333,0.49478384063628467
path,-0.9909076177433073,0.501635267043076
path,-0.9834403937150173,0.5085420516289525
path,-0.975974977863111,0.5151200605967051
path,-0.9693997097149903,0.5217849686950249
path,-0.9631184724126413,0.5285139263556544
path,-0.9569965892251799,0.5350139267738707
path,-0.9510439305716855,0.5412544204986752
path,-0.9453921544825885,0.5474483835391869
path,-0.9398659105262639,0.5535641352912319
path,-0.9344878243075067,0.5593955651618937
path,-0.929269385106882,0.5649543759448402
path,-0.9242184773421316,0.570248216183603
path,-0.9194563878544625,0.5754967141688495
path,-0.9148352734634753,0.5807290151844211
path,-0.9103528200605491,0.5856948745111583
path,-0.9060218806121352,0.5903980254514692
path,-0.9018540953635269,0.5948495763019175
path,-0.8978292891456596,0.5990138901738921
path,-0.8939732892491575,0.602928591579348
path,-0.8902755445119898,0.6066699508000133
path,-0.8867347281397149,0.610246673507512
path,-0.8833608680853313,0.6136499086810491
path,-0.8801003816616411,0.6168959635310555
path,-0.8769084149849578,0.6200419971745761
path,-0.8737111096324234,0.6231821601079455
path,-0.8705106974751771,0.6263119455375926
path,-0.867303747856854,0.6294448834048593
path,-0.8636246087922302,0.6327356823762257
path,-0.8587492210624765,0.6367506135584603
path,-0.8530758153647389,0.6412855233776603
path,-0.8471142781289596,0.6458512851972973
path,-0.8410488764901914,0.6505254427352022
path,-0.834859407189566,0.6552698085826764
path,-0.8285778217163505,0.6600934387742486
path,-0.8222518566543746,0.6649871224608357
path,-0.8159706499537036,0.6699115183113207
path,-0.8097383238216751,0.6748677872828678
path,-0.8034529247638134,0.6799160116259804
path,-0.7971713695775733,0.6849657559831588
path,-0.790903563813199,0.6899606373816308
path,-0.7846483478353746,0.6948957447670578
path,-0.778405302557655,0.6997694637383468
path,-0.7721561226829092,0.7045905410643892
path,-0.7659085184040938,0.7093627656298397
path,-0.7596727089663079,0.7140693803359126
path,-0.753447772284851,0.7187073672318158
path,-0.7472267584530592,0.7232760912570235
path,-0.7408642487473255,0.7277978964085406
path,-0.7343163912987201,0.7322846445661222
path,-0.727821171347008,0.7367448833299929
path,-0.7214435535145813,0.7411682701019691
path,-0.7151084189286867,0.7454938894683338
path,-0.7090069555438719,0.7497239393690373
path,-0.7030106127026808,0.7538313172332627
path,-0.697053963013136,0.7578009279748029
path,-0.6911364706148595,0.7616321911908865
path,-0.6852575217350082,0.7653244270069877
path,-0.6796098171142837,0.7688955634337251
path,-0.6740763366819302,0.7723325452175506
path,-0.6686102477671445,0.7756161000990518
path,-0.6632102476814618,0.7787460783537787
path,-0.6578747922885391,0.7817238333744636
path,-0.652507432922957,0.7844936239395671
path,-0.6471970477096485,0.7870642501029169
path,-0.6419333174112682,0.789443300893322
path,-0.6367079796446637,0.7916455432382815
path,-0.6315145112133387,0.7936822018506303
path,-0.6261307534107787,0.7956634651138846
path,-0.620588706553955,0.7980493850296595
path,-0.6154935906542979,0.8004487572489698
path,-0.6107845098590216,0.8027489359513451
path,-0.606209741237837,0.8048875785427655
path,-0.6015312703006636,0.8068321887152609
path,-0.5968824355198011,0.8086792099135638
path,-0.5922814310965204,0.8104567102000946
path,-0.5877259328804045,0.8121647750409184
path,-0.5832154673268296,0.8138073235404124
path,-0.5780035714426747,0.815652968540141
path,-0.5723535775735702,0.8176886192614109
path,-0.5666148466023728,0.8197966007881179
path,-0.5608180830838375,0.821868103287181
path,-0.5549622437210185,0.8239039437394552
path,-0.5485308945876278,0.8261372978523007
path,-0.5419055855085014,0.8284755697539053
path,-0.5351606621997813,0.830898151384472
path,-0.5282899086827458,0.8334045579366471
path,-0.5212946440697036,0.835994303250788
path,-0.5141830402295865,0.8386522566111977
path,-0.506965286972661,0.8413577117011516
path,-0.49964305392340247,0.8441098369878892
path,-0.4922170891161439,0.8469083518620087
path,-0.4846880852189813,0.849752841004363
path,-0.47705912891950764,0.8526434852695042
path,-0.4693329366899519,0.8556379028001591
path,-0.461520806850443,0.8587621169501967
path,-0.4536232932753311,0.8619758631065796
path,-0.4452668595953898,0.8651160992300649
path,-0.43694942845873924,0.8682576943599155
path,-0.428794365266702,0.8713876466511971
path,-0.42082996984905885,0.8744881559059422
path,-0.4130478532378669,0.8775971098489163
path,-0.4055459760374502,0.8807685277784219
path,-0.39855134227713257,0.8839545993396718
path,-0.39221018157932086,0.8871907542796308
path,-0.3865036555694993,0.8904850654765301
path,-0.38131033687549326,0.8937143388233179
path,-0.37642601457793373,0.8966711186171505
path,-0.372004366498564,0.8992925302617372
path,-0.36806460314424777,0.9017894176151544
path,-0.3644908701521396,0.9040542056133164
path,-0.3612480341545828,0.9060622043272837
path,-0.358337854622319,0.9077946408812939
path,-0.35510833297480127,0.9096153278657501
path,-0.3520045039332085,0.9114655786459418
path,-0.34918720780768003,0.9130684540782487
path,-0.3465166997527069,0.9145740110673118
path,-0.3437302212565095,0.9163786600042184
path,-0.341466559503161,0.9183371401711165
path,-0.33958595607828185,0.9202522655825088
path,-0.3380099591964216,0.9219367343353294
path,-0.33671969325014856,0.9234647113288155
path,-0.335544272182072,0.92498741215762
path,-0.33412621332497644,0.926866029435248
path,-0.33250388520689456,0.9289595762305893
path,-0.3308818709495095,0.9310545977358332
path,-0.32934060972272866,0.9331795379708709
path,-0.32788356570337474,0.9353182990366758
path,-0.32531481450651206,0.9383271101723095
path,-0.32202598657406595,0.9422571435430384
path,-0.3185404413435228,0.9463827632847313
path,-0.3149085404103047,0.9506078910542972
path,-0.31114138652383255,0.9549257571613277
path,-0.30468256495423907,0.9600273919687221
path,-0.2979434430240302,0.9652159493557882
path,-0.2910205235684311,0.9704028194401062
path,-0.2834474156939248,0.975383048920758
path,-0.27527978555001315,0.9804269020142612
path,-0.2670082910040453,0.9855694249875562
path,-0.258625195242392,0.990745184531939
path,-0.25013853749935466,0.9959493588068229
path,-0.24153378012304236,1.001205995270549
path,-0.23278170596204473,1.0065122830989803
path,-0.22384589854449144,1.0119250350438178
path,-0.21471550188823113,1.017478248369853
path,-0.20539351653376722,1.0231730786347448
path,-0.1958903420450687,1.0290000861960207
path,-0.18625129759802292,1.0349144076059487
path,-0.17678443109188663,1.0407000252983958
path,-0.1676066645831308,1.0461885019131358
path,-0.1587521657313147,1.0514924878848362
path,-0.15024557708901734,1.0570581614314374
path,-0.14208915849206072,1.06264665437082
path,-0.13443712554965453,1.0681831143983895
path,-0.1273794854385365,1.0735072723615944
path,-0.12087921180721885,1.0786359399799261
path,-0.11467418653398163,1.083563430360536
path,-0.108792857853467,1.0883398302182063
path,-0.10323710717655539,1.0929115450970168
path,-0.09804145681887388,1.0972293439188203
path,-0.09315153403837759,1.1012701360436818
path,-0.08855718739193999,1.1050395436252782
path,-0.0842519984634824,1.1085406996162819
path,-0.08017204420948458,1.1117801365816589
path,-0.07632266947987264,1.1148126249420738
path,-0.07275972826976175,1.1175861076172797
path,-0.06947936394658763,1.1201010397349134
path,-0.06641180118869665,1.1224761879341048
path,-0.06360039340336626,1.1247369922506942
path,-0.060992044668967994,1.126875286392203
path,-0.05853550241555728,1.1290304322414306
path,-0.056198726525579654,1.131158371701865
path,-0.053988997326189295,1.1332869708084023
path,-0.051953187838043105,1.1353666436570018
path,-0.050065261805027544,1.137425978712284
path,-0.04831886221576798,1.1394950467919305
path,-0.0467177119745126,1.1415741425763084
path,-0.045263921052015856,1.1436687020763396
path,-0.04301003516706842,1.146380137270064
path,-0.040306919843644914,1.149472978585033
path,-0.03743104140761753,1.152525312814325
path,-0.03437814838099211,1.1556951230428023
path,-0.030595811309447878,1.1602839863100085
path,-0.026062851277043664,1.1658182235561982
path,-0.020840772590474108,1.1721621566844918
path,-0.015381373120889448,1.1787595547438223
path,-0.009762729930480161,1.185556435600145
path,-0.0039951256356894225,1.192556964398642
path,0.0019111342329263133,1.1997758704266082
path,0.007990793163063234,1.207199247047566
path,0.014206136951538663,1.2148274549412006
path,0.02055274264409867,1.2226424870036532
path,0.02700524711941122,1.2306092130096091
path,0.03356352841466757,1.2387256227870995
path,0.04022797679054835,1.2469958379772599
path,0.047010893680446995,1.2554207774269432
path,0.053884701824660236,1.2639898982471818
path,0.060849092252389006,1.2726315919476496
path,0.06789864504710039,1.2814033145761883
path,0.07505813117453555,1.2903499842557193
path,0.08230345752595204,1.2994188872778607
path,0.08961982710808786,1.3085722771149992
path,0.09697336362242188,1.3178148168899981
path,0.10448708819003466,1.3272158785419026
path,0.11218824560916646,1.3368095976035979
path,0.12004568758835554,1.3466252166252943
path,0.12804904744685977,1.356676639668341
path,0.13620971694876965,1.3669382696891115
path,0.1444928540351178,1.3773768522700387
path,0.15284864744810608,1.3879302340806994
path,0.16123599542067324,1.398602783798721
path,0.16964848746683298,1.4093976738140634
path,0.17807593732570384,1.4203119833800666
path,0.18634577355783835,1.4311555378162648
path,0.19434618076566823,1.441720472207167
path,0.20206100159831808,1.4520588806172232
path,0.20935895508785646,1.4620899628969946
path,0.21626101898071765,1.471817107963157
path,0.2228176487978424,1.4812530275688225
path,0.22894306005533102,1.490360011369094
path,0.2347515238439227,1.4992598948343352
path,0.24029901871161705,1.5080027753383158
path,0.24559224428349138,1.5165869499449782
path,0.2505843569886451,1.5249434075642114
path,0.255267697791458,1.5330584318500147
path,0.2596619589682161,1.5409511526752309
path,0.26378143164029,1.54863457815742
path,0.2676379507267843,1.5561185432316174
path,0.2712108039600152,1.5632365463852882
path,0.2744337075368379,1.5700186522809372
path,0.2773492233992777,1.5765364825903143
path,0.27999979983648726,1.5828348406370958
path,0.2824045473925364,1.5889381924657144
path,0.28457918311100155,1.5946369834066005
path,0.2864800735513848,1.599932796588347
path,0.28813187335528617,1.6049097365473186
path,0.28975566003319075,1.6097254076831409
path,0.2914338918996507,1.6144418547154564
path,0.29293719124785517,1.6187371777376738
path,0.2941399970891342,1.6225609051853414
path,0.29536101647496094,1.625429697303268
path,0.2967434710599944,1.6277931062295872
path,0.29809622383174655,1.6296520951144582
path,0.29920608681072874,1.631036903281586
path,0.30024456539738464,1.6322431974842335
path,0.3012950386310749,1.6333317052195964
path,0.3023551510729437,1.6342996774891019
path,0.30342258750348616,1.6351448820140646
path,0.3044884737815814,1.635857984012713
path,0.3055577568793184,1.636442959897569
path,0.3066290007927003,1.6368968675099849
path,0.3077009525024379,1.6372165501151932
path,0.308793355297398,1.6374155340992909
path,0.30990592033362885,1.6376375479388274
path,0.3109794088906151,1.6377876024367815
path,0.3120485110681919,1.637799182742497
path,0.3131124830436296,1.6376676886064994
path,0.3141705958088383,1.637388632870097
path,0.3156945848359937,1.6372979346118433
path,0.31809760544921134,1.6377492170822756
path,0.32144200862388206,1.6393747772424665
path,0.3245042792847776,1.641390513534161
path,0.3269989600665945,1.6433273350509139
path,0.3297733014257537,1.6454560456315335
path,0.3325670998338493,1.6476210352499783
path,0.33533372797208894,1.6498027116485667
path,0.3380794556911143,1.6520188195645924
path,0.3408007398399967,1.6542634873389837
path,0.34368220441296904,1.656612193938099
path,0.34653152853138197,1.6589724026769155
path,0.3493545457814228,1.6613489881029693
path,0.35215371104363175,1.6637403662699892
path,0.35492819844525053,1.6661423667421185
path,0.3578690239549969,1.6686244275369713
path,0.36077683758998436,1.6710887181887428
path,0.3636592340885944,1.6735434540512806
path,0.3665207424246286,1.6759835132171435
path,0.3694267499377116,1.6784924575989213
path,0.3731668305776646,1.6821608173571347
path,0.37731908037022843,1.6866596244336904
path,0.3819198129332088,1.6919289388433616
path,0.3870005993509412,1.69789689274316
path,0.39256603929493344,1.7045442724501683
path,0.3985431346176539,1.7119131155968128
path,0.40500277286278946,1.7199527687403913
path,0.41202662363212167,1.7285513610657046
path,0.4194932760194809,1.7375815013266336
path,0.42720369381699597,1.7468231254726319
path,0.4350129879821519,1.7562128189035187
path,0.44276276285990473,1.7654756233956899
path,0.4504557097859356,1.7746365431782467
path,0.45830514900863234,1.7830760764497082
path,0.4662128400241712,1.790685996232885
path,0.4737734718197707,1.7977493600239562
path,0.4810085707503775,1.804430106039335
path,0.4881276172147678,1.810966757322666
path,0.49532234336476916,1.8172891486596277
path,0.5023303778893199,1.8234324002058506
path,0.5092244780280785,1.8295124670104355
path,0.5160430693192327,1.8355465503077342
path,0.5228157235593437,1.8415322319940364
path,0.5295565509059907,1.8474786135000394
path,0.5362732258460168,1.8533913765176464
path,0.5431161711426723,1.8593693117300907
path,0.5499728033253046,1.8653419700624083
path,0.5568187565635394,1.8712921607652442
path,0.5636588760611758,1.877222896427719
path,0.5704957048869053,1.8831363005662938
path,0.5773310169157817,1.8890344707904028
path,0.5841655748087814,1.89492000283813
path,0.5910007113408957,1.900794037258048
path,0.5978374160572307,1.9066576153440788
path,0.6046764563996347,1.9125116226683974
path,0.6115184201427968,1.9183568186016495
path,0.6183637497305966,1.9241938602121562
path,0.6252127700621707,1.9300233216173674
path,0.6320657109793625,1.9358457096550088
path,0.6389227254671366,1.9416614765753633
path,0.6457839043848158,1.9474710303220442
path,0.6526492883895886,1.953274742860343
path,0.6595188775873642,1.9590729569246608
path,0.6663926179988269,1.9648660197489403
path,0.673270669563015,1.9706539389129023
path,0.6801530820071,1.9764368243438952
path,0.6870397577919195,1.9822149469774577
path,0.6939305855902446,1.9879885672469488
path,0.700825294020607,1.9937581362576564
path,0.7077232099149756,1.999524621990187
path,0.7145063907068256,2.00520740527504
path,0.7211345063040213,2.0107781817404797
path,0.7276442639430892,2.0162625729431447
path,0.7340644562938456,2.021681578420322
path,0.7404140318838357,2.0270524338126563
path,0.7469518514814232,2.0325181808659827
path,0.75332476019895,2.037892686188442
path,0.7594145949549043,2.0430743788801555
path,0.765284675514533,2.048108195772061
path,0.7709830111596602,2.05302831041275
path,0.7770526439162372,2.058037213940141
path,0.7831532932755336,2.063124416329788
path,0.7890725079892641,2.0680312285155638
path,0.7946640590077693,2.0726313201507005
path,0.7999655722976996,2.077021426828838
path,0.8058028432711646,2.0815116027017004
path,0.8117254907467834,2.086118192072565
path,0.8177030310942054,2.0908224923566214
path,0.8235112134180886,2.095426271586792
path,0.8290989670610956,2.0998896053095977
path,0.8352061924225387,2.104382587589334
path,0.8412997771456605,2.1089611842697877
path,0.8474339836994687,2.1136168491034155
path,0.8534270558304231,2.1181970016728533
path,0.8591695005951187,2.1226141693044984
path,0.8647328038910881,2.1269286283502185
path,0.8701318080348429,2.1311740766445335
path,0.8753231081078267,2.1353605842805856
path,0.8803119060148407,2.139485557398749
path,0.8850819718348937,2.1437369695519277
path,0.8897006639924075,2.1480930895667174
path,0.894203964838026,2.1525330959964104
path,0.8984583340258309,2.1570882339448203
path,0.9026174396512909,2.1617228531641817
path,0.9066972724975868,2.166421880284812
path,0.9106485872685126,2.1710081439923314
path,0.9152498259481212,2.176194323643204
path,0.9204949043034916,2.1820504054518537
path,0.9261862488854585,2.188473667007012
path,0.9319257047712869,2.195053459670787
path,0.9377394023743136,2.2018791143752856
path,0.9440364318080815,2.209007427383952
path,0.9512056547232068,2.216255368686599
path,0.9587935009354904,2.2233113573559784
path,0.9664831571150163,2.230339867303099
path,0.9748402243574583,2.237698671237631
path,0.984162179470804,2.245324667791597
path,0.9939784028953643,2.2531740068740005
path,1.0041317989460157,2.261301929097662
path,1.0144877496810418,2.2697211918393494
path,1.0248402454100254,2.2781581371271553
path,1.0340289783880798,2.286874308413894
path,1.04262584363887,2.2954905618039816
path,1.0509744628348088,2.3039776706832873
path,1.0590970422806578,2.3123400517223085
path,1.0671463198930171,2.320421319353593
path,1.0749408837403231,2.328288626753199
path,1.0826787197739396,2.336182519514028
path,1.0905849073090157,2.3442519703978
path,1.0986388078178366,2.3525077895083086
path,1.1066827984108347,2.3606213499947923
path,1.114460038795514,2.368498553250048
path,1.1222063326893044,2.3764331229562456
path,1.1300793736127965,2.3845708221285524
path,1.13812908582196,2.3928536012189183
path,1.1463297816142282,2.4012906520577646
path,1.154631587977014,2.409852379927992
path,1.163020388753258,2.4185137689148903
path,1.1714749263866393,2.4272638494035954
path,1.1799612522394878,2.4360970879140513
path,1.1884583263010589,2.444986139688588
path,1.1969833555940779,2.4539585133721937
path,1.2055220694942541,2.462991869770922
path,1.2140661615203383,2.4720789751035994
path,1.2226115519294232,2.4812156537308776
path,1.2310603211131237,2.490143296352664
path,1.2390094841897856,2.4987574115822078
path,1.246659851678555,2.50705854773358
path,1.2540967916820291,2.5150308687211362
path,1.261301043939786,2.5226549986516966
path,1.2681532329513758,2.529924207823708
path,1.2745975800231295,2.5368424663640883
path,1.2808045453452706,2.5435697338260623
path,1.2868717733173463,2.550159428922225
path,1.2928452354490996,2.556629581889153
path,1.2989503582632362,2.5633276450826963
path,1.3050422550573573,2.5698708392411866
path,1.3108954208889756,2.576072436333318
path,1.316556902989691,2.5819803357644955
path,1.3221067228580157,2.5876695466222106
path,1.3279342602336355,2.593743303725336
path,1.3340424236772634,2.599905038836922
path,1.3401737135901648,2.605941453217591
path,1.3461352972984162,2.6117131661254356
path,1.3519605280080151,2.617264757659734
path,1.3579571074172008,2.623255623003326
path,1.3642236474750502,2.629392200096588
path,1.3705605627886166,2.6353717095091542
path,1.3767123086309416,2.641103243228455
path,1.3826592141060017,2.646627896825721
path,1.388623627453474,2.6523910071162633
path,1.394602707091806,2.658025805965732
path,1.400439912651713,2.663481057100785
path,1.40621911308263,2.668875246710736
path,1.4118301552047994,2.67426364316399
path,1.4170425783021336,2.6794768621548224
path,1.4223251722350347,2.6847945636773596
path,1.4277820599048765,2.6902587146724173
path,1.4333750059673585,2.695842760848728
path,1.4390560663345184,2.7015268618951582
path,1.4445648250684646,2.707060773930633
path,1.4498274083340343,2.712323835511016
path,1.4552232194148718,2.7177201665542663
path,1.4607507017703558,2.723264215901772
path,1.4663726697334527,2.7289251167678628
path,1.4719133959494899,2.7344090392978604
path,1.4771736190825477,2.7395168077972962
path,1.4825390094301436,2.744721381501239
path,1.4880423954351072,2.750105709551697
path,1.4936444127997914,2.7556408054583303
path,1.4991811360409006,2.7611517440721403
path,1.5047685497472982,2.7667517392781793
path,1.5103968519156326,2.772412253563786
path,1.5160563263392952,2.778120602255632
path,1.5217436852172879,2.7838622002601365
path,1.5277790822965767,2.7898679699934874
path,1.534075616714886,2.796309399203071
path,1.5404146159697911,2.8028250331032223
path,1.5467826274518717,2.8093485041752166
path,1.553177570123436,2.8158763881056386
path,1.5597226906375041,2.822686758505848
path,1.5664380288231017,2.829486454059355
path,1.5731422149196608,2.836105592613849
path,1.5798505268939722,2.842585600705287
path,1.5865179191042083,2.8489633180721197
path,1.5932398737399838,2.855633104434565
path,1.599956973815649,2.862149982941323
path,1.6065340660350178,2.868408021580441
path,1.6129304984055917,2.8744792298240083
path,1.6191467527418821,2.8803715216924166
path,1.6254111048617739,2.886726611239599
path,1.6317440199857987,2.893203519581873
path,1.6380226861992244,2.899382819166019
path,1.6442046177050267,2.905305763928274
path,1.650211758909961,2.911046675698645
path,1.655896602325743,2.916571079455834
path,1.6613466261040932,2.9217330811092683
path,1.666601142188462,2.926694063416456
path,1.671671296702459,2.931484301939444
path,1.6766599438036094,2.936150325056154
path,1.6818150397536242,2.9414168595966
path,1.6870882625067187,2.946932219341645
path,1.6924753116307072,2.9526519476012014
path,1.6976858938769417,2.9583373411130998
path,1.702791851355076,2.9639416461178802
path,1.7080003717173704,2.9698263637207964
path,1.7134976319699797,2.9760762274212067
path,1.7192202418928495,2.9825513132619292
path,1.7251305601897533,2.9892012453802486
path,1.731212301746527,2.995989414026829
path,1.7372787855461034,3.002621161933083
path,1.7431662175617708,3.0090592779932175
path,1.7489999089249262,3.0154898939281773
path,1.7548802161486896,3.022086249613912
path,1.7608821577967853,3.0287896127635197
path,1.766989760444721,3.0353492395340242
path,1.7729506811736713,3.041712981166362
path,1.7788794757292312,3.048098214833435
path,1.7848511719577476,3.054640996668865
path,1.790933556850941,3.0613082407357655
path,1.7974256610082415,3.0682898309057562
path,1.804098743338599,3.0757248909694757
path,1.810891363033087,3.0832726942709843
path,1.8177517697703094,3.090853213242265
path,1.8246547972973433,3.0984635120498814
path,1.8315597255189322,3.1059025368826805
path,1.838381920725522,3.113096692242928
path,1.8450894836478327,3.120126188757382
path,1.8516657118594722,3.127017481839384
path,1.8580490112006174,3.1337427220207767
path,1.8642465229919596,3.1405262112513017
path,1.8701594904049055,3.1470720854688543
path,1.8758236453316222,3.1533898023347207
path,1.8815166312227085,3.159592082790587
path,1.8871621129128298,3.1656144148881182
path,1.8929547810485567,3.172150433370099
path,1.8986659615402823,3.178664232560911
path,1.9042983779892009,3.1849684351212395
path,1.9099024255116661,3.191093935574462
path,1.9154683259800194,3.1971308938936676
path,1.9210768831748406,3.2037570682189256
path,1.9265607439908694,3.2104385676731586
path,1.9321096866985163,3.217211430663276
path,1.9381054168866274,3.2242085762299375
path,1.9441853639754874,3.2313238342122084
path,1.950908802801808,3.2389087833832124
path,1.9583916454042491,3.2468898700535243
path,1.96640641086213,3.2550269487456616
path,1.974612502588406,3.263408969973715
path,1.9829696853890144,3.271895574471427
path,1.9912279381279694,3.280527214070552
path,1.998755015529101,3.289151214774016
path,2.005614209774641,3.29787988014361
path,2.0118681065148127,3.3066314059574062
path,2.017879376664283,3.315166500113196
path,2.0242306895221938,3.3236782585977567
path,2.0307335508232165,3.332154415509939
path,2.03729133191222,3.3405889605191406
path,2.0438974592277903,3.3489766372852703
path,2.0506682726643604,3.357311270812819
path,2.057349009502401,3.365627751515516
path,2.0641457931117664,3.373914881723419
path,2.071049700420893,3.382091151496552
path,2.078038172569249,3.390313004716983
path,2.0850989023549684,3.3986135380897675
path,2.0920927903418685,3.406891780275593
path,2.099332919132157,3.4153747143705058
path,2.1068723046840105,3.4241727705220595
path,2.1146616856075835,3.433243613621695
path,2.1226682010824147,3.4425598646934
path,2.1306323678674843,3.4518633645909227
path,2.138171746481622,3.461195995289111
path,2.1458503110938945,3.4705554771068914
path,2.153792783287657,3.479903352320091
path,2.1619411623929086,3.48941434892914
path,2.1700029765948647,3.4989175055450987
path,2.1777477499474722,3.508275961536132
path,2.1855812824541694,3.517585049260162
path,2.1936294521942,3.5269328741592134
path,2.2018496417735034,3.5365229234652356
path,2.2101640535976084,3.5463119813163044
path,2.2186674939324718,3.556226507820661
path,2.227239114887225,3.566097131987268
path,2.2358589254867236,3.5758921764165392
path,2.2445468784134235,3.585565550325784
path,2.2530591748273956,3.5948353339205714
path,2.2613639721064285,3.6036588953318125
path,2.2696127728884794,3.6123917635025418
path,2.2778119070873233,3.6210366445636035
path,2.2859935993734264,3.629625578736894
path,2.2941860040991013,3.638254431339122
path,2.302043888889981,3.6471781308937774
path,2.3098743444011367,3.6563997452486268
path,2.3177478659094253,3.66569739676056
path,2.325661337153666,3.6749806575070036
path,2.3334179028240833,3.684191243645877
path,2.3408846362940463,3.6933483424298506
path,2.3482447973013376,3.7024749664991283
path,2.3555440137895793,3.7115688911921043
path,2.3627955300054206,3.7206936282558316
path,2.370320440530124,3.729849601511561
path,2.3778359004807137,3.739016203104832
path,2.3853178833956137,3.7481881250660156
path,2.392749303683032,3.7573734326538943
path,2.400108514638333,3.7665780928903163
path,2.407556111937059,3.7757684039988515
path,2.4149280700631257,3.7849600710511155
path,2.4221940535195943,3.794152921366502
path,2.4293299160902695,3.8033487598488556
path,2.4363020610181363,3.812543185500918
path,2.443637488258278,3.821712276981312
path,2.4508109442443957,3.830877925997158
path,2.4577928840606678,3.8400199972154248
path,2.464620117829761,3.84912698057575
path,2.4712367459718356,3.8582128753343183
path,2.4784744445257987,3.867274955913191
path,2.485648122074645,3.87626263559618
path,2.4926640973492002,3.8851397148535614
path,2.4995238815751026,3.8939524337892157
path,2.5062242394562357,3.90271125279823
path,2.5135759076819584,3.911489929506719
path,2.520868192448762,3.919938718743643
path,2.5279128569443476,3.9282412317790447
path,2.534722736659924,3.93642274851338
path,2.541354832705699,3.9445021270886564
path,2.5485111634672974,3.952631323031624
path,2.555789664201129,3.9607788191303843
path,2.5628007214484314,3.9689982304090017
path,2.5696971860743423,3.9771624697765344
path,2.5765003795261374,3.9852766451165578
path,2.5837260733300935,3.9934437613357625
path,2.5909786700054926,4.001674703744567
path,2.598105993588786,4.009933609540642
path,2.605154125546691,4.018101297402137
path,2.6121365215193357,4.026254412135346
path,2.619255290936061,4.034411046519566
path,2.626187546616332,4.042510665033198
path,2.6328507720325494,4.050456158930405
path,2.6392833702570835,4.058259338276667
path,2.645505656319659,4.065938288102472
path,2.65242338326389,4.073716653334433
path,2.659384871291507,4.081560338063001
path,2.666133131710828,4.089508780897139
path,2.672744455337748,4.097456096036588
path,2.679222760032878,4.105329172412238
path,2.6862044642618095,4.113286372991269
path,2.693280324151033,4.12134257148706
path,2.700161809099715,4.129400978232276
path,2.7069487333930318,4.137402789104494
path,2.7136633982507754,4.145359395702714
path,2.7207409766261086,4.153417532935753
path,2.727810782806205,4.161476410883967
path,2.7348404937123028,4.169501037201313
path,2.7418420136796815,4.177497097221387
path,2.748828457978931,4.1854702964030635
path,2.7559340579376874,4.193497930519985
path,2.763042385925358,4.201501433963234
path,2.770163382984983,4.209485759843312
path,2.7773000872900755,4.217450234980792
path,2.784402450890508,4.2253981079856775
path,2.791525659016525,4.23326148631002
path,2.798536928375352,4.240990520639567
path,2.805588975530899,4.24856156624474
path,2.812670753377233,4.2558923693257285
path,2.8195700689498264,4.263136784311556
path,2.8267461572325088,4.270321327009068
path,2.8340273716508837,4.277451313211397
path,2.8413960958381512,4.284541896726287
path,2.849049766439728,4.290814281461869
path,2.85715328928566,4.296391385669358
path,2.8654947945694946,4.301760618807573
path,2.874010457847992,4.307194083816107
path,2.8826776783940287,4.312678183553188
path,2.8914874854082004,4.318204476743203
path,2.9004367667614845,4.323765645505356
path,2.9092645165130357,4.328871339717777
path,2.918019826435141,4.333888259294955
path,2.9268229276700257,4.339151644788611
path,2.9356578624480445,4.344620882234941
path,2.9445123072649007,4.350268594205086
path,2.952880171624214,4.355639944024776
path,2.9606081916893614,4.3603649500838895
path,2.9683229671097067,4.365146643276078
path,2.9760679997071744,4.370120915676267
path,2.9838317897309095,4.375260569158954
path,2.9911219659497847,4.3801010990518146
path,2.998095315599346,4.384415628722545
path,3.005106577852034,4.38891362520624
path,3.0121459136073363,4.393594063505313
path,3.0192024831093067,4.398430350284159
path,3.026433246728847,4.403739317948121
path,3.0338131080556643,4.409325271623079
path,3.0413131790002232,4.414998832323447
path,3.0489282868470604,4.4207502002575465
path,3.0565892187357457,4.426582066643293
path,3.064509215111059,4.432972682443637
path,3.0727618140328326,4.440177029580223
path,3.0811532014053418,4.4479016659903685
path,3.0896613509949975,4.455716907975182
path,3.0982713570371163,4.46358834577158
path,3.1069748153511743,4.471482409365922
path,3.115779520445676,4.479466616705229
path,3.124667538722945,4.487503865821024
path,3.1336324330222585,4.4955940342805
path,3.142858808409698,4.503733314475904
path,3.1521443748899114,4.511889263929501
path,3.161364260772145,4.520097704990505
path,3.170506081051903,4.52833264380543
path,3.1796121574130476,4.536594772439389
path,3.188737832662598,4.544908087178831
path,3.197885915216516,4.553291161317061
path,3.2070581995246243,4.561803824336421
path,3.2161964928978177,4.570412722880264
path,3.225194223428462,4.579037721408953
path,3.2339553641476337,4.587602304762891
path,3.2426239707794733,4.595972503597312
path,3.2513410442220954,4.6038855937762655
path,3.2601488919787815,4.6115265440594
path,3.2690176759472185,4.619062970918565
path,3.2779555156729554,4.6265136043629775
path,3.2869666479683466,4.63408760265931
path,3.2960317773954744,4.641340843432011
path,3.3051618228184454,4.648198527355465
path,3.314243972349771,4.654668986033392
path,3.3232660621914842,4.660758892946969
path,3.3323316485621692,4.667214999997947
path,3.3413829368433885,4.6740567473653964
path,3.350394516664103,4.680572387933731
path,3.359397437216463,4.6868004926117885
path,3.3683501411143286,4.692634537886433
path,3.377455274050258,4.6989668072556015
path,3.3864950917433836,4.70575957870082
path,3.395479271380456,4.712315991470846
path,3.4044397459536264,4.71853624082396
path,3.413353479613507,4.7244664318902565
path,3.4224814356221174,4.731104350888464
path,3.4315732793511233,4.738333976512535
path,3.440592487127441,4.745503348822534
path,3.4494737920620677,4.752467699033611
path,3.4583028606515462,4.759283914954325
path,3.467299566983445,4.766447614149613
path,3.476276117061775,4.774123374877206
path,3.485322258219406,4.781829140006422
path,3.494557311600605,4.788924178548721
path,3.503770265162285,4.795757190908891
path,3.5129129305436355,4.8026537948156305
path,3.5219843639740738,4.809611226732813
path,3.5309784091861944,4.8166163379134455
path,3.5398926828309194,4.823663515465372
path,3.54872551106545,4.8307482226566085
path,3.5573408836067655,4.837697596509262
path,3.5658060510616405,4.844638571499561
path,3.574151915752947,4.851584242605629
path,3.5823779409457357,4.858533098136504
path,3.590496205398562,4.865472181444686
path,3.598599239020326,4.8724718476454925
path,3.6066720188157904,4.879708619970797
path,3.6147106277172996,4.88717027002035
path,3.622703595933651,4.894832196058686
path,3.6305396649757777,4.903087979142803
path,3.638424375983726,4.911451175844641
path,3.646456491418658,4.919693676765985
path,3.6545676161192504,4.928205913585094
path,3.6626717101289894,4.936994610686002
path,3.670844722236552,4.946004862027373
path,3.679064578427125,4.954964148901955
path,3.687342646053551,4.963580307153676
path,3.695663530783062,4.971917822316359
path,3.7039794244278617,4.980256117145952
path,3.7122956479403046,4.9886114189861415
path,3.720613870208207,4.996892562776178
path,3.7282771531816596,5.005010197335517
path,3.7345397978762533,5.012821417394169
path,3.740733096050479,5.020446785507234
path,3.7468576761427745,5.02789603878204
path,3.752922339034361,5.035232088594279
path,3.758913737013071,5.04243457530526
path,3.7648256506981164,5.049508157598183
path,3.770646396390048,5.056506491154911
path,3.7763806104227524,5.063434929086945
path,3.7822194062796255,5.070604261981673
path,3.7880677585922604,5.077734918260319
path,3.793381632482483,5.084912693229159
path,3.798477596056845,5.091964480103627
path,3.8034663536103293,5.098861243246698
path,3.808643183064092,5.106027628123033
path,3.8138235557309925,5.113195046359988
path,3.818884175140371,5.120200648200211
path,3.8239585176436193,5.127157405122483
path,3.8291406918074404,5.134147410099725
path,3.8345139588261525,5.141352811030996
path,3.839833132247393,5.1484964404243865
path,3.8450529523034263,5.155503602711739
path,3.8503516410990657,5.162520629824531
path,3.855780263354959,5.169592271029168
path,3.86133289525053,5.176788514604042
path,3.8667977524937376,5.183875657824033
path,3.8721951404363386,5.190859352362406
path,3.877714660064332,5.197892352477731
path,3.8833786833901995,5.204995769546164
path,3.88916422990127,5.212142673097545
path,3.8951132693366266,5.21936050330527
path,3.9011994598604365,5.226635951162806
path,3.9074208002686346,5.233950598071154
path,3.913773512665169,5.241296747386956
path,3.9202718074607215,5.248830352968164
path,3.9269720023629056,5.256718703531833
path,3.933762236502965,5.264895160107912
path,3.940636027945296,5.272989750668587
path,3.9476331346016313,5.280959091180284
path,3.954511184170219,5.288569060208905
path,3.961766447818859,5.296019399741716
path,3.969032555729063,5.303522204025651
path,3.976504214774676,5.311273278805488
path,3.983986824440984,5.318929578079958
path,3.9913517821331443,5.326353033553154
path,3.9986667587092204,5.333630103160324
path,4.005959755295925,5.340833138256847
path,4.01324685263205,5.347996651567829
path,4.020519821842367,5.355124069536977
path,4.027883807332823,5.362735029374333
path,4.035081630666272,5.370534944086963
path,4.04211371808738,5.378416897962649
path,4.048976898791733,5.386387722440239
path,4.055661156493346,5.394447131331337
path,4.062155305435251,5.4025368966917435
path,4.068559759378908,5.410578909708982
path,4.074948484705958,5.41858258199715
path,4.081409101705376,5.426615906076863
path,4.087984321240185,5.434772062904778
path,4.094721626333541,5.4428879515530255
path,4.101512777984396,5.451101587600225
path,4.108377093696074,5.459446458685524
path,4.115311016095661,5.467877128445579
path,4.122260261773689,5.476257840769801
path,4.129003729581722,5.484214667093782
path,4.135613705567718,5.492003298780226
path,4.1421464124267615,5.4997788821126745
path,4.1486248989472125,5.50753255455537
path,4.15508874315518,5.515263130432294
path,4.161586007458327,5.523220651742414
path,4.168307434369416,5.531155922864165
path,4.1752113262674735,5.5389611594657175
path,4.182350533076037,5.546703506963434
path,4.189529342173574,5.554485602429118
path,4.196888169965968,5.562460707553319
path,4.204339933882799,5.570552355978042
path,4.211691423299589,5.57872070947508
path,4.218924249115132,5.587025535583334
path,4.226072463901667,5.595431923604583
path,4.233452543932789,5.603984264499022
path,4.240764266546829,5.612642503101178
path,4.248009009839704,5.621398020946513
path,4.255203575905694,5.630219246589767
path,4.2623652145175175,5.639130175751174
path,4.269817674286294,5.647901968510557
path,4.277297683990021,5.656625043908225
path,4.284756530245704,5.665368750158867
path,4.292209409790406,5.674126306148549
path,4.299656743459214,5.6828930407320275
path,4.306733883543313,5.691234203474326
path,4.313633282404035,5.699295173470846
path,4.320618765695998,5.707284009507953
path,4.327375721273216,5.715225854058282
path,4.3342123696134935,5.723104316228807
path,4.3408026732108365,5.730633505247462
path,4.346886185166754,5.737492002870867
path,4.352492782746858,5.74386742844083
path,4.35794316911501,5.750369759472382
path,4.363363995938102,5.756890587676743
path,4.368804779996624,5.763437089907917
path,4.37428313960776,5.769980677306717
path,4.3797766612380125,5.776504377756059
path,4.385283851428264,5.783006623884194
path,4.3907988377048035,5.789419293730292
path,4.396626074450548,5.79451548611079
path,4.4023320618370665,5.799187529430888
path,4.407894723363166,5.803933677736067
path,4.413408530609487,5.809072073736241
path,4.418912972925167,5.81450898682879
path,4.424658506071497,5.820152595865634
path,4.4305170574206825,5.825881177132054
path,4.436411236960035,5.831649377745861
path,4.442225039608666,5.837547516487973
path,4.448035108755638,5.8436365741810565
path,4.453957240981911,5.850348462184031
path,4.460239984172962,5.857575175451499
path,4.4669579637958226,5.865147069782617
path,4.474169942107662,5.87306100202729
path,4.481840084898874,5.881313624649738
path,4.489968199333216,5.88987972329951
path,4.498344524166075,5.898608129380609
path,4.506819682846505,5.90737360597305
path,4.515396273255303,5.916176191343642
path,4.524113820192646,5.925051980061363
path,4.532887206436003,5.933812626908189
path,4.541595092877223,5.94248929326585
path,4.5503571601562145,5.951350911445279
path,4.5592167558667125,5.9603673343334425
path,4.568291408247445,5.969291182752534
path,4.577010271765692,5.977936734641666
path,4.5854737396456375,5.986327429826967
path,4.5937752563655,5.994442841753447
path,4.601914421668562,6.002285300260048
path,4.60994519185378,6.009899255473225
path,4.617796255246482,6.017350397312083
path,4.625524551068922,6.0244773086774215
path,4.633140237823566,6.031368797086167
path,4.64077748896769,6.038110692965318
path,4.648547953961274,6.044591067820263
path,4.656078121014153,6.050642085445579
path,4.663302784680015,6.056533195795016
path,4.670436922813881,6.062501426760833
path,4.6775220166037155,6.068575496492971
path,4.684613131589877,6.0747017106492605
path,4.691475423133832,6.080636323132466
path,4.698218029276776,6.086424604889905
path,4.704927580082288,6.092124447564733
path,4.711662382522017,6.097857995168133
path,4.718424454666545,6.103623813050005
path,4.724896611011453,6.109127589996368
path,4.731220426030923,6.11445155001468
path,4.737488934243898,6.119691067929775
path,4.743798817199942,6.1249706406719655
path,4.750139303003503,6.130290415761384
path,4.756261125060871,6.135463471455894
path,4.7622792848319015,6.140508067299212
path,4.7682489273486635,6.145459006549242
path,4.774273439475018,6.150463598067418
path,4.780373743755121,6.15548878379599
path,4.786178559428849,6.160352947147314
path,4.791843023943585,6.165067384901066
path,4.797417999478212,6.169659957830177
path,4.80290318810451,6.17413173795934
path,4.808346050887638,6.178480737287531
path,4.813718515728515,6.182667590262821
path,4.818995292055149,6.186737741982687
path,4.8242473945620965,6.1907273556466045
path,4.829487287903605,6.194683284375299
path,4.834646635317497,6.198789581287698
path,4.839381586682606,6.202652261276555
path,4.843490224753105,6.206016651440783
path,4.847136152661922,6.209099559865555
path,4.850585762378591,6.21218513855154
path,4.854045500492267,6.2152495374723085
path,4.857112032450172,6.2180412575621755
path,4.859501180879021,6.22032164613241
path,4.861334080668226,6.222135052484339
path,4.862611415704726,6.22330344519992
path,4.863692927317895,6.224406017011869
path,4.8644142128778896,6.225212147950915
path,4.864574826289211,6.225443857594487
path,4.864496685147678,6.225611828589648
path,4.8642568434114715,6.225785206529227
path,4.863854081745147,6.225964327772016
path,4.8633299812402315,6.2261588479207886
path,4.862732202997506,6.226389252975496
path,4.862020472564777,6.226625978895132
path,4.8611976348358725,6.226868070348767
path,4.860326337852715,6.227132445426957
path,4.859413504148706,6.227400259303197
path,4.858470264785494,6.227668504487755
path,4.857503927403898,6.227935663817872
path,4.856517312086265,6.228201086936106
path,4.855511117350615,6.228464337550839
path,4.854504248946537,6.228723892177908
path,4.853468696497552,6.2289817537618974
path,4.8524035734846604,6.229237636414812
path,4.851320668266327,6.22949083174789
path,4.850220277675156,6.229740965143217
path,4.8497176090227505,6.23027563881893
path,4.849604710137426,6.231098387017807
path,4.849527408961213,6.232081561650492
path,4.849475060986481,6.233221744890643
path,4.849403498313463,6.234393801095995
path,4.850303061074669,6.2357790435257465
path,4.851624636414444,6.237284576404401
path,4.853020396528822,6.238930104631219
path,4.854478906238072,6.240612841894116
path,4.855922216628398,6.24228341622748
path,4.857432956471785,6.243971269447174
path,4.858926489586882,6.245605163496584
path,4.860509030055657,6.247203955045343
path,4.862158117415786,6.24884082477591
path,4.863816561880127,6.25047737028909
path,4.865372861028032,6.252152800180795
path,4.866887552451677,6.253767326018044
path,4.86845716921952,6.255345681744696
path,4.87013133963675,6.256979301479106
path,4.871812123467211,6.258619253505304
path,4.873456234092425,6.260225795612336
path,4.875090254073379,6.261820841249518
path,4.876714343301303,6.263405891557387
path,4.878307354160088,6.264984684305525
path,4.879869458285013,6.266551751564858
path,4.881324381402242,6.268004101792149
path,4.882761410118767,6.269438835487398
path,4.884207001809377,6.27085748144477
path,4.885634194489847,6.272261807978152
path,4.887066646825856,6.273655499099557
path,4.888461539071016,6.275013632655234
path,4.889844340366492,6.276353931723929
path,4.89121038633356,6.277681629356187
path,4.892525867851191,6.278995960093246
path,4.8937964380348795,6.280297313414675
path,4.895047126913199,6.281577337294548
path,4.896267372777536,6.282833843172251
path,4.897488903537409,6.284075633475936
path,4.898710105500695,6.285302705046372
path,4.900753522456601,6.287232523777214
path,4.902913696461124,6.289259911155966
path,4.905092978316434,6.291346615611102
path,4.907242186691204,6.293454581202745
path,4.909343091139134,6.295571257604558
path,4.911377721440052,6.29766609632486
path,4.913326345879828,6.2997542847470465
path,4.915252454816852,6.30186088311017
path,4.9171266905485735,6.303971081683244
path,4.918948208112246,6.306082578214178
path,4.9207167531687865,6.308200024286449
path,4.922413149583169,6.310302379593887
path,4.924068670223831,6.3124188427232335
path,4.925670364524526,6.314540204205121
path,4.927216947468692,6.316662571903212
path,4.928691791254821,6.318792476599623
path,4.930116711007333,6.320911228307751
path,4.931502445694373,6.323037059902541
path,4.932833324401087,6.325163951277827
path,4.934108086986903,6.327291402045236
path,4.935326635913348,6.329419078013507
path,4.9364809219801185,6.331530114662993
path,4.937585827583819,6.3336566242174435
path,4.938633865313935,6.335781804062721
path,4.939624944000992,6.337905319665894
path,4.940558966196001,6.340026820571085
path,4.941379275535121,6.341967972214588
path,4.942100689805914,6.343652976815328
path,4.9427463327377446,6.3451330816950104
path,4.9433351912956685,6.346450752549722
path,4.9438784624757846,6.347688367746316
path,4.944379410029271,6.349027475631652
path,4.944873362915904,6.350451214348299
path,4.945312730453573,6.351984437414821
path,4.945715903601122,6.353622415418144
path,4.946097376286854,6.355328432708712
path,4.946465749137162,6.357085350589038
path,4.9468241189733355,6.358879873985099
path,4.947162144102598,6.3606855820453
path,4.947493435403585,6.362478734068395
path,4.947819653955238,6.3642633109964
path,4.9481482414479085,6.366044206389933
path,4.948467435957589,6.367820185075144
path,4.9487901537280905,6.369586826828089
path,4.949111985882567,6.371351111792852
path,4.949429619549143,6.373108292164441
path,4.949729158145842,6.374778941742737
path,4.950027821023316,6.376429032334976
path,4.950326567226576,6.378093891146581
path,4.950619863884332,6.3797400496454735
path,4.950918485089406,6.381394221668801
path,4.951210933015161,6.383041202325132
path,4.951512220902111,6.384691220479793
path,4.951808672854732,6.386333800717966
path,4.952105996824968,6.3879823411713685
path,4.952402602551864,6.3896224446465615
path,4.952701217700114,6.391269214619472
path,4.952994610102567,6.392917980303627
path,4.953295353497506,6.394566845929526
path,4.9535955852691,6.396213439445084
path,4.953893275027361,6.3978566718980625
path,4.954193292159925,6.399505373624744
path,4.954487738592664,6.401156154822473
path,4.95478987599617,6.4028073289186
path,4.9550911888548965,6.404456539857493
path,4.955391495751248,6.406103806813379
path,4.955686212273628,6.4077586792514625
path,4.955996442640071,6.409423527936495
path,4.956290571845059,6.411073721266434
path,4.95660192167901,6.412722869375434
path,4.956899351347856,6.41437559719595
path,4.957444298107425,6.4162084954962095
path,4.957913358669427,6.418212594551255
path,4.958306923086042,6.420303043515631
path,4.958689389942197,6.422396810900553
path,4.959072012631825,6.424500843128814
path,4.959450178074976,6.426585242597362
path,4.959826708466496,6.428675341769409
path,4.960213381063699,6.430765686438031
path,4.9605932407103985,6.432852044341819
path,4.960973291888451,6.4349400813729805
path,4.96135090160239,6.437012595935448
path,4.961727066442389,6.439080190614726
path,4.962105737059779,6.441161875458605
path,4.962484722960504,6.443217458992847
path,4.962928440128914,6.445085131067125
path,4.96337540943161,6.446741316237277
path,4.9638274492239,6.448187253511992
path,4.9642838960575375,6.449477535604028
path,4.964738645378408,6.450745854242306
path,4.965192896214586,6.4520134969493235
path,4.965640046561132,6.453265755563239
path,4.9660866396151615,6.454519290860383
path,4.966533355376019,6.455770168628495
path,4.966980754648246,6.457020686888289
path,4.967425618427716,6.458270406888426
path,4.967877124949078,6.45953086018905
path,4.968332070292395,6.46078928544634
path,4.968794546563209,6.462048454504894
path,4.96926237859502,6.463312169034969
path,4.969737730140566,6.4645786856715235
path,4.970220643756323,6.465847978442181
path,4.970709598761049,6.467120044134344
path,4.971205635179805,6.468393750174594
path,4.971711911886294,6.469673954284831
path,4.972223027744995,6.470951376390439
path,4.972748269683193,6.472236328478792
path,4.9732789604173675,6.473522242882245
path,4.97381634235415,6.474812150543116
path,4.97436215163288,6.4760946529378
path,4.974917185212915,6.47738801702802
path,4.975475160027391,6.478662932245922
path,4.976047886664242,6.479938877891344
path,4.976659386364213,6.481229247673132
path,4.977281925289959,6.482504691427294
path,4.977965555887745,6.4837847546132314
path,4.97871740763506,6.485055375228401
path,4.9795445572362835,6.486316467701113
path,4.980432442070798,6.487559456168493
path,4.981374027909131,6.488780911420255
path,4.982356994941274,6.489988228560992
path,4.983386984686708,6.491179122336839
path,4.98446326547774,6.492361517416877
path,4.985584474023747,6.493534366957862
path,4.98674445555087,6.4946967128210495
path,4.987959487477692,6.495857459510453
path,4.989202101385274,6.4969952060508085
path,4.990491665263123,6.498127446517309
path,4.991822375537337,6.499251553996049
path,4.993195421732246,6.500368259491915
path,4.994607608756104,6.501475569318634
path,4.996056945770598,6.50256013189341
path,4.997544367861356,6.503635112583016
path,4.999083034483986,6.5047040135760446
path,5.000668106277684,6.5057607825164805
path,5.002304393475495,6.506811479053398
path,5.0039885652877345,6.507826335788842
path,5.0057259736174,6.508831277217419
path,5.007504650307359,6.509829002038577
path,5.009321299530338,6.510820109738612
path,5.011175948505348,6.51180459221728
path,5.0130321503043875,6.512763794088883
path,5.014887092684664,6.513722866890057
path,5.016741269916895,6.514682335386596
path,5.018594679713727,6.515642200481408
path,5.020447319413538,6.516602462950739
path,5.022266081945007,6.51754728299436
path,5.024086453987471,6.518492260013246
path,5.025906041755159,6.519437617220777
path,5.02772484520294,6.520383355390407
path,5.029542866387321,6.521329475433922
path,5.031325529611122,6.52225858537503
path,5.033105488629329,6.523186436861599
path,5.034884702198927,6.524114657183425
path,5.036663170954586,6.525043246808455
path,5.038440895784381,6.525972206196011
path,5.040181026293781,6.526882983460705
path,5.04191813454119,6.527792196311558
path,5.043654536024425,6.528701764118898
path,5.045390230988325,6.529611686936245
path,5.047125219542964,6.530521964816605
path,5.048811488674778,6.531406853779114
path,5.050492872641931,6.5322903217151085
path,5.052173573305113,6.533174120120568
path,5.053842088872336,6.5340579508258365
path,5.055510321981693,6.5349389536727545
path,5.057156433026185,6.535807299749337
path,5.05879745091319,6.536672372218492
path,5.060434396620942,6.537535169255088
path,5.062067178811962,6.538395603798023
path,5.063695677021881,6.539253573198925
path,5.0653151185980745,6.5401131885086565
path,5.066947262844603,6.540988147651167
path,5.0686100508523255,6.541897393750327
path,5.0702966043652475,6.542847182403351
path,5.071946726808565,6.543825729623735
path,5.07351905505219,6.544820035991032
path,5.075045590643282,6.54579496066071
path,5.076529328770977,6.546746899251893
path,5.077971512547815,6.547676367632218
path,5.079284378962888,6.548589602816969
path,5.080268802174461,6.549544667768303
path,5.08110665165173,6.5505107390486375
path,5.081814558776295,6.551502948645239
path,5.082423003888811,6.552541905507156
path,5.082972589436315,6.553670281568655
path,5.083501667806446,6.554924226970899
path,5.084020783191567,6.556349836307513
path,5.084548245991035,6.557996704717451
path,5.085040745137738,6.559813780016926
path,5.0854197074914325,6.561637246341893
path,5.085799856239437,6.563356899007266
path,5.0861823514407805,6.565014983412401
path,5.086563490840089,6.566637613470017
path,5.086949794474796,6.568261554697151
path,5.0873349299317026,6.5698824232499415
path,5.0877176404631355,6.57149982207377
path,5.0880962418755376,6.573116049019527
path,5.088477117356407,6.57473552877005
path,5.088857415115627,6.576354290643074
path,5.0892389716815565,6.577974162439999
path,5.089611295452478,6.579570954243594
path,5.0899893806558945,6.581167387148828
path,5.0903650235449875,6.582765795102298
path,5.090740413065341,6.584363042504545
path,5.091116591107648,6.585959385492471
path,5.091487814631153,6.5875502158750505
path,5.091859885680033,6.589140238859701
path,5.092234760185929,6.59072904484645
path,5.092603814933625,6.592321002977219
path,5.092974215943855,6.5939147002229435
path,5.093341536654306,6.595499079807521
path,5.093714000611291,6.597082799712406
path,5.094081791610696,6.598668787647579
path,5.0944500962532375,6.60025389031023
path,5.0948214788045645,6.60184023481805
path,5.095185038863463,6.6034125143329945
path,5.0955546407936385,6.604985988651688
path,5.09592043753294,6.606561598714403
path,5.096284778768199,6.608136543538379
path,5.096648697151052,6.609713052158659
path,5.097012802754247,6.611284677331004
path,5.097375257968245,6.612856081729397
path,5.097739834084387,6.614426276724923
path,5.098104348965423,6.615996962563909
path,5.098465860240765,6.617570089383497
path,5.098839870778606,6.619161423736881
path,5.099208119924922,6.620752869991468
path,5.09957477105484,6.6223467617788065
path,5.099943513839346,6.623941673734398
path,5.100308724784119,6.625536587241513
path,5.1006723410181865,6.627122818266626
path,5.101036486505419,6.628708255798805
path,5.101404802158387,6.630292402164767
path,5.101768768309281,6.631875109962026
path,5.10213261990219,6.633460975647168
path,5.10249735554931,6.63504134377888
path,5.102858294913984,6.63662187308876
path,5.10322779983312,6.638201813165783
path,5.103591849410008,6.639779304724556
path,5.103953733777114,6.641361333994565
path,5.104315085698635,6.642934799537267
path,5.104673219488671,6.644509920497101
path,5.105033929581178,6.646084706006944
path,5.105396739615768,6.6476599488628745
path,5.105754735481131,6.64923625506206
path,5.1061103152272045,6.650789974630536
path,5.106464138202971,6.652344649230742
path,5.106816397195761,6.653898627606317
path,5.1071728216979775,6.655450890128039
path,5.107525935444444,6.657006675793383
path,5.107881319275669,6.658565480967421
path,5.1082345564736436,6.660119944451981
path,5.108592446217638,6.661679757327204
path,5.108944748694798,6.663238500292137
path,5.1092996577100145,6.664798537271942
path,5.109653455476907,6.666362218770999
path,5.110008122900471,6.6679269439400315
path,5.110363329571158,6.669490269512145
path,5.11071828743928,6.6710535583474835
path,5.1110699670379285,6.672618869656142
path,5.111425877618319,6.674188617423998
path,5.1117800019351,6.675758773650468
path,5.112135185413998,6.677329964167759
path,5.112487963934714,6.678902240140496
path,5.112844186685314,6.680472674103156
path,5.113182764258491,6.681994893421921
path,5.11352430793324,6.683500091837213
path,5.11386503502409,6.68501111852745
path,5.114205292647709,6.6865202121832334
path,5.114542977255593,6.688030848891081
path,5.114881664903139,6.689535637350174
path,5.115219979698615,6.691040268437663
path,5.115557088276755,6.692545099636437
path,5.11589504888627,6.694050344021665
path,5.11623270069514,6.695556541105778
path,5.116572645160064,6.697054646597988
path,5.116910793133893,6.698550537300176
path,5.117245367478008,6.700051072705196
path,5.117579397199512,6.701551477936191
path,5.117916634516139,6.703052536181807
path,5.118250352367159,6.7045462541137155
path,5.1185849861433,6.706038388719174
path,5.118917220073106,6.707533482017411
path,5.11925431988024,6.709026946043249
path,5.11958573453511,6.710521941047366
path,5.119918410584022,6.712016655708647
path,5.120249440088498,6.713512810332604
path,5.1205896226070395,6.715013912482029
path,5.120933308870696,6.716505051697605
path,5.121282755885283,6.718000168735357
path,5.121647417791524,6.719532062562493
path,5.122015893821535,6.721063197458699
path,5.122392062891998,6.722593704605882
path,5.122776751660452,6.724123460529928
path,5.123167558100664,6.725650485408922
path,5.123563851540293,6.727169575256923
path,5.123967531921735,6.72868803735427
path,5.124379409849039,6.7302045558139385
path,5.124792717982507,6.731718782234067
path,5.125221328984816,6.73323173090892
path,5.125648938950864,6.734739321165776
path,5.126075801009472,6.736245495393407
path,5.126528493260884,6.737749703326811
path,5.126968289639094,6.739255430892134
path,5.127432917613363,6.740747177226611
path,5.127886058032964,6.742240160030521
path,5.128342044662844,6.743730886091159
path,5.128808270127813,6.745221219778718
path,5.129278493082714,6.746709178976373
path,5.12974497850021,6.748200159964937
path,5.130218095777203,6.749684324312894
path,5.130696425382686,6.751163775929219
path,5.131176837285514,6.752642589727105
path,5.131663014079928,6.754122228167742
path,5.1321538819205665,6.755600742993134
path,5.132642805465644,6.757068213300454
path,5.1331356952387655,6.758529089696299
path,5.13363478231834,6.759987208743044
path,5.1341467853021365,6.761444108414491
path,5.134652413359898,6.762897971654708
path,5.135168421446332,6.7643517281442955
path,5.13568862560903,6.765803581321316
path,5.136216222550043,6.767253910088727
path,5.136743786729542,6.768705926530133
path,5.13728367752561,6.7701547888487
path,5.137827611967179,6.771600774287278
path,5.138371733492093,6.773046648735297
path,5.138924233665642,6.774489326912686
path,5.139480472904893,6.775931198281056
path,5.140040424743886,6.777370783759249
path,5.140609649927376,6.77880681266995
path,5.141175948399183,6.7802465888625
path,5.141749706027228,6.781685163523066
path,5.142311368989472,6.783125720825711
path,5.14288533534345,6.784564930567629
path,5.143446919549811,6.786003982300642
path,5.144020885259986,6.787441464823867
path,5.144581404692437,6.788884353985472
path,5.14515507268052,6.7903259097605195
path,5.145713187452144,6.791771003144991
path,5.146259253688786,6.793179092000387
path,5.146794451676686,6.794583263739183
path,5.147338131064877,6.795970341260439
path,5.147875055028909,6.7973561041870205
path,5.148419260039225,6.7987408990416185
path,5.148954016465533,6.800130051683813
path,5.1494909993326425,6.80151088120708
path,5.150024524588025,6.802893065150451
path,5.150564651641969,6.804275573876094
path,5.151096330436609,6.80566302990484
path,5.15163126655129,6.807038311986365
path,5.15216462033616,6.808419315760467
path,5.152693976117127,6.809795688633648
path,5.153220811544143,6.811177700356944
path,5.153756537030717,6.812553749105009
path,5.154278884051041,6.8139387200584745
path,5.154814775704439,6.815320597028681
path,5.1553370447288795,6.816708202558824
path,5.155869870198053,6.818093158974527
path,5.156392122433912,6.819481528979774
path,5.157161972462837,6.821214453875731
path,5.157887074262489,6.8230581470742075
path,5.158591479872125,6.824920394140354
path,5.159304933881165,6.826779811086983
path,5.160011423065344,6.828655713266321
path,5.160709780798158,6.830523674700903
path,5.16140683629753,6.832390772540497
path,5.162110638038715,6.834253137272984
path,5.162805446556467,6.836122706530101
path,5.163508163119497,6.837988649172709
path,5.16419338337613,6.83983936301172
path,5.164883122610334,6.841681237450506
path,5.165593135451922,6.843456844270684
path,5.166299090671736,6.8452304919589455
path,5.1670044971023374,6.847004676874894
path,5.167702358996443,6.848760385131966
path,5.1683998864764735,6.8505167481565525
path,5.169097175478099,6.852273972975776
path,5.169794326224209,6.854032169858429
path,5.17049143812621,6.855791446573539
path,5.171180606881774,6.857530430695913
path,5.17186987054131,6.859270277316026
path,5.172559306122153,6.861011385313478
path,5.17324901066153,6.862753853863393
path,5.173938989421211,6.864497679753154
path,5.174626258057952,6.866233237111479
path,5.175314033141193,6.86797042478915
path,5.176002367469708,6.869709229339915
path,5.176691024716348,6.871449381890006
path,5.177380255520279,6.873191138732823
path,5.1780641869747654,6.8749178979632575
path,5.17874896753348,6.876646498606866
path,5.1794346827363,6.878377024248126
path,5.180121419515452,6.880109551172549
path,5.180809264698211,6.8818441545683635
path,5.181493662626225,6.883567936122977
path,5.1821793479436735,6.885293926238491
path,5.182866406969225,6.887022205000058
path,5.183554927212463,6.888752846736794
path,5.184244996530183,6.890485927128313
path,5.1849290272731725,6.892200235974524
path,5.18561480875604,6.893916805897285
path,5.186302413527048,6.895636033243939
path,5.186991936836504,6.897358003386397
path,5.187683457131557,6.899082786856358
path,5.188356109336163,6.9007721620915055
path,5.189040161217245,6.902451812420525
path,5.189726362724345,6.904115125313719
path,5.190414843615321,6.905766512672767
path,5.1911057347772385,6.907409395637783
path,5.191795257561771,6.909036383107261
path,5.192485590800057,6.910657134374621
path,5.193173164402221,6.912267048117714
path,5.1938579420037705,6.913866671189155
path,5.194539970623561,6.915456589874531
path,5.195212253509646,6.917020996280622
path,5.195880960743118,6.918574524712224
path,5.196547058860024,6.920119756567357
path,5.197210606750446,6.9216570550716465
path,5.197871629173354,6.923186682939956
path,5.1985266328996795,6.924700557576807
path,5.199178805736146,6.9262065450978225
path,5.19982812990712,6.927704724687531
path,5.200474514309233,6.929196666721832
path,5.201118400418281,6.93068671454695
path,5.201765713968842,6.932188632698924
path,5.202411797993004,6.933691416672396
path,5.203056635675363,6.935195026357342
path,5.203700223663416,6.936699458761693
path,5.204342559797649,6.9382047130815705
path,5.204980647910143,6.939703618716788
path,5.205617053743604,6.9412024227312195
path,5.206252134139214,6.942701865400019
path,5.206885963697689,6.944202107601255
path,5.207518539524454,6.945703146233409
path,5.208145388295455,6.9471939453347815
path,5.20877109033831,6.948685742388895
path,5.209395703590438,6.950178669836157
path,5.210019500239976,6.95167330026236
path,5.210642634537409,6.953169988035051
path,5.211262635733345,6.954662583640959
path,5.211882028894598,6.956157370014853
path,5.212500919099918,6.957654593671
path,5.213119410833989,6.959154502289554
path,5.213895669394506,6.960734586520392
path,5.214823461975713,6.962117070955699
path,5.215707068064977,6.963365073365495
path,5.216584379526238,6.964601056976644
path,5.2174867244382135,6.9658351478681295
path,5.2184021741612785,6.967052782172595
path,5.219328167500622,6.9682493894887205
path,5.220265353046628,6.969445627210228
path,5.221214164205365,6.970641489113979
path,5.22217543851329,6.971836935784836
path,5.2231501446297575,6.973031919878953
path,5.224139026091428,6.974210777180108
path,5.225142924164793,6.975389081963988
path,5.226163637504526,6.976566743149955
path,5.227200353505394,6.977743808779528
path,5.228253390369907,6.978920263474509
path,5.229322851800755,6.980082606143392
path,5.2304089581561355,6.981244312056794
path,5.231511748034339,6.982405384052809
path,5.232631204474872,6.98356582336297
path,5.233767273572025,6.9847256329014895
path,5.234919781341626,6.985873661147145
path,5.236088752029439,6.987021057456293
path,5.237274112536436,6.988167828265089
path,5.238475941273827,6.98931396719162
path,5.239695041511919,6.990459426222397
path,5.240929088866901,6.991596642719925
path,5.2421738317041084,6.992733553387858
path,5.2434289586634835,6.993870174553448
path,5.244694479318651,6.995006507526867
path,5.245970325346716,6.996142556208598
path,5.24725724589606,6.9972661852788365
path,5.248556384594752,6.998389397408989
path,5.249868702738424,6.9995121362859525
path,5.251195130774599,7.000634342894673
path,5.2525365687775984,7.001755959383913
path,5.253889372539039,7.002862077245684
path,5.255242623066889,7.003968467445789
path,5.256595180633482,7.0050752030309
path,5.257947046482249,7.006182284611329
path,5.259298221354394,7.007289712439881
path,5.2606349613678445,7.0083862073674155
path,5.2619710176687935,7.009483036456718
path,5.263247858913722,7.010599857245055
path,5.264212790550987,7.01177808175267
path,5.265005674281537,7.012882245357607
path,5.265749888260381,7.013980657228272
path,5.26646314943639,7.015095857141182
path,5.267145749960213,7.016227840677218
path,5.267857607186011,7.017344989215542
path,5.268588877264602,7.018446856085885
path,5.269354494717379,7.019827752334754
path,5.270256106173253,7.021276169675241
path,5.271206324102507,7.02272404419213
path,5.272158232465008,7.02417023152763
path,5.273108244168057,7.025616858764247
path,5.27404719287193,7.027049870903872
path,5.2749843275585695,7.028483333943242
path,5.275919681846509,7.029917265296965
path,5.276853273751102,7.03135167177172
path,5.277785120294302,7.03278655969731
path,5.278700903284656,7.034199773826316
path,5.279615002161167,7.0356134506552275
path,5.28052744349432,7.0370276042217235
path,5.281438236399433,7.0384422364121155
path,5.282347388929308,7.039857348558205
path,5.283239025414008,7.041247964214996
path,5.284128900268767,7.04263892065195
path,5.285017210512161,7.044030341873996
path,5.285903961353337,7.04542222796017
path,5.286789157590553,7.046814578822269
path,5.287664838416376,7.048194818671271
path,5.288538991793253,7.049575508000627
path,5.289411630663733,7.050956652883666
path,5.290282758682867,7.05233825287983
path,5.29115237933532,7.053720307505699
path,5.292011254873503,7.055088076034094
path,5.292837407297742,7.056426778341402
path,5.293580205390066,7.0576991646962375
path,5.2943349213817905,7.058956709610159
path,5.29510243604812,7.060199823251567
path,5.295873447988929,7.061412155836208
path,5.296657694515382,7.062609790731465
path,5.297455427775586,7.063792605932918
path,5.298266902416048,7.064960459467582
path,5.299092392162434,7.066113201699234
path,5.299922552396349,7.067234023088121
path,5.300767570104256,7.068339154640038
path,5.301628579145082,7.069427632033308
path,5.302507196837755,7.070498035276381
path,5.303404796483314,7.0715491769469025
path,5.3043135695203585,7.0725662494830335
path,5.305495102502553,7.0737037772204365
path,5.306736359255758,7.075088794022712
path,5.3079718626296515,7.076502898532312
path,5.309183298254936,7.077914206957706
path,5.310379038428826,7.079307355097517
path,5.311562390121182,7.080697971127515
path,5.312722348159765,7.082084355641681
path,5.313859574624409,7.083468667955969
path,5.314979208249473,7.084851221904649
path,5.316053118447756,7.086205730851639
path,5.3170913815682175,7.087552347461861
path,5.318122710866967,7.088899649982991
path,5.319151074131427,7.090247361630672
path,5.320148486208448,7.091591370408596
path,5.321111104844114,7.09291270236783
path,5.32204708198243,7.094230773503225
path,5.322940514818978,7.09554256836798
path,5.323800556765424,7.096852158479643
path,5.3246327685962,7.098156130245421
path,5.325442871122267,7.099446102056722
path,5.326242167210813,7.10073524042204
path,5.327026356986355,7.102022446968325
path,5.327786340829591,7.1033069101656
path,5.328549098480708,7.104593580737415
path,5.329301868266317,7.105871746106286
path,5.3300536957387985,7.107151065404424
path,5.3308075451656,7.108431247788586
path,5.331533986271825,7.109706834279033
path,5.332248069741361,7.110983488782933
path,5.332946807592891,7.112246832550293
path,5.333641612399408,7.11350928346261
path,5.334348277401112,7.1147749915809175
path,5.335056947830495,7.116040703802966
path,5.335758314701446,7.1173059637011935
path,5.336461122875249,7.118565934606628
path,5.337165351655717,7.119826576530042
path,5.337866880013307,7.121085549256708
path,5.339081742220861,7.122612694878118
path,5.340751950134189,7.124212298359991
path,5.342425419781387,7.1258033452748615
path,5.344095824758817,7.127391759117725
path,5.3457673347813985,7.128980799070754
path,5.347437484562168,7.130571788619438
path,5.349106301003798,7.132164192605449
path,5.350747197523219,7.1337339437307
path,5.352384238564956,7.135300005416841
path,5.35402296877996,7.136864326050761
path,5.355659576182695,7.138433700421662
path,5.357294848334105,7.140004849796337
path,5.358902026861462,7.141547326987105
path,5.360507422826582,7.143088978991493
path,5.362110938848946,7.144634719653394
path,5.363713556735332,7.146182092915327
path,5.365314284741762,7.147727596467631
path,5.366885571495524,7.149244784685743
path,5.368453710293888,7.150763860296939
path,5.370020192665421,7.152281099016805
path,5.371588437014515,7.15379639158725
path,5.373154490083147,7.1553159759523215
path,5.374700419885381,7.156821176067065
path,5.376245190583785,7.158319615396423
path,5.3777900092815125,7.159820137305016
path,5.379332644206473,7.161326464753776
path,5.380873761415352,7.162830891068683
path,5.382398804587117,7.1643176154450625
path,5.383920715058068,7.165808608826696
path,5.385442415725788,7.167294205933653
path,5.386963960131235,7.1687826663623495
path,5.388483511512662,7.170275226921482
path,5.390307584210839,7.172099628406071
path,5.392308964822571,7.17406635500997
path,5.394310392092538,7.17604067446699
path,5.396309174128743,7.178019687924064
path,5.398305683707031,7.18000275993717
path,5.400253242722122,7.1819368341544845
path,5.402192034817873,7.183867477275017
path,5.404129367673656,7.185793840123367
path,5.406066887431963,7.187721745324873
path,5.408001395313568,7.1896566094444365
path,5.409891256464236,7.191541212485747
path,5.411775302775572,7.1934238976747595
path,5.413659331529956,7.195308281314568
path,5.415540313251966,7.197199659219193
path,5.417411632541376,7.199054266869339
path,5.419209430987614,7.200814039052631
path,5.421001043744585,7.202565231359228
path,5.422792563138988,7.204316233155511
path,5.424582687100478,7.206068942437202
path,5.426371596761088,7.20782363332987
path,5.428121477872258,7.209551910318063
path,5.42987015897501,7.211272613973222
path,5.431617491735016,7.212994739212138
path,5.433363665472863,7.214718795098571
path,5.435108517959914,7.216444373843892
path,5.436801110308282,7.218128098516816
path,5.438490932188622,7.21980464553707
path,5.440179490502703,7.221482574438992
path,5.4418668284535405,7.2231619868027535
path,5.443551898619426,7.224843405417123
path,5.445193594419089,7.22649562593106
path,5.446833558939655,7.228135575968937
path,5.448471481985671,7.2297772930832425
path,5.450108886336898,7.231419464494841
path,5.451745156739792,7.233063103136727
path,5.453354716438228,7.234688513118908
path,5.454962541139278,7.236308778295768
path,5.456568501510131,7.237930607332384
path,5.458173631824509,7.239552479001215
path,5.459777890502823,7.241176363326563
path,5.461357367855872,7.242783055867793
path,5.462935063860454,7.244385001389515
path,5.464510860080057,7.245987784082323
path,5.466086171490464,7.247591873669032
path,5.467660394694152,7.2491973099288165
path,5.469614426806149,7.2512817160321195
path,5.471435550595972,7.253479115599567
path,5.473117731770959,7.255540547218727
path,5.4747986888292814,7.257595745058566
path,5.4764787433824305,7.259651870941728
path,5.478091445607817,7.2616371311564185
path,5.479699974905234,7.263610026933004
path,5.481307560582918,7.265583673111271
path,5.482912349269685,7.267558607021274
path,5.484515297919709,7.269534517059887
path,5.486078294282327,7.271462979566349
path,5.487639266636659,7.273386675131541
path,5.4891991678794465,7.275311001571827
path,5.4907579816980645,7.277235951877664
path,5.492315693318071,7.279161519639547
path,5.493810432289043,7.281018511675987
path,5.495300611638165,7.282864304451755
path,5.496789761616632,7.28471066717653
path,5.498277871563062,7.286557594003036
path,5.499764931816211,7.288405079582492
path,5.50122078202972,7.290218774823838
path,5.502675600244665,7.292030163326375
path,5.504129366394532,7.293842016261031
path,5.505582076367178,7.295654335625831
path,5.507033726419113,7.297467123171511
path,5.5084552103297595,7.299245252553677
path,5.509874752200003,7.301021316920694
path,5.511293277829642,7.302797854267772
path,5.512710783831928,7.304574863624866
path,5.514127267123776,7.306352344062424
path,5.515497128825735,7.3080780104827685
path,5.516864693738874,7.309797624592062
path,5.518231284163491,7.311517644657566
path,5.519596899236405,7.313238073000705
path,5.520961538156493,7.314958911673979
path,5.522301587076026,7.3166511359824495
path,5.523640133946383,7.318342198122889
path,5.524977742068418,7.320033673072665
path,5.526314410374032,7.32172556084398
path,5.527650137855398,7.323417861396164
path,5.528962275741807,7.325084066047402
path,5.530274124386084,7.326749690259538
path,5.531585030455352,7.328415633631732
path,5.53289499623053,7.330081903610746
path,5.53420402375261,7.331748506889299
path,5.535486856431376,7.333384213339455
path,5.536768135916177,7.335018373770926
path,5.53804852393357,7.336652883572001
path,5.539328021210561,7.338287745622856
path,5.540606628387856,7.339922962488797
path,5.541856695649561,7.341524320754958
path,5.54310511609389,7.343123707654217
path,5.544352693912886,7.34472345779113
path,5.545599428788473,7.34632357094753
path,5.546845320419959,7.347924046889293
path,5.548072669144547,7.349504425787603
path,5.549299718233309,7.351083988832268
path,5.55052591696927,7.352663823299246
path,5.551751268028487,7.35424393661468
path,5.552975773813266,7.3558243354593715
path,5.5541757392220035,7.357375252094816
path,5.555374347733796,7.358924826866068
path,5.556572153936822,7.360474703073522
path,5.557769158906656,7.362024883805025
path,5.558965363602538,7.363575371819989
path,5.5601438411452095,7.365104557872875
path,5.561321311377831,7.366633360311623
path,5.56249800819165,7.36816247273992
path,5.563673931989006,7.369691896363739
path,5.564849083109465,7.371221632238623
path,5.566009603269335,7.37273382799991
path,5.567169233461261,7.374245925929081
path,5.568328111185773,7.375758334189849
path,5.569470154422333,7.377267100618597
path,5.5706425183026305,7.378794168144008
path,5.571807194080891,7.38030463365037
path,5.572982624509041,7.381822600683733
path,5.574169045762489,7.383348997713074
path,5.5753663804253515,7.384883798479075
path,5.576574550552725,7.3864269741082955
path,5.577780344277438,7.3879620921422235
path,5.578996414608874,7.38950481909096
path,5.58022285600601,7.391055642308783
path,5.581459590110537,7.3926145242013295
path,5.582706537725227,7.394181424832856
path,5.584202729259077,7.396221579061139
path,5.585944110034698,7.398519515137886
path,5.587749038828758,7.40076598831094
path,5.58957317604745,7.4030242779096485
path,5.59141656753906,7.4052979433126085
path,5.593235246622639,7.407535852588514
path,5.595051849844617,7.409775176696401
path,5.596869378793232,7.412014575312164
path,5.598684637366504,7.414255178944979
path,5.600497624866559,7.416496984664828
path,5.602297917982365,7.418793559510695
path,5.604133919416256,7.421234978492442
path,5.605966809296059,7.4236778586163155
path,5.607796586713869,7.426122198579876
path,5.609623250786125,7.428567996977625
path,5.611387853731314,7.430937018875231
path,5.61314900134662,7.433305760322508
path,5.614907235656104,7.435675861481414
path,5.616625972063519,7.4380352663433325
path,5.618190984828836,7.440294188922268
path,5.619696882543538,7.44245350885185
path,5.621191564129835,7.4445737208449145
path,5.622673256541484,7.44666079065
path,5.624144191884018,7.448712697494074
path,5.6256017210760945,7.450733380732919
path,5.627014609521212,7.452684685542894
path,5.628424656844965,7.454608418247327
path,5.629833088169333,7.456532261116908
path,5.631240104901211,7.458456912030957
path,5.6326457074702105,7.460382378656751
path,5.634018486947989,7.462268043576476
path,5.635388638203626,7.464150033732752
path,5.636757452656495,7.466032856384282
path,5.638124928931041,7.467916512401609
path,5.639491065680823,7.469801002520724
path,5.640827925842816,7.471651038527636
path,5.642162162434693,7.473497219964981
path,5.6434950870695015,7.475344117484574
path,5.644826701169808,7.477191739499841
path,5.646157005905023,7.479040093514055
path,5.647464818565567,7.480860737875785
path,5.648770847082008,7.482680245987882
path,5.650075615465752,7.4845004946035685
path,5.651379123458273,7.486321486137639
path,5.652681371027709,7.488143223803718
path,5.653949704854118,7.48992408826795
path,5.655215143707647,7.491699591167407
path,5.656479365531367,7.493475734790084
path,5.657742372116098,7.495252527691397
path,5.6590041649801535,7.497029977515273
path,5.660242827651787,7.498778275496951
path,5.661479788245469,7.5005252505075415
path,5.662677731558895,7.50233689357987
path,5.663930529335098,7.504113569902855
path,5.66519458407491,7.505887207576397
path,5.666449972559897,7.507643676420552
path,5.6677167234491606,7.509409057125819
path,5.668995206520343,7.511185024829839
path,5.670285310125928,7.512971471294385
path,5.671586084512499,7.5147676020945635
path,5.6728669839856884,7.516537256548979
path,5.674145868972441,7.518305842360361
path,5.67543447163675,7.520072203465116
path,5.676740776035217,7.521829150086057
path,5.678043821299362,7.523586523708544
path,5.679782637839829,7.525791117990454
path,5.681718378680326,7.528409753684819
path,5.683648667715762,7.531033150049463
path,5.685577534117904,7.533652661188672
path,5.687502242324307,7.536271188060238
path,5.689371678060841,7.538835590850545
path,5.691237251625943,7.54138310873715
path,5.6930971159057595,7.5439302668237485
path,5.694955251890218,7.546476166585561
path,5.696807242344758,7.549021520643702
path,5.698582434355311,7.551496168828863
path,5.700348321945652,7.553931879628041
path,5.702111965844254,7.556369812875413
path,5.703871494608234,7.558805596088529
path,5.705627515341305,7.561240420345033
path,5.707328911853369,7.563615585239202
path,5.709027192597446,7.565972338073965
path,5.710722155868984,7.5683305270988965
path,5.712413795924305,7.570690060725376
path,5.714103746685407,7.573048152196745
path,5.7157075475187495,7.575334221478285
path,5.7173107499353515,7.577578840811013
path,5.718909471014208,7.579823471570216
path,5.720506552129198,7.582066370930842
path,5.722099279275227,7.584309302096021
path,5.7236407682756,7.586497238231893
path,5.7251744157558475,7.588664117399996
path,5.726706920354342,7.590833969325986
path,5.728235917512829,7.593001015999121
path,5.729761820794196,7.59516671094389
path,5.731244856085613,7.5972875292897175
path,5.7327229568832765,7.59939121318591
path,5.734197732819367,7.6014937917275365
path,5.735670303708903,7.603595980551051
path,5.737142642418117,7.6056967530083535
path,5.738569901685114,7.607755558853792
path,5.739996892884006,7.609801572104897
path,5.741423715428529,7.6118462768098105
path,5.742844612596654,7.6138943552952085
path,5.744264736597198,7.61593943367095
path,5.745650227997621,7.617941804424495
path,5.747029849015058,7.6199389356083795
path,5.748409077266016,7.621933136830895
path,5.74978566657918,7.623926623994188
path,5.751159918104295,7.625919273911306
path,5.7525019564181195,7.627877554864033
path,5.753840580512755,7.629824163634169
path,5.755178380361893,7.631770585415026
path,5.756513005546833,7.633716097912802
path,5.757844917001224,7.635658925163308
path,5.759148145153236,7.637558208584576
path,5.76044308067925,7.639424992031337
path,5.761727725742394,7.641272118927281
path,5.763005635692833,7.643093968993327
path,5.764274680981866,7.644893971732198
path,5.765498277044214,7.646660934881547
path,5.766677125110462,7.648415513465805
path,5.767787416788321,7.650187201231952
path,5.768789205976659,7.651986404214346
path,5.7696836348146565,7.653819642807903
path,5.770574287747986,7.655613396968323
path,5.771488040286043,7.657359226844168
path,5.7724258661826875,7.659078734254748
path,5.773379978603354,7.660770381917169
path,5.774350964991478,7.6624391509542
path,5.775317322891233,7.6640853531025295
path,5.776282658868536,7.665720141430644
path,5.777249666069333,7.667349281659875
path,5.77821408249438,7.668978688059323
path,5.779178574048439,7.670603363505616
path,5.780130375793947,7.672217918803304
path,5.781084706017184,7.673826040661672
path,5.7820363786600115,7.675431446461946
path,5.78298701499917,7.6770340041797
path,5.783939471087222,7.678636384490822
path,5.785278565985645,7.68079912615855
path,5.786728193486427,7.683212057292137
path,5.788176282234591,7.685628681035799
path,5.7896263763510945,7.688044026675186
path,5.791076690003837,7.690458215540037
path,5.792483243218748,7.692845572387337
path,5.793887525446733,7.695242573374388
path,5.795281123917127,7.697703580914071
path,5.796691392684893,7.7002126818604415
path,5.798099163805052,7.702798317939928
path,5.799404798154701,7.70546650090571
path,5.80076395316268,7.708155253668574
path,5.802129576427262,7.710900133149614
path,5.803500416911681,7.713686792582216
path,5.804888445742913,7.716471530491988
path,5.8062500006487,7.719169148361934
path,5.807596893956503,7.721865498346896
path,5.8089415385276455,7.724564013844077
path,5.810287366502369,7.727261700167771
path,5.811633743251783,7.729960130519867
path,5.81294136776672,7.732567331594888
path,5.814235202552605,7.735169843945642
path,5.815532273628063,7.737776013103407
path,5.816824106811766,7.740383461068425
path,5.81811891084593,7.742990001118804
path,5.819389376499117,7.745540295290021
path,5.820649022672949,7.748090048008127
path,5.821924037726338,7.750647822350852
path,5.823200190011041,7.753209481910706
path,5.824474676461463,7.755769064250068
path,5.825722803164448,7.758264122050138
path,5.826964171286225,7.760762173807111
path,5.828203986221722,7.763258544856731
path,5.8294442326000295,7.765754269200614
path,5.8306841252704436,7.768255776653005
path,5.83189664035253,7.770696576958978
path,5.833104420310649,7.773133928491574
path,5.834312057955952,7.775571397395934
path,5.835519660217996,7.778011573042949
path,5.836726957378437,7.780451764946329
path,5.837909006458853,7.782837020887965
path,5.839085910080148,7.7852222814527
path,5.840263311436999,7.787609279740729
path,5.841443631454296,7.789994757109032
path,5.842619947237533,7.792383886476003
path,5.843775361786853,7.794724306852233
path,5.844929681602944,7.797065399455977
path,5.8460806149821245,7.799409125349151
path,5.847234050933541,7.801749469589211
path,5.848386719764472,7.80409163062814
path,5.84951706613656,7.806384912517241
path,5.850648623170515,7.808679442165125
path,5.851774386712341,7.810975771424252
path,5.852903641506147,7.81327294674455
path,5.854032173980497,7.815570584758411
path,5.855134703015758,7.817814049574207
path,5.856233894274733,7.82005686341112
path,5.857335979785361,7.8223023192727625
path,5.858437297383929,7.824545518589937
path,5.859532567730783,7.826789460277255
path,5.860606905713324,7.8289853683162685
path,5.861679807579544,7.83118274718817
path,5.862752607338515,7.833377676034222
path,5.863828379866087,7.835573474806113
path,5.864897732359737,7.837769575203262
path,5.86649918640967,7.840441915272858
path,5.868475846857859,7.843502158943182
path,5.870410020780279,7.846759617963834
path,5.872296186887559,7.850203912728155
path,5.874146318707689,7.8538321006608545
path,5.875907448533894,7.857449319100363
path,5.87765512258351,7.861064627124353
path,5.879405651149342,7.864680984707165
path,5.881154955658852,7.8683009717743335
path,5.882914168824085,7.871912913414941
path,5.88457837110102,7.875322204257438
path,5.886222286502884,7.878730994854224
path,5.887858341002407,7.882141513020797
path,5.88949692402114,7.885554283232625
path,5.891132388312143,7.888969056624397
path,5.892702696168398,7.892205331328176
path,5.894255743040817,7.895449268070263
path,5.89581323149662,7.898695430411657
path,5.897501772658869,7.902075927757982
path,5.899424800094345,7.905562300043491
path,5.901411818939724,7.908994507410524
path,5.903401998533908,7.912414954167134
path,5.905393034564539,7.915828471488702
path,5.907379895123579,7.919245204637155
path,5.909362425800096,7.922665511257318
path,5.9112330485784295,7.925942746524467
path,5.913106750032846,7.92920796764584
path,5.914980092555458,7.932470031555568
path,5.916849531127994,7.935735453704885
path,5.9187150664915675,7.939004253428424
path,5.9204774448009125,7.942141528335303
path,5.9222417611161,7.9452685207695195
path,5.924002242261759,7.948397300397131
path,5.925722592494712,7.951536167821401
path,5.927451465874379,7.954663271728743
path,5.929150929320608,7.95770853680583
path,5.9308499647191875,7.960750636856047
path,5.932545802172023,7.963795733414185
path,5.934238426376501,7.966843831173806
path,5.935927823153061,7.969894934346324
path,5.937525235298967,7.972799638524976
path,5.939118615212089,7.97570150254991
path,5.940708965689566,7.978606058942353
path,5.942296036730621,7.98151320306389
path,5.943879766129118,7.984422911025974
path,5.945432173586625,7.987279039275357
path,5.946974371119709,7.990134575648071
path,5.948506415107253,7.992989539931994
path,5.950028252224832,7.995843892343323
path,5.9515398297233,7.998697592957182
path,5.953008944918583,8.00146933225289
path,5.954457402947627,8.00423718236953
path,5.955903119183671,8.00700656317803
path,5.957346497439533,8.009777269210511
path,5.958787537102296,8.012549300441123
path,5.960203394874976,8.015252108304571
path,5.961600615292293,8.01795097680749
path,5.962995618605356,8.02065109736947
path,5.964388404649036,8.023352469908303
path,5.965778973255622,8.026055094291259
path,5.9671492937721675,8.028691866578136
path,5.968505411115227,8.03132300439667
path,5.969864396791301,8.033942647316174
path,5.971226111057817,8.036549519739124
path,5.972587193053086,8.039124898908131
path,5.9739035268382725,8.04163535824934
path,5.975219929028902,8.04410823391437
path,5.976533574453692,8.04655074657455
path,5.977836944614867,8.048979204604144
path,5.9791211331677685,8.051411747668427
path,5.9807531273109475,8.054449314886728
path,5.982510093877484,8.058005429535559
path,5.9843886703391185,8.061648328746799
path,5.986317728091031,8.06522543600336
path,5.988248647799624,8.068737177180543
path,5.990311201969601,8.072460411942084
path,5.992381537892911,8.076222557793313
path,5.994449653575295,8.079991383038104
path,5.996511399177444,8.0837616684471
path,5.998553988963201,8.087594346029453
path,6.000523837158231,8.091352375683117
path,6.002506109571887,8.095219317538362
path,6.004490288378992,8.099095196024578
path,6.006469474183406,8.102975116369894
path,6.008443641056728,8.10685908556488
path,6.010297101334819,8.110548696078556
path,6.012144632153564,8.11420811271966
path,6.0139876517105755,8.117871137367997
path,6.015826143842796,8.121537772784697
path,6.017660093510964,8.125208021272757
path,6.019398957210202,8.128714978073505
path,6.021128776732321,8.132200736935577
path,6.02285447984555,8.135689686740227
path,6.024576056432985,8.139181833959455
path,6.0262934969313715,8.142677184323222
path,6.027976427598341,8.146118605804958
path,6.029654205759433,8.149555403580717
path,6.031327985529405,8.152995361509085
path,6.032997758200506,8.156438477244427
path,6.034663515486769,8.159884748553164
path,6.036259947530615,8.16321930742572
path,6.037841743143552,8.166489797058581
path,6.039402119870816,8.16969873384573
path,6.040938834740769,8.17291069102762
path,6.042487407902721,8.176086571024948
path,6.0439879033298185,8.179223048894015
path,6.045481707232626,8.182315040500047
path,6.046971287949018,8.18538152577639
path,6.048458771513399,8.188443442576247
path,6.0499395517320504,8.19150267190981
path,6.051358186250508,8.19450490209519
path,6.052750864242405,8.197460188695192
path,6.054146264601033,8.200375235265442
path,6.055537731733525,8.203279699169435
path,6.056925208916486,8.206181131330913
path,6.058274687998408,8.20905559537194
path,6.0596217823957925,8.211900326922965
path,6.060968764376201,8.21474035121772
path,6.062309169347178,8.217576169655176
path,6.063647921818567,8.22040530500858
path,6.0653141564613415,8.223689823411801
path,6.067245023130988,8.227657535173147
path,6.069157124982731,8.231699205770648
path,6.071064877758921,8.235755031387681
path,6.07296631740536,8.23980425901332
path,6.075223245172424,8.244361820843586
path,6.07775146455769,8.249614739805613
path,6.080254767132989,8.254972242746577
path,6.082744204220515,8.26034443013472
path,6.085227966997097,8.265723974842263
path,6.0875954696961525,8.271025840843233
path,6.089882763990643,8.276250568823885
path,6.09215961802283,8.281409943667965
path,6.094470115419183,8.28652372699546
path,6.096779946567003,8.29162336481613
path,6.098944609589724,8.296527120488633
path,6.10101239903613,8.301286248443455
path,6.103070406032033,8.305969842743938
path,6.105124624430046,8.31061061424731
path,6.107172092776863,8.31521176959064
path,6.10908513475202,8.319684897025134
path,6.110940432497098,8.324026770852507
path,6.112799159982025,8.328311875231874
path,6.114651907151423,8.33256160144839
path,6.116503356738421,8.336799809568094
path,6.118257212243264,8.340948963700697
path,6.119983065758059,8.34502735260706
path,6.121711768066245,8.349059697658985
path,6.123436659702387,8.353072328565776
path,6.125158026281965,8.357081463596813
path,6.126783829281388,8.360998622357702
path,6.128384182273797,8.364843385304887
path,6.129981862872434,8.368640637821114
path,6.131580180964564,8.372419871602697
path,6.133174699813654,8.376199248023147
path,6.134671714921216,8.379898344824674
path,6.136166674114414,8.383536670066869
path,6.137661649983191,8.387139862544487
path,6.139154489781782,8.390729136735747
path,6.140644977854516,8.394319891479945
path,6.142054691388073,8.39784274108132
path,6.143463006279636,8.40131364021163
path,6.144870995002655,8.404754484995424
path,6.146277426256434,8.408184723584542
path,6.147679220297229,8.411614521958095
path,6.149020037042655,8.41499899837328
path,6.15035336446562,8.418330590153017
path,6.151686699823979,8.42163455215699
path,6.153015548792008,8.424931700505885
path,6.154342852640588,8.428226986991858
path,6.1556487085465195,8.431502227334837
path,6.156951436922907,8.43476524800883
path,6.158252513490575,8.438024492297217
path,6.1595501912363275,8.441283724896257
path,6.160842661259579,8.444544124012989
path,6.162057538941721,8.447733753443982
path,6.1632655270893055,8.450872452028616
path,6.164480012713708,8.453974167047226
path,6.165687321557379,8.457066648553806
path,6.166895824127648,8.460155478730515
path,6.1680676324220665,8.463214512157812
path,6.169233463883998,8.466240916885944
path,6.170402434364696,8.469256725284996
path,6.171567743937386,8.472270358043579
path,6.1727295301932825,8.475285263338941
path,6.173848659054025,8.478264325390562
path,6.174959042980966,8.481191869508425
path,6.176062751352532,8.484061439212434
path,6.17711275305491,8.486863559585824
path,6.178141757687824,8.489601196361015
path,6.179157651523185,8.492275402291114
path,6.1801805204932485,8.494898442540924
path,6.181209473268543,8.497498491984734
path,6.182237252622462,8.50009428621031
path,6.183261996553874,8.502690957609632
path,6.1846227955632145,8.506121916323663
path,6.186165452170656,8.51068008511421
path,6.187907354519927,8.515612969425803
path,6.1898883415169115,8.52061030906291
path,6.1918832683647675,8.525622930996825
path,6.193863612844861,8.530625616801922
path,6.195830151770334,8.535623285200392
path,6.197784506138989,8.540620846079332
path,6.199725391713621,8.545620538323268
path,6.201652958865437,8.550623075956572
path,6.203377623574172,8.555489506084632
path,6.204973136390294,8.560233487964988
path,6.2065522444811725,8.564874414569225
path,6.208183590265809,8.569426314676125
path,6.209854026368059,8.573898184435432
path,6.211379343029036,8.578239203433808
path,6.212837167956829,8.582466919531203
path,6.214334289844608,8.586600556646308
path,6.215843332197815,8.590677940376425
path,6.217347976541407,8.594742426300487
path,6.218750624424566,8.598716915181477
path,6.220155867054522,8.602598466585539
path,6.221560712111513,8.606439871781069
path,6.222961788441134,8.610273499148299
path,6.22435879056621,8.614108056128616
path,6.225793342765063,8.618062494645613
path,6.227228303161285,8.622025397693601
path,6.228659341473512,8.625988485647143
path,6.2300855778904625,8.62995259356358
path,6.231507460911903,8.633918704911835
path,6.232795977466951,8.63777966218159
path,6.23407694468769,8.641531231512529
path,6.235375020721197,8.645214336266388
path,6.236670084547871,8.648876499896119
path,6.2379614145496785,8.652538003824906
path,6.23917846407757,8.656115998081708
path,6.240371274058839,8.659595432868667
path,6.241563698840967,8.663035624846447
path,6.242754417188314,8.666473206532835
path,6.243940236470833,8.669912896522888
path,6.245069575093342,8.673286933399382
path,6.246202819611946,8.676604540095282
path,6.247335814331283,8.679914304958933
path,6.248463484978483,8.683224420478727
path,6.249588092771341,8.686534855017788
path,6.2507249058727865,8.689898467864944
path,6.251860947582768,8.693262899072092
path,6.252991277253421,8.696628077202382
path,6.254119963047607,8.699994576303842
path,6.255246527265702,8.703361097634897
path,6.256302179983632,8.706647393966714
path,6.25736718223364,8.709869855485847
path,6.258429717682119,8.71307939108453
path,6.259488672958941,8.716289406490025
path,6.260546554899953,8.719499969459685
path,6.261552281319261,8.72264692654271
path,6.262561576948346,8.725745558644876
path,6.263571599369482,8.728838090448699
path,6.264576616282378,8.731930862489897
path,6.265578383221072,8.7350255121672
path,6.2665459517152,8.738066706430402
path,6.267514966948422,8.741077512136362
path,6.268474447279101,8.744085500003035
path,6.269415218557626,8.747070518154198
path,6.270351877368394,8.750055213495058
path,6.271382575162396,8.75362926968789
path,6.272535108638837,8.757718875212836
path,6.2738069996823755,8.761830721413473
path,6.275078746026085,8.765945097677154
path,6.276343536034907,8.770060368856415
path,6.277793069596496,8.774891785285561
path,6.279318262237295,8.780594511420956
path,6.281008463946991,8.786563000201825
path,6.282797591025288,8.792548687350083
path,6.284588684539416,8.798542127895256
path,6.286211567418663,8.804390728376356
path,6.287761391491939,8.81008045601727
path,6.289338687623936,8.815642838983585
path,6.2909247822885215,8.821124920810117
path,6.292510494696746,8.826596055417859
path,6.293850408392183,8.831874397098064
path,6.295090689218284,8.836981836011558
path,6.2963374675017585,8.84191492597592
path,6.297630038418234,8.846722201904752
path,6.29892890134176,8.8514352543958
path,6.300106140829541,8.855992630746792
path,6.3012655686952845,8.860405503051489
path,6.302438778489751,8.864710516972693
path,6.303617816058452,8.868989594573867
path,6.3047937317162965,8.873270732651086
path,6.305957077024271,8.8775948093231
path,6.307127422276698,8.881921068852497
path,6.3082966135143685,8.886249621165316
path,6.309450355610829,8.890576716871967
path,6.310603061359084,8.894905494129244
path,6.311668053907323,8.899125637973539
path,6.312711750053711,8.903224017127899
path,6.313756880211304,8.907275531890843
path,6.314789587949259,8.91129919742285
path,6.3158019126116045,8.9153097383508
path,6.316711995389286,8.919181521355792
path,6.317618100829789,8.922900640509466
path,6.318509855112253,8.926522708452277
path,6.319396705371414,8.930134486326114
path,6.320278612254568,8.933746649396623
path,6.321128028998588,8.937266474377564
path,6.321956565991579,8.940706441680414
path,6.322780937391035,8.944140451658017
path,6.3236011092251,8.947574812036592
path,6.324417120344875,8.951009531932117
path,6.325264102840608,8.954939849581093
path,6.3261951791719735,8.959087334254813
path,6.327164392447357,8.963238992236983
path,6.328127555341556,8.967391234038816
path,6.329084669698449,8.97154406138104
path,6.330008540019774,8.975611836732318
path,6.330915952028733,8.979599472529252
path,6.331816153963939,8.98358080911958
path,6.3327107878063575,8.987562602398732
path,6.333599856130952,8.99154485874174
path,6.334421909152684,8.995397311410402
path,6.335233558131935,8.999103013066721
path,6.336028368992928,9.002729676780238
path,6.336817982508042,9.006354005401827
path,6.337602984363116,9.00997871845721
path,6.338413772579452,9.013819975413513
path,6.339240077694298,9.017683388464174
path,6.340061157467233,9.021547256847361
path,6.34087701387835,9.025411582280087
path,6.341687648704431,9.0292763659905
path,6.342467198075975,9.033048772960116
path,6.343229104658403,9.036722990093418
path,6.343983342465441,9.040387163731713
path,6.344732836011803,9.044051659413011
path,6.345481496461511,9.047720490158545
path,6.346201972633187,9.05130433606377
path,6.346908433558086,9.054825441106408
path,6.34761011178852,9.058346151112064
path,6.3483074582092485,9.061867153477554
path,6.349000474790421,9.06538845510704
path,6.349674127411641,9.068823655748218
path,6.35032920709387,9.072190811569616
path,6.350979513651795,9.07555734871112
path,6.351625860916214,9.078924142179305
path,6.352268250912128,9.082291198317629
path,6.352922909084008,9.086050104705974
path,6.353638088814668,9.089931658248641
path,6.354363805046029,9.093814746024863
path,6.355084273468019,9.097698223715078
path,6.355799495232171,9.101582093100772
path,6.356501629775703,9.10538667121504
path,6.3571836008953335,9.10914466274863
path,6.357860657926171,9.11290304419067
path,6.358532803172858,9.116661816515187
path,6.359200037657505,9.120420977529628
path,6.359846892041428,9.124093572730711
path,6.36047941307825,9.12770136791968
path,6.361105006831344,9.131305846024198
path,6.361726090165425,9.13491055567277
path,6.36234266395873,9.138515505789403
path,6.362945684998461,9.142036727659752
path,6.363530641713271,9.145505922374381
path,6.364111401783417,9.14897522756136
path,6.364687970617702,9.15244480505475
path,6.365260350419307,9.15591465652366
path,6.3661813845099084,9.160209357083247
path,6.367167203695112,9.16558266625073
path,6.36808509952625,9.171415442029778
path,6.369002153931723,9.177214320018134
path,6.36980393591971,9.182775699634714
path,6.37084179980593,9.189121032631776
path,6.3718441559529175,9.196555038216552
path,6.372769057385359,9.204240668780153
path,6.373686166101363,9.211932652069544
path,6.374573225386261,9.219617940564406
path,6.3752786948914375,9.227051477941593
path,6.375825485923547,9.234174015191702
path,6.376350541538211,9.241010530436986
path,6.376957480980718,9.247629722186197
path,6.377698814031351,9.254062338723793
path,6.378502078226323,9.260691005218742
path,6.379383215067158,9.267388616876493
path,6.380316611669807,9.27415497457788
path,6.381231780652937,9.281095661276371
path,6.382132675698932,9.288035711819438
path,6.383019701497425,9.29548862991363
path,6.383906861084676,9.303505395773392
path,6.384881978897771,9.311555512560679
path,6.385838787989102,9.319605251491078
path,6.386774440584723,9.327652680778678
path,6.387456889503352,9.335391511076605
path,6.387936813094502,9.342818267513358
path,6.388292851244725,9.349934623832722
path,6.388644576669323,9.356774150833607
path,6.389105393370167,9.363377774531058
path,6.389442794278427,9.369643065802203
path,6.3896018468842914,9.375534239122882
path,6.389844947689799,9.38091401202545
path,6.3902181085820144,9.386044307188165
path,6.390601540789822,9.391149673226055
path,6.391014047790496,9.396673718820418
path,6.391440530364943,9.40274458715919
path,6.391862014185813,9.408865997130762
path,6.392268700995013,9.414985669815117
path,6.392661029287565,9.421103911693578
path,6.393376526180895,9.427925237128834
path,6.394177338616062,9.435629882739269
path,6.394784152200838,9.443986321522257
path,6.395268229170025,9.452985368149337
path,6.395731975986515,9.462254788628222
path,6.396166047929145,9.471520991687251
path,6.396561866067276,9.480821424804088
path,6.396908509135958,9.490237840710092
path,6.397223777267714,9.499651456654146
path,6.397507700695324,9.509062279844523
path,6.397633533846596,9.5181519230064
path,6.397808294674284,9.526820304343303
path,6.397990132123867,9.535182252664619
path,6.398143233713682,9.543523067935794
path,6.398266182065531,9.551859004570264
path,6.398360917340384,9.560554760202383
path,6.398400208669109,9.569811027437574
path,6.398437623271981,9.579200717231064
path,6.398457271179878,9.588587940420854
path,6.398416051932249,9.597929084290586
path,6.398173484906646,9.607144251844442
path,6.397835985704552,9.616358503305031
path,6.397468007413119,9.625571276002816
path,6.396921881274521,9.634602550250424
path,6.396196020268642,9.643542597056381
path,6.3956636688268675,9.651886717300952
path,6.395217104650126,9.65971610982635
path,6.394698446252524,9.667098534903442
path,6.394028246682084,9.67436475690423
path,6.39325808398851,9.681625159310329
path,6.392690569108684,9.688440013943154
path,6.392103779292277,9.694774598359421
path,6.391420570722122,9.700913986856142
path,6.390709637338166,9.70705130081441
path,6.3899855774099965,9.713187455621949
path,6.389563810949028,9.719915141252802
path,6.389152676815091,9.727227629450171
path,6.388481269351923,9.734904354747504
path,6.387548508377022,9.74294300199819
path,6.3864943144938575,9.751221014864417
path,6.3853831865777355,9.759754977340283
path,6.384229072640762,9.768516292758129
path,6.383336884372657,9.777150755467671
path,6.3826847495530314,9.78565895986866
path,6.382227486628222,9.7940759398791
path,6.381690793958166,9.802715592609063
path,6.380878567232422,9.811626231222329
path,6.38012403829564,9.820480123352086
path,6.379579251861859,9.82910049485016
path,6.379137481271566,9.837519841677189
path,6.3784228525917515,9.846121494867651
path,6.3774263021775415,9.855012817979311
path,6.3765730744169336,9.863759468622638
path,6.37585330894185,9.872261214173369
path,6.375226345637114,9.880546538648648
path,6.374536865152018,9.889168718354746
path,6.373493488852049,9.89813549705531
path,6.3725165980357765,9.907072064540873
path,6.3717067883497,9.915880603109306
path,6.370931107183895,9.924491403193151
path,6.370162054741559,9.933305920110737
path,6.369138500314926,9.942461399627804
path,6.368143185970763,9.951704356351845
path,6.367349563853123,9.960891728852037
path,6.366693153740239,9.97000756203051
path,6.365904519072377,9.979323493612775
path,6.364711478928899,9.988951246080687
path,6.3634959265027655,9.998677563194065
path,6.3623803073571965,10.008404036368988
path,6.3613205211426855,10.018104603942913
path,6.3605435603557785,10.02749026102946
path,6.35990940905848,10.03670564798692
path,6.3593206602069445,10.045819160665044
path,6.358757623535458,10.054852709055682
path,6.358209606257841,10.063816494939369
path,6.35762610930392,10.072750490418239
path,6.357383981978782,10.081334380993733
path,6.357490738801065,10.08957823523478
path,6.357831820623841,10.097581264817515
path,6.358359944322099,10.105382601270447
path,6.358696647457588,10.11337422083958
path,6.358565748450723,10.121656875058104
path,6.3581937294762,10.130060243268575
path,6.358003081130701,10.138292971226926
path,6.357958784194828,10.146418128231298
path,6.357768103911468,10.15481102753096
path,6.357182747353126,10.163475327770154
path,6.356341499576833,10.17240413699938
path,6.355461708093094,10.181490666085937
path,6.354844777322778,10.190528005466364
path,6.354659017248564,10.199400058754307
path,6.354962175019434,10.208520890351611
path,6.3554829854324035,10.217824890255944
path,6.356129971496211,10.22730126599426
path,6.356790822254498,10.236820056821013
path,6.357360857857372,10.24581598835948
path,6.357699672617671,10.254223271496079
path,6.358097468479533,10.262373398564614
path,6.3586974196568775,10.270430853643855
path,6.359345634130972,10.278378098709345
path,6.3597380495245455,10.286044185106698
path,6.360138316962581,10.293615264168126
path,6.3605558414265255,10.301087364759775
path,6.361025378168308,10.308306266177386
path,6.361724358978848,10.315154420359857
path,6.362762612863318,10.32172944520003
path,6.364135502405448,10.32803932334905
path,6.365834425874892,10.33406609522854
path,6.3678188310319594,10.339784233069462
path,6.370076092236562,10.345181475683011
path,6.372619369247857,10.350306976417713
path,6.375325429403058,10.35522190652616
path,6.378055350752172,10.360015353782979
path,6.380784270275146,10.364726598322692
path,6.383512317025252,10.369354169600946
path,6.386239953134463,10.373879354161394
path,6.389008894003945,10.378286837266923
path,6.391803320578183,10.382585021927934
path,6.3945970427228565,10.386855836349808
path,6.396589051097917,10.39274191795184
path,6.398023652914813,10.399473601930431
path,6.3988817725565665,10.406929632429655
path,6.399224638417384,10.415151240394296
path,6.399582767689826,10.423436328777925
path,6.400822695062837,10.431625357395115
path,6.402122226495966,10.44023758429687
path,6.403455628434859,10.449270119981444
path,6.405009722326039,10.4584418766164
path,6.406780206757999,10.467752451609254
path,6.40876616627972,10.477201076141768
path,6.410626097795828,10.486780943558582
path,6.411586151485713,10.496607883803481
path,6.412550584450947,10.50671834660431
path,6.413521372309484,10.51700899583057
path,6.41451469293628,10.527476664859837
path,6.415311187793557,10.537989396776622
path,6.4156729884718,10.548302660722973
path,6.416130184812293,10.558416908136481
path,6.41684623372541,10.568616682614124
path,6.417816469325766,10.578889988384507
path,6.418958749264537,10.589217711516465
path,6.4203191712809256,10.599645061862052
path,6.4218944521430465,10.610170281437496
path,6.423682736531423,10.620791952649453
path,6.42567869328316,10.631507033414133
path,6.427066017057542,10.642404395175785
path,6.428481023834849,10.65346096000048
path,6.429909797572048,10.66465271915076
path,6.431364079372769,10.675977490725336
path,6.4328449054210095,10.68736908729355
path,6.434342695595777,10.698748529641344
path,6.43584810632646,10.710181382026786
path,6.437342692220313,10.721650788041844
path,6.438802885891031,10.733119784436028
path,6.44023495840425,10.74459317048056
path,6.4416208404606845,10.756004226294008
path,6.442821578508694,10.767288967081578
path,6.443781977484993,10.778327870156918
path,6.444506050569355,10.78909552131036
path,6.445003912082987,10.799595563069108
path,6.445412997426353,10.809934768656538
path,6.445491458081525,10.81999387812133
path,6.445828591567222,10.829575736606007
path,6.4464879680059015,10.838576938888671
path,6.447176783179854,10.847187318836815
path,6.447997758270952,10.855642391519899
path,6.448816065830031,10.863707232018362
path,6.449652309067879,10.87137312819023
path,6.450448918890024,10.878771977179037
path,6.451095782590084,10.886102696245283
path,6.4518541617724,10.89352532841171
path,6.452495014637619,10.900797277289977
path,6.45299020960476,10.907984798781902
path,6.453373861551559,10.915250363708076
path,6.453665948231581,10.92262240159389
path,6.4541181801381144,10.930408796427953
path,6.454659029696606,10.938148079663891
path,6.455175814439797,10.945880578475483
path,6.455669566292826,10.953624896230508
path,6.456135790548453,10.961390965764163
path,6.456766408930387,10.969425239352542
path,6.457383731642064,10.977440916437635
path,6.457946428878474,10.985454851025146
path,6.458474831374873,10.993436859092958
path,6.458932196410407,11.001431481462486
path,6.459539905608725,11.009794655786495
path,6.459965372383774,11.018276396165996
path,6.460181088359582,11.026823860281034
path,6.460275110659526,11.03542775546189
path,6.460334408721845,11.044055031259425
path,6.460490480739009,11.05313895939294
path,6.460816949076963,11.062224145288388
path,6.461193241784525,11.07127245981588
path,6.461590650026618,11.080342728589054
path,6.461971846721718,11.089418437617077
path,6.46257404777485,11.09880213554822
path,6.46331567650281,11.108386849372087
path,6.46399201545449,11.118357072439997
path,6.464484195175353,11.128304375204639
path,6.4647886323794905,11.138223778456993
path,6.46501431480279,11.147962302718897
path,6.465285170723426,11.157454455605816
path,6.465547706231556,11.166777820049042
path,6.465816290372664,11.176074851800088
path,6.466106393714554,11.18536491069813
path,6.466266627360874,11.194105921278666
path,6.46646413777405,11.202498353280978
path,6.466706931214673,11.21067699295721
path,6.466970827338287,11.218825245051432
path,6.467254637173711,11.226965768887597
path,6.467468254278374,11.235635235523203
path,6.467444924844443,11.244805836711596
path,6.467313942886316,11.254071568615604
path,6.467108164779578,11.263378686032778
path,6.46684255703558,11.27271703340216
path,6.466678556851901,11.282183656788057
path,6.466657697270143,11.291710269034573
path,6.466570739053475,11.301284835933227
path,6.466428572607053,11.310895309258516
path,6.466231685364623,11.32053496879344
path,6.466019632102973,11.330184205134202
path,6.465786809451046,11.339851343368409
path,6.465530090670207,11.349526179987489
path,6.465261600651731,11.359250063686453
path,6.465042168467282,11.36918440224567
path,6.464828016186484,11.379108137549444
path,6.464593775734408,11.389036461431711
path,6.464357860257688,11.39895694189703
path,6.464122771592418,11.408868177798407
path,6.463890378093623,11.418768815775666
path,6.463675452138048,11.428650191234476
path,6.463451494599756,11.438523121995404
path,6.463247986333561,11.44833279270814
path,6.4630814791709374,11.458011633140586
path,6.462941027700634,11.467615340213712
path,6.462827935713842,11.477196859542378
path,6.462936580572852,11.487023130890591
path,6.463306437583321,11.497152219104128
path,6.463664312421926,11.507370296031219
path,6.463878809231156,11.5175758851635
path,6.4639429648658195,11.527930830964758
path,6.463671974286404,11.538104733793336
path,6.463025587231589,11.5480527507682
path,6.462051626730862,11.557852509552953
path,6.46083794418068,11.567518030521288
path,6.459349816201417,11.577566966822765
path,6.457893045230161,11.587731796624917
path,6.456448554858582,11.597661051035976
path,6.454923672203414,11.60731616630499
path,6.453310783537527,11.616697764600971
path,6.451627065026436,11.626865168081082
path,6.4499879220378915,11.637214562121786
path,6.44827128032572,11.64729759416561
path,6.4464680929475975,11.657105651619634
path,6.444622741086755,11.666721572680624
path,6.442757442709606,11.677064994962397
path,6.440993697354545,11.687522468974922
path,6.439153085252626,11.697717313446354
path,6.437220065447106,11.707628821477266
path,6.435199361709521,11.717267593779843
path,6.4333048880302055,11.727501311768926
path,6.431547277358731,11.737770303831752
path,6.429710345840675,11.747768659793314
path,6.427789475253812,11.757491687623626
path,6.4257757516272065,11.766929311862123
path,6.423844945986424,11.775874341731136
path,6.4218226887475875,11.78440838308408
path,6.419718621356937,11.792658708041628
path,6.417537836247795,11.800637773503206
path,6.415275185746715,11.808331767535671
path,6.41314593956025,11.815444677743985
path,6.410882106464385,11.82212158796875
path,6.408593905017751,11.828581073430232
path,6.406224139269597,11.834724866097691
path,6.403936615083961,11.840651404422484
path,6.401817288901187,11.846715156740004
path,6.400055383971281,11.852810144750375
path,6.398589226560964,11.858876315080995
path,6.397271097282683,11.865020516213356
path,6.396079835624797,11.87134797180013
path,6.394993377406011,11.877674482429065
path,6.393951169010815,11.883991017021687
path,6.392960351474779,11.890322753889123
path,6.391640898334394,11.896948641282785
path,6.389864099574701,11.904019427404437
path,6.388229337656277,11.91073824793406
path,6.386583875636655,11.917035764821877
path,6.38492539122621,11.922972404700761
path,6.383394704641068,11.928681827899593
path,6.381927362206195,11.934339475023414
path,6.380369376476067,11.940297213369641
path,6.3784124579698815,11.946637279903351
path,6.376336481222325,11.952885153626466
path,6.374166329988317,11.959027290752811
path,6.371977254643451,11.965040405225018
path,6.369828257645396,11.971419025156464
path,6.367668859331946,11.978138952658805
path,6.365458502841485,11.9850543036732
path,6.363239383951769,11.99207767297404
path,6.361067891492159,11.999091901633285
path,6.3591409198044975,12.006366553243367
path,6.357452466705014,12.013811383320759
path,6.355688555934733,12.021277597747119
path,6.354208750552143,12.029004577932634
path,6.353149337266251,12.03702176862643
path,6.352086124077772,12.04514422537582
path,6.351262062217878,12.053348628540668
path,6.350548372181065,12.061575431245652
path,6.349958394502205,12.069866783491737
path,6.349518198489075,12.07823344376101
path,6.348972733245498,12.087044910271205
path,6.348542663865924,12.095935713360523
path,6.348201048072742,12.104811293702765
path,6.347901767668526,12.113718636574298
path,6.347674962973712,12.122715766678992
path,6.34722612337573,12.132199747705648
path,6.346824149816697,12.141851191435421
path,6.346445726769288,12.151573783574456
path,6.346095860110733,12.161419701638387
path,6.345760139285409,12.171404895278732
path,6.345166669410605,12.1819788204229
path,6.344637859677471,12.192791310242168
path,6.344167947275681,12.203299660398446
path,6.343580900132937,12.213687340260167
path,6.34288069183926,12.224045586570258
path,6.341997195313209,12.233910025248239
path,6.341043457951097,12.243010207185126
path,6.34020482310908,12.251499310182682
path,6.3393616449194665,12.259564174315928
path,6.338446374670139,12.267527026886539
path,6.337415546216771,12.274995173160043
path,6.336374634525714,12.281475418747931
path,6.335378025519401,12.28732503499712
path,6.334295471266123,12.292817226565411
path,6.333117453504223,12.298018913882256
path,6.332030551894023,12.302810100849458
path,6.330855030898394,12.307096970310235
path,6.329589565174202,12.311111007553938
path,6.328224901929013,12.314828960028557
path,6.326798957573896,12.318444101832664
path,6.3253531626699635,12.321976485934465
path,6.3238924716660865,12.325502373948401
path,6.322395631460867,12.329024234141437
path,6.320868837020711,12.332537667801526
path,6.319314227250194,12.336039040625773
path,6.317752154847,12.339476890166017
path,6.316162864215771,12.34289567444334
path,6.3145557894611315,12.346296482987471
path,6.3129257132030885,12.349676849418968
path,6.311272781135005,12.353037844457715
path,6.309573657960278,12.356918142214525
path,6.307922162660279,12.36166070826455
path,6.3062112343641346,12.366539680558668
path,6.304436135224048,12.37145774539023
path,6.302539583649879,12.376298244611892
path,6.30052803165991,12.381620323199012
path,6.2985437027270486,12.387762666010318
path,6.296523282494968,12.394087790468221
path,6.294384658447687,12.400330668185761
path,6.292134028518068,12.40651180403627
path,6.289805143992746,12.413063386230782
path,6.28741749991808,12.41987281630852
path,6.284940087693629,12.42668798067859
path,6.2823373580359085,12.433433224134472
path,6.2796625978138465,12.440184813214742
path,6.2768669993024835,12.44682972849804
path,6.273966634104041,12.45342909942073
path,6.270975766461167,12.459981478418117
path,6.267908719069761,12.466584506532667
path,6.264726563457147,12.473062966259992
path,6.26144741697127,12.479471439488204
path,6.258086789520895,12.48585223279449
path,6.2546113565988595,12.49216813377884
path,6.2510511675578195,12.498439071220107
path,6.247403008854809,12.504656933073996
path,6.2440045314204315,12.510979050504307
path,6.240666823497405,12.517127806174349
path,6.237222592184457,12.523324231763237
path,6.233851301135639,12.529824847395822
path,6.230651648744209,12.53664666282513
path,6.227831965203192,12.543365278091768
path,6.225458219852187,12.549788414311177
path,6.223404340364028,12.555958274476328
path,6.2215534903448235,12.561922211886916
path,6.219935753424129,12.567959834819858
path,6.2180316890974385,12.573995463010865
path,6.216336517174493,12.580398344807872
path,6.21465644010725,12.586772859735083
path,6.213038616648941,12.592994533321304
path,6.211582984762015,12.599009821571672
path,6.210016761651516,12.60504464400558
path,6.2085057308340446,12.61134471386035
path,6.207051328204778,12.61773946399952
path,6.2056683948085,12.624265646025846
path,6.204327365121912,12.630903163583323
path,6.202719530122402,12.637657138397685
path,6.201060273718932,12.644640369088604
path,6.1994284923635625,12.651706805894074
path,6.197853183484324,12.658900348834429
path,6.196341553348453,12.66622866308607
path,6.194835981903071,12.673982916000513
path,6.193223011133066,12.681942790136473
path,6.191570394092568,12.689985753771762
path,6.189935571378619,12.698183487181584
path,6.188296613256856,12.706530358157634
path,6.186674163457661,12.715052031527708
path,6.184775075543765,12.723152843504618
path,6.182599110868447,12.730664467291717
path,6.180131288098599,12.737918918835428
path,6.177595740046759,12.745148828372077
path,6.175050776234508,12.752488825607747
path,6.172444713535422,12.759809662178037
path,6.169759762215149,12.767132508141186
path,6.166982754320038,12.774467824335186
path,6.1641034347493795,12.781827348623509
path,6.1611825744450615,12.789173478085225
path,6.158251555314593,12.796492968725584
path,6.155381189388096,12.80371200499246
path,6.1525571905485945,12.810893758642251
path,6.149779177485056,12.818014024236671
path,6.147074605158752,12.825163563827783
path,6.14444299506641,12.832397856300217
path,6.141807577108129,12.839737710462758
path,6.139235914547336,12.847309172784518
path,6.136728173065353,12.855113763161993
path,6.13425640668822,12.863174288614454
path,6.1317875567053495,12.871471140985363
path,6.129239808945396,12.880030626339053
path,6.126554250193724,12.888902677471116
path,6.1236704423519175,12.89808231521408
path,6.120782429835529,12.907686617760875
path,6.117884877881768,12.918175818816
path,6.114922695875592,12.92925819731727
path,6.11175898364115,12.940793356942338
path,6.108433819928715,12.952461684485833
path,6.104958279776424,12.963941680768066
path,6.1015518184486,12.975023470794193
path,6.098240686533053,12.986066335539494
path,6.094903067942489,12.997127357370559
path,6.091438005473296,13.008254277327733
path,6.08795594469711,13.019495699851245
path,6.084528500883796,13.03080084416481
path,6.08115117715276,13.042177444781743
path,6.077740219702293,13.053478943622194
path,6.074336287519326,13.064829738960476
path,6.070848815087948,13.076131628854899
path,6.067356152191826,13.087525556869208
path,6.063893908588081,13.099031835021483
path,6.060469878052874,13.110651639449118
path,6.057114031957613,13.1223517636285
path,6.053725639782418,13.134003651963921
path,6.0501931284978765,13.145690906298624
path,6.046599427402866,13.157491934299511
path,6.042982522389449,13.169437055672757
path,6.039340006414245,13.181564710888361
path,6.035707325812385,13.193565616789783
path,6.032158611515974,13.2053987469003
path,6.028959663681195,13.217206553629993
path,6.0260499265531395,13.22919520854756
path,6.023104429402013,13.241297625407226
path,6.020169116105787,13.252875629680409
path,6.017344093869226,13.263758491795791
path,6.014899160082857,13.274344750651919
path,6.012640068269294,13.284807565320335
path,6.010417313743954,13.295297520027416
path,6.008208463023698,13.30621970516354
path,6.006039245345301,13.31811560414872
path,6.003896131932338,13.330361865459055
path,6.0018180822989065,13.342810910406213
path,5.9998113345949164,13.355490402776493
path,5.997818924943159,13.367989225878238
path,5.995859606852728,13.380548671134697
path,5.993949362296823,13.39326638047311
path,5.992084042324146,13.40610923452428
path,5.990237609498018,13.419071687457782
path,5.988412416169457,13.432156460308049
path,5.986627754766382,13.445319595349304
path,5.984880453167844,13.458540238035555
path,5.983153734342942,13.471743188258994
path,5.9814458050079935,13.4849162314352
path,5.979589366746713,13.497818786690345
path,5.977655556948374,13.510310209016277
path,5.975877557205619,13.52255409051664
path,5.974102219234367,13.534678738961881
path,5.972328895221357,13.546714236042867
path,5.970636179410623,13.558978850851233
path,5.969022362538921,13.571211143899097
path,5.9674630370435855,13.583370882394961
path,5.9659457532829,13.59546073725992
path,5.964427050355314,13.607354497402302
path,5.9628241652898755,13.619272245345975
path,5.961215364519182,13.630952024624149
path,5.959639974263312,13.642332492689873
path,5.9580847174136835,13.653420188704967
path,5.956538147950265,13.664222461044368
path,5.955125881154411,13.67531622720003
path,5.953870248845576,13.686352451516308
path,5.952679422627567,13.697095125399507
path,5.951532057169234,13.707552488234422
path,5.950413284667561,13.717730798531145
path,5.9493270256870865,13.7276317870193
path,5.948321958691756,13.737296984350241
path,5.9473711841315,13.746711601652748
path,5.946458239237644,13.755881888743012
path,5.945569054735822,13.7648104279096
path,5.944718375221004,13.773405591739685
path,5.9439297345541044,13.781742185675228
path,5.943183607571635,13.789826916030387
path,5.942464902896526,13.797665392848662
path,5.941761615906391,13.80526171630384
path,5.94113274191704,13.812381636457937
path,5.940674614459762,13.819106372693492
path,5.940385731066468,13.825536277718669
path,5.940226433021488,13.83168355598506
path,5.940018072623259,13.837607416782014
path,5.939574510071657,13.843123628438864
path,5.938751056813025,13.848401803329793
path,5.937643505494828,13.853383635591642
path,5.936417728887388,13.858042721669905
path,5.935191093593224,13.862427643703334
path,5.934202068413935,13.866804774352826
path,5.9334044042454765,13.87105516718795
path,5.932615991830644,13.875054198203955
path,5.931839740624001,13.878806025490718
path,5.931079956416994,13.882318114233255
path,5.93034447994506,13.885639623132409
path,5.929633191349196,13.888936040362537
path,5.928953437576826,13.892318203847566
path,5.928306797812926,13.89578668270681
path,5.927706800852107,13.899332797434152
path,5.927145115432083,13.902896111306017
path,5.926562917302194,13.9065504361866
path,5.925981272585875,13.910310675412529
path,5.925426845837782,13.914177278917268
path,5.924899814981272,13.918149800250998
path,5.92439704612687,13.922189398036476
path,5.923906416177539,13.926396068555151
path,5.923428493267506,13.930631014952764
path,5.922948637180992,13.93497436973869
path,5.922466346367903,13.93942585106147
path,5.9219767138176485,13.94383862147652
path,5.921445040709773,13.948401935176797
path,5.920206774784925,13.953444841454875
path,5.918500510467764,13.959151776711765
path,5.916537909501229,13.965242428509747
path,5.914513111202144,13.9714927100712
path,5.912382301392449,13.977809340955863
path,5.910134444635235,13.984161205222103
path,5.907798170389147,13.990546049162793
path,5.90536926611749,13.996962503420505
path,5.902855363539855,14.00336394204792
path,5.900281743280995,14.009808515765323
path,5.897652021627739,14.016283578583982
path,5.894951847249119,14.022789485491698
path,5.892193104264282,14.029323865554028
path,5.88953241731131,14.036326282102229
path,5.887039143463883,14.043777977681822
path,5.884558303500899,14.051468130955213
path,5.8820734121826455,14.05939981188879
path,5.879571547169648,14.06759163228979
path,5.8769687213509565,14.076384012915435
path,5.874611705178704,14.085715273903855
path,5.872226511776493,14.09536932924242
path,5.8698335044917584,14.105366094863301
path,5.867406871280017,14.115659240503957
path,5.864963120744041,14.125925496300813
path,5.862492286493091,14.136109476217543
path,5.859990188800881,14.146215598590379
path,5.857449901274844,14.156247718188382
path,5.854870369735613,14.16620961667948
path,5.852308460172341,14.176048981924744
path,5.8496848582557925,14.185580365396824
path,5.846849527884615,14.195049061083889
path,5.843879962499443,14.204647485981717
path,5.841059239728689,14.214550387954505
path,5.838238301578423,14.224564633220458
path,5.835310762709657,14.234418168475427
path,5.832338998766882,14.244139520120633
path,5.829291530938659,14.253722757640261
path,5.8262975925551865,14.263161535512177
path,5.823564991441567,14.272387105265139
path,5.820948146777309,14.281423763117418
path,5.818391261332486,14.29028501091782
path,5.815927995261939,14.298961063889193
path,5.814197862849118,14.30743859626362
path,5.81254148028668,14.315676570751986
path,5.810889367721775,14.32371589176044
path,5.80923310395789,14.331556729516544
path,5.807598760391131,14.339162268215748
path,5.805966161855382,14.34655687674221
path,5.80436212822695,14.353767031768214
path,5.802784628500824,14.360805975269948
path,5.801234310532004,14.367750447022228
path,5.799667590109129,14.374711545151452
path,5.798090638581884,14.381671772852684
path,5.796572236634971,14.388509787081787
path,5.795084723607768,14.39518090388646
path,5.79361153350135,14.401700136447142
path,5.792102970910274,14.408109023130272
path,5.790612709948032,14.414510786918928
path,5.789157587843165,14.420886736019124
path,5.787726123335939,14.427109061585718
path,5.7862656967110695,14.43322175905273
path,5.78478850851407,14.439242952616844
path,5.7833294402870745,14.445378366929368
path,5.78189927082295,14.451456140389485
path,5.780467659473108,14.457358448231853
path,5.779033568516523,14.463194514369592
path,5.777596380128496,14.469076919020003
path,5.776150990896037,14.474959300254818
path,5.774527246871492,14.481076743787224
path,5.772561729744123,14.487616485446956
path,5.7702973312572166,14.494460237561743
path,5.767770742743545,14.501614911687977
path,5.765056612877867,14.508999990616493
path,5.762125781498551,14.516570620319813
path,5.7588884332777965,14.524499705049651
path,5.755439743117259,14.532772236450722
path,5.751856281277104,14.541396271764034
path,5.7482724163387555,14.550098397671809
path,5.7448056690571665,14.558776853789452
path,5.741379396085019,14.567325598304372
path,5.737938536311045,14.575800912216458
path,5.734486846261827,14.584245327975436
path,5.731038528356708,14.592770643269322
path,5.727683249047837,14.601266186662764
path,5.724332271135774,14.60967455210176
path,5.720953322515404,14.618115663642312
path,5.717508804868169,14.62656680078294
path,5.713999950184986,14.634959671325346
path,5.710555528596638,14.643288807538845
path,5.7072288014286086,14.651589250089424
path,5.70395406094996,14.659892669394992
path,5.7008679926569386,14.668205342039139
path,5.697888461281459,14.676456765247144
path,5.695018142517634,14.68470293353938
path,5.692257035478536,14.692957895846105
path,5.689490195314596,14.701163905376516
path,5.686663693641204,14.709333408196827
path,5.683917970375102,14.71747204922428
path,5.6813808024689125,14.72542427664694
path,5.679022134409131,14.733212261379654
path,5.6768290470720295,14.740860561604896
path,5.674802927100915,14.748366887593027
path,5.672984914962759,14.755748031558342
path,5.671437501316524,14.762991186282179
path,5.669937642423054,14.769944313684755
path,5.668490267702573,14.77667073828347
path,5.667090197221375,14.783241290378946
path,5.6655882750947075,14.789731757448395
path,5.664113352636515,14.796031613811145
path,5.662686633339053,14.802039993317077
path,5.661310118829653,14.807776382342007
path,5.659986815309664,14.813316111656883
path,5.658637152558566,14.81875693975346
path,5.6572422703087515,14.824029630174348
path,5.655895550662579,14.829044446901015
path,5.654576238949359,14.834026674894435
path,5.653218608847359,14.839006552660026
path,5.651847269934656,14.843980609463554
path,5.650537083534159,14.848786483551189
path,5.649278393878332,14.85341139374002
path,5.648070642919946,14.858018011699736
path,5.646857544352628,14.862645157523557
path,5.64564834476583,14.867273737369196
path,5.644307942670889,14.872290497578042
path,5.642595377793836,14.877767336738069
path,5.640678054687654,14.883592445077923
path,5.638684290555245,14.889734571516751
path,5.636666606467907,14.895927935604984
path,5.6344371710250565,14.902447967594584
path,5.632011652593622,14.909381293398168
path,5.629551939477501,14.916597590577565
path,5.626879377353311,14.923762599010713
path,5.623951554632751,14.930855611394795
path,5.620796738913987,14.93787308382803
path,5.6174405855175085,14.9448144366511
path,5.613902623277235,14.951678755434486
path,5.610171550914096,14.958459929640203
path,5.606228092648292,14.965096738611832
path,5.602442786032014,14.971471282598655
path,5.598733202705281,14.977572774273748
path,5.595061882805648,14.983571630951712
path,5.591442544926057,14.989603514035906
path,5.587870657293187,14.995669795189773
path,5.584291241190171,15.001931216125293
path,5.580746286657232,15.008271865824588
path,5.577061889868699,15.014557029709806
path,5.5732172735401075,15.020864727132828
path,5.569197255231759,15.027359940010616
path,5.564954992441061,15.03414103534988
path,5.560566522523976,15.041164132007122
path,5.556186029167057,15.048295064565597
path,5.551745906729867,15.055465891414315
path,5.547067297264484,15.062508655542139
path,5.54223445543902,15.069503924023058
path,5.537301038258495,15.07651760152235
path,5.532300558012234,15.083578800130022
path,5.527258460857467,15.090711168306651
path,5.522186575126663,15.097927771300167
path,5.5170959909759905,15.10524175487513
path,5.511997428113213,15.112655036795244
path,5.5067684804731565,15.120185601037853
path,5.501256469696438,15.127910213984435
path,5.495701351359177,15.135806882913984
path,5.490102856348597,15.143878442399801
path,5.484457565430465,15.152114763524859
path,5.478763203323157,15.160513162969691
path,5.4730244239868755,15.169121770217037
path,5.467234361600834,15.17794087790302
path,5.461512632694349,15.18688859747381
path,5.455811128047333,15.195986738000462
path,5.450128741725459,15.205265760167462
path,5.444464967551869,15.21473751848227
path,5.438818606679879,15.224393075865146
path,5.433303565377968,15.23420906317941
path,5.427746380177006,15.244054464828938
path,5.422080831068992,15.253868833212197
path,5.416302102836369,15.26365402580053
path,5.410434634753273,15.273338405780573
path,5.405636411635873,15.282825703247507
path,5.401107191196105,15.292243220522082
path,5.396892900725295,15.301619057657838
path,5.393043952029854,15.310834854574734
path,5.389475292837146,15.319763033047371
path,5.386103764002278,15.32847043629764
path,5.383150216388642,15.337437308044258
path,5.380314873981888,15.346856421220693
path,5.377328070770813,15.356281077883681
path,5.37421085281008,15.365694418238194
path,5.371003170028004,15.375067238500401
path,5.3675933828513065,15.38434795909279
path,5.364024829942748,15.393636210996092
path,5.360261034098209,15.402875570737152
path,5.356365000010934,15.412115845814366
path,5.352575203614974,15.421059512525451
path,5.349072723031862,15.430084040369941
path,5.345552913129286,15.43925921617461
path,5.341949747212991,15.448543391220973
path,5.338263194675218,15.457934256992559
path,5.334648987370966,15.467080930510424
path,5.331007286437057,15.476167843096553
path,5.327350187423673,15.48527801352164
path,5.3236810844201665,15.494416816749297
path,5.320010937386749,15.503555607833535
path,5.3166532456752345,15.512114857970206
path,5.3136470090988075,15.519818162457774
path,5.310791768342192,15.526900494021609
path,5.307894679024945,15.533936336532646
path,5.304982672926255,15.540989160377485
path,5.302266055709515,15.547597506443129
path,5.29976992133478,15.553627032033553
path,5.297339344823619,15.559331174648856
path,5.29499581880203,15.564225345056308
path,5.292808020750375,15.5688444439819
path,5.290624080596588,15.573423919250315
path,5.288422501042829,15.578000900330965
path,5.286208211813224,15.582574668943968
path,5.283982095172753,15.587144915330766
path,5.281744865006112,15.591711387862103
path,5.279585668026205,15.596101291743576
path,5.277434267790745,15.600414330299042
path,5.275274094899406,15.604723407479957
path,5.273105429268136,15.609028417876479
path,5.270928493687978,15.613329276019353
path,5.268881304689526,15.617266746000146
path,5.267085547779459,15.62072842244476
path,5.265883851688014,15.623531160777857
path,5.265101510708817,15.625675736790738
path,5.264725926102413,15.627378507218362
path,5.2645640802752,15.62853389668464
path,5.264687343352186,15.629195709525087
path,5.264960213197302,15.62980253466791
path,5.265341426661548,15.630382774580003
path,5.265815093572478,15.630942211520885
path,5.266077831139247,15.631158381438842
path,5.266416067980722,15.631348604128767
path,5.266870879348833,15.63156437644682
path,5.267422162000934,15.63179410104562
path,5.2680593496937735,15.63203105177842
path,5.268762936565813,15.63226348783433
path,5.269544436158144,15.632499495538003
path,5.270394686364246,15.632730327548623
path,5.271305663393907,15.632951819479866
path,5.27226979717937,15.63317710813344
path,5.2732634620321885,15.633423463013123
path,5.274315294750069,15.633697215116275
gt_rock,0.85,6.88
gt_rock,-11.98,7.91
gt_rock,11.97,8.31
gt_rock,25.95,30.55
gt_rock,10.0,13.69
gt_rock,-6.56,5.8
gt_rock,-5.0,19.5
gt_rock,-6.3,-7.96
gt_rock,-5.0,0.5
