type,x,y
path,-20.631950415989596,16.944910881574383
path,-20.625743332746914,16.941036687314284
path,-20.619463696443393,16.937372779255295
path,-20.6130872474358,16.933835194987612
path,-20.606639322689954,16.930410471396616
path,-20.599863663388437,16.926697748035988
path,-20.593074009186935,16.922940090313283
path,-20.58632940526876,16.91927215801458
path,-20.579628037653357,16.91568389041163
path,-20.572885787298873,16.912198404324837
path,-20.56577005793888,16.90845489542993
path,-20.55865149154287,16.904695798802667
path,-20.551581849202034,16.90103247388238
path,-20.54455670560615,16.897451481056244
path,-20.537542717313336,16.893949838706735
path,-20.5305680910187,16.890588218475617
path,-20.523656907812427,16.887284815749716
path,-20.51673534608861,16.884061203649903
path,-20.509772660743803,16.88091722648678
path,-20.502769548591107,16.87784699578804
path,-20.495792052484507,16.874848338536005
path,-20.488824606446478,16.87189352533218
path,-20.481824974817165,16.869002602480023
path,-20.47479552118675,16.866174372479026
path,-20.46773874546906,16.86340802756377
path,-20.460746838614376,16.86077329309782
path,-20.453814123432682,16.85818958860137
path,-20.446965713288378,16.855623697727697
path,-20.44020506104125,16.853072832546253
path,-20.43349488411461,16.850564222748424
path,-20.427220719898305,16.848459970271335
path,-20.421612877698173,16.846611224079073
path,-20.41650405735016,16.844808431893615
path,-20.411549967950165,16.843143658449026
path,-20.4067200223106,16.841627142141366
path,-20.40230763699574,16.840383958660503
path,-20.39650316243968,16.839346736974537
path,-20.389284331549888,16.83875900463521
path,-20.381495154537276,16.838515910528123
path,-20.37326873605965,16.83852149492272
path,-20.364722394877315,16.83875603602065
path,-20.35582654323538,16.839205631751152
path,-20.34688288133314,16.83974257328607
path,-20.337951724904105,16.84032915389968
path,-20.328985809739585,16.840932931529384
path,-20.31991714635942,16.84158373244943
path,-20.310823498443924,16.8422748044161
path,-20.301730331064764,16.843004294103483
path,-20.292631512996778,16.843773041952776
path,-20.283668571452278,16.844536559894436
path,-20.274514648179746,16.84544776150735
path,-20.265170787108488,16.84653264077694
path,-20.25584063491426,16.847893382969236
path,-20.24659050910524,16.849463871062976
path,-20.23742439403191,16.85124567411677
path,-20.22818641038148,16.852898615206502
path,-20.218958032374697,16.854248270782904
path,-20.20996030832707,16.855533292971593
path,-20.201188283842566,16.856770919586857
path,-20.192536100362847,16.857937997080185
path,-20.183469672902913,16.85882232675594
path,-20.174526123232525,16.859705822254856
path,-20.165806937164533,16.86045138352785
path,-20.157229872225006,16.86103985640625
path,-20.148819855342616,16.8614705511075
path,-20.1407741091513,16.86196209420449
path,-20.132952107710423,16.862340481575337
path,-20.125371394905155,16.86247624486457
path,-20.118028258287044,16.862402362372165
path,-20.110912345833004,16.862138859287416
path,-20.10403984599957,16.86203650290613
path,-20.097357806349905,16.861953928648862
path,-20.09084425507361,16.861710407577633
path,-20.084502605547524,16.861319709790585
path,-20.078373806643878,16.86082726754101
path,-20.072459672555752,16.86029500249505
path,-20.066746765056838,16.85963879194145
path,-20.06123913417197,16.85892677955334
path,-20.05575477362389,16.858223961154582
path,-20.050275818025284,16.857484314758583
path,-20.04375943386111,16.856991525028064
path,-20.036079038429953,16.856477825355686
path,-20.028066733693684,16.856236361401603
path,-20.01985472418972,16.856304663654225
path,-20.01162306304615,16.8563969023544
path,-20.002746505213526,16.856133188494812
path,-19.993530253448352,16.855918180774037
path,-19.984219664998598,16.855845250250816
path,-19.975076641311514,16.855755045897755
path,-19.966092724730423,16.85565884169466
path,-19.95703502662718,16.85581877808275
path,-19.9480269121092,16.85606964787336
path,-19.93926714546701,16.856180697409062
path,-19.930756378947198,16.856174914775536
path,-19.922390418281587,16.856131196855106
path,-19.913427290674157,16.856271661551343
path,-19.904338317006445,16.85657776038692
path,-19.895472192867274,16.856749521357187
path,-19.88683798096085,16.856796702365582
path,-19.87831122082554,16.856782028640726
path,-19.870138046637646,16.857060849379085
path,-19.86234130282603,16.85709460268975
path,-19.854847626063293,16.857002438299844
path,-19.847666307260873,16.856854663617078
path,-19.840787005354066,16.856660439365957
path,-19.833105399455288,16.856523922908
path,-19.824301148979703,16.8562389639545
path,-19.81537222054724,16.85608542414742
path,-19.806524310500873,16.855866133444806
path,-19.79771276287854,16.855566275431883
path,-19.788570557689283,16.855402073393265
path,-19.779476789555723,16.855274295680776
path,-19.770513755235847,16.855038687503562
path,-19.761622410678136,16.85472313796634
path,-19.752611400395786,16.85444302367669
path,-19.743200177030467,16.854364899688413
path,-19.733941744334853,16.854305163995505
path,-19.724824969866933,16.85420831962415
path,-19.71580160931867,16.85407918880307
path,-19.706845517975776,16.853923586883155
path,-19.697445080716538,16.853762885781883
path,-19.688136158684767,16.853569332434272
path,-19.6788631410505,16.85347739674431
path,-19.669682475175726,16.853361517866045
path,-19.66053418520899,16.85325758738317
path,-19.65165027045027,16.853375857428283
path,-19.6430920093815,16.85350867631206
path,-19.63484746251494,16.85363539781696
path,-19.6268913155041,16.853763595838736
path,-19.619168065798483,16.853884343341637
path,-19.61153685316841,16.85396655285799
path,-19.603976725663546,16.85400668695621
path,-19.59646942523694,16.854013291328535
path,-19.58894670433661,16.85394735986699
path,-19.581035901812474,16.85350627811837
path,-19.57208456931355,16.852751703058004
path,-19.562730114663204,16.85211467668845
path,-19.55335053127023,16.851715455390757
path,-19.543904585966065,16.85144666518784
path,-19.53438637160081,16.85130476732148
path,-19.524386064528947,16.85112628750591
path,-19.51384623590959,16.85080949476579
path,-19.50307447264726,16.850557617083947
path,-19.49164344311035,16.850134204600526
path,-19.479656342311394,16.849614670859406
path,-19.46760126722867,16.849399589190824
path,-19.455549583010544,16.849660795905454
path,-19.443108525587057,16.849920678603144
path,-19.430489612879025,16.850024077531682
path,-19.417783145323025,16.849947135061537
path,-19.405542703004677,16.849899793888323
path,-19.393800158796306,16.849761244383814
path,-19.382014638229567,16.849612720122757
path,-19.370132069607664,16.849433052708658
path,-19.358233759279795,16.849238485735967
path,-19.34697041685667,16.849076441113272
path,-19.3366368972281,16.84908792874201
path,-19.32689018034626,16.84903550020514
path,-19.31763428003755,16.848758178246598
path,-19.30874743114446,16.848408855269636
path,-19.30040419458242,16.84812520295452
path,-19.292582934079274,16.847816292543953
path,-19.284864924470263,16.847628324396453
path,-19.277139725538365,16.847470659096953
path,-19.26941528625339,16.847307786814277
path,-19.262186155625926,16.847155952646563
path,-19.255466416470032,16.846910418811863
path,-19.2489263919215,16.846748923778247
path,-19.242397516921,16.84659795609483
path,-19.235869498047776,16.84644318233786
path,-19.22971902707915,16.846261533421572
path,-19.223860624125756,16.846101935944443
path,-19.21810207142031,16.845952655672296
path,-19.212584496421353,16.845793133272068
path,-19.207310386160096,16.84562479459314
path,-19.20237372497029,16.845355299935118
path,-19.19772205605517,16.84504547184728
path,-19.19328720760811,16.84472608238317
path,-19.188948087080966,16.844427541781425
path,-19.184665327938962,16.84416656941955
path,-19.180604442931475,16.84383943403963
path,-19.176662065591042,16.84349886147582
path,-19.172769042451524,16.843188193135145
path,-19.168924589780868,16.842906755803106
path,-19.16512766956647,16.842652697835128
path,-19.16102764993568,16.842199311984466
path,-19.156444465914902,16.841455093067648
path,-19.15156482586762,16.840809896958675
path,-19.14639901565614,16.840277599050477
path,-19.1409074488396,16.839787393454404
path,-19.135308608336146,16.839293443786058
path,-19.12975805156843,16.838754431923242
path,-19.12423495796387,16.83818112196159
path,-19.118736498904966,16.83757241318171
path,-19.113261587138926,16.83692524656944
path,-19.107887992285477,16.836214306794442
path,-19.10259395414836,16.835443821222984
path,-19.097268087070052,16.83465740675061
path,-19.091896792706972,16.83386353475583
path,-19.086486094920666,16.833056448452226
path,-19.08116326261969,16.832283708894995
path,-19.076014384226678,16.831569639291555
path,-19.070904543079585,16.830874629426177
path,-19.065788801730765,16.830198616346777
path,-19.06066842125981,16.8295363240428
path,-19.05567731468334,16.828899734445294
path,-19.05076383054869,16.828277394466053
path,-19.045848157361945,16.82765892549295
path,-19.040930934756826,16.827042022614833
path,-19.036012656886303,16.826424814831544
path,-19.0308754159547,16.825822099101618
path,-19.025297621722007,16.825257990622738
path,-19.019387201705754,16.824534706637955
path,-19.013345452964316,16.823618435673357
path,-19.00723789677576,16.822643517574576
path,-19.00098998108388,16.82146810119946
path,-18.994433175253807,16.82008533465584
path,-18.98770231788187,16.818567238006825
path,-18.981011335523984,16.817000045621846
path,-18.974411874272576,16.8153509069813
path,-18.967825544886587,16.813483457904994
path,-18.961280307802177,16.811464605961966
path,-18.954797026991212,16.80932066040837
path,-18.94838203532319,16.807037372847415
path,-18.942037577557006,16.804618392551216
path,-18.935781264966742,16.802114839819833
path,-18.929602688015652,16.799521098149775
path,-18.923491922020002,16.796822621200043
path,-18.917341429991332,16.794053238061966
path,-18.911284348417908,16.791234212515356
path,-18.905321964553664,16.788357215719817
path,-18.89942531153485,16.785377937958295
path,-18.89358914961057,16.78228870919611
path,-18.887812517934233,16.77908848430276
path,-18.88209444276293,16.77577620578687
path,-18.876378870199584,16.772638363305
path,-18.87071242082983,16.769646791837946
path,-18.86510899931611,16.766752811553353
path,-18.85957132792348,16.7639486068529
path,-18.8541016284613,16.76122817754697
path,-18.84870300192208,16.75872544397475
path,-18.843361329291533,16.756462970079543
path,-18.838082799493268,16.75440633281989
path,-18.83287442982212,16.752523166071462
path,-18.827799325641415,16.75073975527307
path,-18.823013807833995,16.748911598438365
path,-18.818334275941876,16.74722637996143
path,-18.813902745875225,16.74561578831312
path,-18.809752333920688,16.744086937258462
path,-18.805869082947577,16.742546970948304
path,-18.802309163082043,16.74094337893099
path,-18.799001327008575,16.739375404904347
path,-18.79589930554492,16.737910296772412
path,-18.79300762004438,16.736544119677035
path,-18.79028860596491,16.73525661238445
path,-18.787037144356887,16.73360063592071
path,-18.783813489406576,16.731999130759267
path,-18.78060134807541,16.730538038927918
path,-18.777397026579877,16.729203004772913
path,-18.774205829422492,16.727985104428953
path,-18.770377969885427,16.726941364631198
path,-18.76585046915494,16.72616565824631
path,-18.76129705037967,16.725456766599255
path,-18.756727954107294,16.724799773506223
path,-18.75214260819701,16.724177642138272
path,-18.746927560944776,16.72318525671761
path,-18.740708210734994,16.72211091168748
path,-18.73434413048627,16.721073908141637
path,-18.72793567337404,16.72006616989701
path,-18.721456543320162,16.719058794219553
path,-18.71490684152539,16.718035451550964
path,-18.708267986969766,16.716894800185667
path,-18.70153362877952,16.715639694972783
path,-18.694705021627172,16.71426715551322
path,-18.687788863654987,16.71278485765996
path,-18.68075986253891,16.711192422513882
path,-18.673680734385147,16.709489030716583
path,-18.666521928201917,16.70767372523706
path,-18.65928606504634,16.705748566324367
path,-18.65197434354347,16.703710834192226
path,-18.64358705485301,16.70141246989309
path,-18.63445095629465,16.69914479222907
path,-18.624621459866578,16.6968852884943
path,-18.614114376409848,16.694614536999254
path,-18.60294274093781,16.692347221229916
path,-18.591481882756867,16.69029661825477
path,-18.580103991035163,16.688549168391418
path,-18.568838492619317,16.687029181256417
path,-18.55752192982979,16.685625446863796
path,-18.546222980762984,16.68425219251952
path,-18.535352738865747,16.682993947489944
path,-18.524724986083253,16.681798932281982
path,-18.514272441037544,16.6806170715437
path,-18.503891191387837,16.679471252806355
path,-18.493533848170276,16.678365485359556
path,-18.483495187405452,16.67731311215909
path,-18.473670622188976,16.676258540107224
path,-18.463941948411602,16.675245821901328
path,-18.454243088984576,16.67428013235827
path,-18.44457539080246,16.673363440073626
path,-18.435176160590157,16.672492234420595
path,-18.425911125646063,16.67166589186028
path,-18.416684233104245,16.670895439936544
path,-18.407493908691542,16.6701810617723
path,-18.398343498570718,16.66951328574028
path,-18.38973291792655,16.66890581380167
path,-18.381607388661237,16.66835926684349
path,-18.373881381976464,16.66781635577112
path,-18.366472188510034,16.667282368847637
path,-18.359291142189022,16.666783289833187
path,-18.352260726031524,16.66634002299765
path,-18.345312745074352,16.66595336830777
path,-18.33842367691322,16.665621445974153
path,-18.331580329283714,16.665347398686166
path,-18.32477213811415,16.665133698843917
path,-18.31790882390408,16.66490480548068
path,-18.311075180281957,16.66459568203643
path,-18.30426915547579,16.66422480322755
path,-18.29748598023753,16.663806104231718
path,-18.290720543460292,16.66335056965139
path,-18.283792835318337,16.66285730706774
path,-18.27683626160246,16.6623326708545
path,-18.269888052455045,16.66179383849601
path,-18.26294622580929,16.66124555547269
path,-18.25600918363247,16.66069166738646
path,-18.248963541813552,16.660126869998876
path,-18.241909475880554,16.659560055142663
path,-18.234856967316887,16.65899572152916
path,-18.227813979326392,16.658430830455462
path,-18.220763415622812,16.65787646092949
path,-18.213593082826694,16.657320191784976
path,-18.20640914763446,16.65676974794783
path,-18.19922453065458,16.65622796436368
path,-18.192039014539912,16.655695430058632
path,-18.184852427875303,16.655172625372938
path,-18.177457601251252,16.654650893817706
path,-18.169989736939673,16.654129613988207
path,-18.162520342452293,16.65361997320132
path,-18.15504936005824,16.65312219006271
path,-18.147576748010486,16.652636445480216
path,-18.139848407045175,16.652169172632725
path,-18.131906742764176,16.651680158230516
path,-18.123955975954356,16.651193993903416
path,-18.115973076361364,16.650670778637288
path,-18.107983782534426,16.650162192151416
path,-18.09970454584796,16.64966297947625
path,-18.090972881310773,16.649141000291817
path,-18.081803181517138,16.648558236860225
path,-18.072243177700464,16.647918026292594
path,-18.062505239998213,16.64736867705431
path,-18.052370364633955,16.646739935643794
path,-18.041706687818422,16.646204323536523
path,-18.030577792990645,16.645756038788928
path,-18.01898183175812,16.64539533265755
path,-18.007031054231152,16.645057025235502
path,-17.994939299267127,16.644595516620804
path,-17.98288009543608,16.644188349647337
path,-17.970850666319063,16.64384813886401
path,-17.958829450669857,16.643524763850902
path,-17.94691910332542,16.64311518426818
path,-17.935237502412452,16.642558544057906
path,-17.923786465973265,16.64149806809909
path,-17.912488290591444,16.639970115180404
path,-17.90132445148434,16.63817619502382
path,-17.890276694289867,16.636152107334777
path,-17.878938842933692,16.634340197624166
path,-17.86746727443979,16.632634193236985
path,-17.85623208962,16.630656606181486
path,-17.845231215163473,16.62835953807132
path,-17.834441790686263,16.62573578945973
path,-17.823411112217663,16.62348605699457
path,-17.812011719174034,16.621681353878667
path,-17.800738520628816,16.619636955384674
path,-17.789698922524348,16.6172807507989
path,-17.77886927542083,16.61460996978442
path,-17.76764395419241,16.612424314851935
path,-17.75611119634947,16.61078569941334
path,-17.744705278354825,16.608960733791246
path,-17.733528238818852,16.606833923829736
path,-17.722558788217654,16.604397758400182
path,-17.711126961549105,16.602492641859197
path,-17.69947559379099,16.6009492528361
path,-17.68798353742198,16.599239422446086
path,-17.676717382892665,16.59723616027172
path,-17.66563819967857,16.59500377929694
path,-17.6540550464448,16.593389937354697
path,-17.64234718824606,16.59193757509056
path,-17.630791091752307,16.590312550315282
path,-17.619447111587988,16.588469454453076
path,-17.60830498812414,16.586584339259083
path,-17.598031395747125,16.585023657862333
path,-17.588676329727537,16.58360302733446
path,-17.57969274902226,16.581992672007726
path,-17.57083542957158,16.580351527972113
path,-17.56209680984954,16.578699552334456
path,-17.554214742140818,16.577232934644428
path,-17.547290612203025,16.575935786003672
path,-17.540709685674315,16.57449026918782
path,-17.534240788599494,16.573018129986906
path,-17.52787781082791,16.571530110988306
path,-17.52200486036134,16.570151334108235
path,-17.516306918540085,16.56881062887328
path,-17.510610966299872,16.567525733391637
path,-17.50488474870928,16.566306849939163
path,-17.49911975477014,16.565159109810804
path,-17.493730425557498,16.564059379254985
path,-17.488530202195033,16.563010338581513
path,-17.483346883282156,16.561938570972302
path,-17.478162462392643,16.560822365944716
path,-17.472976781230724,16.559654305742253
path,-17.467202733634164,16.558334879180578
path,-17.460490501089335,16.556848193909833
path,-17.453143034469914,16.55542893684414
path,-17.445203714686134,16.554100242604186
path,-17.436652067780685,16.55286554478845
path,-17.427021645223842,16.55139406606001
path,-17.41640915565119,16.54952169633017
path,-17.404727431460547,16.547812335603126
path,-17.39277251505085,16.54623787194926
path,-17.38072995168158,16.544951987255786
path,-17.369356927622515,16.54422382625319
path,-17.35891372894522,16.54396012630088
path,-17.34874456115733,16.54367697266541
path,-17.338573012385687,16.543398970493442
path,-17.328395389388636,16.543126231883416
path,-17.318767800425373,16.542806221817994
path,-17.310065619145877,16.54257109810814
path,-17.301651930564425,16.542337430811887
path,-17.293242507821304,16.542114881754927
path,-17.28483750123771,16.541902485000122
path,-17.27689302210237,16.541673445631716
path,-17.269083476749607,16.54146340718324
path,-17.261312741329334,16.541251948109323
path,-17.25325698875704,16.541100525668718
path,-17.244740989394625,16.54103391643857
path,-17.23660101005934,16.541017853855447
path,-17.228612414887454,16.540992609733006
path,-17.220610673767126,16.54098185794592
path,-17.21259743510112,16.540984011688536
path,-17.204572660174435,16.541001767818287
path,-17.19701204132334,16.541045830510864
path,-17.189605012861406,16.541083456325048
path,-17.18219221390394,16.54113196181244
path,-17.174774557194723,16.541190742502874
path,-17.167352997505812,16.541259484611654
path,-17.16041130983127,16.541373022823535
path,-17.153922084625044,16.54149491463594
path,-17.14781221770474,16.541691356310906
path,-17.14207234116917,16.541968678760234
path,-17.136675570783204,16.542327055695015
path,-17.1315289212374,16.542822603708537
path,-17.126607891937525,16.543375030781
path,-17.121849991119145,16.543963143334103
path,-17.117222551039415,16.544579311444224
path,-17.11270060937469,16.545217999722453
path,-17.108480938622975,16.545707983563187
path,-17.104477649429654,16.54594802620084
path,-17.100538040188663,16.546180054165728
path,-17.09664413077293,16.546422883724777
path,-17.092787510138987,16.546674383829806
path,-17.089133463891198,16.54690467858989
path,-17.08553586838193,16.5471454306822
path,-17.08195866565629,16.547391534743042
path,-17.07839754251415,16.54763229882668
path,-17.074849756286554,16.547869146045343
path,-17.07149041727782,16.548082912688862
path,-17.068169213387296,16.54830376649662
path,-17.064855933957233,16.548527771956834
path,-17.061549174031622,16.54875259110507
path,-17.05824687723876,16.548963968016036
path,-17.054540837530794,16.549255840879347
path,-17.050418323437455,16.549538368681382
path,-17.046243727254886,16.549799603797577
path,-17.042072461459384,16.550055249970384
path,-17.037903531207874,16.550294872003594
path,-17.033936671824062,16.55050622019493
path,-17.030010993531455,16.550722915468363
path,-17.02608683689984,16.550924672814112
path,-17.022164545443427,16.551119388297362
path,-17.018244076128354,16.551308393045588
path,-17.014485275071323,16.55147517154234
path,-17.010748324964563,16.551647085196272
path,-17.00701278921502,16.551813142921702
path,-17.00327851631801,16.551971563587383
path,-16.99954561561164,16.552124973590214
path,-16.996000988699997,16.552257320022516
path,-16.99249028461347,16.55239189944203
path,-16.988980970304365,16.552526714183518
path,-16.985472170848045,16.552645541296506
path,-16.981964503628948,16.55276027145724
path,-16.977993843464656,16.55293935580532
path,-16.973237584500804,16.553205686984544
path,-16.967923029623204,16.553548395348802
path,-16.962205028957456,16.553833464534307
path,-16.956185753657756,16.553998722971716
path,-16.949630534917038,16.554214242705722
path,-16.942236838500712,16.554562703708644
path,-16.934138039541068,16.554939108562287
path,-16.925614454206826,16.55533289310504
path,-16.917041193042245,16.555544069932964
path,-16.908396393997254,16.55564605801988
path,-16.899596304996336,16.555763209348296
path,-16.89067811666849,16.555825227182755
path,-16.88183135318171,16.555874275724147
path,-16.872985943171383,16.555907903214354
path,-16.864317181267367,16.55594613216051
path,-16.85597744673984,16.556013794727505
path,-16.84796544612286,16.556110485831383
path,-16.840280390982624,16.556236455941647
path,-16.832501042087664,16.556000141859425
path,-16.824458305689546,16.555269720092525
path,-16.816146945275054,16.554423638463888
path,-16.807834221603976,16.553440997607176
path,-16.799548768295278,16.552429416206575
path,-16.791265878283248,16.551403829229123
path,-16.78298519485411,16.5503640740022
path,-16.774706734287214,16.549310020920338
path,-16.766430523064454,16.548241542790073
path,-16.75815755744327,16.547158756745844
path,-16.750057329884317,16.54606219963575
path,-16.742134993439958,16.5450671132193
path,-16.734388478201286,16.544183583855382
path,-16.726810697191627,16.543421838327674
path,-16.71940150703212,16.542781832293397
path,-16.712159619902916,16.5422635159567
path,-16.70507846398778,16.541865304209814
path,-16.698165448025318,16.54158877469763
path,-16.691420414108855,16.54143393321156
path,-16.68484155601208,16.541400772691954
path,-16.678409062816396,16.54148900858109
path,-16.672130126190318,16.541697582762833
path,-16.666018513492492,16.54202798713084
path,-16.66004733563218,16.542458248680383
path,-16.6541614642878,16.542950400005875
path,-16.64835723778154,16.543504534172033
path,-16.642677988689808,16.544144082827703
path,-16.637116769298316,16.544854185054405
path,-16.631596097849403,16.545580614817958
path,-16.62550475672756,16.54605522521827
path,-16.61869911122378,16.54623986354737
path,-16.611973988495322,16.546058810139318
path,-16.605537406905942,16.545853884664517
path,-16.599219034500035,16.545706796967128
path,-16.59290497555089,16.545550482929716
path,-16.586592043522096,16.545382732731582
path,-16.579749742323454,16.545254620001543
path,-16.572481304909452,16.545033293258225
path,-16.565214355467297,16.544796780077476
path,-16.557948949728726,16.544545087189118
path,-16.550685111271726,16.54427821403885
path,-16.5432545217066,16.54399126408122
path,-16.5358144818456,16.543686155970263
path,-16.528337564075038,16.543332881269876
path,-16.52084947072604,16.54300470067035
path,-16.513370361204146,16.542660903186288
path,-16.506189533959095,16.542199830433553
path,-16.499263324373718,16.54176818170252
path,-16.492493772319108,16.541412879526277
path,-16.485740285317647,16.541057517081267
path,-16.478990091897558,16.540717302211256
path,-16.47251654031345,16.540281273039277
path,-16.466275146144877,16.53992374947136
path,-16.460076871024157,16.53957729261407
path,-16.45388903170314,16.539220768177657
path,-16.447711568942495,16.5388542377906
path,-16.441028851575073,16.53852647807547
path,-16.434041185067347,16.53808622303161
path,-16.427066646875485,16.537633319239593
path,-16.420105191121557,16.537167857046448
path,-16.4131567759141,16.536689926255924
path,-16.40654025774268,16.536075531939744
path,-16.40021093544474,16.53550888244104
path,-16.394062644212486,16.53504467744681
path,-16.387936831858774,16.5345785207304
path,-16.381821262669035,16.53410288942621
path,-16.375969258863954,16.533554911408658
path,-16.37031126787229,16.53308551617022
path,-16.364684280704115,16.532620799970623
path,-16.359065946304618,16.532148169202944
path,-16.353456251259903,16.531667670986792
path,-16.348133938474717,16.5311031190331
path,-16.343029653094792,16.530629944675788
path,-16.33797333913816,16.53017442694657
path,-16.33292412371056,16.52971262671856
path,-16.327881993549994,16.529244576558664
path,-16.322235946197065,16.52896501160421
path,-16.31560695536034,16.528759861201333
path,-16.308369684644315,16.528228738282067
path,-16.300846626438485,16.527471257363164
path,-16.29334441054778,16.52669597401715
path,-16.285219391022974,16.526073290666716
path,-16.276084175731313,16.52561373318392
path,-16.266251059332596,16.524887696153556
path,-16.255949761386002,16.523814752635513
path,-16.245508961599914,16.522698759177135
path,-16.234801449232435,16.521444704678355
path,-16.224145537471657,16.52014794870316
path,-16.21354777843603,16.518821330203174
path,-16.203031439967415,16.517583208251917
path,-16.19265143559297,16.51657769567632
path,-16.181937799693937,16.515287301984117
path,-16.17112853145968,16.513847625842082
path,-16.160529510874717,16.512645359925635
path,-16.150258337855618,16.511782306557038
path,-16.140188495978766,16.51122417827325
path,-16.12937815759006,16.510793664163444
path,-16.118025405246716,16.51008184214553
path,-16.10644623661886,16.508906768455386
path,-16.094688162342464,16.507359339740805
path,-16.082957044957734,16.505798924077467
path,-16.071000055687083,16.50401741136529
path,-16.058956877149942,16.502072520396162
path,-16.04691171408094,16.500088910778132
path,-16.034867839828127,16.498066799668287
path,-16.022827940098445,16.496006359133368
path,-16.010855961965365,16.493914481327856
path,-15.99892889635703,16.491799339005105
path,-15.987006063496374,16.48964408132054
path,-15.97508961712082,16.487449620729265
path,-15.963181564841214,16.4852160936039
path,-15.95169393533774,16.483062147489306
path,-15.940649195528547,16.480897020244928
path,-15.9296598728581,16.478724862027725
path,-15.918676743757118,16.476519048136435
path,-15.907701575898825,16.47427972256386
path,-15.896317294162166,16.471990691882528
path,-15.884573206816766,16.46957507506717
path,-15.87285350803306,16.46717928638912
path,-15.861159203466357,16.464820184692616
path,-15.849518373280306,16.462517154370236
path,-15.83774296545426,16.46002585979886
path,-15.826194152336866,16.457713772946125
path,-15.814999449005754,16.45587307648623
path,-15.804132066758472,16.454501849389537
path,-15.793498994844247,16.453477169277836
path,-15.782356108726955,16.452046598532473
path,-15.770893341952913,16.45015006139071
path,-15.759430051555594,16.448467605091967
path,-15.748091381982176,16.447127708818098
path,-15.737006535939887,16.44596123489044
path,-15.726518672109691,16.444317331971366
path,-15.71633364534636,16.442622049336883
path,-15.7064356408928,16.441127236302393
path,-15.696898602204872,16.439751655992453
path,-15.687617814697065,16.43868470680741
path,-15.679324321877656,16.437733403736328
path,-15.67204827145433,16.43685372382035
path,-15.665108471864807,16.436224701688616
path,-15.658416345193515,16.435867093128515
path,-15.65197503934774,16.435762101283434
path,-15.645086599990666,16.435294548943496
path,-15.637668265801652,16.434361612011557
path,-15.63060157600275,16.433462900698714
path,-15.624153392407647,16.432594659155004
path,-15.617974795018498,16.431634721481274
path,-15.611269139828051,16.430557054682225
path,-15.6041427881945,16.429285989809383
path,-15.596961515385312,16.427931345706767
path,-15.589908023228691,16.42666364314502
path,-15.582984575762854,16.425478385637334
path,-15.576399014236896,16.424262730674137
path,-15.570486946933912,16.423059935994754
path,-15.565162232454247,16.421820490585112
path,-15.560028923036755,16.42046428650009
path,-15.555002150872049,16.41898101560617
path,-15.55033170357313,16.417428159566786
path,-15.545957010590188,16.41590743151294
path,-15.54168627601443,16.41439803812577
path,-15.537125836168102,16.41285742539667
path,-15.532918571302172,16.411287609092604
path,-15.529179205952712,16.40964057802775
path,-15.525867068811705,16.407913049390586
path,-15.5216385717041,16.40626511590055
path,-15.516564784133006,16.404262862796124
path,-15.511309494857587,16.402134749633547
path,-15.506472911392049,16.400098782821317
path,-15.501226570796055,16.39825202651373
path,-15.495585705220963,16.396880026902007
path,-15.489884223187603,16.395803298368744
path,-15.484176755185945,16.394881726640406
path,-15.47867461042173,16.39426634145307
path,-15.473214346729964,16.393852281213395
path,-15.46779398136917,16.393559809643893
path,-15.462445149478258,16.39336373633101
path,-15.457173942272796,16.393256980643866
path,-15.452039455402236,16.393238841911202
path,-15.446960106664699,16.393320014212232
path,-15.441962013527002,16.393490424284806
path,-15.437047512080971,16.393749100059292
path,-15.43221793079453,16.394095802462054
path,-15.427469132021427,16.394495227462176
path,-15.422772258297947,16.39500286799259
path,-15.418157656080254,16.39560486609452
path,-15.413635662252503,16.396293751149148
path,-15.409207301773952,16.397069153684864
path,-15.404835914023296,16.397883433207376
path,-15.400534766320849,16.39880243046437
path,-15.396316205235415,16.399823700430005
path,-15.392202279106826,16.40092849455136
path,-15.388178280087756,16.402102393129752
path,-15.38407494209802,16.40306669080155
path,-15.380008227202971,16.403956282966185
path,-15.375963367072794,16.40478240645096
path,-15.371919169355722,16.405545398726684
path,-15.36786104555252,16.406244775427005
path,-15.363643055173776,16.406871852704526
path,-15.35939098439677,16.407434372365795
path,-15.355095822902156,16.407933355756075
path,-15.350748819036848,16.408363712700364
path,-15.34634700445655,16.40872800600058
path,-15.34183500421431,16.409032490760847
path,-15.33725917471027,16.409276215944086
path,-15.332598893467527,16.409394420153262
path,-15.327900314810991,16.40941939295512
path,-15.323219563453936,16.409354584422378
path,-15.318505095725289,16.40916549986089
path,-15.31383319156552,16.4088607052141
path,-15.309203435224088,16.40844063578873
path,-15.304615307167849,16.40790384217819
path,-15.300066983184191,16.407255993016356
path,-15.295553914255546,16.406512470788766
path,-15.291076793963642,16.405678156268454
path,-15.28663093851481,16.404822419628257
path,-15.2822152689184,16.40396738520033
path,-15.277830201061155,16.403114481424783
path,-15.273504314846114,16.402282916261026
path,-15.269210728765342,16.401456269091657
path,-15.26494862341627,16.400635400962894
path,-15.260718162273621,16.39982169232994
path,-15.256519484845803,16.399016484345307
path,-15.252399231263343,16.398249101061833
path,-15.248315710564187,16.39749437949675
path,-15.244264646042623,16.396751200877517
path,-15.240246254969046,16.396020907304276
path,-15.236248585315503,16.395303020110962
path,-15.23229689336644,16.39461404045914
path,-15.228373118989772,16.393943229953052
path,-15.224451315417431,16.393285580043322
path,-15.22052985832676,16.392641547370395
path,-15.21660936264575,16.392012305548022
path,-15.212740389191046,16.39141853449346
path,-15.208895791665975,16.39084552108858
path,-15.205054519793332,16.39029082002168
path,-15.201217269174341,16.389755766907186
path,-15.197385038214389,16.38924176904138
path,-15.193497327387538,16.38888974357035
path,-15.189496518359007,16.388819030494314
path,-15.185382586450345,16.38902784329551
path,-15.181153286310938,16.389516462862698
path,-15.176802990029751,16.390285703419753
path,-15.17233019164741,16.391330725579323
path,-15.167769381231546,16.392452755587172
path,-15.162942644005435,16.393467911808013
path,-15.158068436623529,16.394681691786644
path,-15.153180069593434,16.39594456617197
path,-15.148187544071963,16.39731431176782
path,-15.143171756840268,16.398736175463487
path,-15.13813824465032,16.40020002584073
path,-15.133084657669416,16.401704863382765
path,-15.128009432474547,16.403250379025682
path,-15.122698434197892,16.40495381813965
path,-15.117290950720866,16.406786343107207
path,-15.111853856335488,16.40865720406142
path,-15.10638512963599,16.410565827402273
path,-15.10088267653171,16.412511597796613
path,-15.095060974923575,16.41453030009608
path,-15.089107582887218,16.416635572791254
path,-15.083107947090877,16.418766346174753
path,-15.077060677447824,16.42092371099569
path,-15.070966515013334,16.423107712341498
path,-15.06435076746891,16.425314124487965
path,-15.057347087048537,16.427714660712265
path,-15.050158173803158,16.430267401459588
path,-15.042910516877724,16.432852561568673
path,-15.035602865765524,16.43547015289114
path,-15.027676862177461,16.43811206057458
path,-15.019229526875714,16.440910088651897
path,-15.01046397333373,16.443973253895123
path,-15.00160394051972,16.447129046592742
path,-14.992710892180954,16.450306239218147
path,-14.98377592645168,16.453457054701243
path,-14.974802249480238,16.45655516253764
path,-14.965782593457773,16.459609721363222
path,-14.956710329349063,16.462626189387024
path,-14.947581069372207,16.465608933368078
path,-14.938354427633305,16.46860067676762
path,-14.929341440821313,16.471142154700278
path,-14.920549110580863,16.473344834471927
path,-14.911942681805337,16.475400791869596
path,-14.903400786160626,16.47727017360689
path,-14.895121510507545,16.47893500773485
path,-14.887104737432644,16.48060006751917
path,-14.879280877450359,16.48217437499007
path,-14.871654311337512,16.483635813823657
path,-14.864145515031074,16.484952591773556
path,-14.857262408566662,16.48606291314907
path,-14.851088944492608,16.486779937310136
path,-14.84550986122299,16.48717910632787
path,-14.840389148493127,16.487658526662827
path,-14.835617585530448,16.488156622465745
path,-14.830086540815387,16.48881079659815
path,-14.823610433300058,16.489078589358616
path,-14.816689463399722,16.489277103060644
path,-14.80956955842991,16.48957532296631
path,-14.802242332287115,16.489973857815492
path,-14.794289112111114,16.490574735186474
path,-14.786081083238733,16.49138915405285
path,-14.777652933642266,16.49240235836085
path,-14.769013784122542,16.49361328112577
path,-14.760179962312229,16.495020754526383
path,-14.751243254430545,16.496461897701028
path,-14.742191324601544,16.497901187941327
path,-14.732839583343756,16.498952457836747
path,-14.723527314199105,16.500211709428477
path,-14.714157865693803,16.501663275057616
path,-14.704460390288604,16.503287525804055
path,-14.694743631414,16.50494030191878
path,-14.685090388505245,16.50648208363887
path,-14.675495435090266,16.50788948417985
path,-14.66594625959357,16.50916824669223
path,-14.65588925488099,16.510585963992867
path,-14.645880067756918,16.5120695748862
path,-14.635935342096372,16.51347986800199
path,-14.626034039964187,16.514808928265715
path,-14.616165453820068,16.516056186437737
path,-14.605933854550226,16.517415584558794
path,-14.595712529276309,16.518807847438573
path,-14.585501067141905,16.520177906946103
path,-14.575301821637852,16.521533819542583
path,-14.565108556375295,16.522864818836915
path,-14.554889515863474,16.52418805366251
path,-14.544784204739596,16.52541500011883
path,-14.534884757400109,16.526512477035812
path,-14.525546355577777,16.527304020459002
path,-14.516546388312229,16.52787628392328
path,-14.507133653347191,16.528582634020992
path,-14.497764127100194,16.52927001364723
path,-14.48857362166897,16.529840628510122
path,-14.479555980985765,16.530278337821603
path,-14.47069190136863,16.530584041233055
path,-14.461424698023233,16.530954065489354
path,-14.45219892967837,16.531304430619052
path,-14.442682742473961,16.530700537254386
path,-14.433410476654688,16.530092227243202
path,-14.424494910983993,16.52972858520357
path,-14.415346468447067,16.529416148563953
path,-14.40634575384054,16.52907792421998
path,-14.397496560716426,16.528678937816345
path,-14.38879385931498,16.528142849642766
path,-14.380212745760712,16.527514104438445
path,-14.371149304100411,16.526861634433217
path,-14.362176154658089,16.526178148334754
path,-14.353377434986987,16.525446981003114
path,-14.344724633639773,16.524631162437526
path,-14.33620638194432,16.52372846942754
path,-14.32713488489035,16.522781226016892
path,-14.318165145462403,16.52179963626442
path,-14.309330407157779,16.519945707541087
path,-14.300490631805575,16.517416044996775
path,-14.291903120050481,16.514706411484255
path,-14.283947354119338,16.511894234749917
path,-14.27635429147684,16.509024594700772
path,-14.269045822154741,16.506315071759087
path,-14.26200919170966,16.503733991969217
path,-14.255206688769041,16.501312488036728
path,-14.248411753959585,16.49917640817252
path,-14.241273177462128,16.49702475335979
path,-14.233831923506939,16.494820546634756
path,-14.226155712137082,16.492594943205013
path,-14.21830180387106,16.49035291957691
path,-14.210899696755924,16.488194159512155
path,-14.204253433007327,16.486062676649645
path,-14.197582436969617,16.484109512056616
path,-14.190736075368081,16.48221372725677
path,-14.183823471670165,16.480204858536574
path,-14.177320803599049,16.47828860582387
path,-14.171252899341582,16.476440849148446
path,-14.165050772935443,16.47473549146298
path,-14.158696292283636,16.473119473813014
path,-14.152285168151842,16.471408017788917
path,-14.146231809291699,16.469776863099323
path,-14.14039882343326,16.46803982394423
path,-14.134720825566095,16.4661736816921
path,-14.128989489012662,16.464415912399414
path,-14.123307255263569,16.46253626546044
path,-14.117777012625842,16.46074759616494
path,-14.112353236317324,16.45888853256678
path,-14.106935104777902,16.45703458766683
path,-14.10152314160992,16.455187978209768
path,-14.096118325318411,16.45334907645009
path,-14.090883270919736,16.451694634707668
path,-14.085829591267276,16.45000701529127
path,-14.08082400871526,16.448319127076733
path,-14.075827740610656,16.44663908527122
path,-14.070841152316074,16.44496706120214
path,-14.066013252359877,16.443461509811165
path,-14.0613386460338,16.441911751409453
path,-14.056690317010048,16.44036736151733
path,-14.052052602574543,16.438830829679286
path,-14.047425629673016,16.437302249058135
path,-14.042337609449447,16.43558150589592
path,-14.036287662124357,16.433420873796358
path,-14.029475594128726,16.431092869963326
path,-14.022121925040153,16.428902731207035
path,-14.01472787150621,16.426687874165637
path,-14.006798130649882,16.424219517577498
path,-13.99781117329655,16.42125451175844
path,-13.987910672104292,16.417874696751877
path,-13.977246276797619,16.414294341376667
path,-13.965962181350852,16.41103834900478
path,-13.954358670832093,16.40818579013467
path,-13.94262038347515,16.40551424829371
path,-13.930761015209802,16.40291349642287
path,-13.918796722613914,16.400365957825876
path,-13.906740604550759,16.397864023769888
path,-13.894618202779851,16.39539327565327
path,-13.882460582999025,16.393051227437578
path,-13.870284233541803,16.390824719601188
path,-13.858093783169496,16.388699229734655
path,-13.84589265473391,16.386664216764547
path,-13.834364017248081,16.3846304605078
path,-13.82404858480002,16.382633130692742
path,-13.814362739572427,16.380992358306596
path,-13.804889223444725,16.379327772838717
path,-13.795433411480932,16.377663318138175
path,-13.786201942511747,16.376089747315287
path,-13.77707011621196,16.374472510842242
path,-13.767950615919114,16.372861981877435
path,-13.758799693068433,16.371332619715872
path,-13.749695224008995,16.369741560142
path,-13.74063220349452,16.368176690884667
path,-13.731578244815518,16.36660786521863
path,-13.722532686048655,16.36501420566058
path,-13.713496777446778,16.36343099609027
path,-13.704470585945156,16.361858516672093
path,-13.69579730174579,16.360536958373586
path,-13.687466164617266,16.359132535155222
path,-13.679252834434648,16.357675882287676
path,-13.671049018606478,16.356229186257664
path,-13.662854781062187,16.354792573987467
path,-13.654371611273474,16.353314936408616
path,-13.645831478130983,16.35185910273363
path,-13.637301417776342,16.350415079483287
path,-13.628654108980385,16.349119173677405
path,-13.619930578169942,16.348105046026486
path,-13.610968271205417,16.34729364547608
path,-13.601924873529871,16.34662806827254
path,-13.59288850248754,16.345977709760653
path,-13.583864242661635,16.34534790709401
path,-13.57484997115886,16.344734806397014
path,-13.565302170849519,16.34380234232011
path,-13.555202411864286,16.342907500053965
path,-13.544847431695757,16.342232841941982
path,-13.534474696012486,16.3417569418289
path,-13.524116562918453,16.341345807695603
path,-13.513839614386145,16.341000074412737
path,-13.503578809266122,16.340662504853665
path,-13.493329903804405,16.340348243753617
path,-13.483092667865058,16.340058780230137
path,-13.472867648490743,16.33979221584511
path,-13.46317853282726,16.33944918486447
path,-13.454587308061992,16.338881209308376
path,-13.44697687113105,16.33803471508117
path,-13.439888364719566,16.3368133760324
path,-13.433088539449841,16.33552281944836
path,-13.427035505612984,16.33446558915293
path,-13.421699703828573,16.333464769171204
path,-13.416847780943158,16.332410250412494
path,-13.412483097818663,16.33129510607582
path,-13.4086068805379,16.330122223035843
path,-13.40460937972123,16.32921526517697
path,-13.40072845372118,16.32834385241389
path,-13.397461046809566,16.32738467042434
path,-13.394734820247093,16.326350715811703
path,-13.392457907957343,16.325277132198806
path,-13.389366877922884,16.324190295977072
path,-13.385309058560024,16.32316453471521
path,-13.3809495009715,16.322336545034357
path,-13.376831960791037,16.32124056657355
path,-13.373004376707947,16.319917831462753
path,-13.368262462231431,16.318552600772573
path,-13.3622590456971,16.317026826868293
path,-13.355298197321527,16.315586432178765
path,-13.347347564785196,16.314073647593702
path,-13.338737598596822,16.31272845553148
path,-13.329278340517826,16.311302865450546
path,-13.31890475012141,16.309778994982967
path,-13.308059858929067,16.308539002786492
path,-13.297067346717194,16.30738186033795
path,-13.286093385169021,16.30611923592749
path,-13.27479661323525,16.305007474440227
path,-13.263440429434546,16.30388570410712
path,-13.251972167769752,16.302416463688253
path,-13.240440671349244,16.300717385619716
path,-13.228972722639412,16.299002200678984
path,-13.218153128541893,16.297455194325504
path,-13.20802155421072,16.295867203267115
path,-13.198224254503776,16.2941534482157
path,-13.188733457717213,16.292312503736103
path,-13.17955420311693,16.290362259368017
path,-13.171234028427806,16.288578107581156
path,-13.163950873774782,16.287147567242567
path,-13.157329151660653,16.285779138045918
path,-13.151068434554823,16.284328127660142
path,-13.145030482024483,16.28286387270389
path,-13.139273483368276,16.2818479013087
path,-13.133970771775033,16.28083921209233
path,-13.12893381651682,16.279774928951817
path,-13.123791855771131,16.278772334320223
path,-13.118647272589566,16.277790927709354
path,-13.113895948099072,16.276858343385026
path,-13.109327219664234,16.27592380782526
path,-13.10479239189205,16.275016329060406
path,-13.100280279256777,16.274144251455464
path,-13.095783065422042,16.273314867631598
path,-13.09011422321121,16.272647437617742
path,-13.083189008208036,16.271880895946527
path,-13.07526652863,16.27099587632756
path,-13.067122975423183,16.270104240090046
path,-13.058892918860256,16.26919908656396
path,-13.049892258647308,16.268443268368735
path,-13.040297205287532,16.267598342399943
path,-13.030515847624553,16.266728536763953
path,-13.020563017181656,16.265866022550536
path,-13.01046579530994,16.26500851498062
path,-13.000002931566938,16.264127219430122
path,-12.9895264686853,16.26307649834746
path,-12.979463070235308,16.26196867180104
path,-12.969420535467929,16.260909356870652
path,-12.959243221612658,16.259819021010102
path,-12.94897005058985,16.25875222100463
path,-12.939024081091537,16.25769236611553
path,-12.928976700738291,16.25670625176875
path,-12.918717412488498,16.255817549261874
path,-12.908330930235344,16.255009841183348
path,-12.89785789481104,16.254271769293275
path,-12.887389216121484,16.253263765938907
path,-12.876913684768988,16.25205091097213
path,-12.86642834620098,16.250793778678748
path,-12.855955839789866,16.249533499509702
path,-12.8460336242353,16.248228381480867
path,-12.837138979172508,16.247056545438678
path,-12.828932289431043,16.24590178608482
path,-12.821337005890825,16.244832345383344
path,-12.814404332233268,16.243860282043826
path,-12.808173854709805,16.242828515249204
path,-12.802598229198187,16.24189171426793
path,-12.797579091871626,16.241103752906145
path,-12.793000830769097,16.240514409299134
path,-12.78879876185354,16.240001599430773
path,-12.785027388614951,16.239492199699757
path,-12.781627351161038,16.238939397132956
path,-12.777795016314222,16.238049560986326
path,-12.772961681652443,16.23708853275612
path,-12.767692856183347,16.236265090922885
path,-12.762772480404765,16.235526653299633
path,-12.75806474870141,16.23487489655608
path,-12.753579736481289,16.234307005666892
path,-12.749318631691443,16.23382359349751
path,-12.745282495292107,16.23342446037481
path,-12.74154867673416,16.233115438186047
path,-12.737934473326602,16.232807727984138
path,-12.734398506703267,16.23252014720152
path,-12.730863727147096,16.23235203697269
path,-12.727154711796489,16.232424825772576
path,-12.72331962131259,16.23274873603267
path,-12.71902442948992,16.233250135256714
path,-12.71427041830529,16.23322556001592
path,-12.709443906431707,16.232773080070658
path,-12.704556684070509,16.232177342385473
path,-12.699157285731706,16.23159645341616
path,-12.693601221581776,16.230883158979967
path,-12.687969525924721,16.23012424374492
path,-12.682253784459443,16.22933023729454
path,-12.676454128994436,16.2285000948564
path,-12.670615194875197,16.22762660820141
path,-12.664696465686356,16.226721794379223
path,-12.65872703422518,16.22579214656833
path,-12.6530256258306,16.22488996157683
path,-12.6478457740845,16.223850461757277
path,-12.64310579244973,16.222818349255895
path,-12.638497408516434,16.22196648756443
path,-12.633941722280078,16.221291017977887
path,-12.629426622237913,16.22078103652606
path,-12.62499415469416,16.22038509955476
path,-12.62070055615874,16.220039722368583
path,-12.616521021315943,16.219756208075367
path,-12.612421136567312,16.219537288519543
path,-12.608397047268205,16.219377017872738
path,-12.604448040652274,16.219269403140363
path,-12.600232639073218,16.21923788094342
path,-12.59600212166319,16.219300934556056
path,-12.591810585881516,16.219372871577846
path,-12.587661085402669,16.219447701946244
path,-12.583180668785603,16.219778927875826
path,-12.57828035265796,16.21998469000754
path,-12.573310174063131,16.21999828508144
path,-12.568393088162686,16.219819462105672
path,-12.56353849138377,16.219507537474104
path,-12.558722239033827,16.219337631879903
path,-12.553969124313607,16.2192682535044
path,-12.549009332706662,16.219135034646637
path,-12.543660250561574,16.21898565817887
path,-12.53798998799655,16.218811861729574
path,-12.532022845694152,16.218653257486043
path,-12.52585543999058,16.218562137611634
path,-12.519448121251777,16.218500008941355
path,-12.512802150704815,16.218470254831153
path,-12.505916389848242,16.21846949811047
path,-12.49879043154459,16.218495104403935
path,-12.491267130715134,16.21849604886782
path,-12.483270100873147,16.21839698709861
path,-12.474976267655567,16.218277129022624
path,-12.466398021784393,16.218187760497816
path,-12.457604659415448,16.21816922547873
path,-12.448526636761585,16.21820987677475
path,-12.439215637261233,16.218267179243856
path,-12.429668226290158,16.218356134470806
path,-12.419874321226153,16.21856013870171
path,-12.409855806172832,16.218881481578414
path,-12.400084386719119,16.21935853264023
path,-12.390473249530658,16.219883386198386
path,-12.380887798122075,16.220345153664933
path,-12.371308285609551,16.220714097462615
path,-12.361747954680427,16.221001972234834
path,-12.352840302906555,16.221364057423017
path,-12.344613066939747,16.221889520317816
path,-12.336903875334954,16.22248158834977
path,-12.329471898445878,16.22310454784163
path,-12.322067381104935,16.22360458592901
path,-12.314362973108018,16.223975595110993
path,-12.306339241731376,16.224377542539784
path,-12.298135323211591,16.224874347125155
path,-12.289832128321233,16.225420287590783
path,-12.281525749833229,16.22604979992067
path,-12.272777594982236,16.226602804392716
path,-12.263774081354617,16.227198900131043
path,-12.254638444197402,16.22796367455742
path,-12.245343117378704,16.22890347688509
path,-12.235878538565938,16.230012286780163
path,-12.226060464057312,16.230849878617708
path,-12.216045769929098,16.231528062980065
path,-12.205892768554072,16.23228085962796
path,-12.195607618377966,16.233065900738545
path,-12.185212731887955,16.233873942270833
path,-12.175032631895006,16.23470285339139
path,-12.164924226154813,16.23551563478495
path,-12.154739273901294,16.236386410309912
path,-12.1444655153139,16.2373567798837
path,-12.134087663024864,16.238430343318075
path,-12.124188091235204,16.239420862665018
path,-12.11488625778672,16.240343336836204
path,-12.105854087873357,16.241123508444677
path,-12.096858118965894,16.24170597794538
path,-12.087896262359969,16.242137186067957
path,-12.079591872764667,16.242357457883777
path,-12.072139826966637,16.242464010680166
path,-12.065363971208866,16.24254659258924
path,-12.058740491981526,16.242661213677827
path,-12.05211496210184,16.24283988709443
path,-12.046036157741808,16.24291769789316
path,-12.040747018393157,16.24292873948581
path,-12.035737100197219,16.24296627529684
path,-12.03072896703215,16.243030744614202
path,-12.025727977393048,16.24308232032841
path,-12.021141488000776,16.24310114359361
path,-12.016836177993369,16.243088367879473
path,-12.012540973277869,16.243065324575518
path,-12.008248189177031,16.243040769858897
path,-12.00395669976039,16.24301895935793
path,-11.999347825004259,16.242954943087508
path,-11.994604678913541,16.24286634642077
path,-11.989798350760905,16.242789427182043
path,-11.984927911046187,16.242723571888654
path,-11.979998800602381,16.24267301433321
path,-11.974576044303745,16.242602001348846
path,-11.968434944730989,16.242232214706718
path,-11.96185531083902,16.241616240821617
path,-11.955080220069116,16.240940597818884
path,-11.94817534831068,16.2403133656035
path,-11.941295582388804,16.239744777528156
path,-11.93438132907265,16.239275580266145
path,-11.927401925938002,16.23888431486053
path,-11.92035969345199,16.23855092119943
path,-11.913254171473163,16.238260209798657
path,-11.906230570604269,16.23799020728664
path,-11.89928412920896,16.237760832927876
path,-11.892275883271596,16.237590900911904
path,-11.885173130266786,16.23751283831047
path,-11.877974591725476,16.237530621856624
path,-11.870283381622654,16.23746006639813
path,-11.862217606630542,16.237246009917104
path,-11.854022679867283,16.237104855255144
path,-11.845699263731637,16.237047288062808
path,-11.837240034646094,16.23708101925803
path,-11.828647772519517,16.237204411214357
path,-11.819927868487664,16.237403362017538
path,-11.811151617766145,16.2376467030881
path,-11.802398907155244,16.23788008727542
path,-11.793660994466487,16.23809831867675
path,-11.785226522711145,16.238159580994445
path,-11.777154620397532,16.238176147891433
path,-11.769134333989415,16.238159702411693
path,-11.761116148985494,16.238148335451214
path,-11.753100273503158,16.238146382345647
path,-11.74553742438647,16.238069982478944
path,-11.7386915024673,16.238021892476922
path,-11.732135018603076,16.238006384517192
path,-11.725569925038197,16.237986113789024
path,-11.718995580870452,16.237972569774154
path,-11.711925090621536,16.23787535906165
path,-11.704197528444249,16.23750475157329
path,-11.69623827225888,16.236568187831082
path,-11.687976960342525,16.23535716518617
path,-11.679294538656926,16.23399910863684
path,-11.670232219613188,16.23244129169452
path,-11.660818138507397,16.230691355054745
path,-11.6513499879805,16.228825098355657
path,-11.641786973684779,16.226871717654543
path,-11.632203435921108,16.224819805683396
path,-11.62285817841756,16.222659358823844
path,-11.61390255315792,16.220379021568426
path,-11.605033511360874,16.217987977187814
path,-11.596158353120133,16.215492182047413
path,-11.58727684752442,16.2128906570712
path,-11.578156876775953,16.210216391545973
path,-11.56875338525295,16.207469986750315
path,-11.559316952476806,16.20464622937402
path,-11.549878358129025,16.201756457536018
path,-11.540439010418508,16.198789558763355
path,-11.530825620328834,16.19577908857278
path,-11.521155760528021,16.1927086112878
path,-11.511456726120372,16.18957507479762
path,-11.501695923697822,16.186440445474023
path,-11.49198304889833,16.18343677539406
path,-11.482273176123941,16.18035333117259
path,-11.472574142735597,16.17750671796893
path,-11.462976223973282,16.175210160439725
path,-11.453733379372148,16.173173791456016
path,-11.444904979572158,16.171343849658022
path,-11.436117910463052,16.16919500335974
path,-11.426947763460491,16.166891757550236
path,-11.417467294000303,16.164530919793446
path,-11.408046412500351,16.16229105709058
path,-11.39896159655248,16.160254402557033
path,-11.389886387637308,16.15791320545344
path,-11.380407099819177,16.155408249952067
path,-11.370499463226631,16.15274157603254
path,-11.360267694050643,16.150018679186346
path,-11.350236918610115,16.147392083518273
path,-11.341118900923849,16.14498820010077
path,-11.332849240549237,16.142818799528214
path,-11.325203852732063,16.14090216081264
path,-11.31801956451433,16.139216223944853
path,-11.311174169670535,16.137705860679837
path,-11.305478715564764,16.13629171678658
path,-11.300455071983201,16.13504066760776
path,-11.295885120185806,16.13399108039841
path,-11.291794719446289,16.13311319899162
path,-11.288089279589405,16.132368031710037
path,-11.283949735592973,16.13125967595374
path,-11.28011790024807,16.130150311225027
path,-11.276705640070633,16.129248911270025
path,-11.2737156404758,16.128522991977256
path,-11.271071190424374,16.12795073691877
path,-11.268743826102108,16.12755726211594
path,-11.266708055421365,16.127343140016155
path,-11.264955765609066,16.12731169418437
path,-11.263437659151572,16.127462384697214
path,-11.262109350102536,16.12774897752167
path,-11.260100104546982,16.127862082203457
path,-11.257718934560964,16.127981070610232
path,-11.255454381761437,16.12813363177581
path,-11.253233627344285,16.12827559548524
path,-11.25105675151674,16.12837355290943
path,-11.24819748224585,16.128210163772344
path,-11.244019759865239,16.127690407510897
path,-11.238685984300044,16.126396841148207
path,-11.23252268747177,16.124776816541655
path,-11.225596874781408,16.12292838766001
path,-11.217928942861526,16.120767210426507
path,-11.209194145030345,16.118103251705264
path,-11.199886831755297,16.115271317487128
path,-11.190449302430665,16.11249248479701
path,-11.180939024030215,16.109771813147542
path,-11.17149502303768,16.10702914713993
path,-11.161996557111632,16.10429306007522
path,-11.1524367438231,16.101575936918746
path,-11.142818621925512,16.098868525414094
path,-11.133148351724122,16.096167389374166
path,-11.123785900846134,16.093506380063566
path,-11.114888513271623,16.09107993052155
path,-11.106243971008537,16.088871397209097
path,-11.097569538603365,16.08663343527601
path,-11.088840132047713,16.08437611987329
path,-11.08046651879055,16.082071769676748
path,-11.072730370402956,16.07990833491766
path,-11.065261310074598,16.078010377164127
path,-11.057663324926649,16.076144928712164
path,-11.049948022484335,16.07429826081022
path,-11.042514900236439,16.07238192330122
path,-11.035327602338796,16.070453478090315
path,-11.02793032014344,16.06859742132931
path,-11.020388748011847,16.066794833717623
path,-11.012734043801824,16.065038360873878
path,-11.004932150166589,16.063240223059317
path,-10.996933599008136,16.061477512585842
path,-10.988862200914205,16.059769829453625
path,-10.980797684968001,16.05811041603507
path,-10.972750057694983,16.056500157690788
path,-10.964587854644893,16.05474848716979
path,-10.956210922088413,16.053055149580285
path,-10.947787956831885,16.05144925207152
path,-10.939418091416504,16.04990109372253
path,-10.931111788539319,16.048406272758406
path,-10.92327287603531,16.04697986732408
path,-10.915748283789819,16.0457502735746
path,-10.90832098132661,16.044592858022373
path,-10.900974858906467,16.043478232453175
path,-10.893714421204384,16.04240228001099
path,-10.886103820845713,16.041227761909408
path,-10.878185054204089,16.039936563854933
path,-10.870261939074634,16.03851753616316
path,-10.86236669540573,16.036999805219544
path,-10.85449915131217,16.0353953536884
path,-10.846215097681222,16.033720716376795
path,-10.837591433494685,16.031961770696483
path,-10.82885707658921,16.030022199985478
path,-10.82001381834101,16.0280644825372
path,-10.811060881275662,16.026107319507204
path,-10.80201316434687,16.024158958102817
path,-10.792866792572067,16.02221365797009
path,-10.783716896200106,16.02030598069629
path,-10.774574086986474,16.018432879577798
path,-10.765553476776944,16.01651376212695
path,-10.756675670182064,16.01453852641103
path,-10.747908932874317,16.01292462779854
path,-10.738961264980567,16.01139445019695
path,-10.729879000622889,16.009870432750073
path,-10.720682683595358,16.00832031595167
path,-10.711431882227616,16.00675366179235
path,-10.702094368363204,16.005146710757863
path,-10.692689641203206,16.003509875140523
path,-10.683268656428925,16.001868069579146
path,-10.673839487883527,16.000218715380043
path,-10.664427271880273,15.99859462664861
path,-10.655034932024977,15.996929096386955
path,-10.645635321568944,15.995221184838107
path,-10.636229807024435,15.993475042305658
path,-10.626818918953639,15.991693891448472
path,-10.617328955239605,15.990003869200795
path,-10.60793823559755,15.98829447521073
path,-10.598583812368542,15.986518545057148
path,-10.58922410892006,15.984686154013819
path,-10.579854292058894,15.982803702903146
path,-10.570230371260335,15.981138261358815
path,-10.56072506552125,15.979463479542758
path,-10.551269375269442,15.97774106501911
path,-10.541822497074016,15.975970215729284
path,-10.532365022143143,15.974151379664832
path,-10.522728059067035,15.97246368691093
path,-10.513146482681055,15.970784518807916
path,-10.503543375477859,15.969079129150154
path,-10.493920388052214,15.967347228327531
path,-10.484285184452217,15.965592893965438
path,-10.474648604255382,15.963957629967794
path,-10.46509116860359,15.962387138987369
path,-10.45549135400921,15.9608063639872
path,-10.445756692771372,15.959091370057001
path,-10.436015791862715,15.957306611001227
path,-10.426304130106624,15.955440540201453
path,-10.416569932370043,15.953508701681661
path,-10.406821004657841,15.951513110439235
path,-10.396965169684378,15.949497433919541
path,-10.386911728781431,15.947509237463029
path,-10.376870340216685,15.945502653682796
path,-10.366828643845757,15.94351589674439
path,-10.356781979247927,15.941550374804534
path,-10.34672428792697,15.939512613184087
path,-10.336637916953196,15.937332678273462
path,-10.327286516403602,15.935271264595631
path,-10.318911581473461,15.933289417053228
path,-10.3108002642695,15.931337656928825
path,-10.302943590481432,15.929411100623494
path,-10.295330470524165,15.927557435887733
path,-10.287860926890932,15.925710260452597
path,-10.280379480774233,15.923845587680471
path,-10.272796031686648,15.92192095708246
path,-10.265294330488828,15.91997761504096
path,-10.257715649206895,15.91814458245787
path,-10.24974911078506,15.916387312291182
path,-10.241312119732168,15.914733251301627
path,-10.232631592474013,15.913054650850802
path,-10.223852841442367,15.911275567786104
path,-10.214987713610986,15.909390180289403
path,-10.205775526984546,15.907517483732466
path,-10.196263409058329,15.90565650649647
path,-10.186488332371479,15.903787166575944
path,-10.176588939373328,15.901840050807149
path,-10.166595876307115,15.899803299769072
path,-10.156501391224532,15.897676994464844
path,-10.146296974930639,15.895476311185362
path,-10.135827345907838,15.893347124215001
path,-10.125142668546074,15.89122929824401
path,-10.11425843364424,15.889086284345485
path,-10.103321450457077,15.886819926246034
path,-10.09229691837857,15.884515773960505
path,-10.081193018371687,15.882259645154736
path,-10.070121658542785,15.88000331028376
path,-10.059106465030796,15.877739302027688
path,-10.048056178625613,15.875533309062618
path,-10.037242671158646,15.873201471775078
path,-10.026714099941746,15.870785261660075
path,-10.016462103022823,15.868359639685286
path,-10.006459329475812,15.86594175839318
path,-9.996158886533324,15.863909119586626
path,-9.985999019335804,15.861874052275837
path,-9.97630178428588,15.859726731301961
path,-9.967075846971907,15.857433820272952
path,-9.958236390047828,15.855057181568656
path,-9.94912109427749,15.853091791200669
path,-9.93957427803832,15.851406680480098
path,-9.930248977184363,15.849683661914904
path,-9.921287372580338,15.847920812417495
path,-9.912709755841314,15.846257089207212
path,-9.904278771691065,15.84551656574887
path,-9.895928234781614,15.845112372304817
path,-9.887765621430292,15.844762104882523
path,-9.879635372002312,15.844402564405856
path,-9.871558523808798,15.843999210128828
path,-9.86313915681411,15.84352887088422
path,-9.85467243576109,15.843153826125173
path,-9.846171461590403,15.84281721221337
path,-9.837664813714511,15.842496592753804
path,-9.829147911817383,15.842200397204447
path,-9.82073956590496,15.841901911735633
path,-9.812424968684025,15.841584789395514
path,-9.804141511352661,15.841270005591522
path,-9.795879604964103,15.840943821578898
path,-9.787628275694313,15.840608848162844
path,-9.779168721145153,15.840295298741106
path,-9.770844299656673,15.839969745918333
path,-9.76265977881172,15.839601760244236
path,-9.754555007758615,15.839196802920219
path,-9.74652632573089,15.83874357258721
path,-9.738669971688608,15.83835705616623
path,-9.73110994721799,15.837882949966502
path,-9.7237274094433,15.837408814605064
path,-9.716552478539693,15.837058893737106
path,-9.709520627560883,15.836653670850211
path,-9.70291415262595,15.836141571832192
path,-9.697020665730014,15.835694713917025
path,-9.69171788391831,15.835273007700636
path,-9.686605149266969,15.83467076811085
path,-9.681580500263111,15.833992373017331
path,-9.676931371161356,15.833439673169146
path,-9.672701505082772,15.83304861551176
path,-9.668587108276405,15.832577726552566
path,-9.664568013655302,15.832014731305497
path,-9.66064432456866,15.831354951914198
path,-9.657029833415612,15.8307919410602
path,-9.653607452305804,15.830222942703218
path,-9.650286408633715,15.829554323948512
path,-9.647069034387751,15.828782709281572
path,-9.643956306578207,15.827909060449494
path,-9.6401234789574,15.827108886451283
path,-9.635695582243999,15.82601111644199
path,-9.630752012313634,15.82456977951455
path,-9.625298646284083,15.822819026895544
path,-9.619492927771642,15.820854416324698
path,-9.613346732875954,15.818718343166188
path,-9.606892936861726,15.816423681586647
path,-9.600388548870647,15.814125891653436
path,-9.59386929519628,15.81183651414647
path,-9.586729872233082,15.80883591351275
path,-9.579725379072014,15.805662681776209
path,-9.572847249448973,15.802389441687103
path,-9.566087352082612,15.799039151571698
path,-9.559448565316403,15.795614394143788
path,-9.55296517423223,15.792215276948744
path,-9.54671231560043,15.788832869684407
path,-9.540586743150001,15.78537836992293
path,-9.53455200147469,15.781846953202594
path,-9.528610337405032,15.77824034686145
path,-9.522756035432645,15.774561450416053
path,-9.51646866584285,15.770790271506238
path,-9.509490564288036,15.76678430976414
path,-9.502376369163388,15.762590307497852
path,-9.495177959298374,15.758268961709158
path,-9.487903845456609,15.753846438978726
path,-9.480548093556102,15.749309193001004
path,-9.473109861257765,15.74465232431158
path,-9.465587108185995,15.739922224606316
path,-9.457975383462893,15.735101363885176
path,-9.450281350369046,15.730199668938553
path,-9.442411997305978,15.725556760149274
path,-9.434569397204509,15.721044533877208
path,-9.426816920801194,15.71638780695217
path,-9.419202810494152,15.711724146219135
path,-9.411727704588525,15.70705958748146
path,-9.404386448863985,15.702484415476688
path,-9.397179588171518,15.697980695158112
path,-9.389972020995922,15.693611525758087
path,-9.382654034199707,15.689286810730446
path,-9.375241667016873,15.684966164539057
path,-9.367769940534087,15.680538405999561
path,-9.360236806581316,15.676114067984804
path,-9.352735060699423,15.671741802395605
path,-9.345169809604931,15.667463276325405
path,-9.33757257960765,15.66323982841042
path,-9.330072892621187,15.658920293885991
path,-9.322510457264853,15.65459351438496
path,-9.315121079953778,15.650377609985895
path,-9.307847176153878,15.646258597619301
path,-9.300567061015634,15.642193189561404
path,-9.29340099872733,15.638028276905413
path,-9.28614983547196,15.6338866093016
path,-9.278831444383957,15.629760587797543
path,-9.271473139973159,15.625630553961477
path,-9.264085375289937,15.621530335528172
path,-9.25687494483719,15.617240655769198
path,-9.249524808600702,15.61306893532166
path,-9.24215483238472,15.608890189448633
path,-9.234721050433297,15.604707594017766
path,-9.227272490769552,15.60055035260474
path,-9.219763725362482,15.596330863702345
path,-9.212154883259561,15.592130397409875
path,-9.204511273702037,15.587906871463222
path,-9.196825479279132,15.584159751597301
path,-9.189170861469139,15.5816576793916
path,-9.180875196314743,15.5797651114256
path,-9.171841959045473,15.577871519402859
path,-9.162278991045998,15.57599212873361
path,-9.15266821962198,15.574440782872687
path,-9.143066392010693,15.573016852802407
path,-9.133392387581218,15.571140819893493
path,-9.12362167669537,15.5689600234263
path,-9.113937233786201,15.567058658030625
path,-9.104340506517953,15.565354526257654
path,-9.09473704369348,15.563759802643098
path,-9.085073652989708,15.561759011281458
path,-9.075383395203257,15.559560576725959
path,-9.065913445572763,15.557558875420572
path,-9.05642179355732,15.555669009775134
path,-9.047101284512381,15.553847174073788
path,-9.037889110582382,15.551772231310027
path,-9.028484389874867,15.549281242435903
path,-9.018963621334619,15.546741063559011
path,-9.009444891250338,15.544387195321493
path,-9.00003333002856,15.542112929663048
path,-8.990415779529975,15.539706228491124
path,-8.980688354236989,15.537208673182244
path,-8.971111924149719,15.534855901663954
path,-8.961716122707724,15.532585495946067
path,-8.952514539769346,15.53037474034473
path,-8.943150135100018,15.527971591272497
path,-8.933691482671943,15.525478573280829
path,-8.92440958852532,15.523165761976527
path,-8.91534668857135,15.520966575136073
path,-8.90650884843401,15.518849940081584
path,-8.897503705228283,15.51652983072147
path,-8.888147541394291,15.513958520301978
path,-8.878678315643056,15.511372982730181
path,-8.86932476243946,15.508840532924237
path,-8.860083834848016,15.506343277486621
path,-8.850663316318077,15.503778408300734
path,-8.840916908907001,15.501081124388167
path,-8.830878069855924,15.498259821037962
path,-8.820552486840985,15.495318119651785
path,-8.809943188974861,15.492246439159588
path,-8.799292765417125,15.489117118788739
path,-8.788401744042579,15.485807775258127
path,-8.777239891703898,15.482362832002538
path,-8.765818510215668,15.478782589241135
path,-8.754058045470394,15.475067958035776
path,-8.742281529473683,15.471309427040593
path,-8.730915468911725,15.467793706444615
path,-8.71987394903603,15.464379776657054
path,-8.709154597761934,15.46106700886273
path,-8.698697926200376,15.45783914792161
path,-8.688548079180691,15.45460643388817
path,-8.678449842125845,15.45125644844779
path,-8.668348232289455,15.447657006991797
path,-8.658295701604258,15.443901939501067
path,-8.648284634890965,15.439972724753407
path,-8.638521096146142,15.436257745338905
path,-8.629155686804673,15.432853782507015
path,-8.619863943806633,15.429287880185235
path,-8.610606245428336,15.425534027743728
path,-8.601384664513184,15.421591423919521
path,-8.592406435415217,15.417882798848447
path,-8.58369348948998,15.414531807096024
path,-8.575016130417993,15.41100084977716
path,-8.566369253147254,15.407282909290592
path,-8.557752095148029,15.403382842079475
path,-8.549278732475024,15.399551396590274
path,-8.540863233613235,15.395587833656604
path,-8.532404439285823,15.391539046142386
path,-8.523879658257908,15.387449123396342
path,-8.515288157452472,15.38331964809928
path,-8.507095385589938,15.379450209600106
path,-8.499082417120977,15.375551665165332
path,-8.49104035569968,15.37158366331325
path,-8.483000075522543,15.367606022724786
path,-8.474988395215648,15.36362671624886
path,-8.467586348699895,15.359983974830826
path,-8.460967998502555,15.35663964768213
path,-8.454797802903121,15.353293765092207
path,-8.448685301471082,15.34996731209868
path,-8.442595342050112,15.346637825508013
path,-8.436770754678607,15.343422514325367
path,-8.431349214045234,15.340340307470093
path,-8.4260417855417,15.337375440173645
path,-8.420759010925412,15.33436094057433
path,-8.415502668440897,15.33131172314846
path,-8.410459752292386,15.328236103736133
path,-8.405530000390586,15.325214807271
path,-8.40067340326715,15.32227465681681
path,-8.395920535648955,15.319423246680813
path,-8.391243498767365,15.316631932229317
path,-8.38675366670061,15.313784651976405
path,-8.38235692691572,15.310959386954265
path,-8.3779948449938,15.308165464954971
path,-8.373667900363296,15.305402402787168
path,-8.369376052484727,15.30267149186766
path,-8.365490416397176,15.300178715919618
path,-8.36195818604858,15.297770632541555
path,-8.35861739110008,15.295432754569367
path,-8.355430111863514,15.293127588725511
path,-8.352297726090995,15.290853360624336
path,-8.349532528640337,15.288917116436124
path,-8.347543680799786,15.287722633219902
path,-8.346427254759469,15.287202748974263
path,-8.346201610333948,15.287182216756367
path,-8.346374273549477,15.287396175274674
path,-8.346495757232345,15.287498870912684
path,-8.346712886635933,15.287636692371455
path,-8.347000727505085,15.287842256157948
path,-8.347377548238805,15.288131351087744
path,-8.347828783700116,15.288490762434432
path,-8.347991337159716,15.288588376087334
path,-8.34818278829337,15.28871760281611
path,-8.348471491006986,15.288927023294274
path,-8.3488483111614,15.289220226440262
path,-8.349294089968227,15.289574141396365
path,-8.349782060029217,15.289964365870471
path,-8.350324731252046,15.290388947676542
path,-8.350914773347906,15.290860788230928
path,-8.351538622459511,15.291359438247063
path,-8.352191921182492,15.291881219611033
path,-8.352852128930065,15.292415823489513
path,-8.353556445983921,15.292973915094576
path,-8.35428362869855,15.293545957516763
path,-8.355026426678798,15.294135453264264
path,-8.355785874801537,15.294737064722948
path,-8.35654463497038,15.295337033033139
path,-8.3573328857896,15.29595447219649
path,-8.358138153693185,15.29658873779223
path,-8.358955904203466,15.297231547421898
path,-8.359785654929789,15.297882466021996
path,-8.359761714674292,15.297760757611973
path,-8.358561115381306,15.296922980062412
path,-8.356602769007687,15.295984911922734
path,-8.354451675318955,15.294866330147743
path,-8.352283997538988,15.293596409850318
path,-8.35017330295282,15.292534160067433
path,-8.347986632981787,15.29138841275921
path,-8.345787218880728,15.29007771453909
path,-8.34359489707972,15.28865848294245
path,-8.34140280097852,15.28728181369508
path,-8.33930240230693,15.286187694817183
path,-8.337146850971877,15.28505114313578
path,-8.334984864078114,15.283752488191022
path,-8.33283305406469,15.28234835230949
path,-8.33068661723729,15.28098528793815
path,-8.328558212993379,15.279659993532903
path,-8.326436444592408,15.27838912808764
path,-8.324329303085221,15.277162722842139
path,-8.322237930558234,15.275978433865275
path,-8.320163568653875,15.274833483553232
path,-8.318127485767164,15.27371579977526
path,-8.316106509757823,15.272639483121441
path,-8.314104501526202,15.271598039782349
path,-8.312124353366872,15.270591188472299
path,-8.31016587704793,15.269616978986093
path,-8.307913832820093,15.268573077523513
path,-8.30556154855842,15.267343965642635
path,-8.303211594790445,15.266038785047291
path,-8.300869797456485,15.264737280137435
path,-8.298536007491553,15.263438590655973
path,-8.29623507405918,15.262139870755306
path,-8.293955833475186,15.260872517733473
path,-8.291692998290282,15.25962170433373
path,-8.289438335482187,15.25837246331861
path,-8.287191128418812,15.257123276015287
path,-8.284978735218855,15.255874370483534
path,-8.282783105981267,15.254646785170369
path,-8.280606053419993,15.25343941382045
path,-8.278438257172258,15.252234731238383
path,-8.276277628528224,15.251028870165435
path,-8.27414740303825,15.249821929514356
path,-8.272031992179038,15.248633683648212
path,-8.269933793159366,15.247461193724586
path,-8.26784387105667,15.246289224063757
path,-8.265760996072581,15.24511549144738
path,-8.263781500028722,15.243906732854567
path,-8.261837531856312,15.242707234859468
path,-8.259910529417292,15.241526677279914
path,-8.25800206029147,15.240366103103307
path,-8.256107997025806,15.239221055190809
path,-8.254236153981902,15.23808938796789
path,-8.252377075300682,15.236976362886333
path,-8.250534575433967,15.23587676796156
path,-8.248709995694744,15.234788975991279
path,-8.246903980974118,15.233712206638872
path,-8.245129208432038,15.232639328821373
path,-8.243371238785267,15.231576897791497
path,-8.24163562312754,15.230525653222115
path,-8.239921135930661,15.229478446243574
path,-8.23823294905731,15.228436793535847
path,-8.236547712275677,15.227332312656834
path,-8.234818468000704,15.226114485979338
path,-8.233052421261222,15.224794584763313
path,-8.23125672079122,15.2233935639139
path,-8.22943887480834,15.221944005969146
path,-8.22763007379457,15.22057465631217
path,-8.225821135767196,15.21930067373749
path,-8.224013630051541,15.218107707687842
path,-8.22220819599882,15.216978018684733
path,-8.220405882741314,15.21590222923794
path,-8.218388551422615,15.214882127807797
path,-8.216314395343744,15.213868943345654
path,-8.214236792205556,15.212848289432365
path,-8.212156532651106,15.211821259806342
path,-8.210074258208113,15.210788738783375
path,-8.208014588975576,15.209760069642675
path,-8.205956765509528,15.208731285012075
path,-8.20389828944177,15.207698951592672
path,-8.2018394300031,15.206663434334764
path,-8.19978047050412,15.205625106296633
path,-8.197755709731938,15.204600899761328
path,-8.1957318194016,15.20357532515127
path,-8.193708163970477,15.202547486835437
path,-8.191684836591765,15.201517507849768
path,-8.189661912468335,15.200485486900583
path,-8.187683361236646,15.199472698567945
path,-8.185706870091469,15.198460299621528
path,-8.183730887385732,15.197446107620369
path,-8.181755445530692,15.19643016375826
path,-8.179780572291218,15.195412503179057
path,-8.177835536089464,15.194407842679459
path,-8.175891616584243,15.193402300688208
path,-8.173948295428275,15.192395150180042
path,-8.172005584317985,15.191386405043229
path,-8.170063493123493,15.190376076818808
path,-8.168136540243363,15.189371737409195
path,-8.166210225889396,15.188365869690447
path,-8.16428454209359,15.187358464601315
path,-8.162359493903425,15.18634952751726
path,-8.16043508537773,15.185339062514807
path,-8.158532498999639,15.184338134379487
path,-8.156630659425462,15.183335874634507
path,-8.154729453156179,15.182332127153316
path,-8.152828882092678,15.181326893258626
path,-8.150928948137182,15.180320174318375
path,-8.149053291317003,15.179329394959266
path,-8.14717896765429,15.178334030195382
path,-8.145305091580962,15.177334877582254
path,-8.143431939089002,15.17633441951211
path,-8.141559502162474,15.175332643599312
path,-8.139711194587676,15.174341895195504
path,-8.137863824710363,15.17335019419429
path,-8.13601713320494,15.172357178280542
path,-8.134171115066563,15.171362839369236
path,-8.132325765838962,15.170367170151891
path,-8.130511181098255,15.169385947225436
path,-8.128697857881367,15.168404300756816
path,-8.126885167466774,15.167421345146865
path,-8.125073107662166,15.166437076334788
path,-8.123261678378338,15.1654514932538
path,-8.12119724441992,15.164323940127424
path,-8.11895523025389,15.163132067026735
path,-8.116713216347627,15.161929597764626
path,-8.114471323330855,15.16071760836046
path,-8.112229545625022,15.159496072131745
path,-8.11001909891823,15.158278312384603
path,-8.107809947196458,15.157059066426065
path,-8.105601716115695,15.155837808491468
path,-8.103394407031878,15.154614538767708
path,-8.101188020846147,15.1533892567929
path,-8.099024451555614,15.152181489882658
path,-8.096865259381447,15.150976750712626
path,-8.094707042453527,15.149770206128178
path,-8.092549793395063,15.148561844119426
path,-8.090393505680147,15.147351653875434
path,-8.08830143651987,15.146171336182915
path,-8.086214846612435,15.144996098302016
path,-8.084129097301437,15.143819045441138
path,-8.082044204710023,15.142640206051485
path,-8.079960168164565,15.141459577920738
path,-8.07806787145009,15.140361882323301
path,-8.076228924303084,15.139315866523852
path,-8.074390704589247,15.138268539934291
path,-8.072553206428529,15.137219893228176
path,-8.070716424595586,15.136169918005775
path,-8.068899594102106,15.135129557787696
path,-8.067083552495216,15.134088014660211
path,-8.065268200385187,15.133045151201328
path,-8.06345353462728,15.132000961989366
path,-8.06163955241514,15.130955442081984
path,-8.059846921390783,15.129920391700935
path,-8.058055136386125,15.128884288271234
path,-8.056264011356877,15.127846870480221
path,-8.054473546372378,15.126808137530167
path,-8.05268374030836,15.125768086898736
path,-8.050910396584536,15.124735913450959
path,-8.049137712999148,15.123702457340796
path,-8.047365673005011,15.122667698742408
path,-8.04559427748362,15.121631638039766
path,-8.043823525269978,15.120594272666796
path,-8.04207210816885,15.119566516354563
path,-8.040321405742958,15.118537597477157
path,-8.038571332477588,15.117507398051675
path,-8.036821889298222,15.116475918550654
path,-8.035073074963215,15.115443156322698
path,-8.033143089588963,15.11431132859801
path,-8.031092644283714,15.113121516600957
path,-8.029041411602092,15.111914985333012
path,-8.026989844006948,15.110695846029987
path,-8.024939074548747,15.109474300688609
path,-8.022929664386748,15.108271214630435
path,-8.020924629858557,15.107071505203246
path,-8.018920507278317,15.105870126631645
path,-8.016917291494527,15.104667085679521
path,-8.014914977775764,15.103462386764678
path,-8.012946635396883,15.102275286861543
path,-8.010980073990048,15.101087899405965
path,-8.009014367304617,15.099898904766116
path,-8.007049512849786,15.098708303500947
path,-8.005085508426925,15.097516095568771
path,-8.003147211597193,15.096337062744727
path,-8.001210203062817,15.095157124209937
path,-7.999274014841846,15.093975613381023
path,-7.997338648104081,15.092792532652242
path,-7.995404096972611,15.091607873867495
path,-7.993499292829577,15.0904388748312
path,-7.99159598432785,15.089269354979821
path,-7.989693463608311,15.088098300105246
path,-7.987791730579006,15.086925709611775
path,-7.985890785653143,15.085751583509706
path,-7.984017690982407,15.084592227376755
path,-7.982145969134751,15.083432248999056
path,-7.98027500982035,15.082270773102518
path,-7.978404814372782,15.08110780078222
path,-7.976535383827504,15.079943332660294
path,-7.974694354352126,15.07879209477252
path,-7.972856140483354,15.07764242436698
path,-7.971018767569868,15.076491451918148
path,-7.969182227388553,15.075339165150963
path,-7.967348976616298,15.074187543588303
path,-7.965533797941025,15.073042354038435
path,-7.963720128751634,15.071893584735502
path,-7.961907883598169,15.0707411237369
path,-7.960097051617681,15.069584963844717
path,-7.958287622783564,15.068425099702516
path,-7.956501747317217,15.06727554752901
path,-7.954719168366691,15.066155003404166
path,-7.952939849025182,15.065052946415273
path,-7.951161268857771,15.063949040762907
path,-7.949377520883711,15.062821858767398
path,-7.947635010631137,15.061693636039491
path,-7.945909509481063,15.060614001456806
path,-7.944184748543097,15.059535543173292
path,-7.942460427692693,15.058455327410726
path,-7.940736567483278,15.057373364138499
path,-7.939027739766587,15.05629841369085
path,-7.937319949866221,15.05522254282569
path,-7.9356126502473785,15.054144963958063
path,-7.933905854343085,15.05306568247688
path,-7.932199574734705,15.05198470553684
path,-7.930510653902944,15.05091212655581
path,-7.928823099389062,15.049839076745785
path,-7.927136072248177,15.048764365999368
path,-7.925449581500591,15.047687999996128
path,-7.923763636490241,15.046609995465335
path,-7.922093840235458,15.0455373476438
path,-7.920427776176541,15.044467347017045
path,-7.91876236423707,15.043395893690567
path,-7.917097600142688,15.042322967255712
path,-7.915433722477207,15.041248905342314
path,-7.913657623692912,15.04011727693504
path,-7.911843181704762,15.038949024495324
path,-7.910034815369723,15.037786161755681
path,-7.9082333861587335,15.036636408658401
path,-7.906442427267415,15.035528793172537
path,-7.904676370010096,15.034456556608317
path,-7.902910900672489,15.033334016351509
path,-7.901128980718456,15.03203396370152
path,-7.899347016795262,15.030703993013047
path,-7.897567648159276,15.029373180978443
path,-7.895814444387695,15.028058179063011
path,-7.894065333133754,15.026755941426122
path,-7.892321790985209,15.025463712940665
path,-7.890585885718666,15.024197469961596
path,-7.888854887521981,15.022992534167342
path,-7.8871440716110985,15.02188566648357
path,-7.885437374186005,15.02083433820986
path,-7.883723509989257,15.019791010324615
path,-7.8820024547799,15.01874656136609
path,-7.880274803361583,15.017696633726185
path,-7.878567673052798,15.016657355688276
path,-7.876855925937952,15.015614206176483
path,-7.875139676301866,15.014566855463702
path,-7.873423063906392,15.013517912712288
path,-7.871707159345383,15.012468054157585
path,-7.87002814553218,15.01143865254916
path,-7.868351206273586,15.010410101408768
path,-7.866674928385831,15.00938065327527
path,-7.864999311769056,15.008350307214693
path,-7.863324356235718,15.00731906259826
path,-7.8616663911247215,15.006296935989749
path,-7.860009176815176,15.005274049205019
path,-7.858289140577092,15.0043266672503
path,-7.856569793347721,15.003378577186831
path,-7.8548509955016215,15.002429611494595
path,-7.853150565683721,15.001489633104272
path,-7.851450678465416,15.00054880265064
path,-7.849750520736525,14.999608086243878
path,-7.8480513199924635,14.998666010223102
path,-7.846356368308665,14.997718632886409
path,-7.844684007856816,14.996787367562188
path,-7.843012904203784,14.995854443263754
path,-7.841342993946363,14.99491989487991
path,-7.83967426125683,14.99398374035079
path,-7.838006696657423,14.993045993664685
path,-7.836135589835295,14.991947885551795
path,-7.834135006517561,14.990815965462794
path,-7.832134813190532,14.989682024794405
path,-7.830136247822431,14.9885458715886
path,-7.828139298976673,14.98740752388607
path,-7.826178996623958,14.98628433374703
path,-7.8242197979290555,14.985161008530849
path,-7.822262184877873,14.984035753147136
path,-7.820305548508612,14.982909269929758
path,-7.818349661903051,14.98178180996041
path,-7.8164238398824555,14.98067029930021
path,-7.814498745718752,14.979557833306927
path,-7.8125743606549,14.9784444055305
path,-7.8106506805840406,14.977330009928435
path,-7.808725932599903,14.976216710000791
path,-7.8068349681401035,14.975122816843426
path,-7.8049448426295855,14.974028144382784
path,-7.803055387364411,14.97293251254564
path,-7.8011665992195764,14.971835919071586
path,-7.7992784753545665,14.970738362023598
path,-7.797433921519677,14.969664511392791
path,-7.795590620864404,14.968590439213626
path,-7.793747944217755,14.967515437434761
path,-7.7919058902537515,14.966439505460668
path,-7.790064457586253,14.965362643050906
path,-7.788246567674471,14.964298278061577
path,-7.786429291551832,14.963233006885956
path,-7.784612619536207,14.962166826893606
path,-7.782796550815161,14.961099738052043
path,-7.780981084787747,14.960031740259137
path,-7.7791877486750955,14.958975519605705
path,-7.777395008970292,14.957918413358716
path,-7.775602856981544,14.956860419265894
path,-7.773811292467899,14.955801537326264
path,-7.77202031518913,14.954741767642535
path,-7.77025521490728,14.953696101543056
path,-7.7684906948684835,14.952649575770407
path,-7.766726745365238,14.951602187599095
path,-7.764963366290454,14.950553937273165
path,-7.763200557409873,14.949504825243446
path,-7.761461993820645,14.948468965577606
path,-7.759723994639732,14.94743227005918
path,-7.757986550609143,14.946394736573534
path,-7.75624966226616,14.945356364864187
path,-7.754513328992208,14.944317156017572
path,-7.7528497336242435,14.943315279934273
path,-7.751190126418806,14.942319501306203
path,-7.7495310813461415,14.94132301907581
path,-7.747872592972212,14.940325828124065
path,-7.746214657059116,14.939327923120997
path,-7.74457512162447,14.938340060054362
path,-7.742936126724973,14.937351492972077
path,-7.741297661914782,14.936362216594956
path,-7.739659724570325,14.935372227314433
path,-7.738022312049641,14.934381522227742
path,-7.736405488280837,14.933402257866963
path,-7.734789180381485,14.932422293264956
path,-7.733173378480586,14.931441624238644
path,-7.73155808043762,14.930460249458745
path,-7.729943285238312,14.929478166883394
path,-7.728350877649747,14.928508705934348
path,-7.7267589656509,14.927538556494579
path,-7.72516753948173,14.926567715273652
path,-7.723576598214699,14.925596181260424
path,-7.721986140961297,14.924623953649181
path,-7.720412676133133,14.923661137890342
path,-7.71883969038302,14.922697643661422
path,-7.717267176726982,14.921733468600753
path,-7.715695134722377,14.92076861217233
path,-7.714123563742517,14.919803074193336
path,-7.712426140490292,14.918657475766166
path,-7.710597195941133,14.917501624834692
path,-7.708731832150021,14.91635195843172
path,-7.7068671297488995,14.915201327214078
path,-7.705003088996392,14.914049730948621
path,-7.703175797203828,14.912919371883206
path,-7.7013494022232,14.911788387372464
path,-7.69952364113435,14.910656473546233
path,-7.697698514029618,14.909523631037274
path,-7.69587402110004,14.908389860382822
path,-7.694088227362849,14.907275632867439
path,-7.69230280595119,14.90616309564824
path,-7.690518076269389,14.905049768098351
path,-7.688733832561348,14.903930480482371
path,-7.686961870431476,14.902779247340591
path,-7.685198986707185,14.901678887853487
path,-7.683436547720694,14.900577593978488
path,-7.681674556478914,14.899475368840383
path,-7.679913026861459,14.898372218164337
path,-7.6781519714496,14.897268147179156
path,-7.676423560474102,14.89618332057732
path,-7.6746956966216695,14.89509768974375
path,-7.6729683191808755,14.894011179538982
path,-7.6712414332275625,14.892923797390122
path,-7.669515045176021,14.891835548124103
path,-7.667792511850768,14.890748545502966
path,-7.666070491716726,14.889660682573908
path,-7.664348988549223,14.888571962215575
path,-7.66262800571443,14.887482388887054
path,-7.6609075488842455,14.886391963892528
path,-7.659209903845348,14.88531483473473
path,-7.657512788800793,14.88423688112431
path,-7.655816196997605,14.883158103068938
path,-7.654120132768493,14.882078501092256
path,-7.65242459818039,14.880998077696834
path,-7.650760410065253,14.879936501410752
path,-7.6490967504279315,14.87887413876003
path,-7.647433608173031,14.877810987500022
path,-7.645770984960195,14.87674704920408
path,-7.644108882795119,14.875682324661334
path,-7.642470570041493,14.874631744023585
path,-7.640832777142099,14.873580403183242
path,-7.639195494517474,14.872528301383172
path,-7.637558723965429,14.871475438969524
path,-7.635922466545677,14.87042181690837
path,-7.634167743928579,14.869140842908683
path,-7.632277732043953,14.867809506457066
path,-7.630263791606803,14.866484773441346
path,-7.628216845700154,14.865160956959993
path,-7.626170715578763,14.863835955958397
path,-7.62416582053716,14.862532694648294
path,-7.622161818125784,14.861231182272313
path,-7.6201586808345585,14.859928632279678
path,-7.618156401277597,14.858625036891693
path,-7.616154973454139,14.857320388474655
path,-7.614210254908302,14.856050472635198
path,-7.612267594204304,14.854781116953795
path,-7.610325714225068,14.853510741960466
path,-7.608384612062086,14.852239343930709
path,-7.606444284137534,14.850966920560303
path,-7.604555281138156,14.849726139019483
path,-7.602668000741454,14.848485613669196
path,-7.600781441000046,14.847244100631805
path,-7.598895600032821,14.846001599854592
path,-7.597010477414422,14.844758110086392
path,-7.595162760095984,14.843537720981452
path,-7.593316023369673,14.842316735822845
path,-7.591469972660744,14.841094796772504
path,-7.589624606487393,14.839871904640882
path,-7.587779925590108,14.838648058284706
path,-7.58599185504455,14.837456346567755
path,-7.584206102602429,14.83626852776346
path,-7.582421056903747,14.835079894033457
path,-7.580636710944026,14.833890438684865
path,-7.57885305880565,14.83270015531538
path,-7.577106538818442,14.831533254284627
path,-7.575360938357857,14.830365870463291
path,-7.573615989558504,14.829197676563215
path,-7.571871689050646,14.82802866836126
path,-7.5701280327306675,14.826858843161805
path,-7.5684292340740384,14.825717550265315
path,-7.566731694283745,14.824576296444917
path,-7.565034754607592,14.823434253534439
path,-7.563338413299053,14.822291420061585
path,-7.561642668858759,14.821147794675758
path,-7.559975934188357,14.820022568257118
path,-7.558309786137341,14.81889657869667
path,-7.556644211880717,14.817769821127085
path,-7.554979210494771,14.816642294748462
path,-7.553314780837118,14.815513999199265
path,-7.551671773123751,14.814399089902562
path,-7.550029330111831,14.813283432970845
path,-7.548387442629443,14.812167025050542
path,-7.5467461100810285,14.811049865911427
path,-7.545105332206016,14.809931955126775
path,-7.543466442728304,14.808814204043447
path,-7.541828106209184,14.807695703068587
path,-7.540190321619913,14.806576452125778
path,-7.538568602677116,14.80544600243527
path,-7.536931665630077,14.804325504262989
path,-7.535313915629472,14.803216924525902
path,-7.533696776900559,14.802107551196633
path,-7.532080235022216,14.800997388366168
path,-7.5304642839910025,14.799886442071854
path,-7.528848918399029,14.798774717798794
path,-7.527263973457492,14.797682799862493
path,-7.525680364093094,14.796590449347166
path,-7.524100380671544,14.795498586036738
path,-7.522520946046317,14.79440599557785
path,-7.5209420568112195,14.793312681282995
path,-7.519382917811491,14.792231970076054
path,-7.517824313204599,14.79115056072903
path,-7.51626623316602,14.790068452805995
path,-7.514708675445079,14.788985648633858
path,-7.51315163801027,14.787902150357144
path,-7.511457691593521,14.78657768111318
path,-7.509646173931582,14.785182205776248
path,-7.507756760471643,14.783798817167932
path,-7.505801341323202,14.782425497257217
path,-7.503838577026921,14.781052448000677
path,-7.501919762880292,14.779705148524313
path,-7.500001924766871,14.778359886691902
path,-7.498084933085055,14.777013682827821
path,-7.496168776563093,14.77566653285212
path,-7.49425344873548,14.774318429617585
path,-7.492387109709467,14.773002840862034
path,-7.490522389636093,14.771687447420014
path,-7.488650909680553,14.770378238301822
path,-7.486778247183512,14.769069894865776
path,-7.48490631239674,14.76776062982253
path,-7.483071359959941,14.766475701537189
path,-7.481237352578561,14.765190209847317
path,-7.479404034052837,14.76390382476054
path,-7.477571398634196,14.762616547978155
path,-7.475739444857606,14.761328377602826
path,-7.473963741556255,14.760077752492718
path,-7.47218989277041,14.758827895236019
path,-7.470416668421032,14.757577185286449
path,-7.468644068208757,14.756325623056956
path,-7.466872092011562,14.75507320884118
path,-7.465122846908578,14.753835591926169
path,-7.463374216767764,14.752597150163568
path,-7.461626191365975,14.751357881861992
path,-7.459878772361426,14.750117785780354
path,-7.458131957235957,14.748876864559174
path,-7.456419207959819,14.747658866510589
path,-7.45470714664078,14.74644020958658
path,-7.452995664639449,14.745220759666212
path,-7.451284760500881,14.744000518617257
path,-7.44957443502672,14.742779486234776
path,-7.447906291587607,14.741583968405068
path,-7.446238527589928,14.740390544672488
path,-7.444571384358814,14.739196466758084
path,-7.442904855953842,14.738001725157169
path,-7.441238935044757,14.736806313103035
path,-7.439600564173582,14.73562958333983
path,-7.437962781653648,14.73445219938346
path,-7.436325573006667,14.733274150677147
path,-7.43468893194595,14.732095434071011
path,-7.433052856109932,14.730916043748126
path,-7.431437175805274,14.729750292175911
path,-7.429822047661647,14.72858388114788
path,-7.428207461039171,14.727416804283557
path,-7.426593412593169,14.726249059411277
path,-7.424979899063322,14.725080644814298
path,-7.42321355157384,14.723667258962656
path,-7.4213101218531685,14.722147628288488
path,-7.41935371047172,14.720636639472392
path,-7.417344948763782,14.719134151493222
path,-7.415294182146386,14.717638277079669
path,-7.413304074885724,14.716183873250388
path,-7.4113171021032525,14.714734440092652
path,-7.4093309708898865,14.713284031617219
path,-7.407345669424377,14.711832646103742
path,-7.405361190539774,14.710380278922734
path,-7.403424902139045,14.708961178368913
path,-7.401490178214324,14.707542210681348
path,-7.399556221184147,14.70612228675721
path,-7.397623026183042,14.704701405131365
path,-7.3956905842158704,14.703279568560951
path,-7.393802452507194,14.701888518032181
path,-7.391915635146771,14.700497363639762
path,-7.390029529677473,14.699105282788782
path,-7.388144133759149,14.697712275304008
path,-7.386259445096585,14.696318341236095
path,-7.384431987237191,14.694961145578056
path,-7.3826067292453885,14.69360804215304
path,-7.380782185357166,14.692254148889754
path,-7.3789583428939105,14.690899463496788
path,-7.377130545364707,14.68954817017419
path,-7.375345072774622,14.68822834206022
path,-7.373561059440372,14.686908335202876
path,-7.37177792309241,14.685587338591956
path,-7.369995660992584,14.6842653484508
path,-7.36821427074286,14.682942361409566
path,-7.366472303168536,14.681646838748868
path,-7.364731526528852,14.680350857114211
path,-7.362991576805242,14.6790539110986
path,-7.361252452896898,14.677755998959068
path,-7.359514153881165,14.676457119162958
path,-7.357817987515767,14.67518789052264
path,-7.356123097951908,14.673918427630351
path,-7.35442898876929,14.672648034747338
path,-7.35273565994094,14.671376711500223
path,-7.3510431115099735,14.670104457592563
path,-7.349370496948513,14.668845693549677
path,-7.347698652566861,14.667586023442569
path,-7.346027571553604,14.666325443267306
path,-7.3443572541488855,14.665063952953696
path,-7.342687700635139,14.663801552478448
path,-7.341061992653275,14.662563699590578
path,-7.3394737203912515,14.66131574486907
path,-7.337886620881082,14.660071488099225
path,-7.336300312427147,14.658826427918758
path,-7.3347152598479495,14.65758046817517
path,-7.3331363310526845,14.656352726223789
path,-7.331559396167354,14.655123947448045
path,-7.329984704278143,14.653894073209909
path,-7.328411771454989,14.652663196026584
path,-7.32684033860608,14.651431364289754
path,-7.325273870077931,14.650224928001602
path,-7.3237040558175,14.649018508337072
path,-7.322134709534364,14.647811340852144
path,-7.320566108077603,14.646603368700458
path,-7.318998247403584,14.645394591074446
path,-7.3172909808765425,14.643913902780858
path,-7.315444372896916,14.642289699593597
path,-7.313588789044904,14.640666246029284
path,-7.3117301506234345,14.639042380992139
path,-7.309868980505733,14.637418000120409
path,-7.308014870610985,14.635832073669688
path,-7.30615954911523,14.634247111790948
path,-7.304303294700798,14.632661336209937
path,-7.302446646382532,14.631074639915289
path,-7.300590144111066,14.629486915797765
path,-7.29874637590347,14.627949445046788
path,-7.296904431428282,14.626414505191962
path,-7.295064277941237,14.624878240461223
path,-7.293226575265594,14.623337828087877
path,-7.291393948066984,14.621796864264645
path,-7.289576441580231,14.620308513623785
path,-7.287761734400352,14.618822161234638
path,-7.285948942290261,14.617333153105534
path,-7.284137680410657,14.615841907102496
path,-7.282322384669947,14.614346329706626
path,-7.280520643142078,14.61288443899357
path,-7.278723493065974,14.611420407594347
path,-7.2769311367380265,14.609953026802211
path,-7.275143980948315,14.608482248725858
path,-7.273362198721347,14.60700807151737
path,-7.271615274292283,14.605568683864023
path,-7.269874696424824,14.604127237853119
path,-7.268140738979912,14.60268232897966
path,-7.26641390220864,14.601233880402592
path,-7.264694703954688,14.599781810411434
path,-7.263019951414093,14.59837270432161
path,-7.261354275364915,14.596962118370602
path,-7.259696883649142,14.595547961148272
path,-7.258033389217222,14.594133239672828
path,-7.256363637890431,14.592718020992569
path,-7.2547236667362816,14.591323595148843
path,-7.2530888399797036,14.589924941020568
path,-7.251453596613828,14.588526410581155
path,-7.249821300628286,14.58712536966706
path,-7.2481916070710515,14.58572209388332
path,-7.2465936036704575,14.584341588954935
path,-7.244998923956667,14.58295941487691
path,-7.243406765061729,14.581575241345385
path,-7.241817104971061,14.580189075359694
path,-7.240229922984504,14.57880092419408
path,-7.2386676889607156,14.577430543732516
path,-7.237107835429799,14.576058256413596
path,-7.23555033801518,14.574684063524863
path,-7.233995180866893,14.573307972437012
path,-7.23244234901441,14.571929990611665
path,-7.230721333675765,14.570247234610502
path,-7.228811187973524,14.568336320362148
path,-7.226743435511395,14.56642955693121
path,-7.2246243972693875,14.564533354651422
path,-7.222485967300181,14.562620183255685
path,-7.220380442396008,14.560735450720644
path,-7.218261642692446,14.558836695570372
path,-7.216141789847573,14.556933707261546
path,-7.214025892756148,14.555027042269646
path,-7.211915260587114,14.55311514640583
path,-7.209893329582988,14.551247232782432
path,-7.207875210253614,14.549390171236372
path,-7.205874262301278,14.547525722943773
path,-7.203901491850808,14.545644890109896
path,-7.2019380116050264,14.543753010605895
path,-7.200039936088547,14.541896639340807
path,-7.198156442987767,14.540030655163653
path,-7.196283783616216,14.53815118352632
path,-7.194422279065439,14.53625781972581
path,-7.19257224684197,14.534350162423348
path,-7.190811434394338,14.53249331755926
path,-7.189076841245858,14.530634292499787
path,-7.187354600146807,14.528759843611011
path,-7.185644995718582,14.526869605180137
path,-7.183948308714032,14.524963215909608
path,-7.182290085236205,14.523084638147774
path,-7.180648283367792,14.5211962139128
path,-7.179010921174707,14.519302569998555
path,-7.177375057882012,14.517407446213696
path,-7.1757406916057755,14.515510835463928
path,-7.174146095120274,14.51365588095184
path,-7.1725543739447515,14.511802644924646
path,-7.170964065866378,14.50994794972679
path,-7.1693751716173315,14.50809179243409
path,-7.167787693368754,14.506234168519244
path,-7.166235846570326,14.504414117406784
path,-7.164686373564127,14.502595014376626
path,-7.1631382492753986,14.50077448352179
path,-7.161591475941121,14.498952524159508
path,-7.160046055975676,14.4971291352977
path,-7.158519965740392,14.49533518953027
path,-7.1570023566948215,14.493538257912121
path,-7.155486117271868,14.491740045151413
path,-7.153971243011432,14.489940542217486
path,-7.152457732842995,14.488139737324149
path,-7.1509846697758475,14.486382634418863
path,-7.149514387107012,14.484627768932233
path,-7.148045378156939,14.482871624531814
path,-7.146577643473008,14.481114196421228
path,-7.1451111826718146,14.479355481359384
path,-7.143666738557836,14.477620135511074
path,-7.142223795155887,14.475884139344537
path,-7.140782088386692,14.474146879285383
path,-7.139341619387561,14.472408352535913
path,-7.137902388856898,14.47066855706029
path,-7.136484107563389,14.468950106279586
path,-7.1350682428477645,14.467229491406492
path,-7.133653795638002,14.465507357350576
path,-7.132240765331821,14.463783704868483
path,-7.130829157782845,14.462058543325893
path,-7.129444094967949,14.46036643112663
path,-7.128065937765079,14.458675369222256
path,-7.126689176066636,14.456982958608297
path,-7.125313805326857,14.455289190706178
path,-7.123939821404583,14.453594057886367
path,-7.122288638238868,14.45173367322543
path,-7.120377645001588,14.449571795313364
path,-7.118427214350295,14.447308026167956
path,-7.1165072961125,14.445005717338097
path,-7.114617338964383,14.442665550015587
path,-7.112782862755289,14.440369314470466
path,-7.110957973541879,14.438078683901987
path,-7.109135516217794,14.435785545279801
path,-7.107315489056586,14.43348989490255
path,-7.105497890423697,14.431191729734337
path,-7.103731691813618,14.428950168074234
path,-7.101970631562142,14.42671312343327
path,-7.100211835875645,14.424473645492814
path,-7.098455305747254,14.42223173842223
path,-7.096701042034488,14.419987406255746
path,-7.095006371727369,14.417812003218524
path,-7.093322926980637,14.415648213183955
path,-7.091636757043013,14.413481538968465
path,-7.089956724867953,14.411333875939656
path,-7.088275315527113,14.409191069806937
path,-7.086645813461174,14.407097643167669
path,-7.085018355719428,14.405011491382181
path,-7.083388528979069,14.402928930577412
path,-7.08175667831776,14.400849515551368
path,-7.0801231030078595,14.39877286051371
path,-7.078518635479285,14.396724983586976
path,-7.076914024579082,14.394679945718593
path,-7.07530854086118,14.39263653444484
path,-7.073702476148807,14.39059437582541
path,-7.072096122837997,14.38855309501995
path,-7.070546976419996,14.386558463382931
path,-7.069006442446743,14.384571848862338
path,-7.067466491514727,14.382585048945069
path,-7.065927398994127,14.380597700366199
path,-7.064389440744872,14.378609439902688
path,-7.062885459994423,14.376648034467019
path,-7.061382517487416,14.37468668240147
path,-7.0598761832322445,14.372725199242943
path,-7.058358538546249,14.37077079035663
path,-7.056825741126137,14.36882753302423
path,-7.055307512364432,14.366926263062172
path,-7.053777253652065,14.365040361084695
path,-7.052234420739794,14.36316884176151
path,-7.0506792639941525,14.361311430047454
path,-7.049112036837276,14.359467847522554
path,-7.047574911464447,14.35767453548902
path,-7.046030800348137,14.355900121667784
path,-7.044475439309401,14.354138753280228
path,-7.042909078652212,14.352390142168517
path,-7.041331972074583,14.350653997629898
path,-7.039770511337399,14.348955084549331
path,-7.038199840234848,14.347267996354772
path,-7.036627637957917,14.345583011774766
path,-7.035056764056866,14.343896917598531
path,-7.033487218091297,14.342209709514771
path,-7.031962292999708,14.340560937782966
path,-7.030436745288539,14.338916292655266
path,-7.0289124503917195,14.337270565090247
path,-7.0273894087819135,14.335623754204196
path,-7.025867620960706,14.333975859271243
path,-7.024369011690454,14.332350327391234
path,-7.022871699822181,14.33072419224053
path,-7.021375606376198,14.329096999982323
path,-7.0198807320052925,14.327468750654148
path,-7.018387077370665,14.325839444360525
path,-7.016918294583223,14.324231543787514
path,-7.015451886801978,14.322626357067694
path,-7.013986701911056,14.321020286255335
path,-7.012522736533688,14.319413318570076
path,-7.0110599876825015,14.317805442520719
path,-7.009375991228395,14.316028864177962
path,-7.007442546169914,14.313936858408324
path,-7.005432121076746,14.311716213294327
path,-7.003423971260086,14.309493706140646
path,-7.001418096287326,14.307269331442415
path,-6.9994700753480545,14.305083647754332
path,-6.997520272389419,14.302903731604424
path,-6.995568422293104,14.300726732805868
path,-6.993618470198234,14.298548222555107
path,-6.99167070653087,14.296367874250151
path,-6.989802849157931,14.294240883953139
path,-6.987939803149467,14.292124120821965
path,-6.986075194109423,14.29000978904217
path,-6.984209334775087,14.28789753010864
path,-6.982342776480428,14.285786718766628
path,-6.980535464989898,14.283719100566087
path,-6.978730729638523,14.281655090075354
path,-6.976925933032879,14.279591712635643
path,-6.97512138366409,14.277528622828275
path,-6.973317390440704,14.275465474872256
path,-6.971601140204631,14.273461197551336
path,-6.969893569684162,14.271464194050134
path,-6.968190055389611,14.269465594562028
path,-6.966494769986882,14.267454737648967
path,-6.9647992142309,14.265447833834374
path,-6.963137409704961,14.263488602841502
path,-6.961468082393996,14.26154251095868
path,-6.95980338358319,14.259592849270787
path,-6.958145640293846,14.257638874911438
path,-6.956493564098631,14.255682959347977
path,-6.954879008152957,14.253762897482119
path,-6.953266263658503,14.251843904479134
path,-6.951655159493162,14.249924812071926
path,-6.950048969633186,14.247996111303545
path,-6.948475990029536,14.246028544229413
path,-6.94699482710712,14.24406769906869
path,-6.945560113014769,14.242062071834944
path,-6.944168198064927,14.240007772406559
path,-6.9427929712103404,14.237935821176364
path,-6.941428574248168,14.235852248857856
path,-6.939595861306149,14.233585589132634
path,-6.937459320340093,14.231039172808211
path,-6.935149712666887,14.228235305748486
path,-6.932834862270507,14.225295532218945
path,-6.930582109105521,14.222283730331165
path,-6.928506545409566,14.219307426288577
path,-6.926469136726063,14.21632005435192
path,-6.924444547832935,14.213318825575385
path,-6.922433064433743,14.210303396595148
path,-6.920434969982664,14.207273426729634
path,-6.918562698553568,14.204345843916867
path,-6.916717047042175,14.2014174834877
path,-6.9148854894307625,14.19847358027219
path,-6.913068099977355,14.195514042735557
path,-6.9112571878534075,14.192547991730049
path,-6.909483268504064,14.18970539678025
path,-6.907728628588919,14.186854128179855
path,-6.905986690708183,14.18398897028096
path,-6.9042478451083635,14.181121304286664
path,-6.902511201091627,14.178252177551341
path,-6.900815396567383,14.175509466557822
path,-6.8991385279089235,14.172758959653832
path,-6.897473593218179,14.169995448165668
path,-6.895811041597886,14.16723023838782
path,-6.894150562119394,14.164463688962224
path,-6.892527270495589,14.161824798187842
path,-6.890917225389246,14.159179741089226
path,-6.889318550257417,14.156521379345232
path,-6.887723281156261,14.153859954636317
path,-6.886129990362148,14.151197290700273
path,-6.884575912673373,14.148600128610177
path,-6.8830263077820835,14.14600158982802
path,-6.881478557166491,14.143401867224902
path,-6.8799326590487615,14.140800960896685
path,-6.878388611913899,14.138198870993902
path,-6.876876244047193,14.135701710468805
path,-6.875381269243955,14.133193879872398
path,-6.873894424144912,14.130676809031376
path,-6.872409361053729,14.12815865069777
path,-6.870926073081333,14.125639404853622
path,-6.86947471857502,14.123172228171635
path,-6.868026322492127,14.120704248211222
path,-6.866579607022399,14.11823522205833
path,-6.865134569747623,14.11576514954537
path,-6.863691208618234,14.11329403061094
path,-6.862284756351428,14.110885505435183
path,-6.860881947761311,14.108476153069628
path,-6.859480712280332,14.106065803681508
path,-6.858058556719359,14.103661503789214
path,-6.856668592475806,14.10126915583275
path,-6.855366681121298,14.098923110456953
path,-6.854113540328601,14.096587671401108
path,-6.852894067692278,14.094273366853407
path,-6.851669465920955,14.091992601538266
path,-6.850434518224048,14.089726100368747
path,-6.849205386350023,14.087523647594578
path,-6.847971386673897,14.085329947983483
path,-6.846731504626457,14.083136807289295
path,-6.845485984532972,14.080944160696642
path,-6.844235073960141,14.0787519435833
path,-6.8429853397811184,14.076593476884554
path,-6.84173091242407,14.074436572446219
path,-6.840471857470021,14.0722799217298
path,-6.839208436515803,14.070123459949917
path,-6.837940914264947,14.06796712221568
path,-6.8366771539557565,14.065850856897399
path,-6.835410137323326,14.063736580675812
path,-6.834139830990997,14.061622254761195
path,-6.8328665118814325,14.059507813440252
path,-6.831590458978838,14.057393190904609
path,-6.829834403115967,14.054858166875407
path,-6.827879898710502,14.05173478890514
path,-6.8258927508496035,14.048411509611142
path,-6.823904574754822,14.045086490179063
path,-6.821915810922876,14.041759630350429
path,-6.819951823914966,14.038550776081395
path,-6.817999664985104,14.035412896008998
path,-6.81604825381553,14.032273029071055
path,-6.814097896168857,14.029131107129578
path,-6.812149407691156,14.025986946610217
path,-6.810243394247038,14.02295258401205
path,-6.808348089059528,14.01996701989362
path,-6.806455800220322,14.016979104760093
path,-6.804566985914563,14.013988736613983
path,-6.802682102825099,14.010995814414372
path,-6.8008524155563395,14.008089095088756
path,-6.799032776274149,14.005201554596033
path,-6.797218398223722,14.002311276088273
path,-6.795409723250191,13.99941816195241
path,-6.793607191629079,13.996522115117656
path,-6.791864046216514,13.993718157413262
path,-6.790134137429148,13.990938706455525
path,-6.788411643037319,13.988156156838153
path,-6.786698244876455,13.985370126437338
path,-6.784995940984336,13.982580155947154
path,-6.783348215475812,13.979883989590615
path,-6.7817153970374155,13.9772153991205
path,-6.780091856636647,13.974543410133194
path,-6.778477982015418,13.971867937448467
path,-6.7768741576890665,13.96918889681738
path,-6.775296445397608,13.966586012421073
path,-6.77373216920579,13.96399547451824
path,-6.7721790730192115,13.961401182482387
path,-6.770637528228616,13.95880305490489
path,-6.76910790170857,13.956201011453727
path,-6.767599867242033,13.953643091706876
path,-6.766105072585564,13.951084784330295
path,-6.764623266397099,13.94852235893019
path,-6.763154796559208,13.945955739619139
path,-6.7617000056787395,13.94338485172732
path,-6.760276414924907,13.940896423798806
path,-6.758870576634298,13.938424117604242
path,-6.757479408912948,13.935947389757075
path,-6.756103233365072,13.93346617031763
path,-6.754742365529169,13.930980390831897
path,-6.753407477153154,13.928543228573224
path,-6.752089323871266,13.92610630029652
path,-6.750784732513322,13.923664092418516
path,-6.749452392787398,13.9212512140281
path,-6.748004559243151,13.918896055282158
path,-6.746473096565851,13.916640957357934
path,-6.744945604071918,13.914417952081655
path,-6.743423370614149,13.912202578207285
path,-6.741903177199333,13.909985998922647
path,-6.740385022479558,13.907768208943818
path,-6.738915523612447,13.90560795537753
path,-6.7374484653922035,13.903456423309848
path,-6.735983353364435,13.901303836287546
path,-6.734520183598628,13.899150182660993
path,-6.733058952703483,13.896995452052264
path,-6.731680770827578,13.894891652400363
path,-6.730891578446753,13.892925647746408
path,-6.730391874036643,13.891120257012677
path,-6.730086249524198,13.889428931403629
path,-6.729966435029469,13.887836333913505
path,-6.729755942864946,13.885785567623046
path,-6.72956863829259,13.883465516415638
path,-6.729386694728136,13.881090309946035
path,-6.729302849421531,13.87867425947699
path,-6.7293119502795715,13.876219502266244
path,-6.729343508796386,13.87369160404367
path,-6.729378095560375,13.871159308535754
path,-6.729414320350052,13.86862580399205
path,-6.72945217492625,13.866091044293412
path,-6.729491651480267,13.863554982495522
path,-6.7295330295997955,13.861011658043129
path,-6.72957601833222,13.85846693072057
path,-6.729620611151905,13.855920752827686
path,-6.729666801980285,13.853373074448351
path,-6.729714592444415,13.850823878963856
path,-6.729764805267579,13.848257273977955
path,-6.729816607629146,13.845689001342802
path,-6.729870005008117,13.84311905915161
path,-6.7299250045794565,13.84054745043325
path,-6.729981601997465,13.837974121229115
path,-6.730040537727654,13.8353855968696
path,-6.730101070545164,13.832795229560643
path,-6.730163197013267,13.830202965350963
path,-6.730226914274084,13.82760874611031
path,-6.730292219773174,13.825012512312346
path,-6.730360863312184,13.822377431794248
path,-6.730431539718998,13.819740034268518
path,-6.730503818983941,13.817100420459342
path,-6.730577700681306,13.814458528950315
path,-6.730653184661927,13.811814296629375
path,-6.730731525876944,13.809147645905261
path,-6.730811481405559,13.80647850858733
path,-6.730893058454575,13.803806854726036
path,-6.73097629073501,13.801132776483994
path,-6.731061182671028,13.798456224988664
path,-6.7311488718398405,13.79576001386215
path,-6.731238231764172,13.79306117109214
path,-6.7313292632572255,13.790359626106426
path,-6.7314219680344305,13.787655302551467
path,-6.731516348153995,13.784948121867481
path,-6.731613905546804,13.782215384384115
path,-6.731716531298327,13.779482391147306
path,-6.7317825336952275,13.776765064328828
path,-6.731721609395866,13.774231207004252
path,-6.731643455872619,13.771818160654611
path,-6.731556492123805,13.769505922636917
path,-6.731455540688807,13.76733653804284
path,-6.7313381128464,13.765285290047672
path,-6.731204427977484,13.763342910955757
path,-6.731048213346511,13.761541218358724
path,-6.73086498092642,13.759878535170472
path,-6.730287667923388,13.75818430088673
path,-6.729801069653545,13.75648938367088
path,-6.729429672002822,13.754719029552298
path,-6.729107185720924,13.75283938674062
path,-6.728829487531756,13.750848853122958
path,-6.7286125413330735,13.748755688052206
path,-6.728428126676256,13.746550514824929
path,-6.728288561584977,13.744290661712004
path,-6.728146620319049,13.74202446572049
path,-6.728013394565296,13.739768030854847
path,-6.727872509223127,13.73750672086184
path,-6.72770656693671,13.735308100951679
path,-6.727535687144782,13.733108798776684
path,-6.727368008601415,13.73090856500605
path,-6.727207756650688,13.728698831546025
path,-6.7270435481717445,13.726485969477736
path,-6.726887122260034,13.724266302935035
path,-6.726737344778572,13.722040782972835
path,-6.726583323129189,13.719817536120333
path,-6.726434458273324,13.717551632617779
path,-6.726289391017573,13.715283318968261
path,-6.72614770296762,13.71300716616127
path,-6.726014489662031,13.710726765557219
path,-6.725879757108229,13.708439354359498
path,-6.725747431522629,13.70614473979467
path,-6.725620732033797,13.703848530272868
path,-6.725496142890191,13.701543207177572
path,-6.725376401316913,13.699234324528557
path,-6.725263381943944,13.696920091073624
path,-6.725147276311147,13.694589324993842
path,-6.7250375471140575,13.692253399451488
path,-6.724934596041894,13.68991219880606
path,-6.724830255335612,13.687567835663408
path,-6.7247312050807535,13.685219480852869
path,-6.7246371991685905,13.682858834806535
path,-6.724543205947612,13.680492440993222
path,-6.724454514557127,13.678122067052868
path,-6.724372604304,13.675746721416273
path,-6.724289113554323,13.673368311851076
path,-6.7242143154785525,13.671007594070732
path,-6.724138921701314,13.668637767169043
path,-6.724066806301424,13.666267118364686
path,-6.724003934677209,13.663892292111964
path,-6.723938710859579,13.661510991661322
path,-6.72387782504569,13.65910900328474
path,-6.7238206957332265,13.656704643160266
path,-6.723770317482508,13.654295771574173
path,-6.723718025826258,13.651884033707734
path,-6.723671279304567,13.649468185111479
path,-6.72363264460573,13.647037264376428
path,-6.723590743878827,13.644601066892044
path,-6.7235526358387725,13.642163914143456
path,-6.723531574272781,13.639727914282291
path,-6.723540228312756,13.63732168750407
path,-6.723547541915858,13.634903018569757
path,-6.723558422491988,13.632482192669928
path,-6.723579513828892,13.630054761154284
path,-6.723598817505904,13.627621331043512
path,-6.723617113960246,13.62519023556957
path,-6.723631980614503,13.622689779903007
path,-6.723662589693751,13.620168310281642
path,-6.723700213125488,13.61764228748484
path,-6.723738173287545,13.615110702682426
path,-6.723779819574705,13.612575887474257
path,-6.723823005539535,13.610009418125449
path,-6.723872613677111,13.60743641204861
path,-6.723933205525662,13.604856203579164
path,-6.72398606225391,13.602276382351166
path,-6.724050909133215,13.599685353797842
path,-6.724113002734015,13.597068935450283
path,-6.724180426604295,13.594447714327968
path,-6.724255823723511,13.591816693608479
path,-6.724331322077904,13.589187556244823
path,-6.724414183311094,13.586548793936107
path,-6.724497122899938,13.583887661024349
path,-6.724588376148788,13.581215770039679
path,-6.724683292564761,13.578540229168706
path,-6.724781097776119,13.575867831358998
path,-6.724883721673063,13.573184540327105
path,-6.724986418083293,13.570480069254549
path,-6.725097741489029,13.567761641228083
path,-6.7252126804489105,13.565039603041251
path,-6.725331363131307,13.562313879352786
path,-6.725453783174116,13.559584484607578
path,-6.72558009421437,13.556852722019746
path,-6.7257098512746145,13.554117930255451
path,-6.725844393648184,13.551377970942221
path,-6.725960236242617,13.548675034120174
path,-6.72596912444115,13.546168118221733
path,-6.7258571446926565,13.54383303895962
path,-6.725658388173929,13.541655622219036
path,-6.7253922985737375,13.539595057086489
path,-6.725080466552299,13.537587662316257
path,-6.724752161376115,13.535589001335513
path,-6.724404261847063,13.533590118630025
path,-6.724044850336859,13.53160029239846
path,-6.723676187973218,13.529616928573502
path,-6.723311055249311,13.527622108531341
path,-6.722957181198579,13.525604821137312
path,-6.722612470665855,13.523559112667249
path,-6.722279870029222,13.521489465904919
path,-6.7219598039270005,13.519395169854576
path,-6.72165278348199,13.517275282102613
path,-6.721359424470499,13.515128598109815
path,-6.721078360940128,13.512949311143212
path,-6.72081234499551,13.510740518619249
path,-6.720562130167744,13.508500751785917
path,-6.720328523725755,13.506228439232567
path,-6.720111879137258,13.503922806421341
path,-6.719903977753033,13.501566681424876
path,-6.7197124841955045,13.499179615399417
path,-6.719537036349357,13.496763044171972
path,-6.719377286441163,13.494318332655837
path,-6.719232020965846,13.491849092166026
path,-6.719096292182051,13.489348288659889
path,-6.718973580659345,13.486827561532662
path,-6.7188839443324015,13.48426420351495
path,-6.71885519761117,13.48162447137391
path,-6.7188832191248204,13.478913373126455
path,-6.718960315171866,13.476121347057253
path,-6.7190868131401835,13.473267113290571
path,-6.719259790197545,13.470354331598694
path,-6.719476677809606,13.467386203304146
path,-6.719735243387646,13.464365453409593
path,-6.72002912465128,13.461253299421646
path,-6.720359868170304,13.458094616660516
path,-6.720725934708378,13.454891375594332
path,-6.721126009672541,13.451645125486598
path,-6.721558803046731,13.448357533888013
path,-6.722022978952296,13.445015891857615
path,-6.7225171627998135,13.441636442360027
path,-6.72304034921887,13.438220524626894
path,-6.723591586855348,13.434769402586607
path,-6.72416997369778,13.431284280943824
path,-6.724776708157375,13.427730313819243
path,-6.725407838115415,13.424145994978595
path,-6.726062656134437,13.420532340173477
path,-6.726740460420159,13.416890339672452
path,-6.7274414599599455,13.413217822404375
path,-6.728156925452675,13.409483280428859
path,-6.7288702125585225,13.405775884863061
path,-6.729578988788004,13.402097913606344
path,-6.730283108239343,13.398448707911829
path,-6.7309815729058915,13.394829121433173
path,-6.731691777853656,13.391107536266702
path,-6.732370173805631,13.387430068522189
path,-6.733032738696505,13.383771473249542
path,-6.733686435344427,13.380125826406543
path,-6.734331774640708,13.376493161550812
path,-6.734975518677526,13.372797075320682
path,-6.735608270009953,13.369117936709651
path,-6.7362302562917264,13.365455852557593
path,-6.736842007949236,13.361810476480297
path,-6.737443955156497,13.358181570947886
path,-6.738046427046307,13.3543355303554
path,-6.738631748697598,13.350504845230738
path,-6.73919459526995,13.346706702461963
path,-6.739736150992728,13.342939814644163
path,-6.740257373035371,13.339203347523524
path,-6.74075970499778,13.335379666427801
path,-6.741239454670204,13.331585833563848
path,-6.741696462774522,13.327824097727701
path,-6.742131464463513,13.324094688554187
path,-6.742545858186635,13.320395954336636
path,-6.742934858660276,13.316566201971586
path,-6.743293520687166,13.312774351269756
path,-6.743623948032367,13.309022350500507
path,-6.743924292759486,13.305308175106164
path,-6.744203194003572,13.30163186168924
path,-6.744449447678652,13.29790092578073
path,-6.7446668495739255,13.294210621259776
path,-6.744857309557612,13.290558886936095
path,-6.74502250562801,13.286943881107142
path,-6.745163865973787,13.283364140787615
path,-6.745268848396978,13.279735692167216
path,-6.745346144384386,13.276146566749924
path,-6.745397565044475,13.27259476946251
path,-6.745424585595147,13.26907876371046
path,-6.745428320299425,13.265597545547958
path,-6.7453933619202076,13.262085363661802
path,-6.74533237520413,13.258610061554535
path,-6.7452472453047925,13.255169373695628
path,-6.745139695265765,13.25176123206914
path,-6.745011979206044,13.248383039353257
path,-6.744872001833212,13.244934639427044
path,-6.7447442892918925,13.241476075424645
path,-6.744629033240912,13.238007118431973
path,-6.744526407154317,13.234527542547728
path,-6.744436576142878,13.231037146871259
path,-6.744343437492926,13.227448281942012
path,-6.744263977201003,13.223847668007462
path,-6.744198308372033,13.22023513052032
path,-6.744146598405949,13.216610500110766
path,-6.744109009191814,13.212973634916702
path,-6.7440742572451065,13.209254688883126
path,-6.74405432336492,13.205522825692588
path,-6.74406040363202,13.201788028270691
path,-6.744093878128621,13.198049815273652
path,-6.7441413027523485,13.194300767182913
path,-6.744142711712872,13.190217562736068
path,-6.744166815512771,13.186080228561087
path,-6.744207519405596,13.181929047094126
path,-6.744265017383622,13.177763876332426
path,-6.744339487414714,13.173584607916501
path,-6.744410692914733,13.169255507240946
path,-6.744505271238691,13.164911573352068
path,-6.744618096503121,13.160552352445771
path,-6.744749323534069,13.156177822674078
path,-6.744899092246436,13.151787991455398
path,-6.744833635574489,13.147151604298038
path,-6.744819620934361,13.142287874720534
path,-6.7451144470424,13.137243989032608
path,-6.745525070548219,13.132216583302517
path,-6.745966059561351,13.127198406396998
path,-6.7464018625699405,13.122041876022575
path,-6.746854995457232,13.116883117818903
path,-6.747323129904324,13.111722659376078
path,-6.747805506715053,13.106560959457408
path,-6.748301247447519,13.101398544857824
path,-6.74880929492535,13.096236079189254
path,-6.749328241125925,13.091074579916643
path,-6.749856235346593,13.085915550779779
path,-6.750391066580912,13.080760766203326
path,-6.750931206627785,13.075610400524154
path,-6.751473817465721,13.070466281414673
path,-6.752014806643581,13.06533152753632
path,-6.752548739049178,13.060210361260115
path,-6.7530766760034355,13.05511370411695
path,-6.753567870714328,13.050036333729643
path,-6.754012979313829,13.04498213331965
path,-6.754485068283562,13.039926887341108
path,-6.755116309574693,13.034774417312088
path,-6.7559015247312875,13.029510776319306
path,-6.756840648018849,13.024132747255518
path,-6.757936099073373,13.018632344098732
path,-6.75918244245652,13.012978245899681
path,-6.760582133914892,13.007125161926085
path,-6.762113791992172,13.001028166187602
path,-6.76363224475818,12.994892114520296
path,-6.7651971375925095,12.988670466216938
path,-6.766837257313118,12.982382053999947
path,-6.768551037108662,12.976029938410578
path,-6.770336355015796,12.969616065075776
path,-6.772191319648718,12.963142168286561
path,-6.773965019400261,12.956856110748355
path,-6.775848454645691,12.950621512573559
path,-6.77785672886953,12.944404748252957
path,-6.7799911086271925,12.938204838102019
path,-6.782245954899549,12.932008629088992
path,-6.784198319225576,12.92614004716723
path,-6.785963159146373,12.920671118960982
path,-6.787846725478162,12.915257056598298
path,-6.789851916191594,12.909882036258278
path,-6.79198059799334,12.904540382851057
path,-6.794363094816414,12.899111055481898
path,-6.796909875124711,12.893664712962307
path,-6.799574565196414,12.888177196800692
path,-6.8020219709575205,12.882776451911528
path,-6.804054936772491,12.877496580935624
path,-6.806168790840441,12.87201352320037
path,-6.808356369484225,12.866470052776158
path,-6.810588135982682,12.860891172386197
path,-6.812826404497754,12.855320403530675
path,-6.815071784609218,12.849784343606695
path,-6.817287746535365,12.843780866957736
path,-6.819578221834638,12.837621222249108
path,-6.821958066556774,12.831440292555566
path,-6.82440151240833,12.825254827809871
path,-6.8268468445098325,12.819106724848154
path,-6.829293683683914,12.812728746851926
path,-6.831805426607776,12.806323786616025
path,-6.8343164857493415,12.799955226771832
path,-6.836814724925886,12.793630234538089
path,-6.839295537539253,12.787353304064359
path,-6.8416682488255836,12.781083983004123
path,-6.843905413297984,12.774786923271003
path,-6.8460251552566955,12.768459713672618
path,-6.84803139973319,12.762104004330306
path,-6.849927539033794,12.7557218595288
path,-6.851864719588148,12.74922163023311
path,-6.853713863423679,12.742888068522927
path,-6.855392645072715,12.736534464134808
path,-6.8569214354542884,12.730098009296634
path,-6.858345753918846,12.723554793855648
path,-6.859678385272916,12.71689102914434
path,-6.860966418395479,12.7104380340822
path,-6.862274705317183,12.704188704720432
path,-6.8635967319812305,12.698092483728065
path,-6.864854867019371,12.691969251123465
path,-6.866155340066569,12.685568307193916
path,-6.867474717635667,12.67932394483673
path,-6.868837395188353,12.673232189105404
path,-6.870243466877606,12.667273754616154
path,-6.871638294181988,12.661317737212814
path,-6.873303421357278,12.654834961095586
path,-6.875000983578756,12.648171128608936
path,-6.8767330910362805,12.6415005590703
path,-6.878500106311147,12.63482591932346
path,-6.880302276709474,12.62814956889663
path,-6.882063009614935,12.621175028340524
path,-6.883926128146774,12.614111517834628
path,-6.885823962961236,12.607044045640436
path,-6.8877567244007825,12.599975388271806
path,-6.88972467263014,12.592907808781169
path,-6.891676942154608,12.58583028518614
path,-6.893669036501131,12.578748412833907
path,-6.895697516279393,12.571663769400882
path,-6.897762343443715,12.564578603076182
path,-6.899863628940803,12.557494922879302
path,-6.901950815672429,12.55039943144795
path,-6.904078934402901,12.5433001935882
path,-6.906231271522411,12.536185043244854
path,-6.908383071995995,12.529026943605476
path,-6.910572638215844,12.521867989771446
path,-6.912710771083544,12.514675675454898
path,-6.914836934727408,12.507441055963701
path,-6.9169554390129075,12.500167932124347
path,-6.919067046986518,12.492855132886797
path,-6.921173422920654,12.48550122487925
path,-6.923343437251144,12.478112038888424
path,-6.925463155478247,12.470700621974489
path,-6.9275362445512565,12.463227503475231
path,-6.929567282609946,12.455692643437809
path,-6.931559722699884,12.448096361615011
path,-6.933486283041577,12.440121987283344
path,-6.9355108720151755,12.43221583586058
path,-6.937561395772746,12.424363574524627
path,-6.939594564454275,12.416438182000425
path,-6.941607163523494,12.408440155567671
path,-6.9436314432888215,12.400007348101521
path,-6.945696038015969,12.391637239626967
path,-6.947817066819387,12.383390848932567
path,-6.949932925139463,12.375177849606999
path,-6.951976692340971,12.366946064394336
path,-6.953931673638089,12.35879568525192
path,-6.955828275242981,12.350690478699118
path,-6.957666977636474,12.342562207442748
path,-6.959530061116356,12.333907587360033
path,-6.961187980297227,12.324385846055637
path,-6.9622557996427865,12.314699046052455
path,-6.963113593115071,12.304858907721117
path,-6.963862513066385,12.294880171824719
path,-6.964512065448078,12.284803329228145
path,-6.965079676017527,12.274624590946857
path,-6.96566085277275,12.264433034139023
path,-6.965977831594605,12.254250561947007
path,-6.965995700060445,12.244104589482214
path,-6.9657826638174045,12.23400700967503
path,-6.965333195708044,12.22395597951462
path,-6.9648631090366315,12.213947363036949
path,-6.964949973074172,12.2041912267938
path,-6.965572998479323,12.194608930012661
path,-6.966190884951726,12.184886039475346
path,-6.96683204518799,12.175044276068665
path,-6.967719125912037,12.165123270408861
path,-6.96894772898658,12.155193452903468
path,-6.970465595612076,12.145170509866444
path,-6.97228256820881,12.135097296748304
path,-6.974355698813643,12.125040540208953
path,-6.976514695539136,12.114868653863606
path,-6.978746806158782,12.104731698542547
path,-6.981063229526253,12.094650117064424
path,-6.983474785268062,12.084649352860549
path,-6.985991894042508,12.074753776707764
path,-6.98838250756683,12.064553926435469
path,-6.990919612129923,12.054304150989092
path,-6.993548174411853,12.044096159494678
path,-6.996259595653548,12.03392630091607
path,-6.99904788840343,12.023763111269265
path,-7.001547469015481,12.013370176000901
path,-7.00359107823376,12.002970280541392
path,-7.005460908656786,11.992644023737734
path,-7.0073351437944265,11.982425417308626
path,-7.009215511487738,11.972306461475323
path,-7.011138444325667,11.962354145586408
path,-7.013034854945495,11.9524989162473
path,-7.014885081482087,11.942712757293718
path,-7.016692621019474,11.932987074094962
path,-7.018468698142006,11.923307444640166
path,-7.020244234875605,11.913527180587536
path,-7.021943177454814,11.903895070886174
path,-7.023600977129327,11.894460478424323
path,-7.025129310925586,11.885193584969574
path,-7.026101769402321,11.87609319497035
path,-7.026820225334474,11.866970445962577
path,-7.027400439619043,11.857674627725375
path,-7.02796200966292,11.84806084286995
path,-7.028466025254423,11.838311139749807
path,-7.02889520859869,11.828390655393648
path,-7.029347149687718,11.81848032423477
path,-7.029841724798959,11.80876309972056
path,-7.030326984175106,11.799068927069959
path,-7.030738785794475,11.78918316801107
path,-7.031098414928699,11.779113553590081
path,-7.031416241880087,11.768783882361756
path,-7.031723592581612,11.758237643658369
path,-7.032053104879416,11.74758054487268
path,-7.032371641649338,11.736833290647239
path,-7.032561009365606,11.726071690912658
path,-7.03246776280044,11.715028625403745
path,-7.032021054240665,11.70366058240912
path,-7.031337470704269,11.692323761626005
path,-7.030548694692452,11.680922214041694
path,-7.029689981163217,11.669436437289844
path,-7.028778303474176,11.657909477412247
path,-7.027777494759116,11.646266558009215
path,-7.026710744475782,11.634552097293067
path,-7.0255859000761465,11.622761617969118
path,-7.024466462883129,11.610970659551688
path,-7.023752986242658,11.599361507340065
path,-7.023561451572785,11.587630029074084
path,-7.0238444113315355,11.575223369217557
path,-7.024167559326644,11.562750085408195
path,-7.024493155777335,11.550281832262401
path,-7.024811962190178,11.537827387676007
path,-7.025132834746067,11.525363748177575
path,-7.025445850463602,11.512902128220338
path,-7.025747690257036,11.500441349864628
path,-7.026034983354071,11.487980307629075
path,-7.026481218869599,11.475692647090895
path,-7.026810556712609,11.463722720540963
path,-7.026965474096906,11.451792847595534
path,-7.027139440007071,11.439804914757051
path,-7.027290296850784,11.427778854865135
path,-7.027414831979032,11.415718813782625
path,-7.027513668917702,11.40362156465251
path,-7.027566020892176,11.391498334101827
path,-7.0275443772873585,11.379350845343794
path,-7.027471824315271,11.367160470390148
path,-7.027522814975557,11.355153457908944
path,-7.0274721165188705,11.343170046761703
path,-7.027484345184045,11.33105531968373
path,-7.027553783815886,11.318879915355314
path,-7.027602141128295,11.306685491495204
path,-7.027727596985058,11.29465563616248
path,-7.027808341571248,11.282604083844697
path,-7.027837690838931,11.270488176856741
path,-7.027825051163705,11.258325480592468
path,-7.027802387944366,11.246167740536112
path,-7.02780867144963,11.234087631364657
path,-7.027789634554279,11.222032031374649
path,-7.027709580425188,11.210292117063764
path,-7.027458415854667,11.198577266300978
path,-7.027224333642109,11.186748680557411
path,-7.02721071869188,11.175115592310455
path,-7.027202222478318,11.163582384643572
path,-7.027120210930135,11.152040534966174
path,-7.026976245290335,11.140484991478528
path,-7.026487190711009,11.12898942189802
path,-7.026007308449095,11.117616719279916
path,-7.02556002101196,11.106297092758508
path,-7.025122595950897,11.095013888282287
path,-7.024688785375057,11.083762459613379
path,-7.024250960485344,11.072541186568959
path,-7.02386479776783,11.061991044631863
path,-7.023681462573855,11.052474586017905
path,-7.023620463870014,11.04392265724672
path,-7.023431127120515,11.036430308498502
path,-7.023286716981731,11.029490962132455
path,-7.023361054964935,11.02344964354155
path,-7.023476842129753,11.018484263268226
path,-7.023617264127464,11.014277740912352
path,-7.023914114469782,11.01030087097278
path,-7.024358738220601,11.0065032974091
path,-7.0248792251145495,11.003523264717881
path,-7.025402744085106,11.00148109589848
path,-7.026031179215816,10.999587949025257
path,-7.026736372856887,10.997751861927046
path,-7.027508299402443,10.995962094945543
path,-7.028340313249011,10.994245540097111
path,-7.0292297489628925,10.992567720808953
path,-7.0301667373370025,10.990912608027624
path,-7.031147666485598,10.989275525052653
path,-7.032170703484118,10.987653181340393
path,-7.0332776786098945,10.985763799449225
path,-7.03428419259218,10.983577916341078
path,-7.035317827785019,10.981376292661045
path,-7.036394893272271,10.97929465864088
path,-7.0376082135778395,10.977507465611282
path,-7.0388890393928305,10.975766190164101
path,-7.040240401934754,10.974073237259926
path,-7.0416719056069725,10.972413747927996
path,-7.043202286181,10.970797141419867
path,-7.044864814476976,10.969239224710535
path,-7.046653309712419,10.967753607346264
path,-7.048534133983698,10.966317049551924
path,-7.050472756038675,10.964901250568154
path,-7.052570697668516,10.962965415468538
path,-7.054828934044782,10.960584968202813
path,-7.0569396676759855,10.958971057881909
path,-7.058580432965215,10.958138657579845
path,-7.060023694661413,10.957310867132849
path,-7.061259390186412,10.95645518668651
path,-7.062287764030969,10.955553434513883
path,-7.0630382775197855,10.954761321629604
path,-7.063547855268233,10.953909224834412
path,-7.063845160662975,10.952990470062092
path,-7.063928108801652,10.952004592511926
path,-7.0637936483559125,10.950950773011533
path,-7.06354582354456,10.949001404176345
path,-7.063403394691783,10.94617862265377
path,-7.0634090327924115,10.943339525869645
path,-7.063557963612767,10.940478853904262
path,-7.0638465522629525,10.937591351315303
path,-7.064138163154702,10.934606811871593
path,-7.064394338698882,10.931464301500574
path,-7.064620479678003,10.92816066045067
path,-7.064810187577364,10.92469642684988
path,-7.064967248067972,10.921064178190456
path,-7.065078282393161,10.917264361833613
path,-7.065175556331307,10.913282436200097
path,-7.065246488922591,10.909231654948568
path,-7.065376315507727,10.905102328402858
path,-7.065546746663357,10.900913488243688
path,-7.065611528036466,10.896654316054894
path,-7.065517849869205,10.89237246015115
path,-7.065412361288265,10.888256240634428
path,-7.065358123567852,10.884339868950939
path,-7.065343312516613,10.880697941247622
path,-7.065348654937681,10.877400995583974
path,-7.065359053447399,10.874370598328774
path,-7.06539051361446,10.871532241844339
path,-7.065474216579458,10.86883648886215
path,-7.065611422597986,10.86625883906085
path,-7.065805607612191,10.86383095478619
path,-7.06605561200285,10.861486764110087
path,-7.066353524737915,10.859199011232905
path,-7.066707126715328,10.856941635033325
path,-7.067122564293955,10.854706502940429
path,-7.067614966113288,10.852523163099944
path,-7.068193310734518,10.850328540700248
path,-7.068891317550542,10.848080199411333
path,-7.069729413477162,10.845771169491444
path,-7.070701848742879,10.843420136439178
path,-7.071796318541586,10.84105134417996
path,-7.07296988281565,10.83872036457621
path,-7.074161490707229,10.83658046613999
path,-7.0753667371893325,10.834497583316578
path,-7.07655960880497,10.832442800520257
path,-7.077730739903412,10.830431140570028
path,-7.0788873632912095,10.828452187758485
path,-7.0798576018603585,10.826593492371218
path,-7.080578491726271,10.824983633743418
path,-7.081462116490113,10.823554282387294
path,-7.082337158034029,10.822165789912836
path,-7.083199839006811,10.820801882728816
path,-7.084050441860554,10.819461943757595
path,-7.084889596457802,10.818144616803336
path,-7.085718056510278,10.816848247257289
path,-7.086532258839688,10.81557786956195
path,-7.087337337864645,10.814325045896718
path,-7.08813419574113,10.813087840944757
path,-7.088923712398289,10.811864365742805
path,-7.0897067074205795,10.810652858312528
path,-7.09048097108822,10.80945676992866
path,-7.091251329118707,10.80827239769927
path,-7.091975246329902,10.807080871954167
path,-7.092700940961612,10.805868319487493
path,-7.09343456855579,10.804643577953385
path,-7.0941786938433085,10.803332238727345
path,-7.094960635640937,10.801990907922184
path,-7.09577665101158,10.800624446622928
path,-7.096593193139693,10.799259243855806
path,-7.097407183969314,10.797896588885237
path,-7.098213550648841,10.79654494196156
path,-7.099016346457284,10.795197314446218
path,-7.099815305128874,10.793854084278195
path,-7.100610092949338,10.792515736095512
path,-7.101400654458994,10.791182333444727
path,-7.102182986677704,10.789860570141203
path,-7.1029606116040735,10.788544448896562
path,-7.1037332473767165,10.787234373465362
path,-7.104500663558747,10.785930668766024
path,-7.10526262833563,10.784633661272885
path,-7.106013606442748,10.78335271921684
path,-7.106758689155632,10.782079119440487
path,-7.10749773525617,10.780813048182207
path,-7.108230434804831,10.779554948736754
path,-7.108956543988005,10.778305165453784
path,-7.109671633974154,10.777071235501074
path,-7.1103798454607,10.775846013787818
path,-7.1110809743564065,10.774629799195155
path,-7.111774688925516,10.773423055602795
path,-7.112404349941577,10.772165102318192
path,-7.1128032792609055,10.770440600840313
path,-7.113444014163997,10.768871467436961
path,-7.114230698543037,10.767386117558301
path,-7.115065336048152,10.765871298199151
path,-7.115947089735085,10.764325658750847
path,-7.1168751672012815,10.762754088572143
path,-7.1177813982190825,10.76117629006226
path,-7.118719822631329,10.759582797608592
path,-7.119668373762804,10.757975960182534
path,-7.120628092602104,10.756362992920346
path,-7.121585584461279,10.754758753975345
path,-7.122541726067099,10.75315496810705
path,-7.1234973373138795,10.75155071728209
path,-7.124450662708161,10.749948877574816
path,-7.12540553261179,10.74834547636486
path,-7.12635310874699,10.746757397895829
path,-7.127299291209698,10.745169794851
path,-7.128243670400475,10.743582998582346
path,-7.129187760839185,10.741996586590123
path,-7.130131519939594,10.740410599199008
path,-7.13107136955061,10.738833510121319
path,-7.132012638482349,10.737255689548354
path,-7.1329507631255415,10.735679112955298
path,-7.13388839882435,10.734103109626208
path,-7.1348256127173375,10.732527618833558
path,-7.135759629151204,10.73095852249351
path,-7.136695325024168,10.729388422224615
path,-7.137630614392724,10.727818182051513
path,-7.138563888781421,10.726248961248555
path,-7.1394967659885396,10.724680227763141
path,-7.140424467307767,10.723120877240927
path,-7.141353192189278,10.721561152400541
path,-7.142283486590244,10.720000549709377
path,-7.143210629668668,10.718441179398107
path,-7.144137313863737,10.716882352516771
path,-7.1450529781132,10.715209827095594
path,-7.146013916128413,10.713511233170337
path,-7.147002752026719,10.711785007685522
path,-7.1480273793593865,10.71003379015328
path,-7.149037931246959,10.70828449102729
path,-7.150021902636336,10.706561005421536
path,-7.15098181118064,10.704856238370494
path,-7.15196761146809,10.703104301562066
path,-7.15303472035736,10.701274712408328
path,-7.154169157502813,10.699378244117016
path,-7.155369817728187,10.69742634057215
path,-7.1566302895618,10.695416544407985
path,-7.157940194596945,10.693356673642088
path,-7.159265819790534,10.691273051881746
path,-7.1606046970759,10.689167594658624
path,-7.161949544050579,10.687051727051818
path,-7.163308055055467,10.684913649989403
path,-7.164680404454444,10.682753223876198
path,-7.166069758802962,10.680565339576896
path,-7.167473199107554,10.678354970822133
path,-7.168745831051087,10.676306927845642
path,-7.17004308689608,10.674260571248439
path,-7.171355537492755,10.672190706328196
path,-7.1726835512587535,10.670096892737293
path,-7.174027532900783,10.667978638103783
path,-7.175383639386329,10.665842015811947
path,-7.176756432543804,10.663684230417973
path,-7.178144348406797,10.66149837599071
path,-7.179549778422816,10.659286237781478
path,-7.1809733062935805,10.657047069859203
path,-7.182409820643703,10.654788878937874
path,-7.183845307604495,10.652510932665221
path,-7.185065422983897,10.650348780995047
path,-7.1862724605024395,10.648218456681823
path,-7.1874665332908325,10.646119461122597
path,-7.188643631070666,10.644057736911455
path,-7.189807931446659,10.642026390641487
path,-7.190959512302987,10.640024978338014
path,-7.192098445954325,10.638053079488142
path,-7.193226361445112,10.636113310063015
path,-7.194336402953583,10.634205372101325
path,-7.195433970176986,10.632325764042191
path,-7.1964225785218225,10.630558457053906
path,-7.19727643037705,10.62903574096686
path,-7.1981601019142305,10.627603240215386
path,-7.199103709483062,10.62607084024005
path,-7.200053300586582,10.624540940945526
path,-7.200996660776473,10.62302311213601
path,-7.201933809782739,10.621517244488434
path,-7.202864720464118,10.620023326973932
path,-7.203784301777223,10.618549275728745
path,-7.204697561147867,10.617087243910193
path,-7.205604447686309,10.61563727871941
path,-7.206504853062607,10.614199539002481
path,-7.207398643792084,10.612774251100001
path,-7.208280197692089,10.61137013982901
path,-7.20915506152347,10.60997854291516
path,-7.2100231071658465,10.6085996662832
path,-7.210884192056758,10.607233762584725
path,-7.211738302734234,10.605880823672395
path,-7.212579658300999,10.604549877114277
path,-7.213411241163799,10.60323723395923
path,-7.214235483813748,10.601938131913077
path,-7.215052166711243,10.600652983180751
path,-7.2158611329217495,10.599382058334506
path,-7.216652741257975,10.598140738427528
path,-7.2174362182423515,10.596914453816455
path,-7.218212776972852,10.59567626455168
path,-7.2190556469167335,10.594331225639896
path,-7.219982877047801,10.592894407930814
path,-7.220936711423617,10.591416915603125
path,-7.221917055238546,10.589894337054018
path,-7.222922870455544,10.588328523859136
path,-7.223952172218393,10.586722864938091
path,-7.225004871580854,10.585077668676501
path,-7.226076813764263,10.583399528499593
path,-7.227172037199047,10.581682392561746
path,-7.228290118267422,10.579927134323961
path,-7.229430140467081,10.578135458765688
path,-7.230589761447388,10.576311358812013
path,-7.2317619866521525,10.574465867062802
path,-7.232954439210579,10.572587298676646
path,-7.234167562328302,10.570675142587433
path,-7.235401615114642,10.568729111483451
path,-7.236657147192738,10.566748522179031
path,-7.23792336815785,10.564750150255064
path,-7.2390383886517204,10.56282430988822
path,-7.240119708778301,10.560936791977616
path,-7.241192851107915,10.559075020997257
path,-7.242254693836029,10.557232692344632
path,-7.24330192711447,10.555420139651881
path,-7.244340343415966,10.553627781497346
path,-7.245370370473079,10.551854567579612
path,-7.2463923615055394,10.550099620905536
path,-7.247406415989682,10.548362610841803
path,-7.248406528938228,10.546652787737784
path,-7.249399405421461,10.544959194490977
path,-7.250385338428434,10.543281110511115
path,-7.251365081837988,10.541616825517835
path,-7.252340654122738,10.53996200322668
path,-7.253308545233542,10.538321965201702
path,-7.254272963040944,10.536689825774605
path,-7.255234207791748,10.535064909641491
path,-7.256192550045047,10.533446603303847
path,-7.257148214731377,10.531834397558942
path,-7.258110669157707,10.530213089805269
path,-7.259071004751103,10.52859661235472
path,-7.260029555691883,10.526984237482598
path,-7.260986619411848,10.525375316264077
path,-7.261942485176935,10.523769220762492
path,-7.262892733181669,10.522172791928165
path,-7.26384239166644,10.52057789579549
path,-7.264791810802907,10.518983782503966
path,-7.265741250898989,10.517389910435721
path,-7.266691096940564,10.51579546629649
path,-7.2676380505975375,10.514205491733923
path,-7.268586160583039,10.512613395215046
path,-7.269535826146059,10.511018354590709
path,-7.270487454892614,10.509419535371777
path,-7.271441489961465,10.507816034262234
path,-7.272393127717877,10.506215226858783
path,-7.2733481450680175,10.50460778217457
path,-7.274307130133953,10.502992508720784
path,-7.275270611385159,10.501368352087107
path,-7.276239190270223,10.499734120772759
path,-7.277196115762644,10.498116628438225
path,-7.278153900045985,10.496498271557765
path,-7.279113463070891,10.494876973289802
path,-7.280077011565936,10.493248202382473
path,-7.280996118916295,10.49164218598892
path,-7.281823834707665,10.490165416448425
path,-7.282700355370297,10.488716996742607
path,-7.283583839507944,10.48725402039226
path,-7.284472584156241,10.485780063427637
path,-7.285365651014981,10.48429713469149
path,-7.2862581598227365,10.482813033726817
path,-7.287144328064068,10.481340287698986
path,-7.288025116917286,10.479880937341825
path,-7.288905920290592,10.47842154998135
path,-7.289786733575117,10.476962126579817
path,-7.290664241729257,10.47550815133202
path,-7.29154174994275,10.474054143119355
path,-7.292419258790898,10.472600102611517
path,-7.2932967630253716,10.471146029475015
path,-7.294174260755579,10.469691924720085
path,-7.295043206117937,10.468251935007777
path,-7.29591213925974,10.466811919847391
path,-7.296781059768805,10.465371874679104
path,-7.297649954916399,10.463931828950797
path,-7.2985188590182695,10.462491699096459
path,-7.299384642113305,10.461056686119706
path,-7.300250406330455,10.459621646562402
path,-7.301116150677948,10.458186579185636
path,-7.301981842651675,10.456751554204418
path,-7.302847552626668,10.455316414052207
path,-7.303708576222497,10.453889052415263
path,-7.304569708012441,10.452461385777722
path,-7.305430813676658,10.451033699085636
path,-7.306291747805362,10.4496062946251
path,-7.3071522764723005,10.448179653523088
path,-7.308009692705204,10.446758176718744
path,-7.308866878078119,10.445337086201164
path,-7.309723995564414,10.443916045893376
path,-7.310581071323541,10.442495000309592
path,-7.311438117117829,10.44107392177651
path,-7.312291009289861,10.43965960809834
path,-7.313143763943723,10.43824548503038
path,-7.31399648521139,10.436831336913617
path,-7.314849141900134,10.435417228783065
path,-7.3157016199097304,10.434003398065421
path,-7.316616407350935,10.432487068942928
path,-7.317538835537997,10.430962456932857
path,-7.318460832858419,10.429438567255641
path,-7.319382237840554,10.427915730225937
path,-7.320302952359556,10.426394128189608
path,-7.321216318521795,10.42488440835313
path,-7.322128425013984,10.42337708987117
path,-7.3230391171313025,10.421872472395975
path,-7.323948242305742,10.420370850485636
path,-7.3248556502324345,10.41887251317639
path,-7.325755761816279,10.417386325247715
path,-7.326653874640523,10.41590397374997
path,-7.327549867923964,10.414425683721333
path,-7.328443540768449,10.412951847869072
path,-7.329334678229922,10.411482885123222
path,-7.330219008845937,10.410025574399523
path,-7.331100605129567,10.408573503371686
path,-7.331979381837858,10.407126818777968
path,-7.332855265550314,10.405685642685905
path,-7.3337281432692185,10.404250179924098
path,-7.334588245648129,10.402835112896124
path,-7.335446891041493,10.401422521750694
path,-7.33630426244507,10.40001199930628
path,-7.3371606125392015,10.398603005449425
path,-7.338016217232674,10.397194954690896
path,-7.33886759696195,10.395793233383536
path,-7.339718648957989,10.394391585279998
path,-7.340569720710886,10.392989283658707
path,-7.341413104832723,10.39160268847879
path,-7.342224961265642,10.39028145312635
path,-7.343000564787713,10.389032359845832
path,-7.343749181699796,10.387838423159266
path,-7.344477571329993,10.386685266320157
path,-7.345193457979733,10.385556570920683
path,-7.345903054663181,10.384439251529713
path,-7.346606300134585,10.383331359844014
path,-7.347308523212316,10.382223797463684
path,-7.348003609494049,10.381129640478902
path,-7.348673325169104,10.38008718091453
path,-7.349320365707102,10.379090504125129
path,-7.349945522250656,10.378136457373545
path,-7.350554588465682,10.377214188108345
path,-7.351149983192705,10.376318544487562
path,-7.351733751244324,10.375445177554228
path,-7.35225193345055,10.374553946875064
path,-7.352708020558527,10.373657926534147
path,-7.353113031960987,10.372763833745328
path,-7.353465637487803,10.371859607752466
path,-7.353761820692816,10.370932968307134
path,-7.353997072289316,10.369974488147152
path,-7.354164795059883,10.368977050645652
path,-7.354311770726356,10.367894052714352
path,-7.354461061419955,10.366699865503023
path,-7.354610633508873,10.36539170169619
path,-7.354762296036243,10.3639773584737
path,-7.354932811679136,10.362501806503253
path,-7.355127288943233,10.360972213453504
path,-7.3553460939527175,10.359392960125383
path,-7.35558940580879,10.35777728421013
path,-7.355858443675687,10.356134059099524
path,-7.356121574889173,10.354496393016767
path,-7.35641129130386,10.352854946397274
path,-7.356732983194712,10.351214974915951
path,-7.357088451003457,10.34958384377555
path,-7.357480547582923,10.347970426524727
path,-7.357910367971138,10.346387958638033
path,-7.358383393564708,10.344839892690807
path,-7.358943902302126,10.343365862838631
path,-7.359618768089838,10.341984701783826
path,-7.360306760716201,10.340617224674222
path,-7.361003091161469,10.339268665719239
path,-7.361706924253207,10.337935893710466
path,-7.362414139553008,10.336622806585405
path,-7.363121290610028,10.335332639346086
path,-7.363825726956495,10.334067836717477
path,-7.3645245720747265,10.332832671415922
path,-7.365215536751958,10.331626223424806
path,-7.365898593365874,10.33044828303473
path,-7.3665745389902915,10.32929787743743
path,-7.367244921147627,10.328173287910928
path,-7.367907442312719,10.32703986501477
path,-7.368569383930939,10.325926861948135
path,-7.369234136882845,10.324830760935486
path,-7.369896208081149,10.323746699019937
path,-7.37045041005632,10.322713343286244
path,-7.370880859011565,10.321759628540494
path,-7.371193096109986,10.320874270478532
path,-7.371470821947428,10.319978836849451
path,-7.371745339277122,10.319042450875891
path,-7.372016020874523,10.318062919329176
path,-7.372280438628934,10.317039823235577
path,-7.3725400043566,10.315970949246516
path,-7.372794312389723,10.314855474184482
path,-7.3730430312290745,10.313693459760659
path,-7.373285898960847,10.312485253121976
path,-7.373519981580721,10.311233354555085
path,-7.373747375822284,10.309937719470406
path,-7.373976289524127,10.30862152413129
path,-7.37421505166488,10.307307665359474
path,-7.374462639165355,10.305995927100634
path,-7.374717438502687,10.304691074436457
path,-7.374979447052966,10.303388129058721
path,-7.375247571448758,10.302086667380031
path,-7.375520801675101,10.300786425943903
path,-7.3757981312929735,10.299487127844491
path,-7.3760770903944755,10.298196973339335
path,-7.376358264453701,10.29690750120641
path,-7.376640553290402,10.29561812578249
path,-7.376922979466538,10.294328570574326
path,-7.377204573916578,10.293038545421801
path,-7.377483455551575,10.29175326596915
path,-7.377759561763492,10.290466955314653
path,-7.3780339495686045,10.289181268162032
path,-7.378299294750516,10.287895757379207
path,-7.3785573617730345,10.286607966853326
path,-7.378806708726405,10.285324814094892
path,-7.379051550389792,10.284046116997375
path,-7.379287735299038,10.282774112899304
path,-7.379516704583024,10.281509020787867
path,-7.379742472760268,10.280255790234913
path,-7.379956205383726,10.279014268609199
path,-7.380166183706418,10.277787762099791
path,-7.380365221972108,10.276575671832074
path,-7.380559868222201,10.275381641037516
path,-7.380745474791764,10.274204868982984
path,-7.380916665502915,10.273046541090538
path,-7.38108052645646,10.27190790612631
path,-7.3812318393589464,10.270786581217715
path,-7.381366165605521,10.269681280612538
path,-7.381489111259616,10.2685923499628
path,-7.381591955473358,10.267518782409699
path,-7.381675702941886,10.266458034285748
path,-7.381738910097071,10.26540825706825
path,-7.381780436500879,10.264367794576579
path,-7.381796701957699,10.263333011763802
path,-7.3817881418727795,10.26230457113215
path,-7.381752222936921,10.261278396313145
path,-7.381687520826606,10.26025194006958
path,-7.381592242529566,10.25922192758918
path,-7.381464239851248,10.258185693683968
path,-7.381300272348807,10.25714076916377
path,-7.381099785514608,10.256083902467894
path,-7.380886952131185,10.255018152292813
path,-7.380613725040702,10.253932673884007
path,-7.38029800285176,10.252820302112275
path,-7.379935433494084,10.251679089037275
path,-7.3795260132600395,10.250505587201552
path,-7.379071424051446,10.24929829227574
path,-7.378564365748504,10.248053452683767
path,-7.378043445501686,10.246662139147737
path,-7.377787824931792,10.245208852564808
path,-7.377705390597616,10.243736934821447
path,-7.377684322688477,10.24224896123969
path,-7.377663036748251,10.240756751036058
path,-7.377635749192717,10.239262617791685
path,-7.377607001495529,10.23776789473495
path,-7.377574625038536,10.236267520389815
path,-7.377526143113022,10.23476611410487
path,-7.377478693940581,10.233265935165859
path,-7.377438936172795,10.231766690792915
path,-7.377408008963362,10.230278192074607
path,-7.377391326335615,10.228802011237093
path,-7.37736324348178,10.227324064105664
path,-7.3773244201222505,10.225839018778544
path,-7.377292769252844,10.224350876776311
path,-7.377270984987673,10.222832044243786
path,-7.377250808358287,10.221288526686765
path,-7.37723370516661,10.219731734926627
path,-7.377219337880561,10.21817591546925
path,-7.377204340845965,10.216622584487286
path,-7.377175527184005,10.215067150114702
path,-7.3771601354292535,10.213518299348085
path,-7.377146581070138,10.211972393030518
path,-7.377136566397614,10.21042911572691
path,-7.377127654180087,10.208884516832873
path,-7.377095104320938,10.207334737360467
path,-7.377065368265102,10.205792420996245
path,-7.377037460061837,10.204246402854347
path,-7.377006628333593,10.202698225622012
path,-7.376989484815199,10.20115157658423
path,-7.376958538541894,10.199605033479676
path,-7.376942424406129,10.198067967366269
path,-7.376930336479742,10.196538119467634
path,-7.376909727061237,10.195006984827637
path,-7.376894855699699,10.193469674383687
path,-7.376873213769956,10.191937865633685
path,-7.376844393505989,10.190403663952338
path,-7.37682528559665,10.188874879791339
path,-7.376793434476254,10.187341376209062
path,-7.376770902662805,10.18581337604326
path,-7.376753656485669,10.18429333001669
path,-7.376728209925972,10.182770984960042
path,-7.376697337497698,10.181243547624796
path,-7.376667858856116,10.179703741178226
path,-7.376620610337069,10.178157765840155
path,-7.376581525271945,10.176617742240945
path,-7.376547502170173,10.175084518758597
path,-7.376500375829649,10.173545969505495
path,-7.376470624791024,10.172014695172768
path,-7.376431973572638,10.170480010488161
path,-7.376398276917512,10.168939436538604
path,-7.376373945747606,10.167410567217166
path,-7.376342234808106,10.165879584940512
path,-7.376307749387328,10.164276414531914
path,-7.376263520651587,10.162642476448722
path,-7.376221891153027,10.161006783274154
path,-7.376172365337194,10.159370096278167
path,-7.376122941522499,10.15773082419287
path,-7.37607477926403,10.156093031141573
path,-7.376029877295544,10.15445412142091
path,-7.3759867002713975,10.152818950733376
path,-7.375945972631205,10.151189410175576
path,-7.375909323593634,10.149561534870646
path,-7.375873533621532,10.147935253676916
path,-7.375837345866545,10.146307142316697
path,-7.375794047835948,10.144678200576324
path,-7.375751290475043,10.143055855993694
path,-7.375710083069586,10.141435576558155
path,-7.3756668746881004,10.139814034033813
path,-7.375622736127236,10.138189786158513
path,-7.375586702137201,10.136572061002486
path,-7.375555611584928,10.134955040660973
path,-7.375524313789769,10.13333792083549
path,-7.375493108348528,10.131720098841052
path,-7.375463307409159,10.130104076981393
path,-7.375439114626089,10.128445205775638
path,-7.375402605329811,10.126753556232073
path,-7.375370370840793,10.125052707957643
path,-7.375332884502546,10.123348603839776
path,-7.375302514308871,10.121646174351962
path,-7.37527054407823,10.119948785616328
path,-7.375240017820631,10.11825928616161
path,-7.375210165377334,10.116570940019733
path,-7.375177243369802,10.114882189775056
path,-7.375150403778283,10.113194085150367
path,-7.375115294317229,10.111510927305654
path,-7.375074655308434,10.109824718547937
path,-7.375037432672114,10.108142402465607
path,-7.375009535974016,10.10646125719757
path,-7.374978549475838,10.10478108296994
path,-7.374946582499947,10.103105607454856
path,-7.374914000943372,10.101437625819464
path,-7.3748866098184696,10.099774233657206
path,-7.374858743568194,10.098106850645976
path,-7.3748374963171575,10.096442605162123
path,-7.374809261180104,10.094780749983842
path,-7.374779426780789,10.09311966758586
path,-7.3747585300162415,10.091463246234325
path,-7.374735585192531,10.089806246438428
path,-7.374706109255493,10.088147212106222
path,-7.374678644866285,10.0864908800429
path,-7.37465658444085,10.084839312849788
path,-7.374638140755494,10.083190793511793
path,-7.37461965746563,10.081542026670654
path,-7.37460198289359,10.079896527167868
path,-7.3745825640287395,10.078250384502132
path,-7.374561101867906,10.076606208481675
path,-7.374544832516229,10.07496407818339
path,-7.37452755983596,10.073322233578766
path,-7.374508447137624,10.071678759275832
path,-7.374492148034901,10.070038051893691
path,-7.3744621913681785,10.068398766255717
path,-7.374403632679277,10.066748852867963
path,-7.374299535910337,10.06507960296423
path,-7.374141473019085,10.063392277712012
path,-7.373983827128362,10.061711369871562
path,-7.3738267202541135,10.060030827208609
path,-7.373671915433734,10.05835027730305
path,-7.373516276571264,10.05666897455582
path,-7.373362096953643,10.054988147836296
path,-7.373208288210678,10.053313481263979
path,-7.373061068837767,10.051641137788215
path,-7.372909007816803,10.049967973652834
path,-7.37275674427537,10.048295195965853
path,-7.3726057141858,10.046622011323173
path,-7.3724539078711055,10.044953957465669
path,-7.372305100246122,10.04328543622568
path,-7.372157738046925,10.041617060002247
path,-7.37200930978118,10.03994807262255
path,-7.371870435435367,10.038280940847363
path,-7.37178159931869,10.036574519957702
path,-7.37171485587833,10.034851171477397
path,-7.371649631326989,10.033129663616858
path,-7.371584573760497,10.03140764979418
path,-7.3715201477032775,10.029685422700476
path,-7.371456164921169,10.02796672707111
path,-7.371392528025723,10.026247821746821
path,-7.3713295314389295,10.024528721205611
path,-7.371267075110869,10.02281016059619
path,-7.371204703140749,10.02109104650407
path,-7.3711507638176705,10.019331491743813
path,-7.371087189113441,10.017550273740035
path,-7.371023679517445,10.015767905860368
path,-7.370961202182067,10.013986664961092
path,-7.370898893334699,10.0122049718825
path,-7.370837141700722,10.010432842228983
path,-7.370775902483155,10.008660679294119
path,-7.370715400980848,10.006888365137247
path,-7.370655626072283,10.005116800531122
path,-7.37059593508153,10.003344694357427
path,-7.370536427006319,10.001585536901938
path,-7.370478367842138,9.999827488678175
path,-7.370420462177132,9.998069023146483
path,-7.370363085390841,9.996310594172447
path,-7.370306161691447,9.994551661848918
path,-7.370249588195494,9.992800908980117
path,-7.370194071292659,9.99105085346832
path,-7.3701388965107055,9.989300633442122
path,-7.370084058397857,9.987550245039488
path,-7.370029538200544,9.985799628882809
path,-7.3699753092375575,9.984059010163218
path,-7.3699220573957245,9.982318581741437
path,-7.369869505731494,9.980578913199768
path,-7.369817311200409,9.978839116140765
path,-7.3697652274095224,9.977098913360633
path,-7.36971514901472,9.975367707814323
path,-7.369670508948779,9.97364250012052
path,-7.3696304250011,9.971922240621863
path,-7.369587588245741,9.970202894354554
path,-7.369537665101514,9.96848903068524
path,-7.369492490846259,9.966785235132377
path,-7.369449509851992,9.96508161008678
path,-7.369406231783367,9.963377473321165
path,-7.369364126348506,9.961672908263688
path,-7.369323806007709,9.959967920282116
path,-7.369282375771151,9.95826858488516
path,-7.369243173830615,9.956570489826145
path,-7.36920909082756,9.954875719375709
path,-7.369169842537219,9.953178990873658
path,-7.3691290755210135,9.951478787685941
path,-7.369091114817494,9.949782710314429
path,-7.3690524138855125,9.948084980530059
path,-7.369015020628668,9.946389544303079
path,-7.368981417040547,9.944696321331277
path,-7.3689468522645125,9.943003201465213
path,-7.368911641189947,9.941310688192228
path,-7.3688732187183925,9.93961588587829
path,-7.368838214673023,9.937922947238686
path,-7.3688030465603624,9.936229111920651
path,-7.368766449732744,9.934537066130202
path,-7.368731634544819,9.932842132783112
path,-7.368695864184553,9.931151842452419
path,-7.368663235752108,9.929459585464459
path,-7.368627699311291,9.927764299343533
path,-7.3685939937933425,9.926073225267546
path,-7.368559990565772,9.92437931447379
path,-7.368526507126013,9.922687718261345
path,-7.368494395576686,9.920993932089553
path,-7.368460550055042,9.919302627298025
path,-7.3684290575145095,9.917608673402933
path,-7.368393582439087,9.915889474807075
path,-7.368360391381103,9.914156464530276
path,-7.3683277456732235,9.912420485679924
path,-7.368298319084919,9.910688345421509
path,-7.368265084130328,9.908953333567155
path,-7.368234859698996,9.907229516662628
path,-7.368210798187141,9.905510510179242
path,-7.36818318095012,9.903787870643937
path,-7.368157466158221,9.902065989403711
path,-7.3681253383542975,9.900340644749745
path,-7.368096228764757,9.89862396658583
path,-7.368065967072254,9.89690656998224
path,-7.368038908351121,9.89519127556905
path,-7.368011756939839,9.893474675978998
path,-7.367985747371335,9.891758582094592
path,-7.367958404438245,9.8900461913806
path,-7.36793131044949,9.888336792744674
path,-7.367904733220854,9.886625008403552
path,-7.367878677153597,9.884916461589905
path,-7.367850227606332,9.883205034260946
path,-7.367824647064727,9.881501722116475
path,-7.367803414793698,9.879800033047946
path,-7.367781853236155,9.878096085973358
path,-7.367756639744532,9.876392859777317
path,-7.367732315411774,9.874688785633799
path,-7.3677155144164574,9.87299312738942
path,-7.367693432371731,9.871294439978284
path,-7.367673065830188,9.869595037228537
path,-7.367653169415457,9.867893915892463
path,-7.367634185773411,9.866195876750776
path,-7.367614587344764,9.864496964100853
path,-7.36759611546446,9.862800761145929
path,-7.367580809666061,9.861106638599264
path,-7.367561077267217,9.85941035759802
path,-7.367541907384798,9.857710186602082
path,-7.367522956536056,9.856014947148463
path,-7.367506131812668,9.854320957186204
path,-7.3674849035359005,9.852623147890258
path,-7.3674688328818485,9.850929165578949
path,-7.367449567422907,9.849235114415425
path,-7.367433708242333,9.84754126405865
path,-7.3674182511650566,9.845847670757102
path,-7.367402579025844,9.84415435869454
path,-7.367384409804653,9.842457672900087
path,-7.367367884457248,9.840763473725834
path,-7.36735867736152,9.839072754050793
path,-7.367345393681666,9.837377647332797
path,-7.367332236758001,9.83568236664887
path,-7.367317321779693,9.833986063097159
path,-7.367304872218094,9.832290751960503
path,-7.36729166038562,9.830592992870956
path,-7.3672771547083995,9.828896196503512
path,-7.367264728541215,9.827196398692838
path,-7.367250532117542,9.825499466226049
path,-7.367239400850081,9.823803999681868
path,-7.3672288775787145,9.822105304406335
path,-7.367217528730264,9.820406280308562
path,-7.367209213940963,9.818708486425301
path,-7.367199941190981,9.817009201886158
path,-7.367195182466134,9.815312406518307
path,-7.36718792163729,9.813598358191859
path,-7.36718204287475,9.811885089582576
path,-7.367177389869584,9.810170105584627
path,-7.367169043740746,9.80845445560969
path,-7.367166358686299,9.80674136176033
path,-7.3671818731750305,9.805034105806488
path,-7.367216346413045,9.803338082722343
path,-7.367255961812337,9.801650125290118
path,-7.367299166942512,9.799961750524519
path,-7.367347736216363,9.798277205690741
path,-7.367392530129553,9.796594212463708
path,-7.367437769555876,9.79490979671763
path,-7.367479386437549,9.793225650000599
path,-7.3675251715449495,9.791542731038609
path,-7.367572854499606,9.789860928968855
path,-7.3676184733221195,9.788182294640889
path,-7.367663953475748,9.786501454323279
path,-7.367708234528336,9.784823672955374
path,-7.367756494090556,9.783145159925073
path,-7.367800034769331,9.781471289332496
path,-7.367845496370344,9.779793938050805
path,-7.367893257974271,9.778118750473237
path,-7.367939219301113,9.77644211041044
path,-7.367986494969558,9.77476544989824
path,-7.368035027062355,9.773089136120989
path,-7.368081460454892,9.77141308524987
path,-7.36812899704391,9.769737225163418
path,-7.3681728593637095,9.768059579602077
path,-7.368218748090391,9.76638157838366
path,-7.36826504795102,9.764703741307892
path,-7.368309447644577,9.76302752006761
path,-7.368356650806814,9.761350071868376
path,-7.368406088316039,9.759676143453042
path,-7.368454755126118,9.75800023944523
path,-7.368502660743815,9.756320827639735
path,-7.368546621722427,9.754644538509933
path,-7.368595176356152,9.752966311523496
path,-7.368646749033821,9.751291309661532
path,-7.368696178418394,9.749613380719815
path,-7.368747442977076,9.74793760928343
path,-7.368798463276654,9.746259793366038
path,-7.368849791023198,9.74458048957954
path,-7.368901739115039,9.74290151475401
path,-7.3689528303727965,9.741222716935866
path,-7.369004033099561,9.739543028728555
path,-7.369057381430054,9.737863821114297
path,-7.36911168670063,9.736180358625404
path,-7.369154320834817,9.734496004554687
path,-7.369200525375545,9.732818784815723
path,-7.369243647807732,9.731148026340131
path,-7.369289363026315,9.729478222602223
path,-7.369328751225722,9.727809762707937
path,-7.369366086096082,9.72614767804154
path,-7.369398167662388,9.724491354064462
path,-7.369424743572789,9.722838012559555
path,-7.3694506727842795,9.721192066276878
path,-7.369474458963279,9.719552053166813
path,-7.369501452715184,9.71791523178704
path,-7.369526080138779,9.716278143961578
path,-7.369550286591915,9.714641650139077
path,-7.369575160665918,9.713011795410216
path,-7.369600479620147,9.71138736203136
path,-7.369626636968279,9.709761587707177
path,-7.369656422421405,9.708139124725035
path,-7.369682953987756,9.706515429994637
path,-7.369710400132493,9.704892171164275
path,-7.369738633280602,9.703268961825602
path,-7.36976788208049,9.701648801417509
path,-7.369794688717505,9.700023451739739
path,-7.369822505997638,9.698402460171426
path,-7.369851288946996,9.696782498011356
path,-7.369880175607057,9.695163276455824
path,-7.369909404856679,9.693543469714882
path,-7.369940416454257,9.691924189208574
path,-7.369972542831683,9.690305843774528
path,-7.369998770129489,9.68868632180104
path,-7.370029214411292,9.687066077142601
path,-7.370056112138499,9.685442656271317
path,-7.370082616938331,9.68380012113074
path,-7.370109319336157,9.682158073292252
path,-7.3701339155246774,9.680516337299725
path,-7.370158865710985,9.678873817539833
path,-7.370187162728643,9.677230460321182
path,-7.370224174899074,9.675592723993669
path,-7.370262818268319,9.67395729556444
path,-7.370306554609487,9.672325666586074
path,-7.3703536985641005,9.670698032147737
path,-7.3704035864869955,9.669073690721705
path,-7.3704555499132445,9.667451929848182
path,-7.370508922890536,9.665832032362484
path,-7.3705652910875115,9.664211335344005
path,-7.370621726545697,9.66259105804511
path,-7.370677561163813,9.660970467281595
path,-7.370732114407534,9.65934881860486
path,-7.3707847064912135,9.657725354420796
path,-7.370836629814311,9.6560976254696
path,-7.370885217074301,9.65446655072991
path,-7.370929774165568,9.652831346991078
path,-7.370969605497711,9.651191218358102
path,-7.3710043333751,9.649545720725543
path,-7.371038848029233,9.647893031113842
path,-7.371072704019648,9.646239944199849
path,-7.371106720851683,9.644587390422966
path,-7.37114090016626,9.642935365908002
path,-7.3711752412500555,9.641283871461331
path,-7.371210152309158,9.639627369285376
path,-7.371244938772668,9.63797107751385
path,-7.3712798874863,9.63631531973187
path,-7.371314997272238,9.634660098030153
path,-7.371350268007222,9.633005412522602
path,-7.371386684033212,9.631341541501927
path,-7.371422509572928,9.629677339475812
path,-7.371458499496324,9.628013677903379
path,-7.371494654998218,9.626350554606265
path,-7.3715309756896055,9.62468797051463
path,-7.371567939320896,9.623017979684883
path,-7.371604777889035,9.621348185780107
path,-7.371641784713393,9.619678934506696
path,-7.37167896292334,9.618010220155822
path,-7.3717163125204905,9.61634204308538
path,-7.371753658477135,9.614682052139127
path,-7.371791177599553,9.6130225973774
path,-7.371828868539511,9.611363672302694
path,-7.371866732431278,9.609705275164915
path,-7.371904770103054,9.60804740481521
path,-7.371943332699983,9.606381914992955
path,-7.371981917538636,9.604716764794542
path,-7.372020680214993,9.603052143635786
path,-7.372059624748847,9.601388044609132
path,-7.372098750707242,9.599724468871205
path,-7.372138920732641,9.598047666694299
path,-7.372178757258873,9.59637076361921
path,-7.372218781497104,9.594694388607724
path,-7.3722589951536435,9.593018538946811
path,-7.37229940095849,9.591343209963911
path,-7.372340466959674,9.589657634459597
path,-7.372381530311694,9.587972334975952
path,-7.372422793148713,9.586287555690856
path,-7.372464255393405,9.584603297384465
path,-7.3725059172680885,9.582919560262452
path,-7.3725538809085585,9.581224284957724
path,-7.372610817240412,9.579541881304127
path,-7.372676965883573,9.577871608000875
path,-7.372751904558743,9.576211726649477
path,-7.372835024181907,9.57456058938425
path,-7.372931322075276,9.572912015661467
path,-7.373034830050967,9.571268670543546
path,-7.373145096874827,9.569628683425263
path,-7.373262007646405,9.567990847235956
path,-7.373384754025993,9.566352295429088
path,-7.373521830994278,9.564703242549065
path,-7.373663714190863,9.56304875116279
path,-7.373809684486422,9.561385923386952
path,-7.373959693947212,9.55971335382876
path,-7.374120197048636,9.558044651879918
path,-7.3742962862646255,9.556369922952673
path,-7.374481937375461,9.554694852584474
path,-7.374675907607584,9.553015978875523
path,-7.374886400063066,9.551334466657108
path,-7.375087579612764,9.549660448079653
path,-7.375281464186143,9.547980310260222
path,-7.375460277012726,9.546294925206638
path,-7.375616452806548,9.544634664552838
path,-7.375736824240593,9.543013894051645
path,-7.375822884481749,9.541426948763549
path,-7.375891755619882,9.53980468610622
path,-7.375955797236734,9.538126621239778
path,-7.3760151196148875,9.536394315811542
path,-7.376074688907581,9.534622819944916
path,-7.376138756032003,9.532823199938665
path,-7.376223481655239,9.531027907543601
path,-7.376278724246992,9.529274472694867
path,-7.376312216794111,9.527507129746246
path,-7.376339709257556,9.525689851790599
path,-7.376374264283543,9.523836019728463
path,-7.376426006954657,9.5219755143299
path,-7.376468147110779,9.52009690570138
path,-7.376502072097349,9.518199823914319
path,-7.376526724172041,9.51628719799153
path,-7.376559789703836,9.514336907405735
path,-7.376644429597077,9.512397998181507
path,-7.3767486798414375,9.510428348260488
path,-7.376872025369881,9.508427205961999
path,-7.3770050686266755,9.506411454361777
path,-7.377145176794454,9.504384683307272
path,-7.377283917597522,9.502333074425316
path,-7.377401978582126,9.500302617735969
path,-7.377463665592978,9.49839110480161
path,-7.377543719341417,9.496569350824716
path,-7.377640895404075,9.494769998225397
path,-7.377745469467576,9.492940192209943
path,-7.377845046557277,9.49110229422447
path,-7.377945227520136,9.489264267526584
path,-7.378046005591305,9.487426119066859
path,-7.37814737463236,9.485587855171408
path,-7.378251800275609,9.483720617551606
path,-7.378356152236828,9.481850754554513
path,-7.378461093484921,9.47998079576154
path,-7.378566620291125,9.478110745007493
path,-7.378672729262234,9.47624060580225
path,-7.378785318838624,9.474327633058486
path,-7.378895623999595,9.472406708244261
path,-7.379006521608156,9.47048571449266
path,-7.379118010484883,9.4685646531335
path,-7.379230089286491,9.466643525802603
path,-7.379354044485193,9.464696727367386
path,-7.379470908971913,9.462728251739824
path,-7.379582258331861,9.460890657628797
path,-7.379698937631744,9.45934174639163
path,-7.379875332906521,9.457911187413726
path,-7.38012633702921,9.456560509135048
path,-7.38042964754003,9.455200258675319
path,-7.380807960996079,9.453866444944273
path,-7.38122160258364,9.452574139757491
path,-7.381657181053272,9.451283649343706
path,-7.382097556154057,9.449949492146029
path,-7.382543205000475,9.44860859171413
path,-7.3829963892586505,9.44727675309425
path,-7.383449931472081,9.4459399853894
path,-7.383917756884989,9.444610387881632
path,-7.384378924694454,9.443240099114988
path,-7.384844371765358,9.441869292131782
path,-7.38531379105779,9.44050212867031
path,-7.385777505723785,9.439127347546407
path,-7.386245338970233,9.43775569972939
path,-7.386731908330854,9.436362548652932
path,-7.387212671051321,9.434962335963506
path,-7.387691866998819,9.4335595161675
path,-7.388175491062623,9.432162619120723
path,-7.388661971082986,9.430763187844137
path,-7.389166690855128,9.429317081282058
path,-7.389668630421643,9.427864834348556
path,-7.390172970296878,9.426412955327905
path,-7.390685605959401,9.424971436955571
path,-7.3911895346813665,9.423518580291278
path,-7.391711418017393,9.422033273518638
path,-7.392227931729817,9.420539963996502
path,-7.39275825815966,9.419063135798474
path,-7.393280893810947,9.417575670358223
path,-7.39380300487169,9.41608846592654
path,-7.394302208454038,9.414781856478271
path,-7.394827536812194,9.413661630511278
path,-7.395300422381374,9.412488819247226
path,-7.395765134260248,9.411307673622446
path,-7.39621265981398,9.410114944843876
path,-7.396653718208874,9.408898109091709
path,-7.397102648496259,9.407686786056884
path,-7.39754916783166,9.406472853774433
path,-7.397988781251534,9.405253580610541
path,-7.39843042152825,9.404035790087848
path,-7.398881162503173,9.402796765441472
path,-7.399333211926226,9.401560545396855
path,-7.399790085929436,9.400327550887637
path,-7.400239356241782,9.399084965511381
path,-7.400692615843015,9.39784668445167
path,-7.401154105577205,9.396597225060468
path,-7.401618078897168,9.39534877230878
path,-7.402078457105704,9.394095156987737
path,-7.402539190605672,9.392838253468204
path,-7.403021959169457,9.391601159677705
path,-7.403493023482778,9.39032352301553
path,-7.403966430425619,9.389046416298282
path,-7.404444073085114,9.387773651757337
path,-7.404919290314834,9.386498418595863
path,-7.405398792636124,9.385225467968857
path,-7.405884189079618,9.383928350629404
path,-7.406369425924663,9.382631663153877
path,-7.406856312567476,9.381334501002206
path,-7.407345237631494,9.380038120348516
path,-7.407835858081359,9.378743461534162
path,-7.4083376478335214,9.377432361955757
path,-7.408836609023255,9.376118299349914
path,-7.409340031506273,9.374807404736424
path,-7.409842408034419,9.373495165177223
path,-7.410343663372893,9.372183459039968
path,-7.410855537809282,9.370838176178912
path,-7.4113733348200315,9.369494900168613
path,-7.4118932972421545,9.368154263596061
path,-7.412410471023828,9.366810600498633
path,-7.412928418235177,9.36546608092942
path,-7.413463163854564,9.364106462893071
path,-7.413992062538329,9.362741115558235
path,-7.414519513843927,9.361372461021055
path,-7.415051448719492,9.36000863821691
path,-7.415582090425562,9.35864460290406
path,-7.416326491780979,9.356810374821503
path,-7.417389768924805,9.354372433810656
path,-7.418652891191393,9.351763221534982
path,-7.420010068710031,9.349152985719092
path,-7.4213803867336905,9.346609010530068
path,-7.422971769990858,9.343531960221059
path,-7.424846102436494,9.33975033188054
path,-7.426869917789076,9.33579452004075
path,-7.428782372026987,9.331812852259933
path,-7.430518277891115,9.327841339325188
path,-7.432203410985462,9.324005299811228
path,-7.4337903565976235,9.320391483009818
path,-7.435149843072313,9.316943315120936
path,-7.4362608209633665,9.313527411570991
path,-7.437145564668814,9.310147557152654
path,-7.438098330794985,9.30667177069541
path,-7.4390142035380995,9.30320952573937
path,-7.439865274830757,9.300047778509324
path,-7.440553886455759,9.297123727770582
path,-7.441046122083129,9.294242403279194
path,-7.441372630986147,9.291347080914838
path,-7.441506840100492,9.288495318532137
path,-7.441479328399293,9.285696282162627
path,-7.441301425681775,9.282946057904
path,-7.441014584196308,9.280231031122971
path,-7.440639689400398,9.277614843728477
path,-7.440168454511728,9.275075571143867
path,-7.439642239076135,9.272566268743981
path,-7.439072242890806,9.270078166972613
path,-7.438466963184683,9.267617811360203
path,-7.437850098257922,9.265155792958701
path,-7.437189412192216,9.262730873521319
path,-7.436505362015145,9.260335604021176
path,-7.435802998524587,9.257965842341251
path,-7.435085323487086,9.255622317602958
path,-7.434392488385106,9.253119239703718
path,-7.433673400545687,9.250649068630072
path,-7.433101160857352,9.248137033058367
path,-7.43263055953608,9.245612588179531
path,-7.432156473100172,9.243114496803965
path,-7.431734398368237,9.240186453831685
path,-7.431286706885064,9.23721989255389
path,-7.430840555048453,9.234296222439973
path,-7.430451702079915,9.231438093308302
path,-7.429971462764148,9.2283202526901
path,-7.428880570474199,9.223368753548295
path,-7.427287008050847,9.217316382404306
path,-7.425869704836893,9.210102381412902
path,-7.424917080349929,9.201771365773054
path,-7.424524409434576,9.192418142328886
path,-7.424484343706954,9.182332982570825
path,-7.424270100165816,9.17189159847726
path,-7.423879422343551,9.161290720067788
path,-7.42337596060144,9.150653113074025
path,-7.422938337581007,9.140072876640799
path,-7.4227125646027785,9.12969068117014
path,-7.422676030800697,9.11941866361515
path,-7.422793436211803,9.109178109066818
path,-7.423037965693456,9.098914839448788
path,-7.423364574584685,9.088650991207613
path,-7.423804224745542,9.078285716666905
path,-7.424341642562685,9.06779750959051
path,-7.42497003645544,9.057288385045915
path,-7.425630847995719,9.046862143064017
path,-7.426284525701796,9.036588305725292
path,-7.426882620725104,9.026698819046786
path,-7.427317440624333,9.017320122005215
path,-7.427676506244022,9.008293792723846
path,-7.42797224860277,8.999623019922529
path,-7.428231690822067,8.991266421159914
path,-7.428489646521067,8.983445031062143
path,-7.4288090474956725,8.976266553340972
path,-7.429094025591918,8.96957573730577
path,-7.429396400581681,8.963149098100224
path,-7.429694177055021,8.956992544571056
path,-7.429978151252557,8.951220881177914
path,-7.430274612264464,8.945696015667727
path,-7.430658836254069,8.940326976697257
path,-7.4311828268907965,8.93507674880419
path,-7.431838056737211,8.929928263698086
path,-7.432613438709372,8.92444083435977
path,-7.433677515827471,8.918563708839436
path,-7.434781941425893,8.912588355081159
path,-7.435876831280684,8.906617888638989
path,-7.43696246788897,8.900651243321697
path,-7.438010683218018,8.894154687907518
path,-7.439046906010635,8.88675892542149
path,-7.4403524559847884,8.878903288355088
path,-7.441769649337735,8.870694167114397
path,-7.443185266653162,8.862343519415278
path,-7.444311728376614,8.85450492348248
path,-7.445064061106089,8.847166361185236
path,-7.445756594835695,8.840046667117903
path,-7.446503888340158,8.833074099330151
path,-7.4473604560637305,8.826189325883274
path,-7.448059953468928,8.819740635176444
path,-7.448636334387884,8.813592381772338
path,-7.449269713942847,8.807584635425538
path,-7.4500029523082,8.801693067189872
path,-7.450844019967725,8.795844265510775
path,-7.451742358683306,8.789603803483647
path,-7.452732797936788,8.78297347028953
path,-7.453714880435879,8.776332912081575
path,-7.454686579270165,8.769691693970406
path,-7.4556478894030755,8.76304981606532
path,-7.456630416809616,8.75604209274537
path,-7.45764415107536,8.74887304305678
path,-7.458645764153546,8.741703241562773
path,-7.459635248948061,8.734532700459773
path,-7.460612598326648,8.727361433179258
path,-7.461538818733214,8.720319052177643
path,-7.462466273683933,8.713335921617675
path,-7.463381984744272,8.706356160467388
path,-7.464286188175133,8.699375847267532
path,-7.465178877144305,8.69239499011189
path,-7.466042324342017,8.685498655516366
path,-7.466898511774417,8.678625035003407
path,-7.4676798452982665,8.671781291803429
path,-7.468401224990772,8.664997613559864
path,-7.469071090676477,8.658278052650916
path,-7.469694767102862,8.651634110590454
path,-7.4703077103708075,8.645073948931392
path,-7.4708837513383415,8.63857499176161
path,-7.47140101882705,8.632054822661129
path,-7.47185482106563,8.625523448201228
path,-7.472026009482905,8.618517291622906
path,-7.472104714903301,8.610724798044131
path,-7.472398708377267,8.602471314865129
path,-7.473001592223923,8.593847776418622
path,-7.473824340165763,8.584946047966312
path,-7.474443912393726,8.575494906340756
path,-7.475069178491192,8.565287488916566
path,-7.475862565276125,8.554805584497151
path,-7.477088584081352,8.54450255976657
path,-7.478685767427093,8.534434775881369
path,-7.479744724663974,8.524058448871763
path,-7.480512569442876,8.513311300502593
path,-7.481361908686163,8.50251872926901
path,-7.482468290034007,8.491938663382948
path,-7.4838506816117185,8.481604634873934
path,-7.4847050782943825,8.471015602049693
path,-7.485270530571427,8.460178093214683
path,-7.48571428314081,8.449151103868175
path,-7.486064567987913,8.437941252319849
path,-7.486322321195013,8.426556274469997
path,-7.486474604054064,8.415070048119421
path,-7.486915125116399,8.403821534503217
path,-7.487705499384287,8.392878182772739
path,-7.488780842668161,8.382173638970071
path,-7.490138115884141,8.371715428733697
path,-7.490956805848388,8.360910794677736
path,-7.491448682467059,8.34970940498162
path,-7.492210399452245,8.338711836531306
path,-7.493262372045832,8.327965369211931
path,-7.4945944208555435,8.317469570561556
path,-7.495411260990978,8.306654594209451
path,-7.495969667165006,8.296229722959284
path,-7.49654627559869,8.286128281446885
path,-7.497159033368093,8.276321514520733
path,-7.4978069279032615,8.266802476752938
path,-7.498486699741427,8.257556449409298
path,-7.499204345644577,8.248599847357678
path,-7.4999565118337115,8.239918741610438
path,-7.500744997457299,8.231508143358264
path,-7.501567452684461,8.223372812997715
path,-7.502198583428218,8.214900344640427
path,-7.502521318220057,8.205805318240408
path,-7.5028363892438605,8.196710829854572
path,-7.5031550735538115,8.187822595875929
path,-7.503473109363301,8.179113620692519
path,-7.503568403856641,8.170105013891963
path,-7.503642417159551,8.160752815758947
path,-7.503827447378484,8.151591688346958
path,-7.504046387703044,8.142719324910882
path,-7.504128635133282,8.13408431189498
path,-7.50391043279253,8.125208762917127
path,-7.503464406202286,8.115917431221165
path,-7.50294445552973,8.10675201877862
path,-7.502452620182993,8.098032525621003
path,-7.501945608898858,8.08969488858365
path,-7.501055331144155,8.081037087403251
path,-7.50016388141059,8.071906198788167
path,-7.49924593717509,8.063060745098435
path,-7.498276183213737,8.054536544371722
path,-7.497353656020469,8.046201806812553
path,-7.496181247393573,8.037413720451609
path,-7.495080945173197,8.028266551436257
path,-7.493984077480637,8.01867841049038
path,-7.493121378095758,8.008431211347448
path,-7.492371595579717,7.997977691015039
path,-7.491971253320801,7.987684024150373
path,-7.4919819968970245,7.977541098324755
path,-7.492128977906915,7.967061022111964
path,-7.492438785760899,7.956283169845987
path,-7.492928025917545,7.945250797580117
path,-7.493476723252128,7.934283475915814
path,-7.4940205821817365,7.923686363785615
path,-7.494590547266245,7.913194067510068
path,-7.495220815843261,7.902620435329194
path,-7.495893587878271,7.892047433499233
path,-7.4964745334593035,7.881665937030522
path,-7.497123914670818,7.871563088788798
path,-7.497666322026611,7.861566868730675
path,-7.498134637475055,7.851709252913574
path,-7.498627767456861,7.841961413257398
path,-7.499128390958208,7.832368171465651
path,-7.499632462884062,7.822972735584307
path,-7.500144436336504,7.813793498805739
path,-7.5006203311367186,7.804820589963387
path,-7.501122430909141,7.7960771541947285
path,-7.501658742882615,7.787600491438383
path,-7.502089399776588,7.779383375332525
path,-7.502442315480031,7.771365929676221
path,-7.5027787389498215,7.7634047837596425
path,-7.5030765343860155,7.7554738520903905
path,-7.503188948016883,7.746940032100892
path,-7.503362888704248,7.737938350414154
path,-7.50345005178459,7.7287280067194555
path,-7.503342771720079,7.719596625215391
path,-7.503128722730877,7.710619177093561
path,-7.50298467410823,7.701427010071353
path,-7.502776056239571,7.692228106355521
path,-7.502569694241088,7.682870191751784
path,-7.5024194019337,7.673468476184704
path,-7.502311826032184,7.664216327110339
path,-7.502359219150328,7.6547529292197725
path,-7.5022423217932275,7.6451719379108605
path,-7.502031377635819,7.635633464925939
path,-7.501843947749687,7.626213759212697
path,-7.501669795431557,7.6169012336522615
path,-7.5016576794991146,7.60738765977144
path,-7.501491393658683,7.597744083516762
path,-7.501212498000987,7.58814044980573
path,-7.500949297175015,7.578671733815225
path,-7.500676443971303,7.56934544967094
path,-7.500398547067107,7.560092985090306
path,-7.500128719519678,7.550913024447092
path,-7.499845425429517,7.541822319179664
path,-7.500014269167086,7.5327280445571185
path,-7.500720677850829,7.523626217343745
path,-7.501349372448078,7.514328571998145
path,-7.501969054438327,7.504841297159915
path,-7.5026299145983995,7.4952346271613655
path,-7.503318203793618,7.485515725670218
path,-7.504029946225202,7.475690214482966
path,-7.504660338869129,7.4657193789819605
path,-7.505274455519616,7.455670509463201
path,-7.5058653469584,7.445516875641096
path,-7.506430290058634,7.435272685520764
path,-7.506960329790289,7.424964818113959
path,-7.50736010523415,7.414524415949576
path,-7.507720039998698,7.403971468106907
path,-7.508056567449698,7.393350517659976
path,-7.508049990009537,7.382868832559283
path,-7.507823068643298,7.3726656498565415
path,-7.507758119947185,7.362399315540785
path,-7.507706882036163,7.351937902090367
path,-7.507745671318427,7.341304190319418
path,-7.507846936690896,7.330530278938017
path,-7.507952829299404,7.3196242071937
path,-7.508029806229939,7.308599902955845
path,-7.508072146524883,7.297479947303556
path,-7.508109494041078,7.286320858140495
path,-7.508107221981345,7.27533503106575
path,-7.508071432577469,7.264434420616692
path,-7.5080868117760104,7.253615806578834
path,-7.50802674992643,7.2427473393073445
path,-7.507889517534786,7.231802153399601
path,-7.507676776004774,7.220760109288719
path,-7.507405064932934,7.209640106051543
path,-7.507428894049717,7.1987306822852135
path,-7.507458497914331,7.187937990218088
path,-7.507400459926424,7.177061956020796
path,-7.507312644051042,7.166120616799044
path,-7.507019215545333,7.155335689972998
path,-7.506590713606028,7.144587987267371
path,-7.506015609154014,7.134014011542084
path,-7.505372280771805,7.123560479497765
path,-7.504629130826521,7.11328569102536
path,-7.503801077666615,7.103150854273221
path,-7.503307418485228,7.092670823713939
path,-7.502909479156057,7.082146586240249
path,-7.502383454184967,7.071745477735369
path,-7.501731075013726,7.061414737716411
path,-7.500987898200497,7.051192155720348
path,-7.500556155586296,7.040631828262205
path,-7.500519420738886,7.030200075100328
path,-7.500829799805028,7.020229977146347
path,-7.50130941878655,7.010546830947844
path,-7.501838127049896,7.000987712931292
path,-7.5024711342245025,6.991356826645405
path,-7.503028160926909,6.981655422194683
path,-7.503579387033895,6.9719751687497755
path,-7.504198295030514,6.962405852448845
path,-7.504868079617685,6.952944310484675
path,-7.505655315206788,6.9434012172644675
path,-7.506370522705797,6.9337968779305745
path,-7.50711806282258,6.924276188497928
path,-7.507922612131969,6.914889309835745
path,-7.508777684880751,6.905615365478615
path,-7.509770885768319,6.896260620471274
path,-7.510681458976544,6.886897261666184
path,-7.511641123252184,6.877708497416391
path,-7.5126668478850105,6.868701162046628
path,-7.513750218460059,6.859852809161557
path,-7.514872028564676,6.850668113378113
path,-7.515926659069813,6.841502068688477
path,-7.517071684333354,6.8325829118464
path,-7.518290840519033,6.823865797238457
path,-7.519528061045525,6.815240829419743
path,-7.520667111198387,6.806032974821792
path,-7.52170718242453,6.796794831636436
path,-7.52282328430773,6.787751380357267
path,-7.5240295908484445,6.7789038773408175
path,-7.525272767012415,6.770153038016048
path,-7.526396568350561,6.760818451391036
path,-7.527426269519791,6.7514644451622035
path,-7.528535526906346,6.742318667809318
path,-7.529723380546949,6.7333603492546965
path,-7.530907253177927,6.724457824115598
path,-7.531892939711571,6.714933084447072
path,-7.5326415794659685,6.705357876193943
path,-7.533437908307937,6.695960475377162
path,-7.534298571163799,6.686561715582757
path,-7.535263721270499,6.6772098881491715
path,-7.536320246487377,6.667907774030925
path,-7.537617073942405,6.657522178316914
path,-7.53900803187674,6.646434352227059
path,-7.540273274505003,6.634745355152994
path,-7.54069113238511,6.6227533525165665
path,-7.54147621255769,6.610773840655026
path,-7.542656492417232,6.598496600448698
path,-7.543994734472286,6.585910102027384
path,-7.54552426769693,6.573038528262338
path,-7.547290051934103,6.559851539771455
path,-7.54902184999503,6.5466223312289875
path,-7.550601541208424,6.53335469835062
path,-7.552042774864197,6.520080850721011
path,-7.553441111216091,6.506776828524526
path,-7.554800985064117,6.493424437097831
path,-7.556147645882022,6.480723345222892
path,-7.557082689452642,6.4689043343774
path,-7.557719157851499,6.457552709589442
path,-7.55830881568728,6.446489492597109
path,-7.558940795016025,6.435531699423717
path,-7.559429584819372,6.424865724670916
path,-7.55994878713471,6.414514275826891
path,-7.560530679901602,6.404304407258855
path,-7.561133243021936,6.3940863749770624
path,-7.561734641429359,6.383724951984496
path,-7.562256970708036,6.373514621343784
path,-7.562783989839007,6.363301322411587
path,-7.563313201071712,6.353005212479558
path,-7.563845224098114,6.342576162118912
path,-7.564374353414975,6.331936313825507
path,-7.564897466181414,6.321157463315043
path,-7.5653932285895324,6.310454433307801
path,-7.565847164102286,6.299984461104103
path,-7.566233393989436,6.290032817327007
path,-7.566534936510317,6.280284354885486
path,-7.566841066464801,6.270178218564037
path,-7.5670070634705935,6.259596513683646
path,-7.566941370818864,6.248671867055702
path,-7.56690891314216,6.23764693373446
path,-7.566876850933917,6.226582924166712
path,-7.566818804920731,6.215643128614833
path,-7.566732988327583,6.205535530403261
path,-7.566761485113272,6.195586488506862
path,-7.566817592090521,6.18576315436102
path,-7.566898433042836,6.176039273073919
path,-7.567049399235405,6.166637588284161
path,-7.567295434827609,6.157662536749513
path,-7.567618676832969,6.1490938873221435
path,-7.568010566939034,6.140928181404814
path,-7.568457431265985,6.13313874285076
path,-7.5687863840719745,6.125003309353682
path,-7.569499486297837,6.116537932520296
path,-7.570309595230457,6.108509392847395
path,-7.5711829326758,6.100750283482628
path,-7.57185316792427,6.092722859644834
path,-7.571983933657616,6.08420452136278
path,-7.571872552253007,6.075149654621981
path,-7.571875760016831,6.066237631545966
path,-7.571972670017455,6.057546689384643
path,-7.572135457983666,6.049042100879618
path,-7.57220903515536,6.040577022323685
path,-7.572297461408257,6.032148289504417
path,-7.572386055328372,6.023840743465813
path,-7.572471804972196,6.015684172878202
path,-7.5725564883497976,6.007703292544279
path,-7.572669546717579,5.999916330962062
path,-7.572803316958024,5.992312564870465
path,-7.572908595758,5.98485352615401
path,-7.572977843622546,5.977551300375741
path,-7.573009042224907,5.970398649451244
path,-7.573020980979701,5.963406919752489
path,-7.573029801333847,5.956580727655939
path,-7.572996622054395,5.949884820720793
path,-7.572923633533545,5.943323077485622
path,-7.5728101906344225,5.936883222267368
path,-7.5726276538986905,5.93054866409567
path,-7.5724649575584815,5.924302714625482
path,-7.572291717712267,5.918035522677334
path,-7.572122684581733,5.911732543525037
path,-7.5719690324661535,5.905374446859747
path,-7.571926267112544,5.898921231519788
path,-7.571874040311483,5.892478513881166
path,-7.571857826373976,5.885950131662073
path,-7.571888015743717,5.879441166874746
path,-7.571935929007556,5.872925209144982
path,-7.571967091035402,5.866410770086915
path,-7.571989441245209,5.859925450750401
path,-7.5720515327047,5.853447143201104
path,-7.572543881891326,5.8461616078402665
path,-7.573507761398137,5.8378806946523
path,-7.574927888890354,5.828530712450965
path,-7.576847269863814,5.818824204453531
path,-7.579134127519443,5.808933970382029
path,-7.581664087876026,5.798972736511864
path,-7.584294822435906,5.789004487299247
path,-7.587072134020743,5.778800151890794
path,-7.589957114042768,5.768630056466888
path,-7.593017082304193,5.758570727071397
path,-7.5965044453390425,5.7485804133339755
path,-7.600188839388441,5.738580318341392
path,-7.603745883773034,5.728537382516558
path,-7.6074053364036756,5.718399036916635
path,-7.611277514405995,5.7082520510294765
path,-7.614655689519843,5.697428983877838
path,-7.617339285469436,5.686080685021286
path,-7.619325277178393,5.67448680193872
path,-7.620680325466444,5.662852261666767
path,-7.621352570420961,5.651475131092632
path,-7.6218714623597,5.640226618011489
path,-7.622307015743892,5.629004405448966
path,-7.622715402021426,5.617773299745206
path,-7.622984788357542,5.60663873164967
path,-7.623117745589082,5.5957638215962575
path,-7.623158110462021,5.585149237591294
path,-7.623015528658116,5.5747690788148345
path,-7.623341442739376,5.564162695805526
path,-7.623781524893971,5.553545809268663
path,-7.6240529388453835,5.5432116959077655
path,-7.6240783191958075,5.533008690584899
path,-7.623905649924076,5.523011762405065
path,-7.6242702077512785,5.512774021461234
path,-7.624848951331566,5.502424826949014
path,-7.625289366370264,5.492240466863537
path,-7.625581573743593,5.48225031924356
path,-7.625744684083655,5.472489992175252
path,-7.6264316747753575,5.462415157675272
path,-7.62731162591003,5.452162814682885
path,-7.628039611540234,5.442079072068138
path,-7.628654165973702,5.432220029671114
path,-7.629155286305526,5.422597442746725
path,-7.629538894616162,5.413211006868916
path,-7.629786259935452,5.40404729934495
path,-7.629806126035387,5.395108932726976
path,-7.629577784611035,5.386427422246591
path,-7.629142449357266,5.378002240551455
path,-7.628566196151898,5.369833874166772
path,-7.627948786062919,5.36191737446661
path,-7.627279306173183,5.354254634309067
path,-7.626617957346848,5.346832439802339
path,-7.625872068266257,5.339565973704747
path,-7.624936872029844,5.332223298493639
path,-7.624105873514306,5.324179632643079
path,-7.623071697652051,5.31546428533182
path,-7.622242216009625,5.305783965004686
path,-7.6217129733685125,5.295516126417896
path,-7.621529285881229,5.284453235700584
path,-7.621449694567266,5.272612266630199
path,-7.621211892388314,5.260667153531327
path,-7.620767229513462,5.248791956673737
path,-7.62011876686635,5.236993838552514
path,-7.619279395509151,5.2253069812377175
path,-7.618382644649797,5.213278993010869
path,-7.617575712776222,5.200968205053264
path,-7.616804916926559,5.188439076141858
path,-7.616018260023143,5.175659044955308
path,-7.6151266649511715,5.162670370960846
path,-7.61407911380196,5.149620025889354
path,-7.612850827512274,5.136524180380542
path,-7.611469670823539,5.123381778723696
path,-7.60990633895639,5.1100991768458
path,-7.608108341590083,5.096661053076148
path,-7.606261754327947,5.083081998834517
path,-7.604483912450198,5.069287841345848
path,-7.602579548203323,5.055191647725955
path,-7.6004577628019305,5.040831845075326
path,-7.598454412127418,5.026842514068859
path,-7.59676103107074,5.013570400658929
path,-7.595137385432729,5.000762476221608
path,-7.593521160855475,4.988215316049624
path,-7.591931395992833,4.975919267233585
path,-7.590461532455916,4.96395482048747
path,-7.589059447936172,4.952238354714981
path,-7.587722103786138,4.940775991985685
path,-7.586430904293015,4.92956753173013
path,-7.58518960392504,4.918603009406226
path,-7.584108196416847,4.9079676173765145
path,-7.5831154012024085,4.897572562806805
path,-7.582331291157718,4.8873087788340115
path,-7.58173346116204,4.876905732196924
path,-7.581143647340513,4.86640469793855
path,-7.580780858373685,4.856205573115886
path,-7.580432962657303,4.846272124216484
path,-7.580042157466017,4.836453800427796
path,-7.579619917555547,4.826572183307706
path,-7.5791178226922895,4.816901261585532
path,-7.5786351676960795,4.807097159318131
path,-7.578150056156798,4.797275953454096
path,-7.577693386378376,4.787512353739407
path,-7.577262520189691,4.777784034141064
path,-7.576849063780015,4.7680849244801315
path,-7.576466794250241,4.758479527355026
path,-7.576205964570074,4.749102534517419
path,-7.575973195789406,4.740035393593479
path,-7.575752014907246,4.731255646715451
path,-7.575628570086201,4.722660826575848
path,-7.575162201734018,4.7136459944062254
path,-7.5746795744002,4.704573367454578
path,-7.574217181128723,4.69573910756325
path,-7.573776488533066,4.687124071968314
path,-7.573349417365845,4.678730335091121
path,-7.572666595852626,4.669821250419159
path,-7.571960267491077,4.6607947532208795
path,-7.571361763510502,4.651752562486616
path,-7.570913641707473,4.6427833060997825
path,-7.570526332452118,4.634135924194271
path,-7.570240354947618,4.6258623969508585
path,-7.570074773117941,4.617915455059024
path,-7.5700741932152535,4.610108522573599
path,-7.570282483183383,4.602330745535271
path,-7.570579384158702,4.594568826680909
path,-7.570852026357324,4.586758634332753
path,-7.571119030652261,4.5788148480831286
path,-7.571244151550058,4.569810956688664
path,-7.5712491198781695,4.560045140371419
path,-7.571139460908125,4.549861735078308
path,-7.570932716062484,4.539374008313845
path,-7.570664737420911,4.528530586064093
path,-7.5703857004291155,4.51741207733394
path,-7.570067515799849,4.505971570921437
path,-7.569739479925672,4.494225946438474
path,-7.56936637155122,4.4820444237645125
path,-7.569006602466719,4.469166960441748
path,-7.568860958927815,4.455922665739387
path,-7.568921678815993,4.4423192719767695
path,-7.569188157370138,4.428715035230522
path,-7.569655092276506,4.41516732563837
path,-7.57021189970283,4.401666600400524
path,-7.570780501932818,4.3882352420854644
path,-7.571366199792721,4.374874545257888
path,-7.571966210630139,4.361596066570524
path,-7.572543803548933,4.348919788457866
path,-7.573282859678276,4.336859719327469
path,-7.574064067214657,4.325003923581898
path,-7.574811405771638,4.3132682950301575
path,-7.575483770522236,4.301751079082206
path,-7.576225009807635,4.290509657793017
path,-7.576953584205828,4.279450290565489
path,-7.577717134631795,4.268523722931876
path,-7.5784942959785235,4.257817263087956
path,-7.579234388414211,4.247269569551182
path,-7.579966621397418,4.236921351355311
path,-7.5806758675650405,4.226757199336815
path,-7.5813499909004545,4.216729195874478
path,-7.581997196229873,4.206865672019406
path,-7.582618604102129,4.19713631593621
path,-7.583258951200357,4.187622415451513
path,-7.583899715661218,4.178313505693857
path,-7.58452684202695,4.169155069444259
path,-7.585142718111944,4.160165221584821
path,-7.585739874944229,4.151326605034063
path,-7.586296133908851,4.142624353931116
path,-7.586821909004388,4.134088766300264
path,-7.587318144986851,4.125702257052546
path,-7.587810798228599,4.117696186197703
path,-7.5882969471436486,4.110003219098453
path,-7.5887774956396985,4.102528982020968
path,-7.589253450784984,4.095104400783685
path,-7.589737645674678,4.087684814237047
path,-7.590269055472462,4.080268541817929
path,-7.590853733824539,4.072854678691259
path,-7.591563788010205,4.0650085443616755
path,-7.592421239579951,4.056884727921037
path,-7.593360880326709,4.048763709133234
path,-7.59438441008608,4.040644850533819
path,-7.595492762161249,4.032527689541512
path,-7.59666522661505,4.024029619673046
path,-7.597946828660495,4.015102873197507
path,-7.599321504094885,4.006101012827155
path,-7.600786614388868,3.9970998739927364
path,-7.602334695313083,3.9881053824813857
path,-7.603815329245897,3.9785245471936364
path,-7.605347339852644,3.968305772019471
path,-7.606969552488667,3.957595408629442
path,-7.608691089366039,3.9466566574364843
path,-7.610509274222065,3.9359401842926296
path,-7.612169609117016,3.925025484438375
path,-7.613626749601441,3.9140885003080834
path,-7.614997192431654,3.9033006021442085
path,-7.616388897241582,3.8927278772175695
path,-7.617829754160049,3.8823519849233357
path,-7.619403145564081,3.8720310758535272
path,-7.620894084514453,3.861600876016621
path,-7.621804816899351,3.851216074365178
path,-7.622099461516648,3.841021427026333
path,-7.622148718280288,3.8310942057789106
path,-7.622417749400683,3.8209745916990747
path,-7.622946165940744,3.8108550689302647
path,-7.623597883017738,3.8009280885068293
path,-7.624311220422788,3.791011100105314
path,-7.624694926455089,3.781122904977704
path,-7.625251073303616,3.77113788333238
path,-7.625837188553282,3.7611045206177396
path,-7.626598348649057,3.751068474953947
path,-7.627280628393808,3.741042114719608
path,-7.627614748801708,3.731062300032499
path,-7.62785404835678,3.7214827235153947
path,-7.627806381017592,3.7120613511248606
path,-7.627478756895846,3.7028202062480724
path,-7.62696174190188,3.6937916690821386
path,-7.62641733948088,3.6848914163127326
path,-7.626224587469287,3.6766270532254435
path,-7.626150856091358,3.6689418204624964
path,-7.625983916730093,3.6614955776986653
path,-7.6257191967413585,3.6542652650835348
path,-7.625364908814292,3.6472489736222236
path,-7.625382901651483,3.6410707298900933
path,-7.625466893151947,3.6354756826289614
path,-7.625453654621523,3.6300913951401266
path,-7.6253435864664585,3.6249188772007637
path,-7.625136640379413,3.6199584037406365
path,-7.625040760121899,3.615376507812189
path,-7.62487004947869,3.6110243517904554
path,-7.624696901145572,3.6068503274726487
path,-7.624562555302812,3.6028107983492443
path,-7.624415298569599,3.5989135274775905
path,-7.624216782812216,3.595187151211604
path,-7.624024665209502,3.5916238307478343
path,-7.62380293729717,3.5882050289677463
path,-7.623589782241886,3.583055762745677
path,-7.623429363056303,3.577227343990035
path,-7.623313920304724,3.5708105171587867
path,-7.623100717417894,3.56379508482618
path,-7.6225882876692035,3.556712940917227
path,-7.621961092562355,3.549742503147905
path,-7.621219149893754,3.542861676703326
path,-7.620437651312452,3.535647425098449
path,-7.619746847677333,3.527774450039273
path,-7.6188953900936625,3.5197161174913254
path,-7.617751965373748,3.5116780397031557
path,-7.6163827180524395,3.5037131590342567
path,-7.615021971187054,3.4962206241557867
path,-7.61432971606313,3.488812559304399
path,-7.614404500732237,3.4813021650607316
path,-7.6151719858221005,3.473641554850661
path,-7.616461628682753,3.465733643047574
path,-7.617895138769601,3.4580535255817617
path,-7.61941551123501,3.45061777722768
path,-7.62091098880338,3.4432505982426327
path,-7.622383948351608,3.43595755058786
path,-7.623832257692019,3.4287361149470597
path,-7.625118903350378,3.4219251675921045
path,-7.626266036287359,3.4155780894521253
path,-7.6274251551666366,3.409484323551294
path,-7.628562009179374,3.4034539146370633
path,-7.629671248895377,3.397472359939877
path,-7.630868023173305,3.3910067455578896
path,-7.632136818565909,3.383821588838194
path,-7.633431624712111,3.376024668047109
path,-7.634833347579159,3.3677789162571896
path,-7.6362623036448785,3.359526230588732
path,-7.637471123459052,3.3517570155202856
path,-7.638394599386409,3.3445733961826947
path,-7.639189089321322,3.3378662659868836
path,-7.640095800955335,3.3315556926023753
path,-7.641096376523939,3.32539363632873
path,-7.641912375191925,3.319633489130446
path,-7.642684776340089,3.3143001335847777
path,-7.643537673569105,3.309030470784214
path,-7.64439891421818,3.303672958319336
path,-7.645295079062397,3.298243725107872
path,-7.646038834903211,3.2930780930138046
path,-7.646842444525425,3.2881583252148423
path,-7.647641051529106,3.2832413786599624
path,-7.6484321528476675,3.278323689805285
path,-7.649215789354819,3.2734051641194393
path,-7.6501057375480706,3.2680706740003385
path,-7.65110191320353,3.262168077666002
path,-7.652057635204502,3.2559844243061833
path,-7.653000526710767,3.2497975585504952
path,-7.653931785526991,3.243608922080857
path,-7.654968279693785,3.236995771457027
path,-7.656121371943056,3.229807936337727
path,-7.657240029077428,3.2222141321087916
path,-7.658323446337606,3.2145846940036145
path,-7.659389208701341,3.206952543773576
path,-7.660250897005319,3.19969637116016
path,-7.660924306659666,3.1929265144017123
path,-7.6617693967489835,3.1864176871220917
path,-7.662619014974431,3.1799285987294126
path,-7.663455870653145,3.17343773681532
path,-7.664074939625971,3.1672784583458835
path,-7.664728683838589,3.1614950900612877
path,-7.665432894929092,3.155785811336923
path,-7.666127182153986,3.1500753047918715
path,-7.666811542445025,3.144363571098507
path,-7.667319626358114,3.1389670593606325
path,-7.66789849225783,3.1338612334684846
path,-7.668483060833826,3.1287716967425427
path,-7.669059754631408,3.1236811694149558
path,-7.669628569148587,3.1185896563976963
path,-7.670288526654713,3.1130972817228657
path,-7.671030143214111,3.1070625230403026
path,-7.671713736845287,3.1007148525729886
path,-7.6723791276562165,3.0943583514759285
path,-7.673032221493844,3.088000375991063
path,-7.673791510370927,3.0811693862015477
path,-7.674650086523089,3.073682839636585
path,-7.675606450219672,3.0656564174209993
path,-7.676593309680395,3.0571182870020435
path,-7.677527732988371,3.0480963854762506
path,-7.678457185898512,3.0384178340418955
path,-7.679438977940073,3.0281157326481978
path,-7.680338747786043,3.0172619317918765
path,-7.68099184459664,3.0059466353193542
path,-7.681629613913635,2.9943295691179186
path,-7.682293428503361,2.982564845607026
path,-7.682873808301489,2.9709949868817422
path,-7.683331119711738,2.9595996406705094
path,-7.683687172245931,2.9482854547709083
path,-7.683970907598838,2.937001909374303
path,-7.6839949837828865,2.925956369918498
path,-7.683692232875917,2.915278700496058
path,-7.683228838140173,2.904920599714018
path,-7.682786410788571,2.8947280335522803
path,-7.682346728496976,2.884595531222671
path,-7.681995193716418,2.8749270364435993
path,-7.681807652156708,2.866204161038953
path,-7.68155456560724,2.858111139518286
path,-7.681094906413848,2.8503771748491884
path,-7.680537222301749,2.842880040075982
path,-7.679850855069623,2.8350917277887926
path,-7.679246198375206,2.8268137593722504
path,-7.67879913089106,2.818094325574495
path,-7.678489611664668,2.8089317326385475
path,-7.678310909117863,2.7993202163112634
path,-7.677995636447448,2.7891922260149102
path,-7.67768535591138,2.7785054319872375
path,-7.677712149396086,2.7676817040580177
path,-7.678243659659403,2.757008696132979
path,-7.679219450119006,2.74644238562842
path,-7.679525845086009,2.7358721696015436
path,-7.679464260781866,2.7248784402786965
path,-7.6796387031659075,2.7138069639022384
path,-7.6803067060430115,2.7029580540236937
path,-7.681319288636538,2.6923595647771896
path,-7.681899827484578,2.681586140088798
path,-7.682050610966525,2.6703276538418907
path,-7.681928754172028,2.658726312939706
path,-7.68192588527351,2.6472279860614165
path,-7.682201670251865,2.6358755396722664
path,-7.682095370352107,2.6243194487627672
path,-7.6817227044839305,2.6124623522747474
path,-7.681530568370615,2.600848477737466
path,-7.681511359984003,2.589477982405208
path,-7.681634374486776,2.578308823788972
path,-7.681209285819607,2.5672120198643857
path,-7.680931704951206,2.5563022102258817
path,-7.681006725428045,2.54582645666385
path,-7.6814294474092355,2.5357912671235363
path,-7.682190625479502,2.5261700519178416
path,-7.682226192380999,2.516606548048731
path,-7.6821809467976285,2.507034647441267
path,-7.6824583230369665,2.4978602538492747
path,-7.683021129896823,2.4890586090582807
path,-7.68378597199181,2.480519148294431
path,-7.683907008994433,2.4718834279947823
path,-7.683856614891348,2.4631786983921744
path,-7.68410948803153,2.454804633693025
path,-7.684676378947751,2.4467748584924305
path,-7.685346814752871,2.4388084755933144
path,-7.68596524845245,2.4308861382072107
path,-7.68659988661971,2.4229000424559897
path,-7.687200888699007,2.4147698386401486
path,-7.68776682883219,2.4064920947997774
path,-7.6883268448652,2.3980693975283143
path,-7.688928724019414,2.3894572804872847
path,-7.6895374649425605,2.3807212461024063
path,-7.690144784165308,2.3718278597390365
path,-7.69077521733005,2.3628160782206
path,-7.691497330578574,2.3537551813805497
path,-7.6923131376614515,2.3445801731549207
path,-7.693211608670585,2.3355937298351566
path,-7.69415229737616,2.3270147833970816
path,-7.695155088728997,2.318407153930569
path,-7.696217165523581,2.309771076835288
path,-7.697625330586291,2.301224793650887
path,-7.699477966310127,2.293121548775159
path,-7.701233809766999,2.286111469409523
path,-7.702771140085659,2.2794674038906906
path,-7.704172979220861,2.273095817023698
path,-7.70576127559707,2.2672468843629052
path,-7.707462784061077,2.2618426548297044
path,-7.709256033217337,2.2557842885576265
path,-7.71075568382179,2.2495434260684406
path,-7.712171748291314,2.2435833730490145
path,-7.713806824506879,2.237384597320739
path,-7.715651123320804,2.230782361114857
path,-7.7174962745957,2.2240060280513756
path,-7.719316163592588,2.216880539863779
path,-7.721004668506625,2.208057934699296
path,-7.722261856490243,2.198121889201011
path,-7.723597030200137,2.187919311240532
path,-7.72501955944885,2.177732116331411
path,-7.726529697167837,2.167560302733562
path,-7.72808059823559,2.1573025627830598
path,-7.729659869301698,2.146914670473622
path,-7.731291587237976,2.1364007827521108
path,-7.73296810821435,2.125766081360147
path,-7.734689939287282,2.11501120937987
path,-7.736046580716282,2.1042918272599827
path,-7.73651907027097,2.0935391657201365
path,-7.736861934258954,2.0826140720327895
path,-7.73724482204918,2.0716419216054405
path,-7.737581677043481,2.060585063138182
path,-7.7378858259793635,2.049447696847382
path,-7.738174900987261,2.038305135038965
path,-7.738773714924127,2.0271269413713373
path,-7.739831246655727,2.015941930475672
path,-7.741334229003691,2.0047290602343217
path,-7.7432675408962,1.9934964307997416
path,-7.7453404254918645,1.9824424370958946
path,-7.74755919612368,1.9717068496028791
path,-7.749947881090238,1.9610917693831311
path,-7.752506934059846,1.9505925914185194
path,-7.755109505966894,1.940420195125555
path,-7.75754132243201,1.9305462567853406
path,-7.760090925389771,1.9211520781321314
path,-7.76269696721735,1.9122182880661083
path,-7.765379155353518,1.903705846028361
path,-7.768280657047064,1.8954883633027058
path,-7.771449487589734,1.8873653356243951
path,-7.774437984168622,1.8793574566024744
path,-7.777227755755421,1.8714293574094154
path,-7.77983485317524,1.8635681989234743
path,-7.782267164390923,1.8557687660763498
path,-7.784864197925817,1.8476595997053975
path,-7.787388811633633,1.8396826145296397
path,-7.789763349378772,1.8317792379756546
path,-7.792011209423514,1.8238526490791975
path,-7.7940608265294955,1.8159745521503696
path,-7.795938229377865,1.8079556612441787
path,-7.7977116166832525,1.8002850211175063
path,-7.799315526466885,1.7927356995905745
path,-7.800753804469486,1.7852786291601366
path,-7.802034327043335,1.7779036890876148
path,-7.803128620308179,1.7707639406395765
path,-7.8040828425106605,1.7637463588707754
path,-7.804803971660803,1.7567258293431578
path,-7.80499931091478,1.7494082190197313
path,-7.805354245865116,1.7423333785138446
path,-7.806040974827746,1.7347481182573725
path,-7.806873566370552,1.7273038138408496
path,-7.807835680493896,1.7197502226402086
path,-7.808909437986492,1.7120948134946776
path,-7.8100620518241834,1.7043581321288022
path,-7.811296192264158,1.6961459918067212
path,-7.812622769222316,1.6878162253846567
path,-7.8139570301700925,1.679463864081329
path,-7.815324096412433,1.6710860106162653
path,-7.816621683870109,1.6627608342699551
path,-7.817752914616799,1.6540255627859328
path,-7.818928873153657,1.6451090701101911
path,-7.820203950130196,1.6360986954799877
path,-7.821576580155548,1.6270129635060502
path,-7.823053388475926,1.6178354034123887
path,-7.824586237484308,1.608639061690864
path,-7.8262783107373854,1.5993642247611375
path,-7.82809765199443,1.5899789862495162
path,-7.830029372900504,1.5804919958599286
path,-7.831998385707996,1.5709300329501996
path,-7.834005652430623,1.5614055515473606
path,-7.836171054695218,1.5518304361550213
path,-7.8384141787542525,1.5421679148181417
path,-7.840699742366147,1.5324538613583687
path,-7.843037204014969,1.5226960009889037
path,-7.845411286322724,1.5129836274432915
path,-7.847870071254428,1.503207706934105
path,-7.850413532557652,1.4933756978981032
path,-7.85297224480794,1.4835358327567034
path,-7.855553795083316,1.4736925311128335
path,-7.85806492827429,1.4639125979504335
path,-7.860567196048877,1.4542680091899207
path,-7.863037698094083,1.4446244197179168
path,-7.865470280661416,1.4349985733065085
path,-7.867618518514543,1.4252055145510414
path,-7.869506571141795,1.4152591651218849
path,-7.871567811500129,1.4055196823872114
path,-7.873791114865088,1.3960536248473814
path,-7.87596640889849,1.3867050239596126
path,-7.878054087265531,1.3774295291945946
path,-7.8800331986735115,1.3679035376985873
path,-7.882077093905592,1.358479024547556
path,-7.884031479647598,1.3492139053895946
path,-7.885848956749624,1.3400661609811646
path,-7.887573272809523,1.33097847252528
path,-7.889171823095119,1.3220987471475003
path,-7.890725959800882,1.3136210133947122
path,-7.8920477623880725,1.3047766973585486
path,-7.89300730275756,1.2951191051566369
path,-7.893668233895183,1.2852047406774258
path,-7.894295551214775,1.2756393935106871
path,-7.894701269879421,1.2667497954753086
path,-7.895067014558217,1.2582060388917664
path,-7.895452034617713,1.2497335476314821
path,-7.895863452423066,1.2413117202462194
path,-7.896409987008117,1.2326571209535135
path,-7.897251810847556,1.2238783958287718
path,-7.898357688563688,1.215001686482738
path,-7.899532449694544,1.2061733619279118
path,-7.900725777276705,1.197385269961122
path,-7.901458675688948,1.1881428702780656
path,-7.901980657284769,1.1786811609363363
path,-7.902590964787526,1.1690547683196155
path,-7.903316629100037,1.1592822869339225
path,-7.904158416303175,1.149400402729747
path,-7.905096926640077,1.1394224065157783
path,-7.906126247629648,1.1293556502063737
path,-7.907226032958287,1.1192248101801134
path,-7.908409518159278,1.109038827918689
path,-7.909649626130735,1.098802493970978
path,-7.910768013973668,1.0889238324419241
path,-7.911950139509375,1.0793979605639477
path,-7.913275404297399,1.0700337798079604
path,-7.914735094934416,1.0608319856244492
path,-7.91601014905133,1.0516437685248325
path,-7.917181773701391,1.0423717328248063
path,-7.918423584509903,1.0330548847268146
path,-7.919699928460092,1.023682435389079
path,-7.9210403069240805,1.014285635237624
path,-7.922445252784946,1.0048671469612527
path,-7.923822819018323,0.9953125881309586
path,-7.925273620980246,0.9857397696343673
path,-7.92679121560872,0.9761482624926647
path,-7.928391308821328,0.9665454271114258
path,-7.9300554934202605,0.9569330848537723
path,-7.9317927398749974,0.9473128673161534
path,-7.933603301046046,0.9376843839355714
path,-7.935494784672941,0.9280493408461967
path,-7.937454358189892,0.9184082198301293
path,-7.939498497080138,0.9087690730710237
path,-7.941625927319392,0.8991280669190694
path,-7.943826255657258,0.8894841041675361
path,-7.946087457373416,0.8798332572394079
path,-7.948315860053865,0.8701488852713627
path,-7.9506424143161585,0.8604691577042369
path,-7.952783810050911,0.8507785177992778
path,-7.955110996187522,0.8411828959217497
path,-7.95757660722728,0.8315702005054935
path,-7.9588290029483675,0.8215466354513615
path,-7.959068202274083,0.8107690391182518
path,-7.958173013967457,0.7996967965074991
path,-7.956655165440594,0.7887004838841729
path,-7.954822300947706,0.7776336873454615
path,-7.952811546431482,0.7665292552660349
path,-7.950700654655882,0.7553663722858054
path,-7.9487335077224905,0.7441104838655278
path,-7.946681546538858,0.7329669051092672
path,-7.944463703080016,0.7220686376962839
path,-7.942191404331183,0.7114296396745056
path,-7.93987475389225,0.7010042929658261
path,-7.937670946327886,0.6902208903406065
path,-7.935503314143907,0.6793395462531088
path,-7.933249570561705,0.668854238399812
path,-7.930873934774353,0.6587107176011567
path,-7.92830540239078,0.6486665117788439
path,-7.9260112347335365,0.6381748706535325
path,-7.923923620634226,0.6271889437663817
path,-7.921829567571551,0.6162690714955311
path,-7.91969474275746,0.6055681430348852
path,-7.917526432805162,0.5950510582641114
path,-7.915477559656105,0.5841375032090956
path,-7.913641102047962,0.5727053405926197
path,-7.911830047707561,0.5611674416415711
path,-7.910045730677451,0.5496920136311019
path,-7.908250884261036,0.5382201483530311
path,-7.906458132542544,0.526765470835063
path,-7.9045738131323855,0.515542552824909
path,-7.90263204319778,0.5045806700596912
path,-7.900657132769553,0.49380931425151103
path,-7.898645593521823,0.4832135355117791
path,-7.8968393765465486,0.4723257440773031
path,-7.894984713022209,0.461486291846969
path,-7.892985872960028,0.4510013358778274
path,-7.890888443648938,0.44087326500116863
path,-7.888728625818922,0.4308994610274863
path,-7.886807124395402,0.4206328530984041
path,-7.8850424124197565,0.41009745935307235
path,-7.882999151367407,0.3998392594016744
path,-7.880887493079478,0.3898252706814694
path,-7.878750529176824,0.3799393241430679
path,-7.876855983200556,0.36952484513797756
path,-7.875243886677255,0.35887168318148605
path,-7.873685571134477,0.347983690002281
path,-7.872079542075265,0.3367847089516929
path,-7.8706372771465105,0.32528478731889676
path,-7.869240921829984,0.3136152281491908
path,-7.86812977026813,0.3018490856194075
path,-7.8670366620379095,0.29007972751439637
path,-7.865699906078822,0.27847630681985225
path,-7.863703033954827,0.26756493811690224
path,-7.861898608393032,0.256563316729343
path,-7.860217498885944,0.2454987695489197
path,-7.858613043965782,0.23452487308767825
path,-7.857089457045786,0.22364377668830426
path,-7.855741179816918,0.21271510331360322
path,-7.854248574767045,0.20194034311473474
path,-7.852584575715317,0.19133480249107399
path,-7.850794525111874,0.18089032826220205
path,-7.848955846413056,0.17060106175808798
path,-7.84710564871019,0.1604292376606992
path,-7.845511996094713,0.14995697330765498
path,-7.843781007649631,0.13966567292660056
path,-7.841841709851469,0.1297408507890472
path,-7.839826631791424,0.12000506747397859
path,-7.837832645043468,0.11022669653849529
path,-7.8362025570398615,0.10037932428507362
path,-7.834597886996362,0.09082310848956654
path,-7.833017604147725,0.08152216325840193
path,-7.831565960375166,0.0725409294124064
path,-7.83037644907102,0.06387717611802847
path,-7.829258191877386,0.054726874779742245
path,-7.828146729035879,0.04533848012490511
path,-7.8270375758815165,0.03583654723867606
path,-7.82601643320266,0.026393399859140933
path,-7.825117917604167,0.017025617282299756
path,-7.824288362497398,0.007619752201091929
path,-7.823521626071309,-0.0017237820121355186
path,-7.822904134380049,-0.0109146046785521
path,-7.822345265773054,-0.01994646546307229
path,-7.821826516980467,-0.028780226572895407
path,-7.821286798752623,-0.03769505674217546
path,-7.820774992070791,-0.04683586252989663
path,-7.820310493162625,-0.05610269069961179
path,-7.8198377053177435,-0.06534026096454178
path,-7.819338093727847,-0.0745171001491917
path,-7.818712495842582,-0.08371287912787888
path,-7.817998166225364,-0.09309561762949456
path,-7.817301466698652,-0.10248573205723209
path,-7.8166036445876745,-0.11180036265424108
path,-7.815873545599613,-0.12108071410657091
path,-7.815101681631441,-0.13048832455296924
path,-7.814347727951437,-0.13983558774462154
path,-7.813662661618118,-0.14900693663052336
path,-7.813040750097792,-0.15799233721892753
path,-7.812474501859238,-0.1667906585104429
path,-7.811953856671093,-0.17540448901093528
path,-7.81150926532206,-0.18383673241998721
path,-7.811147565107007,-0.1920812927954448
path,-7.810910450264221,-0.20012468216172893
path,-7.810766559279851,-0.20801114953622318
path,-7.810697593520056,-0.2157077741991268
path,-7.810698249351563,-0.22322748862946154
path,-7.8107741923922065,-0.23054780171183872
path,-7.810923767112331,-0.23768346990477018
path,-7.811153046034447,-0.24468084846489452
path,-7.811497588650699,-0.25153373884881813
path,-7.811930652491558,-0.2582398825293105
path,-7.812389209604298,-0.26481056780846063
path,-7.812875839516512,-0.27121982739252265
path,-7.813407420636287,-0.277461381762714
path,-7.813995766632406,-0.2835300321888593
path,-7.814608283980915,-0.2894421042162613
path,-7.815235103104784,-0.2952138392305311
path,-7.8158800737745615,-0.30082823058635216
path,-7.8165767032948805,-0.3062606539773451
path,-7.817347811819572,-0.3117816085711668
path,-7.818201350483019,-0.31751472440970147
path,-7.819001788608302,-0.32329931468833745
path,-7.819723248915226,-0.3291228994093496
path,-7.820381116702569,-0.33498488434505413
path,-7.821075292313302,-0.34101747883336786
path,-7.821848505716529,-0.34735488583801905
path,-7.822680154895778,-0.35403913723249586
path,-7.823615630777021,-0.36099419447846587
path,-7.824474763731061,-0.3682230738902763
path,-7.825256976433932,-0.3755115324992032
path,-7.825919098991508,-0.3828102098514464
path,-7.8266237039871545,-0.3900192000202501
path,-7.827245645483953,-0.3972252008858383
path,-7.827958570355643,-0.4043595949281755
path,-7.828445413354256,-0.4114508238516915
path,-7.828834900262882,-0.4184856191085267
path,-7.829151432628591,-0.42568429742144015
path,-7.82923648677081,-0.4334451594013455
path,-7.829175627330083,-0.44122612380922194
path,-7.828867285296759,-0.44860889479286353
path,-7.828481051114667,-0.45548574668195024
path,-7.828196133055775,-0.4619581777512179
path,-7.828009737131587,-0.4682090270806519
path,-7.827881109145914,-0.47442049243916434
path,-7.82787142333192,-0.48088909802337265
path,-7.827930774647442,-0.4877215470978994
path,-7.827975595979027,-0.4947448400745369
path,-7.828010912891137,-0.5017380492095761
path,-7.82803668968939,-0.5086976171425382
path,-7.827881659280737,-0.5152790608506304
path,-7.827572505850635,-0.5214218144038557
path,-7.827292688313757,-0.5274657504619057
path,-7.827039568787268,-0.5334652220175963
path,-7.826811978215226,-0.5394204061421655
path,-7.826436021797073,-0.5449923472397378
path,-7.8260230081330935,-0.5501044703586913
path,-7.825726990212474,-0.5549287962121833
path,-7.825475544716576,-0.5597013252720926
path,-7.825245992565794,-0.5644351859621485
path,-7.824976153954021,-0.569001711818685
path,-7.824721352442642,-0.5735177597061228
path,-7.82447963183494,-0.577997507784178
path,-7.824255396621545,-0.5824419459106517
path,-7.824047638312345,-0.5868499580312481
path,-7.823779204411695,-0.5910136312379508
path,-7.82352492303946,-0.5950821591609462
path,-7.823279631318533,-0.5991173068594073
path,-7.823041059325372,-0.6031221421484245
path,-7.822813571724396,-0.607093615063398
path,-7.822707515812343,-0.6112905008398922
path,-7.822597035131632,-0.6158033684297667
path,-7.822475815870861,-0.6206033670259543
path,-7.822344418704695,-0.6256012839778253
path,-7.822204750324626,-0.6305806202951615
path,-7.822036898669919,-0.6357300165253943
path,-7.821855946782967,-0.6411459432150047
path,-7.821658978733616,-0.6467890088936549
path,-7.821429360635709,-0.6524542982171523
path,-7.8211647102585555,-0.6581228335941532
path,-7.820777298034164,-0.6635381438731808
path,-7.820421389230724,-0.6686672408686077
path,-7.82013464695792,-0.6737119635480681
path,-7.819853208585534,-0.6787497647181367
path,-7.819574345148745,-0.6837820158351126
path,-7.819231974386058,-0.6886021444180103
path,-7.818952959430086,-0.6932397871248108
path,-7.818691510566004,-0.6978658878753154
path,-7.81842712214292,-0.7024898238924584
path,-7.81815877838829,-0.7071120075929934
path,-7.817815165743889,-0.7115144107075105
path,-7.817521867836896,-0.7157005440572122
path,-7.817265667878556,-0.7198629465556301
path,-7.817004469323165,-0.7240244601124931
path,-7.816741627023134,-0.7281874498811708
path,-7.816413720668037,-0.7326130072395344
path,-7.816074040469487,-0.7374287529403136
path,-7.815728000777789,-0.7425920491917863
path,-7.815373196500623,-0.7478133097323987
path,-7.8150099692643415,-0.7530335744386933
path,-7.8145671741709375,-0.7580335754284687
path,-7.814150946082931,-0.7627879915097927
path,-7.81380154716411,-0.7674968067830283
path,-7.813445313575969,-0.7722046648748275
path,-7.813082242489962,-0.7769115608349131
path,-7.812667432278688,-0.7814219081253034
path,-7.812309091050592,-0.7857932357464423
path,-7.811954073849692,-0.7901601223206057
path,-7.8115931446645215,-0.7945261767197078
path,-7.811226302420739,-0.7988913918499627
path,-7.810812621947936,-0.8030673879275386
path,-7.810454807772172,-0.8071121863481119
path,-7.810099287527545,-0.8111533076492787
path,-7.809738710419614,-0.8151936279338047
path,-7.809373073825512,-0.8192331473770248
path,-7.808959924004106,-0.8230881930953079
path,-7.808606441249775,-0.8268351675778794
path,-7.808253927203115,-0.8305792987595139
path,-7.807897070310767,-0.8343226705292254
path,-7.80753586762533,-0.8380652878612175
path,-7.8071750531232205,-0.8417327185413968
path,-7.806813498785318,-0.8453921050670635
path,-7.806447761042945,-0.8490508332489612
path,-7.806077839355883,-0.852708899603183
path,-7.805703473768931,-0.856366388290974
path,-7.805241112400549,-0.8602631163789093
path,-7.804777758372028,-0.8645252331761415
path,-7.804309162505894,-0.8689066223625235
path,-7.803833146151459,-0.8732875868598051
path,-7.803349708495164,-0.877668121957543
path,-7.802826297541624,-0.8818773465777773
path,-7.802355747126909,-0.8859942881306749
path,-7.80188102836356,-0.8901098033158474
path,-7.801399809181091,-0.8942248131334792
path,-7.80091208461655,-0.8983393209858794
path,-7.800370222557866,-0.90226753820604
path,-7.799893953578089,-0.9060847318951059
path,-7.799429139921764,-0.9098879385369038
path,-7.79900436263133,-0.9136001036310479
path,-7.798580914998632,-0.9174661457652223
path,-7.798108736373978,-0.9213067817940973
path,-7.7976612762178314,-0.9250932093980427
path,-7.797209311365181,-0.9288789918359963
path,-7.796752840283918,-0.9326641293050307
path,-7.79629186152235,-0.9364486213482927
path,-7.795794937108193,-0.9401694787497541
path,-7.795323357518871,-0.9437912068489478
path,-7.794884537117117,-0.9472187684456529
path,-7.794458668292608,-0.950611048525239
path,-7.7940293104235305,-0.95400261413312
path,-7.793590305228823,-0.9572634989527531
path,-7.793178366267997,-0.9604665489485409
path,-7.792763294855752,-0.9636689608643859
path,-7.792345088813561,-0.9668707371693014
path,-7.791923746138845,-0.9700718796808003
path,-7.791440932818811,-0.9736659656733312
path,-7.790930875382492,-0.9774774356186241
path,-7.790416355133365,-0.9812880240581888
path,-7.789897370381446,-0.9850977280319472
path,-7.789373919949216,-0.9889065431852804
path,-7.788836091527827,-0.9925762670852738
path,-7.788334315198185,-0.9961655786016438
path,-7.787828582990055,-0.999754051573015
path,-7.787318892165525,-1.0033416883341082
path,-7.786805239545474,-1.0069284767047764
path,-7.786292524909781,-1.010424219455261
path,-7.785787187259047,-1.0138972343675956
path,-7.785278162934608,-1.0173693674437285
path,-7.7847654470532355,-1.0208406257454694
path,-7.7842490351707365,-1.0243110151139025
path,-7.783717353966135,-1.0276386251077907
path,-7.783224812038714,-1.0309029236488207
path,-7.782728972126717,-1.0341664785154134
path,-7.782229832792128,-1.0374292908205847
path,-7.781727392858061,-1.0406913605531065
path,-7.781225735019374,-1.043842962538739
path,-7.780739021070083,-1.0469615017649765
path,-7.780249289552966,-1.0500793503496446
path,-7.779756539469841,-1.053196507589629
path,-7.779260769570264,-1.0563129732661531
path,-7.778685720242634,-1.0598126866219792
path,-7.778088338886628,-1.0635167513232462
path,-7.77748668082377,-1.0672198406672642
path,-7.77688074530222,-1.0709219499548803
path,-7.776270531034738,-1.0746230756820792
path,-7.775644654313968,-1.078195620937785
path,-7.775055051596761,-1.0817155872754318
path,-7.774462708397144,-1.0852338962512231
path,-7.773819407051185,-1.088786241119586
path,-7.773218550787611,-1.0923676945878058
path,-7.772616290510723,-1.095894827540758
path,-7.7720336788241715,-1.099438053004354
path,-7.771447727556244,-1.1029924463128553
path,-7.770857776845667,-1.1065458330164153
path,-7.770263824903147,-1.1100982042134566
path,-7.769645175765211,-1.1135221207967074
path,-7.769071437602961,-1.1168684203856205
path,-7.7685009779131935,-1.120211267385529
path,-7.767927014377758,-1.1235530640739109
path,-7.767248251435403,-1.1269648278158144
path,-7.7664318907375725,-1.130345526449757
path,-7.76560068211097,-1.1337149794097356
path,-7.764767584470586,-1.1370831841731763
path,-7.7639325965686075,-1.140450135238295
path,-7.763095717284881,-1.1438158271888035
path,-7.76226903907613,-1.1470634333000256
path,-7.761467952585821,-1.1502672021437603
path,-7.7606652112200845,-1.1534697118086716
path,-7.759860808481799,-1.1566709676620663
path,-7.759054738488172,-1.1598709741801763
path,-7.7582997552036055,-1.163405976394476
path,-7.757439693107258,-1.1671356800279122
path,-7.756533639278661,-1.1709149396936636
path,-7.75564297648797,-1.1747131821012025
path,-7.754750502445234,-1.1785133301124877
path,-7.7538685779815815,-1.1822283210087876
path,-7.752993342979725,-1.185925566495991
path,-7.75211489042299,-1.1896220344936088
path,-7.75123321540705,-1.1933177193695959
path,-7.750348313439144,-1.1970126154354208
path,-7.749465636279919,-1.2005754785691152
path,-7.748623205165916,-1.204065136807569
path,-7.747777952785325,-1.2075539549239642
path,-7.746929868910571,-1.2110419506586882
path,-7.746078945306058,-1.214529128497677
path,-7.74523212687815,-1.2178865751872323
path,-7.744421933549698,-1.2211838472552181
path,-7.7436091898178105,-1.2244803829519348
path,-7.7427938897500885,-1.227776184801318
path,-7.741976027963606,-1.231071254637057
path,-7.741168338073323,-1.2342976441181204
path,-7.740365020455453,-1.2375118344708484
path,-7.739559290977723,-1.2407252654043202
path,-7.738751142390932,-1.2439379429398219
path,-7.737940568089855,-1.2471498721247842
path,-7.737145819844578,-1.2502553206339277
path,-7.7363730965109125,-1.25332534499401
path,-7.735598104841737,-1.2563947587537951
path,-7.734820844404244,-1.2594635581401505
path,-7.73404131477517,-1.2625317393874262
path,-7.733270003430365,-1.265485837724668
path,-7.73252788218525,-1.268387320084817
path,-7.731783809213634,-1.271288113512761
path,-7.731037776869328,-1.2741882268807132
path,-7.730289778196201,-1.2770876679146237
path,-7.7295505803916775,-1.2799393765387588
path,-7.7288120093136135,-1.2827866067594174
path,-7.728071505079466,-1.285633233729842
path,-7.727329064760138,-1.2884792587368619
path,-7.726584685677143,-1.2913246826586786
path,-7.72585242556516,-1.2940933770038914
path,-7.725128431753051,-1.296845292026243
path,-7.724402634006909,-1.2995966184701981
path,-7.723675028983023,-1.3023473585883987
path,-7.722945613630492,-1.3050975141581196
path,-7.722227773733069,-1.307778071069531
path,-7.721516617907694,-1.3104445326628187
path,-7.7208037839081545,-1.3131103981528052
path,-7.720089266782549,-1.315775672573821
path,-7.719373062025099,-1.3184403602411499
path,-7.718666367578026,-1.3210516194375812
path,-7.717962946845363,-1.323654086396964
path,-7.717257966307717,-1.3262559088156387
path,-7.716551417316858,-1.3288570976469607
path,-7.71584329201887,-1.3314576625761605
path,-7.715144481074063,-1.3340126202927107
path,-7.714446663701279,-1.3365633061247368
path,-7.713747291557877,-1.339113440121915
path,-7.713046361157678,-1.3416630252310624
path,-7.71234386932784,-1.3442120639045745
path,-7.71159215497255,-1.347019353663488
path,-7.710801222669956,-1.3498746253153198
path,-7.710008303224551,-1.3527292240905489
path,-7.70921339550224,-1.3555831499066664
path,-7.708416498326457,-1.3584364025538365
path,-7.707631882622408,-1.3612051828199445
path,-7.706866989913019,-1.363949228971723
path,-7.7061009932836875,-1.36669257386343
path,-7.705333224295358,-1.3694351889109762
path,-7.704563675439985,-1.3721770832097377
path,-7.703800176125987,-1.374840444790861
path,-7.70305808913425,-1.3774703055462216
path,-7.702314389659333,-1.3800994594518787
path,-7.7015690688084995,-1.3827279174904339
path,-7.700822118677018,-1.3853556892147605
path,-7.700080515038862,-1.3878990669279243
path,-7.699365252513413,-1.3904029142616265
path,-7.698648614566596,-1.3929059909088433
path,-7.6979304874131005,-1.3954084493870855
path,-7.697210865320733,-1.3979102960754521
path,-7.696495241592978,-1.4003398155600977
path,-7.695803184905523,-1.4027341097444044
path,-7.695109787888825,-1.4051277978883308
path,-7.694415040372975,-1.407520890968997
path,-7.693718935736114,-1.4099133967072444
path,-7.6930270379162735,-1.4122782394669744
path,-7.69233803370689,-1.414636757632098
path,-7.691647660394525,-1.4169947677027266
path,-7.690955916656114,-1.4193522697345642
path,-7.690262801284336,-1.4217092635992157
path,-7.689516456382748,-1.4242966681917204
path,-7.688742737354651,-1.4269154145794054
path,-7.687967317943986,-1.429533533737118
path,-7.687190197271238,-1.4321510242643851
path,-7.686411374528981,-1.4347678846467067
path,-7.685633122151766,-1.4373096065474313
path,-7.684882581856866,-1.4398112145724307
path,-7.684123521251448,-1.442311114109802
path,-7.6833588894053495,-1.444811200368604
path,-7.682593044058399,-1.4473103055393668
path,-7.681829886615861,-1.4497308520303271
path,-7.681092876014638,-1.4521150242366772
path,-7.680360052325107,-1.454491656661083
path,-7.679626154312136,-1.4568673600550854
path,-7.678891171796035,-1.4592421465486423
path,-7.678155839314341,-1.4615931222994956
path,-7.677429511512498,-1.4639304523844725
path,-7.676702148860206,-1.4662668661762983
path,-7.675973740826777,-1.468602376239888
path,-7.67524427794408,-1.4709369937062877
path,-7.674514923864031,-1.4732092026022263
path,-7.673810913604233,-1.475447046823565
path,-7.673110083530234,-1.4776787231603903
path,-7.672408229837405,-1.4799096525028366
path,-7.671705346506758,-1.4821398412350495
path,-7.670915351231941,-1.4846584044360942
path,-7.670103199356992,-1.4872252474336378
path,-7.669289672543655,-1.4897911133303332
path,-7.668474769290969,-1.492356001811093
path,-7.6676584882602254,-1.4949199123386923
path,-7.6668397324918915,-1.4974447066277494
path,-7.666038909335828,-1.4999456264635744
path,-7.665232245627133,-1.5024377551586419
path,-7.664412175482298,-1.5049270959220913
path,-7.66357696642044,-1.507437530362239
path,-7.662753630537076,-1.5098593147969381
path,-7.661957851874599,-1.5122411064356787
path,-7.661170599078277,-1.5146094941036743
path,-7.660385021844878,-1.5169728998914687
path,-7.659599284305948,-1.5193338671254686
path,-7.658809342825116,-1.5216252721584835
path,-7.658049695363638,-1.5238801741387007
path,-7.657295411863695,-1.526124876470912
path,-7.656542574558097,-1.5283650061409604
path,-7.655789731954784,-1.5306027445841077
path,-7.655034646060782,-1.5328121327084145
path,-7.6542873583503805,-1.5350060383972641
path,-7.65354547275462,-1.537192798848338
path,-7.652804068679905,-1.5393766594232152
path,-7.652062130706045,-1.5415589954046098
path,-7.651320179530071,-1.543682776977465
path,-7.65059632357602,-1.5457822584854815
path,-7.6498791518879905,-1.5478722889159504
path,-7.649163036852504,-1.549958818731323
path,-7.648446758621786,-1.5520435000660024
path,-7.647733504287278,-1.5540757405446548
path,-7.647034112542636,-1.556085240283429
path,-7.646338789424486,-1.5580806298926628
path,-7.6456399927490075,-1.560087770002207
path,-7.644947334596745,-1.5620848722391745
path,-7.644255583160677,-1.5640565742326695
path,-7.643573122025313,-1.5660152117719395
path,-7.642893475692376,-1.5679682040772471
path,-7.642214696281521,-1.569918151159962
path,-7.641535661171394,-1.5718665651545112
path,-7.640859913974456,-1.5737703373602738
path,-7.640192522374594,-1.575658368439371
path,-7.639531388534356,-1.5775392247419529
path,-7.638871161618973,-1.579417156700785
path,-7.638210814433123,-1.5812935343234975
path,-7.637552338061476,-1.583128183046015
path,-7.636905888208937,-1.5849482260735899
path,-7.636261964406287,-1.5867633112906985
path,-7.635615878522706,-1.5885763814373173
path,-7.634972874100886,-1.5903870291324878
path,-7.634320163757459,-1.5921716975839912
path,-7.633683144367055,-1.5939431790051861
path,-7.633051630238173,-1.5957083323707382
path,-7.632417887062156,-1.5974716461407292
path,-7.631787418603289,-1.599232299502919
path,-7.631161864954954,-1.6009607759220208
path,-7.630538499515305,-1.6026819994831119
path,-7.629919332075932,-1.604399233572423
path,-7.629300374948719,-1.6061147482799054
path,-7.628681075270321,-1.607829270189116
path,-7.628060068568959,-1.6095298812583856
path,-7.627441354137976,-1.6112241071400208
path,-7.626826947036284,-1.6129143930281271
path,-7.626212393377425,-1.6146034905841147
path,-7.625597337846903,-1.6162918524073804
path,-7.624986489211391,-1.6179479852656873
path,-7.624380548374215,-1.6195939789855194
path,-7.6237783218370545,-1.6212369029366964
path,-7.62317278250928,-1.6228796616154195
path,-7.6225599184919,-1.6245241928669032
path,-7.621961538610957,-1.6261286164095905
path,-7.621373432556285,-1.6277235502568976
path,-7.620781843787679,-1.6293186349426738
path,-7.620193013875468,-1.6309119555293095
path,-7.619603270213544,-1.6325052057230665
path,-7.619019357591958,-1.6340652846404116
path,-7.6184412478806145,-1.6356151176341547
path,-7.617865890338474,-1.6371632860514607
path,-7.617289894175277,-1.6387111026290213
path,-7.616710413150714,-1.6402590877662302
path,-7.616141216161643,-1.6417806466449414
path,-7.615570920633995,-1.6433002707257878
path,-7.615003380961498,-1.6448183268565562
path,-7.614435318899847,-1.64633592597702
path,-7.613863679600367,-1.6478538090649928
path,-7.613302084778646,-1.6493465970352912
path,-7.61273188942823,-1.6508387866939647
path,-7.612172617071334,-1.6523277925702025
path,-7.611609760392693,-1.6538170543095678
path,-7.611049555819673,-1.6553049688536647
path,-7.61049720095933,-1.6567610624870026
path,-7.6099467750395124,-1.6582120558875908
path,-7.609399156914355,-1.659661558189445
path,-7.608851046527662,-1.6611106313151298
path,-7.608302522652139,-1.6625591679081457
path,-7.6077589526335005,-1.6639910485976035
path,-7.6072130070687125,-1.6654219657228615
path,-7.60666987833095,-1.6668514754336408
path,-7.606126359425442,-1.668280461270251
path,-7.605571461466421,-1.6697118366489025
path,-7.605027649730562,-1.6711179734129527
path,-7.604493150504786,-1.6725125989425225
path,-7.603961220262378,-1.6739060478940655
path,-7.603428522979959,-1.6752992405403189
path,-7.602895044511525,-1.6766921702749433
path,-7.602368491685402,-1.6780575228964025
path,-7.601845510668934,-1.6794186136563
path,-7.601321806248635,-1.680779442502173
path,-7.600797381247717,-1.6821400081703024
path,-7.600272240703432,-1.683500306602279
path,-7.59975323597099,-1.6848387359621761
path,-7.599236214321429,-1.6861738933302184
path,-7.598718513153399,-1.687508786075513
path,-7.598184227204283,-1.6888494876467441
path,-7.597664923034068,-1.6901841747936348
path,-7.597149281983715,-1.6914966428450062
path,-7.596632348065377,-1.6928070932819006
path,-7.596122675531319,-1.6941125478552026
path,-7.595609158816637,-1.6954186074883926
path,-7.595089964677763,-1.6967238458541118
path,-7.594540296588173,-1.698128154841994
path,-7.593970507543063,-1.6995699953842645
path,-7.5933842944569,-1.7010221938107117
path,-7.592801048447381,-1.7024766255899453
path,-7.592219740723082,-1.7039282321678624
path,-7.591642837486759,-1.7053547819256023
path,-7.591073681039863,-1.7067707670415744
path,-7.590500537814854,-1.7081853235086304
path,-7.589923112487513,-1.709604836265481
path,-7.589355407024559,-1.7110188248440106
path,-7.588788386201828,-1.712412300474708
path,-7.588227753124991,-1.7137965000517317
path,-7.587669600887751,-1.7151796060401423
path,-7.587095273707372,-1.716566304097916
path,-7.586534341337809,-1.7179497848781549
path,-7.585975497694917,-1.7193125079263456
path,-7.585426546229254,-1.7206649845038535
path,-7.584873713041497,-1.7220179719432875
path,-7.5843233294042935,-1.7233698836825264
path,-7.5837582726633235,-1.7247246611441667
path,-7.583208191459382,-1.7260573314003964
path,-7.582663468417594,-1.7273824421418846
path,-7.582121910794205,-1.728705445927384
path,-7.58157627684296,-1.7300291355082553
path,-7.581033107749344,-1.731351774852545
path,-7.580490769876084,-1.7326540290743364
path,-7.579956659247742,-1.733946540412804
path,-7.579420632169624,-1.735238345767852
path,-7.578873778397054,-1.7365326980634954
path,-7.578335913615323,-1.7378259873553217
path,-7.577799081750286,-1.7391080291259025
path,-7.57726437757721,-1.7403871256705652
path,-7.576692423999672,-1.7416568601894378
path,-7.576160646997676,-1.7429392041123009
path,-7.575633092507458,-1.7442218153055398
path,-7.575112538672017,-1.7454851806243963
path,-7.574600865961326,-1.7467437477657493
path,-7.574091138220922,-1.7480037045882142
path,-7.573581050680299,-1.749264195245336
path,-7.573067158424618,-1.7505258167065374
path,-7.57255635268704,-1.7517687332322112
path,-7.572051601649247,-1.7530043769771435
path,-7.571542853924006,-1.7542387325433926
path,-7.571037400060015,-1.75547753481024
path,-7.5705265114880405,-1.7567216636436558
path,-7.570019130774296,-1.7579498194784855
path,-7.569509731472887,-1.759178240897803
path,-7.568995134287194,-1.7604080213737157
path,-7.568478026821453,-1.7616381044390792
path,-7.567961808599178,-1.762868271171818
path,-7.567446279388786,-1.7640856021946094
path,-7.566929723547734,-1.7653021039624432
path,-7.566410596660441,-1.7665182294854584
path,-7.565887008777932,-1.7677340585929269
path,-7.5653526971933225,-1.7689494742294831
path,-7.564816056296847,-1.7701986001039454
path,-7.564258027113276,-1.7714687286686743
path,-7.563693110769782,-1.7727440772669207
path,-7.563127085443088,-1.7740194378609477
path,-7.562560304183976,-1.77529459562958
path,-7.562004035174253,-1.7765416055422254
path,-7.561449945035852,-1.7777846734418943
path,-7.560895074047682,-1.7790275736372703
path,-7.560339433315029,-1.7802703065423693
path,-7.559782803190117,-1.7815126817147076
path,-7.559232069281407,-1.7827397673481213
path,-7.558681816130366,-1.7839658733740391
path,-7.558132465846346,-1.7851901541065702
path,-7.557581089213381,-1.7864157367790763
path,-7.557029575471463,-1.787640980907992
path,-7.556489788471758,-1.7888390812676402
path,-7.55595190794881,-1.7900330364062278
path,-7.555412772567524,-1.7912266544284734
path,-7.554873380902732,-1.7924203566349064
path,-7.554334493984728,-1.7936124668499276
path,-7.553804355453498,-1.79478109357101
path,-7.553275496823557,-1.7959459027895897
path,-7.552747915189502,-1.797109103275955
path,-7.552218015302702,-1.7982736417745067
path,-7.551689443344418,-1.7994364449283813
path,-7.551168902471893,-1.8005777442749138
path,-7.550649576669857,-1.801715412098127
path,-7.550131456893404,-1.8028514918814782
path,-7.549611064307735,-1.803988963903716
path,-7.549091972461541,-1.8051246864157318
path,-7.548574926923365,-1.8062534748459764
path,-7.548058269130556,-1.8073805323985968
path,-7.5475402383102415,-1.8085090063626217
path,-7.547022652364775,-1.8096357020513945
path,-7.54650375321055,-1.8107636425681708
path,-7.545994757383057,-1.8118665457229994
path,-7.545489069232911,-1.812964850802122
path,-7.544981181590732,-1.8140645374521152
path,-7.544474596479781,-1.8151625100341429
path,-7.543971104746483,-1.8162600485603793
path,-7.543464670677934,-1.8173434624620706
path,-7.542957427755484,-1.81842367366369
path,-7.542451680041142,-1.8195023378706303
path,-7.541947920422031,-1.8205834937264769
path,-7.541454265397676,-1.821665166631281
path,-7.540978992324259,-1.8227589333357448
path,-7.540508582153002,-1.8238684281489563
path,-7.540036337297328,-1.8249876954014896
path,-7.53956523934758,-1.8261075312825275
path,-7.539092655339611,-1.8272261519591002
path,-7.538625595433675,-1.828324154314087
path,-7.538162313521137,-1.8294179358393465
path,-7.537700088340167,-1.8305123720539613
path,-7.5372367080052545,-1.831605308047918
path,-7.536772581060258,-1.8326985089076564
path,-7.536312448478632,-1.8337833321733892
path,-7.535852380271404,-1.8348654827793496
path,-7.535391847568642,-1.8359476267548813
path,-7.534932338481886,-1.837030437418126
path,-7.5344715028276505,-1.8381119533218189
path,-7.534010220374133,-1.8391275125464577
path,-7.533570225996845,-1.8401109267967193
path,-7.53313009606452,-1.8410942019960086
path,-7.532689824024252,-1.8420773407533553
path,-7.532249404009253,-1.8430603454806387
path,-7.53181993325657,-1.8440165230094172
path,-7.531391974468262,-1.8449709473336706
path,-7.530963851208403,-1.8459252634727148
path,-7.530535560846881,-1.8468794717228056
path,-7.530107101005731,-1.847833572348059
path,-7.5296838994203465,-1.8487751212353436
path,-7.529260837721008,-1.8497162624815708
path,-7.528837603264925,-1.8506573020333221
path,-7.528414194702218,-1.8515982398139443
path,-7.527990610812517,-1.8525390757503106
path,-7.527570032057364,-1.8534726674945452
path,-7.527149345974235,-1.8544060923345012
path,-7.526728483871552,-1.8553394172323125
path,-7.526307444985673,-1.8562726420747846
path,-7.525886228626328,-1.8572057667557902
path,-7.525470767436919,-1.8581252165197992
path,-7.525055515386204,-1.8590441944301868
path,-7.524640086493084,-1.859963078003774
path,-7.524224480594197,-1.860881866859928
path,-7.523808697542178,-1.861800560650837
path,-7.523396674010272,-1.8627036627129345
path,-7.522986904401817,-1.8636073282152246
path,-7.522577023356481,-1.8645108411150786
path,-7.522167025041921,-1.865414206904942
path,-7.521756904182478,-1.866317430548239
path,-7.52134951747576,-1.867214182461555
path,-7.520942028239425,-1.8681107755097743
path,-7.5205344056822545,-1.8690072401555184
path,-7.5201266462920024,-1.8699035796867503
path,-7.519718746891792,-1.8707997970734427
path,-7.519278888251459,-1.871764690917652
path,-7.518837298732059,-1.872733981268356
path,-7.518395532378045,-1.8737031407345963
path,-7.517953587066358,-1.8746721712844425
path,-7.517511460876821,-1.8756410746933774
path,-7.51707423593505,-1.8765984530935977
path,-7.516637064580941,-1.8775554830453447
path,-7.51619971047148,-1.8785123947108604
path,-7.515762172502302,-1.8794691890840023
path,-7.515324449674756,-1.880425867059424
path,-7.5148926792438475,-1.881368188525774
path,-7.514454718973522,-1.8823043423757366
path,-7.514010101419962,-1.8832347359294015
path,-7.513565532116236,-1.8841651218959694
path,-7.513120957256142,-1.885095493772484
path,-7.512688334425262,-1.8860125252252564
path,-7.512261832774357,-1.886935287946595
path,-7.511836765807202,-1.8878595119279795
path,-7.511411488176052,-1.8887836670472347
path,-7.5109859877063485,-1.8897077647175344
path,-7.510566459033583,-1.890618283834866
path,-7.510146779948535,-1.8915286817167303
path,-7.509726257724528,-1.8924396213045178
path,-7.509305136285223,-1.893350863862108
path,-7.508883820218918,-1.8942620221100237
path,-7.508465905701019,-1.8951653195166998
path,-7.508047801592015,-1.8960685314819035
path,-7.507629506220726,-1.8969716602501592
path,-7.5072110195323605,-1.8978747057841712
path,-7.506792341550456,-1.8987776679736297
path,-7.506377722183893,-1.8996645044964715
path,-7.5059648515120925,-1.9005530888249367
path,-7.505551866528624,-1.901441522928311
path,-7.505138760404071,-1.9023298134327973
path,-7.504725526969056,-1.9032179663181967
path,-7.504317662956048,-1.9040941533111024
path,-7.503909668582584,-1.9049702114977318
path,-7.503501536641251,-1.9058461488971181
path,-7.5030932630245175,-1.906721969468325
path,-7.502684844021869,-1.9075976767809169
path,-7.502282525350323,-1.9084598327022084
path,-7.501880097884373,-1.9093218468341697
path,-7.501477521128227,-1.9101837591696733
path,-7.501074792639592,-1.911045572035458
path,-7.500671910205354,-1.9119072875330947
path,-7.500271875820603,-1.9127624809537154
path,-7.4998716877320195,-1.9136175797997885
path,-7.4994713428452044,-1.914472587571671
path,-7.4990702126706505,-1.9153281383165863
path,-7.498669118599932,-1.9161834044527128
path,-7.498263588345166,-1.9170162101221986
path,-7.4978636254192095,-1.9178521774534307
path,-7.497470482255898,-1.9186923296517306
path,-7.497078358533493,-1.9195312651989802
path,-7.496687246413444,-1.9203690016273023
path,-7.496302559859514,-1.92119390461895
path,-7.495918845788099,-1.9220176625410743
path,-7.495535715441611,-1.9228406510533227
path,-7.495152375790078,-1.9236636273633656
path,-7.494768799544974,-1.9244866171761614
path,-7.4943900888065205,-1.925298667380435
path,-7.494011146621013,-1.9261107302973075
path,-7.4936319687766675,-1.9269228106148324
path,-7.4932525538161565,-1.927734909445983
path,-7.492872900534219,-1.928547027661818
path,-7.492496255849315,-1.929352217317135
path,-7.492119377008025,-1.9301574247913675
path,-7.491742261803053,-1.9309626525057741
path,-7.491365405731188,-1.931767430475533
path,-7.49098954718177,-1.9325710876371922
path,-7.490930265212884,-1.9329379289380753
path,-7.491216824720677,-1.9328672893708048
path,-7.491720353878151,-1.9326910751550064
path,-7.492361880424366,-1.932445549700196
path,-7.493108734651626,-1.9321410960444065
path,-7.4933578341003795,-1.9319957100859404
path,-7.493740887203075,-1.93177279988026
path,-7.494267278658009,-1.931519664950276
path,-7.494998420763823,-1.9311964498129361
path,-7.495922962571117,-1.930806384982647
path,-7.496261277523282,-1.9306263930323573
path,-7.496655572124196,-1.9304335094362464
path,-7.497304423165576,-1.9301064617228225
path,-7.498145148496372,-1.9297032835853534
path,-7.499191964677967,-1.9292105120608167
path,-7.499578893195575,-1.9289937991381465
path,-7.499938261470548,-1.928837142576817
path,-7.500542308278102,-1.9285233604650263
path,-7.501355525320597,-1.9281305841708818
path,-7.502384548119809,-1.9276408058724204
path,-7.503595224532529,-1.9270952812107818
path,-7.5049938165961025,-1.9264880295624744
path,-7.506523369221119,-1.925833286170503
path,-7.508120691215093,-1.9251478434187446
path,-7.5097765101128395,-1.9244245681109855
path,-7.511457771321734,-1.9236839768512908
path,-7.513180079614783,-1.9229258193275915
path,-7.514942310037786,-1.9221305690280437
path,-7.516728127190879,-1.9213240812787726
path,-7.5185297254274035,-1.9205072823482323
path,-7.520343063676062,-1.919671082395016
path,-7.5221651574804484,-1.9188229890927269
confirmed_rock,-6.88,6.73
gt_rock,0.85,6.88
gt_rock,-11.98,7.91
gt_rock,11.97,8.31
gt_rock,25.95,30.55
gt_rock,10.0,13.69
gt_rock,-6.56,5.8
gt_rock,-5.0,19.5
gt_rock,-6.3,-7.96
gt_rock,-5.0,0.5
