type,x,y
path,-10.967388198970156,-12.202711789734456
path,-10.966532054467864,-12.197497821607946
path,-10.965670209989602,-12.192288255968379
path,-10.964801685987412,-12.187082273990153
path,-10.96392530657604,-12.181876879236771
path,-10.963040636792954,-12.176673948165302
path,-10.96214700577542,-12.17147310581123
path,-10.961243811147085,-12.166274062600438
path,-10.960484809349259,-12.161346809949155
path,-10.959765662602031,-12.156589525160603
path,-10.959036187273233,-12.151837087796054
path,-10.958295263177057,-12.14708587595874
path,-10.957542493424427,-12.142335827176929
path,-10.957045188383828,-12.13796572274671
path,-10.956661401010148,-12.133876586195123
path,-10.956275164011391,-12.129841684549797
path,-10.955875726606452,-12.125808044909634
path,-10.955462766603192,-12.121775661758262
path,-10.955054314885034,-12.117897450673896
path,-10.9546492513153,-12.114111452187405
path,-10.95422979522534,-12.11032669184746
path,-10.9537833199095,-12.106544749370755
path,-10.95328786817523,-12.102767583996272
path,-10.9528126836179,-12.099172801902931
path,-10.952297842293117,-12.095637053937542
path,-10.951726877934755,-12.092106906724904
path,-10.951099513954759,-12.088582383043349
path,-10.950447127589939,-12.085060314628555
path,-10.949816659249295,-12.081628494949234
path,-10.949177571872582,-12.078201495963262
path,-10.948536470507788,-12.074774538356747
path,-10.947893298919908,-12.07134762675967
path,-10.9472480112174,-12.067920765207303
path,-10.946696166298121,-12.063883532993104
path,-10.946023526819978,-12.059273976271621
path,-10.945247681279065,-12.054520085623304
path,-10.944419189786386,-12.049772404772208
path,-10.943545241821672,-12.045029166352107
path,-10.942781284664898,-12.040514633657772
path,-10.942003330082349,-12.036088243182686
path,-10.94117884729978,-12.031666403539697
path,-10.940316755551372,-12.027248223911311
path,-10.939448255312806,-12.02283052626157
path,-10.938719247410255,-12.018646394077594
path,-10.937987618782037,-12.014569910772735
path,-10.937207045164667,-12.0104983006894
path,-10.936393947684254,-12.006429910785023
path,-10.93557701489931,-12.002361807261641
path,-10.934825219583212,-11.99841770316995
path,-10.934035867330747,-11.994490613273866
path,-10.933237807185304,-11.99056433342688
path,-10.93243657351599,-11.986638284636781
path,-10.931632166050044,-11.982712465264242
path,-10.930996654674264,-11.979107968928437
path,-10.930378150950133,-11.975654773873956
path,-10.929706534759156,-11.972208003764411
path,-10.92899336519451,-11.968765414208663
path,-10.92827522469178,-11.965323284888628
path,-10.927628110722598,-11.962012073311822
path,-10.926940544658425,-11.95871851542769
path,-10.926246677594534,-11.955425570086975
path,-10.925550553475109,-11.952132812061846
path,-10.924852172882336,-11.94884023986221
path,-10.924166948829923,-11.945606564053923
path,-10.923477040475744,-11.942375753596272
path,-10.922784973158619,-11.939145099275361
path,-10.922090745358362,-11.935914602814048
path,-10.92139435554027,-11.93268426598838
path,-10.920635463196964,-11.92916625506398
path,-10.919847199528146,-11.92553426521863
path,-10.919056196372278,-11.92190248395161
path,-10.918262451436913,-11.918270914153224
path,-10.917465962423432,-11.914639558749252
path,-10.91672100229768,-11.911112933082025
path,-10.915945313256524,-11.90759845308627
path,-10.915166998717044,-11.90408423910333
path,-10.914386074204415,-11.900570284111202
path,-10.913602540676825,-11.89705658637088
path,-10.912899378737206,-11.893690217461693
path,-10.912152027862897,-11.890345579235198
path,-10.911398802192096,-11.8870015233434
path,-10.910643223561422,-11.88365768172798
path,-10.909885291207717,-11.880314055736653
path,-10.909180052299783,-11.877078377652124
path,-10.908445324245239,-11.873855237912599
path,-10.907708366537415,-11.870632353946753
path,-10.906969188719092,-11.86740972019901
path,-10.906227792275345,-11.864187334231476
path,-10.905447902494608,-11.860808045586621
path,-10.904661335756167,-11.857411059638277
path,-10.90387230791931,-11.854014340430709
path,-10.90308081917821,-11.850617887492998
path,-10.902286869530505,-11.847221700660192
path,-10.901529342661394,-11.843908343783548
path,-10.900752583466554,-11.840603560640561
path,-10.899973445630371,-11.837299105229524
path,-10.899191933286637,-11.833994971072102
path,-10.898408050002637,-11.830691152552127
path,-10.89766312501606,-11.82748259400556
path,-10.896900243980927,-11.824284740860898
path,-10.896135112605918,-11.821087229327153
path,-10.895367736196345,-11.817890051075103
path,-10.894598119388537,-11.81469319879541
path,-10.893854127460637,-11.811585274564273
path,-10.893102725975623,-11.808484154864027
path,-10.892349255327796,-11.805383277436945
path,-10.891593715014363,-11.802282643001314
path,-10.890836104452259,-11.799182252408295
path,-10.890028417331443,-11.795752430142896
path,-10.889151544278254,-11.792184301768176
path,-10.888271549539626,-11.788616542522218
path,-10.88738880892083,-11.785049110843472
path,-10.886503320857868,-11.781482009172727
path,-10.885668286425311,-11.77802376710623
path,-10.884807918362943,-11.774577846346974
path,-10.883944952940958,-11.771132287127113
path,-10.883079391457988,-11.76768708741734
path,-10.882211234888606,-11.764242245672387
path,-10.88140381085928,-11.76092236151031
path,-10.880566225766968,-11.757617955736862
path,-10.879726238034136,-11.754313902475019
path,-10.87888384960108,-11.751010199029249
path,-10.878039061771096,-11.747706843324154
path,-10.877252739004762,-11.74452531057845
path,-10.876438463551693,-11.741358473420012
path,-10.875621966355798,-11.738191982670346
path,-10.874803249719626,-11.735025834798149
path,-10.87398231545788,-11.73186002688092
path,-10.873290564182765,-11.728137114595299
path,-10.872518989939953,-11.723875951553865
path,-10.871687427903407,-11.719482725919008
path,-10.870818526183582,-11.715093262957051
path,-10.86991162047501,-11.710707630304542
path,-10.8690272002407,-11.70649964097936
path,-10.868129090737352,-11.702397081519086
path,-10.867191369941839,-11.698298591209134
path,-10.866213518932645,-11.694204211630199
path,-10.86519502523151,-11.690113985624611
path,-10.864241910301127,-11.686203418151658
path,-10.863258366718915,-11.682335871777715
path,-10.86223272802813,-11.678472537042069
path,-10.861178995881971,-11.674612076680363
path,-10.860121638273766,-11.670752113987088
path,-10.859191068835107,-11.667095529200846
path,-10.858232363991938,-11.663483630901696
path,-10.85723816968901,-11.659875331765887
path,-10.85623799093425,-11.656267777074644
path,-10.85523494931588,-11.652660657120977
path,-10.854337924088695,-11.649207294587226
path,-10.853405180180335,-11.645778854613068
path,-10.852445286454252,-11.642353298268217
path,-10.851499385748312,-11.638913111909863
path,-10.850548964905903,-11.635543460454178
path,-10.849618542286205,-11.632326544173173
path,-10.848657475361982,-11.629122370274946
path,-10.847694302316565,-11.625918461975395
path,-10.846729024612491,-11.622714814631818
path,-10.84576164332702,-11.619511424365895
path,-10.844812139065821,-11.616370265434139
path,-10.843859783453532,-11.613230914640566
path,-10.842905414927131,-11.610091791199467
path,-10.841949032810446,-11.606952894694693
path,-10.840990636200816,-11.603814225193688
path,-10.840078327661361,-11.600778938982872
path,-10.839150925771493,-11.597752695748602
path,-10.83822160912558,-11.594726737274371
path,-10.837290380569073,-11.59170105719712
path,-10.83635724247874,-11.588675650032757
path,-10.835503565644764,-11.585814194382143
path,-10.834622953374215,-11.582971026276942
path,-10.833740663056405,-11.580128083546517
path,-10.83285669518903,-11.577285364024515
path,-10.831971050024237,-11.57444286605103
path,-10.831107272903106,-11.571670320115643
path,-10.830240691771873,-11.568900215746948
path,-10.82937252652398,-11.56613030112616
path,-10.82850277592566,-11.563360577552126
path,-10.827631438776214,-11.560591046302594
path,-10.82678022621883,-11.557870290783509
path,-10.825922827666592,-11.555151987973383
path,-10.825063833040039,-11.552433997592521
path,-10.824203247602016,-11.549716309060495
path,-10.823341075957579,-11.546998913022392
path,-10.822547120181552,-11.544432433566667
path,-10.821735250083938,-11.541882891886116
path,-10.820921987910566,-11.539333600154057
path,-10.820107336477617,-11.536784552232323
path,-10.81929129821897,-11.534235742732202
path,-10.818487211565849,-11.531727747596955
path,-10.817681590281023,-11.52922038412086
path,-10.816874632812171,-11.526713237260216
path,-10.816066340252172,-11.524206304282163
path,-10.815256713479085,-11.521699582883763
path,-10.81446417294645,-11.519247397325008
path,-10.813669820370814,-11.51679652474751
path,-10.812874197922966,-11.514345841171659
path,-10.812077305591131,-11.511895346071013
path,-10.811279143060391,-11.509445039549709
path,-10.81049381657955,-11.50703705197918
path,-10.80970704196888,-11.504629716550964
path,-10.808919041867778,-11.5022225599215
path,-10.808129815497963,-11.499815583165857
path,-10.807339362315119,-11.497408786898522
path,-10.806569266956974,-11.494563287091964
path,-10.805665025095239,-11.491544909668633
path,-10.804670825024296,-11.488535822745995
path,-10.803673355880091,-11.48552706955152
path,-10.802674075531487,-11.48251849151547
path,-10.801694034106276,-11.479558321867843
path,-10.800708916034713,-11.476600653494366
path,-10.79972196068842,-11.473643300727748
path,-10.798733164808533,-11.470686261811869
path,-10.797742525284953,-11.467729535410228
path,-10.796785431540647,-11.464868307557188
path,-10.795832568808345,-11.461999675747018
path,-10.794950334048705,-11.459096318965535
path,-10.794148146992903,-11.456183908005142
path,-10.793425554685527,-11.453262511135444
path,-10.79279367559927,-11.450416282655198
path,-10.792301121297593,-11.44763281621825
path,-10.791825377585674,-11.44484392620593
path,-10.791347455892074,-11.442055603930688
path,-10.790867356961382,-11.439267845069015
path,-10.790401915792225,-11.436558388125787
path,-10.78993360671786,-11.43386610222557
path,-10.789463169313464,-11.431174449487276
path,-10.788990746127727,-11.428483340180481
path,-10.788516331280677,-11.42579277110109
path,-10.78805581687623,-11.423178652236974
path,-10.787592749659947,-11.42057840847588
path,-10.787127871918791,-11.417978698058569
path,-10.786661173371812,-11.41537951651857
path,-10.786192644419916,-11.412780860112486
path,-10.785737598600887,-11.410254159820125
path,-10.785280279825622,-11.407735389262177
path,-10.784821167579421,-11.405217079280247
path,-10.78436026029887,-11.402699230599008
path,-10.783897556522257,-11.400181844056988
path,-10.783441167456964,-11.397698784911512
path,-10.782981591157487,-11.395218041786192
path,-10.782520257823665,-11.39273774685786
path,-10.782057167104364,-11.390257901604473
path,-10.78159231865845,-11.387778507526036
path,-10.780964707484669,-11.384925865773614
path,-10.78027588568112,-11.381805244867786
path,-10.779663424457226,-11.378639846205553
path,-10.779058088346567,-11.37546945623675
path,-10.778449869827543,-11.372299819700299
path,-10.777845734783977,-11.369242225523479
path,-10.777257836407083,-11.366211067706258
path,-10.776667363825105,-11.36318064197569
path,-10.776074310550046,-11.36015094808868
path,-10.775478659779282,-11.357121983172243
path,-10.774892743869724,-11.354170171584332
path,-10.774309186834195,-11.351232043423925
path,-10.773723240349247,-11.348294636977512
path,-10.773134894944835,-11.345357950181246
path,-10.772544142036812,-11.34242198143021
path,-10.771963257395843,-11.33957098301075
path,-10.771387530052264,-11.336736051622378
path,-10.770812058447055,-11.33389243514631
path,-10.77023342966334,-11.331057264397288
path,-10.76962776909676,-11.32825893550623
path,-10.768838674595285,-11.325245410007245
path,-10.768192832394911,-11.322094435998599
path,-10.767570081548133,-11.31893703349224
path,-10.766947426846238,-11.315784468411131
path,-10.766321853343102,-11.312632592338588
path,-10.76568333471516,-11.309571942771502
path,-10.765071897050175,-11.30655841118533
path,-10.764467556732482,-11.303560138190141
path,-10.763860185154906,-11.300562836607657
path,-10.763252745330817,-11.297569511628442
path,-10.762641376902074,-11.294640937500253
path,-10.762043192432897,-11.291738146832778
path,-10.761447225841728,-11.288842900435366
path,-10.760849292859332,-11.285949109341509
path,-10.760249232785558,-11.28305649931557
path,-10.759641333950862,-11.280238904594814
path,-10.75905548882511,-11.27746246844408
path,-10.758473616910365,-11.274696090062202
path,-10.757889007684556,-11.271930436418321
path,-10.757304295976908,-11.269167953953923
path,-10.75671746407237,-11.266481247629333
path,-10.756146359261573,-11.26382187505161
path,-10.755577978625285,-11.261170067869081
path,-10.755007999747653,-11.258519588907536
path,-10.754436242559718,-11.255870136517288
path,-10.753861127842017,-11.25326279044602
path,-10.753296778729856,-11.250675193146513
path,-10.752731329819284,-11.248090480735652
path,-10.752165849712242,-11.245508541778182
path,-10.751598421511403,-11.24292716034959
path,-10.751030058776596,-11.240406035587023
path,-10.750475282911871,-11.237908520131
path,-10.749921181919749,-11.235415627706578
path,-10.749364030463212,-11.232922136648387
path,-10.748805961702491,-11.230429743730413
path,-10.74824569253632,-11.227971182637523
path,-10.747692154818594,-11.225526992132156
path,-10.747138358911148,-11.223084847696647
path,-10.746581133761513,-11.220641402713996
path,-10.746022442146435,-11.218198031782727
path,-10.745457481640777,-11.21573270370922
path,-10.744855047109407,-11.213244138532808
path,-10.744270443080836,-11.21073107414391
path,-10.743705592951256,-11.208224120659118
path,-10.743141016484435,-11.205699869978416
path,-10.742580775584505,-11.20321572576335
path,-10.742023624545887,-11.200739494348547
path,-10.741464649563527,-11.1982638583578
path,-10.740903845813728,-11.195788818097878
path,-10.740341208983622,-11.193314374001202
path,-10.739784435056462,-11.190898874220942
path,-10.73923474731629,-11.188498138489342
path,-10.738683330386975,-11.186097976174125
path,-10.738130180970634,-11.183698387052392
path,-10.737575296125419,-11.181299371065164
path,-10.737026388554657,-11.17894105668317
path,-10.736478596609839,-11.17658776462274
path,-10.735925650395856,-11.174211583975938
path,-10.73537018055612,-11.171830036350068
path,-10.734813057023649,-11.16944898004363
path,-10.734257430632317,-11.167094299573817
path,-10.733704118270223,-11.164745717348374
path,-10.733149243896877,-11.16239769463553
path,-10.732592803371936,-11.160050227086135
path,-10.732034792980906,-11.157703310883747
path,-10.731483712623012,-11.155401208610769
path,-10.730934615811467,-11.153104839225668
path,-10.730383978638232,-11.150808947665027
path,-10.729831801353875,-11.148513535894788
path,-10.729278084216848,-11.1462186058016
path,-10.728726718473018,-11.143953534022124
path,-10.728178330363901,-11.141695299086873
path,-10.727628494515352,-11.139437601956773
path,-10.727077207140393,-11.137180437858
path,-10.72652446484097,-11.134923802577598
path,-10.725977072326634,-11.132709234215348
path,-10.72543307418852,-11.130501960988916
path,-10.724887717557504,-11.128295248661662
path,-10.724340996382987,-11.126089088711314
path,-10.723792905216118,-11.123883473528709
path,-10.723154870211438,-11.121277459702739
path,-10.722483967866385,-11.118594142733988
path,-10.721810996071596,-11.115911577867262
path,-10.721135951542017,-11.113229761138347
path,-10.720458831355238,-11.110548689137662
path,-10.71978715713374,-11.107918446819271
path,-10.719121422942878,-11.105300207284891
path,-10.71845371797942,-11.102682697655753
path,-10.717784038909391,-11.100065913786901
path,-10.717112382763327,-11.097449852093474
path,-10.716448829878793,-11.094904781514217
path,-10.71579636089631,-11.092378848263312
path,-10.715142017599655,-11.089853548134743
path,-10.714485800349626,-11.087328882583645
path,-10.713827709517824,-11.084804853072807
path,-10.713174198606918,-11.082323609662366
path,-10.712525874173972,-11.079852800743373
path,-10.71187577848326,-11.077382642598185
path,-10.711223909616677,-11.074913133110947
path,-10.71057026588044,-11.072444270506518
path,-10.709920011751716,-11.07008529667305
path,-10.709305130051636,-11.067778960863798
path,-10.708689605128294,-11.065474479004816
path,-10.708072554097589,-11.063170596861664
path,-10.7074539736843,-11.060867310139463
path,-10.706842415634203,-11.058601391899213
path,-10.706231776605941,-11.056339454549773
path,-10.705619634746366,-11.054078055188807
path,-10.705005989783668,-11.051817194019259
path,-10.704390841505646,-11.049556871331294
path,-10.703781322204078,-11.047340816801865
path,-10.703177652745632,-11.045134962722779
path,-10.702572575908063,-11.042929660027806
path,-10.70196608920983,-11.040724905698045
path,-10.701358190442019,-11.038520697099955
path,-10.70075565199577,-11.03635176393621
path,-10.700155753468135,-11.034188758698253
path,-10.699554540214391,-11.032026347355885
path,-10.69895200613299,-11.029864521433906
path,-10.698348145733117,-11.027703273361544
path,-10.697645453493557,-11.025147417741618
path,-10.696905796970972,-11.022514673697989
path,-10.696164129937362,-11.01988273308754
path,-10.695420449111023,-11.017251591938487
path,-10.694674751577361,-11.014621246829023
path,-10.693938956290458,-11.012059919381507
path,-10.693213720466758,-11.009516416776302
path,-10.692486573949294,-11.006973629206504
path,-10.691757516572066,-11.004431557255458
path,-10.691026548652431,-11.001890201076174
path,-10.690302349594745,-10.999396616379224
path,-10.689584166249666,-10.996914354592391
path,-10.688864178186883,-10.994432808072574
path,-10.688142383611927,-10.991951974956297
path,-10.687418780948839,-10.989471853702055
path,-10.686704419336834,-10.987054514958418
path,-10.686000289597853,-10.984654027807657
path,-10.685294448671154,-10.982254188560171
path,-10.684586896820976,-10.979854998296112
path,-10.683877634331214,-10.977456458122424
path,-10.683174079206607,-10.975096664387827
path,-10.682474939547783,-10.972745584856188
path,-10.681774191029218,-10.970395183424307
path,-10.681071830669445,-10.968045456440072
path,-10.680367855812001,-10.965696400724084
path,-10.679672875403904,-10.963400398713194
path,-10.678984748068524,-10.961116202800637
path,-10.678295104583492,-10.958832660523333
path,-10.67760394170289,-10.956549767829216
path,-10.67691125652799,-10.95426752116748
path,-10.676226751946125,-10.952021876098064
path,-10.675543073246125,-10.949779950276797
path,-10.674857899182724,-10.947538615898454
path,-10.674171229678088,-10.945297873418067
path,-10.673483064699836,-10.943057723354398
path,-10.67280231873828,-10.940861548277859
path,-10.672127354944731,-10.938675434350452
path,-10.671450992942107,-10.936489924280762
path,-10.670773230280679,-10.934305015131637
path,-10.670094064778723,-10.932120704347149
path,-10.66930562482268,-10.92955225729962
path,-10.668479748393047,-10.92690995665813
path,-10.6676518007231,-10.924268513359644
path,-10.666821780776344,-10.921627926827844
path,-10.665989687678705,-10.918988196718681
path,-10.665166232585948,-10.916416169738076
path,-10.664358074613094,-10.91386715213307
path,-10.663548014359332,-10.911318981498328
path,-10.6627360482203,-10.908771653567273
path,-10.661922172991527,-10.906225164641816
path,-10.661117701474645,-10.903729318869106
path,-10.66031910525367,-10.901244239866186
path,-10.65950897274592,-10.898754909891284
path,-10.658703436596863,-10.896272780603807
path,-10.657893819709242,-10.893792906742814
path,-10.657096328962405,-10.891380818047335
path,-10.656303324390038,-10.888980900070404
path,-10.655510219473474,-10.886586163694915
path,-10.654714896648482,-10.884193886073142
path,-10.653917750465018,-10.881802411658528
path,-10.653130223512974,-10.879460202301004
path,-10.652349204591687,-10.877129021575145
path,-10.651566543791139,-10.874798590376667
path,-10.650782240768994,-10.872468905499124
path,-10.649996295264044,-10.870139964166746
path,-10.64921826185775,-10.867847452204641
path,-10.648443185267006,-10.865562386827893
path,-10.647666569982997,-10.863278091483327
path,-10.646888411823388,-10.860994559053742
path,-10.646108707049109,-10.858711783221148
path,-10.645340581830915,-10.856478784637842
path,-10.644577747908784,-10.85425602390017
path,-10.643813465514539,-10.852034004564795
path,-10.643047729772567,-10.849812719380166
path,-10.642280536313544,-10.847592161898145
path,-10.641522320807542,-10.84540567538323
path,-10.640764854508046,-10.843222624041934
path,-10.640005950684905,-10.841040240923416
path,-10.639245608187233,-10.838858524249343
path,-10.638483826016026,-10.83667747251511
path,-10.637620170169692,-10.834180537306661
path,-10.636728863892095,-10.831640931922962
path,-10.635835596502565,-10.829102219165229
path,-10.63494036774821,-10.82656439899966
path,-10.634043177468897,-10.824027471559198
path,-10.63315498662467,-10.821532828117657
path,-10.632271457462089,-10.81904754931391
path,-10.631386076425361,-10.816563172132643
path,-10.630498840543396,-10.814079693062238
path,-10.629609747191967,-10.811597109081696
path,-10.628734947019225,-10.809176992090517
path,-10.627869186477644,-10.8067711692868
path,-10.627001674833865,-10.80436618400152
path,-10.626132410482342,-10.801962034600454
path,-10.625261392030048,-10.79955871974637
path,-10.624399711617228,-10.797194007898451
path,-10.623541279972459,-10.794837131285593
path,-10.622681200015199,-10.792481111292897
path,-10.621819466948418,-10.790125942155267
path,-10.620956076487195,-10.7877716187928
path,-10.619955578772801,-10.784760004245202
path,-10.61872918407136,-10.780753947845044
path,-10.617210662711738,-10.776132098545107
path,-10.615515278522572,-10.771429749373336
path,-10.613926050146647,-10.766763971105002
path,-10.612335184450732,-10.762321401000277
path,-10.610891817919123,-10.757990027630244
path,-10.60985151666633,-10.753777087720714
path,-10.609073661628905,-10.74938682972512
path,-10.6084639690023,-10.744654347230316
path,-10.607350693908977,-10.740077658105081
path,-10.606092672641143,-10.735780149179204
path,-10.605186121353128,-10.731802991476409
path,-10.604375408646542,-10.727542935451481
path,-10.603709930823438,-10.723494898928312
path,-10.602705539455188,-10.719975873709238
path,-10.601678488934914,-10.716597611157015
path,-10.600624928237053,-10.713520057767237
path,-10.599559070401233,-10.710617265956225
path,-10.598487025082513,-10.707866631486135
path,-10.59741052137428,-10.70526564363757
path,-10.596322912402103,-10.7027381197755
path,-10.595254486945528,-10.700397427239565
path,-10.594204550240375,-10.698163327247345
path,-10.593189545221664,-10.695999869168077
path,-10.591724086320362,-10.693652699620975
path,-10.590013685698278,-10.689574815457568
path,-10.588220918167666,-10.684833420932422
path,-10.586266057539325,-10.679933079184076
path,-10.58418903081136,-10.67488841266897
path,-10.582193759572688,-10.669772822805795
path,-10.580257478159098,-10.66460463326854
path,-10.578446517095662,-10.659343741240445
path,-10.576714110666273,-10.654017951193849
path,-10.575048465437389,-10.648628923156263
path,-10.573470774078363,-10.643196913539827
path,-10.572017301664404,-10.637714975222721
path,-10.570679659468034,-10.632188674848024
path,-10.569437198969053,-10.626606345389241
path,-10.568192290976782,-10.620834899339211
path,-10.566890589572171,-10.615035964262068
path,-10.565567784184685,-10.609429722529454
path,-10.564259128697252,-10.603715601637772
path,-10.562992299347897,-10.598101079983206
path,-10.561772310267026,-10.592613214356968
path,-10.560620458009458,-10.5873305761156
path,-10.559433805924876,-10.582250060145546
path,-10.55833248971747,-10.577226809044982
path,-10.55723681539274,-10.572144031410922
path,-10.556234003445194,-10.567155708477566
path,-10.555491637080575,-10.562405316075992
path,-10.554862399299001,-10.55775447495981
path,-10.554324520423098,-10.553120022785501
path,-10.553902139456435,-10.548524787369734
path,-10.553577826926208,-10.54401194198578
path,-10.553355389076353,-10.5396346419295
path,-10.553149066280332,-10.535396604749268
path,-10.553026475118978,-10.531030779927551
path,-10.552963946174701,-10.526613926413473
path,-10.552943611830663,-10.522166710426935
path,-10.55295562471521,-10.517673123429617
path,-10.552970045242906,-10.513261496701313
path,-10.553029309916312,-10.508737250546359
path,-10.553152762888859,-10.504182850837191
path,-10.553313986940136,-10.499619823139392
path,-10.553446360600825,-10.49520327781123
path,-10.553538529503953,-10.4910764795314
path,-10.553606321894668,-10.487225996423284
path,-10.553664348377097,-10.483591344060196
path,-10.553715734541774,-10.480134314632874
path,-10.553778686486504,-10.476807160119934
path,-10.553855098568398,-10.473611050461777
path,-10.553919795147094,-10.470512976513367
path,-10.553944980441306,-10.467452206698365
path,-10.553972901185023,-10.464455665252974
path,-10.554013503855,-10.461486124753643
path,-10.554073317547557,-10.458558067048196
path,-10.554143199175067,-10.45565052650546
path,-10.554263633107787,-10.452750866876322
path,-10.554506150102162,-10.449874862062089
path,-10.55490066144411,-10.447087138828543
path,-10.555437514537145,-10.444402277297492
path,-10.55607481900582,-10.44179942200339
path,-10.556703909493852,-10.439224922523247
path,-10.557321252058635,-10.436673565633425
path,-10.55793127478187,-10.43413129280369
path,-10.558532547762526,-10.431607389066002
path,-10.559122435264781,-10.429099298997391
path,-10.559693793113949,-10.426579452372655
path,-10.560279588958913,-10.424065501441204
path,-10.560862133575819,-10.421516460922536
path,-10.561446691776696,-10.418966103764292
path,-10.56202907676802,-10.416420342955742
path,-10.562606583421088,-10.413887014442166
path,-10.563173867063123,-10.411351466213338
path,-10.563751072766792,-10.408797179485163
path,-10.56432135466511,-10.406251615271627
path,-10.56489186554422,-10.403707567117875
path,-10.56545695464828,-10.401166433654172
path,-10.566020877482643,-10.398633194871064
path,-10.566589286065426,-10.396040832543628
path,-10.567163767366862,-10.39344286957347
path,-10.567734457048367,-10.390854048361465
path,-10.56830158042793,-10.388273654629524
path,-10.568865374542215,-10.385701060282836
path,-10.569432826070171,-10.383089581265022
path,-10.570000087846916,-10.380484939941343
path,-10.570564252050648,-10.377887086752773
path,-10.571125528338756,-10.375295336925042
path,-10.571684081171114,-10.372709200200191
path,-10.572250508995191,-10.370079995536065
path,-10.572811090492943,-10.367430140598323
path,-10.573380120394958,-10.364772413803218
path,-10.573946029271863,-10.362120237478594
path,-10.574508968505173,-10.359473140209122
path,-10.575076148685431,-10.356797442261755
path,-10.575640762201763,-10.354125589501532
path,-10.576202925372945,-10.351457168971123
path,-10.576762766442315,-10.348791700652583
path,-10.57732041773438,-10.346128649855112
path,-10.577886840831752,-10.34341403728043
path,-10.578451689320648,-10.340700650899594
path,-10.579014794453878,-10.33798822242712
path,-10.579583127005632,-10.335278344687088
path,-10.58014224242484,-10.332567592353325
path,-10.580702077784142,-10.329819413607892
path,-10.581236574986567,-10.32706753719708
path,-10.581758845127396,-10.324314972476387
path,-10.58226063644811,-10.321557912878294
path,-10.582736320317544,-10.318794639125414
path,-10.58318214906503,-10.315966165817478
path,-10.583536163996524,-10.313139543929447
path,-10.583630130513738,-10.310261166064556
path,-10.583471845788722,-10.307298283795667
path,-10.583079317193967,-10.304257754246041
path,-10.582482231274858,-10.301117796735229
path,-10.581798769690636,-10.297952879128287
path,-10.581118402299085,-10.29479274593248
path,-10.580441595455238,-10.291637123113729
path,-10.579768658439521,-10.288485742996256
path,-10.579094304003771,-10.285326530576972
path,-10.578424462405449,-10.28217104407452
path,-10.577759440005552,-10.279019041150375
path,-10.577099541704253,-10.275870277770661
path,-10.576445073715925,-10.272724513737588
path,-10.575813497646603,-10.269617726706818
path,-10.575188186925551,-10.26651439865369
path,-10.574569157572666,-10.26341335741422
path,-10.573956731891899,-10.260314357289316
path,-10.573351237894718,-10.257217161579094
path,-10.572776269974911,-10.254170739519129
path,-10.572209510712662,-10.251128028103354
path,-10.57162098166448,-10.248104564955685
path,-10.570980685237602,-10.245077048903834
path,-10.570291464802187,-10.242043055547928
path,-10.569570424643523,-10.239033391995875
path,-10.56880550462143,-10.236018539906386
path,-10.567998883348936,-10.232998243734825
path,-10.567154145507681,-10.229974807503744
path,-10.566269310481074,-10.226945875657268
path,-10.565375487314574,-10.223961190243143
path,-10.564448283994755,-10.220975089475793
path,-10.563489071192741,-10.217984871874899
path,-10.562499494259326,-10.214990775695158
path,-10.561481110015363,-10.2119930114125
path,-10.56045183002046,-10.209021059655594
path,-10.559396529027188,-10.206046500918799
path,-10.558316504496036,-10.20306876799839
path,-10.557212998365134,-10.20008801141771
path,-10.556087192884766,-10.19710436535119
path,-10.554989733521447,-10.194193470287368
path,-10.553871541280593,-10.191290351828858
path,-10.552733936073794,-10.188384565336015
path,-10.551577891094883,-10.185476189387062
path,-10.550404315331628,-10.18256529534855
path,-10.54925034339209,-10.179707877232797
path,-10.548079891921383,-10.176852871666595
path,-10.546894183754203,-10.173995422417367
path,-10.545693968360581,-10.171135554207897
path,-10.544479960682194,-10.168273284062947
path,-10.543309388214963,-10.1654785530829
path,-10.542122122101775,-10.162679023410778
path,-10.540922097067858,-10.15987721382247
path,-10.53970991963342,-10.15707316181505
path,-10.53848932728987,-10.154264897013999
path,-10.537419882797861,-10.150997782893151
path,-10.536532595274913,-10.147070440447962
path,-10.535600418779051,-10.142899101367535
path,-10.534542703760271,-10.138653169623911
path,-10.53336785824383,-10.13433964697667
path,-10.532197754244335,-10.129685216999128
path,-10.530922758339381,-10.124889366414848
path,-10.529523056089701,-10.12002200180233
path,-10.5279953008487,-10.115082791445163
path,-10.526335321725574,-10.110070797634387
path,-10.524493536032972,-10.105131463138914
path,-10.522500549837615,-10.100156054326543
path,-10.520409634905942,-10.095127492445275
path,-10.518348791397829,-10.09010528855124
path,-10.516327263324456,-10.085093562229073
path,-10.514528368319542,-10.080297648455364
path,-10.512821803086272,-10.075706774678526
path,-10.511151874984881,-10.071242001900453
path,-10.509510414674367,-10.066788217384618
path,-10.5078971476076,-10.062339597170475
path,-10.506383517532162,-10.058025358031179
path,-10.504900668788657,-10.053755473354926
path,-10.503442093515732,-10.049488744123408
path,-10.50200781808951,-10.045224984460429
path,-10.500597833591263,-10.040963987237891
path,-10.499338712917963,-10.036888302455688
path,-10.498131633944402,-10.032987440256615
path,-10.496941545393064,-10.029107216480293
path,-10.495765048617422,-10.025225181837156
path,-10.494601682792403,-10.021340901465116
path,-10.493544476232591,-10.017618464906015
path,-10.492511888281772,-10.01398890542507
path,-10.491484840724413,-10.010354039444362
path,-10.490462713916227,-10.006713309747775
path,-10.489444849921215,-10.003066132086134
path,-10.488485168800427,-9.999524583411826
path,-10.487528765269095,-9.995997009026622
path,-10.48656815327704,-9.992463030045256
path,-10.485600978045415,-9.988923649358187
path,-10.484626141300545,-9.985379325655671
path,-10.483673013325763,-9.981893130225313
path,-10.48271195344151,-9.978405872920671
path,-10.481742696779582,-9.974912593484293
path,-10.480765382751546,-9.971412957190266
path,-10.479781750117805,-9.967908223113405
path,-10.478833425877104,-9.964487128754449
path,-10.477877074189399,-9.961070695225475
path,-10.476911988762872,-9.9576459413534
path,-10.47593828009368,-9.954212394090298
path,-10.474956052687961,-9.950769539466581
path,-10.474034237093429,-9.947438288844078
path,-10.473104728412771,-9.94412582354983
path,-10.472165556408564,-9.940802181894902
path,-10.471216764953898,-9.937466852866915
path,-10.470258407734995,-9.934119305932244
path,-10.469336808612688,-9.930843087180968
path,-10.468407486695881,-9.92756206034197
path,-10.4674643697118,-9.92426544020512
path,-10.466511687840134,-9.92095461132886
path,-10.465549643008796,-9.91762896828522
path,-10.464555912599407,-9.9142363261125
path,-10.463548067288045,-9.91082498420408
path,-10.462531358020074,-9.907397204698976
path,-10.46155770144456,-9.90386981172684
path,-10.460570411602982,-9.900279047612337
path,-10.459637563507586,-9.896794402758259
path,-10.458695487586962,-9.893349489831545
path,-10.457743792228285,-9.889907707734015
path,-10.456783171282602,-9.886468669070293
path,-10.455814328179267,-9.883032184251494
path,-10.454916785318654,-9.879672608432504
path,-10.454019041036014,-9.876348029919503
path,-10.453118386370619,-9.873054305083729
path,-10.45221495137092,-9.86978776959734
path,-10.451308923733897,-9.866544958448229
path,-10.450445133053213,-9.863350763141156
path,-10.449579688903738,-9.860173790338244
path,-10.448712567037786,-9.85701086861906
path,-10.447844081851402,-9.85385898902376
path,-10.446974599721466,-9.85071524225052
path,-10.446151494858722,-9.847607187469896
path,-10.44532880980058,-9.844501660629014
path,-10.444506494028955,-9.841395628515945
path,-10.443685010548021,-9.838286222171813
path,-10.442864841816792,-9.835170655014375
path,-10.442094501143737,-9.832077748567237
path,-10.441327193540374,-9.828973297956072
path,-10.44056300623352,-9.825854482994474
path,-10.439802549055605,-9.82271861724623
path,-10.439046474960408,-9.81956304124142
path,-10.438322558595969,-9.816403115126109
path,-10.43760447912973,-9.813218184613604
path,-10.43689297841075,-9.81000557262389
path,-10.436188846257421,-9.80676260481029
path,-10.435492892299715,-9.80348659916287
path,-10.434851496878933,-9.800247586767139
path,-10.434222170301528,-9.796991065749438
path,-10.433608859514099,-9.793716806805845
path,-10.433013081504674,-9.790423985861132
path,-10.432432962612948,-9.787114085085772
path,-10.43185369839098,-9.783705926312182
path,-10.431234317536052,-9.780232559837408
path,-10.43060611915214,-9.7766894165008
path,-10.430012849283436,-9.773083562719963
path,-10.429471815027185,-9.769401585478079
path,-10.428993020513872,-9.765689534219108
path,-10.42859417499292,-9.761925967188763
path,-10.428273167252517,-9.758106551628746
path,-10.428030608961492,-9.75423085585992
path,-10.427865449195265,-9.750298234176803
path,-10.42775275096624,-9.746359436399585
path,-10.42766953735976,-9.742421939724096
path,-10.427613879210663,-9.738482956302578
path,-10.4275501669874,-9.734629121589636
path,-10.427398686972074,-9.730989032622462
path,-10.427235931100935,-9.727441643632561
path,-10.427045411748109,-9.723905541664463
path,-10.426829486320738,-9.720382299172996
path,-10.42658676613233,-9.7168708767475
path,-10.426314838784947,-9.713369335949796
path,-10.426013057403148,-9.709871992814618
path,-10.425685372140272,-9.706384678935299
path,-10.42533255174564,-9.702907417915656
path,-10.424955288160378,-9.699439899815832
path,-10.424554141287494,-9.69598186233932
path,-10.42414487967733,-9.692588203350798
path,-10.423728399238986,-9.689197184411606
path,-10.423306772349077,-9.685807930407732
path,-10.422880442765624,-9.682420820429003
path,-10.422451434276288,-9.67903976601062
path,-10.422026006523327,-9.67569265617565
path,-10.421596874019066,-9.672347040975714
path,-10.421164211996878,-9.669002835040347
path,-10.420728149952394,-9.665659988238888
path,-10.420288792868222,-9.662318460412754
path,-10.419857608967362,-9.659028384161735
path,-10.419423272407316,-9.655739601620473
path,-10.418985863286098,-9.652452055766886
path,-10.418545462845666,-9.64916571470858
path,-10.418102149725426,-9.64588054733362
path,-10.417681625618869,-9.642763942635787
path,-10.41726264755802,-9.639637683465294
path,-10.416841659120635,-9.63651115847338
path,-10.416418094023554,-9.633385757528112
path,-10.41599202130568,-9.630261445074757
path,-10.41557883757963,-9.627205404209334
path,-10.415163293253467,-9.62415041772115
path,-10.414745077703,-9.621097038068589
path,-10.414325110887493,-9.618044015290538
path,-10.413903007749942,-9.614991840193554
path,-10.413488299124033,-9.611982203814614
path,-10.413071550365954,-9.60897345550319
path,-10.412652818980947,-9.60596554620764
path,-10.412232164010476,-9.602958447968156
path,-10.411809642901042,-9.599952133689772
path,-10.411401606441615,-9.597017918154895
path,-10.410991830547404,-9.594084470123187
path,-10.410580366698383,-9.591151728719442
path,-10.410167270414144,-9.588219668351243
path,-10.409752595849907,-9.58528826411003
path,-10.409305074065227,-9.582314981336124
path,-10.40884458363152,-9.579324009869081
path,-10.408386706651317,-9.57632484365579
path,-10.407931311006505,-9.573317808122415
path,-10.407478265920497,-9.570303225422323
path,-10.40705924014747,-9.567393335332172
path,-10.406639356734622,-9.564484200105555
path,-10.406216297534534,-9.561580786079844
path,-10.405803352299731,-9.558713911907065
path,-10.405403514254024,-9.555897374975366
path,-10.405040272875935,-9.553214960007875
path,-10.40468291866392,-9.550546182004902
path,-10.40432702744063,-9.547876315567086
path,-10.40397268074137,-9.545205317131987
path,-10.403619961592396,-9.542533142012664
path,-10.403291801830326,-9.539953058959117
path,-10.402965481607811,-9.537371750608258
path,-10.402641084630528,-9.534789155659206
path,-10.402318070239335,-9.532206170197417
path,-10.401997102721342,-9.529609347593922
path,-10.401698501304722,-9.527061452909614
path,-10.40140499632827,-9.524501415722158
path,-10.401117285463888,-9.521929155103212
path,-10.40085081301841,-9.519354996540413
path,-10.400642931871609,-9.51683168938334
path,-10.400408092466993,-9.514448937519745
path,-10.40013139003568,-9.512052484882021
path,-10.399990791689035,-9.509600136286972
path,-10.399922480959619,-9.507258270381467
path,-10.399902337743592,-9.505058281561444
path,-10.399907982179688,-9.503004577757439
path,-10.399941531970976,-9.501075584046218
path,-10.400000926475673,-9.49926701559544
path,-10.40008410718797,-9.497576359284684
path,-10.400174283777057,-9.49599860767717
path,-10.400251347463215,-9.494468016915148
path,-10.40030393358617,-9.492933995992436
path,-10.400331456706908,-9.491398031463106
path,-10.400335519489856,-9.489860705159701
path,-10.40031764135918,-9.48832245268424
path,-10.40028487922925,-9.486805198713224
path,-10.400233011929767,-9.4852884940422
path,-10.400163215561436,-9.483771972992457
path,-10.400079706452438,-9.482253704795486
path,-10.399984878860382,-9.480732893175531
path,-10.399880555707021,-9.479218879874036
path,-10.39976660941329,-9.4777026489075
path,-10.399644004131595,-9.476184129256259
path,-10.39951342830193,-9.474663381741182
path,-10.39937550991293,-9.473140461692566
path,-10.399234119146486,-9.471636886765847
path,-10.399085557465893,-9.470132561157426
path,-10.398931394022194,-9.46862626060497
path,-10.398772055017423,-9.467118022082758
path,-10.398607933905627,-9.465607879543736
path,-10.398441691073605,-9.464111680047004
path,-10.39827098797965,-9.462614148801189
path,-10.398096591383133,-9.461114838408033
path,-10.39791878349674,-9.459613772552489
path,-10.397738274300659,-9.4581111405856
path,-10.397556775345898,-9.456593179367452
path,-10.397377074180795,-9.455075157042447
path,-10.397199059474312,-9.45355714882798
path,-10.397022730697504,-9.452039155628375
path,-10.396848087281258,-9.450521178370527
path,-10.396676624798303,-9.449014897644192
path,-10.396506661066043,-9.447508738036973
path,-10.396338354720353,-9.446002596973678
path,-10.396171705085829,-9.444496475425137
path,-10.396006711461874,-9.442990374375357
path,-10.395845607029264,-9.441500846164114
path,-10.395685729243901,-9.440011867413453
path,-10.395527467926053,-9.438522911634822
path,-10.395370822325537,-9.437033979816114
path,-10.395215876131559,-9.435545019892759
path,-10.395065594641178,-9.434068405825775
path,-10.39491827171542,-9.43259045653241
path,-10.39477604793317,-9.431114655135817
path,-10.39465829604725,-9.429658576032157
path,-10.394596841833215,-9.428264480580504
path,-10.394641474153534,-9.426784310116101
path,-10.394683249006063,-9.425214908541562
path,-10.394623262130626,-9.423601562994838
path,-10.394531255538736,-9.42198427955319
path,-10.39443314387422,-9.420376988959207
path,-10.394331708032365,-9.418786912303021
path,-10.39422425382802,-9.417202410296667
path,-10.394111111342962,-9.41562237055028
path,-10.393992672958785,-9.414046073016381
path,-10.39386934933854,-9.412472967369474
path,-10.393746153283818,-9.410918598661011
path,-10.393618992861407,-9.409367141798464
path,-10.393485192439211,-9.407817046383133
path,-10.393351011937728,-9.406269726443345
path,-10.393214007729922,-9.40472385536304
path,-10.393076594521952,-9.403185839579091
path,-10.392937280634095,-9.401648727505068
path,-10.392796451879093,-9.400112299362636
path,-10.392654475177286,-9.398576356266245
path,-10.392511708109465,-9.397040709874734
path,-10.392371465405633,-9.395515015682248
path,-10.392231161362512,-9.393989400297658
path,-10.392091268166874,-9.392463461718805
path,-10.39195215179434,-9.390937017452737
path,-10.391814122629944,-9.38940991977513
path,-10.391678960251364,-9.387886937138388
path,-10.391545491263356,-9.386363017124443
path,-10.391410985013016,-9.384837156027466
path,-10.391281575937798,-9.383311222491196
path,-10.391154674451421,-9.381783960055992
path,-10.391033423425013,-9.380264571123424
path,-10.390915249980166,-9.37874379482831
path,-10.390800395025481,-9.37722132933508
path,-10.39068911053399,-9.375697064956453
path,-10.390581641356416,-9.374170898374613
path,-10.390480524023697,-9.372650181947565
path,-10.390383014349995,-9.371118603523822
path,-10.390265389243488,-9.369567359205234
path,-10.390132227616235,-9.368028162581691
path,-10.389984846278164,-9.366500094358964
path,-10.389828411202338,-9.364987122298434
path,-10.389671360205595,-9.363475365504895
path,-10.38951498802854,-9.36196392653243
path,-10.389356227396433,-9.360451554551688
path,-10.389201415729941,-9.358940800697546
path,-10.389048035427418,-9.357437306758793
path,-10.388895408067693,-9.355934264598924
path,-10.388743559124391,-9.354431711351241
path,-10.38859251303148,-9.35292967558689
path,-10.388442294408527,-9.3514281938919
path,-10.38829381001472,-9.349935698532168
path,-10.38814614565251,-9.348443854859731
path,-10.387999370309236,-9.346952662481247
path,-10.387853507519106,-9.345462158906493
path,-10.387708580913795,-9.343972378046093
path,-10.387565659885265,-9.34249294789031
path,-10.387424011139444,-9.341013702496467
path,-10.387283841028179,-9.33953437744984
path,-10.387145148805745,-9.338054977338954
path,-10.387007933512896,-9.336575502668548
path,-10.386873858891535,-9.335109943308993
path,-10.386740867262183,-9.333644580060865
path,-10.386609321834685,-9.332179152075069
path,-10.386479221732753,-9.33071366035438
path,-10.38635056628324,-9.329248110152717
path,-10.386224551562709,-9.327793358894885
path,-10.386099713811667,-9.326338735085196
path,-10.385976296580294,-9.324884058587827
path,-10.385854299231042,-9.32342933446818
path,-10.385733721069858,-9.321974566715342
path,-10.385615236749137,-9.320526685531428
path,-10.38549805132097,-9.319078841513683
path,-10.385382269252865,-9.317630962358471
path,-10.385267889701282,-9.316183048018056
path,-10.385154912062237,-9.314735103510694
path,-10.385044197413595,-9.313295373086815
path,-10.38493464832541,-9.311855773040099
path,-10.38482648285841,-9.310416151054117
path,-10.384719700297559,-9.308976508900782
path,-10.384614299976494,-9.307536849290008
path,-10.384511756051406,-9.306108402051654
path,-10.384409933951773,-9.304680386504646
path,-10.384309469907555,-9.303252363238794
path,-10.38421036326821,-9.301824334446001
path,-10.384112613364021,-9.300396301654324
path,-10.384016598155064,-9.29897239378721
path,-10.38392151427096,-9.297486816560122
path,-10.383668259144757,-9.296046041815538
path,-10.38339493687917,-9.294711922079793
path,-10.383124382859558,-9.293410849325685
path,-10.382855455851265,-9.292113890863329
path,-10.38258736580671,-9.29081725440514
path,-10.382320112398641,-9.289520939390313
path,-10.382053695644784,-9.288224946512726
path,-10.381788115665383,-9.286929278100954
path,-10.381524231665548,-9.28563814343667
path,-10.381261179548385,-9.284347334944504
path,-10.380998958968776,-9.283056850637886
path,-10.380737570091092,-9.281766692503943
path,-10.380477013089767,-9.28047686249083
path,-10.380218509168703,-9.27919342955076
path,-10.379960830122855,-9.27791032624638
path,-10.379703975483801,-9.276627549556627
path,-10.379447945413332,-9.275345100534647
path,-10.379192740111332,-9.274062980420892
path,-10.378939325551825,-9.272786063342707
path,-10.378686730228806,-9.271509476176124
path,-10.37843495391048,-9.270233218098845
path,-10.378183996780574,-9.26895728999098
path,-10.377933859084342,-9.267681693686177
path,-10.377685278602938,-9.266410207189569
path,-10.377437513541304,-9.26513905536806
path,-10.377190563523705,-9.263868233772055
path,-10.376963588644815,-9.262600939496208
path,-10.377084012533201,-9.261370556637326
path,-10.37740736240965,-9.26020366176937
path,-10.377814177905051,-9.259075127862227
path,-10.378205917524621,-9.257963231103846
path,-10.378595671381085,-9.256886815541188
path,-10.378985852242723,-9.255810388233801
path,-10.379376689049863,-9.254733319791832
path,-10.379767955582434,-9.25365624431044
path,-10.380159650463419,-9.252579160534825
path,-10.38055177491076,-9.251502070603145
path,-10.380944332763347,-9.250424972888663
path,-10.381338601744682,-9.249344370939145
path,-10.381733305531071,-9.248263765020743
path,-10.38212844464166,-9.247183156957744
path,-10.3825240192765,-9.246102547696273
path,-10.382920030828489,-9.245021936740905
path,-10.383318079031925,-9.243936972469925
path,-10.383716567080912,-9.242852007794827
path,-10.384115496672589,-9.241767042888826
path,-10.384514866409413,-9.240682080024799
path,-10.384914678951414,-9.239597117352245
path,-10.385316012231211,-9.238509234062372
path,-10.385717787768025,-9.237421354741253
path,-10.386120007730044,-9.236333477404278
path,-10.38652267078913,-9.235245603972375
path,-10.386925775547779,-9.234157736391122
path,-10.387340974122981,-9.233038520535944
path,-10.387756639108382,-9.231919303603167
path,-10.388172773872894,-9.230800091435107
path,-10.38858937628268,-9.229680886633078
path,-10.389006446787455,-9.22856168887908
path,-10.38942463067217,-9.227440770838808
path,-10.389843282457864,-9.226319861493932
path,-10.390262400667343,-9.22519896310749
path,-10.390681987376292,-9.22407807347553
path,-10.391102042005903,-9.222957193334357
path,-10.391523580646465,-9.221833615884748
path,-10.39194558898131,-9.22071004785499
path,-10.392368066525004,-9.219586490632722
path,-10.392791011481087,-9.218462946233632
path,-10.393214424278531,-9.217339414211
path,-10.393639003813353,-9.21621404479242
path,-10.394064051309693,-9.21508868885125
path,-10.39448956510179,-9.213963348749031
path,-10.39491554795975,-9.212838021434848
path,-10.395341998877973,-9.21171270801203
path,-10.395770297931529,-9.210583773496383
path,-10.396199066898426,-9.209454853181848
path,-10.396629782866066,-9.208326560451262
path,-10.397060438952279,-9.207195741114132
path,-10.397492351832714,-9.206066542685333
path,-10.39792789587467,-9.204930975888034
path,-10.398363982489446,-9.203795404021394
path,-10.39880060121168,-9.202659832218353
path,-10.399237749457802,-9.20152425883235
path,-10.399675420815809,-9.200388686828873
path,-10.400114856869992,-9.19924989484607
path,-10.400554810785266,-9.198111105120903
path,-10.400995279980956,-9.196972318348688
path,-10.40143626124184,-9.19583353530263
path,-10.40187774995532,-9.194694758527731
path,-10.402322328403836,-9.193549342717928
path,-10.402767416320826,-9.192403931137614
path,-10.403213011481267,-9.191258526165415
path,-10.403659109124598,-9.190113131284383
path,-10.404105708616864,-9.188967745627926
path,-10.40455680179894,-9.187812158892767
path,-10.405008401714328,-9.186656580344524
path,-10.405460506649584,-9.18550101341732
path,-10.40591311597801,-9.184345457734327
path,-10.406366227819547,-9.18318991436713
path,-10.406821409380573,-9.182030395970683
path,-10.40727709387711,-9.180870890473916
path,-10.40773328025442,-9.179711399335298
path,-10.408189966909784,-9.178551923606834
path,-10.408651610683368,-9.177388397073214
path,-10.409128112449327,-9.176210255873174
path,-10.409613364677888,-9.175020645315461
path,-10.410106951625894,-9.173825260410986
path,-10.410605200772263,-9.172626335640622
path,-10.411103867728185,-9.171427510657757
path,-10.41160524278797,-9.17022329202829
path,-10.412107048312023,-9.169019154446914
path,-10.41260928735688,-9.167815092107372
path,-10.41311196308374,-9.166611098323417
path,-10.413615078338871,-9.165407167058438
path,-10.414120792987626,-9.164198141852648
path,-10.41462695647881,-9.162989167341163
path,-10.415133570444118,-9.161780240586763
path,-10.415640636740038,-9.160571357587951
path,-10.416148157031795,-9.159362514736202
path,-10.416658532811995,-9.15814800495443
path,-10.417169370367873,-9.15693352752848
path,-10.41768067039567,-9.15571908147574
path,-10.418192433958467,-9.154504664419362
path,-10.418704662003169,-9.153290274220193
path,-10.419221086676075,-9.152067082413616
path,-10.419739847823273,-9.150835061660128
path,-10.420295863098922,-9.149549918477293
path,-10.420914661928146,-9.148208482541856
path,-10.421586755649642,-9.146810648332476
path,-10.422309231370269,-9.14535237962187
path,-10.423082782189033,-9.143837388701847
path,-10.423907376289636,-9.142265755177187
path,-10.424777118926107,-9.140643777945249
path,-10.425681683798249,-9.138988108801394
path,-10.426620950286505,-9.13729752601391
path,-10.427595049878878,-9.135570562474996
path,-10.428604183359413,-9.133806907245923
path,-10.429648453916654,-9.132006340625038
path,-10.430727987232924,-9.130168611918334
path,-10.431836957612381,-9.128289058158744
path,-10.432950054480814,-9.126404524007128
path,-10.434062418556376,-9.124520238950673
path,-10.43517400667484,-9.122636057392075
path,-10.436284831655025,-9.120752029511818
path,-10.43740372009889,-9.118852458016413
path,-10.438522932855351,-9.116951903749142
path,-10.439641367794204,-9.11505150905427
path,-10.440759025070106,-9.113151274673962
path,-10.441875904978286,-9.111251201259416
path,-10.443007184771604,-9.109322020346903
path,-10.444143503662836,-9.107386011281779
path,-10.445279115983535,-9.105450521032866
path,-10.446413923359197,-9.103515200048925
path,-10.447547926700036,-9.101580048628643
path,-10.44869596379156,-9.099588757056724
path,-10.449882385856558,-9.097552950675734
path,-10.451084901095236,-9.095496441495543
path,-10.452285989622572,-9.093438151111021
path,-10.453485893289145,-9.091378886979482
path,-10.454696595555575,-9.089304043938869
path,-10.455909469796623,-9.087230474835652
path,-10.457138871705851,-9.085156459109296
path,-10.458405040068062,-9.083055507683973
path,-10.45971083624296,-9.080929614184695
path,-10.461075170793473,-9.078753695264432
path,-10.46245334659155,-9.076578481194453
path,-10.463833231782502,-9.074413503955558
path,-10.465215712903639,-9.072270093435248
path,-10.466529926430411,-9.070216975573269
path,-10.4677380350352,-9.068250794390725
path,-10.468842426927331,-9.066377851486777
path,-10.469845530902816,-9.064595648833178
path,-10.470761389037564,-9.062889882400373
path,-10.47159316554345,-9.061257401028467
path,-10.472339779095327,-9.059691688689595
path,-10.473002891449006,-9.05819853655043
path,-10.47358266178422,-9.05677788046958
path,-10.474104419161458,-9.055408831389476
path,-10.474623124241754,-9.054045762861154
path,-10.475145929149111,-9.052672327882089
path,-10.475667947414966,-9.05130241320291
path,-10.476189273448847,-9.049935785712925
path,-10.476710006684481,-9.048572196160244
path,-10.47723027032295,-9.04721134776854
path,-10.477754923815631,-9.045839690435294
path,-10.478279515489955,-9.044469839552196
path,-10.47880421092369,-9.043101420655141
path,-10.479329113413513,-9.041734195226994
path,-10.479854325959929,-9.040367927424061
path,-10.480393430387686,-9.038964731324516
path,-10.480933082355223,-9.03756198373845
path,-10.481473386122323,-9.036159463794622
path,-10.482014447700536,-9.034756938728247
path,-10.482556373248885,-9.033354177822638
path,-10.483103295368881,-9.031939766480525
path,-10.483651305104333,-9.030524645874456
path,-10.484200511858445,-9.029108588242407
path,-10.484751026623501,-9.027691361528468
path,-10.485302960904974,-9.026272734565334
path,-10.485861451129578,-9.024838598399485
path,-10.48642160046568,-9.023402580816304
path,-10.4869835258644,-9.02196445052546
path,-10.487547346579543,-9.020523970545476
path,-10.488113183007593,-9.019080902492824
path,-10.488684567172442,-9.017625641659345
path,-10.489258222762123,-9.016167300701843
path,-10.489834277715719,-9.014705637392847
path,-10.490412862448746,-9.0132404042824
path,-10.490994079516396,-9.011771415591921
path,-10.491583438922717,-9.010283705211389
path,-10.49217563325698,-9.00879188962392
path,-10.492771501519545,-9.0072942316862
path,-10.493374879538893,-9.005782752886784
path,-10.493985692383552,-9.004257741533038
path,-10.49460704074869,-9.002711042851045
path,-10.495236155641845,-9.001150376845555
path,-10.495873067240032,-8.999575814003753
path,-10.49651789022663,-8.997987250309697
path,-10.497170714393851,-8.996384636424313
path,-10.497837999553372,-8.994750831816662
path,-10.498513754988844,-8.99310231331227
path,-10.499200259427795,-8.991441220724703
path,-10.499891365352989,-8.98976521483409
path,-10.50059177977824,-8.988073416682958
path,-10.501302787305963,-8.986305530361971
path,-10.50201374055593,-8.98452592460838
path,-10.502686937872324,-8.982920454623793
path,-10.503320463195159,-8.981369663926449
path,-10.503954925082645,-8.979819089831924
path,-10.50460400917652,-8.978235398442694
path,-10.50525405700342,-8.976651931732516
path,-10.505905062190845,-8.975068701658298
path,-10.5065570204285,-8.97348571011859
path,-10.507209926801844,-8.971902959957214
path,-10.507878999741434,-8.970283677194082
path,-10.50854905615576,-8.968664643575286
path,-10.509220092014672,-8.967045869565425
path,-10.509892104283754,-8.965427357080616
path,-10.51056509014045,-8.963809107729992
path,-10.511255500060166,-8.962151689070184
path,-10.511946925731072,-8.960494540810306
path,-10.51263936566771,-8.958837673161952
path,-10.513332816409543,-8.957181087964178
path,-10.514027276748402,-8.955524785560153
path,-10.514736999493183,-8.953834878597279
path,-10.515447768222495,-8.952145259883991
path,-10.516159582322771,-8.950455939104737
path,-10.516872439429552,-8.94876691801217
path,-10.51758633833314,-8.947078196748944
path,-10.518295739630538,-8.945402834363572
path,-10.519006163541782,-8.94372777313943
path,-10.519717609607738,-8.942053009605853
path,-10.520430076576785,-8.940378544505123
path,-10.521143563387758,-8.93870437897748
path,-10.52187548464101,-8.936989774223173
path,-10.522608474225347,-8.935275474488147
path,-10.523344046883176,-8.933558628696826
path,-10.524082254989814,-8.931839162276475
path,-10.524823423028227,-8.930116497393804
path,-10.525580805499771,-8.92836028399034
path,-10.526341967217085,-8.926599490941868
path,-10.52710692522935,-8.924834142515197
path,-10.52787569732695,-8.92306425515008
path,-10.528648302495691,-8.921289843061356
path,-10.529442162072986,-8.919471122674203
path,-10.53024047813715,-8.91764694193417
path,-10.531043706099402,-8.915816531333956
path,-10.531847297681498,-8.913988312980212
path,-10.532652149171948,-8.912160629566557
path,-10.533502533889106,-8.910224749734148
path,-10.534373492933707,-8.908254168718411
path,-10.53525625798478,-8.906260609530012
path,-10.536128572277308,-8.904294457993977
path,-10.537002385670162,-8.90232894182532
path,-10.53790003843482,-8.90031350472621
path,-10.538799372094113,-8.898298942821343
path,-10.539700260993577,-8.896285055626082
path,-10.540602700122271,-8.894271845937707
path,-10.541506686323858,-8.892259314671788
path,-10.542432287248781,-8.89020294546783
path,-10.543359499794285,-8.888147280044388
path,-10.544288321334617,-8.886092333959892
path,-10.545218744059373,-8.884038105017813
path,-10.546150763784278,-8.88198459267408
path,-10.547095757162166,-8.879898920681295
path,-10.548034108066469,-8.877817363611632
path,-10.548955943757674,-8.875736919668082
path,-10.549861280173438,-8.873657699108549
path,-10.550750079036714,-8.871579883274364
path,-10.55160981925624,-8.869524167115618
path,-10.552455294270976,-8.867474275146424
path,-10.553278844802428,-8.865416499316243
path,-10.554081284584063,-8.863355237600688
path,-10.55486283315974,-8.861290576627953
path,-10.555605711411419,-8.859227050706306
path,-10.5563298867246,-8.857150392216626
path,-10.557042666911727,-8.855057142292212
path,-10.55774330853259,-8.852946325247444
path,-10.55843125278727,-8.850817209396093
path,-10.55908578939641,-8.848682886061372
path,-10.559725598317197,-8.846529049550792
path,-10.560350617572851,-8.844354213991608
path,-10.560960194437795,-8.842157524309373
path,-10.561553790207874,-8.83993826933024
path,-10.562176966751993,-8.837661645401576
path,-10.562783276243097,-8.835361159162622
path,-10.56337214965223,-8.833036091082413
path,-10.563956705516674,-8.830703502981887
path,-10.564542206793773,-8.82837023662435
path,-10.565096252939979,-8.826057171133085
path,-10.565647227068832,-8.823743888322205
path,-10.566197048977303,-8.821427272507089
path,-10.566745008792207,-8.819106398984943
path,-10.567290391661802,-8.816780340467849
path,-10.567793177949735,-8.81447488250632
path,-10.568287528773014,-8.81216609500149
path,-10.568777148890897,-8.809849401554567
path,-10.569261337479183,-8.80752388832539
path,-10.569739393675604,-8.805188639551144
path,-10.570166323110891,-8.802872710914277
path,-10.570579712397024,-8.800550236076116
path,-10.570984852398432,-8.798215354819144
path,-10.571381060176527,-8.795867172308308
path,-10.571767649353736,-8.793504790992596
path,-10.572149423967632,-8.791123493148547
path,-10.572520211058958,-8.788726185150765
path,-10.572879315410106,-8.786311959179992
path,-10.573226044269454,-8.783879903160171
path,-10.573559702434434,-8.781429102828648
path,-10.573896916980031,-8.778946599526806
path,-10.574219678310445,-8.77644348695071
path,-10.574527272290256,-8.77391883632401
path,-10.574818989260649,-8.771371710420407
path,-10.575094117411373,-8.768801168506032
path,-10.575372355023768,-8.76619208583225
path,-10.57563259295664,-8.763557668470142
path,-10.575874099423121,-8.760896959393408
path,-10.57609614765961,-8.758208994520077
path,-10.57629801174343,-8.755492806170425
path,-10.576500829217068,-8.752732238822178
path,-10.576682019819332,-8.749941473291111
path,-10.576840833860581,-8.74711952407295
path,-10.57697652793647,-8.744265398728677
path,-10.577088357750982,-8.741378100898554
path,-10.577190636389707,-8.738446176259677
path,-10.577267569177415,-8.73547905320677
path,-10.577318396787811,-8.732475720514902
path,-10.57735031371718,-8.729441794646299
path,-10.577357718174818,-8.726378936088885
path,-10.577355622928623,-8.723281978805465
path,-10.577333814593139,-8.720156948031626
path,-10.577291505683442,-8.717002806743995
path,-10.577227915739108,-8.713818512941224
path,-10.57714221073133,-8.710602954261068
path,-10.57703936016741,-8.70734792804913
path,-10.576912565927088,-8.704059178814294
path,-10.576760823972652,-8.700735367194563
path,-10.576583348607562,-8.697375432307009
path,-10.57637935425479,-8.693978313572487
path,-10.576150346583772,-8.690541363021605
path,-10.575898942335614,-8.687072560461406
path,-10.575640071326616,-8.683591417840038
path,-10.57537653459817,-8.680101610271754
path,-10.575107593107365,-8.676602161681503
path,-10.574930881046347,-8.673013154126483
path,-10.574753914804901,-8.669361595400444
path,-10.574532279250434,-8.66567393250897
path,-10.574279610203442,-8.661942653439894
path,-10.57401312006154,-8.658190300865584
path,-10.573729676172642,-8.654425767383385
path,-10.573435015220905,-8.650643573299535
path,-10.573129580622608,-8.646844276686691
path,-10.572825643062771,-8.643043991794537
path,-10.572526296996761,-8.639246802296958
path,-10.57223356186667,-8.635475571844617
path,-10.571945105764593,-8.631707977523726
path,-10.571661142277682,-8.62794342360731
path,-10.571381658543988,-8.624181912152507
path,-10.57110665203965,-8.620423449226596
path,-10.570958710971112,-8.6165625531455
path,-10.57082835686891,-8.61259795310913
path,-10.570663203607015,-8.608584069615056
path,-10.570433354006063,-8.604522778672578
path,-10.570187030921316,-8.600425872051591
path,-10.569918570316096,-8.59631045099623
path,-10.569633037314562,-8.592170731664657
path,-10.569330341424623,-8.58800578587697
path,-10.5690097979362,-8.583814660524919
path,-10.568683780524356,-8.579613614619161
path,-10.568365946630626,-8.575440286075386
path,-10.568053247831562,-8.571273155735723
path,-10.567746077790538,-8.56711064434257
path,-10.567444537150031,-8.5629528835565
path,-10.567148601937777,-8.558799835695027
path,-10.56686117038327,-8.554678506523615
path,-10.566578349657737,-8.550563641047729
path,-10.566301034100618,-8.546453409177374
path,-10.566029212878624,-8.542347799562604
path,-10.565762874855926,-8.538246804773536
path,-10.565504408101551,-8.534174487951033
path,-10.565250549922956,-8.530108297342235
path,-10.565002074117928,-8.526046637094625
path,-10.56475896932044,-8.521989505920594
path,-10.564521225040803,-8.517936892872882
path,-10.5642900418938,-8.513905145518201
path,-10.564063899363694,-8.509878383739279
path,-10.563843040149987,-8.505856088407608
path,-10.563627450421723,-8.501838258802465
path,-10.56341712075072,-8.497824885808337
path,-10.563213123457366,-8.493832825218183
path,-10.563014147224953,-8.489845661156544
path,-10.562820575360334,-8.485863160798605
path,-10.562631923620916,-8.481884718423313
path,-10.562448437114114,-8.47791066477672
path,-10.562270738013568,-8.473951788026033
path,-10.562133175096609,-8.469851296976715
path,-10.562067219051366,-8.465529824191625
path,-10.561996907045826,-8.461146019722417
path,-10.561908601203582,-8.456722628899392
path,-10.561950825641196,-8.452146369848485
path,-10.562064491570158,-8.447467193982765
path,-10.562225514462861,-8.442834570116716
path,-10.562433551973486,-8.438248264529951
path,-10.562724024362158,-8.433672186598917
path,-10.563051958586701,-8.429040528088002
path,-10.56334825649618,-8.424391338189047
path,-10.563612489797912,-8.419724335533616
path,-10.563844230646431,-8.415039230806354
path,-10.56404304538872,-8.410335734938652
path,-10.564237461264355,-8.405573462184032
path,-10.564398899690534,-8.400790826889324
path,-10.564525930593504,-8.395988800947478
path,-10.564617296150557,-8.391166478458999
path,-10.5646724424688,-8.386323458912914
path,-10.56488262433547,-8.381303602969933
path,-10.565249970761494,-8.376018380381904
path,-10.565728168552065,-8.370486055913743
path,-10.566315640918203,-8.364708039244565
path,-10.566956961778056,-8.358777085454388
path,-10.567613365713855,-8.352773238663575
path,-10.568244321651607,-8.346753482412211
path,-10.568847877944687,-8.340725339217883
path,-10.569423768718819,-8.33468916956876
path,-10.569971934772795,-8.328645224135881
path,-10.57055616301531,-8.322507154403004
path,-10.571115446939741,-8.316337209481299
path,-10.571642279079699,-8.310154735069263
path,-10.572136530079806,-8.30395989588398
path,-10.572598081089629,-8.297752861638587
path,-10.573087035749023,-8.291452087110303
path,-10.573553986664527,-8.285128597281831
path,-10.573990746570704,-8.278796391818386
path,-10.574398320819931,-8.272456791370042
path,-10.574774722476729,-8.26610859738379
path,-10.57524266953138,-8.25961796231621
path,-10.575786492301463,-8.25294537994095
path,-10.576307142333901,-8.246252139014185
path,-10.576798544408355,-8.239553195255517
path,-10.577259873740488,-8.232847834839502
path,-10.57769068524158,-8.22613803115888
path,-10.578068071326431,-8.219427693712685
path,-10.578131831620773,-8.212809938415017
path,-10.57799079320598,-8.20605786180497
path,-10.577677165655109,-8.19913330868122
path,-10.577158853829413,-8.192170074565365
path,-10.57691101075092,-8.185209766060888
path,-10.577374315651323,-8.178275939692249
path,-10.57798324570979,-8.171201236033871
path,-10.578598604963608,-8.164129300107115
path,-10.579306894837767,-8.157348018500956
path,-10.580003080658583,-8.150951426280118
path,-10.580646572736184,-8.144900485362479
path,-10.581269181242634,-8.139016140886334
path,-10.58188159733535,-8.133243578754264
path,-10.582526441874457,-8.127748952422726
path,-10.583155928693186,-8.12249473210469
path,-10.583781723618406,-8.117297325602115
path,-10.584394150261144,-8.112216826673018
path,-10.585019717833157,-8.10709939634115
path,-10.58568883437546,-8.10217307280637
path,-10.586341082192382,-8.097410654738965
path,-10.586984919908799,-8.092740731732812
path,-10.587615210446163,-8.088142586113374
path,-10.588237782784663,-8.083607421932571
path,-10.588784301341727,-8.078845484576453
path,-10.589472358293145,-8.073777231204172
path,-10.590332544224594,-8.068524215447779
path,-10.59122134023615,-8.06327852558717
path,-10.59212610641578,-8.058034537104492
path,-10.593018184083538,-8.052470358725445
path,-10.593912091830017,-8.046436436875403
path,-10.594919227597204,-8.040057111300637
path,-10.596040652609283,-8.033340744602985
path,-10.597254495522721,-8.026281255075244
path,-10.598517544411198,-8.018749828854247
path,-10.599796639923115,-8.010677704055782
path,-10.601144563119044,-8.002257466147853
path,-10.602605284609133,-7.99351736197336
path,-10.604183349390796,-7.984488676306252
path,-10.60589457661047,-7.975186566848472
path,-10.607705708286382,-7.965597537948258
path,-10.609652642672314,-7.95573702274513
path,-10.611695317861267,-7.945590057574782
path,-10.613855113180385,-7.9351641863077855
path,-10.616152494393116,-7.924447359748343
path,-10.618679262839265,-7.913477867409798
path,-10.621377359191591,-7.902238457348326
path,-10.624187574867836,-7.890714612919785
path,-10.627096026644715,-7.878908802199062
path,-10.629816206853238,-7.867057277957448
path,-10.632803636058208,-7.855315298314965
path,-10.635898632216708,-7.843296209790613
path,-10.63906629911381,-7.830981171941014
path,-10.64230824243324,-7.818385915208068
path,-10.645465564856451,-7.80578757578963
path,-10.648618778606732,-7.793779478538594
path,-10.6517214762072,-7.782105075971605
path,-10.654741407358541,-7.770660555208903
path,-10.657731248698935,-7.7591676236982785
path,-10.660691683671915,-7.748058827707531
path,-10.663523256944421,-7.73785928279004
path,-10.666152841214156,-7.728584957884997
path,-10.668642096901355,-7.719935433124804
path,-10.671039266897935,-7.711555781126314
path,-10.67338721829128,-7.703570508186438
path,-10.675639675410736,-7.696126060894131
path,-10.677607850782042,-7.688822449978999
path,-10.679279975497938,-7.681559078437066
path,-10.68072744782332,-7.674301075703828
path,-10.68201216124478,-7.667260557195837
path,-10.68299183136175,-7.660267611809363
path,-10.68375426544261,-7.653301930523562
path,-10.684410902684471,-7.6463065591387664
path,-10.68496327786478,-7.6392827953831
path,-10.685426542540448,-7.632497318287899
path,-10.686120712636711,-7.625605352111852
path,-10.686930286000111,-7.618276043046048
path,-10.687688426013318,-7.610786047321155
path,-10.68841171728907,-7.603224777071169
path,-10.689508117945767,-7.594901226439435
path,-10.690881766986127,-7.585630556463991
path,-10.692178006605092,-7.575818454147714
path,-10.693387686278966,-7.565835772249017
path,-10.694570540375272,-7.5557867321921846
path,-10.695711585349537,-7.546086788773517
path,-10.696741815880515,-7.5366569713315155
path,-10.697796072862692,-7.527422374789142
path,-10.698877260085066,-7.518343191021168
path,-10.699980619891551,-7.509412442067698
path,-10.700905808123752,-7.500673910302205
path,-10.70173238055458,-7.4921178161225335
path,-10.702556013316068,-7.4837364319291515
path,-10.703420876937667,-7.475475821950924
path,-10.704294862532558,-7.467178985992852
path,-10.70538839357057,-7.458694207022233
path,-10.70671052971096,-7.450033546344756
path,-10.708250911353513,-7.4411653943204845
path,-10.709912081342738,-7.432113298889076
path,-10.711697747469042,-7.422879580505714
path,-10.713531558855045,-7.4135413514726975
path,-10.71532795280504,-7.4041592983733615
path,-10.717077082183902,-7.394736349172544
path,-10.718770425515762,-7.385269745477491
path,-10.720418421252804,-7.375767876368087
path,-10.7220072839082,-7.366444501857933
path,-10.72375075674155,-7.357693196842218
path,-10.72550480428449,-7.349378787381177
path,-10.727260834542728,-7.341673544659172
path,-10.728907564662324,-7.334487978118541
path,-10.73045649160656,-7.327875675802467
path,-10.731832787925613,-7.3217019515723445
path,-10.733023946168,-7.315864250114943
path,-10.73412651063251,-7.3102683000695645
path,-10.735162089737182,-7.3049082575479005
path,-10.736190144961006,-7.299887379014408
path,-10.737167575126923,-7.295106118218925
path,-10.738054331646827,-7.290487532307608
path,-10.738841644356725,-7.28603600648015
path,-10.73954433410306,-7.281748678727492
path,-10.740216429324551,-7.277703298022086
path,-10.740789482754755,-7.273794195207469
path,-10.741321197747506,-7.269977916089418
path,-10.74182689865932,-7.26620169427042
path,-10.74230658042647,-7.26246843730391
path,-10.742766658300269,-7.258592834703563
path,-10.74320364359366,-7.254606531151074
path,-10.743647697062954,-7.250574690207973
path,-10.744101601210453,-7.2465175202049315
path,-10.744550476594668,-7.242445625100048
path,-10.744989334503723,-7.238385405856939
path,-10.745412780994975,-7.234361424537766
path,-10.745815673689757,-7.2303710907984575
path,-10.74620577992261,-7.226405868174784
path,-10.746589161912995,-7.222472139682249
path,-10.74693952730335,-7.218572924479522
path,-10.747258030576658,-7.214666615510063
path,-10.74759358575903,-7.2107573316497815
path,-10.747923955815168,-7.206851073697
path,-10.748248916555259,-7.202945920636158
path,-10.748578811841876,-7.198900935351586
path,-10.748912131487314,-7.194808886787202
path,-10.749237901627692,-7.1907050605947225
path,-10.74955700295824,-7.186596438337759
path,-10.7498698004766,-7.182485305296673
path,-10.750177340763313,-7.178447717277512
path,-10.750457759528034,-7.174476784743541
path,-10.750729359086444,-7.17054699488053
path,-10.750998362453965,-7.166639476935201
path,-10.751263622089427,-7.1627467122239565
path,-10.751520202106947,-7.158926844066956
path,-10.751758776893649,-7.155167580261612
path,-10.75199183425808,-7.151445473704394
path,-10.752222289994586,-7.14774768792678
path,-10.75244911779139,-7.144062560713384
path,-10.752669460177161,-7.140420448468151
path,-10.75287575858386,-7.136835933590108
path,-10.753076566637656,-7.133291892501971
path,-10.753274430921536,-7.1297682190748795
path,-10.753468620431605,-7.126254891750778
path,-10.753650399835085,-7.122177791256266
path,-10.753878481919285,-7.117143147391731
path,-10.75416162418623,-7.1117395373915695
path,-10.754431924090236,-7.106314758892677
path,-10.754690712233614,-7.1008851850977805
path,-10.754965869275988,-7.095652210089515
path,-10.755295581062835,-7.0903941235750985
path,-10.755640500217028,-7.0851061311750865
path,-10.755973067748739,-7.079829515885785
path,-10.75631184447418,-7.074544181443558
path,-10.75666889846084,-7.069573038220817
path,-10.756828842894912,-7.064798509372314
path,-10.75698930380359,-7.060103815012876
path,-10.757167542437458,-7.055490667219251
path,-10.757356317954711,-7.050946834153472
path,-10.757530863495715,-7.046094727501416
path,-10.757716104692976,-7.041123907474499
path,-10.757900277841852,-7.036079458570751
path,-10.758091835442235,-7.03095840691083
path,-10.758289776585313,-7.0257625824394765
path,-10.758455329258325,-7.02068459515542
path,-10.758599004314888,-7.015744667837832
path,-10.758750702407589,-7.010881681402029
path,-10.75890943363723,-7.0060749565551435
path,-10.759071677442616,-7.001306347677611
path,-10.759202821886415,-6.996730248938788
path,-10.759308864062863,-6.992277441543832
path,-10.759424953489152,-6.987898261507144
path,-10.759544413575327,-6.983569978398291
path,-10.759666240361158,-6.979263477457799
path,-10.759750235552366,-6.975093336261701
path,-10.759830217344184,-6.971036003114098
path,-10.759916497455345,-6.967036817431763
path,-10.760013200425444,-6.963063694756885
path,-10.76010833668205,-6.959102211742103
path,-10.760171721383886,-6.954809909961595
path,-10.76025390477375,-6.950382101511044
path,-10.760346819289277,-6.945858227836437
path,-10.760441271734067,-6.941264030722865
path,-10.76053586276264,-6.936639870794922
path,-10.76057747333237,-6.9321610884719025
path,-10.760620482335517,-6.927799449474456
path,-10.760670413150725,-6.923482985457918
path,-10.760726926050731,-6.919196437563512
path,-10.760786743085742,-6.914919438626804
path,-10.760816263670327,-6.910813429795911
path,-10.7608244147149,-6.906818006272097
path,-10.76083734271972,-6.902881143698263
path,-10.760859414964468,-6.898983897482133
path,-10.760892898286695,-6.895099104433735
path,-10.760877399552626,-6.890792409081039
path,-10.760884323062971,-6.88615551851853
path,-10.760897383423574,-6.881413047851869
path,-10.760903502459733,-6.876607064535145
path,-10.760906370766662,-6.871748767141375
path,-10.760838527153776,-6.866975096725496
path,-10.760760234472782,-6.862308463286006
path,-10.760696930220744,-6.857682816737503
path,-10.760651646946641,-6.8530711466618035
path,-10.760628460873667,-6.848469770550837
path,-10.760562720858292,-6.844066734324401
path,-10.760480983061253,-6.839806600346692
path,-10.760397862847075,-6.835631077611609
path,-10.760330056976636,-6.831520799018235
path,-10.76028052336485,-6.827448019670028
path,-10.76013649615116,-6.822898350589683
path,-10.760061331063495,-6.817415203305232
path,-10.76003381245274,-6.8116666894414335
path,-10.760008627653438,-6.805778811524583
path,-10.759977777947686,-6.799798274087976
path,-10.759869617730322,-6.793907089890563
path,-10.759680683783944,-6.788168700855144
path,-10.759504572127058,-6.7825183488706795
path,-10.75932288183782,-6.7769494596588595
path,-10.759150186699749,-6.771456498576981
path,-10.758988387410747,-6.766247083557035
path,-10.758734980421469,-6.761206541396111
path,-10.758469937398422,-6.756263058731001
path,-10.758204454734098,-6.751381225730855
path,-10.757944197493378,-6.746567537853488
path,-10.757860439138149,-6.74221627844177
path,-10.757800327702252,-6.738278517262521
path,-10.75761228915075,-6.734490329395286
path,-10.757405594032322,-6.730784810597399
path,-10.757201907734977,-6.7271474908616335
path,-10.75697911249179,-6.723601597637165
path,-10.756765435339448,-6.720125822793349
path,-10.75657117783791,-6.716708735863739
path,-10.756410489341368,-6.713342834522736
path,-10.756271043106564,-6.710001689816056
path,-10.756112735555977,-6.7067185351719205
path,-10.75596614595683,-6.70349528418469
path,-10.755829622815696,-6.700320190180606
path,-10.755698211608122,-6.6971636171915385
path,-10.755569943273667,-6.694016233316703
path,-10.755421482270801,-6.690908149152551
path,-10.755277946118241,-6.6878524540093585
path,-10.755142175450711,-6.6848267979743
path,-10.755008724532587,-6.681810368810123
path,-10.754872837275508,-6.678797151750296
path,-10.754682102533918,-6.675329890136505
path,-10.754501331410903,-6.671606236792497
path,-10.754322657389908,-6.667755879399258
path,-10.754143124194139,-6.663886994088195
path,-10.7539575515475,-6.660015230334028
path,-10.7537445859995,-6.656188015200106
path,-10.753536880318613,-6.652420938243474
path,-10.753342955933437,-6.648701673358607
path,-10.7531492902158,-6.645019731880554
path,-10.752954859362193,-6.641368391069073
path,-10.752731460839314,-6.637765337275716
path,-10.752521481755819,-6.634222123670824
path,-10.752322101802182,-6.630724134286326
path,-10.75212565279163,-6.62726016768904
path,-10.751928304245125,-6.62382661759448
path,-10.751622110619518,-6.619867424888893
path,-10.751345433005657,-6.615449968287161
path,-10.751068566383566,-6.610870112147987
path,-10.750788038074935,-6.60622650273268
path,-10.75050107559793,-6.601580531705274
path,-10.750176805206777,-6.5969868638825755
path,-10.749862554433491,-6.5924508180449815
path,-10.749566989303451,-6.58796216529856
path,-10.749279476585128,-6.583506745593378
path,-10.74898977621378,-6.579073893989732
path,-10.748673053106522,-6.574826007353684
path,-10.748347880548994,-6.570661097449062
path,-10.748055338632998,-6.5665395103988295
path,-10.747771826024598,-6.562448975823314
path,-10.74749151565105,-6.558381367117406
path,-10.747341877835606,-6.55478234971265
path,-10.747243501746699,-6.55166228058214
path,-10.746932271706743,-6.548835445656905
path,-10.746648500064905,-6.546108105211178
path,-10.746420789983569,-6.5434144920752395
path,-10.746195865502061,-6.540761221264876
path,-10.745987216604993,-6.538141520616236
path,-10.745782796480974,-6.535539065948833
path,-10.74557782444915,-6.532947436337589
path,-10.745371285918527,-6.530364577235702
path,-10.745160868595399,-6.527800430658199
path,-10.744954465983724,-6.52525107535151
path,-10.744748018196324,-6.522708459356043
path,-10.744540297482938,-6.520170222945082
path,-10.744331097121883,-6.517635537311866
path,-10.744087694047275,-6.514844786626718
path,-10.74384712262508,-6.511976275205273
path,-10.743601699967959,-6.509103577861792
path,-10.743355350300432,-6.506230783841691
path,-10.743105572443202,-6.503357010650529
path,-10.742847807194599,-6.500507397708045
path,-10.742601149090886,-6.49767435393478
path,-10.742355718458823,-6.494844691326524
path,-10.742109245858428,-6.492014297151008
path,-10.74186122849395,-6.489181806495695
path,-10.741609310697196,-6.4863695206412855
path,-10.74136498283534,-6.483568139040927
path,-10.741122241864465,-6.480770535985499
path,-10.740877167767763,-6.47797342644856
path,-10.74063183407245,-6.475176878205912
path,-10.740381233169202,-6.472449380255668
path,-10.740135568790258,-6.469730349109693
path,-10.739890967278486,-6.46700740406287
path,-10.739644318291369,-6.464279604705673
path,-10.739397652370583,-6.461552060337755
path,-10.7391475922412,-6.45888767623101
path,-10.738903637127196,-6.456236279430191
path,-10.738658523018248,-6.453585884381054
path,-10.738413295595297,-6.450937280820414
path,-10.738166761537226,-6.448287770808114
path,-10.737916921893552,-6.44571005829372
path,-10.737672889296263,-6.443145387452859
path,-10.737430103888228,-6.440584239450609
path,-10.737186305938287,-6.4380223511340295
path,-10.73694131600154,-6.435460130076209
path,-10.736578210195884,-6.43251192470172
path,-10.736249507708543,-6.4293261148018015
path,-10.7359243556368,-6.426133624019462
path,-10.73559769515941,-6.422927759169282
path,-10.735268938312915,-6.419706854659301
path,-10.734934753242364,-6.416493115664552
path,-10.73460862473868,-6.413281634608817
path,-10.734284293144766,-6.410068872404781
path,-10.733958411554099,-6.406856909639368
path,-10.733630618592008,-6.403645502195055
path,-10.733298441820521,-6.400544203148863
path,-10.732976334485377,-6.39745992294662
path,-10.732655528300326,-6.394378822449571
path,-10.732333271593632,-6.391298859447448
path,-10.732009191978616,-6.388219075389896
path,-10.73168190789139,-6.385261862291665
path,-10.731366582797417,-6.382321444488132
path,-10.731051826787715,-6.379385286576029
path,-10.730735734141565,-6.376450166746719
path,-10.73041802306163,-6.37351556464812
path,-10.730097479891015,-6.370677167120808
path,-10.729786106477572,-6.367845646747423
path,-10.729474792933654,-6.365017471391356
path,-10.729162169847388,-6.362190169887309
path,-10.728848011994538,-6.359363323169851
path,-10.728533867669857,-6.356613678514736
path,-10.728225556959444,-6.353877057667763
path,-10.727916748937833,-6.3511425355895925
path,-10.727607524424238,-6.348408284219371
path,-10.72729611318212,-6.345675139976381
path,-10.726984612803376,-6.343010632638927
path,-10.726678490546126,-6.340357671131994
path,-10.72637267817378,-6.337706126630337
path,-10.726064938360873,-6.335055956246761
path,-10.725755699901812,-6.332405915604652
path,-10.725387253551283,-6.329453983409292
path,-10.725018446845043,-6.326406879221266
path,-10.724645517154883,-6.323325387553416
path,-10.724269887291518,-6.320209246158585
path,-10.723893210265059,-6.317064651652614
path,-10.723514150984913,-6.314005363098426
path,-10.72314346797508,-6.310953745814241
path,-10.722772521084817,-6.307905471963314
path,-10.722400569235763,-6.30485735115854
path,-10.722026119661864,-6.30181036604233
path,-10.721654261989816,-6.298865742354576
path,-10.721290494093722,-6.295938328489145
path,-10.720923259923339,-6.293018516244372
path,-10.720553572672687,-6.2901158493113645
path,-10.720182981302408,-6.287216802321389
path,-10.71981383572489,-6.284414261225212
path,-10.719452958462803,-6.281620438710001
path,-10.719092623012322,-6.278828665903509
path,-10.718730888642682,-6.276037360306665
path,-10.718367718789764,-6.273246482411204
path,-10.71800717131438,-6.270534937214654
path,-10.717652699663427,-6.267836471296032
path,-10.71729761252133,-6.265139703669319
path,-10.716941158979404,-6.262443273759737
path,-10.71658333828279,-6.259747180138884
path,-10.716226554740759,-6.25712081505952
path,-10.715876463097961,-6.254506449758243
path,-10.715525158520517,-6.251892502303542
path,-10.715172603530496,-6.249278935142067
path,-10.714818794111864,-6.2466657411896165
path,-10.714452595545598,-6.243980847310564
path,-10.714079303599545,-6.241274888266286
path,-10.713625382345583,-6.2384315585598555
path,-10.713171947865128,-6.235574237591027
path,-10.712716537377995,-6.232717507439223
path,-10.712268043541043,-6.229942249724481
path,-10.711793771271948,-6.227186316802081
path,-10.71128837867196,-6.224450836138297
path,-10.71075201418611,-6.221735686503356
path,-10.710185001799543,-6.2190406485458105
path,-10.70962709825398,-6.216419398290034
path,-10.709039334017886,-6.213819614578167
path,-10.708420782987192,-6.211240129512049
path,-10.707771368000536,-6.208681008149602
path,-10.707105351189576,-6.206132543024102
path,-10.70645554468392,-6.203636363276789
path,-10.705801172797207,-6.201145301137543
path,-10.705145837304869,-6.198654396566218
path,-10.704489527373562,-6.196163645392762
path,-10.703832233213934,-6.193673043897917
path,-10.703082142059682,-6.190820477101317
path,-10.702250302505353,-6.187804199996256
path,-10.701433920746963,-6.184733206236995
path,-10.70061660606757,-6.181660451702807
path,-10.699797701229066,-6.178587897469887
path,-10.699011667450666,-6.175593082494268
path,-10.698213467131191,-6.172609158957304
path,-10.69741373237708,-6.169625410523064
path,-10.69661246235957,-6.166641837055637
path,-10.695809656292688,-6.163658438573064
path,-10.69504036907379,-6.160755493383137
path,-10.694259028330368,-6.157866290103281
path,-10.693476335142515,-6.154977289201831
path,-10.69269228060247,-6.152088487348784
path,-10.691906856593194,-6.149199881678305
path,-10.691210126284261,-6.14645946582438
path,-10.690488604861637,-6.1437476141681735
path,-10.689750724952807,-6.141046351463228
path,-10.689011599519583,-6.138345332662748
path,-10.688271228175548,-6.135644547989549
path,-10.687553961548103,-6.1330076786561305
path,-10.68683024373601,-6.13037635816332
path,-10.68610532669223,-6.127745237958872
path,-10.685379210425094,-6.125114312891039
path,-10.684651894958312,-6.122483578368259
path,-10.68393944366141,-6.119900231253977
path,-10.683223543215583,-6.117319361241987
path,-10.682506483202125,-6.1147386633251894
path,-10.68178826418724,-6.112158134835863
path,-10.681068886701572,-6.10957777342574
path,-10.680249707093802,-6.106606766941958
path,-10.679331977643013,-6.103443433089421
path,-10.678428786425805,-6.100225079994416
path,-10.677523875468983,-6.097006755670477
path,-10.676617169040743,-6.0937886688595615
path,-10.675751417255592,-6.090662143561254
path,-10.674871018047497,-6.087552673096328
path,-10.673989019905758,-6.084443459954569
path,-10.673105418597686,-6.0813344990189035
path,-10.672220207610945,-6.0782257876772885
path,-10.671393269539035,-6.075225813767508
path,-10.670544124976306,-6.072249932485443
path,-10.669691786219168,-6.069275531274784
path,-10.668838025878568,-6.066301381416962
path,-10.667982833748676,-6.063327479047129
path,-10.667164876952286,-6.060439490225555
path,-10.666335126626148,-6.057563094611138
path,-10.665503986626504,-6.0546869116528805
path,-10.664671453151968,-6.051810940233187
path,-10.663837522787482,-6.048935179441356
path,-10.662945531359432,-6.0459063646869415
path,-10.662052557973965,-6.042838415983457
path,-10.661157981237453,-6.03977070356586
path,-10.660271595788663,-6.036704205728061
path,-10.659521558497227,-6.03366524082051
path,-10.658866912466106,-6.030733269024249
path,-10.658214735697108,-6.027806497690037
path,-10.657561767543694,-6.024880018952986
path,-10.656904814783262,-6.021949931289221
path,-10.656248736483677,-6.019025824965841
path,-10.655622078780441,-6.016202357678891
path,-10.655000649390134,-6.013390698039519
path,-10.654384571139058,-6.01058537365112
path,-10.653773828253463,-6.007786304853555
path,-10.653168369332795,-6.0049934352233345
path,-10.652505085118417,-6.00205248023881
path,-10.65184591702472,-5.999020292928185
path,-10.651197035386764,-5.99596711978714
path,-10.650548846886595,-5.992915778982791
path,-10.649899855597782,-5.989864656793126
path,-10.649265293580951,-5.986950769465345
path,-10.648637304921095,-5.9840267376986125
path,-10.648005353331715,-5.981105170276799
path,-10.647369422902235,-5.9781860775348825
path,-10.646729495623806,-5.975269471524886
path,-10.646104078657523,-5.972445194929068
path,-10.645477576634793,-5.969627237059684
path,-10.644850183708694,-5.966809682445338
path,-10.6442220563547,-5.963992415432152
path,-10.643593194448815,-5.961175430022372
path,-10.642978273150627,-5.958757131470298
path,-10.6424545045577,-5.956522902447927
path,-10.641955062955967,-5.954294875157293
path,-10.641455195056205,-5.952067061032511
path,-10.640954897591255,-5.949839453211586
path,-10.640464570838605,-5.94766045838129
path,-10.639974482582403,-5.94548221721134
path,-10.639483971238931,-5.943304154975913
path,-10.638993035137423,-5.941126267561765
path,-10.638501672764182,-5.938948551266407
path,-10.638018408814577,-5.9368101179135495
path,-10.637535152249935,-5.9346722059564625
path,-10.637051478007656,-5.932534448399704
path,-10.636567385400092,-5.93039684308954
path,-10.636082873802849,-5.9282593880952215
path,-10.635605941175536,-5.926158445621599
path,-10.63512894938339,-5.924057946352078
path,-10.634651548618365,-5.921957585929491
path,-10.634173738730064,-5.919857363337179
path,-10.633695519580126,-5.9177572776722185
path,-10.633137703639,-5.9154015594089495
path,-10.632555216702949,-5.912922037581929
path,-10.631978785754347,-5.910399282099017
path,-10.631401757473803,-5.907876721599555
path,-10.630824132647472,-5.905354355096845
path,-10.630256544056003,-5.90289378638531
path,-10.629691421841088,-5.900433796235617
path,-10.629125797366788,-5.897974040995248
path,-10.628559664949053,-5.895514515203584
path,-10.62799301940084,-5.893055213978229
path,-10.627440367570214,-5.890660779523239
path,-10.626890053373995,-5.888268457307969
path,-10.62636209606009,-5.885879308302473
path,-10.625833476810321,-5.883491729358822
path,-10.625304113894067,-5.881105535267018
path,-10.62477963914007,-5.878768413755456
path,-10.624263516179756,-5.87645122311783
path,-10.623746847639428,-5.874135770196322
path,-10.623229471623432,-5.871821615261632
path,-10.62271138840959,-5.8695087608334
path,-10.622195776436417,-5.867233293430159
path,-10.621688266470548,-5.86497660804572
path,-10.62118020138442,-5.862721486815485
path,-10.620671467655072,-5.860467627991987
path,-10.620162064299148,-5.858215030768344
path,-10.619654267109468,-5.855995438385148
path,-10.619154474538565,-5.853793860980466
path,-10.618654119034192,-5.85159370698286
path,-10.618153129395264,-5.8493947862706115
path,-10.617651503875768,-5.8471970964638205
path,-10.617151098540162,-5.845033156523966
path,-10.616660192974413,-5.842890551981927
path,-10.61616886169628,-5.8407495958175355
path,-10.615676921429241,-5.838609811636912
path,-10.615184370764286,-5.83647119814861
path,-10.614693121354817,-5.834360398059839
path,-10.614208200363278,-5.8322628434074755
path,-10.613722713652136,-5.830166483350314
path,-10.613236657250825,-5.828071308650117
path,-10.612750027954807,-5.825977313374951
path,-10.612264948654097,-5.8239100573842215
path,-10.611785177474168,-5.821853325377784
path,-10.611304878521256,-5.81979780619838
path,-10.610824046375237,-5.817743488098548
path,-10.610342676095813,-5.815690360648017
path,-10.609865007268976,-5.813662727712786
path,-10.609390695820913,-5.811645955050074
path,-10.608915821202615,-5.809630232979474
path,-10.608440382881044,-5.807615562308264
path,-10.607964380401633,-5.805601944272245
path,-10.607402400326931,-5.803285121246118
path,-10.606817724896072,-5.800823816422033
path,-10.606232337270818,-5.798362984842001
path,-10.605646093496176,-5.795903739676694
path,-10.605058993425127,-5.793446083543683
path,-10.604470955748887,-5.791026028956497
path,-10.603896368064715,-5.788631867053957
path,-10.603321052170218,-5.786239476194747
path,-10.602744979372748,-5.7838487520312345
path,-10.602168143849134,-5.7814596827614
path,-10.601593093233287,-5.779109260927945
path,-10.601029629136463,-5.7767851078489185
path,-10.600465597244797,-5.774462925334791
path,-10.599901070919984,-5.772142342945514
path,-10.599329930560456,-5.769817841282047
path,-10.598760399806089,-5.767566623389792
path,-10.598211920814828,-5.765365164838513
path,-10.597663302090192,-5.7631649500600854
path,-10.597113206846466,-5.7609597609705645
path,-10.596559813161027,-5.758754201926874
path,-10.596007032909554,-5.7565813659789065
path,-10.5954645089663,-5.7544205313943895
path,-10.594920113166447,-5.752261623384617
path,-10.59437675331839,-5.750102257472446
path,-10.593830820740921,-5.747943701254637
path,-10.593284676782952,-5.7458145319391445
path,-10.59274662798029,-5.743696661673402
path,-10.592210902626066,-5.741580302196033
path,-10.591671939130123,-5.7394636606923015
path,-10.591134898219048,-5.737347898875762
path,-10.590596233416518,-5.735258817345802
path,-10.590066537041453,-5.733180968854951
path,-10.589534899791069,-5.731104778375015
path,-10.589004251405836,-5.729027920508694
path,-10.588471139072006,-5.726951913630602
path,-10.587839024629508,-5.724497561120256
path,-10.587126372433028,-5.721757419383136
path,-10.58639867322371,-5.71890715161514
path,-10.585661548452778,-5.716032287095868
path,-10.584922265451004,-5.713156569210498
path,-10.584182887397214,-5.710355182009088
path,-10.583459678004987,-5.70756832307833
path,-10.582740585053871,-5.704788174493274
path,-10.582022001183374,-5.702008087765893
path,-10.581300997998559,-5.699229910084592
path,-10.580582241592703,-5.696530484880024
path,-10.579878868031942,-5.693847172539673
path,-10.579180055479734,-5.6911708841814805
path,-10.578479883006558,-5.688494712844547
path,-10.577780723095985,-5.685819361186584
path,-10.57708270513703,-5.6832134082997845
path,-10.576398916497523,-5.6806233284649785
path,-10.575717856120324,-5.678038544238533
path,-10.575035348300183,-5.675453604851891
path,-10.57435393501924,-5.672869445437457
path,-10.573675061742518,-5.67033654201991
path,-10.57300577743473,-5.667816047241827
path,-10.572337411926515,-5.66529589241615
path,-10.571667122852332,-5.662777951076726
path,-10.570996759097694,-5.660258774627749
path,-10.570328784085437,-5.657797295683338
path,-10.569674402018585,-5.655349157215836
path,-10.569019220436953,-5.652904867749575
path,-10.568364091133363,-5.650459441226441
path,-10.567707079341137,-5.648016164441154
path,-10.567055898073422,-5.64562511012775
path,-10.566414647190836,-5.64324470907842
path,-10.56577296995151,-5.640868616353175
path,-10.565132193177485,-5.638492604384133
path,-10.564490529586283,-5.636117035339002
path,-10.563857010113217,-5.633793094437393
path,-10.563229193590166,-5.631476559577853
path,-10.562600943778943,-5.629161085394852
path,-10.561970479335853,-5.626846827650107
path,-10.561340215342609,-5.624531676671862
path,-10.560718163266005,-5.622264753587821
path,-10.56010080511496,-5.620003773173793
path,-10.559482644521795,-5.6177432028428
path,-10.558863765598899,-5.615483172758308
path,-10.55824416281197,-5.613223673626187
path,-10.55763196853608,-5.611008203796965
path,-10.557023896781013,-5.6087978027264915
path,-10.55641530257062,-5.606588175505914
path,-10.555806009247439,-5.604379047288366
path,-10.555195995723734,-5.602170385036541
path,-10.554507396190578,-5.5996682976891705
path,-10.55377150669924,-5.597018101753158
path,-10.553017082706697,-5.594301773974985
path,-10.55226122452814,-5.5915851050084155
path,-10.551504174029175,-5.588868993196487
path,-10.550759106532855,-5.586221451589496
path,-10.550020781067877,-5.583589031729884
path,-10.54928289513432,-5.5809566430436135
path,-10.548543902582301,-5.578324807385724
path,-10.547803799022011,-5.575693518169163
path,-10.547074384314147,-5.573120658671541
path,-10.546352204388182,-5.570549059683268
path,-10.545627186857029,-5.567971601487048
path,-10.544901705523799,-5.565393235060058
path,-10.544174834458744,-5.5628149516450955
path,-10.543476012719522,-5.5605942891407985
path,-10.542849709047402,-5.558472092072837
path,-10.542252833475578,-5.556371177414144
path,-10.541657574191323,-5.554271880664575
path,-10.541061695587443,-5.552173209809679
path,-10.540476506288536,-5.550115776770762
path,-10.539890562271468,-5.548060630081435
path,-10.539301235929951,-5.546002307179799
path,-10.538709549518545,-5.5439372822190975
path,-10.538115275118727,-5.541871352647944
path,-10.537526805124383,-5.5398343770413945
path,-10.536941759552366,-5.5378018025105495
path,-10.536354187900702,-5.535769099738066
path,-10.535767892441896,-5.533737444546033
path,-10.535180052617443,-5.531704684922733
path,-10.534460300012098,-5.52943253385684
path,-10.53374036602875,-5.527004421754988
path,-10.53302991545642,-5.524563926551352
path,-10.53231848959603,-5.522126243921318
path,-10.531606420060461,-5.51968669939387
path,-10.530893905741559,-5.517274933725706
path,-10.530178148296264,-5.514862281398341
path,-10.529461577520271,-5.512447719794677
path,-10.528743638203585,-5.510035544634731
path,-10.528025048888843,-5.5076217523116355
path,-10.527317329138397,-5.505262500251449
path,-10.526615146792976,-5.502911099244505
path,-10.525910681057487,-5.50056057406085
path,-10.525207197805031,-5.49821102605085
path,-10.524501915216813,-5.495860565990655
path,-10.523806460800875,-5.493560612025041
path,-10.52311608345921,-5.491267005848554
path,-10.522423594017907,-5.488974489683431
path,-10.52173205484748,-5.486682838365142
path,-10.52103881237682,-5.484390383634851
path,-10.520353875376486,-5.482143848870134
path,-10.519674738609607,-5.479904059839908
path,-10.51899414489871,-5.477663799901033
path,-10.518312187054669,-5.475425759214588
path,-10.517629854037855,-5.473186410364344
path,-10.516955932468083,-5.470989010702333
path,-10.516284909844686,-5.468797907410361
path,-10.515614487062965,-5.466606866728962
path,-10.514942778818103,-5.464415623666242
path,-10.514269645712554,-5.4622264433856325
path,-10.513604939670381,-5.460074811577663
path,-10.512944136187759,-5.457928067653584
path,-10.51228216408241,-5.455781237436172
path,-10.511618750778633,-5.453636379179922
path,-10.510955173910661,-5.451490435879579
path,-10.510298701764356,-5.4493802458700875
path,-10.509645384972725,-5.447273806609564
path,-10.508990445925258,-5.445169017065571
path,-10.508335917624136,-5.443063931834676
path,-10.507680238970988,-5.4409587406843745
path,-10.50703121882739,-5.438887246341511
path,-10.506385337710409,-5.436819419476788
path,-10.505738057115869,-5.434753499632071
path,-10.505090630390278,-5.432686443687424
path,-10.504442517941492,-5.430619907229534
path,-10.503801775096058,-5.428590070797814
path,-10.503163722233696,-5.4265656125416095
path,-10.502526243247097,-5.424541010008801
path,-10.501887731764963,-5.422516369478802
path,-10.501248649057207,-5.420492357386149
path,-10.500556698466976,-5.418292452593516
path,-10.499829203020218,-5.415997320856075
path,-10.499079545872917,-5.413637323244606
path,-10.498328156608709,-5.411272979940101
path,-10.497575604235594,-5.408908946958892
path,-10.496834038582668,-5.406593964236859
path,-10.496096862482185,-5.4042855824105756
path,-10.495357971357693,-5.401979012376583
path,-10.494618857409126,-5.399671618373997
path,-10.493878849615049,-5.397364833984107
path,-10.493150069781345,-5.39510737728332
path,-10.492425763072996,-5.392856539573331
path,-10.491699677274706,-5.390607334599939
path,-10.49097346830296,-5.388357363889932
path,-10.490246440093868,-5.386108022433735
path,-10.489529511570794,-5.383903833488163
path,-10.488816767820797,-5.381705410671764
path,-10.488103457441456,-5.3795078980546025
path,-10.487388055649916,-5.377311494924312
path,-10.486672646326909,-5.375114415879369
path,-10.485922248082476,-5.3728137634697815
path,-10.485158770166903,-5.370475540470692
path,-10.48439415578126,-5.368137646679921
path,-10.483628630488392,-5.365800402975351
path,-10.482860919507534,-5.363464368156344
path,-10.482103366167015,-5.361165020960664
path,-10.481347429790237,-5.358872234137933
path,-10.480591602999638,-5.356579095110557
path,-10.47983476563896,-5.354286399772562
path,-10.47907706383737,-5.351994354822043
path,-10.478330280428425,-5.349748946748287
path,-10.477587593135741,-5.347509251153584
path,-10.4768442131737,-5.345270365876195
path,-10.476099999671563,-5.343032090831979
path,-10.475354933687226,-5.340794398801747
path,-10.474511441026861,-5.338222850751748
path,-10.473599094162758,-5.335500389793179
path,-10.47265320974147,-5.332677757664465
path,-10.47169566299109,-5.329824321034599
path,-10.470735091887741,-5.3269718897739775
path,-10.469797654531046,-5.324199482445457
path,-10.468865957481375,-5.32143952229965
path,-10.467933233284214,-5.31868084863942
path,-10.466999149274383,-5.31592299333361
path,-10.466063677562797,-5.313165917040422
path,-10.46515166919245,-5.310494746665264
path,-10.46424703343307,-5.307838827752971
path,-10.463341473212608,-5.305184144437445
path,-10.462434607186458,-5.302530162988624
path,-10.461526410635692,-5.299876849364554
path,-10.460639976963867,-5.297301388299037
path,-10.459758194131853,-5.294738980046491
path,-10.458876529040856,-5.292176748080045
path,-10.457993648727138,-5.289615183088683
path,-10.45710954821344,-5.287054278396115
path,-10.456244285349502,-5.2845631181805635
path,-10.455345634966465,-5.282069344032457
path,-10.45447346862013,-5.279578501835891
path,-10.453611029348338,-5.277096994735643
path,-10.45274746301695,-5.274616016206298
path,-10.451904740972557,-5.272208562776341
path,-10.451068039920079,-5.26981216387878
path,-10.450230872374243,-5.267416007224547
path,-10.449393741865016,-5.265019327084636
path,-10.448555539696384,-5.2626231317265635
path,-10.447701121268508,-5.2602394033215205
path,-10.446838933081573,-5.2578471930453174
path,-10.445975605779974,-5.2554557077465045
path,-10.445109118984318,-5.25306490509043
path,-10.444242780902695,-5.250673922622994
path,-10.44340201462962,-5.248631109930952
path,-10.4426736129356,-5.246680558673113
path,-10.441972989174479,-5.244756855884324
path,-10.441272091740172,-5.242834199040813
path,-10.440570444959613,-5.240912010185268
path,-10.439876421151792,-5.239014989556737
path,-10.43918305011012,-5.237120290417698
path,-10.43848535192782,-5.235227937314511
path,-10.437789560019118,-5.233333167815777
path,-10.43709324741665,-5.231438862754738
path,-10.436403261547259,-5.229565937228576
path,-10.435764106547516,-5.227810652018849
path,-10.435225396720579,-5.22604345056009
path,-10.434713617142753,-5.224271192057017
path,-10.434205312896749,-5.222505271879134
path,-10.433667552630958,-5.220665039719528
path,-10.43314441499258,-5.218781489548696
path,-10.432614674022949,-5.216871039986868
path,-10.432077842965716,-5.214938978049523
path,-10.431453920451364,-5.213010598891591
path,-10.430800001485485,-5.21120246014519
path,-10.430108494586289,-5.209492646852238
path,-10.429372905579177,-5.207894733221786
path,-10.428604390798125,-5.206389479133139
path,-10.427905950796177,-5.204827837792781
path,-10.427208157675745,-5.203210593948152
path,-10.426522318276552,-5.20156691370796
path,-10.425843743171688,-5.199910320127279
path,-10.425162186830603,-5.198255056784032
path,-10.424479513329887,-5.196611235958793
path,-10.423809815771115,-5.194952473179039
path,-10.42314458052405,-5.193289180470628
path,-10.422470092902266,-5.191645851036571
path,-10.42180264123303,-5.189998860072725
path,-10.421135360763225,-5.1883385562736475
path,-10.420472842234025,-5.186705683871312
path,-10.419817797342766,-5.1850684004134635
path,-10.41915697793499,-5.183440606581879
path,-10.418491493374434,-5.181815290375243
path,-10.417831588984605,-5.180181153828224
path,-10.41719294676786,-5.178764487687645
path,-10.416578653757117,-5.177619205048428
path,-10.416123668219216,-5.176455620232338
path,-10.41579618534158,-5.1753158643110755
path,-10.415524617800557,-5.174195116206085
path,-10.415006450133898,-5.173063236204169
path,-10.414493169882077,-5.171970100508828
path,-10.414047637229283,-5.170891097419258
path,-10.413562664704976,-5.169818838619604
path,-10.41306136748455,-5.168746123924753
path,-10.412583646631575,-5.167682023375327
path,-10.412111313805742,-5.166620847122038
path,-10.411614684623256,-5.165555839344223
path,-10.41112611668411,-5.164494779354602
path,-10.410645336037271,-5.163434530415899
path,-10.410162485058565,-5.16237897149133
path,-10.409685266164807,-5.161328374987515
path,-10.409198133721931,-5.160278495491479
path,-10.408719893478585,-5.159233890056807
path,-10.408234197925639,-5.158189452241913
path,-10.407754024084442,-5.157151424121286
path,-10.407266068857348,-5.156114445801444
path,-10.406788558609007,-5.155082854552286
path,-10.406303791368197,-5.154051047424109
path,-10.405821759718707,-5.153022138456804
path,-10.405333880894014,-5.151996387276168
path,-10.40485522778982,-5.150975751539889
path,-10.404385896673265,-5.149955392769236
path,-10.40389920696289,-5.148932523986523
path,-10.403416383702814,-5.147912734344408
path,-10.402951123027266,-5.146912333230035
path,-10.402435798554944,-5.145929445676148
path,-10.401938483034066,-5.144948161852316
path,-10.401441265327525,-5.1439654042773695
path,-10.400936422410956,-5.142977521701548
path,-10.400441938546614,-5.1419889874098175
path,-10.39997310215567,-5.141005539847517
path,-10.399453518109963,-5.140019516436549
path,-10.39896159616186,-5.139036185738313
path,-10.398476142162162,-5.138053661829405
path,-10.397990347409245,-5.137068923368645
path,-10.397500106625415,-5.136080583653377
path,-10.397020974507639,-5.13509041854648
path,-10.396533029584006,-5.134092494944664
path,-10.396057160767773,-5.133093435805617
path,-10.395419867777207,-5.1319818577688245
path,-10.394795901691484,-5.130857119191557
path,-10.394173108868616,-5.129728859977755
path,-10.39354573642139,-5.128593971779213
path,-10.392889862401692,-5.127452948197098
path,-10.392298987256025,-5.126324069526636
path,-10.391680344456045,-5.12518411972678
path,-10.391042749874249,-5.124036710537995
path,-10.390443436080886,-5.122895369372428
path,-10.389830010322894,-5.121757590682013
path,-10.38921883891961,-5.120619099910587
path,-10.388612980483863,-5.119481061390107
path,-10.38799276698715,-5.118342245207014
path,-10.387406115967872,-5.117204510243191
path,-10.38678841627842,-5.116068749764597
path,-10.386185505969062,-5.1149346465675345
path,-10.385588412077007,-5.113797351756207
path,-10.384996249932941,-5.112655872726669
path,-10.384404230884687,-5.111510383665202
path,-10.383800162672713,-5.110359117852019
path,-10.383234971020403,-5.109215639679897
path,-10.382648762630158,-5.108064600623881
path,-10.382073177076434,-5.10691112035631
path,-10.38151048430046,-5.105754947226105
path,-10.380923908875221,-5.104588500898803
path,-10.380364846243701,-5.103425424458117
path,-10.37979841700833,-5.102255075180729
path,-10.379253070497132,-5.101085314263119
path,-10.378696036466195,-5.0999045307877084
path,-10.378127876411654,-5.098714533495099
path,-10.3775805780291,-5.09752862589675
path,-10.377038263726195,-5.096338067414021
path,-10.376512240005892,-5.095145446992479
path,-10.37595987529114,-5.093940223608784
path,-10.37544465862873,-5.092736147769809
path,-10.374905411203523,-5.091526513730056
path,-10.37437965501253,-5.090319759311735
path,-10.373875233574678,-5.089119143052063
path,-10.373359309316974,-5.087910234145497
path,-10.372832832946756,-5.0866930532609285
path,-10.372300771770723,-5.0854766817265205
path,-10.371803431205967,-5.084260392798629
path,-10.371279506501967,-5.083033534378297
path,-10.370807516358587,-5.081810560193405
path,-10.370275576532046,-5.080567939450232
path,-10.369784568308143,-5.079325946418091
path,-10.369309840289155,-5.078079502179325
path,-10.368821207043236,-5.076819843226146
path,-10.368328226232165,-5.075553641554044
path,-10.367868218907484,-5.074289895432829
path,-10.367406308259584,-5.073021762186538
path,-10.366935540414987,-5.0717447915779
path,-10.366480581127327,-5.07046423913097
path,-10.366015103027522,-5.069177468175682
path,-10.365577541809001,-5.067891803974713
path,-10.365115124746287,-5.0666013841626345
path,-10.36467005642838,-5.06530736537345
path,-10.364240867700193,-5.064011155308854
path,-10.363807047546631,-5.062704027298915
path,-10.363361897261655,-5.0613908521785795
path,-10.362934703335462,-5.060081182130027
path,-10.362531244040161,-5.058782272037633
path,-10.3621109500797,-5.057471260861712
path,-10.361682302635458,-5.0561538810916655
path,-10.361260621912885,-5.054839809549165
path,-10.36082784754552,-5.053521528947298
path,-10.360284308723319,-5.0522567220397825
path,-10.359874288733552,-5.051018338982875
path,-10.35943482070303,-5.049765983730168
path,-10.359010729104178,-5.048504785693247
path,-10.358594167070635,-5.047240193728427
path,-10.358147175525618,-5.045960776205178
path,-10.357740351734279,-5.044678095528181
path,-10.357342989592757,-5.0433845307979
path,-10.35692623257662,-5.042083404881313
path,-10.35653179926828,-5.040791824392255
path,-10.35612653673069,-5.039492840789725
path,-10.355733127939411,-5.038188532364358
path,-10.355343307761345,-5.036874178285431
path,-10.354951063618334,-5.035553108375212
path,-10.354580979989132,-5.034235759201444
path,-10.354209547825862,-5.032906632503311
path,-10.353839379160988,-5.031564967879848
path,-10.353475528567765,-5.030215547787046
path,-10.353108444200664,-5.028858739685496
path,-10.352759458182366,-5.027501330671443
path,-10.352421305187923,-5.026143636189126
path,-10.35207097391569,-5.024780487472414
path,-10.351736004288117,-5.023409181866214
path,-10.35139468277155,-5.022023137062549
path,-10.350839560616109,-5.0204739937088805
path,-10.350160321764383,-5.018877709802355
path,-10.34960558901936,-5.017290917865563
path,-10.348973201064817,-5.015684564318092
path,-10.348374812084998,-5.014072024940721
path,-10.347814892324372,-5.01246500943285
path,-10.347237465938601,-5.010839342300143
path,-10.346711644874878,-5.009217987461318
path,-10.346112638837509,-5.0075634554164825
path,-10.345572886406798,-5.005910397810079
path,-10.345036012332713,-5.004254163752237
path,-10.344537464088724,-5.002591131697943
path,-10.344011200698235,-5.000904864173633
path,-10.34352520764591,-4.999209589963813
path,-10.343004898543215,-4.997499648928969
path,-10.342520522559921,-4.995794931524076
path,-10.342039494094,-4.994080507249083
path,-10.341589234496064,-4.992361171688249
path,-10.341119106400308,-4.990626427955496
path,-10.340662122580808,-4.9888830896291045
path,-10.340320874074077,-4.9872341812756265
path,-10.340020811731307,-4.985648540148325
path,-10.339681253659561,-4.984072363081893
path,-10.339358478125659,-4.982504791825443
path,-10.339016010048205,-4.980940254158442
path,-10.338685090102343,-4.979393173116144
path,-10.338345828780259,-4.977859969254078
path,-10.338010453333226,-4.97632869504856
path,-10.33766968474985,-4.974804583822097
path,-10.337326146332964,-4.973284999926143
path,-10.33700166054279,-4.971777647215468
path,-10.336661406056646,-4.970275430681929
path,-10.336333466976084,-4.96876958580239
path,-10.336003011035833,-4.967258016060722
path,-10.335668139827117,-4.965751529015901
path,-10.335343393641764,-4.964264317826598
path,-10.33501570531911,-4.962776606977297
path,-10.334683753897714,-4.961291860490204
path,-10.334364550299306,-4.959814369006878
path,-10.334029406933238,-4.958338387656637
path,-10.333712890325653,-4.956868525495594
path,-10.333384750328104,-4.955407765955199
path,-10.333067655875436,-4.953950700288752
path,-10.332742670449973,-4.9524976079432586
path,-10.33241778895321,-4.951044988686748
path,-10.33210011693314,-4.949611001443223
path,-10.331765890851202,-4.948182564466536
path,-10.331452216451604,-4.9467521701057615
path,-10.331122138000731,-4.9453178495154875
path,-10.330798379062712,-4.943890556167589
path,-10.330490473978463,-4.942468333322543
path,-10.330164771565075,-4.941051028819673
path,-10.329835397945095,-4.939626812237383
path,-10.329532676173416,-4.938205162439868
path,-10.32920680762054,-4.936798613463848
path,-10.328701080929108,-4.935269678559794
path,-10.328228997392568,-4.9337265227517575
path,-10.327744398085192,-4.93216305412881
path,-10.327264828220551,-4.930579977364485
path,-10.32680281403409,-4.928979568739613
path,-10.326350214263385,-4.927367238921402
path,-10.325920990662008,-4.925743855008363
path,-10.325502618318758,-4.924105844005972
path,-10.325077765274004,-4.922451117902645
path,-10.32462270022558,-4.920775428158819
path,-10.324271325402213,-4.919121535607876
path,-10.323873867572436,-4.917469711805929
path,-10.323545982276439,-4.915842429793648
path,-10.323221574483927,-4.91424705254687
path,-10.322889587455224,-4.91266598520557
path,-10.322562163972163,-4.911108763316621
path,-10.322224739768952,-4.909565816857793
path,-10.321895132693315,-4.908043558493266
path,-10.321567451535383,-4.9065251474839275
path,-10.321199795965514,-4.904983116579701
path,-10.320861908568414,-4.903428894056418
path,-10.32049519632128,-4.901872140998485
path,-10.320144979142896,-4.900311712282312
path,-10.31976410789925,-4.898733265988926
path,-10.319422970061721,-4.897177328008634
path,-10.319060859289282,-4.895616420775091
path,-10.318706964590625,-4.894076653566704
path,-10.318359269037902,-4.892532963897366
path,-10.318007343033372,-4.891003961634973
path,-10.317626876959084,-4.88945911914501
path,-10.317298708578784,-4.887953415679481
path,-10.31691337173191,-4.886463230972393
path,-10.316575608416551,-4.884978919043083
path,-10.316208515183343,-4.883498055898093
path,-10.315859791038744,-4.88200701623232
path,-10.315489905267846,-4.880511814890896
path,-10.315167432372473,-4.879044250418033
path,-10.314824639344074,-4.877584178305343
path,-10.314451076404056,-4.876105740306405
path,-10.31411097578582,-4.874647148761194
path,-10.313767402258414,-4.87319500938913
path,-10.313410142930351,-4.8717302015378605
path,-10.313089711496605,-4.870300145140668
path,-10.312720628121358,-4.868864407753731
path,-10.312369228048043,-4.867410764893622
path,-10.312033305714662,-4.865995465180421
path,-10.311696691389509,-4.86458613882695
path,-10.31135919822073,-4.863178018159207
path,-10.310991414884116,-4.861748034110516
path,-10.31065831914798,-4.860346701315291
path,-10.310318192377832,-4.858957967459418
path,-10.30997102086796,-4.857567431472767
path,-10.309628980398127,-4.856164109891588
path,-10.309294033702566,-4.854791565214896
path,-10.30894961812939,-4.85340657692462
path,-10.308615535160554,-4.852055776115533
path,-10.308261539279037,-4.850695083961934
path,-10.307936576095601,-4.849329072810432
path,-10.307593541184318,-4.84797506463165
path,-10.307229664991981,-4.846610035261546
path,-10.306919135010391,-4.845256615345959
path,-10.306601591514156,-4.843935618672312
path,-10.306248625834202,-4.842596449052182
path,-10.30591724364,-4.8412441114684555
path,-10.305571071618754,-4.839886114405375
path,-10.3052581292563,-4.838532310895778
path,-10.304921108374648,-4.8372038286263415
path,-10.304597005879721,-4.835883655547511
path,-10.304237775672844,-4.83454978364802
path,-10.303919346697386,-4.8332179298941975
path,-10.303586859797157,-4.831925064888837
path,-10.303251406780115,-4.830635941413067
path,-10.30291461022122,-4.829332382009459
path,-10.302583941570598,-4.828054820482311
path,-10.302227964748555,-4.826762302323484
path,-10.301773203036221,-4.8253575298493
path,-10.301277566561994,-4.823913810655644
path,-10.300840241946505,-4.822459415327397
path,-10.300382126222686,-4.820970536321385
path,-10.299958769980533,-4.819462066043498
path,-10.299552492095197,-4.8179437798082185
path,-10.299142462344886,-4.816402063789995
path,-10.298751732352587,-4.814884879469258
path,-10.298344736780257,-4.813362701805381
path,-10.29794099444995,-4.811832758881492
path,-10.297558591071269,-4.810315832096127
path,-10.297155990383647,-4.808811001628817
path,-10.296766023774422,-4.807322468505176
path,-10.2963804020721,-4.805835642776008
path,-10.295952734771754,-4.804322844280785
path,-10.295587887373289,-4.802827959457603
path,-10.29520348788501,-4.801372265304904
path,-10.294800802632238,-4.799914570300112
path,-10.294413755761845,-4.798455430620197
path,-10.293973521983643,-4.79692520622994
path,-10.293509483157209,-4.795335990992418
path,-10.292953767890591,-4.793650344908179
path,-10.29229846456262,-4.791898389195384
path,-10.291582188083966,-4.7900930838096665
path,-10.290839446414271,-4.788249053157983
path,-10.2900709451601,-4.786379452538619
path,-10.289283940735642,-4.784480463134726
path,-10.288481795623882,-4.782559415481431
path,-10.287639607993643,-4.7806187674069465
path,-10.286789357781009,-4.77863045535862
path,-10.285919489299815,-4.776633413673293
path,-10.285042082512295,-4.774638579117102
path,-10.284165530741216,-4.7726525182237385
path,-10.28329233845059,-4.770671883135937
path,-10.282418826908556,-4.768695278116993
path,-10.28155662987743,-4.766750643407435
path,-10.280701679222016,-4.764817174496602
path,-10.279849014376657,-4.762885010840793
path,-10.278996094127535,-4.760954815574918
path,-10.278143421347114,-4.759024298303434
path,-10.277297475038738,-4.7571222652920735
path,-10.276457859701493,-4.755227617710761
path,-10.275619423994188,-4.753333329438176
path,-10.274780412177737,-4.751440679574303
path,-10.273941543250125,-4.749547561242468
path,-10.273108099828903,-4.747676457354991
path,-10.272278691559563,-4.74581058900938
path,-10.271450209891762,-4.743944817280394
path,-10.270621115778042,-4.742080620367968
path,-10.269792094005828,-4.740215841166145
path,-10.268969843314608,-4.7383761733341325
path,-10.268153112469093,-4.736542395988871
path,-10.267336233850909,-4.734710501631256
path,-10.266519552182883,-4.732878108406797
path,-10.265702052828482,-4.73104707326912
path,-10.264891313009734,-4.72924265851914
path,-10.264088632778723,-4.7274454684014335
path,-10.26328563166251,-4.725650001214274
path,-10.262482735837228,-4.723853917126334
path,-10.26167910666921,-4.722059228525997
path,-10.260831065938742,-4.72009657511488
path,-10.259968564991398,-4.717987476313979
path,-10.259058738340253,-4.715813113431262
path,-10.258115684223188,-4.713579377268095
path,-10.257136865338357,-4.7112918601010145
path,-10.256125367467137,-4.70898084884293
path,-10.255079555587834,-4.706641107950282
path,-10.254012417918132,-4.704283768309487
path,-10.252935028270736,-4.701918458627916
path,-10.251853618172007,-4.699551000740079
path,-10.250796323797584,-4.697250778280907
path,-10.24974783055038,-4.694964234123618
path,-10.248701077151487,-4.692679003689262
path,-10.247654197878166,-4.690395540476705
path,-10.246606864970659,-4.688112638975568
path,-10.245567769208558,-4.685860200665878
path,-10.244535616395646,-4.683616224481973
path,-10.243504306229198,-4.681373786218349
path,-10.242473053954415,-4.679131349943908
path,-10.241441173145091,-4.676890268011033
path,-10.240586902525878,-4.674944652943657
path,-10.239751048225573,-4.6731246931701556
path,-10.238916150045815,-4.671307754634873
path,-10.23808100255169,-4.669491238351048
path,-10.23724549744548,-4.667675059655472
path,-10.236417225288513,-4.665884686192448
path,-10.235596676428978,-4.664102781342183
path,-10.234776428276122,-4.66232169834138
path,-10.23395579980121,-4.660540912060032
path,-10.233134975978288,-4.658760566126153
path,-10.23231905658607,-4.6569982990218195
path,-10.231508088459753,-4.655240786838321
path,-10.230696986059755,-4.653483747269664
path,-10.229885622500783,-4.65172708222383
path,-10.22907399331622,-4.649970787999923
path,-10.228267354512726,-4.648234488946022
path,-10.22746694690031,-4.64650448424845
path,-10.226666853956873,-4.644775278772879
path,-10.225866590603212,-4.643046500788037
path,-10.225065870798064,-4.641316451626393
path,-10.224265259093006,-4.639613614172645
path,-10.223454415410592,-4.637913206021368
path,-10.222629025858431,-4.636213548633728
path,-10.221788299102199,-4.634512596937795
path,-10.220930161108724,-4.632810746379171
path,-10.220057231394414,-4.631124628763366
path,-10.219170812881266,-4.629440327129943
path,-10.218272445522828,-4.627758886684817
path,-10.217382759305744,-4.6260883962957635
path,-10.21649279547571,-4.6244194444335065
path,-10.215609074574674,-4.622766064512027
path,-10.21472814134589,-4.621115720449177
path,-10.213846274381423,-4.6194663298314635
path,-10.212963016207233,-4.61781550382113
path,-10.212078508783243,-4.616164362551757
path,-10.211166075744824,-4.6143823966014565
path,-10.210213288198728,-4.612512954437364
path,-10.209216205592885,-4.610582381907609
path,-10.208175171558821,-4.6085960929937455
path,-10.207093452837713,-4.606564366861906
path,-10.206008324533094,-4.604547065616703
path,-10.204925953331028,-4.602536866160133
path,-10.203846419088995,-4.600530723891894
path,-10.20276953808659,-4.598526368028082
path,-10.2016996857571,-4.5965194576965605
path,-10.200641288430791,-4.594521977079483
path,-10.199593034221783,-4.592527517827073
path,-10.198549852157901,-4.590538720142899
path,-10.197509605559958,-4.588551628864706
path,-10.196471466281338,-4.586568021001684
path,-10.195439769097243,-4.584611657567905
path,-10.194414394012625,-4.582666971414175
path,-10.193394135014515,-4.580727282025426
path,-10.192377900492074,-4.578792101977678
path,-10.191364065263494,-4.5768589498784555
path,-10.190355526880964,-4.57494980617078
path,-10.189352740596904,-4.573051594270549
path,-10.188355396783509,-4.571159115446118
path,-10.187361102916247,-4.569268409760836
path,-10.186369421491213,-4.567381048337611
path,-10.185380722247714,-4.5655081583285
path,-10.184396024417595,-4.563644463966466
path,-10.183414887392976,-4.5617829044725955
path,-10.182436417806278,-4.55992469683206
path,-10.181459168846073,-4.558068084856535
path,-10.180486689904171,-4.556230729039556
path,-10.179517781425538,-4.554404313872874
path,-10.178553730042779,-4.552583259380542
path,-10.17759296166651,-4.55076467166822
path,-10.1766340147598,-4.548948070081746
path,-10.175677221953014,-4.547142853639307
path,-10.17472395829088,-4.545343180814069
path,-10.173772900572292,-4.543545344070354
path,-10.172822939556264,-4.541748978670547
path,-10.171872463473624,-4.539955148324762
path,-10.170880945090225,-4.538006962627766
path,-10.169839101674825,-4.535939489985246
path,-10.168746153956638,-4.533803427826162
path,-10.167624250290876,-4.531623922678297
path,-10.166475379724632,-4.529416700422665
path,-10.165317976388515,-4.527204711243724
path,-10.164151169668909,-4.5249877573337915
path,-10.162978311268406,-4.522765373262942
path,-10.161800217633877,-4.5205369633634005
path,-10.16061826677586,-4.518304753822087
path,-10.159447182770244,-4.516083005917442
path,-10.158271764421958,-4.5138756019344255
path,-10.15709201473387,-4.511676676714237
path,-10.155910490487148,-4.5094860902058596
path,-10.15472863098082,-4.507296835171879
path,-10.153555336843066,-4.505129035968437
path,-10.152383702244775,-4.502976661269661
path,-10.151216824102121,-4.500829744595751
path,-10.150052535883367,-4.498685347806056
path,-10.148890191999277,-4.49654370382073
path,-10.147742575466992,-4.494429504743296
path,-10.146597786133915,-4.492340119196536
path,-10.145460061247002,-4.490257564208797
path,-10.144327276778766,-4.48818005673131
path,-10.143196947051345,-4.486105178779061
path,-10.142075446981057,-4.484048141170436
path,-10.14095721168021,-4.482008025759781
path,-10.139844256529306,-4.479972449894263
path,-10.13873416328405,-4.477939741796526
path,-10.137626261015686,-4.475909801976683
path,-10.13653228688594,-4.473899667386601
path,-10.135440355720194,-4.471911842990332
path,-10.134353849696103,-4.4699325497871225
path,-10.133271364755245,-4.467956078440021
path,-10.132190651887246,-4.465982626047513
path,-10.131117138608406,-4.464016587093118
path,-10.130045003824169,-4.462063247444264
path,-10.128974989048803,-4.460113683250066
path,-10.12790686695275,-4.458167303606746
path,-10.126839927904566,-4.456221587734594
path,-10.125853196708032,-4.4543950603142966
path,-10.124874255191838,-4.452627587993449
path,-10.12390715331791,-4.450876189798884
path,-10.122949781572453,-4.449134319048898
path,-10.121996411509226,-4.4473952725910175
path,-10.121049642334684,-4.445661194341469
path,-10.120105775315633,-4.443941954422723
path,-10.11916243699873,-4.4422267778392825
path,-10.11821247982994,-4.440516380007647
path,-10.117259595741702,-4.438801691235195
path,-10.116307297449403,-4.437097027111827
path,-10.115352668627382,-4.435397068954844
path,-10.114396198642888,-4.433699654178273
path,-10.113438486530663,-4.43200614013599
path,-10.112480119162974,-4.430318076210436
path,-10.11152071780992,-4.428640403899903
path,-10.110561208741343,-4.426966188531684
path,-10.109603017617626,-4.425298407139861
path,-10.108646406336437,-4.423636597912926
path,-10.10769194006455,-4.421979871084375
path,-10.10670073385069,-4.4202130610420225
path,-10.105691812908661,-4.418383896109151
path,-10.104661145961973,-4.416533456772755
path,-10.10362820282581,-4.414679890785986
path,-10.102594879782844,-4.4128322777079925
path,-10.101566339913669,-4.410996919793707
path,-10.100541681918653,-4.409172747172402
path,-10.099525890706623,-4.4073580295492265
path,-10.098521035561925,-4.405557961639825
path,-10.097530528035266,-4.403773109517166
path,-10.096554345340712,-4.402021969681156
path,-10.095598660014788,-4.400292710783317
path,-10.094650632702088,-4.39857279765519
path,-10.093704409843594,-4.396859621258721
path,-10.092766073029088,-4.395140405533228
path,-10.091849290877763,-4.393453951602196
path,-10.090945518543151,-4.391773168626206
path,-10.090053203541345,-4.390093693894574
path,-10.089179203625159,-4.388440716170717
path,-10.088330250008696,-4.386773378147416
path,-10.08752051405984,-4.385128897826667
path,-10.086754846406821,-4.383556325677891
path,-10.086037141325168,-4.382109859295941
path,-10.085227649395145,-4.380781140473971
path,-10.084272689325262,-4.379403188556277
path,-10.083448043132893,-4.3780462774481546
path,-10.082668272003195,-4.376844209109337
path,-10.081778354138901,-4.3756073458115505
path,-10.080749456717106,-4.374233430674154
path,-10.07968124644566,-4.3727397130380625
path,-10.078605642564696,-4.371153402624921
path,-10.077542085163712,-4.36954137927931
path,-10.076464944225348,-4.367897911081062
path,-10.075368880111371,-4.36622275669373
path,-10.07425784945873,-4.364522142629646
path,-10.073137956861904,-4.362799032751602
path,-10.072005568941986,-4.361054132389773
path,-10.070859950820209,-4.359287228497521
path,-10.06969950354519,-4.3575028406324785
path,-10.068522865130674,-4.355708057292786
path,-10.067341098924057,-4.353929674455427
path,-10.066165789277804,-4.352163739579891
path,-10.064990872406069,-4.3503991305013106
path,-10.06381502645059,-4.348634600458866
path,-10.062637720002234,-4.34686823863437
path,-10.061463664613933,-4.345112973898392
path,-10.06029610050468,-4.343367119326207
path,-10.059130161535771,-4.341622182612295
path,-10.057963223727414,-4.339879221948066
path,-10.056795241751821,-4.338136320083396
path,-10.055629389636325,-4.336403418369434
path,-10.054471233739362,-4.3346814904825
path,-10.053316220544744,-4.332962664788446
path,-10.052160521271981,-4.331243984382287
path,-10.051003451273493,-4.32952352484201
path,-10.049850871971522,-4.327814327844312
path,-10.048704459070011,-4.326114442755174
path,-10.047557573660155,-4.324414769039653
path,-10.046409246073818,-4.3227133176994705
path,-10.045260217189016,-4.32101391506078
path,-10.04407230673119,-4.319211502876082
path,-10.042872341842973,-4.317337213381743
path,-10.04164987087679,-4.315441011725174
path,-10.040405083963392,-4.313522957806377
path,-10.039137360575436,-4.3115824870531165
path,-10.037853606352423,-4.309625034375482
path,-10.036551041970093,-4.307653035712691
path,-10.035237670916992,-4.305672267721185
path,-10.03392583173595,-4.303709681123911
path,-10.032620170477578,-4.301759050903796
path,-10.031322200979528,-4.299824449516017
path,-10.03003196818299,-4.297900781899244
path,-10.028747548506487,-4.295986024931545
path,-10.02746668613085,-4.2940804090377265
path,-10.02618905712447,-4.292178132477341
path,-10.024920036426588,-4.2902926881341115
path,-10.023656870202197,-4.288420721575525
path,-10.0223989639794,-4.286559780975598
path,-10.021145306196015,-4.284703463312701
path,-10.019895015725671,-4.28285283854767
path,-10.018674525836984,-4.281064913617272
path,-10.017456872753979,-4.279314466552211
path,-10.016250719265456,-4.277577536087178
path,-10.015056167018619,-4.275854226767651
path,-10.013873343544343,-4.274144608048477
path,-10.012703785821207,-4.272457345205665
path,-10.011544993807055,-4.270783781274857
path,-10.010398251432793,-4.26912421216808
path,-10.009263641479317,-4.267478793314434
path,-10.008141270959388,-4.26584762692719
path,-10.007032376193074,-4.2642369131575535
path,-10.005934725643,-4.26264185196956
path,-10.004846307678644,-4.261061435097049
path,-10.003765124024113,-4.259488973203604
path,-10.002689534827137,-4.257924254406053
path,-10.00162035331115,-4.2563707823091494
path,-10.000554942043268,-4.254826870239499
path,-9.999494511998806,-4.253286812001171
path,-9.998438470819993,-4.251752330259801
path,-9.99738685128595,-4.250223716652519
path,-9.996339885516566,-4.24870825724537
path,-9.99529761069159,-4.247197149985187
path,-9.994257918529387,-4.245700296198699
path,-9.993226433794053,-4.244216229550359
path,-9.992205582474417,-4.2427398713350994
path,-9.991194526171142,-4.241278253497396
path,-9.990193809114036,-4.239827156671722
path,-9.989201901366684,-4.238388988711003
path,-9.988221283465968,-4.236958556638318
path,-9.987251355581586,-4.235539065975154
path,-9.986292428267388,-4.2341371698651775
path,-9.985339500017858,-4.232744685454734
path,-9.984387633873007,-4.231350394325364
path,-9.98343419039804,-4.22995899750436
path,-9.98247988393457,-4.2285679237892415
path,-9.981531239096503,-4.2271847306492845
path,-9.980584307981935,-4.225803043082436
path,-9.97963563533324,-4.224424325483756
path,-9.978686117607372,-4.22304592870177
path,-9.977736797804221,-4.22166529665246
path,-9.976652641851949,-4.220222453156401
path,-9.975461731027044,-4.218662983177238
path,-9.974221803557613,-4.216947082151876
path,-9.972951666429749,-4.2151249714927275
path,-9.97166047396765,-4.213268892324715
path,-9.970374349704809,-4.211432209483733
path,-9.969099856641,-4.209606531135579
path,-9.967826474529963,-4.20778576524578
path,-9.966552092541125,-4.205962744438092
path,-9.965275942753776,-4.2041430096790195
path,-9.964006899529897,-4.202337205359627
path,-9.962743053853982,-4.200540341755611
path,-9.961479447101322,-4.198741511610782
path,-9.960214237151108,-4.1969460068495295
path,-9.958947977546995,-4.195148272297756
path,-9.957689237321485,-4.193377930332603
path,-9.956433070616772,-4.191610379077804
path,-9.955166165720748,-4.189838211035732
path,-9.95388992568386,-4.1880591922076364
path,-9.952605065024374,-4.186273891724966
path,-9.95131330228772,-4.184486270090146
path,-9.950010397089272,-4.182693735440514
path,-9.94869312494732,-4.180889875831095
path,-9.947363101427412,-4.1790757008067745
path,-9.946021846343221,-4.177249396660603
path,-9.944673468340405,-4.1754299735686295
path,-9.943322318407553,-4.1736105535906765
path,-9.941969869611174,-4.1717893547602225
path,-9.940616588084294,-4.17002601304968
path,-9.939153825900432,-4.16851950330129
path,-9.937685905288438,-4.167098359070177
path,-9.936245068036515,-4.16573627607869
path,-9.934833282051242,-4.16443244858434
path,-9.933446219071305,-4.163183592492076
path,-9.93208590744525,-4.161991500134555
path,-9.930754172378881,-4.160852862524941
path,-9.929458952423133,-4.15975932621729
path,-9.92819040461559,-4.158714703914341
path,-9.926951906405273,-4.157711959349109
path,-9.925741591733559,-4.156759269022118
path,-9.924613133830382,-4.155850628394348
path,-9.923519816498692,-4.154984686551986
path,-9.922451940665912,-4.154166027795377
path,-9.921428080228829,-4.153373272741225
path,-9.920444052461448,-4.152605823817824
path,-9.919481762708699,-4.151857612883666
path,-9.918521629458995,-4.151107666228714
path,-9.917562475939645,-4.1503611805732215
path,-9.916599255232573,-4.149614124325427
path,-9.91563470604454,-4.148868009495709
path,-9.914671825133722,-4.148124088395037
path,-9.913708368965464,-4.147381081878566
path,-9.91274450470264,-4.146641065889037
path,-9.911780765292475,-4.145897985076801
path,-9.910814634600461,-4.145157108374768
path,-9.909712070847236,-4.144278122866105
path,-9.908551946071928,-4.1433963097121795
path,-9.907391069140541,-4.14251523507833
path,-9.906225986722667,-4.141637253048569
path,-9.905062810464678,-4.140760385501795
path,-9.903906613987164,-4.13989079938376
path,-9.902752438076302,-4.1390235019725266
path,-9.901603215228814,-4.13815952359505
path,-9.900464436502318,-4.137294377081231
path,-9.899330340485697,-4.136421667830925
path,-9.898201500490329,-4.135542422990767
path,-9.897072912102738,-4.134663296103167
path,-9.895946085271921,-4.133791484154224
path,-9.894819297833578,-4.132917826636992
path,-9.893690635239652,-4.132039184631665
path,-9.892566276651253,-4.131163568518483
path,-9.891443361774389,-4.130295252553507
path,-9.890321771216492,-4.129425446142936
path,-9.889197040848817,-4.128552404803625
path,-9.888068770477618,-4.1276777625289744
path,-9.886945451071592,-4.126803562077319
path,-9.885825901055874,-4.125932387162365
path,-9.884704038825344,-4.125057129952444
path,-9.883580946059023,-4.1241810981712925
path,-9.882455968502656,-4.123304399690095
path,-9.881340202899526,-4.122435507506055
path,-9.88022766084277,-4.1215737915026995
path,-9.879117223090592,-4.120710955140019
path,-9.878002662721432,-4.119843261595187
path,-9.87688632160634,-4.118973364663192
path,-9.875778278673398,-4.118109608017509
path,-9.874675109856204,-4.117252432959328
path,-9.873569269894901,-4.116394911508342
path,-9.872464844346874,-4.115536987879745
path,-9.871357822766857,-4.1146770387385585
path,-9.87025213620588,-4.113812119320321
path,-9.869145052389861,-4.112949855527985
path,-9.86804173836314,-4.112103543794734
path,-9.866968814341941,-4.111376431932457
path,-9.865898826153744,-4.110658708499358
path,-9.864840608995848,-4.1099477991923
path,-9.863785549831439,-4.109240430894026
path,-9.86272963529265,-4.1085339377339505
path,-9.861649872696743,-4.107816733271825
path,-9.860558908967969,-4.107111296153599
path,-9.859476625466378,-4.106407637669673
path,-9.85839304376481,-4.105711442065091
path,-9.857310433777688,-4.105004054929144
path,-9.856230910059876,-4.104302797545438
path,-9.855140741163066,-4.103605054751684
path,-9.854059882092448,-4.1029162485606605
path,-9.852984081154473,-4.10222458154608
path,-9.851908244331845,-4.101536990732986
path,-9.850830951895754,-4.100848323268698
path,-9.849758938126907,-4.100160349748065
path,-9.848680214124562,-4.0994829469483856
path,-9.84760892688323,-4.098809801974023
path,-9.846532170888421,-4.098134407044788
path,-9.845459330719507,-4.097452011639778
path,-9.844382568374533,-4.0967805569995175
path,-9.843310613830045,-4.096111613069717
path,-9.842246130057173,-4.095438509948748
path,-9.841169442240629,-4.0947735575260475
path,-9.840100750112542,-4.0941067410127046
path,-9.839027178612259,-4.093441694452121
path,-9.837954115919846,-4.092775539764791
path,-9.836882968721351,-4.092108339171475
path,-9.83581048299459,-4.091445232492795
path,-9.83473731539806,-4.090782829870914
path,-9.833659360145628,-4.090122700088462
path,-9.832589370752359,-4.08946762017554
path,-9.831520174729281,-4.088817870820253
path,-9.830448794422393,-4.088164151491724
path,-9.829377561546297,-4.087513049491182
path,-9.8283051635103,-4.086864791197802
path,-9.827247311261992,-4.08621534876789
path,-9.82617786279696,-4.085576753502039
path,-9.825113336780605,-4.084933433160461
path,-9.824047900356629,-4.084290055538019
path,-9.822979375949288,-4.083654150409068
path,-9.821916093862825,-4.0830176604641055
path,-9.820854365329486,-4.082380785126192
path,-9.819794074272568,-4.081742165688032
path,-9.81873299136622,-4.081107515758022
path,-9.817669479771803,-4.080472019821157
path,-9.816617584551825,-4.0798432329944125
path,-9.815555143470677,-4.079217796300222
path,-9.814497191320315,-4.078590861357538
path,-9.813439497205803,-4.077966116091344
path,-9.812377485941777,-4.077338722209424
path,-9.811322013144611,-4.07671829423805
path,-9.810267064268343,-4.076097693333098
path,-9.809209831652591,-4.075478184170625
path,-9.808155320506838,-4.074859357283461
path,-9.807097929975948,-4.07424072170677
path,-9.806039901123182,-4.0736337206375595
path,-9.804982567690738,-4.073028470588098
path,-9.803927472217138,-4.072418272798366
path,-9.802870679872727,-4.0718154485285725
path,-9.801817082006862,-4.0712068437972
path,-9.80076698857547,-4.07059824442743
path,-9.799718415444977,-4.069994049567939
path,-9.798663177316936,-4.06939355913764
path,-9.79761402088825,-4.068787945294143
path,-9.796561515753279,-4.068186691725687
path,-9.795512180974049,-4.067594205229305
path,-9.794466355099553,-4.066998670571805
path,-9.793420601507899,-4.066402949988939
path,-9.792372555436614,-4.065808359544658
path,-9.791325921864857,-4.065214794284625
path,-9.790275268741315,-4.064627039331649
path,-9.789226034595913,-4.064038990631206
path,-9.788179456010983,-4.063450498593556
path,-9.787134105938145,-4.06285623078241
path,-9.786090468702847,-4.062263039542743
path,-9.785047089398905,-4.0616839108474565
path,-9.784005458350194,-4.06110437147149
path,-9.782960683187019,-4.0605230209753325
path,-9.781918780174163,-4.059944714033194
path,-9.780875625951348,-4.0593642503317655
path,-9.779831311073801,-4.058789048034555
path,-9.778792163730659,-4.058212999841587
path,-9.77775047593388,-4.057639708333017
path,-9.776711843504224,-4.057064259430035
path,-9.775666713506308,-4.056496449495671
path,-9.77463186416782,-4.055926232283719
path,-9.77359323073961,-4.055361385935321
path,-9.77255628805496,-4.054795423509291
path,-9.771516277144476,-4.0542247228541815
path,-9.770474549218946,-4.05366002070446
path,-9.76943672816372,-4.053098158788398
path,-9.768400539733879,-4.052538598465444
path,-9.767364634373656,-4.05197650788571
path,-9.76632518218755,-4.051421321647593
path,-9.765287197576244,-4.0508578793378325
path,-9.764250005725108,-4.050310512016976
path,-9.76321781452494,-4.04975182312717
path,-9.762185260223461,-4.049198101305255
path,-9.761147564802958,-4.048647901240837
path,-9.76011444463698,-4.048095884974104
path,-9.759083440488055,-4.0475444865784365
path,-9.758049513966874,-4.0469956588408085
path,-9.757016479019246,-4.046451581532254
path,-9.755977184872448,-4.045907033486149
path,-9.754944835789026,-4.045362051171639
path,-9.753695188713522,-4.044647588609947
path,-9.75231674982795,-4.043911010776193
path,-9.750912061348622,-4.043181041018384
path,-9.749497607682754,-4.04245780430111
path,-9.74808980704036,-4.041727143038487
path,-9.746690855727081,-4.041005215321948
path,-9.745300254154163,-4.0402886157123685
path,-9.743893268664944,-4.039578045749844
path,-9.742488661548023,-4.038860882983424
path,-9.741082660275444,-4.038150754335087
path,-9.739693534792448,-4.037451807601908
path,-9.738305799867765,-4.036755558556912
path,-9.736918857805659,-4.036056056520819
path,-9.735530279176803,-4.035362171001398
path,-9.734156596136641,-4.034656993030873
path,-9.73277901223563,-4.033976584575165
path,-9.73140967848032,-4.033294404805661
path,-9.730042476018527,-4.0326102647321695
path,-9.72867118281047,-4.031927628850528
path,-9.727298667568508,-4.031251475117252
path,-9.725897619164117,-4.030534181405764
path,-9.724485573655079,-4.029833356395143
path,-9.723071103682335,-4.0291394494366495
path,-9.721651129652242,-4.028446949880858
path,-9.7202301380675,-4.027756136124024
path,-9.718820327395818,-4.027073865753504
path,-9.717414612789657,-4.026383865085337
path,-9.716004331187822,-4.025709438161141
path,-9.714599138740668,-4.025034430195795
path,-9.713194219467237,-4.024361025107028
path,-9.71180725684355,-4.023698149026431
path,-9.710427881782659,-4.023034906722633
path,-9.70904895540415,-4.022373718814874
path,-9.707671820473141,-4.021714288250048
path,-9.706297873572387,-4.021057540592347
path,-9.704934508982964,-4.020408448306462
path,-9.703574742374727,-4.019761500523321
path,-9.702217301954772,-4.019108594973374
path,-9.700861412641581,-4.01846626241744
path,-9.699505788525023,-4.0178223910825235
path,-9.698179596164891,-4.017201496779632
path,-9.696857321213248,-4.016579293684536
path,-9.695536207783864,-4.015959943742245
path,-9.694213447168957,-4.0153420091263365
path,-9.69289360241529,-4.014721707242922
path,-9.691579951149778,-4.014108473555003
path,-9.690266645465494,-4.013496243352275
path,-9.688952117223511,-4.0128872225255
path,-9.68763915941365,-4.012276409019351
path,-9.68632212511096,-4.011669513954855
path,-9.685017819063575,-4.011069201726705
path,-9.683444492672592,-4.00996199974745
path,-9.681736106699868,-4.008323984482938
path,-9.680011390345543,-4.006667750704142
path,-9.67828605558301,-4.005012474625239
path,-9.67658950409429,-4.003386192217976
path,-9.674892408130159,-4.001761025424646
path,-9.673194725708475,-4.000136790707076
path,-9.671496460415835,-3.9985134908049225
path,-9.669796912789941,-3.9968912907215706
path,-9.668110178503449,-3.995282328213665
path,-9.666422962712453,-3.9936743369612215
path,-9.664735254718673,-3.9920673127739676
path,-9.663047050032207,-3.99046125368815
path,-9.661358344614605,-3.988856157965496
path,-9.659723801953522,-3.987305509252799
path,-9.658090440717407,-3.985755596813914
path,-9.656456590799438,-3.984206582586748
path,-9.654822250845296,-3.982658465437044
path,-9.653187419649042,-3.981111244370861
path,-9.651585746503743,-3.9795966359939063
path,-9.649983835859798,-3.978083204717071
path,-9.648381449926134,-3.976570628265615
path,-9.646778588122924,-3.975058906326404
path,-9.645175249943449,-3.9735480386452227
path,-9.643616213771976,-3.9720819281440796
path,-9.642057919736901,-3.9706158225642016
path,-9.640499165650521,-3.9691505291279796
path,-9.638939952155841,-3.9676860471417847
path,-9.637380279849651,-3.9662223760043753
path,-9.63583545787578,-3.964773865706794
path,-9.634290193553717,-3.9633261517351355
path,-9.632744480838857,-3.961879231575803
path,-9.631198320179372,-3.960433104909225
path,-9.62965171199554,-3.9589877714715596
path,-9.628141502157378,-3.957578767127934
path,-9.626632205721185,-3.956170951620347
path,-9.625122551933105,-3.9547639222702315
path,-9.623612534702144,-3.9533576758011137
path,-9.622102148534202,-3.9519522092778345
path,-9.620615424554963,-3.9505698439877444
path,-9.619128340599252,-3.9491882545023254
path,-9.617640887615904,-3.9478074139578534
path,-9.616153061968411,-3.94642732049317
path,-9.61466486038161,-3.945047972450049
path,-9.613204134413936,-3.9436951016777955
path,-9.611743040719066,-3.9423430050997292
path,-9.610281578313417,-3.940991622503752
path,-9.608819745034982,-3.9396409528984218
path,-9.607357538941228,-3.9382909954096728
path,-9.60591573681321,-3.9369609157406082
path,-9.60447357853768,-3.9356315296740245
path,-9.603031053788165,-3.934302833849288
path,-9.601588161304115,-3.9329748277509906
path,-9.600144899957572,-3.931647510934035
path,-9.598475824002211,-3.9299574809243345
path,-9.59655613198668,-3.928190380655547
path,-9.59461049977519,-3.9264248118132867
path,-9.59266725798694,-3.9246387109694263
path,-9.590709309016967,-3.9228362880561223
path,-9.588813499306005,-3.921088616963015
path,-9.586908780637154,-3.9193306382632587
path,-9.58499079341119,-3.917558338884769
path,-9.58306184762384,-3.9157747333613893
path,-9.581131088455013,-3.913991319972941
path,-9.579256260945446,-3.9122614405493423
path,-9.577381853330271,-3.9105340357055516
path,-9.575506643658606,-3.908807969365191
path,-9.573630634489453,-3.907083242767775
path,-9.571753828202814,-3.9053598570773986
path,-9.569949138996671,-3.9037018553252087
path,-9.568147682177663,-3.90205175427281
path,-9.56634553573362,-3.900402903047901
path,-9.564542697722713,-3.8987553011032854
path,-9.562739166446026,-3.8971089479847865
path,-9.56098031002407,-3.8955044389650846
path,-9.559221441048487,-3.8939024372437716
path,-9.557461903377519,-3.892301616095911
path,-9.555701696732937,-3.890701975801899
path,-9.553940820916173,-3.889103516651495
path,-9.552236847190581,-3.8875582241170528
path,-9.550535437542347,-3.8860172839225604
path,-9.548833457301923,-3.884477479005979
path,-9.547130901441506,-3.882938806351258
path,-9.545427765460353,-3.881401263266898
path,-9.543760127341672,-3.8798970194975815
path,-9.542092263316855,-3.8783944929036487
path,-9.540423830960375,-3.8768930407748683
path,-9.538754827755682,-3.875392661615129
path,-9.537085251470684,-3.8738933541034055
path,-9.535415856563123,-3.872395795408259
path,-9.533745885670939,-3.87089930533866
path,-9.532075336990406,-3.8694038828841735
path,-9.530404209179801,-3.8679095272696435
path,-9.528732501069642,-3.8664162378250375
path,-9.527091962796684,-3.8649521691858024
path,-9.525451056983297,-3.863489449553598
path,-9.523809588590046,-3.8620277536000027
path,-9.522167557161714,-3.8605670810635715
path,-9.520524962328201,-3.8591074317364322
path,-9.51891854925449,-3.8576810787261686
path,-9.517311949874681,-3.8562563267168253
path,-9.51570480782563,-3.8548325501588425
path,-9.514097123354121,-3.8534097491809676
path,-9.51248282926555,-3.8519928525963456
path,-9.510860699741079,-3.8507023532024127
path,-9.50923378079577,-3.8494241493657126
path,-9.507606607937701,-3.848145992865446
path,-9.505978566736642,-3.846870252976559
path,-9.504350488960762,-3.845593710424514
path,-9.502763425779762,-3.8443486779600007
path,-9.501175285655785,-3.8431069876236235
path,-9.499587126280252,-3.8418644702694755
path,-9.497998692308771,-3.8406221228014368
path,-9.496409870481646,-3.839380382316701
path,-9.494852968783555,-3.8381668548729575
path,-9.493296286267904,-3.836951668132224
path,-9.491739240956747,-3.835737027980857
path,-9.490181699148117,-3.834523454323873
path,-9.488623354761986,-3.8333121513234834
path,-9.487085335854264,-3.832114751956395
path,-9.485546940145817,-3.8309180134868788
path,-9.484008126633073,-3.8297228438804556
path,-9.482442633235271,-3.828548584453498
path,-9.480892662121441,-3.8273435531535323
path,-9.47935231532706,-3.8261503841346123
path,-9.477803294179967,-3.8249518386071206
path,-9.476245795630655,-3.8237472860895294
path,-9.474680057646692,-3.8225359349834296
path,-9.473105267819136,-3.8213209506846444
path,-9.471549652342695,-3.8201212316009387
path,-9.469986323977375,-3.818914074339426
path,-9.468414065657337,-3.817703763697229
path,-9.466834042689088,-3.816485638695216
path,-9.465245518103902,-3.8152618542895866
path,-9.463411343539597,-3.8137477105179847
path,-9.461411728212246,-3.812211337869776
path,-9.459412055558014,-3.810676340511035
path,-9.457413831683619,-3.8091401359740065
path,-9.455416328511545,-3.8076052036974093
path,-9.453487373962659,-3.8061241131341754
path,-9.451561712311333,-3.8046437721569397
path,-9.449636886118332,-3.803164092311195
path,-9.447712903411372,-3.801685068252478
path,-9.445789769288135,-3.800206695498905
path,-9.443915850449828,-3.7987660621650794
path,-9.442043203446191,-3.7973265297615875
path,-9.440171519315347,-3.795887118581698
path,-9.438300500532538,-3.794448839845683
path,-9.436430893456066,-3.7930091767283804
path,-9.434623457750888,-3.791622189356889
path,-9.432819209026432,-3.7902327794703115
path,-9.4310151403764,-3.7888459632749596
path,-9.429211850646762,-3.7874597114431086
path,-9.4274093604317,-3.78607396957922
path,-9.425593797324918,-3.784675636432249
path,-9.423778378005862,-3.783280044428563
path,-9.421963911297649,-3.781884552214107
path,-9.420150690493156,-3.780488143742821
path,-9.418337670004718,-3.7790943537206276
path,-9.41656282541449,-3.777728839052552
path,-9.414789290080241,-3.7763621927514492
path,-9.413015748896987,-3.774998717232816
path,-9.411243117970912,-3.7736353924570656
path,-9.40947175077153,-3.772271041916148
path,-9.407740682803373,-3.7709495924713936
path,-9.406014060354336,-3.7696165230969494
path,-9.404286935000691,-3.768288129935163
path,-9.402559507752215,-3.7669637692580196
path,-9.40083283594262,-3.7656399581104774
path,-9.399141511135664,-3.7643417037525113
path,-9.397450630463183,-3.7630449327314475
path,-9.395760470885026,-3.761748715789515
path,-9.394071037923105,-3.760453030330946
path,-9.392382328536021,-3.7591578979665123
path,-9.390731763603965,-3.757890533728574
path,-9.389081550697775,-3.756624873011985
path,-9.387432037863467,-3.755359733927877
path,-9.385783239424043,-3.754095090131407
path,-9.384065797158858,-3.752670330435146
path,-9.382198320520631,-3.7512570701209613
path,-9.380323725852985,-3.7498462159421546
path,-9.378448678665931,-3.748437688548823
path,-9.376573185789304,-3.7470314869069337
path,-9.374697247930055,-3.7456276060392457
path,-9.372859259259352,-3.744254708680881
path,-9.37102087240059,-3.7428840361426614
path,-9.369182065403852,-3.7415155791956476
path,-9.367342841690428,-3.740149334905301
path,-9.365479104517412,-3.738821812810604
path,-9.363664257268592,-3.7374792746554286
path,-9.36184894770244,-3.7361387492379117
path,-9.36003316878815,-3.7348002469190384
path,-9.358216931411093,-3.733463776728592
path,-9.356400246479016,-3.732129347511524
path,-9.354526003152987,-3.730752902173295
path,-9.352646189034736,-3.729377102391147
path,-9.350765928853551,-3.7280035115241983
path,-9.348885231983171,-3.7266321298759753
path,-9.347004116149579,-3.725262968920479
path,-9.345164433664328,-3.723926425543016
path,-9.343324385563331,-3.7225920102509713
path,-9.341483922083384,-3.7212597011360513
path,-9.339643090269432,-3.719929524188677
path,-9.337801899399395,-3.7186014827605933
path,-9.335999222843077,-3.7173035605551092
path,-9.334196225567483,-3.7160076829102513
path,-9.332392880334316,-3.714713840544977
path,-9.330589184988165,-3.713422027688561
path,-9.328785167338467,-3.712132258953804
path,-9.327004374971732,-3.7108613321468273
path,-9.325223276466119,-3.709592388208955
path,-9.323441871223439,-3.708325429291093
path,-9.32166016329033,-3.7070604542901946
path,-9.319878154864906,-3.7057974608996567
path,-9.318119139816737,-3.70455292161912
path,-9.316359856582947,-3.703310313809291
path,-9.314600295575849,-3.7020696340306363
path,-9.312840458000728,-3.7008308792975035
path,-9.311080352649332,-3.699594051077196
path,-9.309341125463774,-3.6983739747248587
path,-9.307601654164396,-3.697155776320531
path,-9.305861931074327,-3.695939452982346
path,-9.304121963601151,-3.6947250052750977
path,-9.302381754101033,-3.6935124308576386
path,-9.300670178480592,-3.6923218066897765
path,-9.29895839370244,-3.6911329941911806
path,-9.297246386686783,-3.6899459893360187
path,-9.29553415987587,-3.6887607899146833
path,-9.293821717299624,-3.6875773946190185
path,-9.292126553926234,-3.6864078660879
path,-9.290431197368731,-3.6852401040363914
path,-9.288735641530588,-3.6840741057392425
path,-9.287039888791327,-3.6829098690125157
path,-9.285343945135835,-3.68174739371151
path,-9.283650442928401,-3.6805884769230963
path,-9.281956757334648,-3.6794313123254834
path,-9.280262890551485,-3.678275898264667
path,-9.278568844066282,-3.677122232022958
path,-9.276874626864453,-3.675970315139503
path,-9.275195620918995,-3.6748305830695456
path,-9.27351646082535,-3.6736925656473702
path,-9.271837140430176,-3.672556259696788
path,-9.27015766201387,-3.671421663039733
path,-9.268478027833073,-3.6702887734903302
path,-9.26679671504655,-3.669201906736907
path,-9.26513886364651,-3.6680879126048347
path,-9.263480411435522,-3.6669751159875394
path,-9.261816362999465,-3.66585904470264
path,-9.260145136978103,-3.6647383302350547
path,-9.258479927946011,-3.6636218420795466
path,-9.256807849392038,-3.662500967482729
path,-9.255128891258932,-3.6613757896426993
path,-9.253443253311763,-3.6602462758121908
path,-9.25175097818889,-3.659112623015885
path,-9.25006824592445,-3.657985648074377
path,-9.24837918680036,-3.656854693256475
path,-9.246683901131112,-3.655719825570199
path,-9.244982489605794,-3.654581120324535
path,-9.243275573698151,-3.653438515263484
path,-9.241579972103583,-3.6522994645793103
path,-9.23988438046729,-3.65115580761838
path,-9.238191904989177,-3.650029314578636
path,-9.236495699737693,-3.648882791693383
path,-9.234798804059457,-3.647737054773423
path,-9.233119536089305,-3.646604460089994
path,-9.231439622364668,-3.64547269884346
path,-9.229759035516395,-3.644341743456226
path,-9.228077775166213,-3.643211604009817
path,-9.226395841010742,-3.642082289733221
path,-9.224724079234376,-3.6409610866457225
path,-9.22305165949188,-3.639840715473082
path,-9.221378574118457,-3.638721181148648
path,-9.219704823037352,-3.6376024902050825
path,-9.218030406216023,-3.6364846486565687
path,-9.216362973231492,-3.635372763992687
path,-9.214694885980943,-3.6342617327016478
path,-9.213026139196383,-3.6331515579932194
path,-9.211356732978723,-3.6320422442395257
path,-9.20968666745522,-3.630933795497233
path,-9.208029107869846,-3.629834929207413
path,-9.206370917999944,-3.628736945527374
path,-9.204712079694396,-3.627639823147932
path,-9.203052593022159,-3.626543565099992
path,-9.201392458278944,-3.6254481742622113
path,-9.199739184178277,-3.6243586015956986
path,-9.198085273627852,-3.6232698947936677
path,-9.196430721599175,-3.6221820547866526
path,-9.194775528360626,-3.621095083816957
path,-9.193119694189983,-3.620008984008832
path,-9.19147266025953,-3.6189299366018806
path,-9.189825003427188,-3.617851764285906
path,-9.188176713792457,-3.616774458759659
path,-9.186527791660513,-3.6156980217653616
path,-9.18487823734229,-3.614622454972535
path,-9.183233190217418,-3.6135511065020225
path,-9.18158751017937,-3.6124806309014645
path,-9.179941202290397,-3.6114110240832487
path,-9.178294267430353,-3.6103422880663762
path,-9.176646705927697,-3.6092744242369794
path,-9.175007340379754,-3.6082180633146943
path,-9.173364476268391,-3.607155685185765
path,-9.171720996597454,-3.6060941897228997
path,-9.170076901187969,-3.6050335769335025
path,-9.168432189912116,-3.603973846914016
path,-9.166789747663474,-3.602916856132035
path,-9.165146693667289,-3.6018607459972363
path,-9.163503025854434,-3.6008055162963695
path,-9.161858744258465,-3.599751167399296
path,-9.160213848944935,-3.5986976997296103
path,-9.158570344308211,-3.597646395572735
path,-9.15692622916422,-3.596595971972454
path,-9.15528150216096,-3.5955464289993415
path,-9.153636163464624,-3.594497767241312
path,-9.15199021326149,-3.5934499873185413
path,-9.150344988594894,-3.592403936288181
path,-9.148699157089702,-3.5913587724376157
path,-9.147052715716274,-3.590314490968749
path,-9.145405664726177,-3.5892710926038354
path,-9.143757999231958,-3.5882285663779228
path,-9.142109476656431,-3.5871867517394707
path,-9.140460333442705,-3.586145796601571
path,-9.138812606040071,-3.5851102243881656
path,-9.137162773976907,-3.5840732402369744
path,-9.135511717389774,-3.5830347392521933
path,-9.133857952567693,-3.581995819195633
path,-9.13220356828706,-3.580957770631057
path,-9.130548574812375,-3.5799206137221917
path,-9.1288929725271,-3.5788843494150004
path,-9.12723868630035,-3.5778531922049868
path,-9.125579054147197,-3.5768166424031342
path,-9.123918963741533,-3.575781330640344
path,-9.122260153376562,-3.5747513039676937
path,-9.120598683270964,-3.5737174334552178
path,-9.118936649604333,-3.5726845600550052
path,-9.11727001637233,-3.5716536304629543
path,-9.115602110215095,-3.570640581041975
path,-9.113932242669183,-3.5696832318574776
path,-9.112262084901003,-3.5687254753945874
path,-9.11059460009165,-3.5677701629867355
path,-9.108931339134559,-3.566816907945645
path,-9.10727334277079,-3.565866303372218
path,-9.105620542545063,-3.564918319219629
path,-9.103972872014307,-3.563972925915321
path,-9.102330267404561,-3.563030094596539
path,-9.100687376468256,-3.562086756538756
path,-9.099049458996594,-3.561145939734017
path,-9.097416461456659,-3.5602076181370115
path,-9.095788328608448,-3.5592717651200134
path,-9.094165005261477,-3.5583383537734736
path,-9.092539558551,-3.5574050612197117
path,-9.090919413216694,-3.5564729686918986
path,-9.089304505191157,-3.5555420582478336
path,-9.087693884568619,-3.5546142967226135
path,-9.086087450480543,-3.553689770916387
path,-9.08447035891848,-3.5527584087182116
path,-9.08285818555863,-3.5518304407736796
path,-9.081251525617855,-3.5509030232104446
path,-9.079648532684908,-3.549980102594846
path,-9.078050345189117,-3.549057485415963
path,-9.076446393352166,-3.5481352366374503
path,-9.074842621319164,-3.547211953877146
path,-9.073237207001066,-3.5462916395073876
path,-9.071631056108393,-3.5453722952109703
path,-9.070025034832032,-3.5444519588563064
path,-9.068403571374027,-3.5435268479896207
path,-9.066781248833209,-3.542602898004293
path,-9.06515900425672,-3.541678020073821
path,-9.063535010436878,-3.5407562587346955
path,-9.06191102984871,-3.5398337228189782
path,-9.060268630063801,-3.538904757140946
path,-9.0586252669684,-3.537977112898228
path,-9.056981989508827,-3.537048469092944
path,-9.055336832592296,-3.5361231805705775
path,-9.053691753292641,-3.5351968999876666
path,-9.052020786201702,-3.5342579171744766
path,-9.050348048175707,-3.5333219512617213
path,-9.048675452070412,-3.5323848164566956
path,-9.047000994049354,-3.531450943525915
path,-9.045326677440663,-3.5305158966855554
path,-9.043641502464949,-3.529576659551454
path,-9.041954533307287,-3.528640483715409
path,-9.040267695031684,-3.527703143530837
path,-9.038579880695197,-3.526767092469673
path,-9.03689037041892,-3.5258338829958715
path,-9.035179407179838,-3.5248881990696472
path,-9.033466618838844,-3.5239455887545255
path,-9.031753934237159,-3.523001846436756
path,-9.030040240315198,-3.5220594390996234
path,-9.028324714187256,-3.5211201500763423
path,-9.02657011890886,-3.520158272331979
path,-9.024814444798164,-3.519197772472208
path,-9.023056893014111,-3.5182404437624717
path,-9.021299413455434,-3.517282011866743
path,-9.019540875422413,-3.516324975896361
path,-9.017729375704572,-3.515343432875599
path,-9.015917864828156,-3.51436083150711
path,-9.01410523850488,-3.513379694227203
path,-9.012291609502409,-3.5123997586462115
path,-9.010476128429914,-3.5114228629343973
path,-9.008753118723961,-3.5104991896167754
path,-9.007040651020366,-3.5095792292267287
path,-9.005327411946627,-3.508660353674494
path,-9.00361243742191,-3.507744636231653
path,-9.001897675231236,-3.5068278051839386
path,-9.000149592541813,-3.5058950039018604
path,-8.99839969327683,-3.504965383121847
path,-8.99664995396072,-3.504034672622869
path,-8.994920041601027,-3.5031175078442587
path,-8.993194291071807,-3.5022049294128275
path,-8.991443001982292,-3.5012807567241855
path,-8.98969207486038,-3.500355584551631
path,-8.987938845548722,-3.499433496136636
path,-8.98618457262362,-3.4985125728193496
path,-8.984429275336973,-3.497592776782773
path,-8.982646096487443,-3.4966578152003414
path,-8.980860683849631,-3.4957257316903902
path,-8.979074168578522,-3.4947948631406076
path,-8.977286582440916,-3.4938651556371902
path,-8.975499002384442,-3.492934998394102
path,-8.973672478519571,-3.4919883625051384
path,-8.971844643296922,-3.491043166220593
path,-8.970015669879027,-3.4900991981053076
path,-8.968186659970504,-3.489154816059224
path,-8.966355382746348,-3.488213345728936
path,-8.964469238267737,-3.4872453720510888
path,-8.962582869488909,-3.4862771512242823
path,-8.960694159496583,-3.4853119167009092
path,-8.958804215521697,-3.484348014476748
path,-8.956914178679998,-3.483383745005065
path,-8.954955396040983,-3.482387918215734
path,-8.952992352548138,-3.4813928531173457
path,-8.95102782460355,-3.4803994650320527
path,-8.949063457380106,-3.479405266825487
path,-8.947096444467443,-3.4784144691541696
path,-8.945046181010559,-3.477383295727777
path,-8.942992556407342,-3.476350677766012
path,-8.940936163963752,-3.4753215881997686
path,-8.938879487415612,-3.4742923342928176
path,-8.93682023164749,-3.4732663125606207
path,-8.935052871988843,-3.472393794199032
path,-8.933324138113043,-3.47153459264938
path,-8.931594186827775,-3.470676973866963
path,-8.929863311758623,-3.469820476577626
path,-8.92813150423335,-3.468965098018201
path,-8.926380209503872,-3.4681016958650828
path,-8.924627930874339,-3.4672394265726165
path,-8.922874676470832,-3.466378292935959
path,-8.921120440410876,-3.465518293305119
path,-8.919361254680602,-3.464658537862054
path,-8.917577332406426,-3.4637874728386633
path,-8.915804650456467,-3.462920286576178
path,-8.914043344387206,-3.4620570988534345
path,-8.912289468067463,-3.4612013704994204
path,-8.91053994949292,-3.460355825209281
path,-8.908762875294949,-3.4595033390869787
path,-8.906965747302674,-3.4586779629087854
path,-8.905181982823514,-3.4578438520157095
path,-8.903398524033738,-3.4570214739912424
path,-8.901615885876204,-3.4562064660538456
path,-8.899811136434506,-3.4553827531938133
path,-8.898005479574078,-3.4545600625448514
path,-8.896198931808213,-3.4537384044634334
path,-8.894391496066431,-3.4529177834773126
path,-8.892583174860144,-3.4520982038737005
path,-8.890751827592293,-3.4512696559109033
path,-8.888919564412562,-3.450442177612283
path,-8.8870864011775,-3.449615777831182
path,-8.885252339771919,-3.4487904595313874
path,-8.883417382018783,-3.4479662253634413
path,-8.881545196422525,-3.4471273642428444
path,-8.879672090216886,-3.4462882499130276
path,-8.877797995233164,-3.4454503263536127
path,-8.87592291887785,-3.4446135900998383
path,-8.874046867873531,-3.4437780380761414
path,-8.872142533360506,-3.4429313848053527
path,-8.870237309397027,-3.4420858002277224
path,-8.868331406431908,-3.44124115241605
path,-8.866424824621333,-3.4403974434948794
path,-8.864516193979924,-3.4395565726144763
path,-8.862563725186147,-3.4386940097013463
path,-8.860608852052112,-3.437832794973946
path,-8.858653267295905,-3.436972573448479
path,-8.856695603411135,-3.436115245568
path,-8.85473860099768,-3.4352570143471155
path,-8.852483824989678,-3.4341413032458283
path,-8.850137418871233,-3.432794002459377
path,-8.848117988043647,-3.4311867426531864
path,-8.84624818951726,-3.4294646229807495
path,-8.844503730730093,-3.427650446742068
path,-8.842527697988814,-3.4260777415296677
path,-8.84051714611436,-3.4245124889144067
path,-8.838881516603335,-3.42265228996906
path,-8.837642713994084,-3.4204779519412845
path,-8.836789419088166,-3.418001705156218
path,-8.835470749198088,-3.415876115985063
path,-8.833599091840307,-3.4142536248419493
path,-8.831945642011599,-3.4124206371415253
path,-8.83068950280064,-3.4102879603044367
path,-8.829821595984704,-3.4078589656010543
path,-8.828424296464116,-3.4057430252488654
path,-8.826491927923783,-3.4041260136790292
path,-8.824823067668158,-3.4022814907820385
path,-8.823527246663646,-3.4001543504689833
path,-8.822623105515826,-3.397735430534292
path,-8.82185814149992,-3.3948858168325633
path,-8.820951863791782,-3.391961315520849
path,-8.820186720083633,-3.388854685522732
path,-8.819521719219225,-3.3856678501726822
path,-8.818934037320478,-3.3824173059998195
path,-8.818394013907785,-3.37911173281274
path,-8.817906686066927,-3.375772821334198
path,-8.81747530594554,-3.372377474966627
path,-8.817068490417563,-3.3689570570390974
path,-8.816682037446181,-3.365517235640442
path,-8.816310848581136,-3.3620359506589232
path,-8.815953615474582,-3.3585414269929386
path,-8.815607037815417,-3.3550287089985527
path,-8.815279132567403,-3.351517824385173
path,-8.814974594842809,-3.3480197725014733
path,-8.814686607964966,-3.344490672951078
path,-8.81427902876804,-3.3410232018912835
path,-8.813889329619474,-3.337535698502058
path,-8.813510939983956,-3.3340753904898723
path,-8.813145926764605,-3.3306393865597537
path,-8.812418520750574,-3.326996762475745
path,-8.811333058493233,-3.3234132836650256
path,-8.810237707280274,-3.319817791431854
path,-8.80914009918043,-3.3162585128342377
path,-8.80803719408716,-3.312735646055264
path,-8.80691394062285,-3.309174717337754
path,-8.805758847928555,-3.3056447971905136
path,-8.804593558871824,-3.302157260215027
path,-8.803410672469965,-3.298709990958243
path,-8.802207172267325,-3.29530287640641
path,-8.800961677741293,-3.291843531284124
path,-8.799690365637273,-3.288423998238158
path,-8.798389301633435,-3.285046294094248
path,-8.797055603558372,-3.2817102370093436
path,-8.795884670948032,-3.2785486257636363
path,-8.79485572279344,-3.2756056396415616
path,-8.793779361146994,-3.2728257316247786
path,-8.79297872414818,-3.2701957396248735
path,-8.792265623679054,-3.267724793840612
path,-8.791642175948995,-3.265414576393769
path,-8.791480922169976,-3.2634637659871815
path,-8.791557585298245,-3.2617640924001674
path,-8.791884213136765,-3.2602178614926602
path,-8.7922675779265,-3.258832266942633
path,-8.792709907510144,-3.257608232329754
path,-8.792302637587541,-3.25612505877292
path,-8.790906292826124,-3.254121208756004
path,-8.789372204443794,-3.252106113300264
path,-8.787963968533097,-3.250275316526516
path,-8.786658409587012,-3.2486139228000455
path,-8.785410425958926,-3.2471063805555516
path,-8.784239675717117,-3.2457533098378595
path,-8.783138499905785,-3.2445488392241626
path,-8.782101406897599,-3.2434880243660693
path,-8.781124417637715,-3.2425667779550023
path,-8.780194177143205,-3.2417787453908042
path,-8.779318984935994,-3.2411242892062435
path,-8.778497203609449,-3.2406012009504876
path,-8.777725157088994,-3.2402085692676783
path,-8.77700755103033,-3.239944010036404
path,-8.776546779187285,-3.2399030185376874
path,-8.77621495859802,-3.2399785786721766
path,-8.775933374755121,-3.240180571460541
path,-8.775701830561406,-3.240508728566946
path,-8.77552010369069,-3.240962804772346
path,-8.775391419711518,-3.2415437177834416
path,-8.775312184576535,-3.2422505014149285
path,-8.775282126028257,-3.243082945851487
path,-8.775300892204866,-3.244040499867534
path,-8.775368279403214,-3.245123378101321
path,-8.775470799701804,-3.246311828003077
path,-8.775542830987341,-3.2474866795470856
path,-8.77564789457461,-3.2487331298511455
path,-8.775786627162155,-3.2500525392872137
path,-8.775959414142033,-3.2514458377128372
path,-8.776171172993019,-3.25290972670172
path,-8.77641264928207,-3.254443727429374
path,-8.776247481022743,-3.25556420046365
path,-8.775384795345007,-3.255785446493427
path,-8.774564107312708,-3.2555999340398207
path,-8.773654119618193,-3.254896519353916
path,-8.772675565420414,-3.2541385284118416
path,-8.771693059119633,-3.2533711141698425
path,-8.770710972967972,-3.2526024719150146
path,-8.769729333710162,-3.2518323637338837
path,-8.768755934880392,-3.251066403695347
path,-8.76778317349644,-3.2502991238307906
path,-8.76681086531847,-3.249530188738608
path,-8.765839010954243,-3.2487596142085717
path,-8.764867611187203,-3.2479874163243934
path,-8.763897355538953,-3.247214641189273
path,-8.762931737546664,-3.2464483258363552
path,-8.761971738963178,-3.2456907724032873
path,-8.761013049896611,-3.244933093640081
path,-8.760052234141476,-3.244170821839494
path,-8.759094671545297,-3.2434121584025712
path,-8.758134689921574,-3.2426465873762678
path,-8.7571773715793,-3.2418839672720168
path,-8.756219180399832,-3.2411154320566173
path,-8.755261557928732,-3.2403476283391877
path,-8.754305643217132,-3.239580412383416
path,-8.753348258553443,-3.23880825716057
path,-8.752393842027345,-3.2380395735524066
path,-8.751437030338876,-3.23726404150037
path,-8.750482947597652,-3.2364914899991657
path,-8.749529007992649,-3.235715108836487
path,-8.74857297945773,-3.2349360165013312
path,-8.747620100227275,-3.234157225860524
path,-8.74666522944025,-3.2333759106878417
path,-8.745713411052904,-3.2325947282166343
path,-8.744759658113907,-3.23181114037666
path,-8.743808960084937,-3.2310275942470654
path,-8.742857473682879,-3.2302412637189497
path,-8.741908017848159,-3.2294557103863086
path,-8.740958217479246,-3.2286680591044643
path,-8.74000749538096,-3.2278756723986577
path,-8.739058408146395,-3.2270850049617645
path,-8.738110537856352,-3.2262939426310573
path,-8.737162511713072,-3.2255001873768165
path,-8.73621486712056,-3.224705865897514
path,-8.735003581587858,-3.223720428927768
path,-8.733758288000185,-3.222670593244964
path,-8.732512839009253,-3.2216173818445624
path,-8.731269726315846,-3.220563988126729
path,-8.730024936604222,-3.21950411948582
path,-8.728783484674942,-3.2184455415144586
path,-8.727541840831146,-3.2173835960164774
path,-8.726302563742802,-3.2163214792229553
path,-8.72506331960354,-3.2152563695850387
path,-8.723823318273226,-3.2141853084567185
path,-8.722585158314146,-3.21311416114645
path,-8.721349203700592,-3.212042864676743
path,-8.720113401356173,-3.210968841556264
path,-8.718876798016066,-3.2098887891527847
path,-8.717641808834154,-3.208808508624134
path,-8.716408949760357,-3.2077279717050122
path,-8.715176257284712,-3.206644732955239
path,-8.713942907658218,-3.20555598729798
path,-8.712711154117365,-3.2044671694935123
path,-8.711480868583763,-3.2033762501384344
path,-8.71032507592836,-3.2023528578320417
path,-8.709175026796448,-3.201327824956492
path,-8.708027550257155,-3.2003030692370804
path,-8.706879865460529,-3.1992749632124835
path,-8.705733349250579,-3.1982452884475157
path,-8.704588110381561,-3.19721520703541
path,-8.703441950657089,-3.196179037578941
path,-8.702297950141556,-3.1951458590755752
path,-8.701152946132709,-3.1941053583801002
path,-8.7000095012938,-3.1930649740044923
path,-8.698868139302643,-3.192024819729155
path,-8.697725302221963,-3.190978818550358
path,-8.696584990955465,-3.189934038033775
path,-8.69544580586534,-3.1888887698734956
path,-8.694305523210689,-3.1878370025278873
path,-8.693167087424547,-3.1867865875806576
path,-8.692027609425363,-3.1857297293422575
path,-8.690891137268542,-3.1846758489335767
path,-8.689754256219718,-3.183618087463612
path,-8.688618025599274,-3.1825594626205054
path,-8.687481232694822,-3.1814966402966096
path,-8.686347860190756,-3.180434901758524
path,-8.685214802734473,-3.17937028661231
path,-8.684082718608414,-3.1783046723536303
path,-8.682950421983348,-3.1772369702558803
path,-8.681820615028562,-3.176170147908003
path,-8.680690823868703,-3.175102795827848
path,-8.67956259301798,-3.1740322209384892
path,-8.678434440760926,-3.17295823960763
path,-8.677308833297268,-3.171886375879349
path,-8.67618338802943,-3.1708142526700938
path,-8.675058620418486,-3.169738731393185
path,-8.673934310061934,-3.1686624871680316
path,-8.672811476603615,-3.1675856613221316
path,-8.671689986078919,-3.1665082870648695
path,-8.670568371647445,-3.1654290657402298
path,-8.669447260674978,-3.164350805426959
path,-8.668323433746451,-3.163268491160048
path,-8.66719914461237,-3.1621846361327686
path,-8.666075683733574,-3.1610986867483675
path,-8.664948267411427,-3.160005095619427
path,-8.663820240988759,-3.1589091797442963
path,-8.662693335519524,-3.157811233049761
path,-8.661567355276485,-3.1567113712968387
path,-8.660442101264952,-3.1556095447268686
path,-8.659316428330518,-3.154504894199271
path,-8.658192050651888,-3.1533993396916418
path,-8.657067976690815,-3.152290829575592
path,-8.655945169486367,-3.1511823351690773
path,-8.654822521306142,-3.1500699912659633
path,-8.65369983538946,-3.148954463480224
path,-8.652576875690153,-3.147838015408889
path,-8.651455065622152,-3.146718659636227
path,-8.650333907838574,-3.1455974069215324
path,-8.649213450742009,-3.144474253589924
path,-8.648092924545308,-3.1433478076173107
path,-8.64697372293811,-3.1422194450048786
path,-8.645859246303328,-3.141088633104147
path,-8.644745364885152,-3.1399557455812386
path,-8.643632913505826,-3.138821566575398
path,-8.642689990659733,-3.137842351674152
path,-8.641803809373533,-3.1369569974110116
path,-8.640906607017056,-3.1360363270476306
path,-8.640009919663248,-3.135114388479355
path,-8.639113747410711,-3.134191184077576
path,-8.638216991602592,-3.1332655809146117
path,-8.637320752129897,-3.132338712514683
path,-8.636425029782785,-3.1314105816965454
path,-8.635529824915986,-3.1304811903525542
path,-8.634635138040009,-3.129550540541311
path,-8.633739019524574,-3.12861659951187
path,-8.632843435145643,-3.12768141029732
path,-8.631948372397735,-3.12674496282687
path,-8.631053831993505,-3.1258072588966845
path,-8.630159814642536,-3.1248683001772246
path,-8.62926490384583,-3.1239265959022093
path,-8.628370518786395,-3.1229836354288105
path,-8.627476660800683,-3.122039421175321
path,-8.626583330721493,-3.1210939547417307
path,-8.625690529383949,-3.1201472376635637
path,-8.624423927754417,-3.118844640622714
path,-8.622966874278982,-3.117292504910963
path,-8.621511257629754,-3.115736978615185
path,-8.62005707712116,-3.11417806912775
path,-8.618604336078468,-3.112615788626758
path,-8.617171155635567,-3.1110463168732725
path,-8.615739447458193,-3.1094737718178727
path,-8.614309180874246,-3.1078978867756217
path,-8.612880360340943,-3.1063186719544795
path,-8.611452990403652,-3.1047361374607254
path,-8.610011123369377,-3.1031325264039777
path,-8.608557194477696,-3.101492665634988
path,-8.6071018883849,-3.099839300600215
path,-8.605648273694142,-3.098182573781572
path,-8.604196354734482,-3.0965224925489614
path,-8.602734007583203,-3.0948451349404658
path,-8.601273389626789,-3.0931643746640054
path,-8.599814508398884,-3.091480224475688
path,-8.598357369147212,-3.0897926934185063
path,-8.596901975848658,-3.088101787975264
path,-8.595424155177326,-3.0863792989237897
path,-8.593948139632014,-3.08465332208682
path,-8.592473941955147,-3.0829238795818963
path,-8.591001566543275,-3.08119097861472
path,-8.58952935462756,-3.0794205139730155
path,-8.588038868486041,-3.077546103953208
path,-8.586556341659707,-3.075676545689526
path,-8.58508214219335,-3.073824979623673
path,-8.583612164941606,-3.071967144675737
path,-8.582136147619748,-3.0701146645573574
path,-8.580611077485727,-3.068230174078527
path,-8.579061991052429,-3.066307849592968
path,-8.57749029124699,-3.0643688534372737
path,-8.57590865174459,-3.062419558191136
path,-8.574329427343216,-3.0604577945506555
path,-8.572729274394018,-3.0584708063247628
path,-8.57113073477781,-3.0564687663551773
path,-8.569533037884561,-3.0544576162585706
path,-8.567938529986703,-3.0524405949573965
path,-8.566344906295017,-3.050415887869422
path,-8.564719299196442,-3.0483520619204008
path,-8.563094698833176,-3.046267277164299
path,-8.56147287530475,-3.044178713829735
path,-8.559851975099349,-3.0420802438492434
path,-8.558234389015572,-3.039976274352073
path,-8.55658368640356,-3.037834224893039
path,-8.554933370717356,-3.0356679921436194
path,-8.553286462771814,-3.0335028340414807
path,-8.551642161894721,-3.0313355562997346
path,-8.549999917324326,-3.0291593232410925
path,-8.548334218122758,-3.0269507792210724
path,-8.546669781545768,-3.0247250706000326
path,-8.545007504690934,-3.022490396324873
path,-8.543347455489219,-3.020247597704643
path,-8.54168965381952,-3.0179968032918665
path,-8.539991118686812,-3.015695602606116
path,-8.53829354549597,-3.013368905456506
path,-8.536598469028505,-3.011034837425284
path,-8.534906176828327,-3.0086921922295966
path,-8.53321660766194,-3.0063427364984525
path,-8.531183321723667,-3.0037764076148683
path,-8.529029753573315,-3.001045996732708
path,-8.526871396328763,-2.9981913257655557
path,-8.52471084626925,-2.9952162454047477
path,-8.522550386616322,-2.9921362315039914
path,-8.519947534626985,-2.9887604125482707
path,-8.516941618050918,-2.985092265476139
path,-8.513939761056294,-2.981276377197135
path,-8.51094293054825,-2.9772990848917793
path,-8.507948378022943,-2.973152913511862
path,-8.504798625270205,-2.9687885830567393
path,-8.501645330594343,-2.964230913704712
path,-8.498495976041541,-2.9594750670976446
path,-8.495333793278455,-2.9545979174265167
path,-8.492050886486174,-2.9496356956100924
path,-8.488322795244423,-2.944447638603141
path,-8.484381062265982,-2.9389782502306825
path,-8.480377266371567,-2.9331724802415877
path,-8.476368732696997,-2.9272388290530387
path,-8.472474787412095,-2.921364766912702
path,-8.468633601464703,-2.9157936852596404
path,-8.464913766394488,-2.910351511167782
path,-8.461304126418751,-2.9050105911721604
path,-8.457681970781366,-2.8997792596604657
path,-8.454055486362572,-2.8945801229037516
path,-8.450420250452988,-2.8893726575673404
path,-8.446827126938922,-2.884172552318631
path,-8.443256962817802,-2.8789921304045687
path,-8.439713140635892,-2.8738323994053334
path,-8.436198157392184,-2.8686957291980653
path,-8.432453165893708,-2.8633415539071
path,-8.428696881584177,-2.857835256050327
path,-8.42496428723899,-2.8523099795286933
path,-8.421253048589657,-2.8467695811120826
path,-8.417563142348623,-2.8412117404767465
path,-8.41388616113772,-2.8356405882622715
path,-8.410234695726183,-2.830054845283107
path,-8.406605870055772,-2.824453903022238
path,-8.402989061201263,-2.8188397616827334
path,-8.399395943103434,-2.8132129311029157
path,-8.395822054097573,-2.8075731692127914
path,-8.392262871915612,-2.801915486324265
path,-8.388724139553316,-2.7962428891325577
path,-8.385195718861612,-2.7905536523220724
path,-8.381684952322477,-2.7848514611092714
path,-8.37816993661197,-2.7792298369343924
path,-8.374577359469296,-2.7737144728009406
path,-8.370907749158038,-2.7682956408509107
path,-8.367167799725532,-2.7629665025615524
path,-8.363359183216796,-2.757727317716939
path,-8.359573258205447,-2.7523073647150293
path,-8.355783367456716,-2.746864781246268
path,-8.351822170602821,-2.7415701114797684
path,-8.347742161521516,-2.7363677665090913
path,-8.34350739262666,-2.7312855625489547
path,-8.339305357481065,-2.7260027616250726
path,-8.335029538219748,-2.7207007368889973
path,-8.330689633678364,-2.715646596306887
path,-8.326215502615007,-2.710730275250838
path,-8.321600727748766,-2.7059358591601983
path,-8.31709552212744,-2.7009373629093623
path,-8.312392741720968,-2.6959627262242085
path,-8.307628394072344,-2.6911704045212472
path,-8.302941453732483,-2.686532709403332
path,-8.298351349896762,-2.682021992267911
path,-8.294084412453625,-2.677421540785446
path,-8.289686657534798,-2.672996114480598
path,-8.285242991726788,-2.6688527697439115
path,-8.280895550393936,-2.6648905310975457
path,-8.276654493903104,-2.661089931001769
path,-8.272756744141782,-2.65782755870119
path,-8.269312803606983,-2.655368145974265
path,-8.266094028127668,-2.6532416349670003
path,-8.263016986783597,-2.6512125640029054
path,-8.260078178635048,-2.6492778346839887
path,-8.257301697338338,-2.647481828693957
path,-8.254698263577781,-2.6457164953521803
path,-8.252201974322837,-2.644095900722707
path,-8.249576528015204,-2.6424536305988173
path,-8.246983579575128,-2.640710240432131
path,-8.244745646158457,-2.6394471140838696
path,-8.243081739338264,-2.6385095923741604
path,-8.241768830343606,-2.637682691788627
path,-8.240744206174597,-2.6368141906420943
path,-8.239899180529864,-2.6359087012717954
path,-8.238303696936349,-2.634473980817102
path,-8.235991762504085,-2.632558940306906
path,-8.233023024129503,-2.6302832541469217
path,-8.229453969834402,-2.6276570813515447
path,-8.22553020510491,-2.6248377143551247
path,-8.221313542287765,-2.6218725329652868
path,-8.217003345052493,-2.6188863491165497
path,-8.212790674301086,-2.616009025568919
path,-8.208661832509202,-2.613222367412511
path,-8.20460313259307,-2.610481711337388
path,-8.200596290427818,-2.6078301101348096
path,-8.196649887651608,-2.6052335464661804
path,-8.192734495334426,-2.602673759043574
path,-8.188722952566074,-2.6000884953560672
path,-8.184555256597047,-2.5974300556305416
path,-8.18042208507774,-2.594749106823295
path,-8.176396047191117,-2.592105207408825
path,-8.172318228888356,-2.589445222330999
path,-8.16827660163524,-2.586800010157339
path,-8.164291550060604,-2.584177257111769
path,-8.160399722957338,-2.5816359536145126
path,-8.15660133497036,-2.5791338692386274
path,-8.152812384317581,-2.576635774173009
path,-8.149084518878274,-2.5741614562538873
path,-8.145420572473327,-2.5717093717780735
path,-8.141855512735662,-2.5693536531206767
path,-8.13839545003697,-2.56704292001044
path,-8.134959684685928,-2.564742664518958
path,-8.131587547103143,-2.5624667604912634
path,-8.128279263943744,-2.5602152304373313
path,-8.125119871763856,-2.558048884988383
path,-8.122141265284185,-2.555949190460991
path,-8.119334743836227,-2.5539113006144127
path,-8.116731370620904,-2.551970898594309
path,-8.114342021629096,-2.5501469763025377
path,-8.112145444300436,-2.548514111618375
path,-8.110137021936808,-2.546974513538799
path,-8.108322438600377,-2.5454338085642996
path,-8.106603781167923,-2.543917666297482
path,-8.104904998923333,-2.5424263347613607
path,-8.103250036846074,-2.540985411302971
path,-8.101612939836526,-2.5395599419190322
path,-8.099985541260683,-2.5381475835113028
path,-8.098365870859215,-2.5367459457776573
path,-8.096752344596295,-2.5353531067114106
path,-8.095163647176811,-2.5339944920984827
path,-8.093577107506672,-2.532642643099353
path,-8.091994239507411,-2.5312948100476147
path,-8.09041294262007,-2.529951972196941
path,-8.088832955756144,-2.528612584855883
path,-8.08727258365373,-2.527294056700849
path,-8.085718483565364,-2.5259845604818154
path,-8.084164125548552,-2.5246737365519616
path,-8.08261124145088,-2.523365617012628
path,-8.081058943622105,-2.5220618336540412
path,-8.079435112586268,-2.5206965529504064
path,-8.077800355196334,-2.519330110769676
path,-8.076166378493705,-2.517966127103091
path,-8.074530447824198,-2.516605545724605
path,-8.07289296645589,-2.5152474528137416
path,-8.071294764077393,-2.513928241657497
path,-8.06970096460675,-2.512613534731804
path,-8.068106698633374,-2.51130379202654
path,-8.066513775444447,-2.5099948742972757
path,-8.064935191615271,-2.5086922223020967
path,-8.063378380673981,-2.5074144571827435
path,-8.061826090140626,-2.5061396510801215
path,-8.060272623688066,-2.5048687333669797
path,-8.058716750139144,-2.5035980414294734
path,-8.057159630686543,-2.5023389446177293
path,-8.055630889953497,-2.5011007609165583
path,-8.054105679977674,-2.4998664582353984
path,-8.052581517533632,-2.4986337793363655
path,-8.051055482706923,-2.4974029235859168
path,-8.049528036143748,-2.496172524279924
path,-8.048024318085167,-2.494964511197508
path,-8.046524161403521,-2.493758695837651
path,-8.045026093896798,-2.4925532926430645
path,-8.043526841331492,-2.4913496235412276
path,-8.04202642960292,-2.490146445832457
path,-8.040540548034018,-2.4889578000076047
path,-8.039058814673703,-2.487770259438284
path,-8.037576922072134,-2.486584785846399
path,-8.03609399114351,-2.485399816393577
path,-8.034610436774669,-2.4842142441051016
path,-8.033142220962365,-2.4830450548297587
path,-8.031679799189538,-2.481879474772332
path,-8.03021706896526,-2.480714625615891
path,-8.028752218201188,-2.479549863105763
path,-8.027289610447738,-2.478385485608492
path,-8.025837266698359,-2.47723372939837
path,-8.024388475140999,-2.4760840435490548
path,-8.022937655208787,-2.4749344582385926
path,-8.021489092611928,-2.473785239268616
path,-8.02003925556856,-2.4726376308940505
path,-8.018549416146698,-2.4714571157813565
path,-8.01705637801859,-2.4702770863002903
path,-8.015561491511452,-2.469097272722123
path,-8.014067537376917,-2.467917397771832
path,-8.012573002534863,-2.4667394247675896
path,-8.011091428490452,-2.4655746523698383
path,-8.009612934069775,-2.4644105517274557
path,-8.008135237820447,-2.4632488051544073
path,-8.006656444370043,-2.4620875177036865
path,-8.005177030764546,-2.460925610422921
path,-8.003715823800508,-2.459782926225697
path,-8.002260951297197,-2.458643245138926
path,-8.000805508874057,-2.4575041768493873
path,-7.999348872615419,-2.4563642659851204
path,-7.997890268539405,-2.4552307004585763
path,-7.996454573221503,-2.454110323843352
path,-7.99501751233113,-2.452989019590682
path,-7.993586155899165,-2.4518716903693982
path,-7.9921593400116855,-2.4507566888212136
path,-7.990737862434794,-2.449643031942689
path,-7.989324741963457,-2.448538489784945
path,-7.987914331387866,-2.4474343695060052
path,-7.986503060060507,-2.4463306934446347
path,-7.985091757903091,-2.4452277444319894
path,-7.983680073143497,-2.444126629453922
path,-7.982281046114854,-2.4430369518405084
path,-7.980885686581559,-2.441950474975258
path,-7.97949020389192,-2.4408634358571346
path,-7.9780942685789125,-2.4397769625673686
path,-7.976698318810629,-2.438691203026566
path,-7.975314768959914,-2.437618081236966
path,-7.973932666008041,-2.436544921697561
path,-7.972550479427266,-2.4354724371660854
path,-7.9711678928175775,-2.434401748073018
path,-7.9697850445053255,-2.4333304367325237
path,-7.9684068114618025,-2.4322643278983564
path,-7.9670301291388315,-2.431199437892154
path,-7.965652953191455,-2.430136299014628
path,-7.964275280512708,-2.4290724589997876
path,-7.962897478127872,-2.428009271368013
path,-7.961520284888145,-2.4269473488995197
path,-7.960142631179924,-2.425887187224752
path,-7.958764547906322,-2.424826347416292
path,-7.957386298955224,-2.4237661469297582
path,-7.956007927607334,-2.4227065995597066
path,-7.954635863912768,-2.421654698451336
path,-7.953264907630325,-2.420602624951714
path,-7.951893778679023,-2.4195511797819322
path,-7.950522423246465,-2.4185003447043547
path,-7.949150475008902,-2.417451219233577
path,-7.947788554732657,-2.416410486805525
path,-7.946428989246634,-2.415371208561674
path,-7.9450694157745145,-2.41433259966715
path,-7.943709289584557,-2.4132956968237105
path,-7.942348780021787,-2.41225811450772
path,-7.940991840227077,-2.411224503183047
path,-7.939635833508998,-2.410191866734328
path,-7.938279802837324,-2.4091598888108394
path,-7.936922857454649,-2.408129488425026
path,-7.935565582389421,-2.40709842757887
path,-7.934210682788996,-2.406070148631223
path,-7.932856347630577,-2.405042718289848
path,-7.931501970569901,-2.4040159370107244
path,-7.930146674274001,-2.402990728317116
path,-7.92879103124872,-2.4019648521360724
path,-7.927439664773044,-2.4009434470766746
path,-7.926089439769423,-2.3999230719503473
path,-7.924739202942903,-2.3989033497749697
path,-7.923388193388856,-2.397885243352219
path,-7.922036750342866,-2.3968664356320284
path,-7.920690768330146,-2.395853183720806
path,-7.919346306816727,-2.3948410752677805
path,-7.918001851814317,-2.3938296182901535
path,-7.916657281060084,-2.392818772789052
path,-7.915311586030002,-2.3918094188788808
path,-7.913970342443547,-2.390803487089601
path,-7.9126302442603444,-2.389798569195122
path,-7.911290132044311,-2.3887942903506625
path,-7.9099499072566335,-2.387790618411603
path,-7.9086095446066444,-2.386787544878496
path,-7.907270872171978,-2.3857882479667043
path,-7.905932503784754,-2.3847884757453883
path,-7.9045938752542755,-2.383789261037099
path,-7.903255135158624,-2.3827906509561863
path,-7.901916276316675,-2.381792642794296
path,-7.900579796769565,-2.380797420478722
path,-7.899243914774807,-2.379803024868798
path,-7.897907918852365,-2.378809228464195
path,-7.89657173942746,-2.377816008885334
path,-7.895234456183185,-2.3768242752631146
path,-7.893898920983595,-2.3758336890457734
path,-7.892563817428402,-2.3748438740508115
path,-7.8912286268401,-2.3738546651181744
path,-7.889893291375163,-2.372866043609215
path,-7.8885577922065675,-2.3718780032896647
path,-7.887222968115454,-2.370891281230022
path,-7.885888219362836,-2.36990521428801
path,-7.884553288333391,-2.368919720917906
path,-7.883218145008599,-2.367934791518038
path,-7.881882778829481,-2.366950422642844
path,-7.8805476307476106,-2.3659670008388916
path,-7.879212384596526,-2.364984177978379
path,-7.877876904085572,-2.3640019111868207
path,-7.876541166476683,-2.363020193300255
path,-7.875205135512951,-2.36203901301659
path,-7.873868457042041,-2.361058112628646
path,-7.872531479413494,-2.3600777485027296
path,-7.871194202338065,-2.3590979206225318
path,-7.869856625436922,-2.3581186289442813
path,-7.868518748382622,-2.3571398734415796
path,-7.867179271832746,-2.3561607044992785
path,-7.865839493473245,-2.355182072593554
path,-7.864499413649273,-2.3542039779126958
path,-7.863159032194932,-2.353226420484936
path,-7.861818348975493,-2.352249400348969
path,-7.860475606712492,-2.351271638045539
path,-7.859132560960365,-2.3502944143177324
path,-7.857789212400827,-2.349317729459798
path,-7.856445560997499,-2.3483415835435912
path,-7.855101606732925,-2.347365976647265
path,-7.853753449385156,-2.346388079887344
path,-7.8524049857810265,-2.3454107249501948
path,-7.85105621759388,-2.344433912433454
path,-7.849707144866979,-2.3434576424360296
path,-7.848357767655095,-2.3424819150606226
path,-7.847004590393894,-2.3415042048045835
path,-7.845651105730748,-2.3405270397567355
path,-7.844297315224637,-2.339550420475326
path,-7.84294321896768,-2.3385743470758737
path,-7.841588817059003,-2.337598819676178
path,-7.840227404677987,-2.336619013044502
path,-7.83886568099474,-2.335639757233258
path,-7.837503648960775,-2.334661053211287
path,-7.83614130869964,-2.333682901105415
path,-7.834778660339174,-2.3327053010438417
path,-7.833410179777492,-2.3317242932076385
path,-7.832040836392689,-2.3307450420574303
path,-7.830634256961515,-2.329791774514618
path,-7.8292538640771046,-2.328805279489136
path,-7.8278752273386525,-2.327816372243493
path,-7.826490105523658,-2.32682160383723
path,-7.825101035096958,-2.325822788129199
path,-7.8237098531322875,-2.324822336640548
path,-7.8223183129847085,-2.3238224371049068
path,-7.820926416319184,-2.3228230952596483
path,-7.819523087344288,-2.3218163673880134
path,-7.818119394316546,-2.3208102154697223
path,-7.816715343382296,-2.3198046451511085
path,-7.815310935700812,-2.318799660306754
path,-7.813906172345032,-2.31779526445498
path,-7.812492151692994,-2.3167850999678437
path,-7.811077768940225,-2.3157755373795315
path,-7.809663028887523,-2.3147665804277686
path,-7.808247932340481,-2.3137582315180487
path,-7.806832480052009,-2.312750492840259
path,-7.8054007388307465,-2.3117320313613754
path,-7.8039686282555,-2.31071419625732
path,-7.802536156013386,-2.309696991125712
path,-7.801103322699492,-2.3086804174862006
path,-7.799670128876806,-2.307664476727954
path,-7.798223954304776,-2.3066402315937147
path,-7.79677740835896,-2.3056166316745257
path,-7.795330497126778,-2.3045936795547126
path,-7.793883221076757,-2.303571376218731
path,-7.792435580657884,-2.3025497225720604
path,-7.790966739272666,-2.301514027681283
path,-7.789497514623273,-2.300479000675325
path,-7.788027916375852,-2.2994446447375307
path,-7.786557944928995,-2.2984109605325913
path,-7.785087600669438,-2.297377948677403
path,-7.78360628788094,-2.2963381725226957
path,-7.782124592944835,-2.295299078383588
path,-7.780642520937243,-2.2942606680005153
path,-7.7791600722134655,-2.2932229418440313
path,-7.777677247121627,-2.2921859003557494
path,-7.776170122602343,-2.2911328293352513
path,-7.77466259954408,-2.2900804634050074
path,-7.773154688946471,-2.2890288057018733
path,-7.771646391148511,-2.287977856584546
path,-7.770137706484901,-2.2869276163942116
path,-7.768617448420068,-2.2858703059105188
path,-7.76709679341849,-2.2848137143017055
path,-7.765575746800762,-2.2837578431425904
path,-7.764054308894596,-2.2827026927231504
path,-7.762532480025144,-2.28164826332274
path,-7.760989290927187,-2.2805800411394572
path,-7.759445691325563,-2.279512558201724
path,-7.757901690918796,-2.278445817124552
path,-7.7563572900364175,-2.27737981816103
path,-7.7548124890064845,-2.276314561557813
path,-7.753237279347422,-2.27522937629111
path,-7.751661641113477,-2.274144959706008
path,-7.75008558807213,-2.273061315368226
path,-7.748509120565152,-2.271978443514609
path,-7.746932238933519,-2.2708963443781167
path,-7.745327809303743,-2.2697964183576405
path,-7.743722939734917,-2.2686972894022612
path,-7.742117642739917,-2.2675989607098623
path,-7.740511918674472,-2.2665014325108785
path,-7.738905767893932,-2.2654047050333945
path,-7.737319064356034,-2.2643250101959262
path,-7.735735379308719,-2.2632461081817095
path,-7.734151364131231,-2.262168008335856
path,-7.732567011271192,-2.261090708483676
path,-7.730982313927932,-2.260014206679295
path,-7.729369691221856,-2.2589197854690597
path,-7.727756685562348,-2.2578261834497835
path,-7.726143304410253,-2.256733402175389
path,-7.724529543339493,-2.2556414404226715
path,-7.722915398379583,-2.254550297106372
path,-7.721281001184653,-2.2534465561009314
path,-7.719646193912086,-2.2523436496418876
path,-7.718010982666749,-2.2512415790702116
path,-7.716375364919611,-2.250140343737911
path,-7.714739338417837,-2.249039943080103
path,-7.713070203612198,-2.2479184074656815
path,-7.711399991202999,-2.2467964115693633
path,-7.709716080874115,-2.2456648866415683
path,-7.708028642195589,-2.2445304460524462
path,-7.706341493346568,-2.243396726504659
path,-7.70462410854135,-2.242240765310146
path,-7.702899026131969,-2.2410838232203214
path,-7.701172685018973,-2.239928037878353
path,-7.699446469275429,-2.2387729528101037
path,-7.697718474726678,-2.237618873655512
path,-7.695947950678382,-2.236439382970227
path,-7.69417550502917,-2.2352566840651242
path,-7.6924012187272774,-2.23407505267854
path,-7.690628238156237,-2.232894503087114
path,-7.688854188117148,-2.2317148045763706
path,-7.687053599806101,-2.230516591643861
path,-7.685244262580532,-2.2293165827539188
path,-7.683435266550784,-2.228117421355419
path,-7.681625299872757,-2.2269191671513693
path,-7.679813522251163,-2.225725067662582
path,-7.6779458474660744,-2.22448830014947
path,-7.676071898234263,-2.2232511479932917
path,-7.674196811172806,-2.2220149535385105
path,-7.6723208531920655,-2.220780192959837
path,-7.6704448638246765,-2.219546262084268
path,-7.668525724509159,-2.2182824446138025
path,-7.666599316923512,-2.217018039964811
path,-7.6646709277204925,-2.215754830018872
path,-7.662742835768629,-2.2144956272059466
path,-7.660814373570629,-2.2132343000176498
path,-7.65882110161311,-2.211928777456068
path,-7.656819689401594,-2.2106225671473654
path,-7.654816689661439,-2.2093177649333935
path,-7.652814197120694,-2.208014089537039
path,-7.650810595893354,-2.2067115297778734
path,-7.648749459587262,-2.2053708065908744
path,-7.6466768388824615,-2.2040270396649957
path,-7.644604289479223,-2.202684370395364
path,-7.642530254360275,-2.201346004983105
path,-7.640454705771241,-2.2000056426601478
path,-7.638262535022238,-2.1985882104493566
path,-7.6360638350731245,-2.197170346455941
path,-7.633863754165453,-2.1957538109049834
path,-7.631661381215934,-2.1943384955991894
path,-7.629456666593907,-2.1929247950297244
path,-7.627473444286714,-2.1917460635321553
path,-7.625688951783505,-2.190634667518469
path,-7.6239539090276525,-2.189532149710759
path,-7.6222262962385035,-2.1884344843571757
path,-7.620497937028109,-2.187334865029202
path,-7.618740996365804,-2.18621483150801
path,-7.616978508296411,-2.185094504160839
path,-7.615215064533871,-2.1839750200872383
path,-7.613450100596795,-2.1828567659186224
path,-7.611685944933862,-2.181739262390805
path,-7.609880872783717,-2.18059402820277
path,-7.608068126839003,-2.1794480303681283
path,-7.606252844504065,-2.178305621143592
path,-7.604438611883258,-2.177161617988357
path,-7.602622755761284,-2.176020046549879
path,-7.6007773347743,-2.1748591335085914
path,-7.598926309641656,-2.1736991956733
path,-7.597073607531878,-2.1725411736358122
path,-7.595219215282984,-2.1713857749035084
path,-7.593362155130089,-2.170230184297863
path,-7.591440324750214,-2.1690322093496435
path,-7.589497290699591,-2.16782729031125
path,-7.58754036668602,-2.1666151971129404
path,-7.585564447431059,-2.165396370449612
path,-7.583572248247853,-2.164169559814802
path,-7.581521867169515,-2.1629049957348987
path,-7.579456742836771,-2.1616429694622687
path,-7.57738918211144,-2.1603805404760656
path,-7.57532198626218,-2.1591201612468485
path,-7.573253054666988,-2.157863143546873
path,-7.571148396377527,-2.156581206532122
path,-7.569030696679074,-2.155303636430443
path,-7.566912471154528,-2.1540241259994035
path,-7.564792631740073,-2.152748160242131
path,-7.5626720932807014,-2.1514749533115163
path,-7.5604864769068545,-2.150157004102939
path,-7.558283113632505,-2.148839433553116
path,-7.55607786356274,-2.147524582683155
path,-7.553872678228697,-2.1462116549954775
path,-7.551665484760325,-2.144902502890598
path,-7.549410032603659,-2.1435604906536416
path,-7.547139305905957,-2.14221950550594
path,-7.544865949528412,-2.1408809986933455
path,-7.542591914767332,-2.1395455411915014
path,-7.540318158057564,-2.138211906112416
path,-7.537976538761554,-2.1368357901544655
path,-7.535610631887101,-2.1354558115294955
path,-7.533243242875946,-2.134077441726712
path,-7.530873385811498,-2.1327035098954292
path,-7.528504505623705,-2.1313297618503477
path,-7.526043255759062,-2.1298971021088375
path,-7.523558606260958,-2.128460132836477
path,-7.521071385332674,-2.127028935495887
path,-7.518584175920146,-2.125598461917322
path,-7.516095393250654,-2.1241717421719906
path,-7.5135406859569684,-2.1227045361676016
path,-7.510969501661025,-2.1212364425774797
path,-7.508395448327108,-2.1197704790100667
path,-7.505821282762833,-2.1183060591792495
path,-7.503245331959123,-2.1168439591794237
path,-7.50105678292857,-2.1156779594015465
path,-7.499140781472364,-2.114649517003172
path,-7.497301517844635,-2.113630610377203
path,-7.49549037379912,-2.1126154736606484
path,-7.493682962630495,-2.111601921856271
path,-7.491857985455205,-2.110576359804327
path,-7.4900270770803195,-2.1095514466109972
path,-7.488196133003239,-2.108527115547649
path,-7.486363744602947,-2.1075041029670865
path,-7.484530827429868,-2.106482067262421
path,-7.482668903766143,-2.1054402965126595
path,-7.480797710401433,-2.1043987286911303
path,-7.47892516181813,-2.1033580663760234
path,-7.477052979731248,-2.1023181098830035
path,-7.475179314284296,-2.101279485714716
path,-7.473285326251682,-2.100226999740354
path,-7.471383785601317,-2.099175005082725
path,-7.469481014583574,-2.0981239655812702
path,-7.467577658990653,-2.097073968699709
path,-7.46567383919049,-2.0960250414406496
path,-7.463271925627535,-2.0946726531122914
path,-7.460348917197648,-2.0930548853013375
path,-7.457252179606857,-2.0913259933570973
path,-7.454075186564107,-2.0895527698102088
path,-7.450893532029297,-2.0877817869545163
path,-7.447599932373254,-2.0859610363515393
path,-7.444365510717361,-2.084141240659559
path,-7.441556469497452,-2.082259420237585
path,-7.4392141356628265,-2.080380023414313
path,-7.437285784298494,-2.0785124844755773
path,-7.434842501394228,-2.076780978761782
path,-7.431910331114036,-2.0749998586515948
path,-7.429326111059057,-2.0731365472249212
path,-7.427175771528931,-2.0711703217742388
path,-7.42546898160691,-2.0691400827179747
path,-7.42328472996443,-2.067260133563686
path,-7.420459483802075,-2.065504504479286
path,-7.417909384544096,-2.0636819471271735
path,-7.41579862227394,-2.0617598468446254
path,-7.414131407051967,-2.0597840815763244
path,-7.411762311146332,-2.0575908299549672
path,-7.408506857251695,-2.0552363417231074
path,-7.405310398673462,-2.0527931737360587
path,-7.402576088665752,-2.0503394885877286
path,-7.40031617836956,-2.04790420552962
path,-7.397852000201001,-2.04545172048547
path,-7.3950985302000385,-2.0428224636447987
path,-7.39281465469126,-2.039970449641536
path,-7.390914685425219,-2.037183809859916
path,-7.389151239745712,-2.034427356449901
path,-7.387558916368065,-2.031560933805262
path,-7.385824665374373,-2.0287468440622565
path,-7.384455269263909,-2.0258971315205128
path,-7.383245415239673,-2.023130732996463
path,-7.382105271032692,-2.020407151779067
path,-7.38089155913951,-2.0176168116498543
path,-7.379388637698931,-2.0148086409486274
path,-7.37829351339383,-2.011965900974214
path,-7.377347280830776,-2.009210180905291
path,-7.3764361197262875,-2.0064379541229735
path,-7.375840576125937,-2.003924081718209
path,-7.375797434165704,-2.001869679617316
path,-7.376320039393125,-1.9999210843150734
path,-7.3770760558692166,-1.9980742685432813
path,-7.377850989447066,-1.9962495546750765
path,-7.37849934946106,-1.9944463633957903
path,-7.378837508669163,-1.9926607865898138
path,-7.379555923651306,-1.9909387851597138
path,-7.379619679835753,-1.989207230447495
path,-7.378142212942669,-1.9874095939565273
path,-7.375665974796148,-1.9852794506639528
path,-7.372313387935076,-1.9826661292954821
path,-7.368317417724559,-1.979628081534307
path,-7.364030418588495,-1.9763549294886702
path,-7.359888869589644,-1.9730414990917553
path,-7.355826828843653,-1.9696557396928849
path,-7.351929981561765,-1.9662514654585088
path,-7.348143749554031,-1.9627647982410927
path,-7.344516484971037,-1.959249535486602
path,-7.341048038067274,-1.955707083164137
path,-7.337934756844254,-1.9522557625971277
path,-7.335318500709074,-1.9489122027618149
path,-7.332883626991846,-1.9456143802785264
path,-7.330600115060645,-1.9423476628164704
path,-7.328463749033519,-1.9390880022498131
path,-7.326439673866906,-1.9358188539538255
path,-7.324557157316288,-1.932492119515627
path,-7.322819355044878,-1.929150023292307
path,-7.321225989604323,-1.9257939693919166
path,-7.319776773277279,-1.92242539206045
path,-7.3184080493559,-1.919243200703405
path,-7.317095396640638,-1.9164098574524653
path,-7.315795018672042,-1.9137578128600823
path,-7.314472656362653,-1.9111205189072151
path,-7.3131363085663,-1.9085000348102779
path,-7.311712720866558,-1.9058722764320515
path,-7.310276646831965,-1.9032337192754916
path,-7.308828765765399,-1.9005827293633277
path,-7.3073677936598855,-1.8979221335312795
path,-7.305900341903147,-1.8952961187773871
path,-7.3039887699594805,-1.8926646212064198
path,-7.3020440309788635,-1.889915694476008
path,-7.300076289673074,-1.8871509020267774
path,-7.29810385440777,-1.8843340622599567
path,-7.2961192952062754,-1.881455474157617
path,-7.293856162589144,-1.8785045737895
path,-7.291580798752892,-1.8754713937042897
path,-7.289287613032378,-1.8723694631486285
path,-7.286992010864877,-1.8691965523344594
path,-7.2846892513405965,-1.8659573068574125
path,-7.28225157231743,-1.8626147077699344
path,-7.2798044025518465,-1.8591981662643626
path,-7.277342410219857,-1.8557189805595207
path,-7.274885324585785,-1.852169960914728
path,-7.272424668444648,-1.8485490526884258
path,-7.26983424983772,-1.8448702960220977
path,-7.2672760047539775,-1.8411093940103074
path,-7.26472058716316,-1.8372833467070009
path,-7.262161233529439,-1.8333925000005398
path,-7.259590018042135,-1.8294390399529492
path,-7.256228160094023,-1.8254873543321866
path,-7.251680290408811,-1.821692861227885
path,-7.246366745475743,-1.8177014158121954
path,-7.242158962553774,-1.8158263041230636
path,-7.238261642702497,-1.8149614499736508
path,-7.2343027156969715,-1.8142189541245766
path,-7.230272917235617,-1.8135945408851024
path,-7.226041220300596,-1.813092255157294
path,-7.2215904783892055,-1.812734559935892
path,-7.2169797375924105,-1.812503710793947
path,-7.212562926879036,-1.8124610636848846
path,-7.208199383664303,-1.8124223134920971
path,-7.2038605272212575,-1.8123743106898091
path,-7.1995429164586096,-1.812314100573484
path,-7.195230647194445,-1.8122503660801992
path,-7.191192969327344,-1.812384700617989
path,-7.187244733866226,-1.812519146176147
path,-7.183319980099427,-1.8126407599859475
path,-7.179418883972285,-1.8127494196612564
path,-7.175541381467744,-1.812845368154786
path,-7.171931137518705,-1.8131189319199745
path,-7.168399293996537,-1.8133861886774028
path,-7.164892333340141,-1.813640247211077
path,-7.161410229031067,-1.8138812237414697
path,-7.1579529485592825,-1.8141092232880478
path,-7.154669390875994,-1.8144361283520414
path,-7.151423359745963,-1.8147512424047278
path,-7.148202088936973,-1.815053487307459
path,-7.145005488451548,-1.8153429627495115
path,-7.141833468966742,-1.8156197619030683
path,-7.138762564127868,-1.8159394787221355
path,-7.135727206207755,-1.8162517091860664
path,-7.1326967399653025,-1.8165417942778026
path,-7.129743078847274,-1.8168025320794092
path,-7.126828372273379,-1.8170246587634926
path,-7.124000859261945,-1.8172699469100455
path,-7.121264159704451,-1.8174694250564005
path,-7.1186026720972615,-1.817603374046077
path,-7.116012385598518,-1.8176758766829997
path,-7.113492859762661,-1.8177058055279163
path,-7.110825646671397,-1.8174595787898664
path,-7.108202929576991,-1.8171217366834984
path,-7.105675487949992,-1.8167308744640343
path,-7.10324357969573,-1.8162868360015212
path,-7.100907678438245,-1.8157893393371374
path,-7.0987173506267425,-1.8152960091213484
path,-7.096553458549234,-1.8147656198876065
path,-7.094424858124793,-1.8142220134453768
path,-7.092367869150107,-1.8136411449892316
path,-7.090379699081163,-1.8130239705428683
path,-7.088518894209842,-1.8124305725666277
path,-7.086706561559789,-1.8118101098077946
path,-7.084947300005855,-1.8111546257801017
path,-7.08324334921795,-1.8104711148724086
path,-7.081616716304907,-1.8097542835901637
path,-7.079666969895151,-1.8087536041914583
path,-7.077023530263735,-1.8078920609260836
path,-7.074134807579643,-1.8071850661310207
path,-7.071027089727324,-1.806665498755273
path,-7.067701434620576,-1.8063329423771926
path,-7.063887756745931,-1.8059262078078717
path,-7.059766714838761,-1.8056179086965962
path,-7.055430376744825,-1.8054939922443745
path,-7.05099326455627,-1.805447946862216
path,-7.046556015016887,-1.805402109625401
path,-7.042263424292911,-1.8054767453861047
path,-7.03804932275919,-1.8055147178676696
path,-7.033908872402551,-1.805519729284034
path,-7.029833052072608,-1.8054919766190438
path,-7.025661088214897,-1.8055032691111517
path,-7.021668888025942,-1.8056458725298232
path,-7.0178834030401465,-1.8057832925500132
path,-7.014153290960168,-1.8058612664211284
path,-7.010537195129917,-1.805915206932764
path,-7.006978330860947,-1.8059067234398114
path,-7.003496102465972,-1.8058586302015411
path,-7.00008469852365,-1.8057729328201406
path,-6.996607253586467,-1.8057538495722847
path,-6.993098238416581,-1.8057507769154373
path,-6.989531571111373,-1.8057638554166537
path,-6.986148864585231,-1.8058506265561596
path,-6.982838890961172,-1.805891646838555
path,-6.979596295995595,-1.8058838003307514
path,-6.976399787607723,-1.8058527604525763
path,-6.973185230664989,-1.8058590638688692
path,-6.970285624840726,-1.806098650115658
path,-6.967573305993234,-1.8063082603714473
path,-6.9649367439984715,-1.8064331614192657
path,-6.962395430476091,-1.8064749711071677
path,-6.959948737211762,-1.8064330778601787
path,-6.957624843962001,-1.8064147506360229
path,-6.955279347205932,-1.806420094595161
path,-6.952926698809265,-1.8064172836195618
path,-6.950563786515002,-1.8064292766002683
path,-6.948216611497631,-1.8064297766536137
path,-6.945500360437044,-1.806250501962427
path,-6.942490362787211,-1.806148983475573
path,-6.939453322899027,-1.806072129951005
path,-6.936409974284765,-1.8059989873615807
path,-6.933363763279651,-1.8059278819615945
path,-6.930366869451278,-1.8059228006577406
path,-6.927335732868869,-1.8059363538820983
path,-6.924314941765958,-1.805941023279981
path,-6.921297789543885,-1.8059499832441774
path,-6.918319682762307,-1.8059459881400244
path,-6.915427283670053,-1.8060211953048941
path,-6.912675407288746,-1.8060451751074433
path,-6.909957363372011,-1.8060337901776335
path,-6.907206354488622,-1.806042366700773
path,-6.904421669220492,-1.8060701090894131
path,-6.901795209870475,-1.806133467461976
path,-6.899230020565698,-1.8061611280745922
path,-6.896658088132051,-1.8061932387222122
path,-6.894118411262626,-1.8062274944005987
path,-6.891575938462004,-1.8062584136774866
path,-6.889396479891413,-1.8064687527713803
path,-6.887810533435776,-1.8068424099196603
path,-6.886621655427934,-1.8072382544585976
path,-6.885838356419951,-1.8076614201801735
path,-6.8853909127478055,-1.8080693425204322
path,-6.885126136531363,-1.808377909622188
path,-6.884949340724137,-1.8086102161187017
path,-6.8847788661873075,-1.8088332422911337
path,-6.884597325712328,-1.8090617589692475
path,-6.884426530345899,-1.809286739214045
path,-6.884263334523958,-1.8095090859390153
path,-6.884104694721811,-1.8097314851520618
path,-6.883935486783451,-1.809945969813762
path,-6.883761355015993,-1.8101668601679832
path,-6.88359549959157,-1.8103862534067496
path,-6.883413607880022,-1.8106255589349791
path,-6.883225389018672,-1.8108621944600636
path,-6.883035150808295,-1.811103109371646
path,-6.882847230943712,-1.8113439415335117
path,-6.882663149557574,-1.8115849758454314
path,-6.882476516979707,-1.8118205350329748
path,-6.8822896743320285,-1.8120591928220247
path,-6.882102707020769,-1.812299258803625
path,-6.881918262209184,-1.8125382407265986
path,-6.881737997645515,-1.8127767518846503
path,-6.881551910591073,-1.8130069653190635
path,-6.881369047799496,-1.8132404260492208
path,-6.881183627662772,-1.813475968020934
path,-6.880999835598418,-1.813710913102923
path,-6.880815836160066,-1.8139454205898546
path,-6.880638450231299,-1.814177300608432
path,-6.880464701623928,-1.81440939460401
path,-6.880282142066949,-1.8146397883151846
path,-6.8801010868003045,-1.814870214180334
path,-6.879923626957502,-1.8151000179388064
path,-6.879748616218568,-1.8153285312867233
path,-6.879569364796205,-1.8155527437166883
path,-6.879383892262548,-1.8157833164545298
path,-6.879208531200109,-1.8160111610602083
path,-6.879036846203903,-1.8162391954249273
path,-6.878867856855153,-1.8164655961121532
path,-6.878689438959812,-1.8166843033641982
path,-6.8785072598916335,-1.8169125481596147
path,-6.878334611264196,-1.8171363130976437
path,-6.87816411107574,-1.817360290871111
path,-6.877997513041406,-1.8175835732809065
path,-6.877833727562064,-1.8178072376342431
path,-6.877644352896436,-1.8180275044195393
path,-6.877472616856702,-1.8182483107709924
path,-6.877303923676878,-1.8184692383049237
path,-6.877138535006315,-1.818689080708528
path,-6.876974183753149,-1.818909284968089
path,-6.876801732710336,-1.8191266854981905
path,-6.876632599471743,-1.819343905319094
path,-6.8764574222768875,-1.8195557957489346
path,-6.876288691458101,-1.8197707962870657
path,-6.876117962163268,-1.819988039116619
path,-6.87595054271228,-1.8202032041910303
path,-6.875783541485658,-1.8204170750736521
path,-6.875618290347315,-1.8206313409255357
path,-6.8754558062008515,-1.820844520528667
path,-6.875276180373855,-1.8210541573381285
path,-6.875106993196481,-1.8212688764470324
path,-6.87494330220042,-1.8214808064640462
path,-6.874779328292066,-1.8216923489692174
path,-6.874617914722847,-1.8219023794067029
path,-6.874451745384928,-1.8221154258840495
path,-6.874282179470743,-1.8223150154120682
path,-6.874114969771288,-1.8225172958162987
path,-6.87388618588926,-1.8226664508843122
path,-6.873690631800867,-1.822878417417603
path,-6.873533921941279,-1.8230869607381643
path,-6.873378349311074,-1.8232944347193891
path,-6.873223621834371,-1.8235018977586706
path,-6.873039953493785,-1.8236846135444646
path,-6.872879859165966,-1.8238891596875098
path,-6.8727197268178335,-1.8240916171544026
path,-6.87255858555994,-1.8242972452332213
path,-6.872400279957749,-1.8245011316391293
path,-6.872234986014191,-1.824698240306556
path,-6.872077009449458,-1.8248987804926127
path,-6.871877942965201,-1.8250508689539005
path,-6.871666922041716,-1.82524222148272
path,-6.871510015018289,-1.8254449776516473
path,-6.871354728231718,-1.8256460445100147
path,-6.871192293296062,-1.8258485731525418
path,-6.87103676594598,-1.8260464689245919
path,-6.870881502427049,-1.8262438889138972
path,-6.870726072850743,-1.8264412212413625
path,-6.870568545961316,-1.8266393293832865
path,-6.870413057224676,-1.8268358495056687
path,-6.870259340446691,-1.82703076768312
path,-6.87010580316063,-1.82722529522196
path,-6.869952191038819,-1.8274198172838048
path,-6.869735162778469,-1.8275728444022257
path,-6.869569769351549,-1.8277744363356088
path,-6.869417303686506,-1.8279696330043222
path,-6.869265878574341,-1.8281627679772374
path,-6.869114962982414,-1.8283556592716415
path,-6.868962799424802,-1.8285488892639385
path,-6.868809113243906,-1.8287439016737326
path,-6.868659263267431,-1.828934585358042
path,-6.868509244423576,-1.8291251562023527
path,-6.86835954878302,-1.829315473160491
path,-6.868208201897967,-1.8295077472400478
path,-6.868060221482059,-1.8296971839884193
path,-6.867863471396938,-1.829848783479176
path,-6.867679704550682,-1.8300375261662711
path,-6.867532280423078,-1.8302269700371445
path,-6.867380536082497,-1.8304173455914468
path,-6.867230901759177,-1.830607148260673
path,-6.867084334453751,-1.830793986145883
path,-6.8669380867839065,-1.8309806256030896
path,-6.8667918921703155,-1.8311671834460335
path,-6.866643165034913,-1.8313537917225762
path,-6.866497035876971,-1.8315405545340386
path,-6.866352322224152,-1.8317249235426454
path,-6.866206810504006,-1.83190881434394
path,-6.8660619831566,-1.8320928789882456
path,-6.865893102345165,-1.832275046819188
path,-6.865749545368769,-1.8324601754369847
path,-6.865607191844536,-1.8326429254483854
path,-6.8654648980815995,-1.8328255109542222
path,-6.865316766425764,-1.8330123712453745
path,-6.865174417360955,-1.8331946973467106
path,-6.8650322999752555,-1.8333757773341905
path,-6.864890827460981,-1.8335565316610871
path,-6.864745951390853,-1.8337333637170725
path,-6.864599554007675,-1.8339090475607926
path,-6.86445648769509,-1.8340870527159372
path,-6.86423851887766,-1.834215922405717
path,-6.864079180461777,-1.8344025985179837
path,-6.863940118884588,-1.8345821294145725
path,-6.863800589657357,-1.8347605561680922
path,-6.8636612823401775,-1.8349388248428
path,-6.863520220836343,-1.835118753061426
path,-6.863380157434329,-1.8352974184397701
path,-6.863242240291468,-1.8354738552223548
path,-6.86310378358416,-1.835650107883125
path,-6.862965924510547,-1.835826145350095
path,-6.862828103647572,-1.8360014024247981
path,-6.862690690228494,-1.836176489038314
path,-6.862532041826529,-1.8363361997424625
path,-6.862359757854164,-1.8365189681098488
path,-6.862223583039733,-1.8366956741596252
path,-6.8620880579108245,-1.836869419503914
path,-6.86195317289728,-1.8370427909415685
path,-6.861814515045529,-1.8372185528396419
path,-6.861676238606021,-1.8373939675445448
path,-6.861541239490511,-1.8375668605613638
path,-6.861409079448362,-1.8377359312031871
path,-6.861277670224928,-1.8379043411316773
path,-6.861143856054287,-1.838074717249915
path,-6.861012603222317,-1.8382428837679967
path,-6.860863889765452,-1.8383921150508111
path,-6.860659528293829,-1.838529180661552
path,-6.860517569639342,-1.8387041238829178
path,-6.860386404793209,-1.838873531111257
path,-6.860256726261603,-1.839039873623313
path,-6.860127588218782,-1.8392062807916978
path,-6.859999157988258,-1.8393719160822468
path,-6.859866397258092,-1.8395393115930103
path,-6.859737629767128,-1.839704524216715
path,-6.859609107038931,-1.8398695119248254
path,-6.859480197164139,-1.8400340062618754
path,-6.8593513657889345,-1.8401983379225337
path,-6.859222055098931,-1.8403634489755354
path,-6.859084318189887,-1.8405207259210925
path,-6.858953753532925,-1.8406855855770394
path,-6.858827722151919,-1.8408491592878542
path,-6.85869457022084,-1.8410152695060422
path,-6.858568109905228,-1.8411788954008272
path,-6.8584423934485255,-1.8413413763269997
path,-6.858316166200881,-1.841503569509234
path,-6.85819027036925,-1.841665637643832
path,-6.858061504668982,-1.8418292222041708
path,-6.857934833055688,-1.8419921008518758
path,-6.857809572042675,-1.8421530629479772
path,-6.857684373008679,-1.842313481107834
path,-6.8575593595654105,-1.8424738123155628
path,-6.857406236591716,-1.842612815064274
path,-6.857243635645385,-1.8427723647797178
path,-6.85711673207243,-1.8429349800591677
path,-6.85699355024405,-1.8430941929596383
path,-6.856870382675257,-1.8432527955882028
path,-6.856747990585972,-1.8434113489679351
path,-6.856620514544231,-1.843574648331637
path,-6.856497916378482,-1.8437327004406956
path,-6.856375154568577,-1.8438905192101345
path,-6.85625254970842,-1.8440482464380827
path,-6.85612880672034,-1.8442065830035081
path,-6.856006579918205,-1.8443638307431975
path,-6.855885010215531,-1.8445202271932553
path,-6.855729938564399,-1.8446671857125816
path,-6.855601036414033,-1.8448292859106414
path,-6.855480771081724,-1.8449857905821319
path,-6.855361052471346,-1.8451411633767547
path,-6.855241267270812,-1.8452960421942297
path,-6.855119018979295,-1.845452803577175
path,-6.854996313560118,-1.8456108673232754
path,-6.854876978965671,-1.8457651817938372
path,-6.854757176185016,-1.8459191895081875
path,-6.854637733865094,-1.8460730722220213
path,-6.854518457394072,-1.8462268208207795
path,-6.854398729052075,-1.8463802895955101
path,-6.85424728207986,-1.8465181747251587
path,-6.8541087213237155,-1.8466777808015797
path,-6.853987998803725,-1.8468343680234802
path,-6.853870200114262,-1.8469869639386614
path,-6.853752654316882,-1.847139458483615
path,-6.853635731339933,-1.847291102458222
path,-6.853514507708343,-1.8474469929566493
path,-6.853397546841242,-1.8475982107725495
path,-6.853280805269013,-1.8477492239461208
path,-6.853163520383812,-1.8479000036895794
path,-6.8530454695965135,-1.8480498359768203
path,-6.852928881666497,-1.8482001479954664
path,-6.8528126781931835,-1.8483500236733075
path,-6.852686818620302,-1.8484970165253454
path,-6.852571415796375,-1.8486472179651587
path,-6.852450221406542,-1.8488011752673892
path,-6.852335315911769,-1.8489505297482498
path,-6.8522183060482735,-1.8491007107815483
path,-6.852102753817064,-1.8492497286809593
path,-6.851987104899116,-1.8493987985276419
path,-6.851871716080506,-1.8495481749921356
path,-6.85175719759279,-1.8496959086323381
path,-6.851642878174839,-1.849843549252729
path,-6.8515093518697885,-1.849969845837017
path,-6.8513101037932005,-1.8500831673333766
path,-6.85118670628781,-1.8502370993307784
path,-6.851070483988656,-1.8503863857821456
path,-6.850953436825447,-1.8505372124120172
path,-6.8508358800704805,-1.8506872198766506
path,-6.850723297397434,-1.8508337669371355
path,-6.850610489946603,-1.8509793097936322
path,-6.850498056205597,-1.851124676570595
path,-6.850382389631239,-1.851271903621951
path,-6.8502698198383065,-1.8514171926990672
path,-6.850157630818636,-1.851562162071657
path,-6.85004542783652,-1.8517062672344862
path,-6.849923372534231,-1.851848268470335
path,-6.8498052952097686,-1.8519973368567095
path,-6.849694471983907,-1.8521415279279354
path,-6.84958391034239,-1.8522854875123713
path,-6.849429902832318,-1.8524750472749336
path,-6.849264320180916,-1.8526772745708366
path,-6.84910301239791,-1.852875328543017
path,-6.848942351383445,-1.8530725027716184
path,-6.848781145970509,-1.8532693208880189
path,-6.848613940250235,-1.8534728391567903
path,-6.848445032904899,-1.853678401561362
path,-6.84821508397733,-1.8538604134384187
path,-6.848034394521014,-1.8540766585174497
path,-6.847867054793898,-1.8542821082525158
path,-6.847700869068239,-1.8544846491394498
path,-6.847535609979495,-1.8546870411505916
path,-6.8473654800962676,-1.8548908494917025
path,-6.847199889091174,-1.855092846375734
path,-6.847034829815797,-1.8552943654068068
path,-6.846870385869235,-1.8554939729379831
path,-6.846704777302495,-1.8556927869249877
path,-6.846540838211374,-1.8558923009554995
path,-6.846377271833253,-1.8560911235139221
path,-6.846149225876581,-1.8562419781385076
path,-6.845896798501181,-1.8564800598043458
path,-6.845684313471782,-1.8567326113982403
path,-6.84547456672939,-1.8569825269177338
path,-6.845264686069365,-1.857231865681761
path,-6.845047035298626,-1.8574854424471177
path,-6.844760487190227,-1.857814069940108
path,-6.844437121903364,-1.8581833949984001
path,-6.844114284072013,-1.8585527663808261
path,-6.843790426465773,-1.8589233289144391
path,-6.843462026959374,-1.8592860518142813
path,-6.8430531060435085,-1.8595879733292022
path,-6.842698669015838,-1.8599649054450897
path,-6.842383671709688,-1.860327490721312
path,-6.842071614756742,-1.8606859629174646
path,-6.8417603066897055,-1.8610434627305732
path,-6.841453897275716,-1.86139286861756
path,-6.841135805987362,-1.8617155771297356
path,-6.8407992551766315,-1.8620509583427087
path,-6.840502017683448,-1.8623912487173524
path,-6.840206614649169,-1.8627291628862745
path,-6.839914494994679,-1.863053539216271
path,-6.839585575214583,-1.8633502901399228
path,-6.839291686826094,-1.8636773230434234
path,-6.839010227912021,-1.863999887915777
path,-6.838729546867986,-1.8643212803550713
path,-6.838419037910456,-1.8646049970370668
path,-6.838080867588474,-1.8649097263990426
path,-6.8378026189637335,-1.865227543496602
path,-6.8375318596939385,-1.8655393781666818
path,-6.837261605931788,-1.8658502521430855
path,-6.836954577120068,-1.8661376870393926
path,-6.836673319012142,-1.8664417121222923
path,-6.836411633680204,-1.866742472777152
path,-6.836152076003702,-1.8670406105800306
path,-6.835893112107156,-1.8673380197159661
path,-6.8356303768954385,-1.8676155517958406
path,-6.835345769154955,-1.867896175826131
path,-6.835091136128978,-1.8681869531692614
path,-6.834797857912646,-1.8684447524104386
path,-6.8344999941626945,-1.8687300667712905
path,-6.834250215699585,-1.8690165234930252
path,-6.834007104097277,-1.8692975876937883
path,-6.833757348781014,-1.8695829700989044
path,-6.8335142567077485,-1.8698634185852079
path,-6.8332721532488625,-1.8701424561772106
path,-6.833034470177892,-1.8704167851798843
path,-6.83279638966595,-1.8706892327153106
path,-6.832549356240195,-1.870955947548902
path,-6.8322990090272615,-1.871210477450735
path,-6.832036753736992,-1.8714802735834555
path,-6.831788021408038,-1.8717289889065984
path,-6.831486860879248,-1.8719694482377667
path,-6.831239526102648,-1.8722426013357103
path,-6.831011265011353,-1.872506870490029
path,-6.830784035127396,-1.8727685519625472
path,-6.8305625007402595,-1.8730256948356847
path,-6.830336468834181,-1.8732852365483332
path,-6.830116301030151,-1.8735404088517353
path,-6.829894481243985,-1.8737929443461858
path,-6.829668217345739,-1.8740452503774883
path,-6.829445477253827,-1.8742957873161439
path,-6.829223525235315,-1.8745396543976116
path,-6.828930476717301,-1.8747487209974818
path,-6.828701142935876,-1.8750031455312497
path,-6.828478300840674,-1.8752572955083684
path,-6.828267630527163,-1.8755019909015773
path,-6.82805882157311,-1.875744564833038
path,-6.82785031656946,-1.875986515792536
path,-6.827638306559269,-1.876229248379794
path,-6.8274215123734,-1.8764686258908878
path,-6.827211123588823,-1.876705035434119
path,-6.826995996201963,-1.876941133043637
path,-6.826781641232413,-1.8771735121257969
path,-6.826563294801001,-1.877397380013399
path,-6.8262822466092405,-1.8775905824813812
path,-6.826061590220252,-1.8778342581143894
path,-6.825862274617327,-1.8780665297519077
path,-6.825664822094344,-1.8782967204736736
path,-6.825465723434512,-1.878526455472928
path,-6.825264841526696,-1.8787581563313183
path,-6.8250684125234695,-1.8789824280884402
path,-6.824867048043283,-1.8792056275240079
path,-6.824668263405702,-1.8794297088815959
path,-6.824470400106643,-1.879652112201633
path,-6.824274876140054,-1.8798736283991242
path,-6.824075214775044,-1.8800921118907972
path,-6.823838620368413,-1.8802817961074916
path,-6.8236185730562084,-1.8805040227858234
path,-6.823428184755449,-1.8807249820817635
path,-6.823240304099098,-1.880943849776178
path,-6.823051464694623,-1.8811598430639762
path,-6.822860600404874,-1.8813740591715242
path,-6.822669564857552,-1.8815866629597506
path,-6.822480520325636,-1.881799545718023
path,-6.822260384395945,-1.8820093642980058
path,-6.822042129960061,-1.8822203809568538
path,-6.821849502968976,-1.8824389546673925
path,-6.821668919690062,-1.8826497951542742
path,-6.82148519686304,-1.8828582099506368
path,-6.821294480137163,-1.8830680759269336
path,-6.821112620974313,-1.8832758492928006
path,-6.820929495623774,-1.8834796298351857
path,-6.82074362501074,-1.8836838135937664
path,-6.820561876856439,-1.8838877215846013
path,-6.82038305742871,-1.8840913128911732
path,-6.8201736688546655,-1.8842089646251121
path,-6.820027469754984,-1.8843356684766637
path,-6.819932607058551,-1.88445772622494
path,-6.819846894626272,-1.884575312951471
path,-6.819762582258405,-1.8846915736397118
path,-6.8196083914561685,-1.88487374885551
path,-6.819438502843804,-1.885073014807233
path,-6.819268568918758,-1.8852718180677974
path,-6.81909482710436,-1.8854692621433138
path,-6.818917112854128,-1.8856693760456897
path,-6.818741542885313,-1.8858640949881256
path,-6.81856667959126,-1.8860583766362014
path,-6.818392395133778,-1.8862521614157188
path,-6.818212448646918,-1.8864473539380295
path,-6.818027875539097,-1.8866380103602636
path,-6.8178593591581285,-1.8868304127124291
path,-6.817680156647674,-1.887027630080395
path,-6.817506916755496,-1.8872198416401071
path,-6.817339838113552,-1.8874094886288284
path,-6.817169278514288,-1.8876020684322465
path,-6.817000861645734,-1.8877900580707696
path,-6.816832710887632,-1.8879777954353556
path,-6.81666509211098,-1.888165574369304
path,-6.816498087568213,-1.8883532708169704
path,-6.816320852486823,-1.8885342965492893
path,-6.816154393044407,-1.8887223099002755
path,-6.8159833887543355,-1.8889118076128428
path,-6.815822344258783,-1.8890956737110518
path,-6.81565942712955,-1.889278244649364
path,-6.8154898332056595,-1.8894644466879496
path,-6.815328403682256,-1.8896469286299464
path,-6.81516948187399,-1.8898271835662335
path,-6.815010616711322,-1.8900071496293036
path,-6.814846119692291,-1.8901869530043494
path,-6.8146727679981005,-1.8903616320168357
path,-6.814515132341975,-1.8905418079427656
path,-6.814349868573372,-1.8907253905345647
path,-6.814193308140906,-1.8909027467404422
path,-6.814034368184107,-1.8910797571765672
path,-6.813868656575462,-1.891259626649451
path,-6.813708739216357,-1.8914364990933028
path,-6.813551856505858,-1.8916111301225726
path,-6.8133931145844295,-1.8917876376706333
path,-6.81323611842435,-1.8919625031526555
path,-6.813081692779629,-1.89213600546166
path,-6.812928851570829,-1.8923078927278314
path,-6.812762588407374,-1.892474961606102
path,-6.8126127094170155,-1.8926474082329585
path,-6.812459421576768,-1.8928182167368164
path,-6.8123049411950305,-1.8929926409224485
path,-6.812152838216955,-1.8931665430104778
path,-6.811998712930545,-1.8933352498382552
path,-6.81184421768119,-1.8935070752393377
path,-6.811691794610066,-1.893677965733215
path,-6.81153726194353,-1.8938462375088945
path,-6.811390363557222,-1.8940141053094062
path,-6.811243473013151,-1.894179787753666
path,-6.811077025300729,-1.8943384673862285
path,-6.810926362166429,-1.8945089900936556
path,-6.810771013171799,-1.8946811016757132
path,-6.810621001166553,-1.8948476078100964
path,-6.810477944629594,-1.895011498565661
path,-6.810326690214238,-1.8951774636277503
path,-6.810178466961089,-1.8953427237121967
path,-6.81003324897285,-1.8955055019486413
path,-6.80988723903239,-1.8956684113201374
path,-6.809738906653388,-1.8958315247606952
path,-6.809593698286707,-1.8959923566757866
path,-6.809449810389964,-1.8961537397860555
path,-6.80927658884707,-1.896280256376668
path,-6.809048541973258,-1.8964210322588222
path,-6.808892454466592,-1.8965923758179146
path,-6.8087545143147326,-1.896753858730766
path,-6.808618139582776,-1.8969140052588418
path,-6.808482354395506,-1.8970739698065944
path,-6.80834347681738,-1.8972358340169393
path,-6.808209467562756,-1.8973945795558453
path,-6.8080770197151566,-1.8975524931203225
path,-6.807940833564736,-1.8977086423255936
path,-6.807800639572413,-1.8978672038313162
path,-6.8076625639096395,-1.8980218269006797
path,-6.807515808466438,-1.8981710449340603
path,-6.807369671263431,-1.8983309186746895
path,-6.80722687487208,-1.898488547754397
path,-6.807090359839134,-1.898643441776949
path,-6.80695549645103,-1.8987961309559067
path,-6.806814467206315,-1.8989513059754772
path,-6.806677042380745,-1.8991051503384786
path,-6.806544720510001,-1.8992564846545124
path,-6.8064020395925535,-1.8994144195798655
path,-6.806266080506736,-1.899570100095764
path,-6.806130965292703,-1.8997228878681736
path,-6.8059827920830305,-1.8998766751848588
path,-6.805843062624808,-1.900032283834213
path,-6.805710119692378,-1.9001855531139096
path,-6.805573692556792,-1.9003394534038995
path,-6.80543759507529,-1.9004924386032205
path,-6.80530164572872,-1.9006436542969012
path,-6.8051709962772104,-1.9007948082596147
path,-6.805030635400385,-1.9009384849644626
path,-6.804884631856662,-1.901096416848657
path,-6.804755044877781,-1.901246930009642
path,-6.804617333929503,-1.901398805378569
path,-6.804486759833249,-1.9015493389746827
path,-6.804357724546361,-1.901698049682258
path,-6.804228869709213,-1.9018445951140714
path,-6.8040978486747665,-1.9019930327077001
path,-6.803937151091535,-1.9021015946539843
path,-6.8037943177451785,-1.902245370026261
path,-6.803667887158644,-1.9023956159759885
path,-6.803535475901629,-1.9025470674167564
path,-6.8034083614678895,-1.9026942143977943
path,-6.803279422492295,-1.9028413433694653
path,-6.803148217765861,-1.9029898731066868
path,-6.8029947009914995,-1.903100701655653
path,-6.802869729394506,-1.9032499284896596
path,-6.802723488396047,-1.9033688066101877
path,-6.802595123999735,-1.9035192936803493
path,-6.802470495903231,-1.9036638211687829
path,-6.802345189822621,-1.9038079145938405
path,-6.802220628591979,-1.9039498359146512
path,-6.8020954548906305,-1.904092063292577
path,-6.801955212066605,-1.9041969685106894
path,-6.801786992508964,-1.9043069760899969
path,-6.801653148756274,-1.9044646046963154
path,-6.801537731811352,-1.9046099572605126
path,-6.8014258823433655,-1.9047520925315014
path,-6.801302046706815,-1.904892596530515
path,-6.801177505987627,-1.9050343549321533
path,-6.801056418642083,-1.9051748637024315
path,-6.800928922010603,-1.9053179035722023
path,-6.800799693535961,-1.9054584703965594
path,-6.800676064973375,-1.9055996187612276
path,-6.800551763601745,-1.9057390479564047
path,-6.800430044247078,-1.9058781957010338
path,-6.800300094511733,-1.9060037039658928
path,-6.800176462958008,-1.9061435530019446
path,-6.8000552767615146,-1.9062825200324205
path,-6.799934126021762,-1.9064206682025058
path,-6.799763174620071,-1.9064935199863486
path,-6.799603234895525,-1.90662137282711
path,-6.7994905868905615,-1.906762290046858
path,-6.799377409010136,-1.9068998337364769
path,-6.799261730595669,-1.907038869588391
path,-6.79914837650901,-1.9071791486659984
path,-6.799035210053383,-1.907315982131952
path,-6.798925142444641,-1.9074433035421634
path,-6.798805724924996,-1.9075730895923937
path,-6.798685534434186,-1.9077070836133923
path,-6.798528227043837,-1.9078330056268435
path,-6.798416703673281,-1.907966618035244
path,-6.798307490344272,-1.9080975917271648
path,-6.798164341860129,-1.9082548913968962
path,-6.797975186948339,-1.9084605787020181
path,-6.797735129648217,-1.9087165961474262
path,-6.797420130804603,-1.9089853009364712
path,-6.797043164400629,-1.9093477129682177
path,-6.796616760471184,-1.90975606201485
path,-6.796113729731664,-1.910237400703119
path,-6.795546589695456,-1.9107506732510369
path,-6.794925876266264,-1.9113243021340733
path,-6.794267159696279,-1.9118863973885742
path,-6.793614659574787,-1.9124750130416033
path,-6.7929273273017,-1.9130418700324092
path,-6.79229169567569,-1.9136361897424343
path,-6.791667284319957,-1.9141739045086266
path,-6.791048462167076,-1.9147478116528767
path,-6.790430608911408,-1.915294743413074
path,-6.789793305131484,-1.9158570262883472
path,-6.789165366752921,-1.9164249372022657
path,-6.788544416703084,-1.91696940519646
path,-6.787929110678867,-1.9175088510253089
path,-6.787330528229855,-1.9180639405572157
path,-6.786710101598845,-1.9185815099929913
path,-6.786110867075199,-1.9191328408853987
path,-6.78552903450371,-1.9196681451274997
path,-6.78491718437133,-1.9201718866336097
path,-6.784344743451371,-1.9207026507544487
path,-6.783716864654921,-1.9211808597860156
path,-6.7831629436627,-1.9217216253297502
path,-6.782564308221767,-1.92221307366003
path,-6.782019139920587,-1.9227381255172034
path,-6.781423392308041,-1.9232262725694396
path,-6.780884114523941,-1.9237572286604725
path,-6.780277069932574,-1.9242369894715157
path,-6.7797461459171755,-1.9247612468319704
path,-6.779168209040461,-1.9252320800962865
path,-6.778621275690741,-1.9257294054761904
path,-6.778071313345591,-1.9262246127046168
path,-6.777513824400257,-1.9267083962994829
path,-6.776972116897627,-1.9272056923358587
path,-6.776417276104011,-1.9276691608077985
path,-6.775887910685465,-1.9281618671470173
path,-6.775325559034104,-1.928623691290189
path,-6.7748039490652845,-1.929123480740529
path,-6.774251666010597,-1.9295761553353514
path,-6.7737315183259685,-1.9300336752534903
path,-6.773153994216696,-1.9304729522626123
path,-6.7726570909494965,-1.9309670271345043
path,-6.772107437128091,-1.9314049936890223
path,-6.771602054879531,-1.9318739910900826
path,-6.771107990675148,-1.9323215051773124
path,-6.770579738076589,-1.9327755478043454
path,-6.770058407674958,-1.9332190386041932
path,-6.769555414380865,-1.9336888883045478
path,-6.769027860522349,-1.9341202030305595
path,-6.768536861988337,-1.9345691305853292
path,-6.768017307347166,-1.9350133194166557
path,-6.767488098891827,-1.9354144118346477
path,-6.766980145379086,-1.9358745320865218
path,-6.766501769985273,-1.936306521966803
path,-6.765983430203927,-1.9367392199510343
path,-6.76551430225009,-1.9371791804515843
path,-6.7650173525865664,-1.9376154519860478
path,-6.7645230290589895,-1.9380479281927856
path,-6.7640402601658325,-1.9384751355469574
path,-6.763558578074834,-1.9389122777540588
path,-6.7630573968855225,-1.9393278008142807
path,-6.762564934920828,-1.9397409316338035
path,-6.762085861343017,-1.9401770118432522
path,-6.761571520543714,-1.9406311200400606
path,-6.760896334304161,-1.9411891820190705
path,-6.760149764257844,-1.9418002305657278
path,-6.759411121025943,-1.9424184991972056
path,-6.758662719334738,-1.9430265996618805
path,-6.757952570174034,-1.943645653502129
path,-6.757234434454726,-1.9442455425303893
path,-6.756505900570664,-1.9448505533483404
path,-6.755793187432644,-1.9454538543192368
path,-6.755064667803199,-1.9460534884052842
path,-6.754377688084887,-1.9466455615295608
path,-6.753660749185184,-1.9472129353537264
path,-6.752978312121046,-1.9478028806396521
path,-6.752250032635354,-1.9483517791244023
path,-6.751567045625838,-1.9489412925574527
path,-6.750885062783233,-1.9495088460141115
path,-6.750188774502873,-1.9500642951695124
path,-6.749505361907566,-1.9506245690253714
path,-6.748834308162494,-1.9511957745884223
path,-6.748157752421923,-1.9517535195967972
path,-6.747495311481793,-1.952306297630676
path,-6.746845200562093,-1.952854438054454
path,-6.746167986612857,-1.9533855259156478
path,-6.745511274222556,-1.9539257557172847
path,-6.744847265841264,-1.9544700861842945
path,-6.74421141347851,-1.9550043776862562
path,-6.743560297893093,-1.955534034968111
path,-6.7429314217292475,-1.9560691091771636
path,-6.742258207420822,-1.9565745883051984
path,-6.741637213625454,-1.95711823545468
path,-6.740927371352615,-1.9577053606835955
path,-6.740053981390424,-1.9584244712255792
path,-6.739101234248064,-1.9591675660673553
path,-6.738146373500386,-1.959913120204644
path,-6.737224273348133,-1.9606751364512063
path,-6.736193422310354,-1.961501182339896
path,-6.734972322515834,-1.9624489434927135
path,-6.733576583882835,-1.9635212287448498
path,-6.732116088124472,-1.9646284563194607
path,-6.730683513682898,-1.9657480306844997
path,-6.7293237295161115,-1.9668108689300652
path,-6.727951941090224,-1.9678389647675083
path,-6.726609700038239,-1.9688885959589946
path,-6.725243746032129,-1.9699077878865972
path,-6.723910039992709,-1.9709517756454573
path,-6.722668894391796,-1.9718578903637487
path,-6.721437015055928,-1.9727577664708962
path,-6.720204338827992,-1.9736511370264993
path,-6.7189820041980814,-1.9745506210724442
path,-6.71777271033899,-1.9754467245680192
path,-6.716630175820354,-1.9762933640099722
path,-6.71549321979219,-1.9771436925139647
path,-6.714364586081024,-1.977981047530087
path,-6.713255491312476,-1.9788202275708624
path,-6.712119686281333,-1.9796626755535562
path,-6.711061557127227,-1.980444603756976
path,-6.710005101756747,-1.981199369690646
path,-6.7089671537189846,-1.9819766988134826
path,-6.707947708431354,-1.9827571673315194
path,-6.706907655001949,-1.983521099335545
path,-6.705892759498161,-1.984248975015161
path,-6.704911005032214,-1.9849814256252296
path,-6.703922400005759,-1.9857106307038115
path,-6.702925690971976,-1.986440721892974
path,-6.70193871225188,-1.9871738465767743
path,-6.701009912525877,-1.987878625651243
path,-6.700070902685182,-1.988550701582804
path,-6.699151286403407,-1.9892472005292792
path,-6.6982337535221035,-1.9899308622003327
path,-6.6973067956864405,-1.9906101516471506
path,-6.6964210314112,-1.9912749955792637
path,-6.695535583411357,-1.9919271424445488
path,-6.69465825384304,-1.9925844718531678
path,-6.693762476707976,-1.9932180282044936
path,-6.692873874972231,-1.9938607015614034
path,-6.692034542122108,-1.9945034300499072
path,-6.691155079819491,-1.9951033160735634
path,-6.6903450965084685,-1.9957519565086543
path,-6.689479865204433,-1.9963560089692185
path,-6.688663013170683,-1.9969921348494108
path,-6.687847042964805,-1.997580755831069
path,-6.687059386151386,-1.9981832111765634
path,-6.686255900928914,-1.9987685534751796
path,-6.685468812817195,-1.9993672039734998
path,-6.684661443699963,-1.9999473754902208
path,-6.683883942382154,-2.000526128077865
path,-6.6831034540068845,-2.0011028348380755
path,-6.682329475022037,-2.001683244730699
path,-6.681551634234523,-2.002241046231417
path,-6.6807734118710975,-2.0028056240788654
path,-6.6799196335915285,-2.0034490678042567
path,-6.6788936312553595,-2.00418534211356
path,-6.677865728257871,-2.00493917981108
path,-6.676818506546558,-2.005670010331111
path,-6.675791010717925,-2.006413077111598
path,-6.6747275396911725,-2.007155020761638
path,-6.673675772194677,-2.0079193964485427
path,-6.67261216972823,-2.008672569112111
path,-6.671579400656427,-2.009435737600384
path,-6.670503947139678,-2.0101775332134664
path,-6.669533688906298,-2.010889548384251
path,-6.668542879922038,-2.011583535428043
path,-6.667552838172836,-2.0122730974263265
path,-6.666579059859104,-2.0129686687640183
path,-6.665602193289403,-2.0136613504220326
path,-6.6646650112044465,-2.014336844500133
path,-6.663697770139059,-2.0149772976767832
path,-6.662792579140124,-2.0156641720824617
path,-6.661835763883917,-2.0163072347779654
path,-6.660927209793806,-2.0169830965372073
path,-6.659912232875408,-2.0176923147755783
path,-6.6587707460778045,-2.0185152821858345
path,-6.657582964915526,-2.019323540552316
path,-6.656399083431666,-2.020128926945622
path,-6.655221615936357,-2.020935962994497
path,-6.653864530707889,-2.0218655783782973
path,-6.652279204459776,-2.0229343058960327
path,-6.650524684557094,-2.0241706768122474
path,-6.648720998356128,-2.0256320674703736
path,-6.646743784205652,-2.026950354129902
path,-6.6447595011221425,-2.028138170273296
path,-6.642847520154798,-2.0293613351048747
path,-6.640963946866195,-2.0305924734213328
path,-6.639058938275995,-2.0318026838416854
path,-6.637200456726171,-2.033028243963679
path,-6.635444755571784,-2.0341864608002216
path,-6.633880356873914,-2.035204897887828
path,-6.632382678625134,-2.036231278754289
path,-6.630876483147869,-2.0372235477108807
path,-6.629370689037833,-2.0382205254696055
path,-6.627754133235388,-2.0392914058142577
path,-6.626088025254794,-2.040399506247978
path,-6.624402480191658,-2.041486601486055
path,-6.6227273445649235,-2.042581594239211
path,-6.62107467034963,-2.0436961933638007
path,-6.61927088623654,-2.0449498757738884
path,-6.6172252228135315,-2.046325308596768
path,-6.615116879180803,-2.047698067277434
path,-6.612977424305099,-2.04915287062238
path,-6.610746289537832,-2.0506699030658315
path,-6.60853617859347,-2.052114696373765
path,-6.606498932756445,-2.053420494491411
path,-6.604491233323963,-2.054722069102818
path,-6.60249334081207,-2.056037091502501
path,-6.600478343375382,-2.057321463210325
path,-6.598489517868127,-2.058668896208147
path,-6.596488197441819,-2.0599954154621765
path,-6.594475943855608,-2.0613016173854812
path,-6.592488937598044,-2.0626258768885557
path,-6.590523780277011,-2.0639792934316152
path,-6.588545668831312,-2.065311855947015
path,-6.58660275072419,-2.0666950344467767
path,-6.584671027640819,-2.0681165196930915
path,-6.582735731533511,-2.069581462682682
path,-6.580774841562256,-2.071073494368882
path,-6.57876642076489,-2.0725782498212304
path,-6.576735628027955,-2.074123343408948
path,-6.574670882279812,-2.0757149597412643
path,-6.572566284917814,-2.0773578924087355
path,-6.570405450305919,-2.0790293921593377
path,-6.5682004456005565,-2.0807200894682563
path,-6.56593999790257,-2.0824433177665918
path,-6.563624775753732,-2.0842003865945906
path,-6.5612567484314726,-2.085995076750769
path,-6.558840037375764,-2.0878362200899767
path,-6.55636847277652,-2.089693810846164
path,-6.553844006790873,-2.0915955677596414
path,-6.551259309416248,-2.093529942643095
path,-6.54861512023224,-2.095503658581517
path,-6.545910618362854,-2.097517350234726
path,-6.543147205013854,-2.099565038920668
path,-6.5402982283512925,-2.1016095558140826
path,-6.537289802665864,-2.103463470238314
path,-6.534202953151763,-2.1052302992919363
path,-6.53112083481433,-2.107029370337238
path,-6.527993015633888,-2.1088474425787966
path,-6.524776196890754,-2.110633664126804
path,-6.52159221702039,-2.1125292901995154
path,-6.518270513481587,-2.114438189160444
path,-6.514761290508364,-2.1164582863229593
path,-6.511078281422254,-2.118623526577168
path,-6.507178222577501,-2.120876663386628
path,-6.503167355406703,-2.1231410413826217
path,-6.499139567752707,-2.1254552455074713
path,-6.495128459042393,-2.1277430033534763
path,-6.491479037229645,-2.1298289602896676
path,-6.488279683645985,-2.1315854927690516
path,-6.4851444552492605,-2.1332835566656567
path,-6.481990609607067,-2.134994085908567
path,-6.478829169762268,-2.1367215030271467
path,-6.475704595259561,-2.1387278020055476
path,-6.472501343703736,-2.140962277008975
path,-6.469101247708591,-2.143321022418606
path,-6.465506956825948,-2.1458097748662803
path,-6.461724500891732,-2.148431979937627
path,-6.457747463319686,-2.1511719346150557
path,-6.45356171015541,-2.1540363011459114
path,-6.449246183700061,-2.1569754910516106
path,-6.445018446706427,-2.1598515753793692
path,-6.440868485260982,-2.1626488064714913
path,-6.436654670662523,-2.1654879521944945
path,-6.432341386297881,-2.1683794242913375
path,-6.428135047193951,-2.171178377540025
path,-6.424089777084861,-2.1739017383073267
path,-6.420156192553892,-2.17651570800175
path,-6.416206203653099,-2.1791400522519924
path,-6.412105067051069,-2.1818406623037703
path,-6.407882445689225,-2.1846099146344047
path,-6.403697044803622,-2.187341282928709
path,-6.399597926306795,-2.1900111065789267
path,-6.395864062295123,-2.19242106878605
path,-6.39264503439462,-2.1944758646816105
path,-6.38961045720763,-2.1964432131232914
path,-6.386693110710849,-2.198320665308551
path,-6.38388953875861,-2.2001214660535973
path,-6.381349241965582,-2.201749252957762
path,-6.3789490407363205,-2.2032765530910505
path,-6.376667587886901,-2.2047369381751962
path,-6.374499559982578,-2.2061202952073193
path,-6.37244880178572,-2.2074235919194503
path,-6.370357001011916,-2.208752037960025
path,-6.368106137553526,-2.2101781311474853
path,-6.3657236878726815,-2.2116846218879136
path,-6.363385562679025,-2.2131601485788304
path,-6.361153683594497,-2.2145613830723363
path,-6.3588789129944825,-2.215994749694128
path,-6.3564359826482635,-2.2175206627864164
path,-6.353834301514164,-2.219151210239793
path,-6.351173250953836,-2.220808426232316
path,-6.348615315585813,-2.2223815507949487
path,-6.34614186449176,-2.2239365010995424
path,-6.343676428848955,-2.225488051166702
path,-6.341238831469727,-2.2270238442574217
path,-6.338831986150216,-2.228537008919162
path,-6.336450589324671,-2.230025594358545
path,-6.3340981382455235,-2.2314952205018193
path,-6.331771485428692,-2.2329442944057813
path,-6.32946955600949,-2.2343728927514124
path,-6.327190627156908,-2.2357940044809035
path,-6.324930563684933,-2.2371912703334766
path,-6.322992561146551,-2.238391740241269
path,-6.321420329098702,-2.23936567222417
path,-6.319959643689327,-2.240270914969979
path,-6.318524426997267,-2.2411561570047436
path,-6.317119085078623,-2.242020785337484
path,-6.315741224059265,-2.2428688678156967
path,-6.314395617869026,-2.243700740095036
path,-6.313074024023905,-2.244508501609674
path,-6.311768230622255,-2.245305679858182
path,-6.310461150307253,-2.246112439548876
path,-6.309253990874583,-2.2468793738041
path,-6.30811750800268,-2.2475760176597523
path,-6.307017759594653,-2.248281601734731
path,-6.305976577969378,-2.248949412550291
path,-6.304993569981728,-2.249579838055496
path,-6.304061784407834,-2.2501773626290094
path,-6.303186859795216,-2.2507100044978716
path,-6.30235866777904,-2.251240883636135
path,-6.301590509698462,-2.2517341889753926
path,-6.300881557336399,-2.2521900233903653
path,-6.300221583886362,-2.252614873430677
path,-6.299632574532856,-2.2529950753786663
path,-6.299086239130764,-2.253348398858203
path,-6.298599674785042,-2.2536639026560343
path,-6.298171657580085,-2.2539430593650556
path,-6.297798987922583,-2.2541875990866576
path,-6.29750118918518,-2.254385371218376
path,-6.297242362594893,-2.254558853163722
path,-6.297042782377275,-2.2546954132879105
path,-6.296901956750994,-2.254795385278071
path,-6.296833741963502,-2.254850156716832
path,-6.296815802359359,-2.2548736591916176
path,-6.296821112053555,-2.25488258694315
path,-6.296817574295793,-2.2548970256647367
path,-6.296805096806841,-2.2549170324402645
path,-6.296848904570134,-2.2549020191818734
path,-6.296968612162346,-2.254839772917253
path,-6.297139471372281,-2.254737237751665
path,-6.29731433211283,-2.254598146041229
path,-6.297493557930295,-2.2544533829132494
path,-6.297683602500077,-2.254336906927861
path,-6.297867913561218,-2.2542231407631266
path,-6.298050192655628,-2.254111586529276
path,-6.29823685316327,-2.253996096031257
path,-6.298410826877933,-2.2538866673619484
path,-6.2985868126885745,-2.2537771587778987
path,-6.29875764937869,-2.253672827084993
path,-6.298936460178523,-2.2535623953885686
path,-6.299106034975075,-2.2534588527114243
path,-6.2992717740350725,-2.253357666632355
path,-6.299446647097701,-2.2532499605153435
path,-6.2996142594385365,-2.253147337338136
path,-6.299776314142167,-2.2530484097090864
path,-6.299949673678715,-2.252941559099981
path,-6.300111052232812,-2.252842863442171
path,-6.300276008236639,-2.2527372003683244
path,-6.300436922657289,-2.252635227350537
path,-6.300596768348793,-2.2525376263343704
path,-6.300754676014335,-2.2524411043790447
path,-6.3009270222985245,-2.252335286208412
path,-6.301086293717355,-2.2522376378315867
path,-6.301251153301627,-2.2521357839610987
path,-6.301416750017115,-2.2520345972477696
path,-6.3015738389199125,-2.2519385332796684
path,-6.301736758037391,-2.2518392143667714
path,-6.30190053514237,-2.251738005089656
path,-6.30206505975819,-2.2516374508098846
path,-6.302221109390527,-2.2515419744566985
path,-6.302377560079385,-2.251439792977725
path,-6.302541215061573,-2.251338549287987
path,-6.302701970074024,-2.251240177330582
path,-6.302856805114853,-2.251145441228622
path,-6.303022872478289,-2.251043024390143
path,-6.303179226901654,-2.2509470143649697
path,-6.303340999854809,-2.250846092260264
path,-6.303503747120583,-2.250742522865125
path,-6.303658269347889,-2.2506479521944605
path,-6.30381965738695,-2.2505481005011303
path,-6.303979122115896,-2.250450482787929
path,-6.304132746424357,-2.250356440277599
path,-6.304296933415076,-2.250255210606227
path,-6.304449924279266,-2.2501614858453807
path,-6.304612869774281,-2.25006160168551
path,-6.304771907076274,-2.2499588167692512
path,-6.3049248582334325,-2.249863050973002
path,-6.305083868219159,-2.249764930910032
path,-6.305240499593075,-2.249668872485295
path,-6.305396436182642,-2.2495722288274163
path,-6.305556731980532,-2.249473979466718
path,-6.305712332707718,-2.249377528490792
path,-6.305896326318869,-2.2492635466481476
path,-6.3060912832453315,-2.2491415400020527
path,-6.306276133846836,-2.2490247659655207
path,-6.3064703156254724,-2.2489031295707362
path,-6.30665755982948,-2.2487853858918703
path,-6.306846947681396,-2.248668226543121
path,-6.307034059307673,-2.2485473779342615
path,-6.307227871434487,-2.248425837958205
path,-6.307414911902055,-2.248308340683942
path,-6.3076024966757736,-2.2481917397117734
path,-6.3077947380210375,-2.2480660259145324
path,-6.30797863065732,-2.247949055919219
path,-6.308166219490309,-2.247830283152047
path,-6.308351648012498,-2.247715011231098
path,-6.308543171599154,-2.24759602642907
path,-6.308733088298606,-2.247475834093521
path,-6.308924515962414,-2.247356650677411
path,-6.309115870327864,-2.2472367511636335
path,-6.309307175239387,-2.2471164706492104
path,-6.309497983852497,-2.2469969270278343
path,-6.309688295867846,-2.2468772920802884
path,-6.309876987592242,-2.246758671910522
path,-6.310062516961853,-2.2466445743800487
path,-6.310243504996219,-2.2465288594902932
path,-6.310423677160766,-2.2464151976271527
path,-6.310600070624657,-2.2462998746594613
path,-6.310776899525654,-2.2461834761713457
path,-6.310951002217459,-2.2460693252914923
path,-6.311124429848782,-2.245956850784794
path,-6.311296928906125,-2.2458365369609394
path,-6.311470366149523,-2.245720116489966
path,-6.311640164365777,-2.2456045202885426
path,-6.31181267316397,-2.24548763826618
path,-6.311983377825021,-2.2453691240976905
path,-6.3121555792884365,-2.245255011278752
path,-6.312325570753727,-2.2451367552289145
path,-6.31249640426822,-2.2450201729429704
path,-6.312666532096083,-2.2449050507725494
path,-6.312839005863487,-2.2447915232018296
path,-6.313008192680859,-2.244676893351185
path,-6.313178969586869,-2.2445622835108296
path,-6.313348853541959,-2.2444457627477097
path,-6.313516043934936,-2.2443304017068337
path,-6.313684448653025,-2.2442136552921172
path,-6.313856376011241,-2.2440984601511915
path,-6.31402314779082,-2.2439861968179216
path,-6.314193533635013,-2.243870999712478
path,-6.314358984371438,-2.243755533056708
path,-6.31452784073385,-2.243639413086238
path,-6.314695830120377,-2.243527234861411
path,-6.314861955589687,-2.243411842948379
path,-6.315028555500098,-2.2432977309073743
path,-6.3151954882238766,-2.2431864203512806
path,-6.315363246602859,-2.2430722769707785
path,-6.31552753825578,-2.2429611713097146
path,-6.315694936969043,-2.2428456818686167
path,-6.315862896624739,-2.2427366340126254
path,-6.316033840799351,-2.2426247405842696
path,-6.316201087676899,-2.242511149962234
path,-6.316363618475362,-2.242400842943914
path,-6.316529753073261,-2.242286216998363
path,-6.316695335668917,-2.242177051668347
path,-6.316858479720364,-2.242064616927087
path,-6.317024876426836,-2.241953080399086
path,-6.317189048130873,-2.2418436750566353
path,-6.317354362853002,-2.241732004935205
path,-6.317513718176312,-2.2416211162039255
path,-6.3176751190796425,-2.241504019290169
path,-6.317836444242101,-2.2413939243506578
path,-6.318002767864081,-2.2412825067492523
path,-6.318164911398999,-2.241171127393902
path,-6.318323153013159,-2.2410635987187675
path,-6.318487414152211,-2.2409497507381944
path,-6.3186468589615306,-2.2408388080098454
path,-6.318806394611606,-2.240727352687573
path,-6.318966919024328,-2.240620842743389
path,-6.319126069585307,-2.240509009887802
path,-6.319285999508478,-2.2403983424357765
path,-6.319444981155236,-2.240288977076067
path,-6.31960493345774,-2.240178574204718
path,-6.31976256619378,-2.240066839969057
path,-6.319921796967656,-2.239959708700609
path,-6.320082449794421,-2.2398490818409544
path,-6.320243506000132,-2.239744571311107
path,-6.320400536951956,-2.239634497198011
path,-6.320554583729568,-2.239521959102032
path,-6.320710072531679,-2.239414043029769
path,-6.320868514114541,-2.2393048092755636
path,-6.3210267556177095,-2.239196406784395
path,-6.3211830780663245,-2.239090041960143
path,-6.321341361242273,-2.2389806035369957
path,-6.321496899265206,-2.238872246720115
path,-6.321653788314212,-2.2387663425761493
path,-6.321808295213107,-2.238656403369081
path,-6.321964086581653,-2.2385479501845333
path,-6.322121589717646,-2.2384448028276895
path,-6.32227982324254,-2.2383350247937055
path,-6.322434747628342,-2.2382250521432328
path,-6.322589792798338,-2.23812086456616
path,-6.322747589721513,-2.238009466483625
path,-6.32289975122155,-2.237899406489736
path,-6.323054869038552,-2.237795150829406
path,-6.323207100556514,-2.237688054481189
path,-6.3233607646360905,-2.237578642810804
path,-6.323512978444063,-2.2374762011240046
path,-6.323666001443595,-2.2373694068259966
path,-6.3238169689093375,-2.2372648769763046
path,-6.323970486801284,-2.237158357841962
path,-6.324122173324045,-2.2370494835271946
path,-6.3242747744293455,-2.2369467609225038
path,-6.324426889664965,-2.2368401306249868
path,-6.324577928124082,-2.236734731965689
path,-6.324727431969069,-2.236625781364353
path,-6.3248760049710295,-2.2365179677164693
path,-6.325027576755574,-2.2364147183528553
path,-6.325177262729407,-2.236307566657731
path,-6.325327837466114,-2.2362017467097925
path,-6.325477796508654,-2.2360988319761135
path,-6.3256260688840165,-2.2359928394024258
path,-6.3257748758785945,-2.2358860707294994
path,-6.325924695450567,-2.2357833303694994
path,-6.3260743658267575,-2.2356793502840744
path,-6.326222783382335,-2.2355754725075494
path,-6.326372463517592,-2.235470309521678
path,-6.326529102024468,-2.235369458751392
path,-6.32668346195798,-2.23526541039035
path,-6.326834980050559,-2.2351638101496603
path,-6.326988061920746,-2.235055131204355
path,-6.327135781898963,-2.2349553218126035
path,-6.327290072579568,-2.2348517312151173
path,-6.3274394713216315,-2.234747523970368
path,-6.327588727891224,-2.2346469316935154
path,-6.3277379333266435,-2.2345425433772697
path,-6.327883717970448,-2.2344410868012545
path,-6.328034943750115,-2.2343362304686196
path,-6.328179416140324,-2.234236866583507
path,-6.328329677908618,-2.2341321202367337
path,-6.3284774609864325,-2.2340283848064986
path,-6.328621907541192,-2.23392727504205
path,-6.328770233527267,-2.2338213276908685
path,-6.328910962862529,-2.233719901823606
path,-6.329057740517456,-2.2336185659823324
path,-6.329197942446401,-2.2335170155882
path,-6.329344158028498,-2.2334180079982757
path,-6.3294886600356195,-2.2333148610152107
path,-6.32963404594943,-2.2332145009739084
path,-6.329781998948484,-2.2331135177299077
path,-6.329936844205151,-2.233021899220568
path,-6.33009041788465,-2.232929725412185
path,-6.330239142041151,-2.232837687467998
path,-6.330377809764641,-2.232744868732048
path,-6.33051753053644,-2.2326523556221876
path,-6.330654022739745,-2.232561992424837
path,-6.330798859452286,-2.232470287350189
path,-6.33093744716501,-2.232378568307484
path,-6.331075318577856,-2.2322868914997978
path,-6.331208939249206,-2.2321897677042877
path,-6.331344466140351,-2.232095583994527
path,-6.331481381736599,-2.23200362351489
path,-6.331619393203516,-2.2319101823112435
path,-6.331757208883383,-2.2318180429154744
path,-6.331893815488171,-2.231725727445793
path,-6.3320303975859185,-2.2316336734033726
path,-6.332167340396448,-2.231542861415923
path,-6.332304277116235,-2.231449629974461
path,-6.332439721423898,-2.2313586293570853
path,-6.332576602279568,-2.231266691257158
path,-6.3327117007982086,-2.2311753825620744
path,-6.332846860730803,-2.2310846624376945
path,-6.3329814624258916,-2.230993781098817
path,-6.333116865039661,-2.230900455202082
path,-6.3332549034095145,-2.23080968654537
path,-6.3333923376831605,-2.2307201558945278
path,-6.3335252236215345,-2.23063143029625
path,-6.333657355398244,-2.2305440089392876
path,-6.333797493859055,-2.23045372114869
path,-6.333931217551013,-2.230364196876856
path,-6.334064520749814,-2.2302707923836915
path,-6.334197373337256,-2.23017733093216
path,-6.33432961087371,-2.230088017939771
path,-6.334463243253442,-2.2299960039743354
path,-6.3345964373771855,-2.2299066738342197
path,-6.334729940917912,-2.2298152337431243
path,-6.334861597473751,-2.229725989964192
path,-6.3349947607807175,-2.229634135256352
path,-6.335126993477216,-2.229544815103799
path,-6.335259472539466,-2.2294537583260854
path,-6.335390604669859,-2.2293644444594176
path,-6.335522965783797,-2.229272849814202
path,-6.335654878617897,-2.2291832863473933
path,-6.335786623322057,-2.229092481767372
path,-6.335916817678056,-2.2290037821190354
path,-6.33604818331438,-2.2289126335759666
path,-6.336184150009247,-2.2288241812582217
path,-6.336312465038755,-2.228738600226138
path,-6.336445648309161,-2.2286456010295916
path,-6.336575444676066,-2.2285559992780986
path,-6.336707545392502,-2.228469789114646
path,-6.3368375857582855,-2.228378486059037
path,-6.336970396543141,-2.228289793991144
path,-6.33710316986091,-2.228199763389035
path,-6.337232520171129,-2.2281137666627053
path,-6.337363663960372,-2.2280216644809108
path,-6.3374918332389765,-2.2279337487372115
path,-6.337618916875975,-2.2278423199908777
path,-6.3377464014959894,-2.227754519049573
path,-6.337874925469134,-2.227664300124889
path,-6.338002790942664,-2.227575093511365
path,-6.33813059600577,-2.2274868320352916
path,-6.338256640166976,-2.227400763981992
path,-6.338387200893959,-2.2273083792567934
path,-6.338516230639346,-2.2272213385975363
path,-6.338647310236875,-2.2271308950904967
path,-6.338777872296177,-2.2270439959535153
path,-6.338903870998255,-2.226956877797494
path,-6.339031650880092,-2.2268669776355106
path,-6.33915778635901,-2.2267788239340587
path,-6.339283160985344,-2.226692296698847
path,-6.339409840455481,-2.2266034009236573
path,-6.3395364755954144,-2.2265156063889364
path,-6.339662509435198,-2.2264268167533148
path,-6.3397901884369645,-2.2263432868713964
path,-6.339918854157673,-2.2262511419356015
path,-6.340043993205136,-2.22616457446046
path,-6.340167437434775,-2.226079978859906
path,-6.340294885968312,-2.2259889354279676
path,-6.34042025339564,-2.2259006842534905
path,-6.3405429183131075,-2.225816174658032
path,-6.340669531330011,-2.225727251417662
path,-6.3407939485373035,-2.2256397714273954
path,-6.340917678508559,-2.2255532305642416
path,-6.3410398461441515,-2.22546912835865
path,-6.341165760630692,-2.225379263867004
path,-6.341289205234992,-2.2252914977361153
path,-6.341413378787313,-2.2252052765311747
path,-6.3415337318758045,-2.225121794572485
path,-6.341659988498765,-2.2250302713393038
path,-6.341782506033622,-2.2249446701697626
path,-6.341903729972419,-2.2248609987145236
path,-6.34202868161193,-2.224771534316597
path,-6.34215104874016,-2.2246842583715165
path,-6.3422739665363075,-2.2245986669660587
path,-6.342393244446227,-2.2245157087553715
path,-6.342518175942158,-2.2244260603425765
path,-6.3426401304720335,-2.224339510625406
path,-6.342759738313875,-2.2242559325781492
path,-6.342883435256583,-2.2241670159880096
path,-6.343006489685144,-2.224082504146502
path,-6.343129170533102,-2.223995685486701
path,-6.343250214234208,-2.2239106396383694
path,-6.343370799655602,-2.2238251251719996
path,-6.343491215431461,-2.2237390997922337
path,-6.343612490016364,-2.223653732043231
path,-6.343732773763765,-2.2235683719939234
path,-6.343852864530473,-2.223482426499762
path,-6.3439737165442445,-2.2233972197362206
path,-6.34409339474763,-2.2233121917928282
path,-6.344212818780084,-2.223226538758814
path,-6.344333186031616,-2.2231415700644424
path,-6.344452588509215,-2.2230566667899674
path,-6.344571060057129,-2.222971434923184
path,-6.344691510632312,-2.222885590833004
path,-6.344809463734109,-2.22280202206552
path,-6.3449290428168785,-2.222715875467014
path,-6.345048451232034,-2.222630859079836
path,-6.345165748013665,-2.222547707517217
path,-6.345284702292773,-2.2224618559615124
path,-6.345403481672637,-2.2223771969491
path,-6.345520953139937,-2.2222938867313022
path,-6.345639596848541,-2.222207817523345
path,-6.345757782612664,-2.222123648117915
path,-6.345875919321777,-2.2220380657844547
path,-6.3459941941640565,-2.221954724653946
path,-6.346111184579326,-2.2218698197060722
path,-6.346229265158958,-2.2217858594679702
path,-6.3463461796248435,-2.2217022532085013
path,-6.346462405477826,-2.221617601089625
path,-6.34658031223941,-2.2215337919724494
path,-6.346696831303967,-2.2214493868947502
path,-6.346813990195076,-2.221364285331712
path,-6.346930481341193,-2.221281069721291
path,-6.34704743745932,-2.22119596678851
path,-6.3471642026875745,-2.2211133314700255
path,-6.3472798497595155,-2.22102824209764
path,-6.3474004497483865,-2.220944820115626
path,-6.347514251765747,-2.2208646247447015
path,-6.347655963839959,-2.2207522164563627
path,-6.347826977334829,-2.2206288766379916
path,-6.348023943375754,-2.220489741829489
path,-6.348246493891443,-2.220334590020738
path,-6.348494655893748,-2.220163320263214
path,-6.348768037238074,-2.2199766364264355
path,-6.349064322575745,-2.2197774844413254
path,-6.349382117221705,-2.2195649504192176
path,-6.349722788275394,-2.2193379387994074
path,-6.350078078093932,-2.2191010372337057
path,-6.350454623715465,-2.2188522279972362
path,-6.350848992234482,-2.2185921828137367
path,-6.351261691071132,-2.218318928569684
path,-6.351693093350891,-2.218037160338421
path,-6.352142406891375,-2.2177420366865865
path,-6.3526082459568824,-2.217438085023724
path,-6.353086271853477,-2.2171249907176445
path,-6.3535619477766305,-2.2168092347029096
path,-6.354039341100728,-2.2164961177477753
path,-6.3545265509358915,-2.2161784457283504
path,-6.355028641040299,-2.215848276947748
path,-6.35555441021101,-2.2155036786208724
path,-6.356100783535594,-2.215141855243492
path,-6.356669165035793,-2.2147700666237493
path,-6.357260222775967,-2.2143825094276863
path,-6.357867593702317,-2.213984610541621
path,-6.358500311793724,-2.213570224490411
path,-6.359153741759124,-2.213144293000849
path,-6.359829452411354,-2.212703626497455
path,-6.360523771126424,-2.212248108708455
path,-6.36124419355251,-2.211776162983775
path,-6.361987820696956,-2.211291854071687
path,-6.362752247833501,-2.210790502562007
path,-6.363528077593835,-2.2102850572997452
path,-6.364285570878005,-2.2097892059175757
path,-6.36503907031697,-2.2092943286188103
path,-6.3657943201905365,-2.2087990779619417
path,-6.366546452834068,-2.2083045452846375
path,-6.367300991198862,-2.2078081445127093
path,-6.368038569062785,-2.2073227733628698
path,-6.368770857266359,-2.2068420120325833
path,-6.369505394529576,-2.2063578155876686
path,-6.370237246553063,-2.2058712674176024
path,-6.3709683553264185,-2.2053886846364326
path,-6.3716813799941665,-2.204917921066372
path,-6.372389420536165,-2.204446918169358
path,-6.373097635215982,-2.2039765412450865
path,-6.373807368187894,-2.20350641786034
path,-6.3745161158384755,-2.2030361171534065
path,-6.375202327898052,-2.2025819163193856
path,-6.375885877149876,-2.202123915422399
path,-6.376570314339251,-2.2016676466836214
path,-6.377247899814472,-2.201213345179098
path,-6.377929121967938,-2.200759026011225
path,-6.378594025666846,-2.200312929017
path,-6.379262831859829,-2.1998658496187495
path,-6.37992995368602,-2.1994189046243955
path,-6.38059355276569,-2.1989719639608647
path,-6.3812507703145505,-2.198528343159439
path,-6.381904875956175,-2.19809002673793
path,-6.382551076931064,-2.197652502449754
path,-6.383201928500729,-2.197214358730318
path,-6.383851386094996,-2.1967803617275434
path,-6.384495411358062,-2.1963442939970705
path,-6.385127730003484,-2.195917330651634
path,-6.385759639604794,-2.195491235492863
path,-6.3863866911472345,-2.1950654205706037
path,-6.3870145448263465,-2.1946406090247663
path,-6.387643261395786,-2.1942142282071453
path,-6.388262539607093,-2.1937954154300723
path,-6.388876383828803,-2.193376816434257
path,-6.3894908335821325,-2.192959439802484
path,-6.390105188711801,-2.192543361759851
path,-6.390714481416411,-2.1921272954789526
path,-6.3913154942156964,-2.191718065154089
path,-6.391911222640451,-2.1913098596150555
path,-6.392507849607004,-2.1909026811456536
path,-6.393106300346228,-2.1904939562072845
path,-6.393700391849581,-2.190086125602652
path,-6.394282092080213,-2.189686005648894
path,-6.394865558046483,-2.1892859442752615
path,-6.395442817039302,-2.1888870806171976
path,-6.396024227577995,-2.1884868656295233
path,-6.396602494407138,-2.18808772327183
path,-6.397176028581041,-2.187691942151593
path,-6.397745093548895,-2.1872979241203416
path,-6.398317830858614,-2.186902359515989
path,-6.398887419189444,-2.186507832292756
path,-6.3994572314194595,-2.186113273172447
path,-6.400010972199299,-2.185728255682407
path,-6.400567285534682,-2.1853419748117253
path,-6.40111965768163,-2.184957880927847
path,-6.401675315785211,-2.1845720223482297
path,-6.402226640449107,-2.184187964160882
path,-6.402771107246353,-2.1838075453016224
path,-6.403316693076513,-2.183427865106801
path,-6.403858040655237,-2.1830489341902077
path,-6.404401523078019,-2.182668984646721
path,-6.404944332136665,-2.1822896914230507
path,-6.405149740383099,-2.182261193566898
path,-6.405211637427781,-2.1823264325069283
path,-6.405214027654117,-2.1823526610191193
path,-6.40522697995309,-2.1823800211819346
path,-6.40524276409585,-2.182414439938029
path,-6.40530031631935,-2.1823575209697377
path,-6.405408265213135,-2.1822693389368117
path,-6.405559715368225,-2.1821506764279466
path,-6.405756177517489,-2.182001323165834
path,-6.405987400457635,-2.1818304599044605
path,-6.406262567916966,-2.1816307981089147
path,-6.406573074031201,-2.1814069998982215
path,-6.406909452254792,-2.181158646406232
path,-6.407282213172675,-2.18089125704447
path,-6.407665800031248,-2.180617323957315
path,-6.408051958292065,-2.1803423659896417
path,-6.408436190587438,-2.1800671278110553
path,-6.408817423471031,-2.179794496736992
path,-6.409198390928816,-2.1795209816669963
path,-6.409579828677728,-2.1792467521067755
path,-6.409960382692055,-2.1789747882854646
path,-6.410333782137633,-2.178702444713944
path,-6.410710816724878,-2.178431145938945
path,-6.411086786789536,-2.178163409583784
path,-6.411465002620017,-2.177887519160919
path,-6.4118396135977775,-2.1776177205392067
path,-6.412212521843472,-2.177353403124953
path,-6.4125872322014725,-2.1770801770643886
path,-6.4129610589579595,-2.1768133091088475
path,-6.413332894910588,-2.1765432694716207
path,-6.413705893219114,-2.176273524987305
path,-6.414078997363965,-2.1760063771240015
path,-6.414452446934816,-2.1757328331961094
path,-6.41482552122288,-2.1754627147289343
path,-6.415197957144799,-2.1751955509277536
path,-6.41557008734601,-2.174923643335869
path,-6.415939472825849,-2.1746551780851795
path,-6.416309041947484,-2.174389740572203
path,-6.416680748068144,-2.174119237057282
path,-6.4170516992921804,-2.173852683152495
path,-6.417421956336391,-2.1735801039301887
path,-6.417790382641711,-2.1733119450097584
path,-6.418158669648902,-2.173043640608039
path,-6.418528976430388,-2.172773665075808
path,-6.418897797414563,-2.172503777472024
path,-6.419263292940633,-2.1722356378939236
path,-6.419630748524139,-2.171966702295251
path,-6.41999770878469,-2.1717022491495315
path,-6.4203631975264885,-2.1714308757771668
path,-6.420731376360147,-2.171166068138999
path,-6.421098333621323,-2.1708935722065625
path,-6.421464002373588,-2.170626081637641
path,-6.421827862638277,-2.170360406884795
path,-6.422193627030679,-2.1700881991205003
path,-6.422561722777601,-2.1698189704110393
path,-6.4229237634449206,-2.1695532614320148
path,-6.423287127522148,-2.169282944878808
path,-6.423652528950211,-2.169019036059935
path,-6.424015870540117,-2.1687475449891847
path,-6.424380443163643,-2.1684774043214663
path,-6.424740105784146,-2.1682136848635776
path,-6.425101817688672,-2.1679428077860448
path,-6.425463021593256,-2.1676760539378748
path,-6.4258275619373295,-2.167407375049313
path,-6.426191237887884,-2.167142693880023
path,-6.4265518646296815,-2.1668716901263974
path,-6.42691399405462,-2.166607274195044
path,-6.4272789979493545,-2.1663342972691613
path,-6.427642077325944,-2.1660648797483493
path,-6.428006394399835,-2.1657978950451766
path,-6.428369894671297,-2.165524982266993
path,-6.428734276093039,-2.1652548257364166
path,-6.42909854055286,-2.164984919728141
path,-6.429462794561078,-2.164715124446137
path,-6.429826893472336,-2.164444984354748
path,-6.430184516600399,-2.16417759994458
path,-6.430541976350918,-2.1639048162789285
path,-6.430903309229492,-2.1636341320952903
path,-6.431259241285549,-2.1633632194870356
path,-6.4316209677614244,-2.1630960382751145
path,-6.431980646250382,-2.162830612547278
path,-6.432339507057395,-2.162562470816391
path,-6.432697863412326,-2.1622944167227267
path,-6.433055555971812,-2.16202431081306
path,-6.433411591213425,-2.1617542114329593
path,-6.433762689888895,-2.161485400143648
path,-6.434113530933645,-2.1612172874785363
path,-6.43446490073423,-2.160946961945725
path,-6.434814802384807,-2.1606785883359376
path,-6.435164324320509,-2.160410358021009
path,-6.435512704497186,-2.160141052197338
path,-6.435860411719753,-2.159874598752764
path,-6.436207484378308,-2.159607990157743
path,-6.436554747259961,-2.1593415756451746
path,-6.436902459302729,-2.159072701825455
path,-6.437245940696723,-2.158808041613616
path,-6.437589881500074,-2.158543528504165
path,-6.437933285204258,-2.158279266745535
path,-6.438276153660841,-2.1580148433206814
path,-6.438619298884422,-2.1577478444785214
path,-6.43896014455953,-2.15748467866975
path,-6.439300091705228,-2.157221944100167
path,-6.439639782617897,-2.156958810847127
path,-6.439979916009058,-2.156693504306656
path,-6.440318758503078,-2.156430688243251
path,-6.4406563374334285,-2.156169212534782
path,-6.440993544684461,-2.1559051250150953
path,-6.441330315237885,-2.155643513647193
path,-6.441666622887979,-2.155382048989161
path,-6.442003181807804,-2.155120480553915
path,-6.442336913300644,-2.154861197222665
path,-6.44267109464733,-2.1545998251904876
path,-6.443003877045,-2.1543404072998205
path,-6.443336558826582,-2.154080912593476
path,-6.443669063139253,-2.1538218304261254
path,-6.443999906280477,-2.153564116495797
path,-6.444330374046213,-2.1533063629009974
path,-6.444607369440513,-2.1530626844430083
path,-6.444628157517257,-2.1528945132683757
path,-6.44442107769416,-2.1527511062997347
path,-6.444078156261719,-2.152537694651626
path,-6.4436019852343955,-2.1522551826185867
path,-6.4429948855586865,-2.151908596538524
path,-6.442256515373352,-2.1514986246028878
path,-6.441462097605827,-2.1510626243825017
path,-6.440634905557447,-2.150592172834183
path,-6.439788618262705,-2.150129538674986
path,-6.438922962644975,-2.1496582105123307
path,-6.438035725130418,-2.1491762223830744
path,-6.437124723655334,-2.1486821788734654
path,-6.436189470618307,-2.148175707234574
path,-6.435226604187379,-2.147655532721046
path,-6.434236014135149,-2.1471211162232553
path,-6.433219608359352,-2.1465733588408225
path,-6.43217823673483,-2.146012191315455
path,-6.43111469430132,-2.145439911944444
path,-6.430032389152309,-2.144862789008124
path,-6.429213203568562,-2.1441993198286986
path,-6.428410110247665,-2.1434367228135716
path,-6.427492552456367,-2.1427305050952836
path,-6.426521350635634,-2.1420487304553943
path,-6.425740208116334,-2.1413778878735847
path,-6.424875163960071,-2.1406034952448247
path,-6.423904088584315,-2.1398365179807963
path,-6.422847758391177,-2.1390761261679363
path,-6.42183871618468,-2.138319446801404
path,-6.421087652803653,-2.1374408706183248
path,-6.420122938404042,-2.1365056888426808
path,-6.418923593707172,-2.1355737307065588
path,-6.4176530459660945,-2.1347310741261487
path,-6.416659684130349,-2.1340356900870088
path,-6.415713771152784,-2.1333279977498174
path,-6.414867267043868,-2.132705209037145
path,-6.4141013933163435,-2.132128928175974
path,-6.413411332417909,-2.1316073221639016
path,-6.412785008098373,-2.131094700300263
path,-6.412201659261363,-2.13066118092896
path,-6.411710420428055,-2.130258816990186
path,-6.411257439544157,-2.1299016505640376
path,-6.410864148001131,-2.129595795419053
path,-6.4104896752089155,-2.1293100955486555
path,-6.410188849833238,-2.129036403973846
path,-6.409921823482042,-2.12880325972276
path,-6.409696934327592,-2.12860882418293
path,-6.409544181115211,-2.1284505242611194
path,-6.409425602405553,-2.128319692971537
path,-6.409337176080625,-2.128206366902031
path,-6.409268938668126,-2.128110001443796
path,-6.4092246430246105,-2.1280292111547587
path,-6.40919569514188,-2.127960741514374
path,-6.409168063831621,-2.1278940263461488
path,-6.409156692092689,-2.127836394718382
path,-6.4091498629612245,-2.1277827228398483
path,-6.409143123762227,-2.127729399767752
path,-6.409123342014511,-2.127669351243045
path,-6.409100994998251,-2.127605134491013
path,-6.409074480807338,-2.12754089633062
path,-6.409054180854611,-2.1274798645188646
path,-6.409041873702306,-2.127421537831204
path,-6.409021197416014,-2.1273616106385496
path,-6.4090005720565095,-2.127303570870653
path,-6.40898198292885,-2.127243725183289
path,-6.408968703498381,-2.1271877386664757
path,-6.408953649755982,-2.127132129386029
path,-6.408924765420884,-2.1270692428456384
path,-6.408904675108798,-2.1270092926525908
path,-6.408882733946963,-2.126949034579481
path,-6.408855448729446,-2.1268881525746837
path,-6.4088274078476735,-2.1268228086356182
path,-6.4087929284435035,-2.1267552649151367
path,-6.408775349747732,-2.1266992333732464
path,-6.408746083151072,-2.126637325229556
path,-6.408726203654946,-2.1265815315476186
path,-6.40871032353871,-2.1265278821542632
path,-6.408689345741304,-2.1264719862925037
path,-6.408647836270837,-2.126399516805605
path,-6.4086049726558505,-2.126328664093046
path,-6.408561287098452,-2.126260664090299
path,-6.4085289152787634,-2.126196182077114
path,-6.408503587912776,-2.1261374490199145
path,-6.408468217348291,-2.126073533705213
path,-6.408439534766827,-2.126011292630111
path,-6.408417325552894,-2.1259565280847035
path,-6.408386444638873,-2.1258969137658315
path,-6.408360963064179,-2.125839662090448
path,-6.408342518487233,-2.125788446516965
path,-6.408307487274213,-2.1257242039856115
path,-6.408254619174346,-2.125652310856983
path,-6.408210571880637,-2.125584318585499
path,-6.408183521609398,-2.125525278956663
path,-6.4081368072678675,-2.125459156530367
path,-6.408108238232085,-2.125400646051023
path,-6.408082735596609,-2.12534544603636
path,-6.408055068204117,-2.1252908880829815
path,-6.408033355972354,-2.1252380795997112
path,-6.407997886344543,-2.1251796173379267
path,-6.407964465291378,-2.1251180864400805
path,-6.4079297663552985,-2.1250585057122744
path,-6.407899367031473,-2.1250041829989312
path,-6.4078559134213275,-2.124937855710604
path,-6.407812575772336,-2.1248716403049412
path,-6.407775966939463,-2.1248110594266683
path,-6.4077356783394395,-2.124749746296098
path,-6.407698382614757,-2.1246886538345096
path,-6.407672861181187,-2.1246359651528923
path,-6.407644051553303,-2.1245840842955404
path,-6.407610253302785,-2.1245236068136846
path,-6.407576387463779,-2.1244674605777822
path,-6.407545328932907,-2.1244127442095024
path,-6.4075130602187205,-2.1243560679109827
path,-6.4074841224803105,-2.124301732288224
path,-6.407451619197154,-2.1242477764789345
path,-6.407414339301452,-2.124191459867229
path,-6.4073860958438775,-2.124139440046191
path,-6.407348106314233,-2.1240832540972754
path,-6.407318574364019,-2.1240304985092466
path,-6.407280103269491,-2.1239724573751366
path,-6.40724071081975,-2.1239113842516018
path,-6.407205105345832,-2.1238574614491283
path,-6.407169633857055,-2.1238023943655717
path,-6.407137724789242,-2.12375133352593
path,-6.407088115493159,-2.123688324152916
path,-6.407050620811141,-2.123630842561467
path,-6.407012048407439,-2.1235775200042952
path,-6.406977004035451,-2.123522977172571
path,-6.406934258210351,-2.123465147512594
path,-6.4068827811194655,-2.123402412586862
path,-6.406839787873398,-2.1233424266173504
path,-6.406793918387064,-2.123281493342227
path,-6.406743013269851,-2.12321688166139
path,-6.406679708967945,-2.123143964887982
path,-6.406620662445319,-2.1230758861605383
path,-6.406556635622592,-2.123006882527255
path,-6.406505203044392,-2.1229427888329773
path,-6.406452138163144,-2.12287998369947
path,-6.406411940694181,-2.1228236710816835
path,-6.406368535142048,-2.1227688464966397
path,-6.406321226547244,-2.1227102998527134
path,-6.40626957615504,-2.1226482112449303
path,-6.406203444607765,-2.1225803617424086
path,-6.406124244254094,-2.12249964926456
path,-6.406048812044034,-2.122422482559665
path,-6.405967611735735,-2.1223400138820816
path,-6.405884436016224,-2.1222588590233755
path,-6.405790997173537,-2.1221763819135773
path,-6.405688613651088,-2.1220791588234063
path,-6.405585668810458,-2.1219847003740324
path,-6.4054947064072385,-2.121897349342921
path,-6.405396702654234,-2.121808070284544
path,-6.405298403128193,-2.1217191994572633
path,-6.405208751679721,-2.1216362070953427
path,-6.4051172288395195,-2.1215503267621743
path,-6.405018571202949,-2.121462268103075
path,-6.404920048608077,-2.12137449703695
path,-6.40481743155543,-2.1212828099693333
path,-6.404709959367744,-2.1211854690524135
path,-6.404594525755065,-2.121088621268475
path,-6.404480677123848,-2.120991554246058
path,-6.404364735451332,-2.1208908787590794
path,-6.404239038436723,-2.1207816327165996
path,-6.40411171949414,-2.1206760645157767
path,-6.403987677586874,-2.1205710961912825
path,-6.40385911498447,-2.120463913201639
path,-6.403730627482124,-2.1203577922009162
path,-6.403601654298095,-2.1202482083024488
path,-6.403476153978927,-2.1201418377816053
path,-6.403325236899469,-2.120027681336577
path,-6.403173300982436,-2.11991010340706
path,-6.403031704200336,-2.1197923985765454
path,-6.40289740349532,-2.1196810221126365
path,-6.402747714177284,-2.1195627724797723
path,-6.402603536538686,-2.1194417724611117
path,-6.402458484915085,-2.11932183686452
path,-6.4023021261482915,-2.1192014931551797
path,-6.402151235432052,-2.119082694767102
path,-6.4019829266663955,-2.1189613472539564
path,-6.401826328430647,-2.1188350420506
path,-6.401659726202852,-2.1187093986286327
path,-6.401489716964611,-2.1185790384552408
path,-6.40131448584163,-2.1184467307461854
path,-6.401156458386993,-2.1183148697211696
path,-6.400973172629682,-2.1181822243986166
path,-6.400803129813025,-2.1180509949273265
path,-6.400636518462565,-2.117917672523611
path,-6.400463128084103,-2.1177867775581354
path,-6.40028118913726,-2.1176512707762525
path,-6.400089649673303,-2.1175136655098954
path,-6.3998850674572845,-2.11736841956897
path,-6.399704602144051,-2.117225844983084
path,-6.399504604788146,-2.1170788065369877
path,-6.3993081418553865,-2.1169315206501693
path,-6.399099635697748,-2.1167755326278415
path,-6.3989001614232635,-2.1166245756071573
path,-6.398685746046623,-2.1164744717417885
path,-6.398454965018134,-2.1163125330648644
path,-6.398220893552825,-2.116148650182844
path,-6.397985673711129,-2.11597296798695
path,-6.397743889330614,-2.1158090881388754
path,-6.397494994869511,-2.115646486828511
path,-6.397250859037534,-2.1154720458489336
path,-6.39701396190414,-2.115300241651417
path,-6.396794696888631,-2.1151370963790077
path,-6.396528794892832,-2.1149694297324233
path,-6.396259064529032,-2.1147775354112306
path,-6.3959901905515855,-2.114575668045871
path,-6.395698549492886,-2.114382224406146
path,-6.395414667537905,-2.1141820492958754
path,-6.395119463642101,-2.113977643654521
path,-6.394814767169536,-2.113767315166265
path,-6.394508541319161,-2.1135541520608143
path,-6.3941991554282245,-2.1133375992519015
path,-6.393888466840779,-2.113113238416241
path,-6.393582755848419,-2.1128924250820322
path,-6.393276364355765,-2.1126716623090074
path,-6.392958906624774,-2.1124482823846984
path,-6.392598972859463,-2.112225323001311
path,-6.392278726759252,-2.112004321733065
path,-6.391944773046901,-2.111771195242013
path,-6.39159587637071,-2.111539981123059
path,-6.391191698764175,-2.1112777918940733
path,-6.3908239238670275,-2.1110253560702295
path,-6.390520729902246,-2.110887973360584
path,-6.390291051614578,-2.110815672825271
path,-6.390148499750646,-2.110755049747208
path,-6.39006049445077,-2.110721768682618
path,-6.390012771439678,-2.110713460080866
path,-6.389964731475419,-2.1107036646089
path,-6.389909089570823,-2.1106912223847134
path,-6.389853885036092,-2.110676732702336
path,-6.389802345825759,-2.1106683516775435
path,-6.389742481798411,-2.110653659716994
path,-6.3896894566956615,-2.1106415300475962
path,-6.389642214021384,-2.1106340073001393
path,-6.389597581083384,-2.110628233496093
path,-6.389550195163338,-2.1106222309961877
path,-6.389485293496708,-2.1106088747711587
path,-6.3894412559974985,-2.1106044311816667
path,-6.389371113227394,-2.1105871092302
path,-6.389322957969319,-2.1105767846530754
path,-6.389272902377788,-2.110569406383646
path,-6.389221342924576,-2.110561199746372
path,-6.389169551383945,-2.1105532670927816
path,-6.389116110621901,-2.110542575228002
path,-6.389051621987821,-2.110528774260783
path,-6.38898692420688,-2.1105163402975133
path,-6.388925999147568,-2.11050154680774
path,-6.388874715908167,-2.1104946953043533
path,-6.38880922832781,-2.1104838584811185
path,-6.388757288441818,-2.1104747624398983
path,-6.388700478122386,-2.1104662672891727
path,-6.388642370095118,-2.11045507026353
path,-6.388587511640986,-2.110448422295938
path,-6.388519952926866,-2.1104324148008815
path,-6.388458715037362,-2.110422054767078
path,-6.388402011462799,-2.1104135376344195
path,-6.388346465138072,-2.110404468737931
path,-6.388289230891061,-2.110397919371426
path,-6.388236083544501,-2.110390814174686
path,-6.388176013369759,-2.1103794183772524
path,-6.388122022439666,-2.110374800187515
path,-6.3880650306377245,-2.1103674690797485
path,-6.388006809896488,-2.1103585491315706
path,-6.387950777443956,-2.110352865448344
path,-6.387886137004638,-2.110340316838598
path,-6.387833741131207,-2.110336471322578
path,-6.387774142140553,-2.1103283617515105
path,-6.3876961727011645,-2.1103051258241385
path,-6.3876128088184165,-2.110285190885768
path,-6.387554480333554,-2.110276085553641
path,-6.387498159656217,-2.1102681476571905
path,-6.387444594060046,-2.1102673220623958
path,-6.3873740192605,-2.1102498277030146
path,-6.387313120603334,-2.110243884929745
path,-6.387229907436601,-2.1102172249623505
path,-6.387166386248541,-2.1102118385416953
path,-6.387102748039379,-2.1102017424472423
path,-6.387045810105311,-2.1101954402215988
path,-6.386980319505308,-2.1101869273210303
path,-6.3869103250753145,-2.1101748863410843
path,-6.386841069015387,-2.1101628975424025
path,-6.386788634157385,-2.110158743159897
path,-6.386729133389083,-2.110151695792609
path,-6.386655084166185,-2.1101369045879053
path,-6.386596448004786,-2.110131342477637
path,-6.386539850952919,-2.1101267367043506
path,-6.3864746676553406,-2.110115639545469
path,-6.386420341057164,-2.1101132543646623
path,-6.386360869026619,-2.110106318296026
path,-6.386294309982371,-2.110098466845609
path,-6.386222621591679,-2.110086617019395
path,-6.386150082526416,-2.1100764343226768
path,-6.386089355718937,-2.110064819232081
path,-6.386019778240843,-2.1100539649030443
path,-6.385961752713513,-2.110047486569566
path,-6.385899113676392,-2.1100423859900266
path,-6.3858229838640606,-2.110030270791923
path,-6.38576516998843,-2.110024815167589
path,-6.385686477659414,-2.1100102720958915
path,-6.385625369924402,-2.110002027922353
path,-6.385558683653034,-2.1099958171841307
path,-6.385500047935302,-2.109993414775479
path,-6.385419705420041,-2.1099799979119482
path,-6.385354479736722,-2.1099666357884086
path,-6.385289317800069,-2.109961610121548
path,-6.385225954733846,-2.1099547603130366
path,-6.385164286066317,-2.109951488186952
path,-6.38509655987958,-2.1099408455648114
path,-6.3850363568926385,-2.109938075070389
path,-6.384969352757807,-2.109930369691707
path,-6.384909935845164,-2.10992806901857
path,-6.3848425796304005,-2.1099237893688514
path,-6.384773957540797,-2.1099112694322626
path,-6.384699860755621,-2.1099020243804993
path,-6.384626958725197,-2.109892954921386
path,-6.384558857951061,-2.109885651845337
path,-6.3844919771485955,-2.10988113968484
path,-6.384425679635324,-2.10987514232228
path,-6.384352523223822,-2.1098658862905033
path,-6.384279552583924,-2.1098602033925364
path,-6.384215212101847,-2.10985406717175
path,-6.384157323693284,-2.1098533895532525
path,-6.384097416945652,-2.1098525150355316
path,-6.384031825608253,-2.1098478119291313
path,-6.383955427407108,-2.1098389259775128
path,-6.383874262193325,-2.1098246914183667
path,-6.383801756067541,-2.109817558740988
path,-6.383726839221076,-2.109808960983545
path,-6.383656733238688,-2.1098042474393894
path,-6.383583608657039,-2.109797896918589
path,-6.383503915721614,-2.1097834621431466
path,-6.383433567434867,-2.1097794715292575
path,-6.383353352860535,-2.109770753486643
path,-6.383270250036809,-2.109756244597438
path,-6.383205708775094,-2.109752998826529
path,-6.383139158051279,-2.1097505529689524
path,-6.383064373219567,-2.1097407022121435
path,-6.383000207738664,-2.1097399479663275
path,-6.38292635996325,-2.109732791311399
path,-6.382859976744532,-2.1097292202421434
path,-6.382792771739228,-2.1097256872676486
path,-6.382712434571269,-2.10971438603785
path,-6.3826438958625324,-2.109710262297477
path,-6.3825728936461905,-2.109703886266076
path,-6.38250296764219,-2.109703355915114
path,-6.382419010849039,-2.109693493186324
path,-6.382340662561161,-2.109682086308423
path,-6.382253628961653,-2.1096673629283247
path,-6.382186964374537,-2.109665711313373
path,-6.38210463070541,-2.1096570368053835
path,-6.382027546353443,-2.109648805629431
path,-6.381949444791439,-2.1096419794650165
path,-6.381877403308763,-2.1096382090208614
path,-6.381810381463993,-2.1096373755526145
path,-6.381746160599258,-2.109637095728319
path,-6.381648870801599,-2.1096139520564146
path,-6.381572452100665,-2.1096135210400284
path,-6.381498295686467,-2.1096047275671603
path,-6.381428804167485,-2.1096026032478323
path,-6.381351339474294,-2.109596866363657
path,-6.381279084700091,-2.10959529165951
path,-6.381211465948665,-2.1095925782585363
path,-6.381141454564323,-2.109590005834188
path,-6.381069141237437,-2.109587777799318
path,-6.380987939718405,-2.109578615493765
path,-6.380919745376509,-2.109576977882069
path,-6.380835457774564,-2.109567355257057
path,-6.38074472543239,-2.109554245227829
path,-6.380657399578876,-2.1095459294037395
path,-6.38058362539965,-2.109541701703345
path,-6.380505095940292,-2.1095375331184725
path,-6.380431256034394,-2.109533385450178
path,-6.380358649921495,-2.109530329351329
path,-6.380284661724967,-2.1095303633935667
path,-6.380197300685655,-2.1095215261497007
path,-6.380105650360117,-2.1095110510203554
path,-6.38002433417571,-2.109499900236976
path,-6.37994863382757,-2.109496177792188
path,-6.37987230917014,-2.1094919028560852
path,-6.379782507558855,-2.1094807690464354
path,-6.379700389249905,-2.109476203878214
path,-6.379607926338906,-2.1094632829671704
path,-6.379535106363676,-2.1094632586668265
path,-6.37946099538095,-2.1094632895529157
path,-6.379356971942686,-2.109444843737341
path,-6.379263179097119,-2.109434630206908
path,-6.379181374524795,-2.109423407862912
path,-6.379096539387071,-2.109411470095764
path,-6.37902109251837,-2.109408160045794
path,-6.378946894005623,-2.1094028283049644
path,-6.378873568687396,-2.1093987236489005
path,-6.37880507733464,-2.1093992256863214
path,-6.37872994799664,-2.109397860563674
path,-6.3786533881656124,-2.109408922877399
path,-6.378565940132035,-2.1094276746645924
path,-6.378466188639031,-2.1094548710669825
path,-6.378318462779745,-2.1095032882243197
path,-6.378183066449836,-2.1095497727811976
path,-6.378052885260438,-2.1096058818393795
path,-6.377919998889802,-2.1096551702167834
path,-6.377789504508531,-2.1097068012122877
path,-6.377654693890412,-2.10975319184518
path,-6.377491822289998,-2.1097878667755476
path,-6.377335585033139,-2.109823859052081
path,-6.377200006184921,-2.1098695799737976
path,-6.377068985433636,-2.1099161515594624
path,-6.376938068630407,-2.1099640967164475
path,-6.376799187848078,-2.1100031487547435
path,-6.376666870131959,-2.1100486488022407
path,-6.376539783811985,-2.110094558905359
path,-6.376398430127266,-2.1101301025664383
path,-6.376276016825327,-2.110173075790465
path,-6.37613519249683,-2.110202749199915
path,-6.376009290891935,-2.1102409889633367
path,-6.375884855090353,-2.110280813380978
path,-6.3757615496595506,-2.1103194112116572
path,-6.375631780583758,-2.110352867219207
path,-6.37549742338246,-2.1103831459343065
path,-6.375377346728979,-2.110416248410599
path,-6.375245714963929,-2.1104435467416134
path,-6.3751352296891,-2.110479645548175
path,-6.375017134301561,-2.110510986506662
path,-6.374867542114012,-2.110521074169504
path,-6.374729318290449,-2.1105348587127506
path,-6.374605634554619,-2.1105563904535454
path,-6.374493302512386,-2.110585085830004
path,-6.374389129844401,-2.1106126997759853
path,-6.374277770838381,-2.110634168994245
path,-6.374156368268063,-2.1106520676950518
path,-6.374038474147104,-2.1106710671091005
path,-6.373933188721314,-2.110691419734804
path,-6.373827872935377,-2.110712475869548
path,-6.373705638943186,-2.1107261284731282
path,-6.373591826269996,-2.110741442012999
path,-6.373476881685678,-2.11074629739635
path,-6.373369265498692,-2.110758771586946
path,-6.373270405115399,-2.110774780426705
path,-6.3731764932978905,-2.1107939826617463
path,-6.373071089473178,-2.1107967653706776
path,-6.372964108550406,-2.110806220057334
path,-6.372869957660491,-2.1108182275811447
path,-6.372761771833069,-2.1108223188936344
path,-6.372658426941638,-2.110824096151999
path,-6.3725454970555875,-2.110823271421405
path,-6.372433831890243,-2.110820036231083
path,-6.372332774627638,-2.1108228713971497
path,-6.372230529047222,-2.110821014808177
path,-6.372101932541475,-2.11079948735903
path,-6.371966894481341,-2.110780166681014
path,-6.37185471413579,-2.110768975623908
path,-6.371737647234919,-2.1107540983517903
path,-6.371648942467565,-2.110749037407873
path,-6.371565852266388,-2.110750901504275
path,-6.371476977126018,-2.110745099331552
path,-6.371385659437218,-2.1107404011986204
path,-6.371284228645555,-2.110726199697761
path,-6.371192151023319,-2.1107179957267843
path,-6.3711011718319535,-2.110709486835637
path,-6.371005157020709,-2.110699858277815
path,-6.370921248012883,-2.110695644974961
path,-6.370834126959144,-2.1106911855844652
path,-6.370754851450434,-2.110688159781668
path,-6.370676763937892,-2.110688694212339
path,-6.3705851271579395,-2.1106814853281555
path,-6.370466752035372,-2.1106591448873115
path,-6.37035583070046,-2.110639996664287
path,-6.370259843529386,-2.110630976752832
path,-6.37016126653163,-2.11061830042666
path,-6.370063404435721,-2.1106115068448266
path,-6.369978565107978,-2.1106080235313125
path,-6.3698969298089745,-2.110604162344082
path,-6.369816278335716,-2.110604826537641
path,-6.369728979173671,-2.110599769459763
path,-6.369632422945079,-2.1105905808118
path,-6.36954882793195,-2.110590024161525
path,-6.369444596792225,-2.1105792766271962
path,-6.369353848242731,-2.110568916393811
path,-6.369252700423123,-2.1105570217440364
path,-6.369164925299125,-2.1105535696984896
path,-6.369068431499943,-2.110549136790402
path,-6.368970039648958,-2.1105388888784264
path,-6.368881406324145,-2.1105355523793956
path,-6.368782542564774,-2.110526515120638
path,-6.368695961537155,-2.110520366891102
path,-6.368610479599821,-2.1105200893613354
path,-6.368518291942782,-2.1105166439465113
path,-6.368414282566913,-2.110504465063068
path,-6.368321824852853,-2.1104981488070704
path,-6.368224996877094,-2.1104919679927354
path,-6.368116574785683,-2.1104740736124605
path,-6.368019606068281,-2.1104648863985167
path,-6.367924890487567,-2.110460724049635
path,-6.367833959553723,-2.110455346967191
path,-6.367751453144856,-2.1104578015801874
path,-6.367635772091769,-2.110438087113379
path,-6.367533166711846,-2.1104298504225283
path,-6.367425744665862,-2.110417015948142
path,-6.367347000312113,-2.1104206002156665
path,-6.367237709549176,-2.110406067421494
path,-6.367151910055625,-2.110403095816946
path,-6.367037901333559,-2.11039207259139
path,-6.366913285277065,-2.1103675035637006
path,-6.3668074265335255,-2.1103586231847657
path,-6.3667205149368575,-2.1103584475673887
path,-6.366637400387568,-2.1103618614593027
path,-6.366541355335274,-2.1103561928184504
path,-6.366437178160795,-2.110351266641488
path,-6.366330663737164,-2.1103347329089193
path,-6.366225774018655,-2.1103240135172845
path,-6.366140726183041,-2.1103239445616633
path,-6.3660324946970555,-2.110316426844737
path,-6.365930466626444,-2.110305249285205
path,-6.365847270274862,-2.1103094432656304
path,-6.365723670701764,-2.1102849144537714
path,-6.365605597554336,-2.110268681903322
path,-6.3654779889721915,-2.1102530779198236
path,-6.36536317181052,-2.1102383258224853
path,-6.365271723194753,-2.110238603919911
path,-6.36516759569695,-2.110232646721402
path,-6.365047743087059,-2.1102139819426187
path,-6.3649210173927475,-2.110193167950772
path,-6.364810580399288,-2.1101831941188363
path,-6.3647021236303285,-2.110171071403847
path,-6.364588624431343,-2.1101604000187084
path,-6.364472476327608,-2.1101479767125717
path,-6.3643692101791185,-2.1101426478430025
path,-6.364271086121431,-2.1101426296406904
path,-6.364162255607097,-2.1101322502863633
path,-6.364056620665331,-2.110123818174717
path,-6.363944352894591,-2.1101129645225436
path,-6.363844660742803,-2.1101103224286333
path,-6.363750595689509,-2.1101105344257434
path,-6.363640266913574,-2.1100966488019197
path,-6.363535560781665,-2.1100927768302737
path,-6.363454282286371,-2.110100537416864
path,-6.363349992630798,-2.1100961412013994
path,-6.363242439350097,-2.1100900255853494
path,-6.363158225152349,-2.1100951852476384
path,-6.363062248269161,-2.110094906618739
path,-6.362970807740313,-2.1100976998906456
path,-6.362877183158831,-2.110095701880847
path,-6.36276726990527,-2.11008950543738
path,-6.36264364639512,-2.110074398457274
path,-6.362519747164584,-2.110058465153242
path,-6.3623970030802495,-2.110043646792943
path,-6.362299566868057,-2.1100427445224974
path,-6.362181707576934,-2.1100340558563744
path,-6.362062937789677,-2.110026226967732
path,-6.361967851823161,-2.110029373345732
path,-6.361853371630765,-2.11002939690974
path,-6.361736285976549,-2.110026731934957
path,-6.361637411308286,-2.1100302024722555
path,-6.361522997866084,-2.1100287573031045
path,-6.3614236582062285,-2.1100343355957807
path,-6.361293901709412,-2.1100262614873335
path,-6.361144479717424,-2.110003851332349
path,-6.361039735832644,-2.1100086220686216
path,-6.360968994088216,-2.109986886553722
path,-6.360920694708866,-2.1099714746505174
path,-6.360867013682543,-2.109952074800729
path,-6.3607835082470485,-2.109933195613078
path,-6.360716177608436,-2.109911298449925
path,-6.360641255202505,-2.109890870232408
path,-6.360583821389049,-2.1098712400503037
path,-6.360513108174429,-2.1098511877871946
path,-6.360429651623061,-2.1098260859590257
path,-6.3603418272700445,-2.109794383830773
path,-6.360262854133411,-2.1097651763757757
path,-6.360193221451899,-2.109756692331317
path,-6.360144704373332,-2.1097409408236056
path,-6.36009008550851,-2.1097272538155614
path,-6.360023802135346,-2.1097077911154125
path,-6.359952218322086,-2.10968049261678
path,-6.359873769382825,-2.1096598149369177
path,-6.359796746427023,-2.109642132149129
path,-6.359738478914985,-2.109621274760892
path,-6.359649628151816,-2.1095939516144306
path,-6.359600968777083,-2.1095761211606914
path,-6.359515003989472,-2.1095468972705853
path,-6.359429014493162,-2.1095173411971286
path,-6.359361600822952,-2.1095023485121733
path,-6.359293588596271,-2.1094763113541126
path,-6.359169270481282,-2.1094412183991484
path,-6.359088107377817,-2.1094169656812967
path,-6.359017175535533,-2.1093883882944318
path,-6.358915650455827,-2.1093500686559747
path,-6.358808027737999,-2.10930331415277
path,-6.358727867524676,-2.109287608190679
path,-6.358657555137674,-2.1092659751712897
path,-6.358591433267987,-2.1092495530892856
path,-6.358540136738593,-2.109226035743934
path,-6.358457771681616,-2.1092038010208265
path,-6.358380228777317,-2.1091781615885252
path,-6.358296709785305,-2.1091545802177416
path,-6.358235855099256,-2.1091259162226645
path,-6.358163676664033,-2.109118394038869
path,-6.358108119368218,-2.1090957982699052
path,-6.358047702964161,-2.109086575555458
path,-6.35797525569297,-2.1090581072047336
path,-6.357899807411883,-2.1090372427337556
path,-6.3578311368474765,-2.1090113138761057
path,-6.357769248523878,-2.10898877259849
path,-6.357699489421581,-2.1089722853769044
path,-6.357643555982876,-2.108957291494706
path,-6.357557550069852,-2.108927454785856
path,-6.357470532609169,-2.1088998780907198
path,-6.35741481082922,-2.10888588399395
path,-6.357355548061693,-2.1088676691360586
path,-6.357291054316755,-2.1088473007907513
path,-6.357208669643394,-2.108824545452942
path,-6.357154149301347,-2.1088058859777736
path,-6.357078081894564,-2.108783209869901
path,-6.357009899658817,-2.1087582994168694
path,-6.3569474997801505,-2.1087463481062163
path,-6.356890623933377,-2.108725452964684
path,-6.356799657032949,-2.1086971799619163
path,-6.356742703318543,-2.108678152874671
path,-6.3566771006378175,-2.1086627098152877
path,-6.3565984452654085,-2.1086292357568333
path,-6.356527755876228,-2.1086161673089223
path,-6.3564664514448594,-2.108597850909169
path,-6.3564065805097405,-2.1085822385535127
path,-6.356350305992289,-2.108566082668985
path,-6.3562752483979565,-2.1085380414391106
path,-6.3561925079190775,-2.108513586077455
path,-6.356118969109499,-2.1084864467354376
path,-6.3560342366522695,-2.1084628433272576
path,-6.355977022834502,-2.108443728228757
path,-6.355901150050929,-2.1084223838526857
path,-6.35582052188521,-2.1083910174960496
path,-6.35574136696845,-2.1083580700482063
path,-6.355663976578539,-2.108345500164441
path,-6.355596324600166,-2.108320060377505
path,-6.355525024314517,-2.108295074343488
path,-6.355469641544517,-2.1082755859614424
path,-6.355387955639824,-2.108257737091139
path,-6.355292105219218,-2.1082227741934534
path,-6.355219996332864,-2.10819414692489
path,-6.355156045056512,-2.1081786513113294
path,-6.35507866432758,-2.1081525997589305
path,-6.355000482525027,-2.1081326609544724
path,-6.3549350880228515,-2.1081081902241436
path,-6.354877465816446,-2.1080935162210626
path,-6.354788103961925,-2.1080725817232078
path,-6.354728506744663,-2.108051888417472
path,-6.354657147358919,-2.1080283437426948
path,-6.354524502489029,-2.1079682996144706
path,-6.354404853528513,-2.1079353553334332
path,-6.3543215498983745,-2.10790089722403
path,-6.354222352888516,-2.107867259073244
path,-6.3541599582341375,-2.1078443934526927
path,-6.354080295821307,-2.107828883770306
path,-6.3540095529113785,-2.1077991041961477
path,-6.353946331661792,-2.1077838678208582
path,-6.353858711230168,-2.107754394349807
path,-6.353772104212761,-2.107729207466867
path,-6.3536933575174315,-2.107698912985083
path,-6.353621689980153,-2.1076796284976367
path,-6.353545398943658,-2.1076556307578236
path,-6.353462713994188,-2.1076259142715803
path,-6.353378912183541,-2.1075952758277956
path,-6.353314776118692,-2.1075710533426104
path,-6.353243723039486,-2.1075534707215606
path,-6.3531754344392075,-2.1075373343246353
path,-6.3531047580439814,-2.1075149316759507
path,-6.353013690063453,-2.107478643437229
path,-6.352933613586718,-2.10744714396001
path,-6.352835312821061,-2.1074150726657965
path,-6.352766722242507,-2.1073907072166698
path,-6.352659983866053,-2.1073613753748934
path,-6.352575432699224,-2.1073364537244563
path,-6.352503240743518,-2.1073057336166636
path,-6.352424683627823,-2.107287245914022
path,-6.352358397754861,-2.10726931004655
path,-6.352285383898376,-2.107231834882552
path,-6.352200015886837,-2.107205114709735
path,-6.352130816315785,-2.1071859288934345
path,-6.352070654104164,-2.107170552111518
path,-6.351971545175574,-2.1071275378862895
path,-6.3518438573841705,-2.107072845177267
path,-6.351765389627734,-2.107050337953187
path,-6.351702473895712,-2.1070335685950723
path,-6.351630857186077,-2.1070181968754644
path,-6.351564908175045,-2.107000654594573
path,-6.351493051170428,-2.1069767017040135
path,-6.351413224985914,-2.1069494721108697
path,-6.351327892070897,-2.106919243883448
path,-6.351262271555466,-2.1068978493750814
path,-6.351179249379031,-2.106869444420022
path,-6.351095848566784,-2.106835861113706
path,-6.351021536196974,-2.106818264279028
path,-6.3509538797790155,-2.1067882405098306
path,-6.350853111357251,-2.106762232101098
path,-6.350768054925752,-2.106725009308828
path,-6.350695576109495,-2.1066933867304076
path,-6.35062341597565,-2.1066811996373156
path,-6.350566599049222,-2.1066612707344956
path,-6.350497042023349,-2.1066421038466654
path,-6.350415629263245,-2.1066190921344368
path,-6.350331989000497,-2.1065947276020323
path,-6.350266186284631,-2.1065646491825962
path,-6.350180411677121,-2.106536589117714
path,-6.350089659085677,-2.1065066419613006
path,-6.349990408638752,-2.1064807888280117
path,-6.349920854710221,-2.1064431059837143
path,-6.349833192818466,-2.106412246823377
path,-6.349711901959822,-2.1063742946887074
path,-6.349610499213018,-2.1063404993357286
path,-6.349533860155693,-2.1063142773464802
path,-6.349444990320834,-2.106283670329177
path,-6.349355365457249,-2.106247309452805
path,-6.349265439865656,-2.106214273122097
path,-6.3491388677429805,-2.106178572282192
path,-6.349043240222536,-2.1061341229924926
path,-6.3489473622317485,-2.1061029366421526
path,-6.348788035599376,-2.1060409973981957
path,-6.348656160756901,-2.105998007552705
path,-6.348579271487085,-2.1059659599704514
path,-6.348512660728729,-2.10593843960071
path,-6.3484252158217345,-2.105910616878938
path,-6.348353922063895,-2.1058856298868145
path,-6.348263599854856,-2.1058620501603214
path,-6.348179240761255,-2.105834324934839
path,-6.3480880638085475,-2.105805001673519
path,-6.347981574901435,-2.105768459537914
path,-6.347843971842792,-2.105715247998095
path,-6.347763812546456,-2.1056818680357177
path,-6.347661512722743,-2.1056479589994774
path,-6.347590369283389,-2.105621706522067
path,-6.347461817665093,-2.1055773746039153
path,-6.34736079145216,-2.1055379282938254
path,-6.347279283103772,-2.1055116268164578
path,-6.347198318692885,-2.1054757436838463
path,-6.347068430922254,-2.105433677583486
path,-6.3469655742902145,-2.1053978339972717
path,-6.346872594229638,-2.1053597512739795
path,-6.346772457761294,-2.1053329683079984
path,-6.346697048610906,-2.105298345751413
path,-6.346625055513469,-2.1052739626467445
path,-6.346505198234272,-2.1052302740168782
path,-6.346409201737622,-2.105187308413895
path,-6.34631388541654,-2.105165786441655
path,-6.346235187457337,-2.105138152164102
path,-6.346149199877219,-2.105110687454065
path,-6.346068756900884,-2.1050825811347744
path,-6.345980027722005,-2.1050518982291746
path,-6.345910900742536,-2.1050240690105126
path,-6.345811450902404,-2.104990169275404
path,-6.345736049601497,-2.1049659543904244
path,-6.345655685349107,-2.104934707698641
path,-6.3455796882800675,-2.104910926009008
path,-6.345507649045041,-2.1048789055150237
path,-6.3453952131387465,-2.1048503039291906
path,-6.345299248054171,-2.104815921513204
path,-6.345222212565205,-2.1047859880619813
path,-6.345149707874291,-2.104763834326152
path,-6.345075523337211,-2.104735474797151
path,-6.344960092870633,-2.1046809839873113
path,-6.344860349045446,-2.1046565584756363
path,-6.34476756108962,-2.104619969960696
path,-6.344677905564223,-2.1045928013950923
path,-6.34459173135245,-2.104573750563258
path,-6.34451830050545,-2.104540349710303
path,-6.344448240193446,-2.1045125308018733
path,-6.344349824416204,-2.104481676998324
path,-6.344244806372015,-2.1044371860123485
path,-6.34415332560229,-2.1044111917316988
path,-6.344073013866276,-2.104380628168858
path,-6.34398819442187,-2.1043494579037607
path,-6.343857505679617,-2.1043049284548654
path,-6.343750494763218,-2.1042569969418516
path,-6.343605483564335,-2.104191268092844
path,-6.343483148321055,-2.1041487055918764
path,-6.343395458074494,-2.1041197541306738
path,-6.3433088950801535,-2.10408822918611
path,-6.343209987311906,-2.1040538788782546
path,-6.343126461038968,-2.1040199455369804
path,-6.343030084072516,-2.103981802707736
path,-6.342928897398747,-2.10394307530889
path,-6.342827688127642,-2.103907133890541
path,-6.342704471616666,-2.1038639250742306
path,-6.342566206111621,-2.103810204074201
path,-6.342462555692538,-2.1037653555373197
path,-6.342365179930936,-2.103727848796856
path,-6.3422701700787645,-2.1036880669835276
path,-6.342157951121472,-2.1036523061816936
path,-6.342057726620471,-2.1036087145294875
path,-6.341978470863911,-2.10357058208771
path,-6.34187483273893,-2.103541509532561
path,-6.341777733723892,-2.1035010830876097
path,-6.34166717182442,-2.1034564529207276
path,-6.341559045954989,-2.103409978166672
path,-6.341461602461046,-2.1033701323327354
path,-6.341361349881744,-2.103322910935394
path,-6.341220203076038,-2.1032761616829467
path,-6.341096628373456,-2.1032156719460597
path,-6.34096018475743,-2.1031675635764957
path,-6.340841083486231,-2.1031102134156145
path,-6.340721499733225,-2.103061907609936
path,-6.340601646843725,-2.1030066165021375
path,-6.340457171325579,-2.102948437791677
path,-6.340304187179626,-2.102876027331574
path,-6.340130532082642,-2.1027996332324257
path,-6.339894107743831,-2.1026951894390162
path,-6.339672596797171,-2.102590860457213
path,-6.339475666020833,-2.1024925851533
path,-6.339231437680558,-2.1023861941578956
path,-6.338995628407453,-2.1022751900334113
path,-6.338762730296039,-2.1021556648559208
path,-6.338466206247068,-2.1020349965879976
path,-6.338103305073898,-2.101841875093805
path,-6.337690216029498,-2.1016365415064318
path,-6.337226101610074,-2.1014000235691372
path,-6.33668087039351,-2.1011199303938035
path,-6.336126270294398,-2.100810583622423
path,-6.335539900247337,-2.1005286616082244
path,-6.334924945187473,-2.1002365398429963
path,-6.334217764122491,-2.099958664290617
path,-6.333502739931041,-2.0996006443291617
path,-6.332771136260535,-2.0992873679949033
path,-6.33198385935294,-2.098839149462309
path,-6.331172717782493,-2.0983601960898604
path,-6.33022425393269,-2.0976768996370474
path,-6.3292313331374235,-2.0969964949862936
path,-6.328354311185737,-2.09646710636027
path,-6.327432733778183,-2.095940295898297
path,-6.326570763613433,-2.095518250088107
path,-6.32573736172735,-2.095083284490391
path,-6.324910364782949,-2.0946091369148325
path,-6.324008554876805,-2.094051195353017
path,-6.323032834602301,-2.0932926223322426
path,-6.322058044934318,-2.09247981925876
path,-6.3209816580387415,-2.09156653043662
path,-6.319926304698486,-2.0906270596816894
path,-6.318821508585317,-2.0896352462918237
path,-6.3175679883601426,-2.0883869840787637
path,-6.316118331443961,-2.0870049529703554
path,-6.314689631821838,-2.0855972852812537
path,-6.313240446871327,-2.084114459225383
path,-6.311696467437352,-2.0825555270335365
path,-6.310057238159343,-2.0809623618125856
path,-6.308389972840617,-2.079413799811245
path,-6.306851091292153,-2.0780631346935845
path,-6.305141221282549,-2.0765265462005082
path,-6.303105473400277,-2.074637527133227
path,-6.300510168226974,-2.0724680782683196
path,-6.298182653029267,-2.0706777243544523
path,-6.295847573413255,-2.068994600512679
path,-6.293589912090134,-2.0671736118245168
path,-6.291098596474506,-2.0651950845083507
path,-6.288367452976507,-2.0631376856596626
path,-6.285309983297653,-2.0609564080964495
path,-6.281936656326786,-2.0586826553553563
path,-6.278120400685742,-2.0567228014270675
path,-6.2729880670938645,-2.0556063786436054
path,-6.267797729280799,-2.054430023910865
path,-6.2625493023664855,-2.0533035455400444
path,-6.257175692277952,-2.0520362058451744
path,-6.251673601722801,-2.050624107124681
path,-6.246041196716913,-2.0490661406569837
path,-6.240276600309889,-2.0473611730247776
path,-6.233854016558132,-2.0452596443546716
path,-6.226986957864107,-2.0430357732939024
path,-6.2199008185401325,-2.0406880986582325
path,-6.212716625574947,-2.0381356515825533
path,-6.205468135742176,-2.0353363508834654
path,-6.197988425535552,-2.03253938996418
path,-6.190421791301924,-2.0295905140853905
path,-6.182970635669491,-2.026427784064737
path,-6.175574517810755,-2.0233416518677036
path,-6.168705523556594,-2.021207042566145
path,-6.161795586805956,-2.0193149855717314
path,-6.155133392520675,-2.0174121825143194
path,-6.148833284074324,-2.015124450991224
path,-6.14279818396208,-2.0125979397136153
path,-6.136979304615359,-2.0098730294804183
path,-6.130707573104962,-2.007351470377883
path,-6.12444507650507,-2.0051051652667295
path,-6.118539835970404,-2.0025493538667627
path,-6.112867444789006,-1.9997923922645053
path,-6.107341114443437,-1.9968894495478007
path,-6.101915638225763,-1.9939798216933864
path,-6.0965606272955,-1.9910025149010977
path,-6.091226864340801,-1.9879472672633136
path,-6.085924236417902,-1.9848301136890811
path,-6.0806676275794,-1.9816397132917516
path,-6.075869356864835,-1.978822260756295
path,-6.071422750874331,-1.976163951109186
path,-6.0671744356723,-1.9734291739685912
path,-6.063143743424919,-1.9706119659500296
path,-6.059330377224122,-1.967712767375098
path,-6.056020547211101,-1.9651252906720988
path,-6.053214334404498,-1.963080345024001
path,-6.0501866768030155,-1.9608479266333116
path,-6.04711234804372,-1.9583031569435863
path,-6.043893507574582,-1.955617003306853
path,-6.040518035779423,-1.9526931494216841
path,-6.037008291626397,-1.94953764449158
path,-6.033341236752862,-1.9461304572738083
path,-6.029748843986721,-1.94256584661999
path,-6.026309254193618,-1.9388756418224544
path,-6.023517756812528,-1.9355344659060225
path,-6.021596328537616,-1.9327029244238672
path,-6.020117115583521,-1.9299106400899348
path,-6.019072107772344,-1.9271834971298345
path,-6.0185107679964425,-1.9245487638432341
path,-6.018540587741595,-1.9225087829685827
path,-6.018671129911022,-1.9209279321598667
path,-6.018827707860688,-1.91964712410262
path,-6.0189790768885825,-1.9185299745010989
path,-6.019295834832547,-1.9173280987798298
path,-6.019806430140529,-1.9164643228344507
path,-6.020482035511275,-1.9158862662153762
path,-6.0212990705018825,-1.915469455346916
path,-6.0221720044041,-1.915004329956628
path,-6.023081936426654,-1.9144690916842289
path,-6.024029584289766,-1.9138565874089284
path,-6.024969640670332,-1.9132034965590854
path,-6.025993118624725,-1.9124475709344473
path,-6.02704991284308,-1.9116211587723038
path,-6.028139273257232,-1.910724856153632
path,-6.029249142753769,-1.9097691292224586
path,-6.030392695549529,-1.9087463036765988
path,-6.031578038335185,-1.90765107276861
path,-6.032792255343444,-1.9064861016711723
path,-6.034034387932906,-1.9052546846074676
path,-6.03513087283049,-1.9041401030256813
path,-6.036030187640764,-1.9032025786256597
path,-6.036764397008847,-1.9024213774668144
path,-6.037364380582512,-1.9017743546474601
path,-6.037854326434147,-1.9012410269539188
path,-6.038253743808729,-1.9008025447283399
path,-6.038578936166613,-1.900443099665172
path,-6.038843422889867,-1.9001486402220829
path,-6.03905835404007,-1.8999070722025948
path,-6.0392329074098585,-1.8997101782642098
path,-6.039374597002098,-1.8995498983216852
path,-6.039489564130562,-1.8994195517389663
path,-6.039582819044762,-1.8993136310105299
path,-6.039658443341357,-1.8992276131281822
path,-6.039719758296432,-1.899157793881977
path,-6.039769464050137,-1.8991011462708458
path,-6.03980975418522,-1.8990552009914312
path,-6.039842409730828,-1.8990179464764607
path,-6.03986887608371,-1.8989877458580102
path,-6.039890325821714,-1.8989632683530977
path,-6.039907709913845,-1.898943432798305
path,-6.039921799416759,-1.898927361330958
path,-6.039933219390362,-1.8989143414894054
path,-6.039941599322024,-1.8989047944138806
path,-6.039949270087392,-1.8988960630385376
path,-6.039955489545083,-1.898888992311022
path,-6.03996053336407,-1.8988832673027431
path,-6.03996500429829,-1.8988782033241067
path,-6.039967944943893,-1.8988748816924
path,-6.039970140058267,-1.898872408823246
path,-6.039973032059726,-1.89886916379365
path,-6.039973947539493,-1.8988681412899664
path,-6.03997592051992,-1.8988659507970511
path,-6.039976904602949,-1.898864867778857
path,-6.039977836029403,-1.8988638517763707
path,-6.039978830812436,-1.8988627820975548
path,-6.039978830812436,-1.8988627820975548
path,-6.039979784822314,-1.8988617792605635
path,-6.039979784822314,-1.8988617792605635
path,-6.039980796227924,-1.8988607631790044
path,-6.039980796227924,-1.8988607631790044
path,-6.039980796227924,-1.8988607631790044
path,-6.039980796227924,-1.8988607631790044
path,-6.039981802003334,-1.8988599533958554
path,-6.039981802003334,-1.8988599533958554
path,-6.039981802003334,-1.8988599533958554
path,-6.039981802003334,-1.8988599533958554
path,-6.039981802003334,-1.8988599533958554
path,-6.039981802003334,-1.8988599533958554
path,-6.039981802003334,-1.8988599533958554
path,-6.039981802003334,-1.8988599533958554
path,-6.039982803706167,-1.898859720160236
path,-6.039982803706167,-1.898859720160236
path,-6.039982803706167,-1.898859720160236
path,-6.039982803706167,-1.898859720160236
path,-6.039982803706167,-1.898859720160236
path,-6.039982803706167,-1.898859720160236
path,-6.039982803706167,-1.898859720160236
path,-6.039982803706167,-1.898859720160236
path,-6.039982803706167,-1.898859720160236
path,-6.039982803706167,-1.898859720160236
path,-6.039982803706167,-1.898859720160236
path,-6.039982803706167,-1.898859720160236
path,-6.039982803706167,-1.898859720160236
path,-6.039982803706167,-1.898859720160236
path,-6.039982803706167,-1.898859720160236
path,-6.039982803706167,-1.898859720160236
path,-6.039982803706167,-1.898859720160236
path,-6.039982803706167,-1.898859720160236
path,-6.039982803706167,-1.898859720160236
path,-6.039982803706167,-1.898859720160236
path,-6.039982803706167,-1.898859720160236
path,-6.039982803706167,-1.898859720160236
path,-6.039982803706167,-1.898859720160236
path,-6.039982803706167,-1.898859720160236
path,-6.039982803706167,-1.898859720160236
path,-6.039982803706167,-1.898859720160236
path,-6.039982803706167,-1.898859720160236
path,-6.039982803706167,-1.898859720160236
path,-6.039982803706167,-1.898859720160236
path,-6.039982803706167,-1.898859720160236
path,-6.039982803706167,-1.898859720160236
path,-6.039982803706167,-1.898859720160236
path,-6.039982803706167,-1.898859720160236
path,-6.039982803706167,-1.898859720160236
path,-6.039982803706167,-1.898859720160236
path,-6.039982803706167,-1.898859720160236
path,-6.039982803706167,-1.898859720160236
path,-6.039982803706167,-1.898859720160236
path,-6.039982803706167,-1.898859720160236
path,-6.039982803706167,-1.898859720160236
path,-6.039982803706167,-1.898859720160236
path,-6.039982803706167,-1.898859720160236
path,-6.039982803706167,-1.898859720160236
path,-6.039982803706167,-1.898859720160236
path,-6.039982803706167,-1.898859720160236
path,-6.039982803706167,-1.898859720160236
path,-6.039982803706167,-1.898859720160236
path,-6.039982803706167,-1.898859720160236
path,-6.039982803706167,-1.898859720160236
path,-6.039982803706167,-1.898859720160236
path,-6.039982803706167,-1.898859720160236
path,-6.039982803706167,-1.898859720160236
path,-6.039982803706167,-1.898859720160236
path,-6.039982803706167,-1.898859720160236
path,-6.039982803706167,-1.898859720160236
path,-6.039982803706167,-1.898859720160236
path,-6.039982803706167,-1.898859720160236
path,-6.039982803706167,-1.898859720160236
path,-6.039982803706167,-1.898859720160236
path,-6.039982803706167,-1.898859720160236
path,-6.039982803706167,-1.898859720160236
path,-6.039982803706167,-1.898859720160236
path,-6.039982803706167,-1.898859720160236
path,-6.039982803706167,-1.898859720160236
path,-6.039982803706167,-1.898859720160236
path,-6.039982803706167,-1.898859720160236
path,-6.039982803706167,-1.898859720160236
path,-6.039982803706167,-1.898859720160236
path,-6.039982803706167,-1.898859720160236
path,-6.039982803706167,-1.898859720160236
path,-6.039982803706167,-1.898859720160236
path,-6.039982803706167,-1.898859720160236
path,-6.039982803706167,-1.898859720160236
path,-6.039982803706167,-1.898859720160236
path,-6.039982803706167,-1.898859720160236
path,-6.039982803706167,-1.898859720160236
path,-6.039982803706167,-1.898859720160236
path,-6.039982803706167,-1.898859720160236
path,-6.039982803706167,-1.898859720160236
path,-6.039982803706167,-1.898859720160236
path,-6.039982803706167,-1.898859720160236
path,-6.039982803706167,-1.898859720160236
path,-6.039982803706167,-1.898859720160236
path,-6.039982803706167,-1.898859720160236
path,-6.039982803706167,-1.898859720160236
path,-6.039982803706167,-1.898859720160236
path,-6.039982803706167,-1.898859720160236
path,-6.039982803706167,-1.898859720160236
path,-6.039982803706167,-1.898859720160236
path,-6.039982803706167,-1.898859720160236
path,-6.039982803706167,-1.898859720160236
path,-6.039982803706167,-1.898859720160236
path,-6.039982803706167,-1.898859720160236
path,-6.039982803706167,-1.898859720160236
path,-6.039982803706167,-1.898859720160236
path,-6.039982803706167,-1.898859720160236
path,-6.039982803706167,-1.898859720160236
path,-6.039982803706167,-1.898859720160236
path,-6.039982803706167,-1.898859720160236
path,-6.039982803706167,-1.898859720160236
path,-6.039982803706167,-1.898859720160236
path,-6.039982803706167,-1.898859720160236
path,-6.039982803706167,-1.898859720160236
path,-6.039982803706167,-1.898859720160236
path,-6.039982803706167,-1.898859720160236
path,-6.039982803706167,-1.898859720160236
path,-6.039982803706167,-1.898859720160236
path,-6.039982803706167,-1.898859720160236
path,-6.039982803706167,-1.898859720160236
path,-6.039982803706167,-1.898859720160236
path,-6.039982803706167,-1.898859720160236
path,-6.039982803706167,-1.898859720160236
path,-6.039982803706167,-1.898859720160236
path,-6.039982803706167,-1.898859720160236
path,-6.039982803706167,-1.898859720160236
path,-6.039982803706167,-1.898859720160236
path,-6.039982803706167,-1.898859720160236
path,-6.039982803706167,-1.898859720160236
path,-6.039982803706167,-1.898859720160236
path,-6.039982803706167,-1.898859720160236
path,-6.039982803706167,-1.898859720160236
path,-6.039982803706167,-1.898859720160236
path,-6.039982803706167,-1.898859720160236
path,-6.039982803706167,-1.898859720160236
path,-6.039982803706167,-1.898859720160236
path,-6.039982803706167,-1.898859720160236
path,-6.039982803706167,-1.898859720160236
path,-6.039982803706167,-1.898859720160236
path,-6.039982803706167,-1.898859720160236
path,-6.039982803706167,-1.898859720160236
path,-6.039982803706167,-1.898859720160236
path,-6.039982803706167,-1.898859720160236
path,-6.039982803706167,-1.898859720160236
path,-6.039982803706167,-1.898859720160236
path,-6.039982803706167,-1.898859720160236
path,-6.039982803706167,-1.898859720160236
path,-6.039982803706167,-1.898859720160236
path,-6.039982803706167,-1.898859720160236
path,-6.039982803706167,-1.898859720160236
path,-6.039982803706167,-1.898859720160236
path,-6.039982803706167,-1.898859720160236
path,-6.039982803706167,-1.898859720160236
path,-6.039982803706167,-1.898859720160236
path,-6.039982803706167,-1.898859720160236
path,-6.039982803706167,-1.898859720160236
path,-6.039982803706167,-1.898859720160236
path,-6.039982803706167,-1.898859720160236
path,-6.039982803706167,-1.898859720160236
path,-6.039982803706167,-1.898859720160236
path,-6.039982803706167,-1.898859720160236
path,-6.039982803706167,-1.898859720160236
path,-6.039982803706167,-1.898859720160236
path,-6.039982803706167,-1.898859720160236
path,-6.039982803706167,-1.898859720160236
path,-6.039982803706167,-1.898859720160236
path,-6.039982803706167,-1.898859720160236
path,-6.039982803706167,-1.898859720160236
path,-6.039982803706167,-1.898859720160236
path,-6.039982803706167,-1.898859720160236
path,-6.039982803706167,-1.898859720160236
path,-6.039982803706167,-1.898859720160236
path,-6.039982803706167,-1.898859720160236
path,-6.039982803706167,-1.898859720160236
path,-6.039982803706167,-1.898859720160236
path,-6.039982803706167,-1.898859720160236
path,-6.039982803706167,-1.898859720160236
path,-6.039982803706167,-1.898859720160236
path,-6.039982803706167,-1.898859720160236
path,-6.039982803706167,-1.898859720160236
path,-6.039982803706167,-1.898859720160236
path,-6.039982803706167,-1.898859720160236
path,-6.039982803706167,-1.898859720160236
path,-6.039982803706167,-1.898859720160236
path,-6.039982803706167,-1.898859720160236
path,-6.039982803706167,-1.898859720160236
path,-6.039982803706167,-1.898859720160236
path,-6.039982803706167,-1.898859720160236
path,-6.039982803706167,-1.898859720160236
path,-6.039982803706167,-1.898859720160236
path,-6.039982803706167,-1.898859720160236
path,-6.039982803706167,-1.898859720160236
path,-6.039982803706167,-1.898859720160236
path,-6.039982803706167,-1.898859720160236
path,-6.039982803706167,-1.898859720160236
path,-6.039982803706167,-1.898859720160236
path,-6.039982803706167,-1.898859720160236
path,-6.039982803706167,-1.898859720160236
path,-6.039982803706167,-1.898859720160236
path,-6.039982803706167,-1.898859720160236
path,-6.039982803706167,-1.898859720160236
path,-6.039982803706167,-1.898859720160236
path,-6.039982803706167,-1.898859720160236
path,-6.039982803706167,-1.898859720160236
path,-6.039982803706167,-1.898859720160236
path,-6.039982803706167,-1.898859720160236
path,-6.039982803706167,-1.898859720160236
path,-6.039982803706167,-1.898859720160236
path,-6.039982803706167,-1.898859720160236
path,-6.039982803706167,-1.898859720160236
path,-6.039982803706167,-1.898859720160236
path,-6.039982803706167,-1.898859720160236
path,-6.039982803706167,-1.898859720160236
path,-6.039982803706167,-1.898859720160236
path,-6.039982803706167,-1.898859720160236
path,-6.039982803706167,-1.898859720160236
path,-6.039982803706167,-1.898859720160236
path,-6.039982803706167,-1.898859720160236
path,-6.039982803706167,-1.898859720160236
path,-6.039982803706167,-1.898859720160236
path,-6.039982803706167,-1.898859720160236
path,-6.039982803706167,-1.898859720160236
path,-6.039982803706167,-1.898859720160236
path,-6.039982803706167,-1.898859720160236
path,-6.039982803706167,-1.898859720160236
path,-6.039982803706167,-1.898859720160236
path,-6.039982803706167,-1.898859720160236
path,-6.039982803706167,-1.898859720160236
path,-6.039982803706167,-1.898859720160236
path,-6.039982803706167,-1.898859720160236
path,-6.039982803706167,-1.898859720160236
path,-6.039982803706167,-1.898859720160236
path,-6.039982803706167,-1.898859720160236
path,-6.039982803706167,-1.898859720160236
path,-6.039982803706167,-1.898859720160236
path,-6.039982803706167,-1.898859720160236
path,-6.039982803706167,-1.898859720160236
path,-6.039982803706167,-1.898859720160236
path,-6.039982803706167,-1.898859720160236
path,-6.039982803706167,-1.898859720160236
path,-6.039982803706167,-1.898859720160236
path,-6.039982803706167,-1.898859720160236
path,-6.039982803706167,-1.898859720160236
path,-6.039982803706167,-1.898859720160236
path,-6.039982803706167,-1.898859720160236
path,-6.039982803706167,-1.898859720160236
path,-6.039982803706167,-1.898859720160236
path,-6.039982803706167,-1.898859720160236
path,-6.039982803706167,-1.898859720160236
path,-6.039982803706167,-1.898859720160236
path,-6.039982803706167,-1.898859720160236
path,-6.039982803706167,-1.898859720160236
path,-6.039982803706167,-1.898859720160236
path,-6.039982803706167,-1.898859720160236
path,-6.039982803706167,-1.898859720160236
path,-6.039982803706167,-1.898859720160236
path,-6.039982803706167,-1.898859720160236
path,-6.039982803706167,-1.898859720160236
path,-6.039982803706167,-1.898859720160236
path,-6.039982803706167,-1.898859720160236
path,-6.039982803706167,-1.898859720160236
path,-6.039982803706167,-1.898859720160236
path,-6.039982803706167,-1.898859720160236
path,-6.039982803706167,-1.898859720160236
path,-6.039982803706167,-1.898859720160236
path,-6.039982803706167,-1.898859720160236
path,-6.039982803706167,-1.898859720160236
path,-6.039982803706167,-1.898859720160236
path,-6.039982803706167,-1.898859720160236
path,-6.039982803706167,-1.898859720160236
path,-6.039982803706167,-1.898859720160236
path,-6.039982803706167,-1.898859720160236
path,-6.039982803706167,-1.898859720160236
path,-6.039982803706167,-1.898859720160236
path,-6.039982803706167,-1.898859720160236
path,-6.039982803706167,-1.898859720160236
path,-6.039982803706167,-1.898859720160236
path,-6.039982803706167,-1.898859720160236
path,-6.039982803706167,-1.898859720160236
path,-6.039982803706167,-1.898859720160236
path,-6.039982803706167,-1.898859720160236
path,-6.039982803706167,-1.898859720160236
path,-6.039982803706167,-1.898859720160236
path,-6.039982803706167,-1.898859720160236
path,-6.039982803706167,-1.898859720160236
path,-6.039982803706167,-1.898859720160236
path,-6.039982803706167,-1.898859720160236
path,-6.039982803706167,-1.898859720160236
path,-6.039982803706167,-1.898859720160236
path,-6.039982803706167,-1.898859720160236
path,-6.039982803706167,-1.898859720160236
path,-6.039982803706167,-1.898859720160236
path,-6.039982803706167,-1.898859720160236
path,-6.039982803706167,-1.898859720160236
path,-6.039982803706167,-1.898859720160236
path,-6.039982803706167,-1.898859720160236
path,-6.039982803706167,-1.898859720160236
path,-6.039982803706167,-1.898859720160236
path,-6.039982803706167,-1.898859720160236
path,-6.039982803706167,-1.898859720160236
path,-6.039982803706167,-1.898859720160236
path,-6.039982803706167,-1.898859720160236
path,-6.039982803706167,-1.898859720160236
path,-6.039982803706167,-1.898859720160236
path,-6.039982803706167,-1.898859720160236
path,-6.039982803706167,-1.898859720160236
path,-6.039982803706167,-1.898859720160236
path,-6.039982803706167,-1.898859720160236
path,-6.039982803706167,-1.898859720160236
path,-6.039982803706167,-1.898859720160236
path,-6.039982803706167,-1.898859720160236
path,-6.039982803706167,-1.898859720160236
path,-6.039982803706167,-1.898859720160236
path,-6.039982803706167,-1.898859720160236
path,-6.039982803706167,-1.898859720160236
path,-6.039982803706167,-1.898859720160236
path,-6.039982803706167,-1.898859720160236
path,-6.039982803706167,-1.898859720160236
path,-6.039982803706167,-1.898859720160236
path,-6.039982803706167,-1.898859720160236
path,-6.039982803706167,-1.898859720160236
path,-6.039982803706167,-1.898859720160236
path,-6.039982803706167,-1.898859720160236
path,-6.039982803706167,-1.898859720160236
path,-6.039982803706167,-1.898859720160236
path,-6.039982803706167,-1.898859720160236
path,-6.039982803706167,-1.898859720160236
path,-6.039982803706167,-1.898859720160236
path,-6.039982803706167,-1.898859720160236
path,-6.039982803706167,-1.898859720160236
path,-6.039982803706167,-1.898859720160236
path,-6.039982803706167,-1.898859720160236
path,-6.039982803706167,-1.898859720160236
path,-6.039982803706167,-1.898859720160236
path,-6.039982803706167,-1.898859720160236
path,-6.039982803706167,-1.898859720160236
path,-6.039982803706167,-1.898859720160236
path,-6.039982803706167,-1.898859720160236
path,-6.039982803706167,-1.898859720160236
path,-6.039982803706167,-1.898859720160236
path,-6.039982803706167,-1.898859720160236
path,-6.039982803706167,-1.898859720160236
path,-6.039982803706167,-1.898859720160236
path,-6.039982803706167,-1.898859720160236
path,-6.039982803706167,-1.898859720160236
path,-6.039982803706167,-1.898859720160236
path,-6.039982803706167,-1.898859720160236
path,-6.039982803706167,-1.898859720160236
path,-6.039982803706167,-1.898859720160236
path,-6.039982803706167,-1.898859720160236
path,-6.039982803706167,-1.898859720160236
path,-6.039982803706167,-1.898859720160236
path,-6.039982803706167,-1.898859720160236
path,-6.039982803706167,-1.898859720160236
path,-6.039982803706167,-1.898859720160236
path,-6.039982803706167,-1.898859720160236
path,-6.039982803706167,-1.898859720160236
path,-6.039982803706167,-1.898859720160236
path,-6.039982803706167,-1.898859720160236
path,-6.039982803706167,-1.898859720160236
path,-6.039982803706167,-1.898859720160236
path,-6.039982803706167,-1.898859720160236
path,-6.039982803706167,-1.898859720160236
path,-6.039982803706167,-1.898859720160236
path,-6.039982803706167,-1.898859720160236
path,-6.039982803706167,-1.898859720160236
path,-6.039982803706167,-1.898859720160236
path,-6.039982803706167,-1.898859720160236
path,-6.039982803706167,-1.898859720160236
path,-6.039982803706167,-1.898859720160236
path,-6.039982803706167,-1.898859720160236
path,-6.039982803706167,-1.898859720160236
path,-6.039982803706167,-1.898859720160236
path,-6.039982803706167,-1.898859720160236
path,-6.039982803706167,-1.898859720160236
path,-6.039982803706167,-1.898859720160236
path,-6.039982803706167,-1.898859720160236
path,-6.039982803706167,-1.898859720160236
path,-6.039982803706167,-1.898859720160236
path,-6.039982803706167,-1.898859720160236
path,-6.039982803706167,-1.898859720160236
path,-6.039982803706167,-1.898859720160236
path,-6.039982803706167,-1.898859720160236
path,-6.039982803706167,-1.898859720160236
path,-6.039982803706167,-1.898859720160236
path,-6.039982803706167,-1.898859720160236
path,-6.039982803706167,-1.898859720160236
path,-6.039982803706167,-1.898859720160236
path,-6.039982803706167,-1.898859720160236
path,-6.039982803706167,-1.898859720160236
path,-6.039982803706167,-1.898859720160236
path,-6.039982803706167,-1.898859720160236
path,-6.039982803706167,-1.898859720160236
path,-6.039982803706167,-1.898859720160236
path,-6.039982803706167,-1.898859720160236
path,-6.039982803706167,-1.898859720160236
path,-6.039982803706167,-1.898859720160236
path,-6.039982803706167,-1.898859720160236
path,-6.039982803706167,-1.898859720160236
path,-6.039982803706167,-1.898859720160236
path,-6.039982803706167,-1.898859720160236
path,-6.039982803706167,-1.898859720160236
path,-6.039982803706167,-1.898859720160236
path,-6.039982803706167,-1.898859720160236
path,-6.039982803706167,-1.898859720160236
path,-6.039982803706167,-1.898859720160236
path,-6.039982803706167,-1.898859720160236
path,-6.039982803706167,-1.898859720160236
path,-6.039982803706167,-1.898859720160236
path,-6.039982803706167,-1.898859720160236
path,-6.039982803706167,-1.898859720160236
path,-6.039982803706167,-1.898859720160236
path,-6.039982803706167,-1.898859720160236
path,-6.039982803706167,-1.898859720160236
path,-6.039982803706167,-1.898859720160236
path,-6.039982803706167,-1.898859720160236
path,-6.039982803706167,-1.898859720160236
path,-6.039982803706167,-1.898859720160236
path,-6.039982803706167,-1.898859720160236
path,-6.039982803706167,-1.898859720160236
path,-6.039982803706167,-1.898859720160236
path,-6.039982803706167,-1.898859720160236
path,-6.039982803706167,-1.898859720160236
path,-6.039982803706167,-1.898859720160236
path,-6.039982803706167,-1.898859720160236
path,-6.039982803706167,-1.898859720160236
path,-6.039982803706167,-1.898859720160236
path,-6.039982803706167,-1.898859720160236
path,-6.039982803706167,-1.898859720160236
path,-6.039982803706167,-1.898859720160236
path,-6.039908647219269,-1.898953037538206
path,-6.039722745131406,-1.8991733320327095
path,-6.039447904352317,-1.899500056102971
path,-6.039099074107521,-1.8999217428498512
path,-6.03868768158341,-1.900429112763369
path,-6.038461181966633,-1.9007274360200674
path,-6.038224790768495,-1.9011017550782512
path,-6.037847492438611,-1.9015688750621769
path,-6.0373957950560335,-1.902022411123247
path,-6.03688940347921,-1.9025137363616536
path,-6.036643279348937,-1.902796805642486
path,-6.03639093768578,-1.9031268406324462
path,-6.036026094834555,-1.9035210721605982
path,-6.035597104255036,-1.9039587667774296
path,-6.0351161881566355,-1.9044336988545378
path,-6.034594148329133,-1.9049373287365736
path,-6.034070001868324,-1.9054591086743078
path,-6.033481747230736,-1.9060203115722727
path,-6.03287195924413,-1.9066032322488335
path,-6.032244613040183,-1.9072060079772009
path,-6.031602796736329,-1.9078275823138884
path,-6.030974356067483,-1.908462028205533
path,-6.0303015572463785,-1.9091317185176848
path,-6.029618912667722,-1.9098238085276649
path,-6.028927623250517,-1.9105382930711834
path,-6.02823937244328,-1.9112713773887005
path,-6.027568871517721,-1.91201688161216
path,-6.0268491809368445,-1.9127993488438852
path,-6.0261255263036695,-1.9136046470792492
path,-6.025398062624484,-1.914433381167737
path,-6.024666773849241,-1.9152880806756192
path,-6.023950578743642,-1.9161602959512662
path,-6.023211273929169,-1.9170640413904456
path,-6.022468988662381,-1.9179938458140542
path,-6.02172364617232,-1.9189506558932035
path,-6.020975204568235,-1.9199353709430502
path,-6.020247383400964,-1.9209430222748956
path,-6.019487799469016,-1.9219882949976872
path,-6.018726906067866,-1.9230601652339667
path,-6.017964424345139,-1.9241632870743444
path,-6.017200972646395,-1.9252951748519607
path,-6.016449206592346,-1.926454487895415
path,-6.0156788404433215,-1.9276534823082256
path,-6.014904205193469,-1.928892571803563
path,-6.014127622721758,-1.930167222724796
path,-6.013354534842077,-1.9314708947543524
path,-6.0125943269824145,-1.932803473501834
path,-6.011817381056806,-1.9341710844119189
path,-6.0110411016591465,-1.9355735099763267
path,-6.010264886253711,-1.937013166737946
path,-6.009490251154614,-1.9384913937563246
path,-6.008722964188851,-1.940009131193394
path,-6.00818982966353,-1.9416302139427404
path,-6.007742463870908,-1.9432915283900491
path,-6.007309390436741,-1.944979722653876
path,-6.005883422889436,-1.946188873379028
path,-6.004561183139752,-1.9472378165768267
path,-6.0039595500105465,-1.94822872669064
path,-6.003916923667689,-1.9488597903050895
path,-6.003837099426851,-1.94926201214871
path,-6.003775350124497,-1.9494548157003286
path,-6.003720250690762,-1.9494125132679143
path,-6.00366738371212,-1.949236267469162
path,-6.003626769837685,-1.949087788427109
path,-6.003595419337629,-1.9489653291086912
path,-6.003571323041298,-1.9488625907738002
path,-6.003552531691152,-1.948778002628641
path,-6.003537795569065,-1.9487085821908894
path,-6.003526234913708,-1.9486517876817173
path,-6.003517209461587,-1.9486054664913022
path,-6.00351015951098,-1.948567756021611
path,-6.003504654284734,-1.9485371028855694
path,-6.003500313573826,-1.9485122283696819
path,-6.00349695397084,-1.9484921363286243
path,-6.003494360589027,-1.9484759093622452
path,-6.0034923685153885,-1.948462805113337
path,-6.003490850578849,-1.948452225297162
path,-6.003489706429191,-1.9484436864303822
path,-6.003488856896192,-1.9484367978126274
path,-6.003488239502206,-1.9484312436998974
path,-6.003487804665844,-1.9484267687352776
path,-6.003487539730453,-1.948423507260891
path,-6.003487365419401,-1.9484208176597975
path,-6.003487249214545,-1.9484181635148006
path,-6.003487218676362,-1.9484164306976806
path,-6.003487232971478,-1.9484147237626075
path,-6.003487258612216,-1.9484139503439781
path,-6.003487311984108,-1.9484130830416488
path,-6.0034873907981074,-1.94841227274328
path,-6.003487510396828,-1.9484114895445637
path,-6.003487702024488,-1.94841070734733
path,-6.003487702024488,-1.94841070734733
path,-6.003487702024488,-1.94841070734733
path,-6.003488031940991,-1.9484099600939433
path,-6.003488031940991,-1.9484099600939433
path,-6.003488031940991,-1.9484099600939433
path,-6.003488031940991,-1.9484099600939433
path,-6.003488031940991,-1.9484099600939433
path,-6.003488822324751,-1.948409331999835
path,-6.003488822324751,-1.948409331999835
path,-6.003488822324751,-1.948409331999835
path,-6.003488822324751,-1.948409331999835
path,-6.003488822324751,-1.948409331999835
path,-6.003488822324751,-1.948409331999835
path,-6.003489441019597,-1.9484086103642397
path,-6.003489441019597,-1.9484086103642397
path,-6.003489441019597,-1.9484086103642397
path,-6.00348977604212,-1.9484079389864863
path,-6.00348977604212,-1.9484079389864863
path,-6.003490090554893,-1.9484072671084733
path,-6.003490090554893,-1.9484072671084733
path,-6.003490090554893,-1.9484072671084733
path,-6.003490390308901,-1.9484066060294383
path,-6.003490390308901,-1.9484066060294383
path,-6.0034906813727416,-1.9484059502900815
path,-6.0034906813727416,-1.9484059502900815
path,-6.003490974321024,-1.948405279733572
path,-6.003490974321024,-1.948405279733572
path,-6.0034912675678935,-1.9484046000223274
path,-6.0034912675678935,-1.9484046000223274
path,-6.0034915463587115,-1.948403947430737
path,-6.0034915463587115,-1.948403947430737
path,-6.003491824292307,-1.9484032917449376
path,-6.003491824292307,-1.9484032917449376
path,-6.003492101234464,-1.9484026342055203
path,-6.003492101234464,-1.9484026342055203
path,-6.003492377171966,-1.9484019755968283
path,-6.003492377171966,-1.9484019755968283
path,-6.003492652161292,-1.9484013164058813
path,-6.003492652161292,-1.9484013164058813
path,-6.003492926289583,-1.9484006569328
path,-6.003492926289583,-1.9484006569328
path,-6.003493199661075,-1.9483999973523167
path,-6.003493199661075,-1.9483999973523167
path,-6.003493472376591,-1.9483993377669762
path,-6.003493472376591,-1.9483993377669762
path,-6.003493744535047,-1.9483986782283387
path,-6.003493744535047,-1.9483986782283387
path,-6.003494016220071,-1.9483980187645669
path,-6.003494016220071,-1.9483980187645669
path,-6.003494287509578,-1.948397359382512
path,-6.003494287509578,-1.948397359382512
path,-6.0034945584644195,-1.9483967000864786
path,-6.0034945584644195,-1.9483967000864786
path,-6.003494829143538,-1.9483960408672878
path,-6.003494829143538,-1.9483960408672878
path,-6.003495099594796,-1.9483953817164177
path,-6.003495099594796,-1.9483953817164177
path,-6.003495369855146,-1.9483947226274676
path,-6.003495369855146,-1.9483947226274676
path,-6.003495639961114,-1.9483940635877264
path,-6.003495639961114,-1.9483940635877264
path,-6.003495909938588,-1.948393404590563
path,-6.003495909938588,-1.948393404590563
path,-6.003496179806359,-1.9483927456328878
path,-6.003496179806359,-1.9483927456328878
path,-6.003496449603157,-1.9483920866956508
path,-6.003496449603157,-1.9483920866956508
path,-6.0034967193623885,-1.948391427769713
path,-6.0034967193623885,-1.948391427769713
path,-6.003496989091819,-1.948390768849382
path,-6.003496989091819,-1.948390768849382
path,-6.003497258783932,-1.9483901099438965
path,-6.003497258783932,-1.9483901099438965
path,-6.0034975284498024,-1.9483894510438116
path,-6.0034975284498024,-1.9483894510438116
path,-6.003497798090652,-1.948388792148902
path,-6.003497798090652,-1.948388792148902
path,-6.003498067708252,-1.9483881332584054
path,-6.003498067708252,-1.9483881332584054
path,-6.003498337307538,-1.948387474367977
path,-6.003498337307538,-1.948387474367977
path,-6.003498606881615,-1.9483868154862811
path,-6.003498606881615,-1.9483868154862811
path,-6.0034988764404895,-1.9483861566038843
path,-6.0034988764404895,-1.9483861566038843
path,-6.003499145984318,-1.9483854977212138
path,-6.003499145984318,-1.9483854977212138
path,-6.003499415512912,-1.948384838839362
path,-6.003499415512912,-1.948384838839362
path,-6.00349968502036,-1.9483841799655688
path,-6.00349968502036,-1.9483841799655688
path,-6.0034999545154,-1.9483835210918259
path,-6.0034999545154,-1.9483835210918259
path,-6.003500224002743,-1.9483828622137718
path,-6.003500224002743,-1.9483828622137718
path,-6.003500493481603,-1.9483822033323317
path,-6.003500493481603,-1.9483822033323317
path,-6.00350076294676,-1.948381544453834
path,-6.00350076294676,-1.948381544453834
path,-6.003501032401187,-1.9483808855758686
path,-6.003501032401187,-1.9483808855758686
path,-6.00350130184573,-1.9483802266982708
path,-6.00350130184573,-1.9483802266982708
path,-6.003501571292676,-1.9483795678079403
path,-6.003501571292676,-1.9483795678079403
path,-6.003501840723917,-1.9483789089242616
path,-6.003501840723917,-1.9483789089242616
path,-6.003502110149043,-1.9483782500380769
path,-6.003502110149043,-1.9483782500380769
path,-6.003502379572638,-1.9483775911446726
path,-6.003502379572638,-1.9483775911446726
path,-6.00350264898893,-1.9483769322499822
path,-6.00350264898893,-1.9483769322499822
path,-6.003502918400708,-1.9483762733516756
path,-6.003502918400708,-1.9483762733516756
path,-6.003503187805716,-1.948375614452376
path,-6.003503187805716,-1.948375614452376
path,-6.003503457208544,-1.948374955547631
path,-6.003503457208544,-1.948374955547631
path,-6.003503726607482,-1.9483742966391886
path,-6.003503726607482,-1.9483742966391886
path,-6.003503995998327,-1.9483736377321252
path,-6.003503995998327,-1.9483736377321252
path,-6.003504265388987,-1.9483729788179491
path,-6.003504265388987,-1.9483729788179491
path,-6.003504534776939,-1.9483723198994276
path,-6.003504534776939,-1.9483723198994276
path,-6.00350480416118,-1.9483716609779542
path,-6.00350480416118,-1.9483716609779542
path,-6.003505073540062,-1.948371002055432
path,-6.003505073540062,-1.948371002055432
path,-6.003505342919351,-1.9483703431256998
path,-6.003505342919351,-1.9483703431256998
path,-6.003505612298505,-1.9483696841890892
path,-6.003505612298505,-1.9483696841890892
path,-6.003505881671029,-1.9483690252528532
path,-6.003505881671029,-1.9483690252528532
path,-6.003506151039863,-1.948368366314408
path,-6.003506151039863,-1.948368366314408
path,-6.00350642040933,-1.948367707368966
path,-6.00350642040933,-1.948367707368966
path,-6.003506689776407,-1.9483670484198499
path,-6.003506689776407,-1.9483670484198499
path,-6.003506959142882,-1.9483663894650027
path,-6.003506959142882,-1.9483663894650027
path,-6.003507228505719,-1.9483657305076212
path,-6.003507228505719,-1.9483657305076212
path,-6.00350749786546,-1.9483650715474221
path,-6.00350749786546,-1.9483650715474221
path,-6.003507767226135,-1.9483644125803246
path,-6.003507767226135,-1.9483644125803246
path,-6.003508036587837,-1.9483637536055933
path,-6.003508036587837,-1.9483637536055933
path,-6.003508305943446,-1.9483630946312458
path,-6.003508305943446,-1.9483630946312458
path,-6.003508575298931,-1.948362435651314
path,-6.003508575298931,-1.948362435651314
path,-6.003508844649254,-1.9483617766708425
path,-6.003508844649254,-1.9483617766708425
path,-6.0029029031602255,-1.9479423333999801
path,-6.001859949540076,-1.9472581582310806
path,-6.0008057067499925,-1.946619603651567
path,-5.99973804904071,-1.9460401023342457
path,-5.998664984341874,-1.9454745955017168
path,-5.996833803462283,-1.9444471476020908
path,-5.993965846438386,-1.9425105806230245
path,-5.9906755571694,-1.9400510142399172
path,-5.987211089063423,-1.937317658268724
path,-5.983663069247265,-1.9344096024018156
path,-5.980145488823822,-1.9315377050222176
path,-5.976680560384717,-1.9287461145845812
path,-5.973028192859057,-1.92570680657245
path,-5.969655246382549,-1.9230526493634026
path,-5.966598777924366,-1.9202266383641973
path,-5.9635777190145784,-1.9174820804961448
path,-5.96049761664441,-1.9148291444752543
path,-5.957340864030532,-1.911830618712736
path,-5.954053413892071,-1.9085728386451961
path,-5.950717366703107,-1.905134361229729
path,-5.947397527814766,-1.9015819620285537
path,-5.944090227569433,-1.8979097166906786
path,-5.940792585077966,-1.8941038079311265
path,-5.937529545272017,-1.8901923226256288
path,-5.934287220788865,-1.8861850680087442
path,-5.930854610216781,-1.8820470215306218
path,-5.92670328466616,-1.8782149682265312
path,-5.9224236614827985,-1.874738124177253
path,-5.918112654506975,-1.8713732391174394
path,-5.9134821268349675,-1.8680718061288664
path,-5.908641020815829,-1.8649123430391312
path,-5.90379582301293,-1.8619726587893835
path,-5.899087482029484,-1.8590962155113815
path,-5.894462960550881,-1.8563322808390255
path,-5.889850608002774,-1.8536579443338388
path,-5.885362826457171,-1.8510542139023647
path,-5.880910390725198,-1.8485644392335152
path,-5.876528290234076,-1.8460465539367124
path,-5.87221069766735,-1.8435650253262204
path,-5.867930419241817,-1.8411003272889395
path,-5.86378571387887,-1.8386463403483173
path,-5.85964366827633,-1.8362681087850536
path,-5.855553842832015,-1.8338231078947658
path,-5.851564097462723,-1.8313513330447944
path,-5.84761906184838,-1.8288878814570575
path,-5.843282128510414,-1.826428341496423
path,-5.838511811885946,-1.8238733886686027
path,-5.833358988126675,-1.8210760463680657
path,-5.827832417221593,-1.8180733483707718
path,-5.821946489337452,-1.8148687365254985
path,-5.815678292823764,-1.8115190754015038
path,-5.8090663768883015,-1.8080161420435972
path,-5.802156056829151,-1.8042184731144186
path,-5.794984479251453,-1.8001678032346864
path,-5.78782768833559,-1.7967032983281708
path,-5.780672026206218,-1.7935500693798616
path,-5.773594546841766,-1.7905929617708998
path,-5.766543473478111,-1.7875782358624597
path,-5.759374454712885,-1.7839175077744216
path,-5.752061825395513,-1.7800357229511483
path,-5.744607710081264,-1.7759368909787678
path,-5.7370409258196995,-1.77163622580728
path,-5.7292507250329,-1.7672099412466231
path,-5.721528236330282,-1.7630038397489758
path,-5.714032511600837,-1.7589560589898914
path,-5.706793436818124,-1.7549928655045477
path,-5.699266402949608,-1.7506954178823837
path,-5.691404032801028,-1.7463166828302092
path,-5.683527007168013,-1.7423163032487714
path,-5.675829408124536,-1.7384950768685108
path,-5.668277853799478,-1.7348853384574707
path,-5.660789506125639,-1.7313482262275566
path,-5.653326842230652,-1.7275508338333982
path,-5.645846634192216,-1.7235826846414743
path,-5.638242708914524,-1.7192388389889175
path,-5.630477961970957,-1.7145442654250198
path,-5.622518654828889,-1.7095529493676798
path,-5.6144809638252235,-1.704451266252725
path,-5.606477190900467,-1.699407415080922
path,-5.598382366237259,-1.6943479121572276
path,-5.590629811831892,-1.6894362294865726
path,-5.583414577997213,-1.6853402123815031
path,-5.576843632069904,-1.682406632061967
path,-5.570403623401011,-1.6795124696413417
path,-5.564186929657927,-1.6767246781171006
path,-5.5578852732521655,-1.6733396085498826
path,-5.551705051438474,-1.6699276241904346
path,-5.5456290990366215,-1.6669439473374028
path,-5.53965572316074,-1.6649794317579283
path,-5.5334876280907475,-1.6634070390141227
path,-5.527142075679229,-1.6619868546943286
path,-5.520809100170307,-1.6606069548552822
path,-5.514637301518553,-1.6594766744420641
path,-5.5086678863210805,-1.6587191318951733
path,-5.502769148909055,-1.658068518287134
path,-5.496759742640798,-1.65719313832211
path,-5.490704134137968,-1.6564089644158562
path,-5.484805672716637,-1.6562177575507888
path,-5.478903657116096,-1.6562040176583308
path,-5.4729311665431455,-1.6564775189563556
path,-5.466764565100827,-1.6564466574071663
path,-5.460408694232184,-1.6556826414550312
path,-5.454074913870283,-1.6552986117403035
path,-5.447844598299303,-1.655412015701492
path,-5.441577512226056,-1.6557932388062888
path,-5.435315661959885,-1.6560319463197462
path,-5.429189421209462,-1.656163387236077
path,-5.423169115391685,-1.6567782303238316
path,-5.417062895780149,-1.6576142942521197
path,-5.411001227094642,-1.6588048494065677
path,-5.405108085510029,-1.659894517865345
path,-5.39931676085081,-1.6602672200611606
path,-5.393813608418935,-1.6606751712434795
path,-5.38817920879983,-1.661482660009781
path,-5.38242639850333,-1.6624981939766037
path,-5.376503281101371,-1.6635336979543658
path,-5.370273301389512,-1.6641941562114242
path,-5.364045955878115,-1.6651179519149575
path,-5.357737699600048,-1.6664463583480547
path,-5.35137726511302,-1.6681525045279748
path,-5.3448947046420185,-1.6699916154102674
path,-5.338421123676915,-1.671758640621581
path,-5.3319331332900815,-1.6739377925985413
path,-5.325336014779846,-1.6763315899304616
path,-5.318606080492429,-1.678898029351659
path,-5.312022317628069,-1.6815860409104817
path,-5.305519027320458,-1.6840179076744868
path,-5.298979509880072,-1.6866213347974583
path,-5.2923543594765645,-1.6892665251121977
path,-5.285648133092967,-1.69189148284041
path,-5.2791396557702726,-1.6944925905974364
path,-5.273125341753042,-1.6969209711593136
path,-5.267565217386137,-1.699191236385637
path,-5.262508422177012,-1.7012540596032923
path,-5.257450660958483,-1.7033437194083068
path,-5.252131793195228,-1.705347749152718
path,-5.2465793754359025,-1.707255051444914
path,-5.240799466117132,-1.70913901671107
path,-5.23478988566522,-1.7109548684469782
path,-5.228548212287786,-1.7126963450423414
path,-5.222076909132638,-1.714366633599108
path,-5.215367568622187,-1.7159569915482424
path,-5.208434151365415,-1.7175100045399285
path,-5.2012677635302635,-1.719000802422979
path,-5.193864816814553,-1.720498372569748
path,-5.186469117884879,-1.722051802773487
path,-5.179306788033992,-1.7236928242571787
path,-5.172480783600417,-1.7249007521467983
path,-5.165808021027013,-1.7257539482876294
path,-5.159045384608891,-1.7266505716336598
path,-5.152754335080152,-1.7277146228827276
path,-5.147014188590277,-1.728878628506306
path,-5.141521305976692,-1.7301225873141115
path,-5.136159855564715,-1.731409132546789
path,-5.130742292996801,-1.7327271541738811
path,-5.125773961939761,-1.7340390401335393
path,-5.122130018525266,-1.734737251543135
path,-5.1195162007943145,-1.7346946765052724
path,-5.116778001582632,-1.734644374920184
path,-5.113846706348011,-1.7345826604911538
path,-5.111069975837723,-1.734590812619987
path,-5.108433633791209,-1.7344937465342158
path,-5.10581502904366,-1.7343268778303587
path,-5.103239912721265,-1.7341098602615845
path,-5.1006940654116875,-1.7337700452416245
path,-5.0981881407789755,-1.7333934252546237
path,-5.095729171829135,-1.7328792760957386
path,-5.093280023322299,-1.732301032367408
path,-5.090860250981554,-1.7316184501646947
path,-5.088428636865828,-1.7308369539019752
path,-5.085954535158389,-1.7301091385633949
path,-5.083519990241504,-1.7295365018801514
path,-5.081056173980982,-1.7289207978793175
path,-5.07859774121664,-1.7282932700799802
path,-5.076140743922048,-1.727725612370007
path,-5.073723397628118,-1.727084778358037
path,-5.071348332041839,-1.7263652917020582
path,-5.069303607064646,-1.725420091054265
path,-5.0671538293807705,-1.7244742070775652
path,-5.064634663798522,-1.7235866112406972
path,-5.061842976127887,-1.722697517365571
path,-5.059065770624014,-1.7218349300760727
path,-5.056241056329629,-1.721004531514396
path,-5.053411873457484,-1.7202045438756783
path,-5.050574373879633,-1.7194377576999706
path,-5.047752859514716,-1.718722950502467
path,-5.044961025800299,-1.7180208215865984
path,-5.042123526091742,-1.7173646199527943
path,-5.039278529319499,-1.7167304178043732
path,-5.03644313054733,-1.7161311937592103
path,-5.033631065644356,-1.715568436823962
path,-5.030854724195329,-1.7150133178294777
path,-5.028063961466421,-1.7144361618782733
path,-5.025209832568027,-1.713822956633154
path,-5.022288593779147,-1.7131576231080774
path,-5.019342116349519,-1.712427232910427
path,-5.016405278279598,-1.7116129063692622
path,-5.013388115970997,-1.7107545081392843
path,-5.010304004030587,-1.7098436106551729
path,-5.007176965784467,-1.7088704883363675
path,-5.004113802542382,-1.7078059601170388
path,-5.001166837039223,-1.7067057587900625
path,-4.998378305670906,-1.7055952758835953
path,-4.995730140507467,-1.7044897937911687
path,-4.993189049183386,-1.7034158494332179
path,-4.990745772317535,-1.7023808244155854
path,-4.9883925087440675,-1.7013894354902166
path,-4.986125114122644,-1.7004441898980949
path,-4.983937623890753,-1.6995466616762573
path,-4.981795963180942,-1.698694187428941
path,-4.979697206308102,-1.6978847466564384
path,-4.97761834679134,-1.6971287150347332
path,-4.975560005186781,-1.6964104199348948
path,-4.973511275713114,-1.695735785194168
path,-4.971468074055218,-1.6951044831210065
path,-4.969437291379472,-1.694497047448833
path,-4.9674076393291555,-1.6938877398246734
path,-4.965375872621216,-1.6932768192803407
path,-4.963340093477916,-1.6926644614078523
path,-4.961298983246868,-1.6920510586005897
path,-4.959258839397831,-1.6914392266268572
path,-4.957210987828123,-1.6908268145851295
path,-4.955233741884251,-1.6899476983446882
path,-4.953446190600451,-1.6889118681344348
path,-4.951785773116866,-1.688011167808203
path,-4.950322039895771,-1.6875756030127227
path,-4.9488657835364895,-1.6871376698412404
path,-4.947407602762831,-1.686699150987109
path,-4.94594758432621,-1.6862602074986186
path,-4.944485868744382,-1.6858209221981157
path,-4.943030219857986,-1.685383367457109
path,-4.94157294955583,-1.6849461449858543
path,-4.9401135689169,-1.6845087009862096
path,-4.938652138163015,-1.684071052254126
path,-4.937193748304184,-1.6836348078224783
path,-4.9357564578093776,-1.6832052890613822
path,-4.934315062202176,-1.6827831198174572
path,-4.932872410346283,-1.6823631193308939
path,-4.931429693372103,-1.6819435478668683
path,-4.929986319439432,-1.681524366103893
path,-4.928547228973606,-1.6811069509629628
path,-4.9271078370287205,-1.6806899724460835
path,-4.925668132292732,-1.6802734332228555
path,-4.924228106747444,-1.6798573361635403
path,-4.922787751560749,-1.6794417063569314
path,-4.921357658892715,-1.6790295134557227
path,-4.919938599782989,-1.678620838307978
path,-4.9185099158906835,-1.6782097988164584
path,-4.917070048474262,-1.6777962660180243
path,-4.915629844101959,-1.6773832743167298
path,-4.914190919882973,-1.6769712172176037
path,-4.912753665388199,-1.6765601897977098
path,-4.911313691538108,-1.6761489395491633
path,-4.909873450493428,-1.675737962157431
path,-4.908432089563499,-1.6753273035111373
path,-4.906999908594521,-1.6749198727887302
path,-4.90556769781358,-1.6745129448312257
path,-4.90413238721683,-1.6741055665426394
path,-4.902697263536236,-1.6736988886194053
path,-4.901261750864317,-1.6732926410203506
path,-4.8998296887370385,-1.6728878589957812
path,-4.898396642910033,-1.6724833509716288
path,-4.896962749262195,-1.6720791438462954
path,-4.895527068500586,-1.6716749393917598
path,-4.894092479767206,-1.6712716396715723
path,-4.892662957827998,-1.670870163932786
path,-4.891233087104045,-1.6704692591593058
path,-4.889803188654469,-1.6700689156084008
path,-4.8883744339104425,-1.6696694578526377
path,-4.886944319524372,-1.6692700760178876
path,-4.885533813896303,-1.6688767946255543
path,-4.884123353593968,-1.6684839380793277
path,-4.8827140007331975,-1.6680919070667517
path,-4.8813043126622375,-1.6677001835031398
path,-4.8798942705882,-1.6673090966053719
path,-4.878488862318754,-1.6669196953976158
path,-4.8770832593960876,-1.6665308281476907
path,-4.875677040617397,-1.6661422879411696
path,-4.87427064130129,-1.6657541003373844
path,-4.872863897289573,-1.6653664489730855
path,-4.8714651983608706,-1.6649815238916736
path,-4.8700661357929524,-1.6645969870515713
path,-4.868666768066785,-1.6642128828480474
path,-4.867267085207508,-1.6638290784819558
path,-4.865867058507577,-1.6634458399438168
path,-4.864470213042886,-1.6630639260410325
path,-4.86307304996724,-1.6626824188081173
path,-4.861675565042481,-1.6623013110906393
path,-4.860277752025872,-1.6619205910620851
path,-4.85887961587588,-1.6615402876630996
path,-4.857486870855605,-1.661161914794417
path,-4.8560937957435915,-1.6607840918590893
path,-4.854700400650084,-1.6604066844621164
path,-4.853306700259384,-1.660029608410167
path,-4.851912687618161,-1.659652837596284
path,-4.850506074595812,-1.6592732567850705
path,-4.8490991250275375,-1.6588942096406656
path,-4.847691857194328,-1.6585155419622852
path,-4.846284277291238,-1.658137185162139
path,-4.8448763596621784,-1.6577593686501175
path,-4.843472189607215,-1.657382983833236
path,-4.8420676989730245,-1.6570070177728202
path,-4.840662887212236,-1.6566314676399783
path,-4.83925775454461,-1.656256333368544
path,-4.837852301187496,-1.6558816148923163
path,-4.8364535453038435,-1.6555091750365414
path,-4.835054474827596,-1.6551371066144036
path,-4.833655079140598,-1.6547655407015165
path,-4.832255373983104,-1.6543943398480883
path,-4.830855352315792,-1.654023550631482
path,-4.829457962354152,-1.6536539518643965
path,-4.828060258684515,-1.6532847631599024
path,-4.826662240869486,-1.6529159828961009
path,-4.825263909109224,-1.652547610993882
path,-4.823865263602893,-1.6521796473744792
path,-4.822475634795209,-1.6518145370019055
path,-4.821058355465401,-1.6514545648367591
path,-4.819552324721815,-1.6511267928518993
path,-4.818122445697229,-1.6507849867299347
path,-4.816762890337692,-1.65042931383864
path,-4.815397439390397,-1.6500719724745578
path,-4.813961591871296,-1.6497245885701042
path,-4.812473977213625,-1.6493936439829604
path,-4.81108935046669,-1.6490439448307004
path,-4.809717125095909,-1.6486887248121886
path,-4.808365025435729,-1.6483375170761567
path,-4.807014290189381,-1.6479866150157896
path,-4.805663788114266,-1.6476361409327627
path,-4.804313527370745,-1.647286094752593
path,-4.802963516552379,-1.6469364765572554
path,-4.8016193229200095,-1.6465887207227332
path,-4.800275404602277,-1.6462413947857752
path,-4.798931765081031,-1.6458944950484768
path,-4.797588414577124,-1.6455480220465288
path,-4.796245364356493,-1.645201977074651
path,-4.794574651305658,-1.6447530519316076
path,-4.7928010125458345,-1.6442991046570672
path,-4.791016686732047,-1.6438423536451992
path,-4.789226211728799,-1.643383947159766
path,-4.78743397625469,-1.6429253351576456
path,-4.7856538908653965,-1.6424700425411711
path,-4.783871420828162,-1.6420144283434839
path,-4.782086074931276,-1.64155837369993
path,-4.780297339603405,-1.6411017628348086
path,-4.7785046663891215,-1.6406444696716993
path,-4.776620881032112,-1.6402043133444273
path,-4.774580674878404,-1.6397910420897954
path,-4.77254238917656,-1.6393784848357675
path,-4.770507390684864,-1.638967381096749
path,-4.768476659381054,-1.6385580516385034
path,-4.766467032323948,-1.6381536679887474
path,-4.764460873783056,-1.6377507220068441
path,-4.762458405603779,-1.6373493193404693
path,-4.760460473889832,-1.6369497615013044
path,-4.758466943175026,-1.6365519577838339
path,-4.756636481912529,-1.6362326499240476
path,-4.754923323316843,-1.6358892462572314
path,-4.753215651423339,-1.635533661445373
path,-4.751489414474552,-1.6351699326863978
path,-4.749744896554448,-1.6347983192566622
path,-4.747996582272149,-1.6344217593327621
path,-4.746230259869904,-1.6340377008906668
path,-4.744445789126211,-1.6336462245920307
path,-4.742643014060378,-1.6332474029978432
path,-4.740821767147738,-1.632841300585653
path,-4.738999374413393,-1.6324312357973987
path,-4.737158044429005,-1.632014006832441
path,-4.735297486052285,-1.6315896689219473
path,-4.733418501270218,-1.6311587404634778
path,-4.731523396966492,-1.6307224131306557
path,-4.729624072755514,-1.630282934951084
path,-4.727705993268929,-1.6298369437111986
path,-4.725736458163256,-1.62939347813407
path,-4.723759796216652,-1.6289469349323555
path,-4.721778957992923,-1.6284986768426537
path,-4.719765595901243,-1.6278373221600677
path,-4.717940907641845,-1.6272892696746721
path,-4.71615910360306,-1.6268638423366257
path,-4.7143787860589255,-1.6265002533201878
path,-4.712598024245499,-1.6261370942319051
path,-4.710830245832155,-1.6257770740514794
path,-4.709062060217181,-1.6254174564700743
path,-4.707293472072796,-1.6250582358866772
path,-4.7055244906919125,-1.6246994064950468
path,-4.703755124039498,-1.624340962959847
path,-4.702003915113837,-1.6239866422871605
path,-4.700252350221427,-1.6236326901820979
path,-4.698500428497369,-1.6232791039785177
path,-4.6967481556632364,-1.622925880089542
path,-4.694995537167894,-1.62257301529818
path,-4.693260534234116,-1.6222241112431437
path,-4.691525208668563,-1.621875552713866
path,-4.689789556714762,-1.6215273384378823
path,-4.688053582094754,-1.621179466204493
path,-4.6863172881219,-1.6208319339831325
path,-4.68459500005541,-1.6204875991621137
path,-4.682872409413926,-1.6201435945095723
path,-4.681149512469458,-1.6197999194593546
path,-4.679426311502634,-1.6194565725936412
path,-4.677702808567776,-1.6191135526069838
path,-4.67599090004013,-1.618773219962659
path,-4.674278702339523,-1.6184332066935978
path,-4.672566212160605,-1.6180935126035665
path,-4.670853433826987,-1.6177541363405785
path,-4.669140368408654,-1.6174150770769509
path,-4.667447177811757,-1.6170803157331919
path,-4.665753716384478,-1.6167458612875818
path,-4.664059975816403,-1.6164117146428088
path,-4.662365957488791,-1.6160778750896723
path,-4.660671661691859,-1.615744342128151
path,-4.658988141242722,-1.6154132857321184
path,-4.6573043524518285,-1.6150825301703937
path,-4.655620291509141,-1.6147520757769667
path,-4.653935959218026,-1.6144219214739877
path,-4.652251353311232,-1.6140920768760358
path,-4.650577174716174,-1.613764616785617
path,-4.648902732871734,-1.6134374517850376
path,-4.647228024852678,-1.6131105821526888
path,-4.645553050800688,-1.6127840075915585
path,-4.643877811668967,-1.6124577276843184
path,-4.642224677451836,-1.6121360895462706
path,-4.640571293578596,-1.6118147362049382
path,-4.638917652300982,-1.6114936689109676
path,-4.637263753628255,-1.6111728874417428
path,-4.63560959784518,-1.6108523915356343
path,-4.633965267242856,-1.6105341297810818
path,-4.632320686340628,-1.610216148985277
path,-4.630675852026357,-1.6098984495956556
path,-4.629030764709122,-1.6095810313541121
path,-4.627385424289715,-1.6092638940904953
path,-4.625754761884659,-1.6089499088481387
path,-4.624123856083723,-1.608636198083054
path,-4.622492702666978,-1.6083227625486614
path,-4.6208613016073885,-1.6080096020796848
path,-4.61922965292586,-1.607696716504066
path,-4.617607630242881,-1.607385994578954
path,-4.615985366497036,-1.6070755431420936
path,-4.614362858516241,-1.6067653627366547
path,-4.612740106587821,-1.606455453157087
path,-4.611117110994331,-1.6061458142005332
path,-4.6094169930823226,-1.6058210401472477
path,-4.607710232195978,-1.60549553554047
path,-4.606003118903584,-1.6051703730008433
path,-4.6042956614437465,-1.6048455481911017
path,-4.602587866929774,-1.6045210572255413
path,-4.600900533871143,-1.6042007439561345
path,-4.599236771868425,-1.6038589617065542
path,-4.597617662818828,-1.603510907430162
path,-4.59604529116078,-1.6031572220292958
path,-4.594519897899363,-1.6027976736033176
path,-4.593043467473534,-1.6024303430881857
path,-4.591614555995516,-1.602056624570106
path,-4.590233460688883,-1.601676225497139
path,-4.5889004993080045,-1.6012888312247655
path,-4.587616010080317,-1.6008941050114756
path,-4.586376128165104,-1.600491517264614
path,-4.585143535889543,-1.6000929212492025
path,-4.583912588381358,-1.5996996720176748
path,-4.582693843958107,-1.5993042542303797
path,-4.581482912566562,-1.5989145049250897
path,-4.58027913274514,-1.5985308887533016
path,-4.579078058083365,-1.5981552113746254
path,-4.577878677796123,-1.5977850484740035
path,-4.576678987554455,-1.59741558147984
path,-4.575478919080982,-1.5970466505071323
path,-4.574274230054037,-1.5966769565256584
path,-4.573069154682662,-1.596307797976878
path,-4.5718636922577325,-1.5959391745061722
path,-4.570657841388942,-1.5955710848453664
path,-4.569451600914535,-1.5952035278422656
path,-4.568252436630203,-1.5948366035343533
path,-4.567053914456677,-1.594472680980877
path,-4.565855005862905,-1.5941092809641273
path,-4.564656090128035,-1.5937459958067495
path,-4.563453523220602,-1.5933834829596507
path,-4.562253254300359,-1.5930185121396472
path,-4.5610530406480105,-1.5926554339211327
path,-4.559850729940445,-1.5922930999096319
path,-4.5586452804742805,-1.5919289834368444
path,-4.557435453750657,-1.5915600918667385
path,-4.556223383765856,-1.5911812080079595
path,-4.555003706556091,-1.5907897369896598
path,-4.553774326673075,-1.5903806556517033
path,-4.552532808815259,-1.5899481329347585
path,-4.551276682950587,-1.5894857735973227
path,-4.550019156391566,-1.5889801060842739
path,-4.5487718338361915,-1.588454780926654
path,-4.547481981530838,-1.5881139281648926
path,-4.546227903133001,-1.587791686071178
path,-4.545030672489608,-1.5874403484195558
path,-4.543856781656832,-1.5870620359320147
path,-4.542593890080496,-1.5867504514213964
path,-4.541247066060798,-1.586457278110012
path,-4.5398355768573975,-1.5861804452174995
path,-4.538362655028128,-1.5859173248499523
path,-4.536832122516958,-1.585671399616522
path,-4.535240296029808,-1.5854390436635055
path,-4.533620004750102,-1.585213021135742
path,-4.531999582849678,-1.5849871281171408
path,-4.530379030652491,-1.5847613643580059
path,-4.528764548091106,-1.584536589871078
path,-4.5271499382201945,-1.5843119445931912
path,-4.525535199430468,-1.5840874267868301
path,-4.523920331850275,-1.5838630362063564
path,-4.522305335608261,-1.5836387726167862
path,-4.5206392575033085,-1.583402237432733
path,-4.518958028546825,-1.5831691228496674
path,-4.517276660661354,-1.5829361450421227
path,-4.515595153992379,-1.5827033037915839
path,-4.513913508685535,-1.5824705988860155
path,-4.512237584114655,-1.5822388377540466
path,-4.510561523800525,-1.5820072130116427
path,-4.508885326245873,-1.581775723071274
path,-4.50720899159513,-1.5815443677428394
path,-4.5055325199927285,-1.5813131468402029
path,-4.503863417574224,-1.581083091383499
path,-4.50219418181546,-1.5808531705776263
path,-4.50052481075593,-1.5806233824673113
path,-4.498855304538039,-1.5803937268808887
path,-4.497185663304098,-1.5801642036491341
path,-4.495524699172652,-1.5799360192562015
path,-4.493863604194974,-1.5797079675857897
path,-4.492202376042176,-1.5794800463905005
path,-4.49054101485399,-1.5792522555111264
path,-4.488879520770015,-1.57902459478998
path,-4.487223650855104,-1.5787978498185857
path,-4.485567650852241,-1.5785712351578458
path,-4.483911519286441,-1.5783447492949667
path,-4.482255256295335,-1.5781183920785835
path,-4.480598862016388,-1.577892163358295
path,-4.478952129231159,-1.577667395235504
path,-4.477305269718352,-1.577442756110913
path,-4.475658280869427,-1.5772182435296473
path,-4.47401116281888,-1.5769938573468738
path,-4.472363915701027,-1.5767695974183846
path,-4.470722282578221,-1.5765462423997312
path,-4.469080523160276,-1.57632301382463
path,-4.467438635970966,-1.5760999102002662
path,-4.465796621142564,-1.5758769313859033
path,-4.464154478807158,-1.5756540772412249
path,-4.4625178510899275,-1.575432110301272
path,-4.460881098581387,-1.575210268224519
path,-4.45924421983147,-1.5749885495478921
path,-4.4576072149702535,-1.5747669541338585
path,-4.455970084127623,-1.5745454818451794
path,-4.4543424793190365,-1.5743254331432412
path,-4.452714752967777,-1.5741055081130055
path,-4.451086902497676,-1.5738857043577346
path,-4.44945892803573,-1.5736660217435325
path,-4.447830829708751,-1.5734464601367226
path,-4.446205361063482,-1.5732273892657962
path,-4.444579769994613,-1.573008439372135
path,-4.4429540558566405,-1.5727896096791163
path,-4.441328218775038,-1.5725709000544894
path,-4.439701394839946,-1.5723511707765467
path,-4.438045224078006,-1.5721265182076452
path,-4.4363495975265295,-1.571910336084629
path,-4.4346144486004455,-1.5717024931225436
path,-4.4328424568169735,-1.571502380620083
path,-4.431062604717735,-1.5713038692914543
path,-4.429293107224122,-1.5711064471175187
path,-4.4275236338552535,-1.5709089668049612
path,-4.425754182019063,-1.570711426328372
path,-4.423984752049921,-1.5705138252787816
path,-4.422215344248315,-1.5703161632897296
path,-4.420452068635337,-1.5701191206150227
path,-4.41868881727947,-1.5699220177551283
path,-4.416925588645775,-1.5697248535189245
path,-4.41516238292895,-1.5695276276726235
path,-4.413399200303202,-1.5693303400081284
path,-4.4116420657436635,-1.5691336626025862
path,-4.409884956126526,-1.5689369243849567
path,-4.40812786984799,-1.5687401242930332
path,-4.406370807018373,-1.56854326219875
path,-4.404613767735592,-1.5683463379895664
path,-4.402831340920921,-1.5681448259524349
path,-4.401043675724853,-1.5679443505552402
path,-4.399256035181601,-1.56774381054208
path,-4.397468419348848,-1.567543205850887
path,-4.395680828276822,-1.5673425364289597
path,-4.393899163902735,-1.567142462996001
path,-4.392117525893928,-1.5669423260844053
path,-4.3903359125902,-1.5667421247640059
path,-4.388554324018724,-1.5665418590110174
path,-4.386772760202156,-1.5663415288073075
path,-4.38499717819382,-1.5661418022093818
path,-4.38322162251288,-1.5659420124830357
path,-4.38144609146312,-1.5657421587141622
path,-4.37967058505336,-1.5655422409019188
path,-4.377895103289694,-1.5653422590488684
path,-4.376128414564051,-1.5651431981741883
path,-4.374361752756671,-1.564944075247743
path,-4.372595115353342,-1.5647448889398021
path,-4.37082850235203,-1.56454563926302
path,-4.369061913749033,-1.5643463262321002
path,-4.367302126316603,-1.5641477124161853
path,-4.3655423650243925,-1.5639490368049462
path,-4.363782627922093,-1.5637502983809024
path,-4.362022915001139,-1.5635514971647317
path,-4.360263226251967,-1.5633526331783416
path,-4.35851065382993,-1.5631545058073528
path,-4.356758107394564,-1.562956317305921
path,-4.355005584901018,-1.5627580666123726
path,-4.353253086336914,-1.5625597537520048
path,-4.351500611689259,-1.5623613787508503
path,-4.349756494719258,-1.5621638824827921
path,-4.348012403798065,-1.5619663259966536
path,-4.34626833652264,-1.5617687080421494
path,-4.344524292878467,-1.561571028647081
path,-4.342780272850659,-1.5613732878396855
path,-4.341041810953432,-1.5611761114897296
path,-4.339303374077317,-1.560978875024377
path,-4.337564960620346,-1.5607815776232683
path,-4.335826570566717,-1.5605842193156467
path,-4.334088203900396,-1.5603868001310097
path,-4.332324429267183,-1.560184697283086
path,-4.33055525426897,-1.5599836635799134
path,-4.3287861034544814,-1.559782566901733
path,-4.327016976805579,-1.5595814072806666
path,-4.325247874304033,-1.5593801847489652
path,-4.323482723950594,-1.5591793449482165
path,-4.321717598725715,-1.5589784431851696
path,-4.319952497485338,-1.558777478888152
path,-4.318187420211135,-1.5585764520895506
path,-4.316422366884719,-1.5583753628218189
path,-4.314663928579106,-1.558174960052153
path,-4.3129055158934975,-1.557974496359341
path,-4.311147126920769,-1.5577739707611036
path,-4.309388761642669,-1.5575733832896799
path,-4.3076304200409155,-1.5573727339773407
path,-4.3058798774191445,-1.5571729077789551
path,-4.3041293604548025,-1.556973021548792
path,-4.302378866901725,-1.556773074120765
path,-4.30062839674187,-1.5565730655267536
path,-4.298877949957174,-1.556372995798646
path,-4.297132624490493,-1.5561734461042598
path,-4.295387323686675,-1.5559738364819313
path,-4.293642046067005,-1.5557741661770315
path,-4.291896791613579,-1.5555744352211527
path,-4.290151560308466,-1.5553746436458862
path,-4.288415096456449,-1.5551757898649237
path,-4.286678657989353,-1.5549768774845356
path,-4.2849422423840755,-1.5547779051858677
path,-4.283205849623039,-1.5545788729999643
path,-4.281469479688642,-1.5543797809578621
path,-4.279738039638579,-1.5541811902373246
path,-4.278006623656113,-1.553982540819269
path,-4.276275230317878,-1.5537838319761343
path,-4.274543859606452,-1.553585063738618
path,-4.272812511504404,-1.5533862361374005
path,-4.271086022475848,-1.553187903141945
path,-4.269359557280374,-1.5529895119239208
path,-4.267633114515097,-1.5527910617655913
path,-4.265906694162771,-1.5525925526972904
path,-4.2641802962061455,-1.552393984749332
path,-4.262461173778277,-1.5521961899700016
path,-4.260742075600335,-1.5519983379890647
path,-4.259022999577468,-1.5518004277133925
path,-4.257309711166637,-1.5515965367172624
path,-4.255591881263377,-1.5513930192302026
path,-4.253887584638113,-1.5511859702288233
path,-4.2521838462661865,-1.5509772739682897
path,-4.250480145789728,-1.5507684866621034
path,-4.248776481818596,-1.550559611248729
path,-4.247072853093848,-1.5503506503884572
path,-4.245375387094434,-1.550142280710634
path,-4.243677979449496,-1.5499339113879185
path,-4.2419806037717525,-1.5497254636202282
path,-4.240283259213324,-1.5495169391966728
path,-4.238585945005702,-1.5493083397381082
path,-4.236896259850888,-1.5491004670872186
path,-4.2352066464662945,-1.5488926613767051
path,-4.23351706132138,-1.548684785176178
path,-4.231827503896498,-1.5484768395793227
path,-4.230137973720014,-1.5482688255780521
path,-4.228453404906088,-1.548061123573754
path,-4.226768920701,-1.5478535497053483
path,-4.22508447474935,-1.5476459522354724
path,-4.2234000544186845,-1.5474382898432266
path,-4.221715659416919,-1.5472305631400238
path,-4.219848785752188,-1.546859560583283
path,-4.217921371493414,-1.546480115855035
path,-4.2159404423246105,-1.5460990491323947
path,-4.21390015440323,-1.5457081449802956
path,-4.211808994487448,-1.5453166237820142
path,-4.209686354975161,-1.5449490042149714
path,-4.207530208782329,-1.5446063043040956
path,-4.205339240001446,-1.544282859591152
path,-4.203110730733213,-1.5439676285915216
path,-4.200844688543022,-1.5436602619664415
path,-4.198545165596614,-1.5433642014719544
path,-4.196209098243323,-1.5430763344689442
path,-4.19386099824982,-1.542790863340059
path,-4.191512939959603,-1.5425052713728669
path,-4.189164923783558,-1.542219558868094
path,-4.1868383351038805,-1.5419344151815684
path,-4.18451238179584,-1.5416511390731602
path,-4.1821864707216845,-1.541367745416314
path,-4.179860602141852,-1.5410842344374236
path,-4.177534776287373,-1.5408006063490032
path,-4.17522296151319,-1.5405178561253556
path,-4.172911410589457,-1.5402357258416317
path,-4.170599902382703,-1.5399534804220925
path,-4.168288437032975,-1.53967112003414
path,-4.165977014662527,-1.5393886448367506
path,-4.163693611350706,-1.5391060102826286
path,-4.16141132185773,-1.5388268589966791
path,-4.159129074507386,-1.5385475961775292
path,-4.15684686936838,-1.5382682219545856
path,-4.154564706498626,-1.537988736452137
path,-4.152295832077808,-1.537710146905907
path,-4.150027191859791,-1.5374320857998653
path,-4.1477585935220995,-1.537153915059933
path,-4.145490037089881,-1.5368756347929058
path,-4.143221522581754,-1.5365972451024572
path,-4.140965953763563,-1.536319759205285
path,-4.138710604941952,-1.5360427571890587
path,-4.136455297578076,-1.5357656472973238
path,-4.134200031671084,-1.5354884296225673
path,-4.131944807216177,-1.5352111042553602
path,-4.129708343595248,-1.534934608117438
path,-4.127472345055398,-1.5346594231140676
path,-4.125226853785408,-1.5343796911163998
path,-4.1229613188349905,-1.5340427476997838
path,-4.120685770162437,-1.5336473371534216
path,-4.118388695530501,-1.533196537856598
path,-4.116073624780555,-1.532690893409902
path,-4.113740644229523,-1.5321302814909585
path,-4.111396810725381,-1.5315192441212635
path,-4.109046431237684,-1.530869964321207
path,-4.106706638351013,-1.5301808272389188
path,-4.104360511894404,-1.5294546783264742
path,-4.102008040014174,-1.5286914900131339
path,-4.099649217182519,-1.5278912403070755
path,-4.0972840378089925,-1.5270539067211781
path,-4.094945465845218,-1.5261736824902075
path,-4.09260053470449,-1.5252563266237766
path,-4.090249228466397,-1.5243018170819926
path,-4.087891541316984,-1.5233101295188192
path,-4.08552746737154,-1.5222812390958198
path,-4.083184754652435,-1.5212102516531938
path,-4.080835698708279,-1.5201022889710174
path,-4.078480343951116,-1.5189576683899775
path,-4.07611868427734,-1.5177763632006092
path,-4.073750713494829,-1.5165583462128724
path,-4.071429463566284,-1.5152942853395148
path,-4.0691019044385675,-1.5139934546484193
path,-4.066768013395404,-1.5126558286004206
path,-4.064427784008407,-1.511281378255168
path,-4.062081209770788,-1.509870074187535
path,-4.059764561857988,-1.5084155223318663
path,-4.057441565941925,-1.5069240549151413
path,-4.055112204132368,-1.5053956431773963
path,-4.0527764696515645,-1.5038302558771255
path,-4.050434355640833,-1.502227861285699
path,-4.0481243814146515,-1.5005816685830156
path,-4.045808024588456,-1.4988984020046439
path,-4.04348526622331,-1.497178030610454
path,-4.041156099183735,-1.4954205208521392
path,-4.038820516251455,-1.4936258386911014
path,-4.036556639067468,-1.4918589589990672
path,-4.034301282545486,-1.4900859045000698
path,-4.032054591541598,-1.4883065225337506
path,-4.029816744625875,-1.486520693845322
path,-4.027587924078225,-1.4847282967961917
path,-4.025405828142754,-1.4829767492735213
path,-4.023233145111037,-1.4812184066565925
path,-4.021070035733812,-1.4794531157675401
path,-4.018930852519825,-1.4776920283090325
path,-4.016800191872673,-1.4759370361609803
path,-4.014652052414347,-1.4742413347590742
path,-4.01261396796879,-1.4725591224050592
path,-4.010647317933456,-1.4709455541327796
path,-4.008900633191859,-1.4692811679619169
path,-4.007299784607803,-1.4675903638873407
path,-4.005785966342643,-1.4659587582776614
path,-4.004334552871996,-1.4643461982217416
path,-4.002917044662589,-1.462746071210679
path,-4.001531806148515,-1.4611594250398412
path,-4.000178065868283,-1.4595862066608765
path,-3.9988577894318147,-1.4580489911908512
path,-3.9975615246605583,-1.456522199256401
path,-3.9962664433476376,-1.4549967071657621
path,-3.9949709934922466,-1.4534718905047372
path,-3.9936751754171227,-1.4519477489048203
path,-3.992394160560898,-1.4504453139036415
path,-3.9911169723793862,-1.448945262685637
path,-3.989839438251998,-1.4474458527313425
path,-3.988561547960762,-1.4459470962741516
path,-3.9872833020679823,-1.444448993366339
path,-3.9860232411449363,-1.4429797364588415
path,-3.984771414921724,-1.4415148242257787
path,-3.983519321329938,-1.4400504458535917
path,-3.9822668879667313,-1.438586691797619
path,-3.9810141151005682,-1.4371235616999098
path,-3.979776447917926,-1.4356821538918207
path,-3.978542611649947,-1.434243303272198
path,-3.9773085226461613,-1.4328049609110989
path,-3.976074105932061,-1.4313672220235019
path,-3.9748393615785744,-1.4299300859826842
path,-3.9736169239555394,-1.4285094523075812
path,-3.9723960503058837,-1.4270907062153375
path,-3.971174955045198,-1.4256724230934519
path,-3.969953574658581,-1.4242546836523926
path,-3.9687157846390857,-1.4228178380042564
path,-3.9675373511788083,-1.4213324107220535
path,-3.966415583778062,-1.419799154245049
path,-3.965350371675083,-1.4182178358174797
path,-3.964341922608734,-1.4165893214195793
path,-3.963389540561136,-1.4149140690416535
path,-3.962303792360854,-1.4132437013792059
path,-3.961220327582898,-1.4115315789203489
path,-3.9601910905328808,-1.4097649180868546
path,-3.959190204213412,-1.4079242617838983
path,-3.958127077015273,-1.4059373964624053
path,-3.9570714575440884,-1.4038021053179732
path,-3.9559816882902963,-1.4015240696334852
path,-3.9548589530652034,-1.399112872408463
path,-3.9537290217015943,-1.396670911347604
path,-3.9525994539358464,-1.3942270628760562
path,-3.951493966036024,-1.3918097232976052
path,-3.950394661726429,-1.3893942624925761
path,-3.9492944714045946,-1.3869777266066046
path,-3.9481936506702926,-1.3845595584721442
path,-3.947092482582266,-1.382139191864012
path,-3.9460237785245615,-1.3797648488416718
path,-3.944980799283408,-1.3774016027643952
path,-3.9439383856253847,-1.3750345280867713
path,-3.9428968700881826,-1.3726631248716599
path,-3.9418565470783764,-1.3702868759741218
path,-3.9408475298154504,-1.367945504328953
path,-3.9398571777242593,-1.3656099663774
path,-3.9388717575157743,-1.3632681065183823
path,-3.9378873881069216,-1.3609196397190233
path,-3.9369111981087723,-1.3585714634592823
path,-3.9359828418103713,-1.356274113648673
path,-3.934943362011661,-1.3541531594505694
path,-3.9335648412713753,-1.352463751033883
path,-3.932169657805,-1.350795915047468
path,-3.9307750489318045,-1.349127477326267
path,-3.92941545011337,-1.3475099079335353
path,-3.928080691341001,-1.3459064267687262
path,-3.9267462613863664,-1.3443026169316172
path,-3.925403757730974,-1.3427094362591752
path,-3.9240622110493053,-1.3411150961301126
path,-3.9227402564155716,-1.33954186685029
path,-3.9214216341579946,-1.3379693239054677
path,-3.9201034979599583,-1.3363962082004763
path,-3.9187858195289813,-1.3348225502555477
path,-3.91746862023635,-1.3332483160357935
path,-3.916169343112483,-1.331693756791824
path,-3.9148653497585104,-1.3301493860342357
path,-3.913561552328406,-1.328604801846366
path,-3.9122586505119337,-1.3270590814756873
path,-3.9109564589268473,-1.3255124638118774
path,-3.9093350344883238,-1.3238563784179878
path,-3.9075860139849143,-1.3220197463751562
path,-3.9058096368306607,-1.3200631084796888
path,-3.904033188466322,-1.3180973430133816
path,-3.902258405120421,-1.3161294697144188
path,-3.900510873234338,-1.314190665944801
path,-3.8987714943188,-1.3122534974014288
path,-3.897034340705061,-1.310314353965585
path,-3.8953100338926334,-1.308369998184129
path,-3.8935945107590912,-1.3064120196112208
path,-3.8919187472031385,-1.3044873559214136
path,-3.8902812820761414,-1.3025649623974107
path,-3.888652618340941,-1.3006292205848737
path,-3.8870324437102948,-1.2986798037182978
path,-3.8854208048547516,-1.2967165167715407
path,-3.88384949336251,-1.2947897886952207
path,-3.8823219364433252,-1.2928677705240328
path,-3.880804653069669,-1.290931904011953
path,-3.8792962458293068,-1.2889811033696772
path,-3.877799009657582,-1.2870186327298458
path,-3.876277500355188,-1.2851847749067278
path,-3.874736385618763,-1.2833924309943165
path,-3.873198554995083,-1.2815985488692319
path,-3.871658687037054,-1.279810248393167
path,-3.870119199106013,-1.2780213134610539
path,-3.868611201878084,-1.2762853303143655
path,-3.867132450835146,-1.2745676510639476
path,-3.8656547331231232,-1.2728507350426903
path,-3.8641760487702586,-1.2711353969490748
path,-3.862697663345925,-1.2694195272350692
path,-3.8612407260662915,-1.2677347094775233
path,-3.8597901900591935,-1.266057282313635
path,-3.8583399517325714,-1.264379326623414
path,-3.856889256770932,-1.262702102890088
path,-3.855438412245203,-1.2610250894294812
path,-3.8540120776442204,-1.259386441086342
path,-3.8526005102104333,-1.2577570237748048
path,-3.8511883356525836,-1.2561286050907317
path,-3.8497755713683923,-1.2545011542411468
path,-3.848362779674591,-1.252873700535591
path,-3.846969504878582,-1.2512725674114222
path,-3.8455800613408226,-1.249674755704917
path,-3.84419054853326,-1.2480770043376395
path,-3.8428003106718522,-1.2464804560349034
path,-3.841409976811034,-1.244884018311713
path,-3.840037187540845,-1.2433121353613084
path,-3.8386684217601146,-1.2417434248782662
path,-3.8372992886529684,-1.2401747824758522
path,-3.835929927517977,-1.2386064948405489
path,-3.834559904208254,-1.2370393180903057
path,-3.833215038859787,-1.2355074032702567
path,-3.831880323803233,-1.2339817991456103
path,-3.830545450910982,-1.2324564187293026
path,-3.8292095699819595,-1.2309327579142078
path,-3.8278733688187194,-1.2294096068983147
path,-3.826553115684795,-1.2279055569862325
path,-3.825235074022482,-1.2264044443124469
path,-3.8239166055868146,-1.2249040320061604
path,-3.822596102159971,-1.223405454935348
path,-3.821260133295988,-1.2219107177950326
path,-3.819912961395042,-1.2204192172167483
path,-3.8185536932977624,-1.218921190930543
path,-3.8171900306899604,-1.2174212051730533
path,-3.8158261916657326,-1.2159217705706409
path,-3.8144621765488496,-1.2144228875381284
path,-3.8127531063002813,-1.2128635604558602
path,-3.8109515831351293,-1.2111906879190544
path,-3.809146464891423,-1.2094113714101518
path,-3.8073368689013254,-1.2075214952906024
path,-3.8055230137824747,-1.2055276233989312
path,-3.803700970143938,-1.2035219630085354
path,-3.80186514633738,-1.2015092904893152
path,-3.80001937333143,-1.1994918628360343
path,-3.7981729181970727,-1.1974752279454037
path,-3.796326154440664,-1.195459609564126
path,-3.7944864057221985,-1.1935046649683922
path,-3.7926791323760582,-1.1915828691392678
path,-3.7908852764365597,-1.1896690973885051
path,-3.7890900824234692,-1.1877561286931415
path,-3.787294585891373,-1.1858440893685998
path,-3.7855276744528528,-1.1839853475653201
path,-3.7837965147091235,-1.182148534726683
path,-3.7820751052464683,-1.1803187884468362
path,-3.780353420452619,-1.1784898997682838
path,-3.778631460273895,-1.1766618686349803
path,-3.7769337986169833,-1.1748729779980278
path,-3.775257027399625,-1.173097769773397
path,-3.773585891855817,-1.171326931593612
path,-3.7719144996426848,-1.1695568993273462
path,-3.7702428513819477,-1.1677876728066585
path,-3.768595265320311,-1.1660592850404723
path,-3.766966891478096,-1.1643437412028252
path,-3.7653499246534747,-1.1626360057892713
path,-3.7637340778239516,-1.1609298412748572
path,-3.76211799493629,-1.159224429059542
path,-3.760512315288569,-1.15754129935208
path,-3.758919803504926,-1.1558670218448313
path,-3.7573364752030898,-1.1541991872701989
path,-3.7557532761297137,-1.1525322872366954
path,-3.754169858229901,-1.1508660915027964
path,-3.7526034140081914,-1.1492343694456846
path,-3.751050920288288,-1.1476117444417975
path,-3.749511325404918,-1.1459977135947494
path,-3.747979539589233,-1.144389102176214
path,-3.7464461012858474,-1.1427680680637862
path,-3.744939296158943,-1.141166988310794
path,-3.7434319244273206,-1.13957049892741
path,-3.741924342928289,-1.1379742293818165
path,-3.740416550419369,-1.1363781762584888
path,-3.738908547210719,-1.1347823370281593
path,-3.7374366736659543,-1.1332172670318192
path,-3.7359650874407513,-1.1316607644748942
path,-3.734493304188957,-1.1301044639369597
path,-3.7330213208927177,-1.12854836243155
path,-3.7315491384414408,-1.1269924582591566
path,-3.7300994061311257,-1.1254575647269782
path,-3.7286494341163676,-1.1239258223021984
path,-3.727199271987277,-1.1223942791883688
path,-3.725748917820808,-1.1208629326892898
path,-3.724298370838288,-1.1193317802787857
path,-3.7228687264544846,-1.1178200177012203
path,-3.7214388679522306,-1.1163113814442567
path,-3.720008824976818,-1.1148029400932393
path,-3.7185785982540005,-1.1132946913869952
path,-3.7171481869614755,-1.1117866331032538
path,-3.7154051408110345,-1.110268472975873
path,-3.7134571865514343,-1.108594881321813
path,-3.711505200686018,-1.1068438468894086
path,-3.709549539229636,-1.10502186202512
path,-3.707590243767593,-1.1031289731711842
path,-3.7056729521550276,-1.1011714942485316
path,-3.7037540578255994,-1.0991584765889664
path,-3.701834534119681,-1.0971395851999874
path,-3.69991464435685,-1.0951210095540374
path,-3.6979943893822997,-1.0931027479699027
path,-3.696147266493635,-1.0911321540998995
path,-3.694304435557128,-1.0891960196149464
path,-3.692461293752845,-1.0872602370145392
path,-3.6906178385884068,-1.0853247991085606
path,-3.688774076349404,-1.0833897017539005
path,-3.686981927952694,-1.0814951936928234
path,-3.6851921904190794,-1.0796183141728497
path,-3.683402161915529,-1.0777417117522992
path,-3.6816118479119027,-1.0758653872681372
path,-3.679821250560906,-1.0739893408103334
path,-3.6781066921148393,-1.0721627285173336
path,-3.6763977350705264,-1.070372917239969
path,-3.6746885321689104,-1.068583400183073
path,-3.6729790822005874,-1.0667941728749228
path,-3.671269387332061,-1.0650052322238586
path,-3.669601395299139,-1.0632520026139427
path,-3.6679346456632946,-1.0615091249367565
path,-3.666267668045678,-1.0597665019685416
path,-3.6646004605486016,-1.0580241319106345
path,-3.662933025152345,-1.0562820141766818
path,-3.6613021374974895,-1.0545711468943177
path,-3.6596712008232775,-1.0528677037918843
path,-3.658036270924011,-1.0511643445448857
path,-3.6563993011265414,-1.049461167315229
path,-3.6547620434136836,-1.0477582627242183
path,-3.6531726131339433,-1.0460945823945424
path,-3.6515849303001207,-1.0444443573135878
path,-3.6499969769135765,-1.0427943746302697
path,-3.6484087555454976,-1.0411446327980682
path,-3.646820265716155,-1.0394951295308879
path,-3.64526142106295,-1.037872597620667
path,-3.643702812554045,-1.036255160625343
path,-3.6421439407773595,-1.0346379387165328
path,-3.6405848145588853,-1.0330209314319776
path,-3.639025434353422,-1.0314041439254378
path,-3.637101622441527,-1.0297912644280076
path,-3.6348611575499916,-1.0280318191269513
path,-3.6326099422206592,-1.0261662183702616
path,-3.630355684353104,-1.0242376873408081
path,-3.628098403660927,-1.0222459338576935
path,-3.6259322304484485,-1.0202105152016
path,-3.62377555595427,-1.018120767083075
path,-3.621645178452741,-1.0162735022755045
path,-3.6195390547263666,-1.0146990112914713
path,-3.617440686745988,-1.0133383602301085
path,-3.6154170754654253,-1.0122033067991518
path,-3.6134038685477905,-1.0112009940990416
path,-3.611390343638445,-1.0102024806011198
path,-3.6093764396271744,-1.0092063330515328
path,-3.6073621594883236,-1.008212549529892
path,-3.6054315053735593,-1.0072606543028129
path,-3.603505468644624,-1.006315099784729
path,-3.6015790944850306,-1.0053717001519562
path,-3.5996523812767496,-1.0044304503890853
path,-3.5977253339798363,-1.0034913512861485
path,-3.595846698517534,-1.002577638203448
path,-3.5939689461364757,-1.0016669722049294
path,-3.592090879839862,-1.000758340491144
path,-3.5902125029223284,-0.9998517429214089
path,-3.588333816013623,-0.9989471771040073
path,-3.586490872582216,-0.998061821669968
path,-3.5846479599918766,-0.9971786900949302
path,-3.5828047527821987,-0.996297507458875
path,-3.5809612521265413,-0.9954182721738097
path,-3.5791174597215574,-0.9945409831287605
path,-3.577312486981091,-0.9936839802007673
path,-3.575507783345359,-0.9928292985180001
path,-3.57370280233917,-0.991976474985598
path,-3.5718975441100573,-0.9911255074353341
path,-3.57009201242629,-0.9902763968681858
path,-3.5683107528135833,-0.989440643071801
path,-3.566529240551177,-0.9886067002432019
path,-3.5647474633318015,-0.9877745587646405
path,-3.562965421224372,-0.9869442165796126
path,-3.561183117494015,-0.9861156744360265
path,-3.559440075184119,-0.9853069993360996
path,-3.557697405048673,-0.9845005686796829
path,-3.555954485902469,-0.9836958529277853
path,-3.554211317385591,-0.9828928498654855
path,-3.552467901345344,-0.9820915591372704
path,-3.5507455971215798,-0.9813017619250849
path,-3.549023062945929,-0.9805136387630679
path,-3.547300289391932,-0.9797271823813062
path,-3.545577368459173,-0.9789441747010927
path,-3.5438501225191663,-0.9780953396706475
path,-3.5421360432412814,-0.9771407258658765
path,-3.540420425194415,-0.9761620166834509
path,-3.5387044320123797,-0.9751848300989304
path,-3.536988072434296,-0.9742091642979942
path,-3.535271357251116,-0.9732350198759291
path,-3.533578675196349,-0.9722761904693508
path,-3.5318856715321094,-0.9713188426387129
path,-3.530192340738073,-0.9703629681462685
path,-3.528498689337655,-0.9694085661182078
path,-3.526804723120385,-0.9684556356667573
path,-3.5251443112612515,-0.9675231743439794
path,-3.5234836215118106,-0.9665921330774695
path,-3.521822641153965,-0.9656625015023282
path,-3.520161372005316,-0.9647342770711723
path,-3.5184998187446257,-0.9638074594549879
path,-3.516811721138905,-0.9628674351761353
path,-3.5151233232006884,-0.9619288521596544
path,-3.5134346405549643,-0.9609917169880521
path,-3.5117456759237258,-0.9600560280849626
path,-3.5100564328934065,-0.9591217843659519
path,-3.508402704364039,-0.9582087129887127
path,-3.5067488921939636,-0.9572971387726359
path,-3.505094817832395,-0.9563869449452116
path,-3.50344048237165,-0.9554781300764331
path,-3.5017858870768714,-0.9545706926771365
path,-3.500150614218568,-0.9536753442458955
path,-3.498515099955973,-0.9527813438571033
path,-3.4968793368511566,-0.9518886858989759
path,-3.4952433269555048,-0.9509973698443066
path,-3.493607068331621,-0.9501073924217777
path,-3.4919891705753554,-0.9492288496008934
path,-3.4903710434462636,-0.9483516196597515
path,-3.48875267762978,-0.9474756959252434
path,-3.4871340743881003,-0.9466010775543892
path,-3.485515234327956,-0.9457277633101715
path,-3.483952592774117,-0.9448859152667317
path,-3.482391553695958,-0.9440464627537365
path,-3.4808305984084145,-0.9432083687651378
path,-3.4792652785262272,-0.9423663891589724
path,-3.4776895883807724,-0.9415236425128861
path,-3.476117897525929,-0.94068486706539
path,-3.474529561782254,-0.9398392117762305
path,-3.4729164871563185,-0.9389827020512578
path,-3.471260221572858,-0.938106233761976
path,-3.469520236326474,-0.9371897976101952
path,-3.4677758621821155,-0.9362736697661123
path,-3.4660315701755264,-0.9353596151240883
path,-3.4642873447663853,-0.9344476218519017
path,-3.4625431894647485,-0.9335376890042774
path,-3.460799100457274,-0.9326298111717399
path,-3.4590852042142886,-0.9317395883800648
path,-3.4573716805628663,-0.9308515325226933
path,-3.4556582215273393,-0.9299654519895216
path,-3.453944826504781,-0.9290813434227537
path,-3.452231499706834,-0.9281992065758037
path,-3.450535189250454,-0.9273277363238037
path,-3.448838954296494,-0.9264581975346279
path,-3.447142785502429,-0.9255905826781496
path,-3.445446681566581,-0.9247248881291149
path,-3.443750643205808,-0.9238611115495683
path,-3.441821390961,-0.9229562031973712
path,-3.439583090684453,-0.9218637375973302
path,-3.4370538663036765,-0.920588460979202
path,-3.434365781110967,-0.9192352543521553
path,-3.4316759200653584,-0.9178858798906205
path,-3.4290384302525942,-0.9165670548105099
path,-3.426403348038642,-0.9152541900506442
path,-3.4237683971171333,-0.9139458673191704
path,-3.4211335807225676,-0.9126420789374236
path,-3.4184989008001034,-0.9113428153081748
path,-3.4159417472623894,-0.9100850233142491
path,-3.4133926009381184,-0.9088363274291195
path,-3.4108435862928705,-0.9075918432995799
path,-3.4082947109835877,-0.9063515672778549
path,-3.4057459661275002,-0.9051154850505452
path,-3.403250230266346,-0.9039087593619067
path,-3.4007571775361742,-0.9027076123185591
path,-3.3982642566258505,-0.9015104574156515
path,-3.395771468516135,-0.900317286911348
path,-3.393278817863823,-0.8991280955518959
path,-3.390844863240975,-0.8979701971000357
path,-3.388414353128871,-0.8968181188585111
path,-3.3859839722328195,-0.8956698005544496
path,-3.3835537225671444,-0.8945252362336641
path,-3.38112360707252,-0.8933844199706872
path,-3.378816819541121,-0.8923006528123754
path,-3.3765349044748767,-0.8912359724210619
path,-3.3742531033870344,-0.8901745757868242
path,-3.3719714220503127,-0.8891164605815769
path,-3.369689857300258,-0.8880616185446435
path,-3.3674491851570085,-0.8870286181105462
path,-3.3652098478461756,-0.8859995163493436
path,-3.3629706229467495,-0.8849735509849006
path,-3.360731514825691,-0.883950718876547
path,-3.3584925199000186,-0.8829310120895534
path,-3.3562982434893485,-0.8819343524317687
path,-3.35410587149151,-0.8809417916033888
path,-3.351913610780096,-0.8799522133783302
path,-3.349721459506887,-0.8789656114110421
path,-3.347529419711357,-0.8779819815678482
path,-3.345392849996287,-0.8770255397431336
path,-3.3432593323424853,-0.8760737314621737
path,-3.3411260501430746,-0.8751331501398701
path,-3.3390421336523097,-0.8742140854298754
path,-3.3370143408242767,-0.8733368587340811
path,-3.3349868632475124,-0.8724768103975635
path,-3.3330320687808963,-0.8716665745788745
path,-3.3311358720153867,-0.8708969036224233
path,-3.3292586989952113,-0.8701432731685879
path,-3.3273584379748002,-0.8693796293229578
path,-3.3253909459599513,-0.868579689235557
path,-3.323312823905781,-0.8677157383082172
path,-3.321079438963065,-0.8667603410723504
path,-3.318701005289546,-0.8657198773903
path,-3.3163627102091673,-0.8647081355431916
path,-3.3140759179557984,-0.8637328895663479
path,-3.3118365748933853,-0.8627906974990904
path,-3.3096378742374473,-0.8618773203529931
path,-3.307474510170357,-0.8609894494026955
path,-3.305341862797757,-0.8601241899597873
path,-3.303219843973943,-0.8592681875615483
path,-3.301097068663121,-0.8584133068768754
path,-3.2989763045612195,-0.8575508454245625
path,-3.2968514371101767,-0.856699867993786
path,-3.294725522575504,-0.8558507486689111
path,-3.292755211903464,-0.8550520237867053
path,-3.2908489117632937,-0.854292267950678
path,-3.2889414486333624,-0.8535359637280834
path,-3.2870331529019348,-0.8527811522109303
path,-3.2851240303595466,-0.8520278371086398
path,-3.2832278628051985,-0.8512814393729654
path,-3.2813308838998405,-0.850536518615251
path,-3.2794330867959265,-0.849793071819608
path,-3.277534475240026,-0.8490511009242725
path,-3.275635045512895,-0.8483106029396729
path,-3.2737306248450646,-0.8475699588048005
path,-3.2718253844977783,-0.8468307937124688
path,-3.269919328769541,-0.8460931086920466
path,-3.268012457863864,-0.8453569021291616
path,-3.2661047777741454,-0.8446221759275228
path,-3.264190744226883,-0.8438868000872269
path,-3.262275892118447,-0.8431529066012048
path,-3.260360228407604,-0.8424204971961246
path,-3.258443750536292,-0.8416895678129684
path,-3.256526453973627,-0.84096011413357
path,-3.25430812054214,-0.8402142348247547
path,-3.251671691208421,-0.839294132918749
path,-3.248714642147445,-0.8381871827423126
path,-3.2457258286745487,-0.8370659147503076
path,-3.2427349935070797,-0.8359482020579942
path,-3.2395105414204934,-0.8347887453537238
path,-3.2359510233717805,-0.8334743604826786
path,-3.2323437558587007,-0.8321430314663654
path,-3.228733665040421,-0.8308168145367972
path,-3.2251207793241825,-0.8294956988803867
path,-3.221445867272771,-0.8281579776224993
path,-3.2177660731214264,-0.8268249432814614
path,-3.2140834273643515,-0.8254971123039597
path,-3.2103979637141022,-0.8241744744298223
path,-3.2067096938303408,-0.8228570210522984
path,-3.2029129392531672,-0.8215068076833232
path,-3.1991019886936645,-0.8201586157126901
path,-3.1952881398995783,-0.8188158856547931
path,-3.1914715344886453,-0.8174782823429662
path,-3.187657873849139,-0.8161341276869175
path,-3.183754892036413,-0.8147674644221962
path,-3.179835763604927,-0.8134022275787964
path,-3.1759137911042354,-0.8120430218923212
path,-3.1719889861413946,-0.8106898239325521
path,-3.1680613704448404,-0.8093426162231433
path,-3.1644170684482047,-0.808029056143992
path,-3.1610921943841124,-0.8068578628248532
path,-3.1578735468618326,-0.805734734982904
path,-3.154643529844452,-0.804645203776062
path,-3.1514116692065697,-0.8035596352823476
path,-3.1480762203195005,-0.8024432615078773
path,-3.1447185961980764,-0.8013248374719361
path,-3.14135895987072,-0.8002106723578287
path,-3.1379973275574056,-0.7991007544471775
path,-3.134633707485636,-0.7979950678245739
path,-3.131168993851321,-0.7968599625063654
path,-3.127686993099016,-0.7957258692612854
path,-3.124202984245217,-0.7945962645731571
path,-3.1207169762244,-0.7934711359239153
path,-3.117228976932285,-0.7923504720258318
path,-3.1135881941446892,-0.7911856221785034
path,-3.109864725573706,-0.7900002101380953
path,-3.106138959051355,-0.7888198468797113
path,-3.1024109129793604,-0.7876445183452434
path,-3.098680608730303,-0.7864742115222978
path,-3.095194954500232,-0.7853544950362189
path,-3.091851048091145,-0.7843043773336051
path,-3.0885016672308585,-0.783267428959705
path,-3.0851505136134154,-0.7822344634190946
path,-3.081797600754329,-0.7812054731990261
path,-3.0782244327476587,-0.7801686761093312
path,-3.0743669392304964,-0.7790097327750019
path,-3.0703714153753054,-0.7778020551479993
path,-3.0663704895204322,-0.7765989876338537
path,-3.062367091884516,-0.7754014896823828
path,-3.0581775774531983,-0.7741873106874972
path,-3.0537282342222642,-0.772871454607274
path,-3.04919429711035,-0.77153842303322
path,-3.0446572857753256,-0.7702124195385657
path,-3.0401172314443015,-0.7688934214501717
path,-3.035329284371139,-0.7675932114737083
path,-3.030261005714425,-0.7662077726357711
path,-3.0249653229127396,-0.7647093024023336
path,-3.0195560027524024,-0.7631826997021597
path,-3.014141916416352,-0.761665755381254
path,-3.0085186343767063,-0.7601583242259254
path,-3.002636167416161,-0.7585661373481567
path,-2.9965613638359203,-0.7568989571352983
path,-2.990441051238825,-0.7552384483407311
path,-2.984315707410824,-0.7535899833160745
path,-2.9778897452697284,-0.752003939905282
path,-2.971051625572259,-0.7504496649323836
path,-2.963993319112932,-0.7488457820196848
path,-2.956727384502369,-0.7471520530475144
path,-2.94925219872644,-0.7453617792092526
path,-2.9414123889410133,-0.7435164549131292
path,-2.933287469095939,-0.7416999126905438
path,-2.9249452960003324,-0.7398252751495755
path,-2.916390187014304,-0.7378581450511662
path,-2.9076383251572744,-0.7358200629723489
path,-2.8989524626320837,-0.7338410595304431
path,-2.8903957324564247,-0.7319021338502152
path,-2.882242813448161,-0.7300829254869359
path,-2.874309383728664,-0.7283494787322555
path,-2.8665669287905917,-0.7266905686560784
path,-2.8593220967620856,-0.7249321047817814
path,-2.8525317596195428,-0.7232764919577896
path,-2.846257872792746,-0.7216932641061569
path,-2.8404214353464883,-0.7202557440441876
path,-2.835009165716811,-0.7189400619124793
path,-2.830267390291138,-0.7175062024429634
path,-2.826040381664477,-0.7161171027366576
path,-2.8223259564160705,-0.7147996696876736
path,-2.819045855277852,-0.7136262810101031
path,-2.8161859799432447,-0.712609807267824
path,-2.813729716275764,-0.711693968446501
path,-2.811606727410072,-0.7107465702194451
path,-2.809976164935467,-0.7098056497079871
path,-2.8087758283686517,-0.7090093973153241
path,-2.807979005751589,-0.7083409632177423
path,-2.8075106477010703,-0.7076268140931702
path,-2.8070760047925334,-0.7068962353118661
path,-2.8068792318200018,-0.7060974272330375
path,-2.8067746708011763,-0.7052803357934508
path,-2.806736289731123,-0.7044659771153512
path,-2.8067658516400646,-0.7036649434560893
path,-2.8067089478195126,-0.7028929991805621
path,-2.806849735316412,-0.7021318085454683
path,-2.8070194223470883,-0.7014015220610528
path,-2.8072183379898448,-0.7007064929418344
path,-2.806994139676841,-0.6998797940715415
path,-2.8064871112543783,-0.6990401422822812
path,-2.806206924047645,-0.6982541366085957
path,-2.805938483820326,-0.6975032828698676
path,-2.80568690770814,-0.6967866802270712
path,-2.805371146024031,-0.696076638636888
path,-2.8049071960370457,-0.6953259507138528
path,-2.8046592031442863,-0.6946658349546457
path,-2.8044254974337504,-0.6940758338047434
path,-2.804200840422685,-0.6935261568435301
path,-2.803942672181225,-0.692996631264088
path,-2.8035294806559343,-0.6923862549903398
path,-2.8023943134401432,-0.6911663544957309
path,-2.8003936838872754,-0.6888645972035641
path,-2.797557193239584,-0.685973089792247
path,-2.7940310295622948,-0.6827444535228302
path,-2.790208035507897,-0.6792041296360065
path,-2.786115890406449,-0.6752609182904085
path,-2.781773210281777,-0.6709728208001379
path,-2.7772083939876193,-0.6663710149786027
path,-2.7723405121609628,-0.6619736397395551
path,-2.76717612960864,-0.65803412439024
path,-2.7617000827181357,-0.654291575361815
path,-2.7558658484601666,-0.6507544418266034
path,-2.7496850861851683,-0.6473889215638987
path,-2.74342985302708,-0.6440727894187428
path,-2.7373232777058143,-0.6407668522856922
path,-2.731309605262126,-0.6374844839562162
path,-2.7254066198361437,-0.6342371518122848
path,-2.719603857299892,-0.6310353827666202
path,-2.713926056953839,-0.6278547022175963
path,-2.708366026052684,-0.6246940587496914
path,-2.702857645761891,-0.6215829351411631
path,-2.697428387388538,-0.6185343135432313
path,-2.692074108823503,-0.615541902539892
path,-2.686880843760834,-0.6125080319459458
path,-2.681905472907625,-0.6094864009946429
path,-2.677215897302849,-0.6066682261523221
path,-2.672773770974481,-0.6040431211453277
path,-2.6685805118905805,-0.6016017158086764
path,-2.6646641624302294,-0.599360316570777
path,-2.6609631748961178,-0.5972649056588246
path,-2.657468344675823,-0.5953015209085848
path,-2.6541755821450588,-0.5934605045104416
path,-2.651052031985961,-0.5917247303236061
path,-2.648233104265081,-0.5901878833675992
path,-2.6455888897572937,-0.5887602603038211
path,-2.6430557691944205,-0.5874219676350627
path,-2.64053695139077,-0.5861575703135615
path,-2.637999283809943,-0.5849584927810892
path,-2.635491463067261,-0.5838351760255968
path,-2.633001125724246,-0.5827261012448035
path,-2.630519241942898,-0.581618521895978
path,-2.6280442752173467,-0.5805118729635381
path,-2.625574987625924,-0.5794056983746098
path,-2.623163081100319,-0.5783184252989787
path,-2.6207608405547447,-0.5772383406353482
path,-2.6183618118421244,-0.5761579099494124
path,-2.6159654641575636,-0.575076933263855
path,-2.613571370014536,-0.5739952488200791
path,-2.61123982670331,-0.572934460666576
path,-2.6089168388495456,-0.571881558444593
path,-2.606595234901727,-0.5708277124104976
path,-2.6042748279020005,-0.5697728485930355
path,-2.601955470029761,-0.5687169081756025
path,-2.599582428614779,-0.5676346846130276
path,-2.5972076152676915,-0.5665502669762343
path,-2.594833570771807,-0.5654645819801855
path,-2.592460231300458,-0.5643776024039827
path,-2.5900875429133747,-0.5632893045793688
path,-2.587776751520613,-0.5622222364415986
path,-2.5854732842491917,-0.5611624732075271
path,-2.583170353279936,-0.5601014402999893
path,-2.5808679365280276,-0.5590391259753988
path,-2.5785660146329152,-0.5579755195142457
path,-2.576312966365351,-0.5569290793350224
path,-2.574064864053812,-0.5558871235103504
path,-2.5718172328327427,-0.5548439527275674
path,-2.569570060024883,-0.553799556881127
path,-2.5673233373789817,-0.5527539282017176
path,-2.56511391837654,-0.5517223936056912
path,-2.56290744095721,-0.5506928465861766
path,-2.560701138701895,-0.5496622104880321
path,-2.5584943427771147,-0.5486309150301486
path,-2.5562879340757174,-0.5475983807843618
path,-2.554067402929199,-0.5465577625178283
path,-2.551846878634745,-0.5455157438324358
path,-2.5496267428564487,-0.5444724626503017
path,-2.547406996520877,-0.5434279178423208
path,-2.545187637359605,-0.5423821066507405
path,-2.5430016588527695,-0.541348109651718
path,-2.5408181653802124,-0.5403159227349152
path,-2.5386351049294533,-0.5392825722858942
path,-2.5364524717463413,-0.5382480503811538
path,-2.534270261247778,-0.5372123500325188
path,-2.5321435094225753,-0.5361988502374432
path,-2.5300210720306873,-0.5351891156283006
path,-2.527944812708314,-0.5341615962124054
path,-2.5258869985525974,-0.5331295281071058
path,-2.5238117330748286,-0.5321215780504431
path,-2.521767690850511,-0.5311139521362506
path,-2.5197223073141326,-0.5301183943121253
path,-2.5176710791395043,-0.5291302866917348
path,-2.5156199987696177,-0.5281408683882113
path,-2.513569066819469,-0.5271501384625914
path,-2.5115498586860916,-0.5261540730569472
path,-2.509527658345354,-0.5251721609194804
path,-2.5075044944216316,-0.5241908400731614
path,-2.505481472213096,-0.5232082301868473
path,-2.503458596994279,-0.5222243333710191
path,-2.5013763683459076,-0.5211705121941921
path,-2.4991794205828266,-0.5200655388426474
path,-2.4968686972935417,-0.5189342095139762
path,-2.4944665913164097,-0.5177539910436268
path,-2.4920267542075,-0.5165591972837639
path,-2.489643412512935,-0.5153350574431638
path,-2.4872402761684547,-0.5141295779023165
path,-2.484811441089941,-0.5129337516155902
path,-2.4823819819582136,-0.5117289807689971
path,-2.4799287283160547,-0.5105326406194615
path,-2.477540943247645,-0.5093133045063076
path,-2.4751992646881513,-0.5080767768985671
path,-2.4728765315152166,-0.5068424070041156
path,-2.4705483570168574,-0.5056186260690869
path,-2.4682068268544497,-0.5044045295862738
path,-2.4658953748640666,-0.5031997811139252
path,-2.4636395108435716,-0.5019687383903483
path,-2.461432103768703,-0.5007208357113978
path,-2.459265689608761,-0.4994747275044574
path,-2.457130448185995,-0.4982357390935481
path,-2.4550227165884815,-0.4970109182231119
path,-2.4529201844676742,-0.49574892848993396
path,-2.4508348807853495,-0.4943747327523403
path,-2.448767357040405,-0.49288889512204376
path,-2.446728488892032,-0.49131074378321654
path,-2.44472321033798,-0.489657534812564
path,-2.4427527176925903,-0.48792350733848666
path,-2.440816959891525,-0.48610892533374084
path,-2.438915891319984,-0.4842140154289299
path,-2.4370495323416264,-0.4822394961776247
path,-2.435223949253908,-0.48025715258090135
path,-2.433440303430398,-0.47825997572802614
path,-2.431698496624256,-0.476248044803553
path,-2.4299984020407788,-0.4742215407854331
path,-2.428340088209978,-0.47218065680536736
path,-2.426733004008921,-0.47014324391575035
path,-2.4252037030806943,-0.4681142441181415
path,-2.4237294645922614,-0.4661019616935792
path,-2.4222826510523285,-0.464117322231169
path,-2.4208515674540414,-0.46215372145993244
path,-2.4194335416321806,-0.46021135382873196
path,-2.4180285446866514,-0.4582884807137327
path,-2.4166418471841116,-0.45637716749529067
path,-2.415348053255567,-0.4544982485208161
path,-2.414138870524024,-0.45273051463791986
path,-2.412752922847246,-0.45092371387306474
path,-2.4112687332965166,-0.4491382707409145
path,-2.4097082116903668,-0.44739216704570184
path,-2.4081012787423433,-0.4457216631997859
path,-2.406579156615157,-0.44428815229237456
path,-2.405069542602,-0.4430064762817736
path,-2.403474136242246,-0.4417498701419947
path,-2.40180040868292,-0.44051327505694016
path,-2.400049363907738,-0.4392947586132318
path,-2.3982210066319967,-0.438094324216143
path,-2.3963201883012974,-0.43691554817564304
path,-2.394342134882871,-0.4357547674530752
path,-2.392286858745041,-0.43461188080202096
path,-2.390154235821624,-0.4334821800604987
path,-2.3879779901879625,-0.4322828442171739
path,-2.3857905344896753,-0.4309929544248332
path,-2.383582585673374,-0.4296054587453133
path,-2.3813544381994487,-0.4281213324219158
path,-2.3791114092598504,-0.42655704045548526
path,-2.376855908619927,-0.42491758958760967
path,-2.374781171327305,-0.42341204481587513
path,-2.3727641440648686,-0.4219126451451434
path,-2.370757083840885,-0.4203884945229595
path,-2.368748947639961,-0.41883200014368377
path,-2.3667407046585365,-0.41724457933824244
path,-2.3647739044783536,-0.4156512359424896
path,-2.362822586299557,-0.41404876153727527
path,-2.3610132016986087,-0.4126450046183646
path,-2.359326671861745,-0.4114948990393749
path,-2.3577613570957396,-0.41059370838204906
path,-2.3562952906251384,-0.4098906503067639
path,-2.3548471179679398,-0.40925633992109917
path,-2.353342899244572,-0.40865208053293584
path,-2.351758269659523,-0.408062273490638
path,-2.3500933448847925,-0.4074869361343827
path,-2.348352134069478,-0.4069285708999409
path,-2.346535171246527,-0.40634648097817905
path,-2.344654049168037,-0.405722426311575
path,-2.342708927325707,-0.40505646789221084
path,-2.3407068366583834,-0.4043474673653221
path,-2.33864351648868,-0.40357920719856505
path,-2.336555092032099,-0.40276351866738785
path,-2.334475160755989,-0.40189757365699963
path,-2.3324036024910715,-0.40097995661308994
path,-2.330340363953293,-0.40000908195930557
path,-2.328321635316085,-0.3989875252383381
path,-2.3264092420911058,-0.3978994753484558
path,-2.324517154785241,-0.396796670614693
path,-2.322611498512081,-0.39568839879749074
path,-2.3206924125674604,-0.3945751243953353
path,-2.318801366130214,-0.39345623095507354
path,-2.316898342148726,-0.3923408072964255
path,-2.3149847191487427,-0.39124094320143465
path,-2.3130603799570455,-0.3901568345460786
path,-2.311103041875183,-0.389066449034538
path,-2.3091295725819236,-0.3879484966374411
path,-2.3071612054163086,-0.38679828347789885
path,-2.3051976608236298,-0.38561649037799384
path,-2.303237936742146,-0.3844152911648343
path,-2.3012812772647435,-0.383203613872029
path,-2.2992017230110156,-0.3818917218240096
path,-2.297057520566566,-0.38052674857459867
path,-2.2948519263870395,-0.3791180916499416
path,-2.292589278388449,-0.377680412384591
path,-2.290269409788727,-0.37621375598347606
path,-2.287941259225916,-0.3747270332458163
path,-2.285614755209689,-0.37323274130332207
path,-2.2832895131659843,-0.3717346395663371
path,-2.2809931395086376,-0.37025894513245405
path,-2.278717760466675,-0.3688301629698871
path,-2.2764807408569268,-0.3674583464787755
path,-2.274234238873028,-0.3661161476572717
path,-2.271978177663061,-0.3648036771600812
path,-2.2697124860763758,-0.3635210787412233
path,-2.2674370821406473,-0.3622685177414143
path,-2.265210193827903,-0.361080497826324
path,-2.262951253417437,-0.3599012415067145
path,-2.26066362903576,-0.358707821302513
path,-2.2583744530654175,-0.3575176827736012
path,-2.256083456986304,-0.3563320319401501
path,-2.2538585457197,-0.3551907159669321
path,-2.251629965387621,-0.3541960455106057
path,-2.249492672294734,-0.3532020069201129
path,-2.2474212865539562,-0.3522034775894236
path,-2.2453567761295914,-0.3512500792729842
path,-2.243471579626331,-0.3503461525600719
path,-2.241608356652689,-0.34945596765982784
path,-2.239750292037942,-0.34860590168714495
path,-2.2378987735604357,-0.3478099170817903
path,-2.2360518090362693,-0.3470539922919572
path,-2.234255394843914,-0.3463389515338489
path,-2.2324626289542286,-0.34566322933981314
path,-2.230763127022305,-0.3450464869111544
path,-2.2292283904311327,-0.34447668382913305
path,-2.2278970197162393,-0.34388223605187873
path,-2.226771788982439,-0.34318799318598586
path,-2.225713341205168,-0.3424150981925735
path,-2.2246591471697132,-0.34153529852720277
path,-2.2236119374460075,-0.3405441169214467
path,-2.2225847507212606,-0.339456739612125
path,-2.2215967008998576,-0.3382901926132885
path,-2.220624381328488,-0.3371071068622887
path,-2.219652937402045,-0.3359232318034371
path,-2.2186828433521977,-0.3347395357133691
path,-2.217712177551937,-0.3335554822681744
path,-2.2166582329223172,-0.3322677798278913
path,-2.2155972156499866,-0.3308991285789502
path,-2.2145373163067648,-0.3295261531784207
path,-2.213482112661552,-0.3281509934199306
path,-2.2124216779381034,-0.32677418128246516
path,-2.2113605650009265,-0.32540285847570144
path,-2.2102979483533205,-0.32403039913690207
path,-2.2092302559964745,-0.32265742490550253
path,-2.20815753731723,-0.32128407710632695
path,-2.2070798301110877,-0.3199103677843999
path,-2.2060037283297786,-0.3185439346023029
path,-2.2049208629061408,-0.3171776127731974
path,-2.2038364095637952,-0.3158131534911056
path,-2.202752404618418,-0.3144463622122815
path,-2.201663576597842,-0.3130790972547092
path,-2.2005757742642933,-0.3117169705359387
path,-2.1994871273939136,-0.31035502406924353
path,-2.198393834436806,-0.3089919474405981
path,-2.197297331910881,-0.30762915239249655
path,-2.1962014815524182,-0.3062677166493881
path,-2.195040574449365,-0.30480929585952843
path,-2.193878904525403,-0.30329448418033633
path,-2.1927126098546776,-0.3017783135512497
path,-2.1915418765570047,-0.3002617318560683
path,-2.1903682135329605,-0.29874531624846973
path,-2.1891967285630525,-0.2972332219459749
path,-2.188027628464157,-0.2957211823618852
path,-2.186858010246813,-0.294206968821336
path,-2.1856841615384046,-0.29269221571720483
path,-2.1845137297022204,-0.29117936612062084
path,-2.18334493340548,-0.28966884609962246
path,-2.182177297547286,-0.28815622635245414
path,-2.1810055965222164,-0.2866430627331713
path,-2.179829882474686,-0.2851295136641246
path,-2.178656525607066,-0.2836176282379157
path,-2.177485301267951,-0.28210910010299334
path,-2.176312826433178,-0.28060086622339736
path,-2.1751366844891566,-0.27909151868749305
path,-2.173960114520613,-0.2775840189847265
path,-2.1727851557658315,-0.27607410141631195
path,-2.171611780556194,-0.27456694331881054
path,-2.1704207702958054,-0.273056733524672
path,-2.1692068518298884,-0.2715459102519837
path,-2.1679855944149913,-0.27003518581565
path,-2.166764777526836,-0.26852528829622846
path,-2.1655473345272562,-0.2670194613850591
path,-2.1643317399544943,-0.26551359419380083
path,-2.163114814800729,-0.2640068906487625
path,-2.1618998937198093,-0.26250062953202263
path,-2.1606831261924855,-0.2609936203483214
path,-2.159471554862624,-0.2594903143907575
path,-2.158260889544084,-0.2579873656162604
path,-2.157048443944447,-0.2564836597481007
path,-2.155838341446019,-0.2549800419118609
path,-2.1546268350230426,-0.25347560154960963
path,-2.15342142834989,-0.2519772560294277
path,-2.1522139536351963,-0.2504785170208426
path,-2.151009368563235,-0.24898066114674927
path,-2.1498044697772687,-0.24748152035571677
path,-2.148600988409708,-0.24598296539962916
path,-2.147400912652406,-0.24448757402882712
path,-2.1461980198537765,-0.2429914694629051
path,-2.14499870631812,-0.24149625997148397
path,-2.143791087827114,-0.24002224096369387
path,-2.1425543631965374,-0.23871954086440111
path,-2.1411062682272646,-0.2376061604172792
path,-2.139497282384293,-0.2365536858661208
path,-2.1378748185330623,-0.23536385458801715
path,-2.1360991700145977,-0.23426068689736815
path,-2.1341941915328375,-0.23310969298778184
path,-2.132165373594839,-0.2319031315217716
path,-2.12999816909302,-0.23064266625457203
path,-2.1277099421681216,-0.22932543876276418
path,-2.1252874498816348,-0.22795357855356788
path,-2.1227337119562955,-0.22652604176518681
path,-2.1201383478932074,-0.22504981107993632
path,-2.117542583385379,-0.223561901152369
path,-2.1149481988407905,-0.22208612366980163
path,-2.1123498623903743,-0.2206011858856705
path,-2.1097510808749487,-0.21911929177131936
path,-2.10720594159878,-0.21766020050136042
path,-2.1046639693103653,-0.21622233367592517
path,-2.1021177721941844,-0.2147729137524645
path,-2.0995720239107256,-0.2133300817837032
path,-2.097025673843231,-0.2118923205438008
path,-2.094735302010499,-0.2105046229062933
path,-2.092570023003912,-0.2091319824007008
path,-2.0904057118778376,-0.2077866968900298
path,-2.088243080151186,-0.20649703353830837
path,-2.086081929620386,-0.20525627544710826
path,-2.0839669744115468,-0.20404698885686967
path,-2.0818532673588654,-0.20285984772315235
path,-2.0797390649956937,-0.2016773172079344
path,-2.077623271062842,-0.20049347285974273
path,-2.075506143952699,-0.19930531420989558
path,-2.0734270513392024,-0.1981376746188984
path,-2.0713488232838615,-0.19698423802510506
path,-2.0692667239054527,-0.19581586232110296
path,-2.0671864763022563,-0.19466162961100497
path,-2.065103608909711,-0.19349830799447812
path,-2.0630739825944335,-0.1923525593164738
path,-2.061044190196693,-0.191225194061156
path,-2.059013969933065,-0.19009963867294705
path,-2.0569832055082733,-0.1889752299791152
path,-2.0549505782912543,-0.18784828562920422
path,-2.052824507811046,-0.18667969781043325
path,-2.0506908795175542,-0.18549787681931834
path,-2.0485580439100537,-0.1843214165658747
path,-2.046425086001834,-0.18314992679702843
path,-2.0442893796542903,-0.18196823825381414
path,-2.0422062995004735,-0.18081230685488311
path,-2.0401253991573056,-0.17967568675252896
path,-2.038040759429073,-0.17852089778631605
path,-2.035957264116543,-0.1773789962012761
path,-2.0338732563619013,-0.17623907570692723
path,-2.0318396334265896,-0.17511397672443876
path,-2.0298055755710065,-0.17400238574901825
path,-2.0277724320619854,-0.17290004739932385
path,-2.0257365195874093,-0.1717892933672839
path,-2.0236920299857646,-0.17066318726126578
path,-2.021642560616219,-0.1695796230644521
path,-2.019609535899558,-0.16850947464169738
path,-2.0175773732093543,-0.1674388477346114
path,-2.0155460792596345,-0.16636773534243995
path,-2.013515660261237,-0.16529613122822068
path,-2.011238050063243,-0.16410021026599167
path,-2.008914479632282,-0.16287155862469685
path,-2.0065920895640055,-0.16164222730391925
path,-2.0042708851719278,-0.16041221290938862
path,-2.0019508714674172,-0.15918151251134557
path,-1.9996870386236871,-0.15797696273334016
path,-1.9974264326816782,-0.1567754486659432
path,-1.9951669541215433,-0.1555732470235933
path,-1.9929086085201342,-0.15437035909672822
path,-1.9906514011110785,-0.15316678618330082
path,-1.9884343511359808,-0.15198245984326236
path,-1.9862192052365495,-0.15079888636452513
path,-1.9840051638408,-0.14961464417540646
path,-1.9817922316330467,-0.14842973561381473
path,-1.9795804130296586,-0.14724416291847964
path,-1.9774197663679287,-0.1460803761357301
path,-1.9752638104566629,-0.14492141881689835
path,-1.973108994934739,-0.14376195944533451
path,-1.9709553164853728,-0.14260198799953933
path,-1.9688027722759187,-0.14144149553100613
path,-1.9668562049097094,-0.14034296627106765
path,-1.964968106568387,-0.13932333115796683
path,-1.9630808703743288,-0.13830326832297182
path,-1.961194495825614,-0.13728277417335322
path,-1.9593089826138412,-0.1362618456278105
path,-1.9574416862661534,-0.13524987818274453
path,-1.9555752469957277,-0.1342374955667912
path,-1.9537096536519816,-0.13322468047257366
path,-1.951844906397256,-0.13221143108639935
path,-1.9499810055056315,-0.1311977458301452
path,-1.9481512634390759,-0.13020110425495626
path,-1.9463229115373606,-0.12920506884956398
path,-1.9444953718679663,-0.1282086016121513
path,-1.942668645370629,-0.12721170249511926
path,-1.9408427329999463,-0.1262143715278699
path,-1.9390315643311329,-0.1252242187082193
path,-1.9372212083193179,-0.12423365315403685
path,-1.9354116569304107,-0.1232426628546037
path,-1.9336029111419066,-0.1222512480644664
path,-1.9317949719403589,-0.12125940908494931
path,-1.9296041544528117,-0.12001070429599757
path,-1.9271453396007245,-0.1186590613529412
path,-1.9246880260657862,-0.11730663241961238
path,-1.9222321203633643,-0.11595273191794525
path,-1.9197811766999102,-0.11460283783442195
path,-1.917384506855595,-0.11329219610054111
path,-1.915001634387643,-0.1119919111501557
path,-1.9126276490554621,-0.11070027436623787
path,-1.9102629738633055,-0.10941666613349048
path,-1.9079085458383989,-0.10814001102750659
path,-1.9056260713822943,-0.10687540957128623
path,-1.903349116834615,-0.10563822244404218
path,-1.9010737043968895,-0.10439945676500961
path,-1.8987998278725902,-0.10315910980955208
path,-1.8965274818871645,-0.10191717946149167
path,-1.8942964713504398,-0.10069321187165572
path,-1.8920690835170215,-0.09947125527441339
path,-1.889843141346193,-0.09824775179734874
path,-1.8876186438290685,-0.09702270266694608
path,-1.8853955897500623,-0.09579610872849063
path,-1.882939153920937,-0.09441013310046406
path,-1.880390284219266,-0.09299798003258417
path,-1.8778433096899267,-0.09158379329515715
path,-1.8752982311917408,-0.09016757558299067
path,-1.8727550490717528,-0.08874932896266047
path,-1.8702756206578486,-0.08735136899670458
path,-1.867804345875781,-0.08596708607876967
path,-1.865334918062918,-0.08458094029938423
path,-1.8628673338867763,-0.08319292959693969
path,-1.8604015905449167,-0.08180305238915331
path,-1.8579722310355096,-0.08042945648158988
path,-1.8555463351022368,-0.07905644387502063
path,-1.8531222074848974,-0.077681603429075
path,-1.8506998485457191,-0.07630493652003043
path,-1.8482792583799894,-0.07492644421643604
path,-1.8459323823244953,-0.07355926994639436
path,-1.8435921130443593,-0.07222121968439053
path,-1.8412535510366448,-0.07088148588783884
path,-1.8389166924660267,-0.06954006803415627
path,-1.8365815340647988,-0.0681969659581331
path,-1.8341328874210923,-0.06678137512058448
path,-1.831674202892617,-0.06536141744342559
path,-1.8292173982728452,-0.06393958720939485
path,-1.8267624702943075,-0.06251588348559156
path,-1.8243094197386953,-0.061090309472843704
path,-1.8219346227183213,-0.05968788383084975
path,-1.8195704101718355,-0.058308247910380175
path,-1.817207965866633,-0.05692689739831371
path,-1.814847287824576,-0.05554383181141394
path,-1.8124883750302239,-0.054159051609758764
path,-1.8102024652235802,-0.05279768125829941
path,-1.8079261289337125,-0.05145602236062249
path,-1.8056514677690179,-0.050112796441498506
path,-1.8033784783830762,-0.048768001012493685
path,-1.8011071579139204,-0.047421634059118555
path,-1.7988719925705505,-0.04609277998140687
path,-1.7966401643176955,-0.04476490958077593
path,-1.7944099328323404,-0.04343549961567659
path,-1.792181297797506,-0.04210455055522671
path,-1.789954259068738,-0.040772063039379566
path,-1.7878200362624286,-0.03945958132309814
path,-1.7856936171289783,-0.038182822932232845
path,-1.7835686886604725,-0.03690466826181213
path,-1.7814452474771,-0.03562511654212835
path,-1.7793232925661342,-0.03434416970470517
path,-1.7772325716623958,-0.03307894281242629
path,-1.7751445381367217,-0.031814059810116396
path,-1.7730579334212995,-0.03054781369184099
path,-1.7709727579737031,-0.029280207101093903
path,-1.7688890117347285,-0.02801124196046276
path,-1.7668445791606477,-0.026757795891127773
path,-1.7648045639943106,-0.0255107608185556
path,-1.7627659972607899,-0.024262509270418633
path,-1.7607288723648518,-0.02301303557723804
path,-1.7586931834588921,-0.021762334783992598
path,-1.756695683930158,-0.0205311350831745
path,-1.7547015126310792,-0.01930193773072538
path,-1.7527086956347573,-0.01807153285563819
path,-1.750717230237356,-0.016839918516659298
path,-1.7487271147572,-0.015607093857210286
path,-1.7468301349911777,-0.014395686990088634
path,-1.7449408846878385,-0.013221753513843358
path,-1.7430528779096324,-0.01204672931231854
path,-1.7411661116392059,-0.010870613891194418
path,-1.7392805816857466,-0.009693405652962693
path,-1.7374273467327752,-0.008533495381828262
path,-1.7355767035892569,-0.00737451330979701
path,-1.7337272380834365,-0.00621446439516053
path,-1.7318789493729374,-0.005053349840379799
path,-1.7300318371043595,-0.003891171235126762
path,-1.728205093910254,-0.0027398336605627413
path,-1.72637994885097,-0.0015879571445740022
path,-1.724555951744438,-0.0004350398695809444
path,-1.7227331027948296,0.0007189164880038426
path,-1.7209114025794123,0.0018739099219587884
path,-1.7191161327363524,0.0030187574984055555
path,-1.7173234521583152,0.00415925749286506
path,-1.7155319729489689,0.0053006607175547235
path,-1.713741687469089,0.006442974726750446
path,-1.7119525888883156,0.007586206232861945
path,-1.709976946204731,0.009117211541754796
path,-1.7076164866063837,0.010882754550945863
path,-1.7048860533811543,0.012716399795816138
path,-1.7019858196727164,0.014583000630986788
path,-1.6990885871019448,0.016452164955497027
path,-1.6960249216934276,0.018637128661951583
path,-1.6926179210657049,0.020953779470463334
path,-1.6889918943641289,0.023313063167212128
path,-1.6853672938412843,0.025676967210042537
path,-1.681747430377217,0.028044912539001036
path,-1.6782545238204039,0.030399917717850035
path,-1.6747901427096874,0.03268811236819151
path,-1.6713293220913878,0.03497208239683272
path,-1.6678729494699531,0.03725967042966808
path,-1.6644210225750509,0.03955087413476637
path,-1.6611012785865682,0.041836270444988506
path,-1.6578045341945522,0.04405745006070437
path,-1.6545096535931691,0.046262354771061436
path,-1.6512188597115696,0.048470574721839514
path,-1.6479321522739574,0.05068210436483538
path,-1.6447398379096565,0.05287150748127158
path,-1.6415610531597589,0.055021853067325106
path,-1.6383861036934533,0.05717529894600245
path,-1.6352149924193422,0.059331838153602975
path,-1.6320477207461412,0.061491464810553446
path,-1.6289769493058157,0.06363621475589311
path,-1.6259196880113127,0.06573306543065448
path,-1.6228659986926548,0.06783172897873563
path,-1.6197206813582021,0.07007064464516188
path,-1.6165177119465264,0.07236961405938588
path,-1.6133901037105254,0.07463130315257213
path,-1.6102702665196253,0.0768837322480739
path,-1.6071488521958157,0.07914645844192678
path,-1.6040625696548036,0.08137944674020584
path,-1.6009938107416715,0.08359258562841572
path,-1.598020629107343,0.0857530556108171
path,-1.5950570587034394,0.08790152474547071
path,-1.5920968180852981,0.09005330652975531
path,-1.5891399106057422,0.09220839769811968
path,-1.5861863397928968,0.09436679478182221
path,-1.5834289784661912,0.09645553133760315
path,-1.5807459514792699,0.09842740780992984
path,-1.5780656453151005,0.10040089923987111
path,-1.5753881541928199,0.10237707134218578
path,-1.5727134774531744,0.10435592540462202
path,-1.5701191741140106,0.10631545869243803
path,-1.56752984558365,0.10824118155860535
path,-1.56494030330436,0.1101721041293303
path,-1.5623528192359817,0.11210638173368967
path,-1.5597760160588967,0.11403656627904532
path,-1.5572870098973313,0.1159948365483452
path,-1.5548226306852024,0.11812434812036553
path,-1.5523669395078656,0.12031967065859593
path,-1.5499178090693089,0.12250065322755664
path,-1.547471353984236,0.12460274391028386
path,-1.5450575888100913,0.12658953402477938
path,-1.5426509039743395,0.12853327310064597
path,-1.5402503106107504,0.13041918104582692
path,-1.5378555580723643,0.13222735024992333
path,-1.5354648501005252,0.13401649775612784
path,-1.5329064751763217,0.1360428494513393
path,-1.5301277007542915,0.13813614905848054
path,-1.5273454351337932,0.14023316787675355
path,-1.524566061728012,0.14233328674103374
path,-1.5217895853918222,0.14443650205563055
path,-1.5190643865213806,0.14651362500303564
path,-1.5163453631707973,0.14858396384387407
path,-1.5136292099484927,0.1506571854108943
path,-1.5108923662160998,0.15275025460573563
path,-1.508134685109676,0.15486317332536875
path,-1.5054489430535136,0.15693065190010427
path,-1.5027687159234604,0.15899351413681692
path,-1.5000910271585526,0.1610591407739626
path,-1.4974158797740635,0.1631275303399393
path,-1.4947432768811026,0.16519868124407383
path,-1.4921153898299213,0.16725074534700943
path,-1.4894901422850726,0.16929845772944657
path,-1.4868668159402711,0.17141332384349678
path,-1.4841920198020289,0.17348618717312536
path,-1.4814824850601402,0.17557849363328049
path,-1.477989208950928,0.17784199777325285
path,-1.473721274172263,0.1806382415492802
path,-1.469138052452333,0.18378429574632163
path,-1.4642485325357741,0.18727731437687117
path,-1.4590533519682174,0.1911168306050304
path,-1.4534997781804393,0.19525479418619343
path,-1.4476415065898012,0.1997361673624942
path,-1.4414830114729944,0.2045638821161556
path,-1.4350826707042654,0.20967784269747622
path,-1.4286732719989022,0.21483503677042567
path,-1.4224665222362387,0.2199290011500579
path,-1.4163914493509977,0.22488389633458825
path,-1.4103285311130487,0.2298457174382447
path,-1.4042801921859502,0.23482285576740175
path,-1.3982464643722474,0.23981527065062028
path,-1.3919630885049619,0.24491817631451612
path,-1.3853807306214219,0.25034538309867643
path,-1.3785281319081961,0.25612224005783624
path,-1.371562141823077,0.2620614638245428
path,-1.3646166198027274,0.26802139848417417
path,-1.3573971583672881,0.27407849893544406
path,-1.3498732530946438,0.2804658211473096
path,-1.3420642130156926,0.28720456610803635
path,-1.3339712549797944,0.29429492377775185
path,-1.3256260797142114,0.3017057665519992
path,-1.3174755632237936,0.3091081804125058
path,-1.3095991594846499,0.31631100925452343
path,-1.3019083977480275,0.3233281272786245
path,-1.2942605194403998,0.33033300744876665
path,-1.2866401495226132,0.33736353487283927
path,-1.279243655520269,0.3443194008177612
path,-1.2721128632374454,0.35107729620144495
path,-1.2651192017054824,0.357677058091049
path,-1.2581521645142586,0.36428514667544526
path,-1.251217656915095,0.37097444457709106
path,-1.244050992848402,0.37779026984065023
path,-1.236602894367896,0.38490891021945695
path,-1.2289116138858431,0.392324338867935
path,-1.2210225886472792,0.39999214990493376
path,-1.2129431817336211,0.4079054934562384
path,-1.2048460898730535,0.4159103551194036
path,-1.1967447734970056,0.42392382939011813
path,-1.1887705886481537,0.43163594566606034
path,-1.1809153076218841,0.43889295791421673
path,-1.1731187967254766,0.44579541217082386
path,-1.1654018629266245,0.45307649438442615
path,-1.1577484052287819,0.4609203285835316
path,-1.1502129077066845,0.4686917989906331
path,-1.1427637757214306,0.4761242558261041
path,-1.1353765936258722,0.48337584465608985
path,-1.1287529687349342,0.49079404913204544
path,-1.1224905446813482,0.4981552149755446
path,-1.1165154389902479,0.5053360823294314
path,-1.110794861984522,0.5123660873899506
path,-1.1053409132329615,0.519255410928704
path,-1.1002772796895517,0.5255408220045094
path,-1.0956792016166863,0.5308122283416227
path,-1.0915624288620094,0.5353278927784899
path,-1.0876854610648938,0.5396750382257294
path,-1.084056429813606,0.5439020878576245
path,-1.080745776329209,0.5475393780595641
path,-1.0778543471166369,0.5503140516641077
path,-1.0753507280358587,0.5528133828645165
path,-1.0731244274464913,0.5551103674719302
path,-1.071206198593284,0.5570803625849555
path,-1.069461483929142,0.5587316669613874
path,-1.0678374819059577,0.5600504328553622
path,-1.066333441165577,0.5610457342306328
path,-1.0649490604832093,0.5617152760090254
path,-1.063684690254664,0.562057422833937
path,-1.0620347994927881,0.5627974273407571
path,-1.0597003649708128,0.5639858187378183
path,-1.0570439063992716,0.5654182462580595
path,-1.05461968857658,0.5670436582243401
path,-1.052200553304291,0.5686624917919527
path,-1.049672495189859,0.5704189025960087
path,-1.0471462211189237,0.5721626180534737
path,-1.0446120986885137,0.573908627658069
path,-1.0420733865603955,0.575667205796291
path,-1.0395301946956816,0.5774312710774046
path,-1.036902299998709,0.5793285622318426
path,-1.033163322995205,0.5817398682700808
path,-1.0281293188807934,0.5849563794599574
path,-1.0223480348265797,0.5891453669992096
path,-1.0161183855483635,0.5938501961054261
path,-1.0097265438661174,0.5986036156389977
path,-1.0031929513503037,0.6034256753456887
path,-0.9965063374547766,0.608292172119431
path,-0.9896990874581776,0.6132382379033343
path,-0.9827542853385464,0.6181883687754424
path,-0.9760311311848442,0.6229435127122632
path,-0.9692884391724912,0.6275208814091713
path,-0.9624731624313583,0.6319639606857725
path,-0.9555290941978066,0.6363109771689153
path,-0.9484705956290659,0.6405749877488546
path,-0.9412983362733861,0.6447790706080639
path,-0.9340225172424558,0.6489555388938801
path,-0.9267276097151959,0.6531309606226462
path,-0.9194242056283135,0.6573091686699312
path,-0.9121131097272424,0.661491451248519
path,-0.905122908235344,0.6657340092812957
path,-0.8986749677752676,0.6700469665585205
path,-0.8926432780709304,0.6743778848546704
path,-0.88682057100615,0.6785163108937932
path,-0.8811777606529603,0.6824135635966988
path,-0.8754279764000182,0.6859384333425497
path,-0.8697131241393646,0.6891623322191059
path,-0.864142548158148,0.6921481602298962
path,-0.8587158054361971,0.6948939341617977
path,-0.8534283017561439,0.6973979371401047
path,-0.8477336727038985,0.6996869725353737
path,-0.8416987475413059,0.7019011534168953
path,-0.8354873518170265,0.7041485489151663
path,-0.8291894333788387,0.7064480806396548
path,-0.822875628660073,0.7088078544913939
path,-0.8162703011743425,0.7110535651175431
path,-0.8094185524017572,0.7133191890348038
path,-0.8024926213464041,0.7156457198905086
path,-0.7955276740249397,0.7180359022071832
path,-0.788541996007723,0.7203886354110547
path,-0.7812602439579239,0.7226298479188888
path,-0.773730042859425,0.7249045804360547
path,-0.7661207689758297,0.7272469392092135
path,-0.7584893839502259,0.7295041028194902
path,-0.7508645610204283,0.7316383600267675
path,-0.7435591658434503,0.733748261585813
path,-0.7364275850091946,0.7356194761904072
path,-0.7293457637204003,0.7373167974657331
path,-0.7222641737781895,0.738905009224902
path,-0.7151440915325018,0.7404415036759271
path,-0.70749746652406,0.7421389581561144
path,-0.6996813962585329,0.7439117243495956
path,-0.6918122097410773,0.7456450185947555
path,-0.6838891176328955,0.7473382813494185
path,-0.675911357035907,0.7489910022719694
path,-0.6678879616853745,0.750590372827716
path,-0.6598514599080021,0.7521485727081026
path,-0.65181448641915,0.7536945614220356
path,-0.6437739868478377,0.7552299066477044
path,-0.6357281745184893,0.7567559023820984
path,-0.627660779235878,0.7582596947997117
path,-0.619605567768356,0.7597641788768126
path,-0.6115491673573095,0.761285893424798
path,-0.6034898909736269,0.7628215694404482
path,-0.5954238515257695,0.7643741248830515
path,-0.587321190996081,0.7659245560670215
path,-0.5792903626039342,0.7675406020345968
path,-0.5712994863690721,0.7692451381328489
path,-0.5633114683203184,0.7711945679714093
path,-0.5557212760929101,0.7734601148111119
path,-0.5481033815686183,0.775795606408403
path,-0.5405771353779473,0.7779355929509701
path,-0.5332044261149281,0.7799709115479546
path,-0.5258741190665356,0.7820664067058886
path,-0.5185667312962163,0.7842528604087105
path,-0.5115375475697277,0.7864025105739347
path,-0.5051359514487982,0.7886564757044211
path,-0.49932780659478493,0.791137196691341
path,-0.4937707381682363,0.7934790173199209
path,-0.48842571180825395,0.7956562229992112
path,-0.48223822209910794,0.7981545827637758
path,-0.475404415582674,0.8008472626587395
path,-0.4685010385283448,0.8036619376172182
path,-0.4615701029351265,0.8065348905213175
path,-0.4547773716624459,0.8092972649024321
path,-0.44761178941070806,0.8124931912733474
path,-0.44030960232791005,0.8158072408594592
path,-0.4330237373708589,0.8192616600968246
path,-0.4261598817053664,0.8227631213076223
path,-0.4197020634512454,0.8263014155839943
path,-0.4138014266588263,0.8299319320537044
path,-0.4082343637080612,0.8333246189991249
path,-0.4029334570595158,0.8364500900537323
path,-0.3978355074174411,0.8392443088973047
path,-0.3928047919603058,0.8419128499032363
path,-0.387342718295098,0.8450964979918847
path,-0.3819533858698024,0.8487171948118235
path,-0.3770632550909421,0.8523466435348213
path,-0.37235816538927713,0.8560600943985843
path,-0.36771068984376004,0.8598475112019065
path,-0.36326193998858797,0.8635929645821192
path,-0.35894519697119215,0.8673238141973378
path,-0.35471071640925467,0.8711193539704402
path,-0.3505627348837325,0.8749800198588847
path,-0.3465059579001135,0.8789041679499817
path,-0.3427747382326842,0.8827976738179784
path,-0.33935868122927026,0.8864044161897798
path,-0.3362124536779521,0.8898153752109754
path,-0.33319231262138943,0.8932504321343742
path,-0.3302921170176109,0.8967209193892859
path,-0.32716086334075817,0.90043905324128
path,-0.3231259284909141,0.9045433157649485
path,-0.31920513405059114,0.9082395480808543
path,-0.31526001035504286,0.9117152200343538
path,-0.3106115712622299,0.9163116858045173
path,-0.3051793172417566,0.9219971392328677
path,-0.298824890368136,0.9284187446907987
path,-0.2923402275339232,0.9351400292479962
path,-0.28569231438793624,0.9420633969429112
path,-0.27885310108935224,0.9491568541156147
path,-0.2718018713294491,0.9564186550009984
path,-0.264580971061031,0.9638716237370324
path,-0.25723948507470307,0.9715172190967561
path,-0.24973151744956013,0.9793474385088938
path,-0.24207734181515925,0.9873755074987758
path,-0.23454190171518502,0.9953042893813673
path,-0.2271257309252553,1.0031021693183595
path,-0.2196277814960762,1.0110940252690215
path,-0.2120374470662883,1.0192941055513527
path,-0.2042327885812855,1.0276659824920136
path,-0.1965204823604512,1.0359285458440959
path,-0.1890590998009973,1.0439377476486866
path,-0.18153830554778053,1.0521030927762236
path,-0.1739108471523399,1.0604787521298016
path,-0.16610903654582357,1.0690360752165893
path,-0.1583580617403342,1.0774752604536653
path,-0.1510022791479322,1.085561007008708
path,-0.1439019398385974,1.09327970684774
path,-0.13703615854577664,1.1006807286142184
path,-0.13059406895864917,1.10794331338952
path,-0.1244841942370556,1.115297391986852
path,-0.11828287978725179,1.1225725964565754
path,-0.11242108813052064,1.1296942571066344
path,-0.10684530302993375,1.1366280541913385
path,-0.10151219937525931,1.1432937547438051
path,-0.09584358347607352,1.1503143121254988
path,-0.09003538778520669,1.157548533433289
path,-0.08442887488789132,1.164569081585148
path,-0.07905687711379863,1.1713028928387967
path,-0.07389348797916132,1.1777668314636462
path,-0.06811911958215497,1.184638754161006
path,-0.062248620913377906,1.1918176328714205
path,-0.056576403805108345,1.1987518936242865
path,-0.05113391247849928,1.2054297759571897
path,-0.04580960856523035,1.2118878341587405
path,-0.04001970829543649,1.2188749600082134
path,-0.03421484082526509,1.2259757154122422
path,-0.028612527168630716,1.2328100905719448
path,-0.02311384490560573,1.2394671845648426
path,-0.017651982072059456,1.24603328276324
path,-0.012193918594823355,1.2525405465149626
path,-0.006667307094327939,1.259021780185464
path,-0.0012017704846670695,1.265391012313478
path,0.004257189591729965,1.2717280005702762
path,0.009759696644595096,1.2780086575845984
path,0.015305832873526487,1.2842378827850403
path,0.020940794139590935,1.2904407068397834
path,0.026535156554227647,1.2965543378089375
path,0.03217151767815236,1.302618112611173
path,0.03786648607608815,1.3086249954174027
path,0.0441005597366302,1.315531622676693
path,0.05068709693257318,1.3230488226900288
path,0.05728718522616522,1.330586388438231
path,0.06388625075051883,1.3381122259811435
path,0.07048583749098021,1.3456297061540703
path,0.07722608309620223,1.3534454571505063
path,0.08408365609430435,1.3614216154867012
path,0.09113788591606901,1.3696305425201973
path,0.09825431296140649,1.378040397640637
path,0.10546772652017397,1.3866463609255488
path,0.11272789303717867,1.3951130396634
path,0.11967686216029401,1.4032387544641898
path,0.1266225811417955,1.4113573863749305
path,0.13368222523423887,1.4196524557281311
path,0.14092645001241388,1.4280964049249325
path,0.14819071013986748,1.436473480075888
path,0.1550605584558843,1.444442164631914
path,0.16147550024787577,1.4519807460033571
path,0.16783353473107807,1.4594534616270345
path,0.1743408088083338,1.4670510957349958
path,0.1807944111628161,1.474478177178382
path,0.18687522109231874,1.4815632373314231
path,0.19306065374715564,1.4887493106560352
path,0.19942217839615864,1.496090019382783
path,0.2059351807387583,1.5035523102224828
path,0.21259199579594612,1.5111279259670527
path,0.2193764803128424,1.518806929249652
path,0.22628069922566307,1.5265497562124979
path,0.23317658200134106,1.5344300074171153
path,0.24006886540526584,1.5423814709991088
path,0.24704550787671847,1.5504044697981065
path,0.2539412691274594,1.5584415203513373
path,0.26090453495142674,1.5665851422759884
path,0.2678819076932176,1.5747355633413929
path,0.27486019272020984,1.582892765577107
path,0.28210442265222113,1.5913906845498864
path,0.2895759056345859,1.600172728249515
path,0.2972042505348563,1.6091164793980473
path,0.3048364472235158,1.6180698910249374
path,0.3124536317507908,1.6270148250402634
path,0.32011407316993296,1.63578378881175
path,0.32737599397296596,1.6442270459147303
path,0.3344784538834101,1.652140175593349
path,0.34141564054111534,1.6595220070270187
path,0.3481423945868666,1.6664076096255391
path,0.35483983902291233,1.6733803636611144
path,0.3612860710816219,1.6803690278710472
path,0.36756099450668916,1.6871930487420346
path,0.3737297090066198,1.6939113005226036
path,0.37981682049097687,1.7005355063195184
path,0.38604149637207663,1.7075165386951108
path,0.39234399160936767,1.7144243174580283
path,0.3986330408626981,1.7210804010414147
path,0.4048423208700941,1.7275804910356036
path,0.41081419159862137,1.7340167291138429
path,0.41692423133204387,1.7408409979321804
path,0.42321956992910253,1.7477808157394883
path,0.42941708945524265,1.7542988968881599
path,0.43548607032595754,1.7605283271294432
path,0.44129248384491826,1.7666471288937757
path,0.44744590567622095,1.7732183991561252
path,0.4537352097516077,1.7797377651909105
path,0.45995277394291956,1.7858422831123724
path,0.4661035114213668,1.7916746748110903
path,0.4720849088974058,1.7973560162855309
path,0.47822656601975483,1.8035340486649707
path,0.48460892802265293,1.8098553120121483
path,0.4909187435493494,1.815864221121624
path,0.49703353470118095,1.8216476246263102
path,0.5029654719409137,1.827255476305314
path,0.5089874204059689,1.8331443738963862
path,0.5150015746942629,1.8388345270916129
path,0.5207975211542107,1.844252726194607
path,0.5263781566432354,1.8494564650799823
path,0.5318062849789348,1.854509786749876
path,0.5374459069573301,1.8599891013284817
path,0.5432771217990887,1.8655120651948958
path,0.5489542400436199,1.8706872627313709
path,0.554421420439268,1.8756376434528066
path,0.559983391510137,1.8808542362409228
path,0.5652490196412908,1.8862331348526902
path,0.5704696207861861,1.8915150349634609
path,0.5756774747165588,1.8967446805015198
path,0.5808834909724389,1.901944452865287
path,0.5860916601269639,1.907124213751233
path,0.5912018776887255,1.9121922811246093
path,0.5962718478758577,1.9171635979548094
path,0.6013479253556501,1.9221639429490167
path,0.6064315242595427,1.927167635185259
path,0.6115258492382009,1.9321839809199937
path,0.6172833771807197,1.9373048559265
path,0.6236953783887869,1.9425483926455764
path,0.630366623937114,1.9480998061782273
path,0.6372679537617145,1.9539398014376541
path,0.6443962751330553,1.960067833904973
path,0.6517542759643777,1.966469032931402
path,0.6593300732638648,1.9731164388539169
path,0.6671290756342882,1.979944744747324
path,0.675210096909092,1.9868661216027894
path,0.6838766409921387,1.993955162882091
path,0.6929622167581886,2.0012401227629257
path,0.7022325060625619,2.0086298582282285
path,0.7117124459727514,2.016063555728256
path,0.7212579984334534,2.0233542346219475
path,0.7307571785137766,2.030609331182452
path,0.7402228788766477,2.037839226743035
path,0.7496316645300046,2.0450178498108342
path,0.7591073246592014,2.052227065565066
path,0.7685618021215674,2.059418685938135
path,0.7779950726250456,2.066591973471905
path,0.7872718693335301,2.0737839103698708
path,0.7959961198611328,2.0805703211706104
path,0.8041943611670856,2.086894094542244
path,0.811882913941186,2.0927632906626563
path,0.819145264478068,2.098312817356414
path,0.826416239373964,2.103839756213811
path,0.8333651526187359,2.1091441680996823
path,0.8399227215274779,2.11418853429319
path,0.8461221039855064,2.118994664973778
path,0.8520479892739202,2.123630298511817
path,0.8584421064438065,2.12848495056382
path,0.8649851834189679,2.133491548723679
path,0.8714806739538643,2.13853462571384
path,0.8777197495592457,2.143416112770088
path,0.8837275357785517,2.148151792898299
path,0.890167855185483,2.1530304374366622
path,0.8967384674865707,2.1580474857364815
path,0.9032031409816602,2.1630310594370274
path,0.9093726553025528,2.1678818180154575
path,0.915288724695215,2.17264103729516
path,0.9209580515034675,2.177456031473661
path,0.9266707143417973,2.1823588591590104
path,0.9325588511678807,2.188113498879389
path,0.9387720449643041,2.194273359793533
path,0.9450053264607744,2.200522508641204
path,0.9512384045421075,2.206845582350508
path,0.9574605488828201,2.2132294958260377
path,0.9636801681291207,2.2197108000697114
path,0.9698793297932997,2.2262566633994227
path,0.9760514909773463,2.232861303077037
path,0.9821889969556316,2.2395127450474805
path,0.9882865797012707,2.246215849720029
path,0.9948042153735085,2.253075631607917
path,1.002564702094231,2.260328676029497
path,1.010898805595665,2.2680283901055556
path,1.0192697537926418,2.276033508864315
path,1.0269462980271127,2.2841716474715312
path,1.0343722509479187,2.292159930364891
path,1.0415808590155666,2.300017092365707
path,1.0485813124204733,2.307729288855331
path,1.0554363779383942,2.31518610251146
path,1.062158447077417,2.3225404361032203
path,1.0690588116450657,2.330136267286072
path,1.0761082621609688,2.337909771304347
path,1.083258639893208,2.3457994003094558
path,1.0904138773899337,2.353520645390327
path,1.0973909778441482,2.3610817290559987
path,1.1045325742197354,2.3688519553632363
path,1.1118831129841285,2.3768759036369405
path,1.1194421187875112,2.3851481251305855
path,1.1270797741195542,2.39326534886576
path,1.134479835420992,2.4010995630462664
path,1.1416376444838512,2.4087070872825134
path,1.148608909170501,2.416129434955374
path,1.1556013825153988,2.4235626005867426
path,1.1624747966928548,2.430876092989124
path,1.1692572486287243,2.4381338193104134
path,1.1760777988641908,2.4454594199311397
path,1.182919896902741,2.452824479763273
path,1.1897809806173971,2.4602226889171463
path,1.1965872625936163,2.4675055722055683
path,1.2033897746668258,2.4748141867797915
path,1.2102287963324865,2.482099258819736
path,1.2171197704559176,2.4893506687962237
path,1.2240187773293771,2.4966513814696065
path,1.230850574114165,2.503817105642162
path,1.2376761251373374,2.5109983707440717
path,1.2445460240304114,2.5182414865202984
path,1.2514443904155699,2.525518279034192
path,1.258357121432703,2.532828384074775
path,1.2649189470205646,2.539986566202506
path,1.270986097672107,2.5467044646317722
path,1.27702649428667,2.553388406753202
path,1.2832161114033669,2.5602355714706397
path,1.2895305126056875,2.567211539756727
path,1.2957878950614263,2.5740177456608015
path,1.3016979168631302,2.5804912100731783
path,1.3077485460025033,2.587102252691762
path,1.313947803371215,2.5938708412370155
path,1.320266039835295,2.6007622350427977
path,1.3265021516924034,2.607473322957526
path,1.3324245599018125,2.6138592597284735
path,1.3384860525567865,2.620377699353025
path,1.3446890427943046,2.627044171332263
path,1.351008003959338,2.6338273232445313
path,1.3576148013096465,2.6409769478711556
path,1.3645590066832087,2.6484149162869626
path,1.3718190942348096,2.656090951172677
path,1.3793580654721658,2.663988240134417
path,1.3869559706360446,2.671995948480204
path,1.3947572121448728,2.680195140365489
path,1.4026518657247988,2.688520284110508
path,1.4105757708636928,2.696858216256093
path,1.4185230210668858,2.705200294899769
path,1.4264866501904763,2.7135484895046287
path,1.4343410446723888,2.7218006544957185
path,1.4422183367268666,2.7300565384343787
path,1.4501042257948729,2.7383062015350754
path,1.4579982891014263,2.7465488051803058
path,1.4658971650801,2.7547851502856284
path,1.4737881441005993,2.7629952935155684
path,1.4816959882666254,2.771210115135612
path,1.4896075922305352,2.779410698427271
path,1.4975221079619807,2.7875961813843615
path,1.5054410709523511,2.795743261499431
path,1.5130098523476212,2.8036688970554593
path,1.5202280346619421,2.811238948735794
path,1.527342395412599,2.8186150749625956
path,1.5344361703809255,2.8259651597451163
path,1.5415114691628928,2.833294832414115
path,1.5485832714325203,2.8404656062263394
path,1.5552956738322676,2.847236472534791
path,1.5616536478285805,2.8536268223192613
path,1.5676379436353058,2.8596489706749493
path,1.5732711507633776,2.8653330817409097
path,1.57886620264744,2.8710255817758155
path,1.5842792465445368,2.8764706078791296
path,1.5893491563307958,2.881618255698626
path,1.5940735199873837,2.8864877690912487
path,1.598474114125326,2.8911086626575475
path,1.6029365964724405,2.8961941460770726
path,1.607605120513676,2.9015066359420447
path,1.6121632590176018,2.9066731765943667
path,1.6164222957056265,2.9116073524853356
path,1.6205877184716717,2.9164503698805206
path,1.625146201930727,2.9219712211431204
path,1.6303437636845386,2.9280877892405637
path,1.635768083984861,2.934484637958946
path,1.6413891761810269,2.9410957321638738
path,1.6471099683107422,2.94761559470153
path,1.6530370140200619,2.9544515898695956
path,1.6591112924547058,2.961327036758101
path,1.6652580849077774,2.9680218227332227
path,1.6714836074369395,2.974567720532771
path,1.677792274297406,2.980991511510037
path,1.6842612083443858,2.9877544841662775
path,1.6908665261221647,2.994660897220548
path,1.69748495628944,3.001246821147904
path,1.7041522448492625,3.0076527556957644
path,1.710777054330333,3.0139502734756203
path,1.7174788569226755,3.0205780868245355
path,1.724289610065849,3.0272455577436426
path,1.7309477942745526,3.0335600846819974
path,1.7373987886973983,3.039647689159874
path,1.7436641808975208,3.045548375344675
path,1.749970891118046,3.0519024964017882
path,1.7564244709802816,3.058523869183057
path,1.7628578017991974,3.0648021653738313
path,1.7691787670287709,3.070814148969823
path,1.7753292821974695,3.0766504435271576
path,1.781511925109699,3.0829523025726653
path,1.7877955742077862,3.089430721501902
path,1.7940518436109343,3.0956261965868306
path,1.8002290373979657,3.101565308562109
path,1.8062470082586584,3.1073317527296425
path,1.8121048173973042,3.1129408968185137
path,1.8178007508447889,3.1183899010558074
path,1.823420643900606,3.1237309708564807
path,1.829056955413408,3.128998776464966
path,1.8347578594708815,3.1344253526359074
path,1.8407047567503392,3.1408087022508338
path,1.8466919192589466,3.1477226150757143
path,1.8525633459617445,3.154512821018493
path,1.8584806085205399,3.1611672035110283
path,1.865022273917064,3.1681054371348227
path,1.8715159582936725,3.1754271710640443
path,1.877854540319165,3.1827105095519053
path,1.8844459315200335,3.1899695636338823
path,1.8917522838561012,3.197711041302359
path,1.8993107578346835,3.205540475018532
path,1.9067582065281252,3.2134579863015396
path,1.9138117027623394,3.2213568263976073
path,1.9208821399927807,3.2293626061637495
path,1.9281999008406963,3.237508975911403
path,1.9357543056001545,3.245763651505008
path,1.94310733859631,3.2541238716735146
path,1.9500022046362266,3.262607194414437
path,1.9571504079978492,3.271150898553949
path,1.9645632264152586,3.279689410651268
path,1.9721918187307341,3.288324059531519
path,1.9796568485854347,3.2969460830635624
path,1.986668082909179,3.305660848625207
path,1.9939438259848714,3.314371505865131
path,2.0014677477730274,3.323080903380613
path,2.009209353931259,3.3317986887548976
path,2.0167678722877675,3.3405003858366924
path,2.0238946494219525,3.3492605607291566
path,2.031293859812192,3.3579912396205702
path,2.038939687517132,3.3666980797957176
path,2.0468708090465526,3.3758040818324133
path,2.054669732807368,3.385059422736349
path,2.0621319671568514,3.3943307878090496
path,2.0697699615472627,3.4037963088730327
path,2.077639724699228,3.4135100265501825
path,2.08571123758719,3.4234323607564865
path,2.0937475327017485,3.433271584553518
path,2.101441942483776,3.4429081970938413
path,2.108850893016096,3.452351458430178
path,2.116182510011924,3.4616889450976545
path,2.1235697682804986,3.4709839946621166
path,2.130823997220325,3.48008889492614
path,2.1377903443980673,3.488935219879787
path,2.144476115289526,3.497542996217812
path,2.150884005935859,3.5059207491443174
path,2.157014037500127,3.5140737685743613
path,2.1635968348463384,3.5222867100876143
path,2.1702146207104906,3.530491311421911
path,2.1764833371109913,3.5386260950615056
path,2.1827754186779016,3.5464525952177075
path,2.1888727319016246,3.5542064687894315
path,2.194887283234091,3.5619253958260044
path,2.200929013737166,3.569624940661349
path,2.206995984042401,3.5773043914331524
path,2.213084538362095,3.58496402391156
path,2.219191702783543,3.5926045713548773
path,2.2251158712834864,3.599759432311839
path,2.2307413658729054,3.606673981592445
path,2.236303288661369,3.613607152238538
path,2.242069969199697,3.620532387885532
path,2.2480187804381178,3.6273704636142896
path,2.2537006072421435,3.6338885999817245
path,2.2589877048350475,3.640166789490937
path,2.2642457325422796,3.646461370699859
path,2.269712841213917,3.6527475580800695
path,2.2753396034519664,3.658883655962834
path,2.280710971769617,3.6647610490293805
path,2.285808042210521,3.6705327408888975
path,2.290888247272041,3.6763307373839917
path,2.296171929090246,3.682133789514946
path,2.301606180494964,3.6878498820517
path,2.3076085932714707,3.69386686341951
path,2.3143953825940873,3.700333774202347
path,2.3217328233024412,3.7070351634383703
path,2.3289807222333323,3.713805566875523
path,2.336234635188915,3.7205548285039383
path,2.343516423975716,3.7272867462553565
path,2.350812639136358,3.73401042183013
path,2.3581061024705523,3.740709881479691
path,2.3653784395219475,3.7474137838136463
path,2.3726260293734924,3.7541193652132936
path,2.380170921557836,3.7611102869260282
path,2.387771084673281,3.7681883374080547
path,2.395353207492945,3.775274126462764
path,2.402911773486933,3.7823579871475546
path,2.4104468502793583,3.7894388977296076
path,2.4184048176547415,3.79684833408481
path,2.4266709788308947,3.804504835917606
path,2.4349007052215765,3.8122188984694234
path,2.4431067249066802,3.8199105182940594
path,2.4513088011250495,3.8275657723677408
path,2.4599040612617906,3.8354936860185522
path,2.4687190806534884,3.843534522417823
path,2.477543598577004,3.8515595515433154
path,2.48638431676785,3.8595587105198716
path,2.495253384925368,3.867512656677145
path,2.5042656923750632,3.8754762924863915
path,2.513337306029151,3.8833574872077694
path,2.5224716988877045,3.8911592765918424
path,2.531676005355048,3.8988700623692556
path,2.540957347773487,3.906478612051906
path,2.550322602659391,3.913975081951339
path,2.5598011910069522,3.9214457098126374
path,2.5694388694361994,3.9289059795542
path,2.579235935413729,3.9359946905038607
path,2.589216201248294,3.9429458168024643
path,2.5991063693720697,3.950140203434821
path,2.608115261008244,3.957726894987047
path,2.6164454728085556,3.9657163126707573
path,2.624395802519148,3.9738015713722947
path,2.6321026649668484,3.9818061926990453
path,2.639456434759884,3.9892090410368435
path,2.6463028400206934,3.996016751268525
path,2.6526695372948725,4.002461083612872
path,2.65865427860328,4.0086557528632545
path,2.6642751739686954,4.014628081871911
path,2.670306030090994,4.020551114409334
path,2.676342402992555,4.026322843318971
path,2.6820656012717996,4.032082036856274
path,2.6874706168661153,4.037702200945029
path,2.6925724556609647,4.0431820765630295
path,2.6973401827634302,4.04842156390201
path,2.70179764774917,4.0535139709934995
path,2.7059377937963185,4.058461814419275
path,2.7097730907188424,4.063274273371667
path,2.713311845470112,4.0679667579830605
path,2.7165238617089233,4.0724339344194
path,2.7194723455879926,4.076797379780968
path,2.722315675250912,4.081101599416854
path,2.7251169608406483,4.085375214664638
path,2.727869728896161,4.089614129193985
path,2.730740865974178,4.094042371450549
path,2.7335617714545477,4.09846936313593
path,2.7362928068944448,4.102839430096691
path,2.738927164397835,4.1071706381005875
path,2.7414530159841,4.111448093529587
path,2.743853670690985,4.115343477806382
path,2.7460332335378523,4.118873127581988
path,2.7480447217956283,4.1223082362364885
path,2.74996255740168,4.125690820221959
path,2.7517417811054816,4.12898620007994
path,2.7533974965951433,4.132291636265719
path,2.755081836296087,4.135741320350768
path,2.756714402249195,4.139192653602961
path,2.7582383889720674,4.14251512499507
path,2.759662640413264,4.1457120021321305
path,2.7612732204120225,4.1490142228109015
path,2.7628673094783176,4.1522434934854635
path,2.7647139250521695,4.1555990373419425
path,2.7664989010866026,4.159240396358603
path,2.768348287328242,4.1630220608722475
path,2.771085517426158,4.167618122380328
path,2.774972470151097,4.173111778428543
path,2.7799898452096103,4.178898483047872
path,2.78526811933645,4.184906668380569
path,2.7906038967563296,4.191165078815699
path,2.7966013381642583,4.197748537311735
path,2.8031197019223395,4.204555539316948
path,2.8099611508930282,4.211581282069744
path,2.8170817556275756,4.218808699388941
path,2.824464746196006,4.2262230164700805
path,2.832099274730914,4.233698426585367
path,2.8396632413431613,4.241404796656042
path,2.8471004236627335,4.249150704783883
path,2.8551565290473495,4.25510999038726
path,2.8634702917951307,4.26071156781274
path,2.871735782433913,4.2658015175721795
path,2.87984298253518,4.270436755066012
path,2.887797009194001,4.274976548429765
path,2.8957960849249664,4.279402209809029
path,2.903822491470954,4.28373874477729
path,2.9115028786994985,4.288313163208969
path,2.919166061793703,4.293160883607945
path,2.9268668627858485,4.298213636617149
path,2.934605625822399,4.303435266544294
path,2.942363117602233,4.308802240463941
path,2.949771491895417,4.313771220696705
path,2.9563612767123217,4.318098271996048
path,2.962757065206398,4.3223969641889
path,2.969146508507532,4.326845498977422
path,2.9754397223854463,4.331413080945552
path,2.9819134128436207,4.336528030894756
path,2.9886012219083518,4.342295557398256
path,2.995419864145745,4.348252752995766
path,3.0023610020406073,4.354347494322074
path,3.0094090707967873,4.360561473436327
path,3.016741962711305,4.367320922311113
path,3.024293840555723,4.3747734824484095
path,3.031978893223474,4.382398650560762
path,3.0397779504895084,4.3900897586039775
path,3.0476594529870855,4.397845985479112
path,3.0556094359260255,4.405653017869436
path,3.0636305408069577,4.413537500626459
path,3.0717165093974748,4.42147768348835
path,3.0798644401814195,4.429470783423724
path,3.0880715478695047,4.437514590378156
path,3.0963328992178623,4.445594042823289
path,3.104649303865169,4.453736896521352
path,3.113163077236583,4.461888530810677
path,3.121923048701492,4.470098878151111
path,3.130613509656825,4.47846837520775
path,3.139185619491741,4.486884895090296
path,3.1476456037867595,4.495365186899375
path,3.155978669239462,4.503905511877499
path,3.1641824741770685,4.512506682839443
path,3.1722547072466702,4.521169529537104
path,3.1801905039817737,4.529892021161162
path,3.1880066774533846,4.538668765853403
path,3.195729079226651,4.547484107711139
path,3.203429466181335,4.556347073928524
path,3.211120301712985,4.565280549519475
path,3.2191266844743787,4.573880976058381
path,3.227311916832388,4.581975684257384
path,3.2356591748429824,4.589887512571869
path,3.244130596028344,4.597820651502656
path,3.2527159642992833,4.605768045256054
path,3.2614259162710613,4.613725038885883
path,3.2702080294692633,4.621435991073756
path,3.2790599093767367,4.628913766651848
path,3.2879848686326425,4.636172044700022
path,3.296857703932989,4.642993787740987
path,3.3058273435223793,4.650203022941901
path,3.3147525193047405,4.65751201590938
path,3.3236044300038174,4.664429902522498
path,3.3323874271173417,4.670961347014017
path,3.3411165469130197,4.677109097053292
path,3.3499714938454788,4.683735041680368
path,3.3587814273144145,4.6908643891330755
path,3.367620402006802,4.6978012865292005
path,3.3763784560452312,4.704348668307255
path,3.3850719391535815,4.710514137858944
path,3.3937634001715016,4.71650719763502
path,3.4025074989777933,4.722631480853725
path,3.411323930175757,4.728942226668341
path,3.420172123208518,4.7353756516503465
path,3.4290774334314973,4.742014244963005
path,3.43812251114437,4.7489227068398225
path,3.4473013749685704,4.755996704103809
path,3.456621726639999,4.763215480916034
path,3.466007556157467,4.770509184252504
path,3.4754500624586866,4.777871188986642
path,3.4851848905048675,4.785255191810738
path,3.4946996346582027,4.792374101969799
path,3.503991890928195,4.799177784687504
path,3.5132066252051004,4.805028355451981
path,3.522054267710068,4.810664456729396
path,3.530088724045339,4.816268254987593
path,3.537807774305644,4.821934775582164
path,3.545053787487051,4.827444191624474
path,3.552123232850702,4.832843566216938
path,3.559463739749516,4.838475472781197
path,3.5671314259813443,4.84457605608067
path,3.5749560926157593,4.850767061539655
path,3.5828604038427394,4.8569539311979675
path,3.5908443909569034,4.863134268981233
path,3.5989444113216207,4.869311215990493
path,3.6067947240217513,4.875330077205733
path,3.614203515530121,4.881098860016091
path,3.621055265611586,4.8868736695962784
path,3.627840184152833,4.892762399842684
path,3.63465031201536,4.898651806292856
path,3.641638044650514,4.904708560423759
path,3.648535215437919,4.910924110904192
path,3.6552656158030414,4.917201263785945
path,3.6619194801474855,4.923568002072951
path,3.66854643351529,4.93003441384353
path,3.675576991925924,4.9365981901533
path,3.682790269827862,4.94330067485957
path,3.690045850665697,4.950131033155243
path,3.6974084672374548,4.957061966021126
path,3.7049339673432673,4.964145976641585
path,3.7125876785031244,4.971362157432988
path,3.719623816189351,4.978939190572465
path,3.725827097892514,4.9867948151788735
path,3.7318235606068244,4.9945788228170365
path,3.7376749540359815,5.0021877119148055
path,3.743391537806667,5.009638257754595
path,3.7490912714794806,5.017015725812161
path,3.7548432003576555,5.024530568157987
path,3.7606540090920184,5.032164447343875
path,3.7665271643404097,5.039913962350505
path,3.772284035700568,5.047658793240503
path,3.7778596363254353,5.055201135830729
path,3.7835148607606337,5.062679433879341
path,3.7892860824169095,5.070144793593272
path,3.7951137685821292,5.077686604245473
path,3.800706286495947,5.084920716736668
path,3.805914838855827,5.091872692376058
path,3.8111829456904034,5.098774409128651
path,3.8165280515405824,5.105623779498333
path,3.821946723784208,5.112420033541824
path,3.827275445874018,5.118957117148584
path,3.8326523422903502,5.125416686946159
path,3.8380948211147468,5.131823835129479
path,3.8436010822345414,5.138178167985765
path,3.8491693401753153,5.144479331344032
path,3.8547492197865987,5.150658309551018
path,3.8603768800883436,5.156599085683462
path,3.866060107641095,5.162328433798471
path,3.8717943988412786,5.167988027328722
path,3.877599921640549,5.173949877473838
path,3.883470623444297,5.180068917679675
path,3.8892457508173557,5.186020876597872
path,3.894972095059881,5.1918092920342005
path,3.9006424789839893,5.197443360986334
path,3.9062862326628314,5.202966129521052
path,3.9123701677129947,5.20916202129399
path,3.919321056959567,5.216276074661293
path,3.9266214634861414,5.223426084655166
path,3.9339854500401903,5.230553823077371
path,3.9413532150002575,5.237578235126243
path,3.9486012262263452,5.244638503919196
path,3.9558023745985444,5.251652206332815
path,3.9629786930914674,5.258618255101586
path,3.9702068547904035,5.265557101041775
path,3.9774906109676325,5.272475854581777
path,3.984732139579634,5.279440663348478
path,3.9920522733361214,5.286349815542987
path,3.9995036401612576,5.293204440128156
path,4.007071827816376,5.300017923577089
path,4.0147413477403955,5.306797130697402
path,4.02231758266313,5.313684246753319
path,4.029846145102198,5.320583765376456
path,4.037447549155178,5.327417623446138
path,4.0451641105973515,5.334206579193404
path,4.052982908631929,5.340959571294054
path,4.060717764872913,5.34781181931334
path,4.068421484805496,5.354658791277505
path,4.076226916576069,5.361412792592605
path,4.0840889502006625,5.368103874694419
path,4.091882394232984,5.374981407726106
path,4.099608604717452,5.381852253541433
path,4.107402478618744,5.388719123691919
path,4.11511096855333,5.395677900887074
path,4.122728344445817,5.402727423982687
path,4.130249185945301,5.409863522216604
path,4.1379759871910995,5.416947461800012
path,4.145595750605786,5.424038988540553
path,4.153089232835905,5.431146827478822
path,4.160392234601972,5.438105120329863
path,4.167629545423504,5.444952268643996
path,4.174953540959272,5.452168679531007
path,4.182154159215239,5.459553471026334
path,4.189211610815244,5.466931601677435
path,4.1960959477646735,5.47427735197856
path,4.202845262227138,5.48163864624321
path,4.20979209295114,5.489161138331638
path,4.216697133985526,5.496764756694829
path,4.223474996856717,5.504425358739871
path,4.230124022028192,5.512134437554471
path,4.23672196803862,5.519935874784473
path,4.243244995464435,5.527719203840829
path,4.249676559308727,5.535443370490854
path,4.255992002762213,5.543103177400552
path,4.262219880964923,5.550715418047063
path,4.268345677804171,5.558292869517482
path,4.274352141132038,5.565828017097467
path,4.280265181762669,5.573333420621016
path,4.286063372746722,5.580798503047495
path,4.291724467329336,5.588218876141602
path,4.2973128998855525,5.595608555908851
path,4.302774859563874,5.602954256553379
path,4.308104679560762,5.610256023926792
path,4.313368202716736,5.6175245340893065
path,4.318527847589368,5.624750662718901
path,4.323609402506324,5.631936836820107
path,4.329409427381328,5.639397932344765
path,4.335440262730386,5.64690427184328
path,4.34147449120817,5.65425995838149
path,4.347498373950735,5.66147939641779
path,4.353523273376578,5.668558745991359
path,4.359632842760338,5.675848391550093
path,4.3659102809470625,5.683378756682681
path,4.3722044771418584,5.690809136577825
path,4.378534992516748,5.698141533610308
path,4.384883561246858,5.705393842650056
path,4.3914016990145495,5.712882275793846
path,4.398442266286015,5.720372280930106
path,4.405527145602504,5.727769796868768
path,4.4127006975002105,5.735047930440968
path,4.419946500602946,5.742205700202217
path,4.427211383396776,5.749259897300683
path,4.43447480118093,5.756218811903025
path,4.441671653409535,5.763076796744706
path,4.448659221382162,5.769819913385413
path,4.455768921269084,5.776466125585864
path,4.463056050703349,5.783295490703596
path,4.4701498698779325,5.790417180520202
path,4.477164609871496,5.797680177259257
path,4.483959675823893,5.805034195700382
path,4.490536763398951,5.812501858994146
path,4.49705636197982,5.820119242758987
path,4.503526471443497,5.8277372746203255
path,4.510002107472586,5.835320571369675
path,4.516471205883197,5.84288485698493
path,4.522955332403873,5.850426447484826
path,4.529410516172255,5.857912555858945
path,4.535905642748287,5.8653822806826215
path,4.542404004548809,5.872830205238321
path,4.548903328124174,5.880268258081624
path,4.555580036838124,5.88772679229132
path,4.562380987408272,5.895198417582364
path,4.569393460989546,5.902640020415149
path,4.576634282270598,5.9100321767557595
path,4.584035886149096,5.917426604740393
path,4.591555891564834,5.924848054044873
path,4.5989627637276005,5.93213257367638
path,4.606257373530552,5.939246041268192
path,4.6136051655322765,5.946283718972923
path,4.620868376495769,5.953196803208234
path,4.628016556230468,5.95999665569464
path,4.63508395667098,5.966780937581754
path,4.642175662344734,5.973526485338055
path,4.6490433435115985,5.980014374476761
path,4.6557655481424085,5.986341585779399
path,4.662391813182783,5.992604108204889
path,4.66892315609563,5.998929213372815
path,4.675482625194098,6.005225172687636
path,4.681886129782787,6.011269926296703
path,4.688150952310043,6.017157404179129
path,4.6942867366816685,6.022929511214998
path,4.700352631166757,6.028704078505304
path,4.706487049167172,6.034486371641655
path,4.7125491759048055,6.040127810236261
path,4.7184686436369,6.045593835272178
path,4.7242589398390775,6.050954655534009
path,4.729982628710662,6.0563098819959285
path,4.735774237206107,6.061672686232632
path,4.741453346551123,6.066966364161152
path,4.747028611929742,6.072003030264898
path,4.752534516986109,6.0768058146017365
path,4.757908766307105,6.081423238697106
path,4.763199107618834,6.085830395870061
path,4.768462443450342,6.090230635053139
path,4.773689675862691,6.0945884921490165
path,4.778897743798341,6.098914333118298
path,4.783998516742871,6.103178401210645
path,4.7890084605090175,6.107317437548508
path,4.794001027018552,6.111443738043486
path,4.798975371709653,6.1155366727624205
path,4.803950758686374,6.119599899186352
path,4.808911146252028,6.123634061154978
path,4.813951199562554,6.12763510580296
path,4.819016910319975,6.131678755512154
path,4.824032992932158,6.135738530868394
path,4.828528676703007,6.139976174335523
path,4.83288469427862,6.144233428127685
path,4.837172017526821,6.148530480799052
path,4.841397031410807,6.152855461413469
path,4.84556162585333,6.157207555045112
path,4.849666415178817,6.1615873855286685
path,4.853737556079027,6.165957393441611
path,4.857767730301609,6.1703283809053655
path,4.861758532642423,6.17470068667207
path,4.865711846067168,6.179073876162435
path,4.869629619842935,6.183447847787275
path,4.873208766765576,6.187251399905309
path,4.876045757910771,6.190190285911549
path,4.878151053816724,6.192487921026251
path,4.879564938481555,6.1941998327109316
path,4.880868399025725,6.195855316752287
path,4.88179202808943,6.197007782112334
path,4.882036620355721,6.197397013143719
path,4.882159424696241,6.197350003976444
path,4.882299997473817,6.197240324573684
path,4.882457379175882,6.19709164052783
path,4.882626863889011,6.196926243050914
path,4.882817301035163,6.196741301965759
path,4.883018245127594,6.196537220569113
path,4.8832285450920745,6.196318902129374
path,4.883446586416541,6.196087754830561
path,4.883668016986762,6.195846967296009
path,4.883899064140413,6.195593647298551
path,4.884133985831819,6.195328731109477
path,4.884372451676583,6.195054259143378
path,4.8846138947677336,6.19477065827294
path,4.885308001069991,6.195021417157583
path,4.886723636930767,6.196003189824329
path,4.887747600178096,6.197148185054254
path,4.888585681307587,6.198218745025564
path,4.889255376185027,6.199226279682342
path,4.890163947902637,6.2003987476484275
path,4.891166462606687,6.201627641236879
path,4.892174794221088,6.202847803224305
path,4.893028003627077,6.203967564793827
path,4.893736655297825,6.20500545691994
path,4.894620513519021,6.206176210067658
path,4.895561925321698,6.207371218770748
path,4.896544775169257,6.208567235557876
path,4.8974150360927045,6.209685467655814
path,4.898149811708772,6.21072243507608
path,4.898761113900433,6.211686696129537
path,4.899265473882081,6.212589317851943
path,4.899694851379926,6.2134523619639035
path,4.900066322992525,6.2142864541598
path,4.9003907751690186,6.215098131305671
path,4.900668323265147,6.215894159345917
path,4.900910360852949,6.21670526588973
path,4.901074110214375,6.217501006241553
path,4.9012175766485155,6.21828917665488
path,4.9013640782522625,6.219083370770469
path,4.902010280632574,6.220468771674402
path,4.903243235805985,6.222000189040882
path,4.904640565080872,6.223374910019534
path,4.906089644325195,6.225071620519416
path,4.907374108831596,6.227079470536273
path,4.908607056817635,6.229135109639426
path,4.909819795475355,6.2311964537792575
path,4.9110385866885276,6.233199279515753
path,4.91221866635688,6.2352540377461825
path,4.913370548172395,6.237321378471783
path,4.91448294850024,6.239366015925547
path,4.915573826274206,6.241423653767923
path,4.916637296427873,6.243480590328851
path,4.91767508080093,6.245540270589916
path,4.918685945361069,6.247601828614309
path,4.9196546298731985,6.249630415959324
path,4.920604090751029,6.251688495361584
path,4.9215256949166095,6.253751972738988
path,4.922419391094056,6.255821010840934
path,4.923284870895984,6.257897595841723
path,4.924111951149748,6.259941554739847
path,4.924917647573232,6.26201270063853
path,4.925689386778053,6.26412930997458
path,4.926430951916659,6.266263229513788
path,4.927146702354219,6.268383095704124
path,4.927839203261662,6.270445919492957
path,4.92851836789581,6.272418388967123
path,4.9291910849247325,6.274268993430811
path,4.929858680851774,6.275965940224534
path,4.930513740443485,6.2775617379196005
path,4.931135635380717,6.279149727260296
path,4.931732131020395,6.280746971456826
path,4.932303959661777,6.282343377515264
path,4.932838879715196,6.283922032366286
path,4.933346160783414,6.285480502684992
path,4.933806843474122,6.286955280714413
path,4.934226216822137,6.288356058109637
path,4.934618417914187,6.289703140465039
path,4.9349956774382795,6.290984675012809
path,4.9353506837695305,6.292233788480592
path,4.935688982437645,6.293471376116323
path,4.936006282822308,6.294741166145138
path,4.936314619475167,6.2960640343989756
path,4.936591629149502,6.2974540753903465
path,4.936907435613543,6.298906015066351
path,4.937197016090575,6.3004573546966665
path,4.9375462191779755,6.302066063163863
path,4.937963233553911,6.303757432773806
path,4.93844120155419,6.305521441880559
path,4.938992093633625,6.307316616710091
path,4.939605745280493,6.309135696899246
path,4.9402660133819865,6.310986952556304
path,4.940982869710334,6.3128562980272465
path,4.941711353380707,6.314752321472036
path,4.942448138772376,6.316651172790482
path,4.943147720301251,6.3185673205315025
path,4.943862627755012,6.320477332662349
path,4.944544358419715,6.322405945099825
path,4.945247007216043,6.324331552553895
path,4.945955232318358,6.326244055484351
path,4.946811837347036,6.328035369192112
path,4.9475719576543,6.329856686703214
path,4.94835062360211,6.331681573791837
path,4.949237126148285,6.333455144857803
path,4.950144739349689,6.335210197049555
path,4.9511029885967535,6.336909219421115
path,4.952142604953488,6.338539439091511
path,4.953263311183938,6.340097334238898
path,4.954402165666108,6.341629514479653
path,4.955544631031013,6.343146041316611
path,4.956680266122047,6.344630411234987
path,4.957823040379023,6.346093438885811
path,4.958964242453584,6.347539804771653
path,4.960119535420702,6.348953957819088
path,4.961290408030114,6.3503309192806
path,4.962715398883568,6.351876295331272
path,4.9643894186913355,6.35355686864309
path,4.9660973004949165,6.355153544521004
path,4.967803410164767,6.356656217810499
path,4.969541324619505,6.3581008151782274
path,4.971271861942327,6.359470995714547
path,4.97303463522201,6.36080339026775
path,4.974830887751785,6.3620975473002765
path,4.976661319129124,6.363352632337507
path,4.978516647421269,6.364579057047348
path,4.980312957814369,6.365766629612676
path,4.982107743429451,6.366955430483689
path,4.9839010161227995,6.368145490220098
path,4.985692779232059,6.3693368009351605
path,4.987483035654928,6.37052935586604
path,4.989216036901258,6.371685934033324
path,4.990947622831906,6.372843630373806
path,4.992677803669955,6.3740024777549165
path,4.994406582045217,6.375162471039123
path,4.996133960608759,6.376323605311585
path,4.997800899887275,6.377446116853772
path,4.999466531116459,6.378569643188265
path,5.001130864127515,6.379694222197104
path,5.002793901373863,6.38081984989278
path,5.0044556450936595,6.381946522757288
path,5.006072742375348,6.383044794867227
path,5.007688611918172,6.384144020897567
path,5.00930326120477,6.385244229058634
path,5.010916692263878,6.386345416496998
path,5.012528907260593,6.387447580241516
path,5.014101325473431,6.388524302156784
path,5.015672584614891,6.389601920784684
path,5.017242691166962,6.390680462116786
path,5.018811647095825,6.3917599236627725
path,5.0203794543212314,6.392840303053183
path,5.0219114151801,6.39389765374472
path,5.023442277348434,6.3949558518226945
path,5.024972046620462,6.396014921186793
path,5.026500724759728,6.397074859789384
path,5.028028313548296,6.3981356655862305
path,5.029523424060001,6.399175510173346
path,5.0310174895684305,6.400216158855471
path,5.0325105151301655,6.401257633900036
path,5.034002502455605,6.402299933406827
path,5.035493453143813,6.403343055657562
path,5.03694941887954,6.404363217917339
path,5.038404394284903,6.405384136059793
path,5.039858384524105,6.406405834849839
path,5.041311391048114,6.40742831278419
path,5.042763415467428,6.408451568139075
path,5.04414758145941,6.409475669368003
path,5.04547764905332,6.410606323396704
path,5.046800271580491,6.411827564032166
path,5.048104223552094,6.413129071165711
path,5.0493826243923445,6.414517594459888
path,5.050631817371203,6.415976803092843
path,5.051865239423451,6.417515572456939
path,5.053079742767342,6.419122417390096
path,5.054247901049417,6.420776726563315
path,5.055382498277814,6.422466303620551
path,5.056483726284829,6.424152201326308
path,5.057584192529069,6.425838436098485
path,5.058684005631162,6.427525680135898
path,5.059783162878751,6.429213931662107
path,5.060881665990124,6.430903179886786
path,5.061967004009866,6.432574709590677
path,5.063051678667216,6.43424658152219
path,5.064135710258599,6.435919421962544
path,5.065219096658118,6.437593228787798
path,5.066301838494582,6.439267994248446
path,5.067449442162735,6.441022639170248
path,5.0686806534657185,6.442933598809463
path,5.070029368616597,6.444992890055948
path,5.071470806967331,6.44717517887143
path,5.0729498161813,6.449447889532706
path,5.074384402629505,6.4516968246012985
path,5.07581957121655,6.453939900013575
path,5.077253647922929,6.456184651749937
path,5.078686623535291,6.458431066425141
path,5.08011849730489,6.460679115291049
path,5.081512030177258,6.462874106995721
path,5.08290544173484,6.465068394929122
path,5.08429779234909,6.4672641783655616
path,5.0856890858546855,6.469461440450899
path,5.0870818777352875,6.471657460145006
path,5.088457781553288,6.473818314905325
path,5.089837006709366,6.4759758730999994
path,5.091219441820004,6.478130243451887
path,5.092605018743724,6.480281460113689
path,5.093993670826302,6.48242955622454
path,5.095349439092338,6.484519024683443
path,5.09670753667498,6.486605288558959
path,5.09806837770687,6.488688679258261
path,5.099431905022418,6.490769225680529
path,5.100798056800765,6.4928469605578645
path,5.102123412377589,6.494863203181177
path,5.103454096456095,6.496872994846789
path,5.104787046389206,6.498880258319156
path,5.106122268207018,6.50088495931933
path,5.107460243666054,6.502886537650259
path,5.108785979802048,6.504859001622099
path,5.110115914933117,6.5068265611242975
path,5.111450838308557,6.508788406501061
path,5.112791481761336,6.5107436756942265
path,5.114138572498241,6.5126915040617925
path,5.115458624280552,6.5146044386297355
path,5.116783871104222,6.5165093429643
path,5.118119820893838,6.5184011376738935
path,5.11944663615577,6.520275333130295
path,5.120825728793344,6.522077237344477
path,5.122227488696778,6.523747170177616
path,5.12368853527633,6.525326468927829
path,5.125161322350917,6.526858101189568
path,5.126639063479366,6.528348911608943
path,5.128121727973492,6.529799728001128
path,5.129581723705296,6.5311850269972735
path,5.131045753867999,6.532535321684195
path,5.1325124368797646,6.533849857112314
path,5.133985666647514,6.53512673503967
path,5.135463524276999,6.536368535620061
path,5.136917479531158,6.537568493850989
path,5.138353904570569,6.538760395112357
path,5.139773480984787,6.539944920425532
path,5.141177042005995,6.541122406676946
path,5.142563664328086,6.542286548206327
path,5.1439133791821385,6.543422425819759
path,5.14525038986705,6.544549161944155
path,5.146573378382727,6.545676874196142
path,5.147881992926797,6.546793033825468
path,5.149184443743787,6.547905970226393
path,5.150448741234653,6.5490120582321385
path,5.151603183327275,6.550154878239528
path,5.152625614053794,6.551328532285885
path,5.153524555047285,6.552555585311757
path,5.154251350571867,6.553840949151778
path,5.155188823801183,6.555414680648114
path,5.156021627056579,6.557307002026146
path,5.156768752755058,6.559410962778546
path,5.157454920304732,6.561533691102336
path,5.158092354714993,6.5636215889829534
path,5.158737533720202,6.5656879152204874
path,5.159376379505194,6.567729923326592
path,5.160077824786009,6.569814086281936
path,5.160765261655812,6.571860896111967
path,5.161527060613616,6.573937715643348
path,5.162357989295427,6.576009337863572
path,5.163220203219585,6.578076132114812
path,5.164158651312262,6.580176319180776
path,5.165139565672019,6.582281686188884
path,5.166174609100903,6.584405304393757
path,5.16726778879324,6.5865222443654465
path,5.168404965877633,6.588644336700907
path,5.169594493798356,6.590782165794182
path,5.170837095731205,6.59293868794478
path,5.172130550142294,6.595111335455574
path,5.173470763269861,6.597262651244894
path,5.17485473355339,6.599419466930473
path,5.176293466682258,6.601596655349227
path,5.1777789088370785,6.603786881484728
path,5.179341127164434,6.606001567375642
path,5.180982751184747,6.608194529748811
path,5.182673723194015,6.610402441535629
path,5.184364213299201,6.612611649574671
path,5.186053760361701,6.614822031695735
path,5.187742348651817,6.617033582597437
path,5.189410274379984,6.619209079633522
path,5.191067239972395,6.621383636765885
path,5.192720504430723,6.623557922027172
path,5.19437570568638,6.625733653111547
path,5.196029913825603,6.627910589335909
path,5.1976614591430055,6.630028110356974
path,5.199264027483653,6.632140922669633
path,5.200864963389944,6.634254530109881
path,5.202464991576469,6.6363692501258065
path,5.204064000585948,6.63848502410989
path,5.205639888185582,6.6405308053424354
path,5.20717311104916,6.642565667235894
path,5.208707219963094,6.6446021739977645
path,5.210240450660744,6.646639666789458
path,5.211772803832265,6.648678141195492
path,5.213283611865979,6.650670022792153
path,5.214774552093686,6.652657485424327
path,5.216264590815392,6.654645839723518
path,5.217753796617527,6.656635112869059
path,5.219242168362887,6.658625301361963
path,5.220708433594545,6.660572814751174
path,5.22215884182243,6.662516795403009
path,5.2236094797076635,6.66446221417443
path,5.225059300076337,6.666408486751523
path,5.2265083033424,6.668355611280424
path,5.22793886323596,6.670268603570937
path,5.2293624863087205,6.6721806733436875
path,5.230770359124636,6.674089512809634
path,5.23221349887627,6.676005672151278
path,5.233688722335342,6.677927723433963
path,5.235122323403321,6.679806255082557
path,5.236487484300623,6.68166120763135
path,5.237844778263358,6.683509962342207
path,5.2391964281881505,6.6853597630301165
path,5.240545636607475,6.687207868701289
path,5.241890834655905,6.6890246563570175
path,5.243236366617606,6.690849960221042
path,5.244573837619413,6.6926681529063625
path,5.245906163211745,6.694487476808861
path,5.247236659999767,6.696305907490139
path,5.248558819596901,6.698097399697601
path,5.249878656901984,6.699890707610606
path,5.251190736862377,6.7016817470379415
path,5.252494959556698,6.703469494237834
path,5.253795516536247,6.705257256923267
path,5.255090492309409,6.707024294239839
path,5.2563775633207,6.708782963633593
path,5.257662727982,6.7105431100514705
path,5.258946929414743,6.712308103946721
path,5.26022728941613,6.714070403816982
path,5.261499947941847,6.715807107406519
path,5.262770528967097,6.717542523149875
path,5.264071976083497,6.719284395597199
path,5.26542002519152,6.7210387783237815
path,5.266805313633033,6.722799393818517
path,5.268211593499491,6.7245414344906225
path,5.269644882485257,6.726287619335296
path,5.271111806923095,6.728040426207153
path,5.272603939512112,6.729795982053657
path,5.274111796503486,6.731547699056797
path,5.275685807055431,6.733553707709304
path,5.277373237214705,6.7358507999616
path,5.279159565585894,6.738229959039196
path,5.28103660226233,6.740627197343934
path,5.283012204688474,6.743044530400228
path,5.2850605160927575,6.745412867154625
path,5.287208489389862,6.747804710604687
path,5.289410513983605,6.7502185151983
path,5.291617321293356,6.752618218453026
path,5.293835105548934,6.7550203730195815
path,5.296034029653901,6.757343916632575
path,5.298174541710713,6.759637038112411
path,5.300271757525413,6.76191374502236
path,5.302361619677168,6.76418262409738
path,5.304455197426486,6.766446943418782
path,5.306553380470641,6.768648682153475
path,5.308624875116534,6.770835753079118
path,5.310684707049584,6.773014351593476
path,5.312749871977182,6.775193077635396
path,5.314821046937349,6.7773817161035526
path,5.3168015161893685,6.779506739307232
path,5.318611336647017,6.781568544706574
path,5.320281271108172,6.7836028546817255
path,5.321813952466826,6.785575034210781
path,5.323232356372177,6.7874727336721055
path,5.3244883345725595,6.789286137895693
path,5.325658107060199,6.791034572295035
path,5.326798035239076,6.792753952529808
path,5.327939805613228,6.794487525805165
path,5.329105876238721,6.796267563215505
path,5.3303122557543094,6.798077359200667
path,5.331565794242674,6.799963878320576
path,5.332875930586076,6.801940659835289
path,5.334182072618017,6.80392741491183
path,5.3354616419569805,6.805884531032129
path,5.33669655074084,6.807784555169006
path,5.337910636896753,6.809661545318354
path,5.339106580732616,6.811520320713936
path,5.340292712457952,6.813359389567202
path,5.341457757958493,6.815186033431163
path,5.342587955482312,6.816963489579066
path,5.343707033905983,6.8187257877055965
path,5.344817083567429,6.820472979819492
path,5.345918620531772,6.822205843928267
path,5.347012375520488,6.823924853323575
path,5.348080160489898,6.825602843052165
path,5.3491473844737625,6.82727657746812
path,5.350217018762793,6.828947444326248
path,5.351287688921863,6.830616682735623
path,5.35236415076371,6.8322808970276805
path,5.353424354613032,6.833915837495601
path,5.354481236971602,6.835549306296415
path,5.355539483695533,6.837181188018606
path,5.356596327542937,6.838813759929509
path,5.357651987762981,6.84044629236062
path,5.358692305811089,6.8420561520704535
path,5.359730034522024,6.843666710467651
path,5.360766969422223,6.845277199593476
path,5.361802100020082,6.846888242564316
path,5.362836128346354,6.848499373767832
path,5.363855195645558,6.850089331788384
path,5.364873107324877,6.8516792874306764
path,5.365888934955644,6.853269984087497
path,5.36690724761092,6.854858883810929
path,5.367920394650178,6.856450363059756
path,5.369067766822655,6.85830505157819
path,5.370463442465532,6.860510758141875
path,5.371972340079829,6.862895306261469
path,5.373478427429737,6.865280778816765
path,5.374981960031733,6.867666955855541
path,5.376446803219704,6.869993715675582
path,5.377905780905878,6.872319196150095
path,5.379362504508254,6.8746451314865435
path,5.3808161350695105,6.87697212903916
path,5.382267726968894,6.879299480761916
path,5.383684171140372,6.881568352350211
path,5.385653704149511,6.884157038245476
path,5.387786106830283,6.886760608708117
path,5.3899158679257475,6.889366295499687
path,5.392042981612646,6.891974098003971
path,5.394100247905748,6.894497752539289
path,5.396151727100625,6.8970229325460295
path,5.39820071402469,6.899550084483555
path,5.400247207124154,6.902079209647471
path,5.402291201334955,6.904610306623688
path,5.404252190557803,6.907040136888439
path,5.40620653875498,6.909469681606346
path,5.408158588887068,6.911901039922259
path,5.410108337817797,6.914334211164867
path,5.412055782385928,6.916769194472804
path,5.413931645075134,6.919115512495133
path,5.415801779165786,6.92146261289919
path,5.417669768235726,6.923811387681799
path,5.419535609941406,6.926161836157774
path,5.421399302482702,6.928513957886137
path,5.423200972787554,6.930787654950376
path,5.424997597534795,6.9330633515085305
path,5.426792202082543,6.9353406019688375
path,5.42858478431557,6.937619405416972
path,5.430375343564315,6.939899761918657
path,5.432121593264492,6.9421206361305785
path,5.433863733965695,6.944347108916588
path,5.435603925907572,6.946575041385848
path,5.437342170643447,6.94880443500379
path,5.439078469000074,6.951035290651624
path,5.440765624636403,6.953200294327025
path,5.442448426639339,6.955369844358221
path,5.444129377253446,6.957540763442465
path,5.445808475077341,6.959713050744974
path,5.44748572544928,6.9618867103032525
path,5.44910330745013,6.963981540385404
path,5.450715912363283,6.9660784377549865
path,5.4523267939460185,6.968176603468849
path,5.453935955660197,6.970276040149347
path,5.455543399337103,6.972376749213834
path,5.457112696920217,6.974411969336837
path,5.4586772860054875,6.976462615358354
path,5.460240122334196,6.978514923304367
path,5.461801299806106,6.980568423633831
path,5.463360819351633,6.982623116995948
path,5.46489223657171,6.984643312030136
path,5.466420591945676,6.986663561677501
path,5.467947369552975,6.988684977690819
path,5.469472567671824,6.990707558836966
path,5.470996191866695,6.992731309232779
path,5.4724891912420155,6.994703593921201
path,5.473978221124457,6.99668743838125
path,5.475465784122531,6.9986724366358475
path,5.476951867116569,7.0006585784383955
path,5.47843646548083,7.002645860511301
path,5.479893504127098,7.004576690900401
path,5.481346707341038,7.006523341001707
path,5.482798079871664,7.008474940959287
path,5.484247976226303,7.010427600956926
path,5.48569640157993,7.012381324799725
path,5.487458830743001,7.0148721495884825
path,5.48957508660648,7.0177736960221315
path,5.491721174969398,7.02068279999468
path,5.4938701528497695,7.023573454290806
path,5.4960120399404175,7.026488598549481
path,5.498074693378499,7.029285395133014
path,5.500129835260827,7.032094089557813
path,5.502181405686207,7.034910380538134
path,5.504231282477013,7.03770914243598
path,5.506280453783212,7.040509435431678
path,5.508236861981644,7.043191686618124
path,5.509962298222588,7.045840905301021
path,5.511111446761134,7.04837678958622
path,5.512330229455362,7.050834890770119
path,5.5136376015910535,7.053194661897967
path,5.514945538748311,7.055409581428099
path,5.516261655654884,7.057596884519277
path,5.517576684654213,7.059784720493556
path,5.518890603916484,7.061973083395887
path,5.520203393534114,7.06416196755771
path,5.521482407572927,7.066299527921332
path,5.522759429927706,7.068433273187849
path,5.524035348505005,7.070567540338158
path,5.525289053057842,7.07271363737209
path,5.5265634364750795,7.074848746498924
path,5.527800008356582,7.076935215708245
path,5.529039400755186,7.079016692803044
path,5.530277631580893,7.081098639689438
path,5.531514697706021,7.083181052588496
path,5.5327505961548225,7.085263927915527
path,5.533952060021636,7.08730231475316
path,5.5351562603581845,7.089336593763439
path,5.536359335400293,7.091371281958322
path,5.537561283028,7.093406378725731
path,5.538762091731943,7.095441886015286
path,5.539929642403919,7.097434770761814
path,5.541096812600296,7.099425836560285
path,5.542260245093471,7.101417887692878
path,5.543419868623555,7.103410937081042
path,5.544575607819384,7.105404998463752
path,5.545678317126499,7.107359372576931
path,5.546797180132344,7.1093060914198585
path,5.54791312148958,7.111252661937774
path,5.54902497084521,7.113200299307911
path,5.550132641893734,7.115149015107115
path,5.551211890270685,7.1170643168128365
path,5.5522900542560905,7.118978206957292
path,5.553365398123477,7.120892793214663
path,5.5544395718994535,7.122807696070129
path,5.555512579104331,7.124722916894318
path,5.556565546308226,7.1266057282224695
path,5.557617093862689,7.1284871941395895
path,5.558667526054564,7.130368983133956
path,5.55971684460004,7.1322510947179385
path,5.5607650510570075,7.134133528244215
path,5.561791504559217,7.135986793431926
path,5.562819617760732,7.1378383129138765
path,5.563783573223444,7.13977247491173
path,5.564786005317546,7.141684267895441
path,5.565840344518652,7.143560955782626
path,5.566887518135546,7.145418497788544
path,5.567934477842917,7.147278401002276
path,5.568980322264959,7.149141381404744
path,5.570025029073623,7.151007447291733
path,5.57106857630839,7.152876606697773
path,5.572257530547263,7.155373074344091
path,5.5738380647670285,7.158369849777727
path,5.575511030742993,7.161400276526847
path,5.577180615480261,7.1644388504721785
path,5.578846744867066,7.167485593100933
path,5.580439591689169,7.170448606652901
path,5.58203660366441,7.173397471664774
path,5.583628146173124,7.1763542230811925
path,5.5852183581289205,7.179318047635196
path,5.586804967808431,7.182289413700475
path,5.588330607290965,7.185176337666516
path,5.589866862696704,7.188064007210055
path,5.591406375682664,7.1910068059172145
path,5.592951153753069,7.194004273203188
path,5.59456950886744,7.1969754434805955
path,5.596153613107267,7.199883539659397
path,5.597766648280431,7.202803133039812
path,5.599404555855685,7.205747996518456
path,5.601067016281274,7.208717840311133
path,5.60269993112867,7.211753886013881
path,5.604254745606864,7.214742116748011
path,5.605845553544033,7.217697390128918
path,5.607468561790966,7.220642276935323
path,5.6091196066992275,7.223573152797418
path,5.610737996458933,7.22647392980762
path,5.612288940236602,7.229276966245363
path,5.613844435887555,7.232061356798384
path,5.615396367839928,7.23484698320018
path,5.616944732559949,7.237633848843518
path,5.618489526790507,7.240421956276782
path,5.619971039544563,7.243129800221988
path,5.621456245022378,7.245824316548596
path,5.622938129484465,7.248520072584934
path,5.62441668893971,7.251217060986024
path,5.62589191975754,7.253915274740401
path,5.627314513632018,7.256546107089541
path,5.628738201356418,7.259164634426676
path,5.630158736409919,7.261784199927976
path,5.631576117523834,7.264404802531143
path,5.632990344939498,7.267026450471862
path,5.634357344953197,7.269583142900573
path,5.635723520361263,7.272132839568158
path,5.637012066994624,7.274722401323147
path,5.638314179739103,7.277307908215728
path,5.639483065588995,7.279786844694548
path,5.640588557078749,7.282136158069064
path,5.641721285569555,7.284449194302449
path,5.6428523509146,7.28676235457161
path,5.643981265842524,7.289076195770311
path,5.645108026916219,7.291390712091941
path,5.646212069789396,7.29366697738006
path,5.647314939415562,7.295942246990836
path,5.648415744479809,7.298218164151677
path,5.649514460163826,7.300494714519446
path,5.6506110839668136,7.302771892803065
path,5.651650144680002,7.30505258433406
path,5.652586153210607,7.307467662128944
path,5.653529976650217,7.309859948497451
path,5.6544793093505925,7.312231534680683
path,5.655434612936644,7.31458494303142
path,5.6563707325351285,7.3169374255085975
path,5.657315137004675,7.319314056658321
path,5.658338278166338,7.321609497719477
path,5.65937850997268,7.323845273950134
path,5.66041311510534,7.3260488487635245
path,5.661423686137027,7.328185797329033
path,5.662432126304891,7.330317367554041
path,5.663438812960868,7.332449683572134
path,5.664443742224639,7.334582739367794
path,5.6654469123242865,7.33671652896379
path,5.666633693339777,7.339468726684053
path,5.667915497573325,7.342917007371161
path,5.669510723785561,7.346597689897354
path,5.671245361153556,7.350356327976932
path,5.672994344699073,7.3541304973295345
path,5.674641930250056,7.3577955720882215
path,5.676306651306403,7.361417966986052
path,5.677970160692268,7.365045035775017
path,5.6796302018777585,7.368675851595829
path,5.681348166119302,7.37237022773326
path,5.683064824170752,7.375981400001002
path,5.68483787374148,7.37950247558381
path,5.6866549457788365,7.382968007523336
path,5.688435989349284,7.3865469936306125
path,5.690340198854375,7.3900944821022785
path,5.692163043273643,7.393537662043271
path,5.694032942181007,7.3969342427884355
path,5.695939979554546,7.400371280430027
path,5.697867678286075,7.4038326225819935
path,5.699787751145431,7.407291004377023
path,5.701584378308595,7.410670760652822
path,5.703392951864556,7.413986993205626
path,5.705210363290234,7.4172914960611545
path,5.707020461962973,7.420592713090205
path,5.708823285954074,7.423890645567669
path,5.710494984302244,7.427098951822797
path,5.712160231796618,7.4302346209873695
path,5.713847157923112,7.433352509458273
path,5.715529634202419,7.436466352681014
path,5.71720571390596,7.439577146880926
path,5.718763965438748,7.442610433197626
path,5.720311951229446,7.445597354300864
path,5.721853725106053,7.448563262421467
path,5.723339252387405,7.451517226152723
path,5.724743704253129,7.454477487067079
path,5.726063438620495,7.4573399005828165
path,5.727301303061616,7.460180863073106
path,5.728414401147097,7.46306212440705
path,5.729414911855817,7.465979602477078
path,5.73052515302856,7.468804400766164
path,5.731701232080825,7.471484831919784
path,5.732982184509944,7.474039496027447
path,5.734297046974672,7.4765417331831605
path,5.735613778284628,7.479030824564015
path,5.736926297458745,7.481517413515531
path,5.738207325021671,7.483974287137298
path,5.73948516891494,7.486430867755495
path,5.740765527557695,7.488871974126001
path,5.742041750712908,7.491310758234726
path,5.74331383222836,7.493747224826029
path,5.744534689148971,7.496137621826675
path,5.745753456855615,7.498490790787828
path,5.746968515606877,7.500835042920289
path,5.748179758385178,7.503175953364911
path,5.7493871492298805,7.505514844754941
path,5.750563866577396,7.507829346930529
path,5.751738484031312,7.510120270755153
path,5.752909453355033,7.512405400150005
path,5.754076677204371,7.514688122464519
path,5.755240138169842,7.516968872832948
path,5.756361864019992,7.51921602421895
path,5.757488367852057,7.521447554493591
path,5.758611795817575,7.523664838475594
path,5.759726004147724,7.525879920878951
path,5.760799675980644,7.528092690229573
path,5.761809056317243,7.530264418491358
path,5.762794773499623,7.532405550541266
path,5.7637570497262685,7.534518985535247
path,5.764720872526979,7.536626555084566
path,5.765686654949525,7.53874623259271
path,5.76713691948843,7.541458774081137
path,5.769071832593373,7.545062707960403
path,5.770978665915236,7.549077150104816
path,5.772846862946773,7.553376143741908
path,5.774715993882823,7.557841962829512
path,5.776481463169979,7.562418113034748
path,5.778246452799818,7.567036545933768
path,5.780022064334698,7.571662882968483
path,5.781798064169053,7.57628657270931
path,5.783568323577733,7.5809217696385645
path,5.785241488484,7.5853057517024505
path,5.786872558555729,7.5895937178209385
path,5.788494434567676,7.593877187061075
path,5.790115220224827,7.598150156160455
path,5.791737507328172,7.602424213269667
path,5.793264743966735,7.606440687764221
path,5.7947544144337755,7.610400782699203
path,5.79625233025335,7.614344554980147
path,5.797738863560873,7.618289932452677
path,5.799229114248301,7.622229191702117
path,5.800678256824226,7.626112393399597
path,5.8021232310804844,7.629965795624153
path,5.803567834071484,7.6338128484295344
path,5.8050165828488005,7.637650361832578
path,5.806458735893106,7.641475607604181
path,5.80784614295404,7.645193455576631
path,5.809214234525238,7.6488637596629765
path,5.810580323348323,7.652521746947792
path,5.8119478363618615,7.656169666789976
path,5.8133138614327216,7.659808270185165
path,5.814605141027892,7.663335843953159
path,5.815896381540857,7.666827313151327
path,5.817187797619932,7.6702983193841945
path,5.818478414850509,7.673754634609672
path,5.819768595088367,7.6771930762219975
path,5.821041934803443,7.6806152109188695
path,5.822316162988327,7.684020596845544
path,5.823581847372629,7.687415063485051
path,5.824857685061665,7.690798930753249
path,5.826134007367375,7.6941783261324455
path,5.827375079843972,7.697530843778946
path,5.828614547554457,7.700862977702421
path,5.829854771362996,7.704177195316596
path,5.831093632070403,7.707480867332756
path,5.832337573293515,7.710774393589841
path,5.83352688623469,7.714040297625187
path,5.834708220916706,7.71727031371969
path,5.835869107411531,7.720477780685508
path,5.837049770280376,7.7236695741676336
path,5.8382259931341425,7.726836888066403
path,5.839368014231801,7.729971369494608
path,5.840507979664339,7.733076375978778
path,5.8416478374095115,7.736156296411132
path,5.842783404654921,7.739218989835536
path,5.843927336030648,7.742263940757701
path,5.845023576861186,7.745280421081931
path,5.846023818179032,7.748384470405013
path,5.846913368838104,7.751628729335267
path,5.847799662987904,7.754873348311789
path,5.848682711087307,7.758118338737315
path,5.84955269085662,7.761268625432361
path,5.8504005565938595,7.764407585923369
path,5.851279225901099,7.767564615778938
path,5.852360212981841,7.770824943186816
path,5.8536037329230615,7.774154295101184
path,5.8548756151489245,7.777450491516094
path,5.856132088496766,7.780742744049043
path,5.85738470623256,7.784036128936052
path,5.858633593958425,7.787330682556915
path,5.859879565997058,7.7906264236876535
path,5.861110774081358,7.793829512158031
path,5.862309440410809,7.797020312951033
path,5.863504981624582,7.800212319985987
path,5.864697399030173,7.8034055358220815
path,5.865886244258736,7.8066000444689
path,5.867498406977422,7.810511224050052
path,5.869698327156262,7.8156146216583995
path,5.871867729810382,7.821590330671494
path,5.873886568338345,7.828246688539079
path,5.876014770034542,7.835143899658486
path,5.878372801641669,7.841668824553846
path,5.880712888448532,7.8481093382423985
path,5.883012741895902,7.854538554894844
path,5.885295324162568,7.860968058831353
path,5.887566442568318,7.867397354801142
path,5.889732783040259,7.873478861329327
path,5.891841881465147,7.87944878604383
path,5.893897963324133,7.885374836923742
path,5.895910757528142,7.891243083662962
path,5.897884764674916,7.89704638559138
path,5.899764845051317,7.902556284259085
path,5.901622632241788,7.907947114982004
path,5.903482367776581,7.913263296871409
path,5.905346226647387,7.918533315590925
path,5.907228046138985,7.923770820517606
path,5.909006450185592,7.928806911588489
path,5.91067337787502,7.933724829417061
path,5.912340152766465,7.938587367241061
path,5.914013103851684,7.943410862927415
path,5.915696562639392,7.948202291303693
path,5.917282210623081,7.95286121741173
path,5.918802590931919,7.957417136623683
path,5.920326732787259,7.961918941942028
path,5.921859667001378,7.9663773438715255
path,5.923403398690641,7.97080529138417
path,5.924867419756224,7.975224103786636
path,5.926329175422001,7.979687155860922
path,5.927784985976318,7.9841518676352345
path,5.929230968767216,7.988623402554265
path,5.93067310000227,7.99309594274575
path,5.932079370217611,7.997512397403435
path,5.9334839436152675,8.001916919383348
path,5.934881927556544,8.00632523051624
path,5.936270659339603,8.01073977428852
path,5.93765496285149,8.015156312022988
path,5.93896012807551,8.019338320599386
path,5.940248934201663,8.023500162999586
path,5.941533355859004,8.027665287677296
path,5.942812753367551,8.0318324728892
path,5.944084505445755,8.036004596464831
path,5.945314730086031,8.040061487982646
path,5.946539083173194,8.04411865799167
path,5.947756550858861,8.04817893116895
path,5.948970477281226,8.052241774967877
path,5.950177829893487,8.056308921101682
path,5.951298204473495,8.060069564796478
path,5.95238956853872,8.063785922914727
path,5.953478444713749,8.067504647944386
path,5.954563535384656,8.071225609305133
path,5.955643800297819,8.0749483777829
path,5.956676774517361,8.078524112285756
path,5.957704154398664,8.082097818341174
path,5.95872800524323,8.085673837378334
path,5.959747211326034,8.089251278924879
path,5.960762999737568,8.092830788200915
path,5.961738782889736,8.096284330212857
path,5.962710687564983,8.099738118603373
path,5.963679372667215,8.103193592883631
path,5.9646338141562145,8.10663080824776
path,5.9655536371108395,8.110023547931567
path,5.966431323467852,8.113262122404398
path,5.967333850773096,8.116480521218277
path,5.968220942196712,8.119680546103496
path,5.969102024529794,8.122839761305666
path,5.969982257749239,8.125970830723773
path,5.971206308897651,8.129872592836188
path,5.972686045148375,8.134660729736336
path,5.974334004011178,8.14018137767718
path,5.975973294753837,8.145849774008472
path,5.977599081869083,8.151540232930422
path,5.9793803753750225,8.157730189017094
path,5.9812834284755745,8.16441339040923
path,5.983173146314707,8.171136240981129
path,5.985045148624113,8.1778788024474
path,5.986894272386974,8.184630509449281
path,5.988678116280222,8.190985496335776
path,5.990297490562416,8.197062798450803
path,5.99182565642996,8.202979616406896
path,5.993372983274566,8.208776168870925
path,5.994928314033603,8.214478247532643
path,5.996388754174391,8.219830595465673
path,5.997704816855246,8.225010550189193
path,5.998996433381264,8.230058662490956
path,6.000339913737087,8.23498879702902
path,6.0016873687927434,8.239870094919679
path,6.003117788767991,8.245062404569612
path,6.004548039601692,8.250307944962543
path,6.005969709958582,8.255555468393208
path,6.007382796256176,8.26080498070331
path,6.008787294430924,8.266056491046056
path,6.009980581733482,8.271156625766368
path,6.011152453457985,8.276113026569847
path,6.0123796136442635,8.280949229108453
path,6.013622996145961,8.285718425369174
path,6.0148589482479125,8.2904850408085
path,6.0158979663863965,8.295072959632211
path,6.016919370664087,8.299508146404655
path,6.017996263737092,8.303818892089573
path,6.019077036165988,8.308096764512714
path,6.020152787528365,8.312376147023151
path,6.021277473607324,8.31686996442582
path,6.022327812527633,8.321344687794937
path,6.023366651887871,8.32579321343634
path,6.024401241217646,8.330235321230298
path,6.025429618602807,8.334677440598496
path,6.026327498552116,8.338992210517652
path,6.027252161694102,8.343205356892973
path,6.028189015466564,8.347361199538485
path,6.029122257060665,8.351502223947007
path,6.030052386254504,8.355637268963061
path,6.030911219271101,8.359677156532992
path,6.0317773115335145,8.363633584741578
path,6.032636490928851,8.367545707340346
path,6.033484312906866,8.371379349573356
path,6.0343371181736805,8.37513027198307
path,6.035085476185963,8.378749869727454
path,6.035826733495682,8.382274208758538
path,6.036609119198051,8.385724436560388
path,6.03739114187036,8.389161925919653
path,6.038168984763895,8.392598135858464
path,6.038900721266563,8.396502365670756
path,6.039744206204831,8.400539916964473
path,6.040634603885857,8.404616984215682
path,6.0415274187104595,8.408709427565627
path,6.042418874003845,8.412811473985741
path,6.043256504208333,8.416835205736211
path,6.044112531007277,8.420784382060777
path,6.044963156452019,8.424718631891288
path,6.045820292684931,8.42865026886733
path,6.046685579602589,8.432577327243166
path,6.0474556745034596,8.436395792054796
path,6.0482416323866115,8.440115428145727
path,6.049037809928761,8.443795726015079
path,6.049829132084031,8.447470770910815
path,6.050614543838451,8.451146861877323
path,6.051393793295321,8.454834432215366
path,6.052173586230594,8.458526592479162
path,6.052967554487132,8.462229222105824
path,6.053737652914611,8.465926727729089
path,6.054481799978166,8.469604346228678
path,6.05515054575826,8.473223015975234
path,6.055805007584871,8.476797102119523
path,6.056455715886474,8.480339215983875
path,6.057097465039437,8.483854651091285
path,6.0577370730967335,8.487359254341985
path,6.058332432155166,8.49081217741814
path,6.058906044683375,8.494221079962664
path,6.0594785968496785,8.49758390982376
path,6.060051572444403,8.500922974681565
path,6.060629602119907,8.50424604403414
path,6.061199451329585,8.507530647050945
path,6.061760075530118,8.510775179972907
path,6.06231033974799,8.513999708811982
path,6.06286061492036,8.51721460816659
path,6.063418854573426,8.520423876496183
path,6.064383759339049,8.524534336658833
path,6.06572419340581,8.529989559596844
path,6.066962404796268,8.536372130692472
path,6.068168470971661,8.543186705524143
path,6.06940688717455,8.550023800213213
path,6.0708807959593685,8.557539182693285
path,6.07242358172697,8.566116378062667
path,6.073841609084887,8.57555420509745
path,6.075260761326199,8.585254355271417
path,6.076734031051639,8.594977971591055
path,6.077929265140993,8.60439659962005
path,6.078778722154847,8.613451664048844
path,6.079497291113076,8.622250368928793
path,6.080202109283915,8.630914340398476
path,6.080917896992212,8.639514169889503
path,6.081710022395537,8.64811911905034
path,6.082566512350009,8.656704755009839
path,6.083478401723124,8.665284377414558
path,6.084440612456586,8.673862735050148
path,6.085450190886149,8.682445619044723
path,6.086450012865847,8.691505559244906
path,6.087378072806953,8.701177914171152
path,6.0883547597286825,8.710901115578375
path,6.089383757559845,8.720637018485986
path,6.09045937702754,8.730381621867933
path,6.091573737840861,8.740131544617904
path,6.092728571206746,8.749886714803651
path,6.09392170938,8.759647506864303
path,6.095123718631417,8.769407772201063
path,6.096293079052547,8.779137102070687
path,6.097428404039465,8.788831762528945
path,6.098534756981784,8.798514216682213
path,6.099609528655616,8.80819396743161
path,6.1006495761152735,8.817872666684316
path,6.101651844274955,8.827550591710342
path,6.102612655236719,8.83722514854066
path,6.103531973106695,8.846900675737748
path,6.104405356249082,8.8565748968369
path,6.105228648307219,8.866245713438403
path,6.1060028022459365,8.875916382632568
path,6.106721969460087,8.885586184969817
path,6.107388668721034,8.895259306718788
path,6.1080021138222245,8.904930504180998
path,6.108556236056686,8.914593075677452
path,6.109049372597725,8.9242528059442
path,6.109472344852171,8.933908022829817
path,6.109821818478407,8.943562142326572
path,6.1100862672831076,8.953210314099497
path,6.1102487070964715,8.962859506417827
path,6.1103152589987095,8.972502681209823
path,6.110301828828313,8.982146153646694
path,6.110266683287143,8.991800224131913
path,6.1102349615837035,9.001364031571422
path,6.110174551042873,9.010659773800182
path,6.110099547668687,9.019795856007631
path,6.110037950344395,9.028801058572098
path,6.109983997668514,9.037712688315768
path,6.109887727494934,9.046577740906733
path,6.1097372655657995,9.055434478146758
path,6.1095708043576975,9.06428923570211
path,6.109362995711962,9.07313715721498
path,6.109096045310134,9.081887702509105
path,6.108776556905531,9.090505388532426
path,6.1084068769627295,9.099125540200898
path,6.107981121922919,9.107747545584663
path,6.107428067153193,9.116407429182022
path,6.106812311929707,9.125334023750101
path,6.106171771305279,9.1342751169399
path,6.105504568385166,9.143213447344813
path,6.104810680279591,9.152148870545846
path,6.104090088538136,9.161081137957686
path,6.103342759104013,9.170010205951632
path,6.102568672219669,9.178935930565295
path,6.101767807610024,9.18785817075231
path,6.1009401449582805,9.19677678510301
path,6.1001210591885044,9.205694369407526
path,6.099342880691159,9.214697813632686
path,6.098562004623249,9.223808782125532
path,6.0976616276345075,9.232963461805749
path,6.096599670298145,9.242173040012107
path,6.095446525657148,9.251396483504026
path,6.094277275273245,9.26064303590867
path,6.093108590562228,9.269884136465324
path,6.092348402573152,9.278947153985747
path,6.091761100651201,9.287688148823896
path,6.0908958489303595,9.296504408638983
path,6.0899162503385895,9.30525681404138
path,6.089279772497199,9.313762781250976
path,6.088854641237982,9.321957992607295
path,6.088468760521449,9.329765005710183
path,6.087955181091255,9.337711789264763
path,6.087279073839517,9.345984039400031
path,6.086570576650201,9.354481609839773
path,6.086066729347021,9.362758865897307
path,6.085629895236336,9.370675279019908
path,6.085222225628248,9.378360348680587
path,6.084900961652365,9.38577574232977
path,6.084603807811878,9.392948315917039
path,6.0843708271043075,9.399996112097055
path,6.084160853382315,9.406872911913192
path,6.083994732887867,9.413499392637162
path,6.083877591940079,9.419965385975038
path,6.08379229939662,9.426339765213012
path,6.083739707454989,9.432635938149273
path,6.0837230522002335,9.438864019299478
path,6.083699499958451,9.444524360831494
path,6.083829764347958,9.449326714683668
path,6.084156685418116,9.453313763167989
path,6.084624830383569,9.45667522206407
path,6.085025488549595,9.459846669757852
path,6.0853527495790765,9.462807307674744
path,6.085631475982451,9.465541359369896
path,6.0858369564839645,9.46809357324438
path,6.085993851675602,9.470649121288039
path,6.086245516026924,9.473149466030408
path,6.086480967751264,9.475755894242758
path,6.086826977146727,9.478340015256396
path,6.08724506004043,9.480931201124141
path,6.087730311666451,9.483524708672952
path,6.088278076443897,9.486113615227644
path,6.088902252510262,9.488463235601833
path,6.089573080844937,9.490685945508876
path,6.090267104532753,9.492860741149567
path,6.090989408916546,9.494994447015683
path,6.091735994458351,9.497081563933833
path,6.092513580928824,9.49942905333641
path,6.0933459807715336,9.501754684466949
path,6.094218007073891,9.504039163684201
path,6.095127945307421,9.50628946906845
path,6.096066366596014,9.508512003860218
path,6.097031019314012,9.510962347151729
path,6.098059244625667,9.513491297177449
path,6.099175872908632,9.516020921577718
path,6.100385915169536,9.51853786338983
path,6.101678624528385,9.521058201913036
path,6.103002790993534,9.523893486220805
path,6.104407665254762,9.526738240996112
path,6.1059166318128195,9.529520416718931
path,6.107503486296156,9.532287985564755
path,6.109173543602268,9.535049096972525
path,6.110737616038401,9.538391308300014
path,6.112295151051517,9.542212446025411
path,6.1138961352877015,9.546349942504587
path,6.1154974169540885,9.550691048738292
path,6.117106002779168,9.555196953344081
path,6.118696952358895,9.560093753163452
path,6.120366757930633,9.56519235331342
path,6.122067606117303,9.57040103947205
path,6.123815117230024,9.575706953875837
path,6.125608391436927,9.581103148012836
path,6.1274543345339305,9.586580352755112
path,6.1293117679800755,9.592161861398278
path,6.131221687055176,9.59783099604093
path,6.133188077464511,9.60357255437373
path,6.135213441647791,9.609384469433335
path,6.137250535937673,9.615403826298278
path,6.139315806721543,9.621590140265292
path,6.141415502997751,9.627918961361424
path,6.143552148308713,9.634382938493362
path,6.145718501791141,9.640966154624403
path,6.1479538407403345,9.6474697126892
path,6.150243079272118,9.654064944762437
path,6.1525446620541295,9.660832367147828
path,6.1548613425546055,9.667759905178286
path,6.15719620655235,9.67483887736227
path,6.159598572406468,9.681871751760799
path,6.161937579505527,9.689247929610286
path,6.164198176816244,9.697034413305344
path,6.166398576844173,9.705200859703872
path,6.168544160376257,9.71372466322849
path,6.170608737706076,9.72227475372657
path,6.172859219785613,9.730635049139309
path,6.175255180782935,9.739009791299711
path,6.177598463946708,9.747733424025345
path,6.179880554251864,9.756799308528674
path,6.182084932904611,9.765874509141641
path,6.184455204239738,9.774830240695982
path,6.187015514291396,9.783805868469345
path,6.18959295595892,9.793129884654867
path,6.1920344936430745,9.802696912969372
path,6.19424973933947,9.812151011073887
path,6.196599050975077,9.821282197280436
path,6.199190351451681,9.830229891843985
path,6.202018817242128,9.839015827442962
path,6.2049877309664785,9.847714588810426
path,6.208031160486081,9.856302085817067
path,6.211212453009004,9.864806536835701
path,6.214416219316309,9.87333613068076
path,6.2176421026869235,9.881890025697851
path,6.220889777871219,9.890467450717267
path,6.224131593053377,9.899092182739457
path,6.227321933702681,9.907816565174016
path,6.230444555844758,9.916641013034027
path,6.233404473988031,9.925636883323484
path,6.236191821338996,9.93479613150408
path,6.238856554493676,9.944015678057418
path,6.241121552062538,9.953670648642424
path,6.242962734051647,9.963752588578442
path,6.244425463035392,9.97421933261724
path,6.245631713085585,9.984958302489874
path,6.2466554568081385,9.9958100847445
path,6.24780711889598,10.006388467314112
path,6.249085317408363,10.016863953274113
path,6.250356648116088,10.027441203524418
path,6.251407602146421,10.038248781212502
path,6.252431493977659,10.04915374823512
path,6.253852971973616,10.059898534703002
path,6.255527094121854,10.070707499285732
path,6.257104512336945,10.081848857037734
path,6.258580100993,10.093296226335555
path,6.259697238984132,10.104494444972335
path,6.2604053940742475,10.115140880944203
path,6.260763317037672,10.125303807153216
path,6.260952723286737,10.13530476726747
path,6.2609141137278534,10.145310201014096
path,6.260546283673211,10.154804610695791
path,6.259777101296694,10.16373950198502
path,6.2588312542772115,10.172443292615469
path,6.25751482714534,10.181785602275465
path,6.255757669626767,10.191651351173691
path,6.253738261276056,10.201999431362848
path,6.251601288771887,10.212587838884891
path,6.249764754824516,10.223213927076038
path,6.248147336503151,10.233871446937226
path,6.246446754102004,10.244611910812084
path,6.244812061399123,10.25525140522917
path,6.243177218444264,10.265853703690082
path,6.241860606236578,10.276506766891199
path,6.241171287357589,10.286964855295329
path,6.240616897904305,10.297123822720017
path,6.240364479104636,10.307277568723627
path,6.240265351917315,10.317460928071515
path,6.2402746718059054,10.327447872539498
path,6.240418976404701,10.337265413798308
path,6.240711249591646,10.34695443868425
path,6.240992347330932,10.356976472612264
path,6.241376046396956,10.36718586773558
path,6.241870415542747,10.377277972338831
path,6.242500596445306,10.387208227908964
path,6.243282746058701,10.39702086508494
path,6.243713316726321,10.40749403218142
path,6.24406948863297,10.41840223642116
path,6.2444470671435806,10.429617698081039
path,6.244736004151637,10.44093828942586
path,6.244903276925286,10.452320784833455
path,6.245144679260278,10.463407256174312
path,6.245704014528765,10.474039612664498
path,6.246098004193071,10.484673963379386
path,6.246156523508283,10.49542943618533
path,6.245897462891585,10.506269660820829
path,6.245524004070564,10.5170219526916
path,6.245487878456936,10.527376431007479
path,6.245463207398941,10.53759478697855
path,6.245126174670876,10.547931674598622
path,6.244498689198772,10.558355673076791
path,6.243742878900497,10.568838389283005
path,6.243054869912029,10.579793740077932
path,6.242178007796267,10.591086602343852
path,6.241077989916373,10.602585464289813
path,6.239854856603638,10.61436904688975
path,6.2385529400403215,10.626245539585465
path,6.237684247773319,10.63793343244785
path,6.236752625669628,10.649497627676137
path,6.235552207507854,10.661193349735782
path,6.23422757695287,10.673138151179831
path,6.232877613187303,10.685134363191253
path,6.2318571027764955,10.696831859346313
path,6.231116654334935,10.708238879534465
path,6.230263106358204,10.71961806347585
path,6.229251502074741,10.731028406927898
path,6.228539563027708,10.742506346799825
path,6.2280787690359345,10.753788802245227
path,6.227640812202689,10.765064977829917
path,6.227218363206228,10.776352459386827
path,6.22670753489484,10.78764753409293
path,6.226272971588102,10.798756136805245
path,6.225850631065062,10.809818806441482
path,6.225360632578987,10.820983230073184
path,6.224924169905546,10.832351511628582
path,6.224451160425674,10.843831523891996
path,6.224200003136559,10.855056586800645
path,6.2243016142622505,10.866009323345242
path,6.224563749990302,10.876934077272672
path,6.224991561163247,10.887909510441546
path,6.225486434635797,10.89884672323187
path,6.225830337635215,10.910105573575839
path,6.226187201242095,10.92146891425907
path,6.226600469305447,10.932760673025026
path,6.227043271460233,10.943972561734565
path,6.227510291433926,10.955116600793962
path,6.227783788783751,10.966513047728565
path,6.227893159628562,10.978140818850392
path,6.227519729604708,10.988962378683377
path,6.226467869759375,10.998863115783053
path,6.22512648047942,11.008472282959556
path,6.223490621976906,11.017816930218505
path,6.221883502032464,11.027061333021194
path,6.220541636832014,11.036296273169254
path,6.21917408452766,11.045313788326537
path,6.21774768867466,11.05409373610847
path,6.216458076387472,11.062895912306452
path,6.2152421957473925,11.07157480922548
path,6.214096759053202,11.080129746289431
path,6.213016416794014,11.08857628034637
path,6.211927439280921,11.096967672718064
path,6.210955209156311,11.105474368815623
path,6.209961125776274,11.113950395352692
path,6.2089236504008,11.122376313853424
path,6.207854587021286,11.130776182242418
path,6.206758375545595,11.139151739183738
path,6.205821706642892,11.147713367037062
path,6.204991491166112,11.156376213423925
path,6.2042444049239185,11.165096435014114
path,6.203576795868231,11.17385907312059
path,6.20297587941255,11.182660391514519
path,6.2022368118498274,11.19136122102834
path,6.2014238697647945,11.200013709233419
path,6.200677863777311,11.20871302660151
path,6.199984431111941,11.217455633008113
path,6.199172956430101,11.226415907767763
path,6.198223545098406,11.235284716638057
path,6.197224406648983,11.243898042861195
path,6.196144716526151,11.252405528286102
path,6.195086697786452,11.260898572430166
path,6.193988314105031,11.269420654244694
path,6.192955011168807,11.278363730876737
path,6.191977544862011,11.287617662663832
path,6.191043975358607,11.297078081202413
path,6.190152448652093,11.306710255235933
path,6.1893019430190686,11.316487854408553
path,6.188474685048938,11.326009574875815
path,6.187540786904076,11.335251850982933
path,6.186632349465928,11.344646249856183
path,6.185754515108405,11.35417257981911
path,6.1849091358902655,11.363803798113734
path,6.184043550386317,11.373204884033001
path,6.182900883116506,11.382475911042183
path,6.1815847226347,11.39193808925596
path,6.180125390182502,11.40153504629315
path,6.1785325233952655,11.411256185579912
path,6.176880879612442,11.421030930726502
path,6.175174066947623,11.43107988003498
path,6.173459596686918,11.441682563091893
path,6.171638424239687,11.452604340543896
path,6.1696949635575615,11.463894252959246
path,6.167669553677904,11.475174424853321
path,6.165448914800412,11.486269834051821
path,6.163140984708264,11.497663069362664
path,6.160695012511172,11.509421715101935
path,6.158105060855249,11.521542669280255
path,6.155655926192811,11.533674303565325
path,6.153422326218327,11.545494017619545
path,6.151148294612376,11.557412510745284
path,6.148899961581696,11.569664142841189
path,6.146660229111937,11.58216353144814
path,6.144375882872464,11.594733158046639
path,6.1420277279455275,11.607413924544343
path,6.139628145365857,11.620149289244466
path,6.137173252165611,11.632901243583717
path,6.134663902783864,11.645652011628174
path,6.13211100184083,11.658099230949412
path,6.129458919776368,11.669743455468442
path,6.126917067173183,11.681057165920345
path,6.12460458282873,11.692142961896982
path,6.122455574269258,11.703201213198215
path,6.120326628243833,11.714362947255026
path,6.118007668817731,11.725695126480291
path,6.115869434722213,11.737250031899181
path,6.113913222642098,11.748973220461872
path,6.112001960082973,11.760885563425495
path,6.110143465196594,11.77294180293665
path,6.108324008043049,11.785111567981172
path,6.106574193480654,11.797458072746334
path,6.104884183896887,11.809905120782751
path,6.103253899555013,11.822438126028489
path,6.101514219129693,11.834631004449152
path,6.099738644476691,11.846228708450592
path,6.09815640124493,11.857830900610209
path,6.09646760624289,11.869776096474551
path,6.094854707387073,11.881857292748041
path,6.0932281076555,11.89350609539883
path,6.091744414208659,11.90449812445462
path,6.090271948586042,11.915248847320312
path,6.088667553112605,11.925904177879914
path,6.086885768535682,11.936462942673574
path,6.085069221347428,11.947320918652794
path,6.083197633381276,11.95811860557038
path,6.081361594544291,11.968529803570181
path,6.079531392089827,11.978662452526505
path,6.077620077456863,11.988541372804935
path,6.0758951387548965,11.99895421643867
path,6.073991336353951,12.009539172761473
path,6.072113604659942,12.019700703304675
path,6.070268139736122,12.029482432717998
path,6.068381373749471,12.038935132087898
path,6.0668392221245675,12.049116121255018
path,6.065235434811549,12.059739186702217
path,6.063480919273881,12.07039620598327
path,6.061695641365111,12.080894105652481
path,6.05987603441754,12.091256812515315
path,6.058340222299219,12.102270796437038
path,6.056833520982686,12.113721962733988
path,6.055349436717886,12.12559446920631
path,6.053949891649946,12.137748755775775
path,6.052588729286926,12.1500391510078
path,6.051149941177562,12.161917475676843
path,6.049491254672127,12.173165671658428
path,6.048002393115582,12.184226556948095
path,6.046711461006943,12.195128476616937
path,6.045601910769293,12.205883683143393
path,6.044490985863677,12.216430561755574
path,6.043345310552726,12.226812331282803
path,6.042103926922878,12.236926751850032
path,6.040813072142543,12.246895287220795
path,6.039476641622023,12.256730355874282
path,6.038054177935575,12.266119707195063
path,6.036661369730338,12.275180433256775
path,6.034986073041539,12.283725731927296
path,6.033148025897487,12.291939726166362
path,6.03125443041761,12.2998669960448
path,6.029880444417431,12.308095033582731
path,6.028779449690166,12.31634601845932
path,6.027374013263259,12.3240822650457
path,6.025793469829217,12.33148690925033
path,6.024131659618296,12.338639050994649
path,6.022388272857394,12.345434086027911
path,6.020709306096061,12.35200793882633
path,6.018940272051351,12.358190853856797
path,6.017150600817096,12.364197148033886
path,6.015303306827009,12.370098962612353
path,6.013529375239976,12.375695734538722
path,6.011800859303486,12.38121899572044
path,6.0100433945616665,12.386533086519828
path,6.008306627599746,12.391820490890094
path,6.006547768350291,12.397067301820828
path,6.004704285483807,12.402800537140116
path,6.0026893862564155,12.409104346020584
path,6.000603259676025,12.415374899859561
path,5.998519650865641,12.421628671267655
path,5.996423088930219,12.427849829735267
path,5.99460992637042,12.435167661666089
path,5.993077802030929,12.443657530790034
path,5.9914432511512725,12.452762227258608
path,5.989610497411945,12.461979199541153
path,5.987759984901082,12.471092295373417
path,5.985987318548988,12.480323544785339
path,5.984267988449692,12.489541257429108
path,5.982626952435746,12.49886561079494
path,5.981091503483109,12.508338687494074
path,5.979651056471797,12.518103930996258
path,5.978234450626013,12.528207111139382
path,5.976817928751943,12.538418831415783
path,5.97535613835223,12.548507795352025
path,5.973808646692828,12.558483921986436
path,5.972112752858947,12.568320438066237
path,5.970366115638893,12.57809758903793
path,5.96863922180476,12.587865310541718
path,5.966911597872282,12.597773682291644
path,5.965127984253982,12.607823118455983
path,5.963333572438688,12.617934959834232
path,5.9616097319655665,12.628003118137567
path,5.959883653492827,12.638170825763034
path,5.958254202941815,12.648851784514534
path,5.956718363277093,12.659876775306595
path,5.955248084341909,12.67119927638601
path,5.953711145908153,12.682489507082446
path,5.951876912693409,12.6933330994916
path,5.950018170808884,12.703929508919147
path,5.94833963737437,12.71457960206717
path,5.946813983171991,12.725353396123616
path,5.945269595002974,12.736077926862261
path,5.943650582696043,12.74656031753174
path,5.941985549187905,12.756833476710813
path,5.9402330475295555,12.76700771993283
path,5.938486250873705,12.777265597384526
path,5.93672838322422,12.787482975171537
path,5.934729551399095,12.796940312539345
path,5.93279111741475,12.80619645374121
path,5.930989311580604,12.815428484328647
path,5.9293283661805205,12.824639262602014
path,5.92782722860842,12.833853866859027
path,5.926431592468428,12.843022461569559
path,5.925084368371357,12.852294200681762
path,5.923674307423302,12.861690779711175
path,5.92217113468724,12.87105953721779
path,5.920601652933485,12.880486145570254
path,5.919044754121973,12.889949914465335
path,5.917382312442862,12.899596419734955
path,5.9154869591913135,12.909162875100352
path,5.91328642563596,12.918697048154279
path,5.9111246062693255,12.928354481189398
path,5.908901719264868,12.937978743709069
path,5.906693628833063,12.947675486408935
path,5.904409968676434,12.957321629232078
path,5.902005147343612,12.966811798408514
path,5.899530702874511,12.975998917818952
path,5.896947055669244,12.985038395785498
path,5.894286629321534,12.99388656021921
path,5.891647046571952,13.002698480952823
path,5.889020944474112,13.01143199814554
path,5.886273073688127,13.020363096703003
path,5.883388327449453,13.029656640864726
path,5.880459803623458,13.039299941281708
path,5.877527692264148,13.049021917985597
path,5.874593138816989,13.058697280266594
path,5.871634285064102,13.068304430188858
path,5.8686616169350065,13.077814454324281
path,5.865639395532359,13.087490489837418
path,5.862601349224376,13.097294839230738
path,5.859532640676632,13.107215519819409
path,5.8565155928423955,13.117056858785135
path,5.853486919280195,13.126720658175257
path,5.850407279443893,13.136672069570798
path,5.847314069742077,13.146836273005128
path,5.844283871228549,13.157193533163108
path,5.841445097147047,13.167578856345056
path,5.838623694688263,13.177811489559952
path,5.835689295149575,13.187981483966766
path,5.832766501115703,13.198391880311144
path,5.8302162010339345,13.209030689001844
path,5.82796958576824,13.219620594264866
path,5.8258348316536495,13.22998997437327
path,5.823924308855981,13.240247778934995
path,5.822211963149102,13.250962972715424
path,5.820626586048854,13.262075694417677
path,5.819168484356986,13.273183476925691
path,5.817740219830438,13.284066533616418
path,5.816344021010562,13.294729544041868
path,5.815006526478271,13.305196924178944
path,5.813733814696993,13.31565823399977
path,5.81224276256777,13.326159690028838
path,5.810734340429308,13.336619161928473
path,5.809215391098564,13.346997217075574
path,5.807693920511197,13.357284198352223
path,5.806219382297844,13.367516093018727
path,5.804780863439127,13.37796793996921
path,5.803347540374191,13.388479174930312
path,5.801890790200871,13.398957118794861
path,5.80038435603538,13.409398118843658
path,5.798881325294741,13.419817581033012
path,5.797388692970911,13.430463024056687
path,5.795918647947272,13.441274027460127
path,5.79447147995723,13.452268886398826
path,5.793014006503948,13.46337267792092
path,5.791556950979038,13.474549369987985
path,5.789996880257955,13.48556996376533
path,5.788370043111842,13.496579480365044
path,5.786743497165021,13.507863777160804
path,5.78509744899272,13.519323741835908
path,5.783419424272582,13.530916519132282
path,5.781889467263466,13.542292654907166
path,5.780394979188876,13.553338276285366
path,5.778900497379981,13.564644921925934
path,5.77739393484072,13.576133133994169
path,5.775854275717278,13.587754297488331
path,5.7744617537873735,13.59916292209632
path,5.773091847986059,13.610244047629598
path,5.771706698807245,13.621501200859369
path,5.770135495550405,13.633026487168758
path,5.768427139308262,13.64468390133499
path,5.766652078379888,13.656404271969125
path,5.764856973743879,13.668160192809934
path,5.7629610038603385,13.680071846492853
path,5.761002123452872,13.692094096011928
path,5.759037536906427,13.704139965174006
path,5.7570666275585,13.71599405185026
path,5.755174928263791,13.7277630017969
path,5.7533111479729495,13.739831100099954
path,5.751462854429381,13.752028122606204
path,5.749624405815575,13.764346987758083
path,5.747768907044659,13.776529048883292
path,5.745930497450668,13.788571751741602
path,5.744184704482035,13.800898910394322
path,5.742470404943691,13.813363480671015
path,5.740775881760096,13.825921106994315
path,5.739022356996272,13.838771574807948
path,5.737213936440741,13.851795287271658
path,5.7352673721931575,13.865011894805175
path,5.733060249955192,13.878325451437881
path,5.730710553612227,13.891740492105042
path,5.728334560583267,13.905312903506797
path,5.725843049189274,13.918993100358172
path,5.723225518861077,13.932718442794712
path,5.720663509904061,13.946388957030567
path,5.718257495175139,13.959991926817116
path,5.715987898548736,13.973536941488328
path,5.713841926480186,13.987015812157024
path,5.711771455683275,14.000445716222446
path,5.709741386973739,14.013823519481788
path,5.707739094906402,14.02711926115466
path,5.705635894519473,14.040250921321233
path,5.703111251759031,14.052500388837013
path,5.700405450389622,14.06433039586981
path,5.697765305573164,14.076079178053439
path,5.695151600940738,14.087738430466883
path,5.692462989062953,14.09930741292786
path,5.68979151711777,14.110779003919335
path,5.687154535503779,14.122153971728478
path,5.684535974177672,14.133441651217112
path,5.681956176184759,14.144653547983985
path,5.679422962250658,14.156010397226547
path,5.676858393175854,14.16727120297915
path,5.674269856994338,14.178424711750317
path,5.671774549054623,14.189522171358306
path,5.669389700584815,14.20051735474293
path,5.667150882365899,14.21188835056927
path,5.664916278677031,14.223377589359893
path,5.662373912241779,14.235043490657906
path,5.659137056836033,14.246913268237416
path,5.655608243738554,14.258913806435604
path,5.652166916517513,14.271387522007641
path,5.648728354010465,14.283936491724072
path,5.645086496504149,14.296478853241506
path,5.641361052776993,14.309029012234983
path,5.637581965505055,14.321620215652489
path,5.634018052042954,14.334439595068917
path,5.630469904955536,14.347204041295964
path,5.626810276083785,14.35988256211805
path,5.622898764371384,14.372546385493223
path,5.618883671712135,14.385227363706152
path,5.61513205560053,14.397518266617382
path,5.611410313128135,14.409158808571311
path,5.608310197209883,14.420047415955462
path,5.606371982225439,14.42972198427143
path,5.604528026905752,14.43881962137265
path,5.60296536585192,14.44780901225911
path,5.601684505665602,14.456791035330228
path,5.600351118767297,14.465462365378565
path,5.598748591878671,14.473919531776161
path,5.596913856169731,14.482191638070201
path,5.595115207234572,14.490018183735183
path,5.5930864276529615,14.497546679251574
path,5.590800365026065,14.504859649587324
path,5.588481946584909,14.512136638471267
path,5.586171683049596,14.51940727713375
path,5.583878268927148,14.526513089697595
path,5.581553332902244,14.533437531907943
path,5.579032970360968,14.540058197740304
path,5.576445715094686,14.546632362586914
path,5.573848808106959,14.55322623291079
path,5.571402442360128,14.560139525997025
path,5.569085665924224,14.567298589113076
path,5.566739860516352,14.574526261418995
path,5.564364353517851,14.581816505211664
path,5.561965801884189,14.589170087189103
path,5.559621296461935,14.596803582376983
path,5.557359990912855,14.604621875639767
path,5.555082404160628,14.612504480526772
path,5.552808991615997,14.620403119413412
path,5.550616540548492,14.628254117896624
path,5.548464003104662,14.636015233854971
path,5.545911132922328,14.643830067935689
path,5.54321971941792,14.651755672896465
path,5.5407342547522545,14.659725325160695
path,5.5385316953839485,14.667730689065996
path,5.536499740807726,14.675830419584717
path,5.5343795254670685,14.684224452934483
path,5.53207659664417,14.692928920483366
path,5.529574140927992,14.701871746532944
path,5.526835455148538,14.71099374937252
path,5.524102883174132,14.719978545704144
path,5.521579968766785,14.728746982485283
path,5.519153874338355,14.737331458219698
path,5.516702582963134,14.74587911759557
path,5.51422326192983,14.754406021165686
path,5.5118751198477245,14.762825868634442
path,5.509548352307594,14.771146904271836
path,5.5072096663063475,14.779393779654106
path,5.504888893331694,14.787563813456913
path,5.502569043831527,14.79565418785049
path,5.500085103962159,14.803765461519331
path,5.497507902141649,14.811841673606029
path,5.494822075296298,14.819907824804504
path,5.492038978613022,14.82795524812997
path,5.489109768176965,14.835990735734752
path,5.485997526568271,14.84408237524824
path,5.4828159863918,14.852179370863619
path,5.479602102939613,14.86030031294454
path,5.476377152722743,14.868468675980678
path,5.473169263254424,14.876678859111834
path,5.469848871009114,14.885209139879883
path,5.466513005633095,14.893886152629001
path,5.463202024634739,14.902664417386589
path,5.459916220246499,14.911541674433087
path,5.456670010437661,14.920546444420753
path,5.453474876333308,14.929664764770775
path,5.450329901788893,14.938905526086918
path,5.447219741347394,14.948257630804148
path,5.444094482450273,14.957719354541792
path,5.440949594245746,14.967402506771611
path,5.437768804691927,14.977355237423334
path,5.434534870159739,14.987563874766659
path,5.431260568646237,14.998018710622828
path,5.427963135864606,15.00871827245305
path,5.42462424750683,15.019652877093456
path,5.4212268317781875,15.03082753103786
path,5.417767205336759,15.042240737838652
path,5.414245462715221,15.053895612124181
path,5.410661821043666,15.0657955015157
path,5.407015101953205,15.077927386523557
path,5.403154901815886,15.090053625436543
path,5.399089221637652,15.102215279883003
path,5.394834803022478,15.114503420464613
path,5.3903932429223556,15.126920484295422
path,5.385719575864566,15.139401137548097
path,5.381959931586978,15.15097796931576
path,5.378498269270256,15.16247406988155
path,5.375342265040645,15.173882562739886
path,5.372483407232312,15.185212969072898
path,5.369854640391508,15.196468547165864
path,5.367479451649145,15.20766213057938
path,5.365134086935028,15.218494310498496
path,5.362544269807529,15.228833363523032
path,5.35973983575992,15.238942559952195
path,5.356625530921453,15.250057276240334
path,5.353203722458033,15.261185290172053
path,5.349621460556783,15.27235346582871
path,5.345947324908919,15.28360544075531
path,5.342226488806,15.294884137007708
path,5.338459282200492,15.30611069999045
path,5.334815582083588,15.317111493878047
path,5.331084375965585,15.327946391122229
path,5.32718396514201,15.338675113833176
path,5.323114979797516,15.349299007080571
path,5.318877602608521,15.359818480939257
path,5.31492699977379,15.37006672370827
path,5.311191197177171,15.379728628887964
path,5.307845735823456,15.388756475987426
path,5.304770823788255,15.397520074200747
path,5.30192776838881,15.405783635491337
path,5.29941338894955,15.413896576946852
path,5.29757930729949,15.421014701872899
path,5.29597123981596,15.427589605346045
path,5.294302466485222,15.433779804483134
path,5.292573215151659,15.439589693327834
path,5.290985177486028,15.44501708299779
path,5.289363705089367,15.450060530226144
path,5.287674203846882,15.454733569899156
path,5.285876420821593,15.459054044577174
path,5.284013358508977,15.463200506804545
path,5.282190782250637,15.467137351514015
path,5.280305470923148,15.470903460750566
path,5.278355500550908,15.474500278544165
path,5.27634142771208,15.477936424542442
path,5.274263180595566,15.481213706383882
path,5.271940774573633,15.484671419247514
path,5.269627301250157,15.488082627357057
path,5.2673608531302545,15.491344359534379
path,5.265089813536661,15.494570135562547
path,5.262814034146377,15.497796458994722
path,5.260574674094172,15.500970609327313
path,5.258333547507077,15.504135942779293
path,5.256087915654157,15.507301774751047
path,5.253837796184939,15.51046809616699
path,5.251583206465504,15.513634898100523
path,5.249314393132058,15.516815851327697
path,5.247041103055836,15.519997280189438
path,5.244763355275772,15.523179167447656
path,5.24248116640843,15.526361504596858
path,5.2401945528712295,15.52954428324862
path,5.237887543005645,15.532751010742382
path,5.235568624143152,15.535965863604183
path,5.233248967208244,15.539177298789319
path,5.2309248747115475,15.54238914984446
path,5.228596362628477,15.545601408705895
path,5.2262564932356765,15.548823629794036
path,5.223912208446283,15.552046251408642
path,5.2215635252048,15.555269259445332
path,5.21921045909689,15.558492646140346
path,5.216853025591335,15.56171640381637
path,5.214526933287603,15.564895428512543
path,5.212198317575876,15.568068931197859
path,5.209865515236742,15.571242771639255
path,5.207528540629154,15.574416942822475
path,5.205187426092046,15.577591408519574
path,5.203252807307675,15.580386217021028
path,5.202132908248413,15.582575913823069
path,5.201739783146718,15.58416769277151
path,5.201543079912094,15.585299450844088
path,5.201397997546357,15.586245044205151
path,5.20127366145884,15.586602058199704
path,5.20139085957904,15.586736505052343
path,5.201676358820586,15.586824625329607
path,5.202119053483242,15.586851989501124
path,5.2027095463273545,15.58681305385284
path,5.203438692529682,15.58668706007246
path,5.204314956689748,15.5864939239815
path,5.205306210848774,15.586242347562573
path,5.206363019931278,15.585975154458012
confirmed_rock,-7.52,-8.32
confirmed_rock,-7.19,-1.25
confirmed_rock,-5.65,-0.13
gt_rock,0.85,6.88
gt_rock,-11.98,7.91
gt_rock,11.97,8.31
gt_rock,25.95,30.55
gt_rock,10.0,13.69
gt_rock,-6.56,5.8
gt_rock,-5.0,19.5
gt_rock,-6.3,-7.96
gt_rock,-5.0,0.5
gt_rock,-4.2,6.99
gt_rock,8.2,2.5
gt_rock,-13.0,14.5
gt_rock,17.0,19.0
gt_rock,0.6,17.69
gt_rock,-2.0,22.69
gt_rock,9.0,11.5
gt_rock,-12.0,11.5
