type,x,y
path,-20.009264439551707,17.0700525499079
path,-19.99782796387837,17.07030572291596
path,-19.986344695438678,17.07055495475176
path,-19.974878597465597,17.070772252635905
path,-19.963458231371177,17.07101559294423
path,-19.952062969462826,17.071289336260154
path,-19.940692302148438,17.07160554639484
path,-19.929327041158505,17.071944236813817
path,-19.91787236693199,17.0722720526025
path,-19.906453285960705,17.072628945835476
path,-19.89506968017197,17.07301586933429
path,-19.88371197740161,17.073432982111996
path,-19.87237261011697,17.073880434149448
path,-19.860937671208625,17.074362087546824
path,-19.849558186484593,17.0748710657976
path,-19.83823623286237,17.075408994739046
path,-19.82695626782897,17.075976430167803
path,-19.815772565581742,17.076463698259207
path,-19.804381232820315,17.077128612752226
path,-19.792973015177434,17.077799154053015
path,-19.781629396332107,17.078500038338376
path,-19.770384401702668,17.07914414404003
path,-19.75930770207146,17.079597260644952
path,-19.747934365096263,17.080359085487736
path,-19.736550974907598,17.081167295946422
path,-19.725376543810707,17.08182335541913
path,-19.714431536949395,17.0822568414682
path,-19.703688196454078,17.082465602122024
path,-19.693768090212043,17.082496076779684
path,-19.68489309700733,17.082554020333568
path,-19.677045936604426,17.08264029240293
path,-19.670185477572694,17.082742007572005
path,-19.6642839394007,17.082688721357307
path,-19.657581790357323,17.082712154046728
path,-19.64975466205163,17.082956235270238
path,-19.641075547267896,17.083561014316828
path,-19.632152346867677,17.084704594130095
path,-19.62268271349659,17.085357714109737
path,-19.61243756629348,17.086105448276093
path,-19.601516571143666,17.087134683533694
path,-19.590413719068152,17.087781786355695
path,-19.579498866011427,17.088168354997894
path,-19.568800131585867,17.08834946970061
path,-19.55831948683033,17.08845065107016
path,-19.548068219297015,17.088496787833147
path,-19.538041974203505,17.088498383425723
path,-19.52823272780089,17.088453958609307
path,-19.518634512128433,17.08836683244321
path,-19.509233678759834,17.088224975173958
path,-19.50004707758393,17.088032457214535
path,-19.491006513622445,17.08780037236004
path,-19.48193037038946,17.08752801878472
path,-19.47280868279746,17.08721372498639
path,-19.463642866842612,17.086861381103926
path,-19.454405446401378,17.086393091396697
path,-19.44501574097934,17.08587864422056
path,-19.43411447260725,17.08660056347872
path,-19.422391328120558,17.087731464805227
path,-19.41007881093024,17.089151420743583
path,-19.397921180358036,17.09060007542531
path,-19.386023801375693,17.092031015381643
path,-19.37436689494364,17.093743704281003
path,-19.362464326440655,17.095641681895312
path,-19.35022410664346,17.09720459328564
path,-19.33772992940727,17.098683644764606
path,-19.32517233464557,17.100185222745147
path,-19.312591302601252,17.101708246079795
path,-19.299994714277137,17.103227288087755
path,-19.28745457032075,17.104625940205686
path,-19.275037484038137,17.10595796253546
path,-19.26269241129926,17.10725366953977
path,-19.25036348925288,17.108577259673787
path,-19.238157747579056,17.109918519827843
path,-19.226438482148776,17.11117618065391
path,-19.215058544487515,17.112370509705023
path,-19.203952913795902,17.113511595556243
path,-19.193072592048956,17.114622344939203
path,-19.182313937639698,17.115744776653187
path,-19.1718623019966,17.11678342400006
path,-19.161645097546998,17.117761329340006
path,-19.151523228956872,17.118776283904577
path,-19.141492745834732,17.119827961433483
path,-19.131552830430916,17.120912235843562
path,-19.121701322794785,17.12192544314433
path,-19.111940683869346,17.1229566603862
path,-19.10226818772972,17.124009186520087
path,-19.092682877364236,17.12507920747391
path,-19.083183853854045,17.12616286612369
path,-19.07376102301497,17.127198291312908
path,-19.064410322038714,17.12825391017036
path,-19.055098336049856,17.12930940000556
path,-19.045972993626645,17.13033014033769
path,-19.037248140843015,17.13132519643017
path,-19.02893308530352,17.13227904254646
path,-19.021073125974336,17.133239953862166
path,-19.013539519821528,17.134144146168513
path,-19.006247789082284,17.13497274751739
path,-18.999199302601145,17.13573090301801
path,-18.992396862725347,17.136407675838893
path,-18.98584136993063,17.137025307652827
path,-18.97953320299905,17.137584770495724
path,-18.97347074308639,17.138087434883968
path,-18.96763305878776,17.138533769817375
path,-18.96201017717863,17.13891147390385
path,-18.95659812582457,17.139231763798126
path,-18.95139576568495,17.1394954204051
path,-18.94640212600566,17.139703246125194
path,-18.94161349668735,17.139856768540028
path,-18.93701247430304,17.13999862281378
path,-18.93254801712023,17.140104637243525
path,-18.928092977829454,17.140199341607012
path,-18.923642746120265,17.14028327878879
path,-18.919202948055073,17.140350582675882
path,-18.9146938558943,17.14044115909197
path,-18.910186519069274,17.14052149466642
path,-18.905464959663426,17.140497558996998
path,-18.900603671320333,17.14052386379761
path,-18.89593705536152,17.14084221536
path,-18.89146976585821,17.141433140940798
path,-18.887172514945643,17.14206004565717
path,-18.88301560289904,17.14267806543505
path,-18.878912224062553,17.143286200570735
path,-18.87481151112855,17.14388358839799
path,-18.87069399331342,17.144472982186667
path,-18.866579044183364,17.14505151976478
path,-18.86246663316098,17.145619198391646
path,-18.858356729909964,17.146176013898735
path,-18.85424931036831,17.146721963497644
path,-18.85021265928791,17.147244660232378
path,-18.846201242127883,17.147757464697673
path,-18.842192162267764,17.14825987049399
path,-18.838185411089903,17.148751873707063
path,-18.834180984222517,17.149233471479036
path,-18.830237036849958,17.149695827637007
path,-18.82630929324262,17.15014848473669
path,-18.82238378505832,17.15059110043858
path,-18.818460512559827,17.15102367107995
path,-18.814539476982777,17.15144619301916
path,-18.810659286976172,17.151854055218557
path,-18.80678559180425,17.15225220107977
path,-18.802914092199092,17.152640506276153
path,-18.79904479123985,17.153018967214994
path,-18.795177692377806,17.153387580311154
path,-18.791336309826995,17.15374405390107
path,-18.78749814984616,17.15409082914182
path,-18.783662175180837,17.154427870931702
path,-18.77982838999876,17.154755176559046
path,-18.775996797892812,17.155072743344252
path,-18.77145254758287,17.15534767488707
path,-18.76648898320711,17.155733239254232
path,-18.761466117908846,17.156293833534633
path,-18.75644839460817,17.15688453170624
path,-18.751458708796203,17.157446897721304
path,-18.74577903955584,17.15795468025484
path,-18.739846559561883,17.158619761151527
path,-18.734025383005985,17.159351810415636
path,-18.72832979414988,17.16004488698587
path,-18.7227563367069,17.160697185380425
path,-18.716555444391467,17.16122179449949
path,-18.710246899392306,17.161837842406456
path,-18.70406212734413,17.16245286727462
path,-18.697999866706322,17.16303593332847
path,-18.692054806560723,17.163584788160218
path,-18.685563679666277,17.164006430880914
path,-18.678948262353593,17.16449545322983
path,-18.672441853041885,17.1650082433054
path,-18.666053731912427,17.16549580149135
path,-18.659777508092162,17.165955563857878
path,-18.653015088566445,17.166278557521085
path,-18.646081602280038,17.166655759357674
path,-18.639258760869403,17.16708799409851
path,-18.632550085330923,17.167501549452425
path,-18.6259323583722,17.16788751642301
path,-18.619000876732205,17.168189148319044
path,-18.611606069700954,17.168904568953256
path,-18.604006668659256,17.16922825793188
path,-18.596397369806706,17.169264567566202
path,-18.588895876061006,17.16914936667884
path,-18.581249051396874,17.168884663502155
path,-18.573630410859145,17.16858544393281
path,-18.566095533654558,17.168271523229993
path,-18.558681793261908,17.16794944051858
path,-18.551389764582204,17.167619271442614
path,-18.543553206816096,17.1672526659946
path,-18.535661967203986,17.166842508295375
path,-18.527853653172556,17.166422847187874
path,-18.5201687354844,17.165992859475317
path,-18.512606918922142,17.165562678505715
path,-18.50457184865521,17.165148038766418
path,-18.49641678189535,17.164669742428227
path,-18.488350329298225,17.16415603368822
path,-18.480405995831862,17.163646458834048
path,-18.472583757125747,17.16314307581668
path,-18.464352340177246,17.162650995443197
path,-18.456013869410302,17.16213824701977
path,-18.447790517449892,17.161580692253917
path,-18.4396701412995,17.161034841246536
path,-18.43166057055114,17.160479290655335
path,-18.423773955825936,17.159933312758902
path,-18.416014648845874,17.159411242823346
path,-18.408315044859556,17.1589248757385
path,-18.400623597824147,17.158506294583898
path,-18.39291214831729,17.158102156425674
path,-18.385176787036634,17.15773550484959
path,-18.377496719251603,17.157487298058175
path,-18.369819058020813,17.157453723553704
path,-18.36218121215081,17.157579936458255
path,-18.35457038618906,17.157805687733717
path,-18.346697855990435,17.158071556793765
path,-18.33847693978493,17.158423284899524
path,-18.330204897189166,17.15882614170339
path,-18.32193707648326,17.15929365054465
path,-18.313608989232193,17.159763914801328
path,-18.30518531266928,17.16021027875437
path,-18.295724530925753,17.16091791866386
path,-18.285219932842264,17.161823932406023
path,-18.273766335204023,17.162608890397927
path,-18.26142297052094,17.163380188945588
path,-18.248563084374705,17.16413063309464
path,-18.23541948792017,17.164761171392314
path,-18.222208571999474,17.165237050778703
path,-18.20859108381092,17.16567109470605
path,-18.194849657454697,17.166099364878797
path,-18.181168053829513,17.166561556082968
path,-18.167511155134374,17.167033408737066
path,-18.15390233002387,17.167524332375304
path,-18.14034704970111,17.168043952367277
path,-18.12684495752721,17.168607383596132
path,-18.113415044688793,17.169213829146713
path,-18.100021737711003,17.16987869277454
path,-18.086683535477047,17.170610900820634
path,-18.073399748317776,17.171421143636056
path,-18.060174172190234,17.172309509695104
path,-18.04702831285106,17.173150830876562
path,-18.03451722102472,17.173557865775766
path,-18.022316498358407,17.1739983674407
path,-18.00987383212371,17.174474918130144
path,-17.997389196373415,17.175039130724162
path,-17.985121165368568,17.175337191761862
path,-17.97295533267935,17.17550329591162
path,-17.960802816619637,17.175668301422785
path,-17.948662057901025,17.175836272126705
path,-17.936534321186524,17.176016526142607
path,-17.92442286968077,17.17625823099808
path,-17.912383400318724,17.176401333347286
path,-17.900352781889627,17.176448524788587
path,-17.888353883743875,17.176424623252295
path,-17.876388257849474,17.176350626581065
path,-17.864314226531388,17.176433327541652
path,-17.852347139355466,17.176447200678012
path,-17.84047714783797,17.176343456251722
path,-17.828688455435994,17.176118578858183
path,-17.816991125801337,17.175877268413473
path,-17.804928546960074,17.176040331899053
path,-17.79277477340978,17.176380932026188
path,-17.780619946038705,17.176793675689243
path,-17.768514057508913,17.17722223318103
path,-17.756428136904784,17.177659052321687
path,-17.74425782928516,17.178176437593606
path,-17.732012046784956,17.178832285568312
path,-17.719710062250314,17.17962708149
path,-17.707360843946752,17.18056080747347
path,-17.694971741166544,17.18163348817988
path,-17.682730640782903,17.18258902845171
path,-17.670471876737057,17.183609580477434
path,-17.658160974341882,17.18476675486875
path,-17.645808868179103,17.18604988014343
path,-17.63344554811292,17.187361287225805
path,-17.621520708581656,17.18859350733154
path,-17.61036486332483,17.18988108395591
path,-17.599566593066708,17.191356511390634
path,-17.588868367500954,17.19289758430894
path,-17.578181525353667,17.194439999220076
path,-17.56730822058751,17.195887220853663
path,-17.55609184289237,17.197075178431017
path,-17.5448030158173,17.19806282142696
path,-17.533301731222913,17.198702692084627
path,-17.52181696403848,17.19925021396647
path,-17.51007459544702,17.20025481361892
path,-17.498372948778034,17.2012048610344
path,-17.486709151981717,17.202104884075165
path,-17.475156021294495,17.202935329218235
path,-17.463695000192086,17.2037106489674
path,-17.45296688785224,17.204426510841934
path,-17.44303666628536,17.205300242297312
path,-17.433291053293505,17.206120074029126
path,-17.423680096703404,17.206879896972964
path,-17.414202350946734,17.207596988633775
path,-17.40407179736112,17.20882658769114
path,-17.393212717549936,17.21022493681022
path,-17.382363690392918,17.21160638231328
path,-17.371426805371676,17.213287480202755
path,-17.3604422502887,17.214697085271204
path,-17.348984254342493,17.216304701636535
path,-17.337154605409086,17.21805956639855
path,-17.325091668805346,17.21975101559253
path,-17.312819324987025,17.221363624400897
path,-17.300369312932013,17.22292136754508
path,-17.28808333583809,17.22433797109357
path,-17.275802318307306,17.225826398612977
path,-17.263506583511322,17.227367311674065
path,-17.251202252150613,17.228973142420593
path,-17.238894012105025,17.230656138619995
path,-17.226787565700075,17.232223217333708
path,-17.214798849253,17.233730368248185
path,-17.20283996684958,17.235263480648978
path,-17.19092060809711,17.236839710609324
path,-17.178948424102565,17.238374218694187
path,-17.166988483116043,17.239736717477488
path,-17.15517568296526,17.240963579429167
path,-17.143486714902476,17.242040682868584
path,-17.131913072669487,17.242965312658978
path,-17.120464897942444,17.24376589739134
path,-17.10859457520023,17.24509685707367
path,-17.096535224581974,17.246912269584094
path,-17.084553983328693,17.248900251441242
path,-17.072661999410467,17.251060662523955
path,-17.06084688403702,17.253363149543738
path,-17.049089965935302,17.255529588711724
path,-17.03740374622798,17.25780409691593
path,-17.026485958251463,17.260853344623204
path,-17.015746805273555,17.264167738034047
path,-17.005038288566894,17.26799632555835
path,-16.99445999348658,17.27209762221013
path,-16.98436550398538,17.276185744084554
path,-16.974726903481923,17.280237107631713
path,-16.96533812423296,17.284312279335143
path,-16.95625207311324,17.288448533549015
path,-16.947159750032938,17.29274754654786
path,-16.93796430578924,17.297063836664876
path,-16.92868782426558,17.301394526627124
path,-16.91941119590919,17.305735740437587
path,-16.91031949985229,17.310073864964572
path,-16.901214393028376,17.31457300395603
path,-16.89199993106452,17.319120359353384
path,-16.882682369836548,17.3237114705713
path,-16.87328034389952,17.32834260713038
path,-16.86379737266721,17.333013903010308
path,-16.854230932918444,17.337765502842736
path,-16.844582360560572,17.342565725750486
path,-16.834851310962435,17.34741487320315
path,-16.825039958230082,17.35231280861314
path,-16.815146284970258,17.357260674506147
path,-16.80517127278251,17.362239650388535
path,-16.795212896459695,17.36692629072212
path,-16.78520230450064,17.371532192791676
path,-16.775084404852024,17.376200860850023
path,-16.764859487397494,17.380872457308932
path,-16.754552750840837,17.385484005104317
path,-16.744183362723128,17.39011495531739
path,-16.73375808023455,17.394822650374763
path,-16.72322544167769,17.399851059257653
path,-16.712557235394268,17.405041221645284
path,-16.70214720253861,17.40980386769851
path,-16.6924382630324,17.41388722756874
path,-16.683273290555324,17.417625559766687
path,-16.674584659288872,17.42142662692076
path,-16.666263027325765,17.425296000295713
path,-16.658463489299272,17.428834083918186
path,-16.65157461253789,17.431584576185376
path,-16.64527467435507,17.434182186698255
path,-16.639362458463832,17.436846039270897
path,-16.633438748138296,17.43956638047546
path,-16.627734109595522,17.442155075488188
path,-16.622079516419667,17.44478510621729
path,-16.61643112984094,17.447386241841834
path,-16.610746106723138,17.449993051555253
path,-16.604978119019943,17.452602106102088
path,-16.599089799301673,17.45555067330909
path,-16.59307042034282,17.458745914015225
path,-16.586940316399847,17.461987428726243
path,-16.580704591096957,17.46527427713855
path,-16.574364596395498,17.46860567284039
path,-16.567617684794673,17.47216442716269
path,-16.560581637042382,17.47610048163375
path,-16.55335301229994,17.480396588795216
path,-16.5459359877452,17.485057721478565
path,-16.538357658362045,17.489897422660093
path,-16.530439573553014,17.495067502252912
path,-16.522380021362093,17.500193396410676
path,-16.5144519411248,17.50526281565453
path,-16.506782872449268,17.510257477217582
path,-16.499147321414625,17.515120653876636
path,-16.49096553238825,17.520131129121527
path,-16.48265917885532,17.525094529308532
path,-16.474589377810318,17.530005449376915
path,-16.466753932076937,17.534830231138855
path,-16.458959542838674,17.539525386578894
path,-16.45178036379071,17.54389831363527
path,-16.445372715999113,17.547914539027655
path,-16.439276735494797,17.55197220811763
path,-16.433347633375046,17.55601690016253
path,-16.42748873235991,17.559965858703826
path,-16.42157757714514,17.56380288691085
path,-16.415625086096743,17.567649404284087
path,-16.40963803172819,17.57158713728549
path,-16.403619085576217,17.575611369052478
path,-16.397554277921824,17.579713271183962
path,-16.391565694428497,17.58369362687505
path,-16.385650731689193,17.587724932400672
path,-16.379737857615247,17.591852771143447
path,-16.373807941706563,17.5960726900529
path,-16.367847991867855,17.600381476714166
path,-16.361089686170654,17.60480806473636
path,-16.353677120565774,17.609616852850635
path,-16.346094409241736,17.614813210654784
path,-16.338427287083295,17.61997097766694
path,-16.330754437966124,17.625154303706434
path,-16.322618427966738,17.630613665386445
path,-16.314320067089803,17.636350954845756
path,-16.3059862877519,17.642169644989785
path,-16.297563740844613,17.648036619870457
path,-16.289064685419522,17.6539792768567
path,-16.28046584443397,17.65998902676713
path,-16.271736143021226,17.665785533937246
path,-16.263009076839143,17.671519246080262
path,-16.254258382257127,17.677247416448548
path,-16.24548480139543,17.68296907838677
path,-16.236694786746767,17.688678466190723
path,-16.227861588670017,17.694379747306876
path,-16.21901031405232,17.700072809161554
path,-16.210140836991414,17.705757370887966
path,-16.201251208919814,17.711436261062936
path,-16.19237407810484,17.71707658936386
path,-16.183650934794994,17.72265951251585
path,-16.175069164254342,17.728174511736693
path,-16.16658508625018,17.733646339509512
path,-16.15811846273459,17.73912097410893
path,-16.14965039500015,17.744623633549647
path,-16.141157931273636,17.75016124606557
path,-16.13265358614246,17.75572501159194
path,-16.124140758064694,17.76131008018383
path,-16.115623840902767,17.766913182472905
path,-16.10716853716045,17.772485409613864
path,-16.098763807472267,17.778045475082237
path,-16.09034528246533,17.7836296693222
path,-16.081917141816064,17.789233730480706
path,-16.073483777914014,17.794854609148505
path,-16.065111656574246,17.800443631865363
path,-16.05678261482208,17.806022579466436
path,-16.048438111738175,17.811623754919935
path,-16.040082282928555,17.817243132692006
path,-16.03170987187558,17.822873827180988
path,-16.02333383754977,17.828328540726762
path,-16.014926717135832,17.83372271084915
path,-16.006513032630124,17.83912350157528
path,-15.998096058731136,17.844530156163472
path,-15.989677083074634,17.849941572376284
path,-15.981301564086163,17.855322023521282
path,-15.97300980938493,17.86065518625157
path,-15.96477455777151,17.86599464636968
path,-15.956582716263426,17.87129579320665
path,-15.948361279013648,17.87660185726194
path,-15.940201828746899,17.881883712564587
path,-15.932083900181567,17.887160753305167
path,-15.923957038820559,17.89245812521691
path,-15.915809888876675,17.897767021661185
path,-15.907634709082533,17.903080716245103
path,-15.899843062509735,17.908126521389008
path,-15.892465515117394,17.912704176874833
path,-15.885250410488538,17.916886506089945
path,-15.878175799413762,17.920958828945487
path,-15.871235762905059,17.924967443153225
path,-15.86444435261293,17.92870426385997
path,-15.857797990910154,17.932212957767682
path,-15.851284549620978,17.93565669997761
path,-15.844903742587253,17.939034187619576
path,-15.838625017176549,17.94236206733466
path,-15.832264265440893,17.94585888113475
path,-15.825879872790573,17.94943716541759
path,-15.81960089116124,17.953013208120264
path,-15.813542600473724,17.95663969597781
path,-15.807545678779675,17.960269731884722
path,-15.801356114806143,17.96419484521049
path,-15.795183235940183,17.968356157521953
path,-15.788954585852215,17.972594892980236
path,-15.782645572596095,17.97691968413242
path,-15.776257273440494,17.981329715412514
path,-15.769587455951775,17.9861051510416
path,-15.762895538017522,17.991296596933505
path,-15.756197572155838,17.99657290815217
path,-15.749467530827483,18.00190375431948
path,-15.742716597112661,18.007293397982085
path,-15.735661346207904,18.012854734844495
path,-15.728697993331423,18.018381177030513
path,-15.721857536309507,18.02386505511361
path,-15.715160657737034,18.029505346855846
path,-15.70849786731937,18.035317057845106
path,-15.701478318204297,18.041518576177477
path,-15.694474922201541,18.047707546575836
path,-15.687522994470418,18.05373698762726
path,-15.680610390176886,18.05957676830013
path,-15.67373420757983,18.065299939327
path,-15.666516456131854,18.07117808152564
path,-15.659361813827362,18.07694912189208
path,-15.652305183871107,18.08259900540662
path,-15.645291926044719,18.08812517373788
path,-15.638300576965703,18.09353082734275
path,-15.630889342126986,18.099132893075776
path,-15.623471072766453,18.104704007722404
path,-15.616045656905026,18.11027951466003
path,-15.60858619715423,18.115873736898596
path,-15.601086343656414,18.121476946046048
path,-15.593293516725394,18.127255683581726
path,-15.585471400276639,18.133074158985732
path,-15.577620134255012,18.138925607504024
path,-15.569750112288592,18.144781213537343
path,-15.561898692786462,18.150584913870652
path,-15.554016816272972,18.156366575692473
path,-15.546209249841306,18.162057086363674
path,-15.53846843089128,18.167661684346687
path,-15.530770251947159,18.173179282890818
path,-15.52310092012126,18.178611212048622
path,-15.515252769055541,18.18407401455963
path,-15.507507359309388,18.18940204014417
path,-15.499893190774744,18.194615803139243
path,-15.492352684219341,18.19971244388545
path,-15.48486025069519,18.20469596298446
path,-15.477955941189254,18.20940181630611
path,-15.471455564713047,18.213699717912597
path,-15.465314903888894,18.21758552117262
path,-15.459531709087116,18.22108309785101
path,-15.454052778875134,18.224441032526403
path,-15.448866110381678,18.227556446307133
path,-15.443787504289979,18.23033620553506
path,-15.43871507813015,18.232999132612083
path,-15.433641344661298,18.235565182414515
path,-15.428564109002972,18.238038728674468
path,-15.42350530444226,18.240339979150114
path,-15.41844653646957,18.242535353230085
path,-15.413379197313212,18.24464791745724
path,-15.408302276157514,18.246679245432198
path,-15.403214927059706,18.248630515365978
path,-15.398124015531867,18.250472022859096
path,-15.393028271085635,18.252219053282904
path,-15.387927606926267,18.25388039614433
path,-15.38281583509967,18.25545425254581
path,-15.3776710063933,18.256944746862633
path,-15.372384567928044,18.25872139810537
path,-15.366641368828418,18.26060693595344
path,-15.360461106650805,18.262225018443317
path,-15.354210433094279,18.263514065196922
path,-15.347918108580842,18.264629108677692
path,-15.341005768798238,18.265807414116193
path,-15.333933842097169,18.267084934939056
path,-15.326852180978523,18.268471331691718
path,-15.319745429956896,18.269945828746927
path,-15.312618111680479,18.2715021906603
path,-15.30535236147393,18.27309807048336
path,-15.298059200075993,18.274761185965534
path,-15.28972409343501,18.276347069919467
path,-15.280079902172165,18.27758704224135
path,-15.269150769325929,18.278492714745642
path,-15.256448839601415,18.279933235070274
path,-15.243879729552633,18.28181331308182
path,-15.23146746047435,18.28382848852172
path,-15.219113843735608,18.285708343786613
path,-15.206759589562,18.287500124218916
path,-15.194500072762542,18.28925759558326
path,-15.183098786511664,18.292228119895302
path,-15.171805436071647,18.295427512439172
path,-15.160639371826479,18.298776451276904
path,-15.149642835233733,18.3021613770623
path,-15.13825928035491,18.305250798644554
path,-15.126894370383331,18.30826528277669
path,-15.115804842630114,18.311371820023584
path,-15.104949393218698,18.314610263673764
path,-15.094266816299692,18.317903905572145
path,-15.083076242086959,18.320867419457752
path,-15.072498626391107,18.32361287643397
path,-15.062663040770067,18.32613997765633
path,-15.053029797659,18.328397434817646
path,-15.043198671005968,18.330814003099974
path,-15.032821087034309,18.33318968651398
path,-15.022352592604246,18.335604881195287
path,-15.012325336479018,18.337335128754862
path,-15.00255254868261,18.338628520009486
path,-14.992855476059189,18.339866937977696
path,-14.982998238563,18.340862174028224
path,-14.97305345416086,18.342025118234222
path,-14.963151651772002,18.343242030282234
path,-14.95331535319941,18.344410401677813
path,-14.943656091783645,18.345243190627805
path,-14.933881300856283,18.345869866028295
path,-14.924278473797997,18.346394180080193
path,-14.914853557686094,18.346713985463847
path,-14.905579324188585,18.346840633373972
path,-14.896453472474041,18.346767150776838
path,-14.887830993101323,18.346647741188512
path,-14.879596511650897,18.34643289526606
path,-14.87154493952977,18.346080235262562
path,-14.863691106698052,18.345584881068916
path,-14.856046063046303,18.344935508283697
path,-14.848950716640449,18.344431205311846
path,-14.842300569267962,18.34379488750876
path,-14.835856568531751,18.343085965593936
path,-14.829412773071907,18.34237059746851
path,-14.822957568584131,18.341652644411727
path,-14.81649326027591,18.340955075686658
path,-14.809922209780666,18.340363018524616
path,-14.803072327235679,18.339923652083662
path,-14.795452989123905,18.34010949517619
path,-14.787537589235676,18.340588152928824
path,-14.779910047738989,18.341122043865386
path,-14.772350054792902,18.34168509202182
path,-14.764733267672614,18.342315375779627
path,-14.757064519430553,18.343019506418038
path,-14.749361889341177,18.343774358265204
path,-14.741684206458519,18.344513575481802
path,-14.733942252186873,18.34530608724628
path,-14.726129484364002,18.34615565231698
path,-14.718310899805086,18.347117500440795
path,-14.71053443198966,18.34824605280554
path,-14.702189381090536,18.349709376637826
path,-14.693216669252097,18.351422547657933
path,-14.68419009160942,18.35317854686355
path,-14.675220046337367,18.354951179224205
path,-14.666307032271618,18.35674123784023
path,-14.656604319202145,18.358541255699706
path,-14.645861227131535,18.360505213954266
path,-14.63446642443034,18.362703210160134
path,-14.622911071792732,18.365017599229137
path,-14.611434809244635,18.367392230736222
path,-14.600038419531232,18.36982862040076
path,-14.588722280963989,18.37231944070852
path,-14.577481920824779,18.374859344075638
path,-14.56631687885119,18.37741219448624
path,-14.555227231724494,18.37997439626792
path,-14.544151982978397,18.38246679804084
path,-14.53304630775247,18.38470608123737
path,-14.52190722934658,18.386755025846668
path,-14.51073478565256,18.38863668137869
path,-14.49953105682193,18.390378776783624
path,-14.488322352221692,18.39211691914885
path,-14.477241536443456,18.393734499979864
path,-14.466487928815505,18.395151915334004
path,-14.456048649078586,18.39636318955795
path,-14.445946407817935,18.397366026607347
path,-14.435612602796125,18.39856097106538
path,-14.4248696601252,18.400040265644297
path,-14.414381260663164,18.401371052607676
path,-14.404220848178111,18.402488184684337
path,-14.39439877488554,18.40338772640353
path,-14.38435974979773,18.404476900249502
path,-14.373792159508563,18.405926614696988
path,-14.36306228948442,18.407496497425996
path,-14.352588695316898,18.40891991823224
path,-14.342339989713219,18.41020988957776
path,-14.331822537348039,18.411709611890664
path,-14.320819155373881,18.413552144025672
path,-14.30938189847487,18.41572683462798
path,-14.297863401742221,18.417942665370035
path,-14.286350941264994,18.420165616555426
path,-14.27484588851238,18.422503700600124
path,-14.263372076731487,18.425048101726016
path,-14.251930338671269,18.427769347525157
path,-14.240505641142212,18.430530677675314
path,-14.229099031973842,18.433318572750725
path,-14.217719557754856,18.436001341463925
path,-14.206367746336632,18.438516480164104
path,-14.194996209229936,18.44099892146285
path,-14.183775590843782,18.443707815427594
path,-14.172755904792652,18.446524031241857
path,-14.16185587494769,18.44938281454089
path,-14.151057136353385,18.45198036046619
path,-14.140401947685598,18.454320064995947
path,-14.129893982203386,18.456416273190648
path,-14.119521946282699,18.45827843686782
path,-14.10902703874375,18.46063984756846
path,-14.098414567516716,18.463155374576093
path,-14.08788789612682,18.465384353649718
path,-14.077474989580995,18.467356837180038
path,-14.066905887569535,18.469200216078878
path,-14.056137317462152,18.471532496174195
path,-14.045473585911871,18.474023566682302
path,-14.034944216287009,18.476288514136595
path,-14.024532625696876,18.478318892936237
path,-14.014124676770551,18.480222211242268
path,-14.003784282085974,18.482107882159294
path,-13.993296615372143,18.484107452684125
path,-13.982621008380022,18.48621427445027
path,-13.971806263371354,18.48843192494925
path,-13.960867076438436,18.490744880526343
path,-13.95060013993121,18.493039834494127
path,-13.940920160688982,18.49529152245561
path,-13.931468469184573,18.497429836147926
path,-13.922202047605273,18.49945023628756
path,-13.913062071657887,18.50131451154108
path,-13.904641933304518,18.50315280861601
path,-13.896629878314092,18.504928013312803
path,-13.888170160725078,18.50643787993162
path,-13.879466099274378,18.508021053088836
path,-13.870657113840064,18.50973632883987
path,-13.862437580618359,18.511484928649104
path,-13.854744076761841,18.513126360696702
path,-13.847167185419268,18.51476330515221
path,-13.839705048725472,18.51639013957609
path,-13.832303863237804,18.51799669005772
path,-13.825074628601595,18.519761796543104
path,-13.817968783041756,18.521522273504935
path,-13.810957829581893,18.52327944730992
path,-13.804030517009261,18.52502840301141
path,-13.797085091107302,18.526819019167696
path,-13.790217121516598,18.528740339278386
path,-13.783473590690301,18.530717129852587
path,-13.776924364763206,18.532734825482134
path,-13.770042454103576,18.53445100093158
path,-13.763002451640768,18.536077835477283
path,-13.756097749718432,18.537605748507758
path,-13.749320336776822,18.53905307020052
path,-13.742574818201632,18.54045661609992
path,-13.73572800112862,18.54194318456005
path,-13.728780774357118,18.543550297089585
path,-13.722165257121382,18.545072176514104
path,-13.715615391917435,18.546527573470446
path,-13.708995309761658,18.548048639651363
path,-13.702349911065001,18.54955373575767
path,-13.69568053963994,18.55105166984742
path,-13.68920887813911,18.552497559193007
path,-13.682690910401128,18.553924489294715
path,-13.676236227617332,18.555302340239276
path,-13.669719036840114,18.55654179846523
path,-13.663114599118682,18.557775170347274
path,-13.656824957062598,18.558978170373138
path,-13.65079171977775,18.56006252611678
path,-13.644977967512064,18.56110575953909
path,-13.639421751330467,18.562056235710966
path,-13.634149485601718,18.56285930699602
path,-13.628834482459887,18.563628283226613
path,-13.623466323206037,18.564571969333514
path,-13.618083704674229,18.565519292362044
path,-13.612681274631017,18.56648555091743
path,-13.607256162095629,18.567455724355362
path,-13.601471708409454,18.568338787717327
path,-13.59536818371863,18.569160281345454
path,-13.58914985567505,18.56998431657151
path,-13.582757587033576,18.570831337883384
path,-13.576185657615643,18.5717065272589
path,-13.569479905453715,18.572627084391822
path,-13.562603782461501,18.57359878878662
path,-13.555557007390151,18.574598927397155
path,-13.548362605581325,18.575617471647515
path,-13.541024622833993,18.576660954343907
path,-13.533877428191289,18.57768772877944
path,-13.526823044005603,18.578728739292437
path,-13.519762754307195,18.579696390365402
path,-13.512702497428489,18.580636363131298
path,-13.50564409188047,18.5815639825969
path,-13.498410687293381,18.582435725107405
path,-13.491001519166467,18.58333021243237
path,-13.483429045662822,18.584253311585947
path,-13.475701308284236,18.585203646796725
path,-13.467931625849168,18.586151337070724
path,-13.460472249315933,18.58706111265693
path,-13.45327753928692,18.587918431665315
path,-13.446084916882118,18.588783745436587
path,-13.438889864770307,18.589628299739882
path,-13.431689588249185,18.590448442144066
path,-13.424772874927132,18.59123177943747
path,-13.417996054200936,18.591992374258385
path,-13.411217735407389,18.592746714967937
path,-13.404435067854937,18.593479376282698
path,-13.397649949136298,18.594202487294762
path,-13.391098662811519,18.594895187489136
path,-13.384612249871253,18.595577082328656
path,-13.378122501043366,18.596242086281865
path,-13.371630443564555,18.596898571972716
path,-13.365136067751678,18.5975465867854
path,-13.358960043984535,18.59817461849584
path,-13.353085612125572,18.59875061562711
path,-13.347214283228164,18.59935414267854
path,-13.341332402212574,18.599956865394468
path,-13.335429177112381,18.600502047772583
path,-13.329764557441374,18.601018031183543
path,-13.324171710007679,18.601526952982198
path,-13.31857819297264,18.602035530347674
path,-13.312981087017304,18.602525718909078
path,-13.307382150100715,18.603009448451672
path,-13.301961765983568,18.603472852939237
path,-13.296570664756434,18.60393261967155
path,-13.291177085468307,18.604380351753846
path,-13.28578193346284,18.604821402041864
path,-13.280384042756227,18.60524677904144
path,-13.275210458564766,18.605657633838344
path,-13.270089979864773,18.606069995142732
path,-13.26496971616354,18.606496069802077
path,-13.259849622804571,18.606935595438966
path,-13.254727290533815,18.607351032468618
path,-13.24975307958537,18.60774314746802
path,-13.24479309225888,18.608128229934625
path,-13.23983168152425,18.608508091274636
path,-13.234868896927463,18.60888347152042
path,-13.229904683820662,18.60925391448829
path,-13.225154205871359,18.609603607793012
path,-13.220448694850118,18.609954124840243
path,-13.21574128342873,18.61029285947728
path,-13.211032581485835,18.61062684869148
path,-13.20632253636153,18.610955370711412
path,-13.201726658733818,18.61127383698197
path,-13.197137254961673,18.611587146204265
path,-13.192546716324687,18.61189696359401
path,-13.187954977900459,18.612202443389876
path,-13.18336197668753,18.612502739483112
path,-13.178957734572753,18.612795276433452
path,-13.174582885754493,18.61307480532132
path,-13.170206896811525,18.61335001790924
path,-13.165829977344929,18.613623193930795
path,-13.161451982463198,18.61389244399516
path,-13.157346386247166,18.6141429233716
path,-13.153339668292132,18.614384865465816
path,-13.149333389175688,18.61464109772787
path,-13.145325728351231,18.614879804564698
path,-13.141316343838488,18.615112115256707
path,-13.137418205673555,18.615336364997024
path,-13.133591602461959,18.615515394354254
path,-13.129765346842772,18.615659601376446
path,-13.125928996231348,18.615761273059665
path,-13.122084769489687,18.6158268421597
path,-13.118370029531219,18.61580994954305
path,-13.114690300394829,18.615736928495988
path,-13.111007240206696,18.615648022975588
path,-13.107325370442766,18.61556552361742
path,-13.103644725936084,18.615489562884516
path,-13.10004980320182,18.615373619816335
path,-13.096466044632,18.615249016313296
path,-13.092883631745815,18.615131346078083
path,-13.089302595984162,18.615020733269258
path,-13.08572296893716,18.61491730303084
path,-13.081901470142267,18.61478948490623
path,-13.077777180209823,18.614724507088557
path,-13.073520805339303,18.614640763492694
path,-13.069158559020792,18.614486053408495
path,-13.06484137014032,18.614183134471073
path,-13.060685246401016,18.613639261855923
path,-13.056684906771245,18.613063124093124
path,-13.052762445163776,18.612477444326327
path,-13.048837452471396,18.611882654575833
path,-13.044909873170576,18.611278583195308
path,-13.04109033005285,18.610662186259734
path,-13.03727067845197,18.610034801267354
path,-13.03344824726494,18.609397595897487
path,-13.029622968052607,18.608750352189347
path,-13.025794769754986,18.608092844352814
path,-13.021699548731284,18.607357430711197
path,-13.01744121882427,18.606527747982085
path,-13.013120974449345,18.605744493622122
path,-13.008740818284634,18.605014738583122
path,-13.004308009477663,18.60433002500037
path,-12.999898510266712,18.603640869342676
path,-12.995485760752501,18.602940040070333
path,-12.991069662726684,18.602227309096442
path,-12.98665013505,18.601502436494886
path,-12.98222709362552,18.60076517259707
path,-12.97790398164265,18.600012108103652
path,-12.973579173209512,18.599245007276547
path,-12.969250544285936,18.598464645590806
path,-12.964917996521079,18.597670721915957
path,-12.960659648438128,18.596786484135148
path,-12.956587759551903,18.595783071511956
path,-12.952577233790558,18.594674897753354
path,-12.94862502364993,18.59346188993634
path,-12.944730673024168,18.592143980516482
path,-12.940894164288004,18.590720634233755
path,-12.937177234976755,18.5892352299315
path,-12.933472397814587,18.587730586555747
path,-12.929767501259162,18.586224226024857
path,-12.926228454739848,18.58497173791144
path,-12.92282554561739,18.58381303750891
path,-12.919439937145228,18.58258478638799
path,-12.916073491149668,18.581287718369737
path,-12.912711661554429,18.579948392252366
path,-12.909335459670231,18.578601931465727
path,-12.90594493528268,18.577248456778857
path,-12.902539830486575,18.5758884731077
path,-12.89914785598964,18.574538326423927
path,-12.89577887430616,18.573195082013456
path,-12.892409814800954,18.571851803889935
path,-12.889040676761176,18.57050849164027
path,-12.885675697888733,18.569166836106728
path,-12.88231064116436,18.56782514575755
path,-12.878945504335723,18.56648342051493
path,-12.875580286910996,18.56514166019569
path,-12.872214988442895,18.563799864661817
path,-12.868396144487717,18.562554766006887
path,-12.86442807039116,18.56131773443224
path,-12.860408371313722,18.560037391205785
path,-12.856337687197962,18.55871420884044
path,-12.852216671717587,18.557348735526762
path,-12.848026369352072,18.555947712690717
path,-12.843786976307758,18.554505262640532
path,-12.839498338231602,18.553021065637225
path,-12.835160887747437,18.551495516302282
path,-12.830775123498057,18.54992903724465
path,-12.826323932985431,18.548327803314432
path,-12.82182549788808,18.546686545974847
path,-12.817280804400673,18.545006137332265
path,-12.812673572944405,18.543477014107594
path,-12.808047902227905,18.541939302618268
path,-12.803569826183688,18.54049046783912
path,-12.799350571824315,18.539187506444936
path,-12.795339625510675,18.538181668575504
path,-12.79101609882508,18.538252153070292
path,-12.786691949776166,18.538747856146657
path,-12.782792844794116,18.539363342455793
path,-12.77911111091008,18.540074054582426
path,-12.775580362071812,18.540880717892993
path,-12.772139453867261,18.541683019274036
path,-12.768760664810383,18.542450365369106
path,-12.765427094920662,18.54316985460481
path,-12.762124306283424,18.54387639555401
path,-12.758835224106901,18.54458515990178
path,-12.75554545421536,18.545290051329186
path,-12.752254795415132,18.545990975846962
path,-12.74899779317041,18.54667973465634
path,-12.745793247376506,18.547336655522507
path,-12.74261482154754,18.547991707240882
path,-12.739451012383334,18.548649586208292
path,-12.736287207812351,18.549304120999857
path,-12.733158874267048,18.549945471029865
path,-12.730081651958448,18.550557626304396
path,-12.727025861246581,18.551171285375577
path,-12.723981528145718,18.55178665615328
path,-12.72093668985635,18.55239869741436
path,-12.717930896203118,18.552999597968256
path,-12.714978276494056,18.553570448987543
path,-12.712045620085874,18.55414260051997
path,-12.709123994864296,18.55471650835348
path,-12.706202057667975,18.555287401857807
path,-12.703302225836266,18.555836443218418
path,-12.700421943125425,18.5563846666524
path,-12.69755361759835,18.556935125416192
path,-12.694685590294045,18.557482922732365
path,-12.691817001669838,18.558027695583363
path,-12.688989256561676,18.55855687546219
path,-12.686202514245851,18.55906646681933
path,-12.683429789154616,18.559579337069156
path,-12.680664560968962,18.560092748033824
path,-12.677898842747995,18.560603353123245
path,-12.674556696160392,18.56139276521239
path,-12.670492437783397,18.562162427205134
path,-12.66586890717558,18.56266749915694
path,-12.660862724035645,18.563072731573712
path,-12.655779961262999,18.563560125768014
path,-12.650665949279217,18.564155937322855
path,-12.64549165624561,18.56484055292502
path,-12.64025508736595,18.56561128676115
path,-12.634970988867732,18.566444592489894
path,-12.629663559331341,18.567302058513427
path,-12.624510594430419,18.56805426786792
path,-12.619516372253395,18.568810382012327
path,-12.614660837623285,18.569588677414252
path,-12.609902001538105,18.570335980215244
path,-12.605178589463522,18.57106344552279
path,-12.600605184509682,18.57169335810852
path,-12.596184870983633,18.57233926861079
path,-12.591896407516115,18.5729964774416
path,-12.587678752709394,18.573616750973393
path,-12.583469725691364,18.574230841889236
path,-12.578944031571494,18.57468653663408
path,-12.57392989130412,18.57494885323938
path,-12.568789810357233,18.575241449187097
path,-12.563599506976596,18.57560498026982
path,-12.558359811326714,18.576038014263844
path,-12.553137913710696,18.57659384541757
path,-12.548018359657238,18.577245015753668
path,-12.542957122070549,18.577911520306696
path,-12.537894863367725,18.57856890283585
path,-12.532831595831926,18.57921715841855
path,-12.527930886307825,18.579738098952244
path,-12.523186979615645,18.580242072745246
path,-12.518583004087967,18.580748549479477
path,-12.514102515032503,18.581277426622655
path,-12.509649638936786,18.581810869356218
path,-12.505325068546128,18.582267039862593
path,-12.501146308851858,18.58271457587456
path,-12.497092981039742,18.583170217334047
path,-12.49306293749761,18.58362897458563
path,-12.48903233604603,18.58408196176614
path,-12.4846787162775,18.584368524031508
path,-12.479858079189393,18.58446679645056
path,-12.474949145571369,18.58459529689465
path,-12.470002202323146,18.584779227575293
path,-12.46501785599347,18.5850175223586
path,-12.460058143294019,18.58535883945679
path,-12.455206891229215,18.585760362925118
path,-12.450472320196942,18.58620206680978
path,-12.445799594456178,18.586660459467723
path,-12.441129125079591,18.587109418185236
path,-12.436568476546872,18.587504826583984
path,-12.432154584893363,18.58787180779189
path,-12.427859656488282,18.588252707569357
path,-12.42359531886017,18.58863506987821
path,-12.419337816869664,18.58900679866385
path,-12.415159970484972,18.589364949413195
path,-12.411123645848814,18.58969638521196
path,-12.407145967278822,18.590029090054013
path,-12.403178509318463,18.59035012936767
path,-12.39922202798439,18.59065909920756
path,-12.394897870668057,18.590849048923552
path,-12.39006376643579,18.590812426122707
path,-12.3851109469737,18.5907831764377
path,-12.380131757523944,18.59078990992802
path,-12.375127158806409,18.590824541250516
path,-12.370157995332349,18.590943720755973
path,-12.36525322359369,18.591167737081776
path,-12.360411030725988,18.59145730014778
path,-12.355632886382631,18.591768014346066
path,-12.350864927986478,18.59207511035348
path,-12.346174617050528,18.592340372972572
path,-12.3416055144237,18.592546677562975
path,-12.337127084168234,18.592764658364736
path,-12.332722922432609,18.5929945976614
path,-12.328343850691352,18.593227062229566
path,-12.324061160168524,18.59338059345833
path,-12.319882646075104,18.593474860469286
path,-12.315775518687344,18.593585483332607
path,-12.31173738961444,18.593717314169037
path,-12.307767842940406,18.593870126872147
path,-12.30389228479529,18.593994616542165
path,-12.300109923449371,18.59407881563688
path,-12.296394779962482,18.594183828765257
path,-12.292746360892894,18.594309824085745
path,-12.28915231406188,18.594454031753273
path,-12.28562499390412,18.59457034513286
path,-12.282167667729752,18.59469118022131
path,-12.278742469257432,18.594823492667963
path,-12.275325068503566,18.594948485379646
path,-12.27191309239595,18.59506310839272
path,-12.268555763308939,18.595146152064327
path,-12.265267136817947,18.59523642754916
path,-12.262024583976585,18.595340888846227
path,-12.258792494583837,18.59543919448884
path,-12.255566930265626,18.59552643801435
path,-12.251993286027542,18.595442311347565
path,-12.24814475255181,18.595235989109753
path,-12.244288689705211,18.595035678281643
path,-12.24042553720651,18.594840660857706
path,-12.236555733469201,18.594650207598367
path,-12.232710977899885,18.594488517979546
path,-12.22892023301123,18.59435637044174
path,-12.225160273513199,18.594235189586424
path,-12.221400161430806,18.594108892392093
path,-12.217641147683786,18.59397450215477
path,-12.213910337309017,18.593864658198402
path,-12.210236024968381,18.593781707931672
path,-12.206612500205102,18.59371939581665
path,-12.203015406667637,18.593650390366307
path,-12.199435891304688,18.593570681103923
path,-12.19588664847377,18.593509927695568
path,-12.192390658758864,18.593473329836918
path,-12.18892222741655,18.593432053695135
path,-12.185473307042423,18.59337719305197
path,-12.182041940269484,18.593307933923366
path,-12.178369494825315,18.593068088964934
path,-12.174606629273898,18.592784109768655
path,-12.170842452852025,18.592496272701613
path,-12.16707697139862,18.592204576081357
path,-12.163310190758446,18.591909018177414
path,-12.159570563715091,18.59163195248711
path,-12.155864068219449,18.591359801833224
path,-12.152166689029857,18.591078557782126
path,-12.148476871226459,18.590790779365285
path,-12.144793538482991,18.590496821261333
path,-12.141140509841152,18.590217033805175
path,-12.137539035006924,18.5899626036326
path,-12.133960130923457,18.589711624273782
path,-12.130383935380964,18.589456349005545
path,-12.126809486004621,18.58919713192203
path,-12.123263361819683,18.588950366301553
path,-12.119746890629058,18.588719555018113
path,-12.116229774954993,18.58848640129435
path,-12.112710937687469,18.588250852249324
path,-12.109189505128276,18.588013203900704
path,-12.10526838584443,18.5877064190968
path,-12.101163189915919,18.587324015007134
path,-12.097051252000476,18.586938828870217
path,-12.092931354178601,18.58655127910255
path,-12.088802283072354,18.586161783845693
path,-12.084693944318657,18.585790409361298
path,-12.080626662865857,18.58545084321514
path,-12.076565784923432,18.585130782546113
path,-12.072491730731267,18.584811154302923
path,-12.068403473474008,18.584492311380924
path,-12.064404170788178,18.584208311204176
path,-12.06047015977911,18.58395008846506
path,-12.056562713242503,18.583670777716623
path,-12.052666424749647,18.583372145340658
path,-12.04876994799543,18.58307006943681
path,-12.04499195583884,18.58280788513778
path,-12.041275919474423,18.58256429093118
path,-12.037577753774926,18.582298140213116
path,-12.033900549388292,18.582055648045177
path,-12.030233722551891,18.58187449787506
path,-12.026608335294158,18.581790576301522
path,-12.023001967744682,18.581776094081604
path,-12.019401709745653,18.5817605479044
path,-12.01580765752542,18.581739942428086
path,-12.01221872102149,18.581714535053656
path,-12.008732567758045,18.581685491156243
path,-12.005286151193843,18.58167232704373
path,-12.00184253035374,18.581655485616544
path,-11.998400736415642,18.581635206250233
path,-11.994959800185653,18.581611731320436
path,-11.991621006399685,18.58159144157948
path,-11.988287607655725,18.58156392171971
path,-11.984925683635346,18.581526636630517
path,-11.981519832984027,18.581448911635118
path,-11.978109639419172,18.581281738644464
path,-11.974859701172898,18.581086522549437
path,-11.971630397291973,18.58084578971419
path,-11.968402593756041,18.580569756028265
path,-11.965174851739048,18.580289002013245
path,-11.961947078498095,18.58000565571086
path,-11.958540461374946,18.57974486444625
path,-11.954823865609443,18.57955408684491
path,-11.950984911096032,18.579301842715637
path,-11.947126358818474,18.57901530519456
path,-11.943249566318787,18.57869660194319
path,-11.939525333887628,18.57842591152512
path,-11.935820854357111,18.57812053688951
path,-11.932119117373263,18.577776826818887
path,-11.928418213708715,18.577419986223862
path,-11.924717427617232,18.57705958129495
path,-11.921207553971595,18.576759198876093
path,-11.917716343086916,18.576425026079853
path,-11.914226133509652,18.57607508523878
path,-11.910735982956174,18.57572201017425
path,-11.907245895150991,18.575365798107747
path,-11.903838934572892,18.57504300372173
path,-11.90043897489435,18.574692443514508
path,-11.897039281861039,18.574336760568443
path,-11.893639697565172,18.573978064716236
path,-11.890240221967131,18.573616356559285
path,-11.886636737119183,18.573234456571466
path,-11.882698368425276,18.572911436444524
path,-11.878508348373531,18.572581368993074
path,-11.87427467468365,18.572243646710216
path,-11.870036748823225,18.571903263638998
path,-11.865883922861475,18.571540777633057
path,-11.861747314053549,18.571177361864063
path,-11.857610776129029,18.570810896365593
path,-11.853474572256903,18.570437830970423
path,-11.849338704500322,18.570058127375955
path,-11.845469721622573,18.569707317760383
path,-11.841627941157943,18.569342592426292
path,-11.837786174728436,18.56897198907482
path,-11.833944730695432,18.568595650937134
path,-11.83010360767133,18.568213571502746
path,-11.826425160887107,18.567837420836295
path,-11.822757418157387,18.567461772559177
path,-11.81908994610983,18.567080997473216
path,-11.815422755649829,18.56669495892899
path,-11.811755848347183,18.566303652853268
path,-11.807928355959639,18.565934435034883
path,-11.8038564442552,18.565541562440263
path,-11.799702208435722,18.56510056694545
path,-11.795535727851766,18.564635439967947
path,-11.79137846970744,18.564178789395232
path,-11.78735600388044,18.563724496697134
path,-11.78337747696097,18.563245759769003
path,-11.779401562797238,18.562766016587688
path,-11.77542761151839,18.562284630857384
path,-11.771455121247469,18.561800803389577
path,-11.767644780214859,18.561325677857596
path,-11.763858031942947,18.560833178968725
path,-11.760071069853007,18.560336192102554
path,-11.756283423552842,18.559833971432877
path,-11.752494621711243,18.55932577231672
path,-11.748922840958336,18.558877022896255
path,-11.745383743952427,18.558400377722656
path,-11.74184202670931,18.557915787056864
path,-11.738298727734012,18.557427085758643
path,-11.734767336106225,18.556961993069912
path,-11.731120293059433,18.55654096428346
path,-11.727415966282637,18.556102942592126
path,-11.723691760561085,18.555629387441876
path,-11.719961525887161,18.55514212948601
path,-11.716229644950351,18.55464801722069
path,-11.712641806098162,18.554175408122802
path,-11.709095460711222,18.55368469528648
path,-11.705558541698892,18.553197087132332
path,-11.702020932404887,18.552704392034233
path,-11.698482024534863,18.552205697473447
path,-11.695086213216774,18.551720081588805
path,-11.691719406016453,18.5512269584958
path,-11.688359518464253,18.550736731444015
path,-11.68499925092421,18.55024244079249
path,-11.68163773287379,18.549742752475233
path,-11.678336612462292,18.54923142504283
path,-11.675044300464297,18.548720879268906
path,-11.671756007213185,18.548213380548372
path,-11.668469328027108,18.547705160871182
path,-11.665181433719322,18.54719183364977
path,-11.661750154262933,18.54670582353727
path,-11.658128684427501,18.54624844323799
path,-11.654471185418899,18.54574328368426
path,-11.65078325868775,18.545186648526894
path,-11.64706678206549,18.544581652125235
path,-11.643467215664058,18.543995223658126
path,-11.63987383806047,18.543397592765672
path,-11.636278547389193,18.54279725374661
path,-11.632683641961316,18.542192435595283
path,-11.629092531420332,18.541586893088756
path,-11.62572582699177,18.54102985048098
path,-11.622378621380857,18.54047107353887
path,-11.619031340864364,18.539913030056937
path,-11.615684449900924,18.539351599577078
path,-11.612338055324477,18.53878581275876
path,-11.609094815601896,18.538226807722236
path,-11.605861637496062,18.537670330050826
path,-11.602628778523913,18.537111100860766
path,-11.599396386648637,18.536547791351367
path,-11.596164460789698,18.535980397500285
path,-11.593134705684658,18.53546033672362
path,-11.590128137489215,18.53492468001585
path,-11.58712203918419,18.534385523015366
path,-11.584116404215182,18.53384285880419
path,-11.581111226840035,18.533296680975322
path,-11.578207698653499,18.532762954806987
path,-11.575312041485905,18.5322316359407
path,-11.572409600946157,18.53169464824784
path,-11.56950645055039,18.531139122236432
path,-11.566602958720438,18.530570970451272
path,-11.563748162206025,18.530008526859486
path,-11.560894376835726,18.52944324644486
path,-11.558040818186754,18.52887463291265
path,-11.555187486712045,18.528302681086032
path,-11.552334382948413,18.52772738604807
path,-11.549567255568013,18.527191602605978
path,-11.546804288614272,18.52664873833764
path,-11.54404087671713,18.52609187768263
path,-11.541277197306039,18.525523836595692
path,-11.538513795090612,18.52495304949039
path,-11.535781229900795,18.52438655062571
path,-11.533048993115864,18.52381805194513
path,-11.530317067762402,18.523247549703985
path,-11.527585452797869,18.522675044860854
path,-11.52485414742303,18.522100538272657
path,-11.522195772325082,18.52154047513454
path,-11.519539322417243,18.52097767209343
path,-11.516883151794156,18.52041298372463
path,-11.514227261582526,18.51984640983187
path,-11.511571652933423,18.51927795023115
path,-11.50896141307964,18.518717618196916
path,-11.506351933034978,18.51815522516184
path,-11.503742724551365,18.517591012275126
path,-11.501133789158642,18.517024979182207
path,-11.498525128365738,18.51645712555716
path,-11.495979947883765,18.515928979105084
path,-11.493436053106903,18.51540015699188
path,-11.490892286396177,18.514866775883448
path,-11.488348673838608,18.514329281662985
path,-11.485805242154852,18.513788120167604
path,-11.48329989957735,18.51323924124029
path,-11.480795050308581,18.512687455600915
path,-11.478290451015715,18.51213333479767
path,-11.475786130308734,18.511577319134208
path,-11.473282117195355,18.511019848647994
path,-11.470745781492182,18.51046241731236
path,-11.468151205927192,18.509899801530462
path,-11.465520894941395,18.50933253392564
path,-11.463271357065828,18.50875730566237
path,-11.461229298258548,18.50823963754333
path,-11.459246899098437,18.50773531498212
path,-11.457266134024191,18.507235987895694
path,-11.455286462753747,18.506741378708664
path,-11.453307871532992,18.50625145370663
path,-11.451330346350934,18.50576618492469
path,-11.449389951655021,18.505289996725978
path,-11.447450576467936,18.504818470062958
path,-11.445512191236485,18.504351587857762
path,-11.443574781388392,18.503889341195528
path,-11.441638332041277,18.503431726784953
path,-11.439743954392364,18.50298399023819
path,-11.437850488769,18.502540944841666
path,-11.435957902490612,18.502102594051454
path,-11.434066180975842,18.50166888446597
path,-11.43217530910036,18.501239808768798
path,-11.430012862667889,18.500749476461312
path,-11.427847801755306,18.50027874362777
path,-11.425730525062141,18.499807930183216
path,-11.423614223455234,18.49933799113082
path,-11.421498884217906,18.498868707420918
path,-11.419436552574707,18.49840661010606
path,-11.41737516475994,18.49794530386245
path,-11.415314690334585,18.497484615846773
path,-11.413255126211391,18.497024582331516
path,-11.411196468895964,18.49656524156468
path,-11.409204956220426,18.49611498012722
path,-11.40721525417204,18.495665820111082
path,-11.405226406440347,18.49521754100302
path,-11.403238408368168,18.49477018218668
path,-11.401251255446816,18.49432380907073
path,-11.399305727170834,18.49388381436163
path,-11.397361024962576,18.493444913299015
path,-11.395417128023736,18.493007147132577
path,-11.393474030505981,18.492570561811373
path,-11.391531726318396,18.492135205541608
path,-11.389644009735752,18.491708428379166
path,-11.387757151913014,18.491283061670664
path,-11.385871265301256,18.4908589839629
path,-11.38398156894144,18.490441112200877
path,-11.382092588939775,18.49002370662875
path,-11.380234838311823,18.489612600239884
path,-11.378375406001851,18.48920224958591
path,-11.376515004160378,18.48879107716376
path,-11.374655071844286,18.48837702352493
path,-11.372795695362743,18.487960034741064
path,-11.370982770359207,18.487546434481885
path,-11.369170410324884,18.487130040138943
path,-11.36735860491093,18.48671089069698
path,-11.36554736056297,18.486289026694042
path,-11.363736683391082,18.485864487506838
path,-11.36195525395346,18.485441335976162
path,-11.360174399068129,18.485015611917564
path,-11.358394113107657,18.48458734666286
path,-11.356614400926011,18.48415657221392
path,-11.354835267143477,18.483723319534164
path,-11.352970908119024,18.483273862202903
path,-11.351100573209033,18.482824281248995
path,-11.349230818428031,18.48237220590538
path,-11.347361653301348,18.481917677528408
path,-11.345493086624229,18.48146073631096
path,-11.343673850675806,18.481008618338013
path,-11.341854901030986,18.480540708009958
path,-11.340036458204942,18.4800650845142
path,-11.338218663441838,18.479587638461865
path,-11.336401521060447,18.479108384558295
path,-11.334612884138858,18.478631553309253
path,-11.332824902254998,18.478152969052918
path,-11.33103756824349,18.47767264025615
path,-11.329250885128417,18.47719057662958
path,-11.327464855692442,18.476706787410293
path,-11.325711026812215,18.4762261721111
path,-11.323957851073606,18.475743878470873
path,-11.322205320547639,18.475260012402565
path,-11.320453427434337,18.47477399641607
path,-11.318702182160795,18.474286312859896
path,-11.316986256057259,18.473802506700952
path,-11.315270976976672,18.473317183022555
path,-11.313556333061493,18.472830339254372
path,-11.311842325428215,18.472341973786925
path,-11.310128955119792,18.47185208470309
path,-11.30812075033977,18.471290561749587
path,-11.306014702981638,18.470735128646105
path,-11.303909459855236,18.470177239599913
path,-11.301805028129268,18.469616936832043
path,-11.299701414314642,18.469054261739956
path,-11.29765341542387,18.468498381367635
path,-11.295606234073096,18.46794026982819
path,-11.293559854443163,18.46737995700433
path,-11.291514280913576,18.466817475693183
path,-11.289469517445129,18.466252858103363
path,-11.28746807966178,18.465693393239373
path,-11.28546744999346,18.46513190085473
path,-11.28346758303346,18.464562611248788
path,-11.281468500266206,18.463982915543028
path,-11.279470249427815,18.463401685806396
path,-11.277511770599546,18.46282574225586
path,-11.275554116619789,18.462248333642552
path,-11.273594268517892,18.461672204726217
path,-11.27164837718325,18.461094547806137
path,-11.269715381769998,18.460515501613685
path,-11.267856704234507,18.45994317132097
path,-11.266010980025815,18.459364613969697
path,-11.264177526142179,18.45877695926706
path,-11.262346812843608,18.45817641893643
path,-11.260516113245679,18.457562222578808
path,-11.258716389074927,18.456939554448137
path,-11.256916740328478,18.456303465071507
path,-11.255117192132008,18.455654137175046
path,-11.253317764120276,18.45499147277934
path,-11.251518473906298,18.454315345084286
path,-11.249752991448624,18.453631368044153
path,-11.247987670533142,18.452933708990223
path,-11.246222513673978,18.452222222224812
path,-11.244457533994868,18.45149675367854
path,-11.242692743555867,18.45075713890937
path,-11.240962730005526,18.450009225453957
path,-11.239232913400715,18.449246838463807
path,-11.237503289558205,18.448469775863025
path,-11.235773865569788,18.447677834571138
path,-11.234044644841859,18.446870747250845
path,-11.231884678759224,18.445929805132927
path,-11.229389862077296,18.4449406863887
path,-11.226860589553894,18.443943306789205
path,-11.224332205900973,18.442929062407696
path,-11.221804744404002,18.441897829523192
path,-11.219322469792335,18.440857004336976
path,-11.216841144554056,18.43979876877536
path,-11.214360777859321,18.43872288851089
path,-11.211881392968133,18.437629119047706
path,-11.20940301189026,18.436517203008897
path,-11.207017396350812,18.435404308798656
path,-11.204636016774211,18.43427339074353
path,-11.202255596960313,18.43312358064969
path,-11.199876150764865,18.43195458828329
path,-11.197497658045238,18.430765405026612
path,-11.195187729864486,18.42956862974617
path,-11.192879935371343,18.428355327980633
path,-11.190563434518001,18.42714104830787
path,-11.188313626798157,18.425843345184788
path,-11.18614433015352,18.424443184208908
path,-11.184044194365914,18.423010556251196
path,-11.181945203217492,18.42156489792342
path,-11.179847309160404,18.420105484720256
path,-11.177746608825268,18.418631377567554
path,-11.175655064344232,18.417160368385
path,-11.173892367885152,18.41595927775329
path,-11.172375429468914,18.414909311022235
path,-11.170895848943662,18.41393629006416
path,-11.169444167705675,18.41304273171732
path,-11.168014395432321,18.412229955775324
path,-11.166613327831243,18.411498869134032
path,-11.165233178877406,18.410849786680902
path,-11.163877454949311,18.410277455075992
path,-11.16254419762574,18.40978476349336
path,-11.161231800654239,18.409371846919882
path,-11.15994845327112,18.40904049024183
path,-11.158688352234805,18.40879548647536
path,-11.157306870170515,18.408543082069812
path,-11.155917515946864,18.4082674337776
path,-11.154528042831673,18.4079699099702
path,-11.153151658829366,18.407655086816632
path,-11.15177484862076,18.40731897309994
path,-11.150397513342222,18.40696183791414
path,-11.149019590979087,18.406583937963344
path,-11.147641052251828,18.406185694624785
path,-11.146284010221494,18.40577413092954
path,-11.144926336107682,18.405342479604684
path,-11.143568033317065,18.40489100003526
path,-11.142209128270581,18.404420090484166
path,-11.140849646182795,18.403929948800783
path,-11.139503144484557,18.403425154323656
path,-11.138156134052664,18.40290145236118
path,-11.136808645134705,18.402358975150964
path,-11.135460714763234,18.40179783998983
path,-11.134112380918506,18.40121814871012
path,-11.132780815852017,18.400625623819238
path,-11.13144884536277,18.400012329820935
path,-11.130116516344922,18.399378603796965
path,-11.128783887963195,18.39872507350435
path,-11.127451034748955,18.398052824652044
path,-11.126130080279147,18.39736658619204
path,-11.124808991870907,18.396662356829957
path,-11.123487794562067,18.395940085293855
path,-11.122166506528396,18.39519937866737
path,-11.120845151567398,18.394440028757764
path,-11.11953201237191,18.3936651218501
path,-11.118218882826254,18.39287222982892
path,-11.116905797466565,18.392061741868833
path,-11.115592789814755,18.391233981496708
path,-11.114279879068388,18.390388843043652
path,-11.112763355722029,18.389448491506318
path,-11.111202868384574,18.38848521691737
path,-11.109642637984892,18.38750367270106
path,-11.108082698419258,18.38650389594096
path,-11.10652307612603,18.385485719320226
path,-11.104980394053038,18.384454667759623
path,-11.103438071268721,18.383404856177307
path,-11.10189612263013,18.382336069417786
path,-11.10035456593053,18.381248076983738
path,-11.098813412464128,18.380140631563457
path,-11.097284686623857,18.379017656022885
path,-11.095756395039858,18.377874698587775
path,-11.09422854565026,18.376711460361214
path,-11.092701153957414,18.37552786633143
path,-11.091174252655755,18.37432452345284
path,-11.089660163351818,18.37310553156406
path,-11.088146567146604,18.37186617775738
path,-11.08663345907259,18.37060607143153
path,-11.085117976538644,18.369325029526262
path,-11.08358806330459,18.368051838908887
path,-11.08206044358155,18.366862472288254
path,-11.080529373743822,18.365762944405997
path,-11.078995657634369,18.364749616011665
path,-11.077471983253746,18.363807440517494
path,-11.075961539711482,18.362931969713646
path,-11.074468276402172,18.362122959293497
path,-11.072987852625207,18.361378995596066
path,-11.071519681615792,18.360699548379756
path,-11.070060343113587,18.360085492368885
path,-11.068611253493819,18.35952992959721
path,-11.06717915909331,18.35903391606588
path,-11.06575829588182,18.358585890832693
path,-11.064291839889673,18.358119970917738
path,-11.062826351951557,18.35762919272149
path,-11.061361569495451,18.357112965196382
path,-11.059919528645963,18.356578472688426
path,-11.058477910978102,18.35602005389481
path,-11.057036597893172,18.355437428110903
path,-11.055595547542588,18.35483213339624
path,-11.054154742120048,18.35420636208695
path,-11.05273132024264,18.35356653867944
path,-11.051308098048292,18.35290645422845
path,-11.049885063148928,18.352226188205425
path,-11.048462219628139,18.351525807364904
path,-11.04703957920588,18.350805364498065
path,-11.045638803534086,18.350072921824697
path,-11.044238267801681,18.34932020317632
path,-11.042837981848558,18.348545850961344
path,-11.041437981494587,18.347750789681793
path,-11.040038296338013,18.34693499618364
path,-11.03865374773783,18.34610424585479
path,-11.037269579622038,18.345253192739754
path,-11.035885816910387,18.34438193441475
path,-11.034502490511901,18.343490656204168
path,-11.033119629598962,18.342579414617436
path,-11.031747137189239,18.341651910003517
path,-11.030375163538375,18.340704400718405
path,-11.029003731264114,18.339737127385884
path,-11.027632864292455,18.338750087956615
path,-11.026262579904609,18.337743107537552
path,-11.024904870003379,18.336720606113563
path,-11.0235477775594,18.335677779493494
path,-11.02219131299447,18.334614401563876
path,-11.020835499623065,18.333530229017963
path,-11.019480350816103,18.332424992974165
path,-11.018003318304158,18.331248303870506
path,-11.016517535600158,18.330048501970754
path,-11.015030019227405,18.328827020689793
path,-11.01350195414264,18.327622907415638
path,-11.01196348652643,18.32647449059895
path,-11.010437047028182,18.325372189948244
path,-11.008917568008886,18.32431367106928
path,-11.0074048161838,18.323298221328454
path,-11.005898573285958,18.322325258931027
path,-11.004398637884398,18.321394013117605
path,-11.002913645717461,18.32050665719002
path,-11.001434292863513,18.319658999791546
path,-10.999960381780523,18.31885071363181
path,-10.998491725116189,18.31808154222374
path,-10.997028129772126,18.317351247825133
path,-10.995581635819178,18.31666420057829
path,-10.994139808398556,18.316015617169754
path,-10.992702430535541,18.31540531208305
path,-10.991257925729052,18.314813874563317
path,-10.989809130691661,18.314200169628343
path,-10.98843760994873,18.31359433118389
path,-10.987068547701677,18.31296531630084
path,-10.985699597654401,18.312313023363636
path,-10.984330826796004,18.31163756277005
path,-10.98296229973689,18.31093897663892
path,-10.981610892635315,18.310224230052818
path,-10.980259854241615,18.309486666786366
path,-10.97890923373828,18.308726335075253
path,-10.977559084600804,18.307943265345067
path,-10.976209457893713,18.30713746969676
path,-10.974872167510775,18.306313757231585
path,-10.973535494392593,18.30546758170555
path,-10.972199480815988,18.30459861252553
path,-10.970864163348104,18.303707438413653
path,-10.969529579968002,18.30279417398436
path,-10.968212175755138,18.301865696448665
path,-10.966895564946247,18.30091523924503
path,-10.965579773647455,18.299942917327108
path,-10.964264843205939,18.29894837689353
path,-10.96295079385018,18.297932090302258
path,-10.961644849614373,18.296896922003
path,-10.960339833580633,18.295839684602974
path,-10.959035762193736,18.29476016089013
path,-10.95773008432935,18.29365853695427
path,-10.956388893393251,18.292567537667562
path,-10.955053665671146,18.291511001532097
path,-10.953722034415089,18.290483986682258
path,-10.952393881166083,18.289485992015337
path,-10.951069069089781,18.288516265427315
path,-10.949747467314863,18.287574276752654
path,-10.948433915842385,18.28666157645709
path,-10.947123328624631,18.285775620390154
path,-10.945815578476433,18.284915616852402
path,-10.944510548570381,18.284080646968054
path,-10.943208017640025,18.283270136590183
path,-10.941915902689496,18.282486950562078
path,-10.94062606288821,18.281727549568185
path,-10.939338389164986,18.280991664874403
path,-10.938052679538659,18.28027778520547
path,-10.936768818593608,18.279585514741168
path,-10.935493287275243,18.278918252417355
path,-10.934219015462931,18.278266853891473
path,-10.932945775079068,18.277629063389508
path,-10.93167348566891,18.277004619673054
path,-10.930400692972455,18.276390499174855
path,-10.928876600052252,18.27561838494988
path,-10.9272521968645,18.274799446499102
path,-10.925628629734543,18.273947535352725
path,-10.924005991075001,18.273062940485026
path,-10.922384376598664,18.27214564586472
path,-10.920791346148313,18.271207807039065
path,-10.91919952276886,18.270237508956797
path,-10.917608978040624,18.269234716950105
path,-10.916019790845418,18.26819955089685
path,-10.914432040977976,18.26713184607946
path,-10.912866464586223,18.26604097455237
path,-10.911302440459055,18.264918458489117
path,-10.909739901550372,18.263768715801096
path,-10.908178471698834,18.26260367342339
path,-10.90661815589088,18.261424096286163
path,-10.905075669193769,18.26023719701965
path,-10.903534407149088,18.259035563977115
path,-10.901994382118286,18.25781917709965
path,-10.900455604704533,18.25658804689978
path,-10.898903453237063,18.25534700036087
path,-10.89744551677553,18.254172410540743
path,-10.895996733352774,18.253021718196305
path,-10.894549940751014,18.25189307051047
path,-10.89310504237001,18.250785755045225
path,-10.891661944362033,18.249699236901446
path,-10.890229620778307,18.248629664520863
path,-10.888798305157799,18.24756317923318
path,-10.887367955020546,18.246498980545798
path,-10.885938535434725,18.245436453630578
path,-10.884510025616223,18.244375177770962
path,-10.883093154510817,18.24332053847853
path,-10.881677366592914,18.24227302506936
path,-10.880262637340994,18.241232869585165
path,-10.878848926164377,18.24019961924228
path,-10.877436189334851,18.239172732051635
path,-10.876037446841405,18.238157488683267
path,-10.874639594176092,18.23714734800134
path,-10.873242591954126,18.236141763076635
path,-10.87184640228443,18.235139984270933
path,-10.870450998585014,18.23414155240812
path,-10.869067250579256,18.233150938937307
path,-10.867684242149146,18.232162869284625
path,-10.86630194914998,18.231176925094754
path,-10.864920353370337,18.230192707622138
path,-10.863539438132722,18.229209809779142
path,-10.86233567751294,18.228317862020102
path,-10.861168409257587,18.22743407439948
path,-10.860001732902461,18.226551610873788
path,-10.858835640663367,18.225670105446984
path,-10.857670106153371,18.224789181886187
path,-10.856511870518235,18.223911538563314
path,-10.85535418856134,18.22303373469344
path,-10.854197050083624,18.22215539528304
path,-10.853040449351838,18.22127614576894
path,-10.851884379771528,18.220395605630138
path,-10.850732895182073,18.219515263208994
path,-10.84958194024966,18.218632877125096
path,-10.848431515255493,18.21774819224772
path,-10.847281619548374,18.21686091115142
path,-10.846132260527957,18.215970631800037
path,-10.844990244261659,18.215080165428674
path,-10.843844945497302,18.21419027896608
path,-10.84270210987549,18.21329355709562
path,-10.841558602268972,18.212390631380206
path,-10.840414526287049,18.21147953185262
path,-10.83903263137281,18.210409040735176
path,-10.83752096308496,18.209308050376823
path,-10.836007227739406,18.208190132151838
path,-10.834493827401648,18.207055369122724
path,-10.832980815759766,18.205903699162725
path,-10.8314772041416,18.20473890890802
path,-10.82997407823883,18.203556510168788
path,-10.828471481043449,18.202355973749807
path,-10.82696946001091,18.201136752183444
path,-10.82546805623345,18.199898283998316
path,-10.823982260848748,18.198646962644762
path,-10.822497176248623,18.197375479492166
path,-10.821012845222647,18.19608321882817
path,-10.819529308375767,18.194769145643736
path,-10.818046616508836,18.193433113188764
path,-10.816571418343372,18.192077622575816
path,-10.815097158123006,18.19069888881003
path,-10.813623880936964,18.189296204056106
path,-10.812151633177189,18.187868908916247
path,-10.810686724889603,18.18641749001234
path,-10.809227823474556,18.184948267007808
path,-10.807770154347804,18.18345247136098
path,-10.806313750879617,18.181929335772033
path,-10.804858649899433,18.180377992098542
path,-10.80340488923509,18.178797639181887
path,-10.802021639642161,18.177222592760124
path,-10.80064500794135,18.175620560562876
path,-10.799269873503386,18.174003858093375
path,-10.797896251559365,18.172373583734764
path,-10.7965241466737,18.170728963488088
path,-10.795156744556756,18.169070771595226
path,-10.79379086796028,18.167396665556225
path,-10.792426523480971,18.165705848108484
path,-10.791063719582164,18.1639974842961
path,-10.789702465767263,18.1622707786936
path,-10.788342112776817,18.160524573014282
path,-10.78698333111801,18.158758351740197
path,-10.785626144581325,18.15697344306699
path,-10.784270651900247,18.155183432042865
path,-10.782916869738065,18.15339081650248
path,-10.78156236249985,18.151592355493914
path,-10.780209571691195,18.149791244984815
path,-10.778858509271448,18.14798750778341
path,-10.777509149100785,18.146181078075234
path,-10.776161470695492,18.144371901131105
path,-10.774718433695007,18.142577004237687
path,-10.773113649197999,18.14116085835934
path,-10.771715165908104,18.140043444931038
path,-10.770369732829254,18.138953087264426
path,-10.769024934167001,18.13786187082986
path,-10.76767395805863,18.136764257552432
path,-10.766323618468988,18.135665776226134
path,-10.76497391728996,18.134566428247787
path,-10.763624854019927,18.133466213879466
path,-10.762276427779945,18.13236513338503
path,-10.760937350039022,18.13127031582887
path,-10.75959890354404,18.130174645780333
path,-10.758261086391686,18.12907812140601
path,-10.756923897334708,18.12798074301718
path,-10.75558733658018,18.126882510762734
path,-10.754258155247495,18.125788983558994
path,-10.752929596297374,18.124694612693766
path,-10.751601658588504,18.123599397247407
path,-10.750273475635762,18.122503875705284
path,-10.748941800572426,18.121409386281115
path,-10.747618511218835,18.12032086985487
path,-10.746295670565043,18.119231543712104
path,-10.744973275160618,18.118141407312685
path,-10.743651324812888,18.117050461456767
path,-10.742329819322604,18.11595870693346
path,-10.741165350860033,18.1150012543653
path,-10.740173230595511,18.114007167529955
path,-10.739256872303677,18.112914141089092
path,-10.738370653326959,18.11179050442125
path,-10.737490601526602,18.110672221279625
path,-10.736619604001502,18.109563111336463
path,-10.735754732280617,18.108459442589997
path,-10.734895973277249,18.107361263792562
path,-10.734043320902359,18.106268629274958
path,-10.733196775220453,18.10518159810222
path,-10.73235695851931,18.104101034505906
path,-10.731523267473886,18.10302620692963
path,-10.730694739721175,18.101953637088197
path,-10.7298711394403,18.100883371371676
path,-10.7290540817852,18.099820362164152
path,-10.728243124677148,18.098763928473176
path,-10.727438663885458,18.097714480726832
path,-10.72664061270925,18.096671869912583
path,-10.725848813071579,18.095635894457676
path,-10.72497529000294,18.094710351373617
path,-10.723760084068696,18.0938258372591
path,-10.7224233272242,18.092888184681073
path,-10.72108740605308,18.091894049645475
path,-10.71975373803819,18.090843580739598
path,-10.718449654698453,18.089734361884915
path,-10.717232083358414,18.088531941746666
path,-10.716094369995863,18.087226570613606
path,-10.715013530625402,18.08585282002937
path,-10.713941482351967,18.084483100963446
path,-10.712876684429482,18.083119735838547
path,-10.711824579550953,18.081769890896616
path,-10.710779691957423,18.08042653027075
path,-10.709742012383026,18.079089724838475
path,-10.70871154031408,18.077759553212747
path,-10.70768828235658,18.076436099827482
path,-10.706674585733863,18.075122488888493
path,-10.705668139922281,18.073815782921816
path,-10.704668971615463,18.07251608146197
path,-10.703677114942945,18.071223489669794
path,-10.702622728421044,18.070022475833838
path,-10.701402257028112,18.068967360946328
path,-10.700084602564617,18.06797481920359
path,-10.698770455152067,18.066930746416002
path,-10.697525857778142,18.065805088333292
path,-10.696363997659468,18.064574019139453
path,-10.695282579534702,18.06324300742318
path,-10.694228099258574,18.061890820134508
path,-10.693181775557614,18.060545849716412
path,-10.692143589413453,18.05920817253572
path,-10.691113529518844,18.05787786989403
path,-10.690098086269881,18.056563473880438
path,-10.689090776350886,18.055256633769382
path,-10.688090619409653,18.05396071198637
path,-10.68699527995239,18.052775873921938
path,-10.685740915588616,18.051728171102525
path,-10.684445262619805,18.050690435968917
path,-10.683227749528609,18.04956030881205
path,-10.682093644351278,18.04832466804145
path,-10.681034902800285,18.046995659970047
path,-10.679995449751662,18.0456582031835
path,-10.6789667530666,18.0443311839089
path,-10.677946690584381,18.04301193651152
path,-10.67693525331248,18.04170054704916
path,-10.675924033974919,18.04041000736206
path,-10.674790677110115,18.03924489134342
path,-10.673649025231077,18.038281239846125
path,-10.672580384925817,18.037267654821576
path,-10.671596578359011,18.036147398431343
path,-10.670670809439715,18.034961082874602
path,-10.669755063795579,18.033781513071677
path,-10.66884831878162,18.032609887749462
path,-10.667951078730338,18.031447522563596
path,-10.667060739832406,18.030285781077186
path,-10.66614836850158,18.02917131451448
path,-10.665090036775425,18.02819713730582
path,-10.66394548297355,18.027284824952908
path,-10.66287449571933,18.026283609252825
path,-10.661889823757926,18.02517493066537
path,-10.660968751099796,18.023993129489874
path,-10.660059286237649,18.02281705547898
path,-10.65915942114346,18.021649759149692
path,-10.658254421179578,18.020509675986045
path,-10.657219820602018,18.019498681214145
path,-10.656102191146855,18.018558859817603
path,-10.655067065207493,18.017519877313223
path,-10.654119344660764,18.01637480092656
path,-10.653208237499419,18.015197751337553
path,-10.65230695672166,18.014029434024945
path,-10.65138327301022,18.012904304781685
path,-10.650316151977377,18.011915032218706
path,-10.649241946461,18.010929630723837
path,-10.648255443207841,18.009834998582935
path,-10.647337526372976,18.008660176745387
path,-10.646433130891788,18.007488949105152
path,-10.645530276281459,18.006337748621263
path,-10.64451111738294,18.005307290534187
path,-10.643416706320053,18.004344226788753
path,-10.642406657732936,18.003279524321407
path,-10.641477669757919,18.002116060587976
path,-10.640571375895691,18.000942721732528
path,-10.639671024950944,17.99978409323341
path,-10.638666497239253,17.99873695882128
path,-10.637584235698183,17.997759655351235
path,-10.636586204527765,17.996680526213204
path,-10.635664525316521,17.995510211167467
path,-10.634761519822979,17.99433925512158
path,-10.633813475984352,17.993231764495516
path,-10.632743212811855,17.992240140610686
path,-10.631730845187384,17.991177715002756
path,-10.630801202031039,17.9900147297901
path,-10.629612260964597,17.98869732740367
path,-10.628289840923562,17.98739429860661
path,-10.627014447911533,17.98602597401218
path,-10.625746530697663,17.984641341807407
path,-10.624512470529405,17.983209658467544
path,-10.623304512053972,17.981744514383998
path,-10.622111375848064,17.98025564307241
path,-10.620928235477336,17.978752239022874
path,-10.619746252768458,17.977246547000895
path,-10.618560103793522,17.975745222762733
path,-10.617380050681309,17.974245217203617
path,-10.61609610131293,17.972809578495358
path,-10.614752404779725,17.971394890657244
path,-10.613437170197182,17.969915220470163
path,-10.612193853608234,17.96834799320933
path,-10.610941115055908,17.966775756993346
path,-10.609691416211719,17.965203571377202
path,-10.608448212984637,17.96362005461827
path,-10.607202492706053,17.96204745189308
path,-10.60596165326903,17.96046341316541
path,-10.604715157852027,17.95888509156759
path,-10.603473856184586,17.957305653804678
path,-10.60223150472676,17.955724513144254
path,-10.60099211005814,17.954137577619527
path,-10.59974926679082,17.95255564465539
path,-10.59847860483436,17.95094570535698
path,-10.597210315852145,17.949319387123133
path,-10.595874793123818,17.947543438088264
path,-10.59440886881412,17.945569675291623
path,-10.592904322950476,17.943374013480444
path,-10.591423502929192,17.941091503705284
path,-10.589976859290452,17.938724844458118
path,-10.588529835569423,17.93635911262481
path,-10.58708260054319,17.933994046914385
path,-10.585633454193605,17.93163309871572
path,-10.584183365073175,17.92926663400845
path,-10.582731416892697,17.926903824757783
path,-10.581281371308854,17.924537455013112
path,-10.579829771630386,17.922174320913935
path,-10.578379605949229,17.919808447031713
path,-10.57691837591801,17.917432196116327
path,-10.575457568169398,17.91505159887181
path,-10.57399510345353,17.912678782011433
path,-10.572534342875494,17.910301093586156
path,-10.571071788741637,17.907927590046366
path,-10.569806962872267,17.905803609082987
path,-10.568601653104857,17.903838153869067
path,-10.567400145932579,17.901889423352674
path,-10.566201290349523,17.899935348259298
path,-10.564999569579522,17.897988070951836
path,-10.563791472562256,17.896030100592185
path,-10.562584694268788,17.894069466024416
path,-10.561377983295337,17.8921087046649
path,-10.560169200218402,17.8901524422607
path,-10.558960362472785,17.88819595267578
path,-10.55774487093384,17.886226204573777
path,-10.55652824958849,17.884258770941553
path,-10.555310193233435,17.882292653109715
path,-10.554094890363633,17.8803224446465
path,-10.552878601975156,17.87835490487595
path,-10.551659510841075,17.876381112968723
path,-10.550436435197271,17.874414582514742
path,-10.549217914276431,17.872439406715205
path,-10.547997194746205,17.870469460232915
path,-10.546777231695529,17.868497585344247
path,-10.545550220070329,17.86651925989583
path,-10.544324962593405,17.86453806298294
path,-10.543099946569768,17.862556428968027
path,-10.541876320739915,17.860571513395023
path,-10.540650811693961,17.85859081770514
path,-10.539452508706995,17.856649079551048
path,-10.538254842941026,17.854709042988574
path,-10.537054784926493,17.852772677239564
path,-10.535857955472467,17.850830730491698
path,-10.534656798534675,17.84889682558057
path,-10.533448937669128,17.84695948084947
path,-10.532244063745441,17.84501630837345
path,-10.531042036603704,17.84306918246743
path,-10.529834458733355,17.841132461545083
path,-10.528630902944697,17.83918932778597
path,-10.527423030144279,17.837238865222584
path,-10.526214971005922,17.835288828480977
path,-10.525005613554823,17.833341865288443
path,-10.523797852897504,17.83139133225307
path,-10.522588371654635,17.82944472413432
path,-10.521373260736599,17.82748134145858
path,-10.520156774330298,17.82552106930622
path,-10.51893646528894,17.823567704123693
path,-10.51772043528609,17.821606331463755
path,-10.516502947963986,17.81964861714981
path,-10.51521360282815,17.817597868046132
path,-10.513922635631374,17.81552479475235
path,-10.512629524278436,17.813454780645905
path,-10.51134115601179,17.811376001789366
path,-10.510049562129005,17.809304459919986
path,-10.50875410798325,17.807221299119835
path,-10.507457871015019,17.80514000113427
path,-10.506162162026303,17.803057466755785
path,-10.50486456490098,17.800978991708494
path,-10.503566096192538,17.79890176208015
path,-10.502259697974509,17.796811958937397
path,-10.500948911359233,17.79472856615552
path,-10.499626987278676,17.792658870713623
path,-10.498293397736221,17.790603632836522
path,-10.496951176843574,17.78855618753659
path,-10.495584445781322,17.78652974569377
path,-10.4941950496247,17.78453238005791
path,-10.49277648104208,17.782568457627413
path,-10.491312120468223,17.78065317707698
path,-10.489817407581423,17.77875504402664
path,-10.488335647795212,17.77681798068256
path,-10.486908232580683,17.774827950324084
path,-10.485500398479726,17.77282194652931
path,-10.484095078787842,17.770813043673105
path,-10.482687167717152,17.768806318790922
path,-10.481211030366378,17.76671524988082
path,-10.479737979109615,17.764607282462332
path,-10.478260374088073,17.762502700922703
path,-10.476786745880881,17.760393766246075
path,-10.475315356169935,17.758283473185045
path,-10.473835870829337,17.756171693866865
path,-10.472356342755317,17.75406106917579
path,-10.470872852704515,17.751953941954145
path,-10.469397945420981,17.749836847466966
path,-10.467918169720525,17.74772674019222
path,-10.466435564458216,17.74560822511506
path,-10.464953477045515,17.743489579433994
path,-10.463474570417045,17.741368016602863
path,-10.461983474354186,17.739260371678782
path,-10.460497723822758,17.737144491687218
path,-10.459013186797483,17.735017511474354
path,-10.457522556640104,17.732896653464046
path,-10.456040556527235,17.730767429074973
path,-10.454548166048468,17.728649620912456
path,-10.45306684613113,17.72651979302845
path,-10.451727217866276,17.724610203659495
path,-10.450524512326574,17.722842808225657
path,-10.449295854602706,17.72115062835152
path,-10.448093037504066,17.719431721563947
path,-10.446890663046968,17.71771318990606
path,-10.445681801802746,17.71599233992825
path,-10.444469345036797,17.71427481753538
path,-10.443260740134706,17.712552533742524
path,-10.442055555029281,17.710828360791886
path,-10.440847230775132,17.709105708841996
path,-10.439632142206031,17.70738608129859
path,-10.438426945693887,17.70565588283852
path,-10.437213845513654,17.703934225403202
path,-10.436004447443596,17.702208008047855
path,-10.43478863941038,17.70049056952091
path,-10.433571155938607,17.698764799344083
path,-10.432347921138994,17.697047504190113
path,-10.431132675560074,17.69532252814195
path,-10.429910563062498,17.693605216103133
path,-10.428689378454948,17.691886665460473
path,-10.427472057281138,17.690157450657292
path,-10.426253871603151,17.68842959212195
path,-10.425031769939709,17.6867059511183
path,-10.423811978455502,17.684979702612196
path,-10.422592642309851,17.683253151635885
path,-10.421034021319224,17.681423905859337
path,-10.419317008168296,17.67937598313347
path,-10.41762017544063,17.67725768669384
path,-10.415910686226756,17.67514218252481
path,-10.414216686858042,17.67299767425603
path,-10.41257369193264,17.67079933233031
path,-10.410980698891013,17.668554366139684
path,-10.409400987640707,17.666293776078597
path,-10.407823591943197,17.66402779581117
path,-10.406248232679156,17.661757168627034
path,-10.404676490064613,17.659484545331278
path,-10.403059808369777,17.657263896693067
path,-10.401470944376651,17.655017984573735
path,-10.39989260712286,17.652759479764914
path,-10.398316253027113,17.650496582480933
path,-10.396714623539388,17.64825085547886
path,-10.3951262495172,17.645994324294005
path,-10.393543767820562,17.643729586425703
path,-10.391963011164952,17.641461139506415
path,-10.390365224667462,17.639213368623746
path,-10.388656871517322,17.63691606846008
path,-10.386941103234095,17.634542970618597
path,-10.385253937975953,17.632131779182146
path,-10.383569054771387,17.629716144628254
path,-10.381874628963349,17.627312156381915
path,-10.380164924587064,17.62490268080189
path,-10.378467475888282,17.622480968648073
path,-10.376772186501652,17.620054837917746
path,-10.375072096623057,17.617632825249064
path,-10.373374508703044,17.615209677794617
path,-10.371654243522924,17.612786465045584
path,-10.36994650657068,17.61035094456852
path,-10.368240705278295,17.607911572945124
path,-10.366536152723732,17.605469756877174
path,-10.364814318377073,17.603044199720593
path,-10.36308776469352,17.600610020037717
path,-10.361353903660248,17.598183819406557
path,-10.359604632725604,17.59578875191786
path,-10.357845572320713,17.593416653229532
path,-10.356083371448099,17.59105232630665
path,-10.354545284783145,17.588914351982005
path,-10.35319856764885,17.58702917087769
path,-10.351862237882512,17.585171952787512
path,-10.350527066441206,17.58331273805937
path,-10.34919284725046,17.581452001594048
path,-10.347853861579377,17.579587810622908
path,-10.346515536678435,17.577722816289604
path,-10.345175944956084,17.575861417183226
path,-10.343806392007883,17.574068705455293
path,-10.342427728266891,17.57229738644758
path,-10.34104528427819,17.570525073707845
path,-10.339662693418838,17.568753820481344
path,-10.338279748569734,17.56698408854108
path,-10.336896281081593,17.56521626898882
path,-10.33551214665692,17.563450705573143
path,-10.334110485151637,17.561712259374573
path,-10.332688348234267,17.56002085852329
path,-10.331260126712206,17.55834408692938
path,-10.329829707992044,17.55667316705997
path,-10.328396858514875,17.555008601390778
path,-10.326609789166548,17.55338921273693
path,-10.324654907587613,17.55173643294288
path,-10.322638032266498,17.550051828880413
path,-10.320595079829992,17.54835521260233
path,-10.318478146647037,17.54665438061449
path,-10.316369257980941,17.544979343658344
path,-10.31425390285223,17.543326365050905
path,-10.312131578175682,17.541696533121343
path,-10.310003061020163,17.540087220084587
path,-10.307871007574342,17.538490350691497
path,-10.30577512713181,17.53692037817421
path,-10.303675076242605,17.535364453706894
path,-10.301569783504052,17.533825851686004
path,-10.299459309182954,17.532304179449966
path,-10.297343256920472,17.530800632672143
path,-10.295257506437867,17.5293283064876
path,-10.293165512599128,17.527876200083032
path,-10.291066798247048,17.52644576092411
path,-10.288960892986857,17.525038494001134
path,-10.286847313514244,17.523655957692114
path,-10.284778663879667,17.522317847650058
path,-10.28270190806378,17.52100799147776
path,-10.28061594467212,17.519727940580015
path,-10.27852023004431,17.518479535077443
path,-10.27641420464397,17.517264689535896
path,-10.274529191131318,17.51616648226641
path,-10.272712034952153,17.51513367261013
path,-10.27088770813136,17.514125577438996
path,-10.269067865873126,17.51310669048296
path,-10.267253199178668,17.51207500362779
path,-10.265477450783782,17.511041576414033
path,-10.263707326808957,17.509994350961495
path,-10.261943050093146,17.508932735013033
path,-10.260184871546057,17.507856132735633
path,-10.258433051576155,17.50676392591384
path,-10.25670725706942,17.5056625231072
path,-10.254988358721754,17.504544273486125
path,-10.253276652941347,17.503408437932475
path,-10.251466195750021,17.502113595876697
path,-10.24968452635097,17.500819398517056
path,-10.247947898798266,17.499628244105526
path,-10.246227517211679,17.49849227347233
path,-10.244477393836982,17.497423402011588
path,-10.242703940352516,17.496423106289477
path,-10.240907328473943,17.495490861105715
path,-10.239138085606141,17.494643068355813
path,-10.237346571562407,17.493862429741423
path,-10.235532435770251,17.493148195688857
path,-10.23370163049337,17.49248286859786
path,-10.231869525516554,17.491821267555007
path,-10.230067033740191,17.49117184597367
path,-10.228264085158175,17.490523737634003
path,-10.226460667459694,17.489876935999252
path,-10.224656782644251,17.489231443371168
path,-10.222852432428736,17.488587262002433
path,-10.221073088609488,17.487953455418133
path,-10.219293306884735,17.487320934486988
path,-10.21751307537701,17.486689690739972
path,-10.215732396098762,17.486059726909453
path,-10.213951270329021,17.48543104477649
path,-10.212200939211748,17.484814633585334
path,-10.210450193060174,17.48419947220233
path,-10.208699018002141,17.483585552156484
path,-10.206947413851655,17.48297287357969
path,-10.205195382105046,17.48236143868459
path,-10.203178563288223,17.481691249804964
path,-10.201048771237366,17.481032343346786
path,-10.198864047003328,17.48032434950426
path,-10.196634859348102,17.479556055528917
path,-10.19437469670781,17.478768541094876
path,-10.192096598359294,17.47798353771179
path,-10.189818408818889,17.477200806277086
path,-10.187539474501428,17.476420164623043
path,-10.185259797653961,17.47564161498791
path,-10.18297938010793,17.474865159818133
path,-10.18077665935656,17.474117070977176
path,-10.178575995526115,17.473372183456785
path,-10.176374645806185,17.472629247826216
path,-10.174172609794741,17.471888261992824
path,-10.171969889831038,17.471149230168336
path,-10.169819132562854,17.47042977039583
path,-10.167668332139737,17.469712349127082
path,-10.165516882625754,17.46899679339059
path,-10.163364783121336,17.468283102311457
path,-10.161212035295009,17.46757127858446
path,-10.159130268252907,17.466884733417494
path,-10.157049756584877,17.466200716508517
path,-10.154968640094701,17.465518443352614
path,-10.152886918745304,17.464837914425015
path,-10.150804592374131,17.46415913005367
path,-10.14876582953865,17.463496435852015
path,-10.146726716661538,17.462835482332817
path,-10.144687023891407,17.462176201018814
path,-10.142646751180312,17.461518592422284
path,-10.140605898498,17.46086265710667
path,-10.138614898893744,17.460224562290694
path,-10.136623831474674,17.45958819006598
path,-10.134632212061833,17.458953409725577
path,-10.132640040320082,17.45832022139729
path,-10.130647316189254,17.457688625624055
path,-10.128709426316831,17.457076145062274
path,-10.126771699072789,17.456465346407864
path,-10.124795735268123,17.45586367137646
path,-10.122647200244142,17.45506109125506
path,-10.120378474610952,17.454132461985598
path,-10.11814712400618,17.453217743755328
path,-10.115919346840004,17.452302790114906
path,-10.11369240898153,17.451386900772942
path,-10.111466301833715,17.450470068321312
path,-10.109241017718679,17.449552286436017
path,-10.106754137684232,17.448632296013276
path,-10.104068068198616,17.44753108122734
path,-10.101365169567392,17.446410787824103
path,-10.098663428892568,17.445289039287548
path,-10.095962757017931,17.44416586969578
path,-10.09333472895544,17.443068985287347
path,-10.090722813385229,17.441966553993133
path,-10.08811495738248,17.440861473888628
path,-10.085508264846293,17.439754946365397
path,-10.082902737931677,17.43864697033159
path,-10.080351941793468,17.437560697807328
path,-10.077809970517137,17.436475731645814
path,-10.075269204604155,17.4353894471644
path,-10.072729638100467,17.43430183762419
path,-10.070191265925226,17.433212897113624
path,-10.067890094661786,17.432198834888503
path,-10.065715869044645,17.43126309453358
path,-10.063542579160424,17.430326414723723
path,-10.061370213869228,17.42938878590887
path,-10.059198766039367,17.428450201462073
path,-10.057074101814491,17.427530125658606
path,-10.054951474715066,17.426610003139263
path,-10.052829703138357,17.42568894508671
path,-10.050708783858145,17.42476694768385
path,-10.048588714150025,17.423844007530565
path,-10.04648942861739,17.42292880768338
path,-10.044390991497622,17.422012695517697
path,-10.04229338315046,17.421095650512118
path,-10.040196602426043,17.42017767030239
path,-10.038100648441846,17.41925875296042
path,-10.036036644693322,17.418352510700434
path,-10.03397361562406,17.417445494660438
path,-10.031911387155192,17.416537563843075
path,-10.029849959418975,17.41562871705325
path,-10.027789332752947,17.414718953093224
path,-10.025448327932374,17.413791745435482
path,-10.022818508401754,17.412637831407785
path,-10.02007938704299,17.411433626249504
path,-10.017317225196807,17.410220575161233
path,-10.014556253618117,17.409005823537314
path,-10.011842761759882,17.407809607199248
path,-10.009131021949985,17.406612204503332
path,-10.006420474896588,17.405413168036755
path,-10.003711096570981,17.404212460387956
path,-10.001002866600603,17.403010048670726
path,-9.998374896882698,17.401838361169048
path,-9.995754065355285,17.400670382306817
path,-9.993134487307376,17.399500943668002
path,-9.990516165321884,17.398330041932045
path,-9.987899102091362,17.397157674255737
path,-9.985336480586138,17.396007381465985
path,-9.982776155138831,17.394856530118858
path,-9.980217036757582,17.39370426027655
path,-9.977659129121932,17.392550570987776
path,-9.975102436024855,17.391395460882077
path,-9.972618487143233,17.390270436867656
path,-9.970138571667482,17.389146339485364
path,-9.967659788018263,17.388020882299124
path,-9.965182141882602,17.38689406648177
path,-9.962705638831572,17.38576589265144
path,-9.960281714517938,17.38465773380721
path,-9.9578622662605,17.38355157490339
path,-9.955444032037343,17.382444203339894
path,-9.953027006124453,17.381335611934823
path,-9.950611183670624,17.38022579416196
path,-9.948237251690571,17.379133199903116
path,-9.945865306787546,17.378040013575056
path,-9.943494497576424,17.37694559999637
path,-9.941124833991687,17.375849978891534
path,-9.938756314881127,17.37475314673362
path,-9.936444771687299,17.37368059461331
path,-9.934135646881115,17.372607952535272
path,-9.931825632831359,17.37153204590939
path,-9.929540271599068,17.370480925779706
path,-9.927281091975235,17.36945798826961
path,-9.925056896669634,17.368449143034404
path,-9.922834497390138,17.367439839608416
path,-9.920613216363687,17.36642952370821
path,-9.918393048823505,17.365418189577937
path,-9.916173990751423,17.36440583191125
path,-9.913637262110619,17.363376383110943
path,-9.910705422261138,17.362106821173313
path,-9.907591404820208,17.360678342516813
path,-9.904477998667481,17.359246458045707
path,-9.901366737011447,17.35781247938761
path,-9.89835117488058,17.35641630306501
path,-9.895355649422545,17.35502973198639
path,-9.892362168493959,17.35364124030358
path,-9.88937073270137,17.352250823425777
path,-9.886381343290001,17.3508584772336
path,-9.883456822918108,17.34949222835088
path,-9.880538284722956,17.348127427201852
path,-9.877621681012744,17.346760749833766
path,-9.874707017439212,17.34539219588134
path,-9.871794299781095,17.344021765007202
path,-9.868976835561394,17.342690366474546
path,-9.866180274891276,17.341369246177255
path,-9.863385564502455,17.34004642176008
path,-9.860592704623372,17.33872188751434
path,-9.857801697790052,17.337395641061114
path,-9.855072071495918,17.336092520648474
path,-9.852350714224734,17.33479405336228
path,-9.849631224874624,17.333494026127813
path,-9.846913597858611,17.33219243034821
path,-9.844197828687637,17.330889258263515
path,-9.841563507380519,17.32962098864526
path,-9.838940616473389,17.328357882073494
path,-9.836319413196348,17.32709324806794
path,-9.833699900476958,17.32582708524443
path,-9.831082081493447,17.324559392291906
path,-9.828513703079647,17.32330936677218
path,-9.825952197435951,17.322064040132705
path,-9.823392426172784,17.32081732562244
path,-9.820834383333828,17.319569214759508
path,-9.818278064020499,17.318319699902073
path,-9.815524041333026,17.316993485972308
path,-9.812693135762318,17.315605550440996
path,-9.809867896742821,17.314215005464657
path,-9.807046085171036,17.312821664268018
path,-9.804228383345757,17.31142527324926
path,-9.801456686101103,17.310066356054485
path,-9.798670034801193,17.308720660135823
path,-9.795843337534357,17.30738849166764
path,-9.792985106914363,17.306056626471097
path,-9.790122845413997,17.30471946304859
path,-9.7873194395123,17.303402487007503
path,-9.784522938138517,17.302088840387945
path,-9.781727862391946,17.300772505122158
path,-9.778934213896946,17.2994534781116
path,-9.776141994568684,17.298131756786397
path,-9.773429891115308,17.296842590665765
path,-9.770736362595077,17.29556138816495
path,-9.768044168808235,17.29427765745619
path,-9.765353312243525,17.292991398173847
path,-9.762663795641764,17.291702610173257
path,-9.760029159182219,17.290436740178976
path,-9.757402500895717,17.28917203561534
path,-9.754777128922306,17.287904909668395
path,-9.752153045897938,17.286635362845868
path,-9.749530254533044,17.28536339575803
path,-9.747033293843856,17.284143341775042
path,-9.744594109046401,17.282955233142257
path,-9.7421608722351,17.281767245773406
path,-9.739728760185887,17.280577176498195
path,-9.73729777491795,17.279385025354863
path,-9.734909444392239,17.278211150953723
path,-9.732526781971139,17.27703762989749
path,-9.73014520933968,17.27586210384648
path,-9.727764728525427,17.274684573207963
path,-9.725385341579873,17.273505038431058
path,-9.723060070928897,17.272346144999254
path,-9.720742717314446,17.271192082334377
path,-9.71842642062728,17.270036158356355
path,-9.716111181389694,17.26887836945856
path,-9.713797000290384,17.267718712440374
path,-9.711223346686756,17.266394715694265
path,-9.708297330349957,17.26484974215822
path,-9.70525236610894,17.26330320112353
path,-9.702149576400789,17.261730193972422
path,-9.69903916039289,17.26014919376245
path,-9.695991196354859,17.258593623675317
path,-9.692965657780354,17.25704796203731
path,-9.689953503579877,17.255504631573324
path,-9.686943295908188,17.25395811509294
path,-9.683934928483376,17.25240836030886
path,-9.681010671251519,17.250893501660006
path,-9.678109142106043,17.24939169912194
path,-9.67522160029691,17.247893014373105
path,-9.6723465990064,17.24639672041202
path,-9.66947667023304,17.244899138652766
path,-9.666645211450192,17.24341812967488
path,-9.663823047787615,17.2419386654427
path,-9.66100850826431,17.240459370496907
path,-9.65820035361357,17.238979621539553
path,-9.655397338559276,17.237498792533525
path,-9.652972692223596,17.236152955816074
path,-9.65077778997712,17.23498802623649
path,-9.648619442651642,17.233842475961012
path,-9.646461768531559,17.23269525328078
path,-9.644304828195992,17.23154638993663
path,-9.642203741210972,17.230420951200838
path,-9.640106982748618,17.229299894444956
path,-9.638011106296966,17.22817741820985
path,-9.63591610363445,17.227053514906114
path,-9.633821967658934,17.225928178182563
path,-9.631748486810753,17.224812064517536
path,-9.629675862511997,17.22369454189735
path,-9.627604072686477,17.222575597729893
path,-9.625533112883888,17.221455227705547
path,-9.623462979188057,17.220333427954372
path,-9.621429657212913,17.21922955996963
path,-9.619349285932005,17.218067957069213
path,-9.617241733909546,17.21688704280509
path,-9.615135219411561,17.215704652420353
path,-9.613029738453005,17.214520781689995
path,-9.610739313414605,17.213151557938662
path,-9.608039847620294,17.21159123294552
path,-9.605084287180025,17.20990839865294
path,-9.602068845611392,17.20818969442225
path,-9.598992028370695,17.20643669866981
path,-9.595949311045505,17.204705219863296
path,-9.592916361538746,17.202976177275186
path,-9.589885455413217,17.201243926031268
path,-9.586856595533698,17.199508467501726
path,-9.583829785084802,17.197769803627423
path,-9.580861726055026,17.19605652134476
path,-9.577907983685657,17.194351089202605
path,-9.57495629064941,17.192642683409506
path,-9.572006641724176,17.19093129779347
path,-9.569059032503842,17.18921692685683
path,-9.566187142790183,17.187541102661044
path,-9.563346390066567,17.185881567481857
path,-9.560511658684105,17.184221427231854
path,-9.557678777925577,17.182558466596113
path,-9.554847749730708,17.180892686044977
path,-9.552074359893354,17.17925304924771
path,-9.549323756878378,17.17762697533858
path,-9.546576510278793,17.175999130484783
path,-9.543831090067096,17.17436869068495
path,-9.54108749174788,17.172735650180673
path,-9.538401783044847,17.17113337158414
path,-9.535738206698666,17.16954159059311
path,-9.533083844397593,17.167951423896245
path,-9.530431165572955,17.166358779929272
path,-9.527797615980182,17.164725575468623
path,-9.525182110319806,17.163095698225952
path,-9.522504198016938,17.161493528350686
path,-9.519793387451124,17.159876339976535
path,-9.517050193125003,17.158244336491165
path,-9.514275149524654,17.156597728309272
path,-9.511218288040062,17.154726314221506
path,-9.507782487155099,17.15253034036449
path,-9.504124078655966,17.150334412782986
path,-9.500336513330593,17.14809696587434
path,-9.496532802851812,17.145844258601326
path,-9.492841828052288,17.14364593265191
path,-9.489169788190647,17.141458545310122
path,-9.485509300230898,17.139270605290836
path,-9.481857998444848,17.137080659532064
path,-9.478232393973903,17.134822772327666
path,-9.474731203524161,17.132693491315106
path,-9.471253039051293,17.130593820424643
path,-9.467779901269884,17.128490927745087
path,-9.46431045134719,17.12638410776098
path,-9.460843347208023,17.12427265666636
path,-9.457506597635163,17.12222931701847
path,-9.454182106533919,17.120193826207323
path,-9.450860083684242,17.1181542741172
path,-9.447540539442246,17.116110661124093
path,-9.444223483716865,17.114062987747698
path,-9.441290987732328,17.112309142005596
path,-9.438683562663085,17.110687390292366
path,-9.436101279437144,17.109002782686023
path,-9.433490838136803,17.107369516786505
path,-9.430870947601449,17.10573900263807
path,-9.428329640281852,17.10415226751133
path,-9.425791832974939,17.102566330268846
path,-9.423255386761278,17.1009779033186
path,-9.420720314686376,17.099386990988556
path,-9.418186629207572,17.09779359694233
path,-9.415702180199734,17.09622360232289
path,-9.413219206266385,17.0946550711529
path,-9.410737649816962,17.09308424252707
path,-9.40825751436336,17.09151111160744
path,-9.40577880346137,17.089935673963577
path,-9.4033547472056,17.088391158819007
path,-9.40093291092289,17.08684572193667
path,-9.398512439262573,17.085298059533635
path,-9.396093335824833,17.083748169865224
path,-9.393675604110028,17.082196051393318
path,-9.391061555517263,17.0804254187131
path,-9.388059562656732,17.0784578263909
path,-9.384865126360745,17.076389754717464
path,-9.381652792269435,17.074309031951106
path,-9.37844176343965,17.07222525785834
path,-9.375313385297735,17.07018403198384
path,-9.372189260288275,17.068145596449373
path,-9.369067979347307,17.06610326277438
path,-9.365945658372107,17.06405576587599
path,-9.362823083197807,17.062000272941916
path,-9.359818654615522,17.060019739579847
path,-9.356845006051865,17.05808297910459
path,-9.353876289474252,17.056147642829092
path,-9.350909667041217,17.054209136655345
path,-9.347945143797329,17.052267462593527
path,-9.345068075683093,17.05037200114757
path,-9.34219558051655,17.048481632170063
path,-9.339325106415236,17.046588335027682
path,-9.336456654521369,17.04469210690848
path,-9.33359022611227,17.042792945462473
path,-9.330789093200256,17.040931538254313
path,-9.327991369990597,17.03906978038554
path,-9.325195572744065,17.037205197216775
path,-9.322401704430398,17.035337789336495
path,-9.319609768040314,17.033467557404375
path,-9.316903526462673,17.03164409709391
path,-9.314201594655644,17.02982600027263
path,-9.311501518163512,17.028005304827
path,-9.30880329644288,17.026182006886824
path,-9.30610692945243,17.024356102931847
path,-9.303476123581566,17.022569411361623
path,-9.300848561765934,17.02078279875839
path,-9.29822275534049,17.018993678876527
path,-9.295598706185114,17.0172020515928
path,-9.292976416270076,17.015407916897964
path,-9.290221847559943,17.013501723926478
path,-9.287380667340688,17.011548721803372
path,-9.28453785957924,17.009590669442158
path,-9.28169713845765,17.007629657702594
path,-9.278858506191115,17.00566568718809
path,-9.276101712623902,17.00374755131081
path,-9.273349163494187,17.001834388454878
path,-9.270598627968145,16.999918494225668
path,-9.267850105358491,16.997999864391257
path,-9.265103595474844,16.996078495290178
path,-9.262399758142491,16.994182457437873
path,-9.259698396631823,16.992284618705266
path,-9.256998985191899,16.990384108663093
path,-9.254301524975887,16.988480925933047
path,-9.251606017321926,16.986575069395457
path,-9.248986234617357,16.984712533397236
path,-9.246370167636254,16.9828547118039
path,-9.243755987643386,16.980994425048813
path,-9.241143692602028,16.979131667030643
path,-9.238533280883253,16.977266432387864
path,-9.23598150042852,16.975438314343954
path,-9.23343265290645,16.97360978812504
path,-9.230885595267434,16.97177886853185
path,-9.228340328048663,16.969945553788328
path,-9.225796852009259,16.968109842385854
path,-9.223307010831178,16.966308458107772
path,-9.220819775567128,16.96450628246387
path,-9.218334253972362,16.962701794467108
path,-9.215850447967489,16.960894994568683
path,-9.213368359435128,16.959085883355144
path,-9.210926997097818,16.957298703670812
path,-9.208486804835841,16.955512591403718
path,-9.20604833993683,16.9537243364946
path,-9.20361159880261,16.951933930783238
path,-9.201176578379602,16.950141367005923
path,-9.198796768868784,16.94838524776227
path,-9.196419555634892,16.946628707394797
path,-9.194043974597303,16.944870077338894
path,-9.191670024958029,16.943109354356366
path,-9.189297706340481,16.94134653551736
path,-9.18677545614958,16.939308859229538
path,-9.183871359001515,16.937069264763345
path,-9.180719446924163,16.934705394467546
path,-9.177539274015391,16.93231996376738
path,-9.174362047947044,16.929930706779086
path,-9.171285929715472,16.927602197669888
path,-9.168215811860941,16.925281788402426
path,-9.165148487368127,16.92295783287375
path,-9.162083957723494,16.920630328710548
path,-9.159022224545021,16.918299274135734
path,-9.156024220843307,16.91600966138062
path,-9.153030194831786,16.913719291776545
path,-9.150038847863781,16.911425493261
path,-9.147050183501173,16.909128267131162
path,-9.144064205342952,16.906827614828057
path,-9.14144270180654,16.9048344312894
path,-9.139062458552713,16.902989095793057
path,-9.13668297022218,16.901143977716668
path,-9.134305229691815,16.899296710937293
path,-9.131929237421863,16.89744729271435
path,-9.129603686767824,16.895632994743547
path,-9.12728059308725,16.89381803467063
path,-9.1249591689009,16.892000997401386
path,-9.122639415215751,16.890181882676966
path,-9.120321332951711,16.888360690516127
path,-9.118042585798973,16.88656671038582
path,-9.115765870480006,16.884771458208764
path,-9.113490771657476,16.88297419176037
path,-9.111217291260635,16.88117491166526
path,-9.108945430595812,16.879373619048796
path,-9.106717456574005,16.877599371258892
path,-9.104490602392026,16.875826777347783
path,-9.102265367703467,16.874052344265344
path,-9.100041748616235,16.872276064044417
path,-9.097819742059597,16.870497929387355
path,-9.0954481387746,16.86842607682218
path,-9.092710167123792,16.866151423928002
path,-9.089762413279255,16.863776777200673
path,-9.086812961278278,16.861396321658354
path,-9.083866334471825,16.859012494650123
path,-9.080961888420399,16.856656793544886
path,-9.078060666535123,16.854298674706655
path,-9.075160149851651,16.851938702315184
path,-9.072262276403455,16.84957551245988
path,-9.069367284307884,16.84720894103482
path,-9.066564537549727,16.844903314549722
path,-9.063766862966487,16.84260511442264
path,-9.060971922375481,16.84030379703477
path,-9.058179715336072,16.837999359381826
path,-9.055390242514326,16.835691798513338
path,-9.052675909570368,16.83343847321742
path,-9.049965974329597,16.831186592463766
path,-9.04725861577699,16.828931717961296
path,-9.04455383625898,16.82667385191058
path,-9.041862284359704,16.8244060876111
path,-9.039484423919113,16.82240224299334
path,-9.037275143978604,16.82054018345835
path,-9.035066158944984,16.818678621202565
path,-9.032858895441784,16.816815097235025
path,-9.03065335154111,16.814949612546307
path,-9.028487611263238,16.813114063146017
path,-9.026323956899608,16.81127742820405
path,-9.024161956400148,16.809438897079065
path,-9.022001609353755,16.807598471395945
path,-9.019842915564771,16.80575615274169
path,-9.017715248871074,16.803936972462143
path,-9.015589318003753,16.80211617709089
path,-9.013464995380525,16.800293542783606
path,-9.011342281495445,16.79846907112676
path,-9.009221176964175,16.796642763669844
path,-9.00696488511092,16.794489318619213
path,-9.004349038984815,16.792114747454253
path,-9.001511356734593,16.78964656554473
path,-8.998654739569918,16.787166595401704
path,-8.995843240247318,16.784696998026288
path,-8.993137782484345,16.782302764629858
path,-8.990436421640489,16.77990859741011
path,-8.987737774496921,16.777511697185652
path,-8.985041843843478,16.77511206295165
path,-8.98234863250863,16.772709694076738
path,-8.979743478300323,16.770372320168256
path,-8.97714206108529,16.768041693130428
path,-8.974543229177828,16.765708563431954
path,-8.971946982277732,16.763372925966213
path,-8.969353320389544,16.76103477636288
path,-8.96682833109035,16.75875209356237
path,-8.964307444308805,16.75647042345884
path,-8.96178899724955,16.754186337133188
path,-8.959284263747888,16.751909910275387
path,-8.956783224955611,16.749632144604124
path,-8.954348276877946,16.747402320002905
path,-8.951915448571903,16.74517717443213
path,-8.94948499269335,16.74294975536151
path,-8.947056908915767,16.74072005776393
path,-8.944631197174479,16.7384880773102
path,-8.94225463315436,16.73629613313301
path,-8.939881050269662,16.7341035365291
path,-8.937509742978108,16.731908726015007
path,-8.935140712485998,16.72971170047837
path,-8.932773960099523,16.727512459123982
path,-8.930435929911509,16.725335576342314
path,-8.928100183255358,16.723156643398735
path,-8.925766667919184,16.720975542876644
path,-8.923435385485385,16.718792274984857
path,-8.921106337591697,16.716606840119347
path,-8.918622579134391,16.71417581321609
path,-8.915985294646626,16.711638658953433
path,-8.91329818655049,16.709100414900934
path,-8.910614081340647,16.706559269980428
path,-8.907932982932891,16.70401522580183
path,-8.905319537568628,16.701521463519093
path,-8.902708508374062,16.69903238732575
path,-8.900100387717943,16.69654063122957
path,-8.897495174993129,16.694046190689225
path,-8.894892869946133,16.691549061897245
path,-8.89237222321983,16.689121869249444
path,-8.889862262387522,16.686701974849928
path,-8.887362230333288,16.68430515141406
path,-8.884874776768749,16.68192921073511
path,-8.882399582420462,16.679573722778645
path,-8.879972545131912,16.677271765806136
path,-8.877557449598113,16.674990337033627
path,-8.875153416232006,16.672727656339347
path,-8.872762957981152,16.670481150298443
path,-8.870494931415566,16.66819048651646
path,-8.868464957838704,16.665882449076566
path,-8.866565439915131,16.663522884858033
path,-8.864706855813385,16.66115273295987
path,-8.86284517061622,16.658785354728032
path,-8.86097908128649,16.65641994100432
path,-8.859133454345745,16.654100553674333
path,-8.857285663473498,16.651784669372862
path,-8.855435028712366,16.6494698234988
path,-8.853581974648105,16.647155772794505
path,-8.85172692715328,16.644842273515664
path,-8.849886516257214,16.642558037760953
path,-8.848046400231457,16.640275030981492
path,-8.84623652479956,16.63797019638606
path,-8.84440840737695,16.635695510585922
path,-8.84252923582445,16.63344956616955
path,-8.840610539420807,16.631249261372616
path,-8.838642196837709,16.629079940442313
path,-8.836624208096513,16.626938522069388
path,-8.834557048946147,16.62482470289599
path,-8.83244146551365,16.62273802782093
path,-8.83012301181238,16.62037471639184
path,-8.827648881897646,16.617854833273547
path,-8.825127298835536,16.615360493661775
path,-8.822586848877624,16.61287610635954
path,-8.820047080791944,16.610381538018295
path,-8.81752578737649,16.607939608902477
path,-8.814979200154813,16.605541436008366
path,-8.812434505103088,16.603141383895643
path,-8.809891701057344,16.600739449389568
path,-8.807352255088869,16.598336540724645
path,-8.80490191354847,16.59600179387537
path,-8.802464193739787,16.59368554354356
path,-8.800038196969016,16.591375155605707
path,-8.797622925913961,16.58906984643733
path,-8.79521051351924,16.586763490947448
path,-8.792866152896455,16.58451065966567
path,-8.790526084079955,16.582266301905992
path,-8.788187793482733,16.5800202679751
path,-8.785851275668072,16.57777255464824
path,-8.783516528694973,16.57552315720741
path,-8.781241599866856,16.57332494807599
path,-8.778970797077491,16.57113093856042
path,-8.776701645977822,16.568935278139378
path,-8.77443414711387,16.566737968813097
path,-8.772168302303154,16.564539011682488
path,-8.769966111655247,16.56239062476335
path,-8.767767929683492,16.560250840016174
path,-8.76557133023922,16.558109553072185
path,-8.763376311226326,16.555966761467385
path,-8.761182870717828,16.5538224631502
path,-8.759020268036705,16.55170433144896
path,-8.756859937618282,16.54958652801837
path,-8.754701131808485,16.54746724098443
path,-8.752543849827285,16.545346470913167
path,-8.75038809091752,16.54322421849819
path,-8.748286844872776,16.5411457596814
path,-8.74618858213799,16.539073993644134
path,-8.744091792785404,16.53700088702287
path,-8.741996473255563,16.534926434718034
path,-8.739902620182237,16.532850632347785
path,-8.737851384417676,16.53081299987366
path,-8.7358025292636,16.528776503778126
path,-8.73375506359224,16.52673868540404
path,-8.731708918257151,16.524699587659658
path,-8.729663763423385,16.5226594228332
path,-8.727654295619653,16.5206511172955
path,-8.725646909634838,16.518642788711684
path,-8.723641055487795,16.516633041417705
path,-8.721636734379667,16.514621875986744
path,-8.719633947523816,16.512609293024244
path,-8.717667155797605,16.51062021947059
path,-8.715702035946643,16.50863455967334
path,-8.713740447046295,16.506646343390386
path,-8.711780674717584,16.504656661765193
path,-8.709822001945344,16.50266596756949
path,-8.707603812799888,16.50042496542065
path,-8.70528561921077,16.498069500624418
path,-8.702969548000668,16.49571217573403
path,-8.70065559807674,16.493352987303457
path,-8.698343768652434,16.490991932353467
path,-8.69607436692952,16.488669090937123
path,-8.693808034042682,16.486346671377557
path,-8.6915412749661,16.484001142051
path,-8.689266972434792,16.48166559487899
path,-8.686994715207772,16.479328463380465
path,-8.684778433565375,16.477042850726786
path,-8.682565741126623,16.474759990963197
path,-8.680354990577076,16.472475532327255
path,-8.678146186710537,16.470189459443134
path,-8.67593933404993,16.46790175854238
path,-8.673783971956023,16.465661830213275
path,-8.671631841943812,16.46342394509766
path,-8.669481572740418,16.461184449857182
path,-8.667333169071547,16.458943338461278
path,-8.665186635380834,16.456700605584896
path,-8.663079061856784,16.454494149003445
path,-8.660973913306556,16.452287766890773
path,-8.658870573859744,16.45007979862294
path,-8.65676904854515,16.447870239676693
path,-8.654669341140066,16.445659088444714
path,-8.652622198901378,16.44349782676069
path,-8.650578153774164,16.441338733453915
path,-8.648535834311991,16.43917809362229
path,-8.646495244645175,16.437015909383565
path,-8.644456388653843,16.434852182767873
path,-8.64245854940752,16.43272277788304
path,-8.64046251380032,16.430597406214208
path,-8.638468187519875,16.42847064057689
path,-8.636475570342194,16.426342474686894
path,-8.6344846622052,16.424212902966794
path,-8.632724995561409,16.42223109750966
path,-8.631019816735417,16.42038322382198
path,-8.62930783805353,16.418541278781174
path,-8.6275982251576,16.41669761770163
path,-8.625889967798106,16.414852847807524
path,-8.624209148810179,16.41303477755209
path,-8.622529906366205,16.411216498506203
path,-8.620851935712974,16.409397158572855
path,-8.61917523582996,16.407576758291786
path,-8.61749980587686,16.40575529822075
path,-8.615844586101906,16.403953275945085
path,-8.614190690062994,16.402150456128645
path,-8.61253803320336,16.400346600356183
path,-8.610886615767534,16.398541709113275
path,-8.60923643734421,16.396735783327568
path,-8.607598479899664,16.394940861240705
path,-8.605961746584073,16.39314492600705
path,-8.60432623598805,16.391347972210273
path,-8.602691947655241,16.389550000951147
path,-8.601059755568578,16.38775152766026
path,-8.59917522250974,16.385642712282067
path,-8.597017741344114,16.383225094019377
path,-8.59483386650069,16.38080752388634
path,-8.592652192188329,16.378388135900302
path,-8.590472719662081,16.375966931431478
path,-8.5883325941157,16.373579736532793
path,-8.586194675501508,16.371195879528603
path,-8.584058919500272,16.36881035596913
path,-8.581925323864414,16.366423159842757
path,-8.579793887715725,16.364034285304495
path,-8.57771835936506,16.361701359196235
path,-8.575646529978009,16.359371680886348
path,-8.573576733378205,16.357040361053706
path,-8.571508970332099,16.3547074002935
path,-8.569443242155701,16.35237279902672
path,-8.567421935282503,16.350078478166623
path,-8.565402992055756,16.347788653397398
path,-8.563386030932078,16.345497333802026
path,-8.561371050419025,16.343204512951495
path,-8.55935804931954,16.3409101851699
path,-8.557385723284712,16.338657214959063
path,-8.55541607867269,16.336405129004913
path,-8.553448328289615,16.33415156483263
path,-8.551482472377877,16.331896520894865
path,-8.549518511337556,16.3296399959022
path,-8.547592656699404,16.32742259017017
path,-8.545669262873192,16.325205682766516
path,-8.543747689627958,16.322987332097068
path,-8.541827938316615,16.32076753910215
path,-8.539910010145238,16.31854630484217
path,-8.537767755869405,16.316036908788803
path,-8.53542905871602,16.31330886752505
path,-8.533086928686425,16.310581770159
path,-8.530747541893478,16.30785251705782
path,-8.528410901147257,16.30512111027285
path,-8.52613115242025,16.302443644733483
path,-8.523855373651827,16.29977259622235
path,-8.52160440243288,16.297052247372854
path,-8.519297918494262,16.294350571725246
path,-8.516987978949219,16.291646325023265
path,-8.514739724305697,16.289000887814375
path,-8.512495453297138,16.28636303552297
path,-8.510253633073736,16.283723042433998
path,-8.50801427872589,16.281080914292403
path,-8.505777404091203,16.27843665654234
path,-8.503576371278893,16.2758288775568
path,-8.50137826969992,16.273220637566013
path,-8.499182600617278,16.270610332511897
path,-8.496989374432056,16.267997967936683
path,-8.494798600637623,16.26538354913823
path,-8.492661860934765,16.262821462191702
path,-8.490528545829912,16.26026562138685
path,-8.488397608579534,16.257707898398316
path,-8.486269054327773,16.255148291332546
path,-8.484142887716649,16.252586798789274
path,-8.482075621511857,16.250083840260082
path,-8.480011947821541,16.247588152565104
path,-8.477950562719439,16.245090734762385
path,-8.475891468111577,16.242591581172046
path,-8.473834665746276,16.24009068692492
path,-8.471823255328433,16.23763862967579
path,-8.469816177250074,16.235189055906527
path,-8.467814591358616,16.232741237710172
path,-8.465864684752523,16.230191524155124
path,-8.46394527722488,16.22760217109394
path,-8.462077496228979,16.225065531539315
path,-8.460226201500836,16.22253457573883
path,-8.4583945146102,16.220008395053924
path,-8.45658669859431,16.217488400743957
path,-8.454808069706738,16.21497643818868
path,-8.453131614093968,16.212530062092547
path,-8.451451636916795,16.21022271834155
path,-8.449691437688966,16.207951246078593
path,-8.447946993929676,16.205684060227313
path,-8.44622228098631,16.203422474647574
path,-8.444529334239247,16.201186028663905
path,-8.442849417846235,16.198952838790305
path,-8.44118048296735,16.19672216273415
path,-8.439520927561826,16.194493428329455
path,-8.437869470554544,16.192266177750017
path,-8.436243736619698,16.190065225777364
path,-8.434623710682343,16.187865103814573
path,-8.433005670421425,16.185664471646778
path,-8.431388851474992,16.18346308601578
path,-8.42977325472169,16.181260943178124
path,-8.427702596865368,16.17875795328141
path,-8.425482559244452,16.175767981823505
path,-8.423259629782555,16.17272548103493
path,-8.421039034810986,16.169681491725786
path,-8.418820777995542,16.166636014240243
path,-8.416660430897968,16.16364735932134
path,-8.414504834435279,16.160668403752595
path,-8.412385474936968,16.157728217682006
path,-8.410277829734124,16.154793188353334
path,-8.408178241947951,16.15185334744745
path,-8.406124402196285,16.14895617136642
path,-8.404077385942474,16.14606182872987
path,-8.402032733438372,16.14316584019349
path,-8.399990212302649,16.140268333038133
path,-8.397949824581596,16.137369305725063
path,-8.396125970168068,16.13456916959355
path,-8.394339496971117,16.131958284480845
path,-8.392560826061557,16.129419875949168
path,-8.390783851134971,16.126880799480485
path,-8.389008532048884,16.124340574454337
path,-8.387284263739229,16.121855106926663
path,-8.385563755922528,16.11938660528751
path,-8.383844810704085,16.11691701966524
path,-8.382127428602146,16.114446349488716
path,-8.380411610306279,16.111974594430016
path,-8.378721444759455,16.10952949164295
path,-8.377033475889615,16.107091336965066
path,-8.375347029007955,16.104652129209686
path,-8.3736621052165,16.102211868748697
path,-8.371978705750786,16.099770556088266
path,-8.370315732436476,16.097351739408275
path,-8.368654630013737,16.09493635879051
path,-8.36699502131408,16.092519952413767
path,-8.365336907823483,16.090102521195696
path,-8.36368029107726,16.087684066154075
path,-8.362036121760346,16.08527959417329
path,-8.360393531986333,16.082875268021233
path,-8.358752423923043,16.080469934921844
path,-8.357112799206316,16.078063596467473
path,-8.355474659583745,16.075656253984945
path,-8.353858664126767,16.073273447594175
path,-8.352244591674399,16.070895234496213
path,-8.350631971434359,16.068516047384325
path,-8.3490208051656,16.066135887719554
path,-8.347411094659599,16.0637547569958
path,-8.34581949426147,16.061394425241616
path,-8.344229606517839,16.05903647534561
path,-8.342641149393716,16.056677579320613
path,-8.341054124678136,16.054317738734074
path,-8.339468534193738,16.051956955168507
path,-8.337903117387063,16.0496193901043
path,-8.336339473508817,16.047285247286318
path,-8.334777234830902,16.044950188853075
path,-8.333216403167198,16.0426142163988
path,-8.331656980290681,16.04027733155942
path,-8.32961216826835,16.037562134774515
path,-8.327317367848137,16.034197210475813
path,-8.325017499538914,16.030733288467275
path,-8.322720738075212,16.027267386107052
path,-8.320427089436754,16.02379950904037
path,-8.31825434954346,16.020416487152815
path,-8.316092043329231,16.01712460149909
path,-8.313933502664455,16.013842222467662
path,-8.311777789669755,16.0105581984995
path,-8.309624906629722,16.007272525183232
path,-8.307600271050935,16.004089514814744
path,-8.305587953031763,16.001002853231345
path,-8.303578588772169,15.99792028934713
path,-8.301571711355987,15.994836251926653
path,-8.299567324262503,15.99175074167977
path,-8.29763776639652,15.988734372480424
path,-8.295714147954625,15.985763485707382
path,-8.293792860006784,15.982791239738756
path,-8.291873904350544,15.979817636151733
path,-8.289957282926865,15.97684267677885
path,-8.288132674708311,15.973950060162982
path,-8.286315733145912,15.971118429805147
path,-8.284501842597004,15.968285445304755
path,-8.282690998944323,15.965451084579676
path,-8.28099637020597,15.96273757970771
path,-8.279634141272714,15.960198366870173
path,-8.278523857426903,15.957595040034034
path,-8.277661070006081,15.954919100567636
path,-8.277045320583804,15.952170562603548
path,-8.276629141537134,15.94936261416587
path,-8.276219896036894,15.94662295793261
path,-8.27589422337446,15.943839462844082
path,-8.275611930994216,15.941038557003194
path,-8.27533462011877,15.938231852521293
path,-8.275062488283721,15.935419044963208
path,-8.27480023435759,15.93261756857023
path,-8.274543522299252,15.929809368107456
path,-8.274292558633226,15.926994103344438
path,-8.274047562101819,15.9241714342102
path,-8.273807735937664,15.921341732482857
path,-8.273568749799086,15.918495133295636
path,-8.27333363952615,15.91564209141131
path,-8.273102686809796,15.912782268966666
path,-8.272876133909367,15.909915340365806
path,-8.272654137898336,15.907041034454156
path,-8.272433057676597,15.904144146301418
path,-8.272217041523096,15.901239189717927
path,-8.272006375941322,15.898325802086807
path,-8.271801357397647,15.895403597628444
path,-8.27160209399858,15.89247231059808
path,-8.271458165140851,15.889751984169834
path,-8.271333884052332,15.88703492052073
path,-8.271216966356523,15.884308833912685
path,-8.271104916576988,15.88157008376353
path,-8.271000167203075,15.87882056423787
path,-8.27089744227444,15.87603866998883
path,-8.27080254056596,15.87324491817254
path,-8.27071614442169,15.870438986073697
path,-8.270638603572246,15.867620449231662
path,-8.270570398858458,15.864788790270318
path,-8.270504675543192,15.861916173564994
path,-8.27044853107489,15.859028981640467
path,-8.27040305331411,15.85612715220138
path,-8.270368882936816,15.85321008024177
path,-8.270346609173856,15.850277195556417
path,-8.27030025385305,15.84747323999243
path,-8.270138922421358,15.844708018632097
path,-8.269883361894534,15.841893458061021
path,-8.26959123735629,15.83905965627237
path,-8.269294483914319,15.836223631410547
path,-8.268990322741319,15.833342651571375
path,-8.268679485892909,15.830458352176445
path,-8.268363875986077,15.827571786821519
path,-8.268043491047655,15.824682959265068
path,-8.26771833125312,15.821791875460038
path,-8.26738580094756,15.818871584496122
path,-8.26704786698101,15.815948708780876
path,-8.266705064982226,15.813023547163644
path,-8.266357393394244,15.810096101743671
path,-8.266004853638455,15.807166380585443
path,-8.265645123218166,15.804214774094152
path,-8.26528036592844,15.801260813478821
path,-8.26491067238232,15.79830455520073
path,-8.264536041340564,15.795346000978519
path,-8.264156473463801,15.792385156519579
path,-8.263800208219267,15.789652362580632
path,-8.263445055927326,15.78694397692648
path,-8.263085781775873,15.784233683127344
path,-8.262722386424858,15.781521485672611
path,-8.262354869237836,15.778807386012026
path,-8.261980629988187,15.776071738034112
path,-8.261602097117544,15.773334099788864
path,-8.261219381568445,15.770594538333942
path,-8.260832482862469,15.767853055250333
path,-8.260441400668737,15.765109652458257
path,-8.260043574389412,15.762346351511598
path,-8.259641464225544,15.759581081355492
path,-8.259235114397029,15.756813871431994
path,-8.25882452478333,15.754044724017652
path,-8.258409694862236,15.751273640342697
path,-8.257988066325547,15.748483723864084
path,-8.25756213645856,15.745691842389077
path,-8.257131913495282,15.742898006100365
path,-8.256697397243476,15.740102216931291
path,-8.25625858749046,15.737304476727953
path,-8.255813033321195,15.734489332575139
path,-8.25537432671404,15.73168634719485
path,-8.25493586724677,15.72889005222525
path,-8.254486993544207,15.726088499896457
path,-8.254222392490231,15.723894138880233
path,-8.254130857311615,15.721701833680525
path,-8.25410563493571,15.719435038176773
path,-8.254123633118727,15.717167693921875
path,-8.254201820996144,15.714943820663516
path,-8.254296632526978,15.712726366411642
path,-8.254411757157252,15.71050281264943
path,-8.254543283194687,15.708285196486246
path,-8.254688246845255,15.706072426733
path,-8.25483429221094,15.703859965953113
path,-8.254980066544087,15.701647321209311
path,-8.255078657943558,15.699591657646973
path,-8.255192910807258,15.697552024890983
path,-8.255322601333791,15.695517997724854
path,-8.255455556334987,15.693485102674478
path,-8.255588292015519,15.691452063086748
path,-8.25572631532307,15.68937461682272
path,-8.255861588892188,15.687295060414352
path,-8.255996643441668,15.685215364838559
path,-8.256131480372524,15.68313553157633
path,-8.25626610096676,15.681055561963698
path,-8.256406165399937,15.678930531046166
path,-8.256543350714791,15.676803285421471
path,-8.256680316960612,15.67467590526063
path,-8.256817064724519,15.672548391047522
path,-8.25695359455161,15.670420743218415
path,-8.257101711740194,15.668242762147019
path,-8.257231295242477,15.666063012668996
path,-8.257347210299619,15.663868145975696
path,-8.25744911254971,15.661662786454487
path,-8.25754629508113,15.659448247646012
path,-8.257702269864604,15.657212969799652
path,-8.257906716720711,15.655014089861933
path,-8.25811249809523,15.65281619496149
path,-8.25831818149155,15.650618144639028
path,-8.258523766645563,15.64841993870533
path,-8.25873418080791,15.64616157077417
path,-8.25894539878229,15.64390087971322
path,-8.259156514849817,15.641640031055815
path,-8.259367529559666,15.639379024466471
path,-8.259578443402907,15.637117859640467
path,-8.259795056566526,15.634781712640917
path,-8.260012887845386,15.63244388591131
path,-8.260230614714185,15.63010587967067
path,-8.260448237296075,15.627767694615386
path,-8.260665755696131,15.625429331373788
path,-8.260831538434871,15.623222271663964
path,-8.261033428083703,15.621049510940036
path,-8.261235233937285,15.61887659353627
path,-8.261436951146296,15.61670351759448
path,-8.26163857964521,15.61453028405541
path,-8.261846202539841,15.61227357885815
path,-8.262055819662857,15.610012219728361
path,-8.262265339319763,15.60775069903741
path,-8.262474760885922,15.605489016224695
path,-8.26268408601338,15.603227171566711
path,-8.262900526369206,15.600857212282957
path,-8.263120228743102,15.598480955934562
path,-8.263339825089517,15.596104514951117
path,-8.263559315277664,15.593727889994659
path,-8.263778699182442,15.591351081662506
path,-8.264004625152875,15.588866345613658
path,-8.264234647590127,15.586374484617062
path,-8.264466080665791,15.583875823493718
path,-8.264702018213764,15.58136943057824
path,-8.264941666205855,15.578854782932094
path,-8.265190935970482,15.576228146505038
path,-8.265444704030607,15.573588850931694
path,-8.265700457461739,15.570940838362011
path,-8.26595820775097,15.5682841836842
path,-8.266218618227716,15.565616159927776
path,-8.266487854709899,15.56282535333752
path,-8.26676493486975,15.560011408371489
path,-8.26704386265883,15.5571904840954
path,-8.26732506953927,15.554360375090077
path,-8.267609211568201,15.551518420593107
path,-8.267898099995763,15.548512503058545
path,-8.268211166666648,15.545433212277038
path,-8.268522950874136,15.542359276470995
path,-8.268838070710268,15.53927425464253
path,-8.269155259981448,15.536182009676972
path,-8.269461864771833,15.532852691715332
path,-8.269817244965994,15.529401918143629
path,-8.270185714705931,15.525897606560868
path,-8.27054870026098,15.522355245254607
path,-8.270898753611736,15.518869197118628
path,-8.271216997770205,15.515108970190774
path,-8.27162112258044,15.511147024448983
path,-8.272044774456432,15.507119782964995
path,-8.272481826201217,15.503039258725346
path,-8.27291971072673,15.49891975914534
path,-8.273270220327788,15.494543069321836
path,-8.273718147879531,15.489917026324392
path,-8.274220024414548,15.485150145045488
path,-8.274738031940794,15.48030664873618
path,-8.2752724822784,15.475398912248632
path,-8.275823596497375,15.470234234362454
path,-8.276355549760678,15.465020728687174
path,-8.276847230300616,15.459846583258388
path,-8.27734830645605,15.45467853988103
path,-8.277858719154876,15.449516573037089
path,-8.278327173715399,15.444422527336224
path,-8.278804856136537,15.439334493147632
path,-8.279291720028601,15.434252430851188
path,-8.279787707407715,15.429176315211858
path,-8.280292760888262,15.424106121375004
path,-8.280704429808056,15.419141275719523
path,-8.281072922230305,15.414233167231949
path,-8.281415955230822,15.409370152556674
path,-8.28174016476299,15.40454787093409
path,-8.282049576056117,15.399761704699854
path,-8.282334811502384,15.39501149836552
path,-8.282588491340478,15.390300018208379
path,-8.282794814484207,15.385646941694194
path,-8.282955856033766,15.381037405492187
path,-8.283083520318982,15.37646982122947
path,-8.283014413206581,15.372600218457249
path,-8.282722638313158,15.369804240196066
path,-8.282587824397568,15.367570703925935
path,-8.282474438828201,15.365498697739199
path,-8.28229662093678,15.363520941968742
path,-8.2822076610585,15.362327863692446
path,-8.282182057775584,15.362222501915001
path,-8.282029694599334,15.362670171243636
path,-8.2816928492668,15.36338209844045
path,-8.281229986720302,15.364292050213294
path,-8.280712152611772,15.365305424510218
path,-8.280204465790316,15.366324300030106
path,-8.279906042899203,15.366977749918142
path,-8.279734083368512,15.36762744435146
path,-8.279605719563289,15.368311813488331
path,-8.279509835991913,15.369013283813723
path,-8.27920933628803,15.36924530364742
path,-8.278596700513763,15.368968214399874
path,-8.277862204481044,15.368619937383524
path,-8.277057413078278,15.368198975632742
path,-8.276197969596279,15.367714458675838
path,-8.275272247589143,15.367176607854502
path,-8.274302945621919,15.366598408191509
path,-8.273296099054905,15.365986242252914
path,-8.272252205402784,15.365340221425832
path,-8.271577954516056,15.36495778448179
path,-8.271412185928359,15.364714954838254
path,-8.271151289769783,15.364530138640298
path,-8.270759170282371,15.364294181029331
path,-8.270280767165074,15.36399354966659
path,-8.269434399464608,15.363158227294296
path,-8.268123978937155,15.361383765347648
path,-8.266833076625575,15.359262367170597
path,-8.265608294907059,15.357213911143191
path,-8.264440829640336,15.35522480467863
path,-8.263014824631483,15.352940635432041
path,-8.26164330215402,15.350730466733632
path,-8.260357961292556,15.348616286771582
path,-8.259144622544884,15.346575838450722
path,-8.257981912409544,15.344596923186387
path,-8.256873420035213,15.342688547358868
path,-8.25581951008774,15.340846276991023
path,-8.25479497010472,15.339033577228303
path,-8.253795635777404,15.33724693868264
path,-8.252815258919126,15.335478711090966
path,-8.251855273144175,15.333740072989087
path,-8.250921276616756,15.332034194962008
path,-8.249998805536485,15.330340777238623
path,-8.2490841159947,15.328655181487326
path,-8.248173702000436,15.326975421789806
path,-8.247280045162213,15.325327926557724
path,-8.246412574221038,15.323709719062176
path,-8.24554810568846,15.322096060169546
path,-8.244689935645601,15.320486003936356
path,-8.243830527182837,15.318876712747889
path,-8.242980085327233,15.317286621149577
path,-8.242146206728648,15.315720139828175
path,-8.2413148652988,15.314153088926878
path,-8.240482078403303,15.312585642911294
path,-8.2396510936017,15.31101917444544
path,-8.238826497199756,15.309471612395575
path,-8.238018523954938,15.307940565150242
path,-8.237210626172157,15.306410469420682
path,-8.2364028211876,15.304880365896624
path,-8.235592223765025,15.3033493137097
path,-8.234330027346092,15.301350952948747
path,-8.232526943605194,15.298552199547062
path,-8.230643411953409,15.29529530197354
path,-8.228766024222827,15.292035308302788
path,-8.226892818857968,15.2887731058668
path,-8.225091354274499,15.285614643840285
path,-8.223319787894138,15.282501454246821
path,-8.221549376722585,15.279387062138898
path,-8.219779072016923,15.276269845720988
path,-8.218008384475946,15.273149809922682
path,-8.216317865192176,15.270149623315556
path,-8.214468987974476,15.266854970938827
path,-8.21254990547889,15.263216377007227
path,-8.210636471907652,15.259583879219171
path,-8.208728792172039,15.25595749911663
path,-8.206974128452238,15.252456870961694
path,-8.205275714578478,15.249137272647625
path,-8.203583236338764,15.24583042170634
path,-8.201896130610843,15.242529575544227
path,-8.200214495349636,15.23923472861148
path,-8.198541098182796,15.236037678268726
path,-8.19680252448526,15.232870801464415
path,-8.195009497887813,15.229712727685705
path,-8.193180732129404,15.226558747944418
path,-8.191346763848507,15.223400550163095
path,-8.189589919385742,15.220336098396704
path,-8.187836401239066,15.217314472522666
path,-8.186084551204392,15.21428845113489
path,-8.184334688289109,15.211258524785276
path,-8.182587077644698,15.208225101928837
path,-8.180930786046499,15.205293718938023
path,-8.179282386076373,15.202419007462161
path,-8.177636415105873,15.199541786410903
path,-8.175992998015584,15.196662251645243
path,-8.174344809201164,15.193783695381029
path,-8.172724374635154,15.190962583671652
path,-8.171108152678825,15.18815012096208
path,-8.169494633663385,15.185335939615571
path,-8.167883863829378,15.182520107625635
path,-8.166275880992753,15.179702680448019
path,-8.16472691630011,15.17696660327866
path,-8.163184427190343,15.174252033507912
path,-8.161644575719542,15.171536035789748
path,-8.16010737999693,15.168818639284376
path,-8.158572855026597,15.16609986827413
path,-8.15709953734896,15.163462302842019
path,-8.15563316493207,15.160852537344962
path,-8.154169283899222,15.158241598872763
path,-8.152707900497443,15.155629494955921
path,-8.151249019972694,15.153016231775014
path,-8.149820006320097,15.150448528739046
path,-8.148394087059911,15.147883597676609
path,-8.146970579643241,15.145317532575515
path,-8.145549487454154,15.142750339538193
path,-8.144136785248062,15.14016333490668
path,-8.142766654767657,15.137621104929137
path,-8.141391764171182,15.135129308261726
path,-8.1400190396745,15.132636324738444
path,-8.138648495309374,15.130142169642282
path,-8.1372801438294,15.127646856899233
path,-8.135950019208847,15.125207317040607
path,-8.134629812912051,15.122776033914914
path,-8.133312839493447,15.120338154211277
path,-8.131992700697833,15.117906639286343
path,-8.130674800191375,15.115474057384283
path,-8.129397334008612,15.113101367955654
path,-8.128123983100288,15.110741054968374
path,-8.12685272150147,15.108379799640073
path,-8.125583547010331,15.106017606445544
path,-8.124316457862239,15.103654479524367
path,-8.12265291496969,15.100947547626458
path,-8.120433478836874,15.09761701594298
path,-8.118012380038458,15.093724240836716
path,-8.115690892262249,15.089407941029204
path,-8.113386671390803,15.085042142992876
path,-8.11120915203486,15.08081467256645
path,-8.109051847031449,15.07669707343983
path,-8.106900789906373,15.072576842170303
path,-8.104755986122415,15.068453977084452
path,-8.102617439428887,15.064328485384916
path,-8.100638199883601,15.060356605674944
path,-8.098677075653695,15.056539911391848
path,-8.096721799255684,15.052729206594174
path,-8.094771861715591,15.048916342727674
path,-8.092843860162677,15.045078032577335
path,-8.091171945862513,15.041321555199172
path,-8.08968225880798,15.037606897387102
path,-8.088202490129564,15.03388882205978
path,-8.086725619041657,15.030169195855423
path,-8.085251649228416,15.026448016840472
path,-8.08385765227406,15.022859883176363
path,-8.082467298454135,15.01933394854982
path,-8.081079554018881,15.015806578868279
path,-8.079694422534661,15.012277778133965
path,-8.078311907588473,15.008747550392792
path,-8.076984166503388,15.005322478876867
path,-8.07566299361891,15.00193257868605
path,-8.074344242754146,14.998541494477323
path,-8.07302791654466,14.995149218743169
path,-8.071714017703455,14.991755745071263
path,-8.070451300517261,14.988463360850929
path,-8.069190208120766,14.985192460629023
path,-8.067931374990835,14.981920413951684
path,-8.066674803854083,14.978647220017606
path,-8.065420497467144,14.97537287844721
path,-8.064202358917848,14.97217476765867
path,-8.06298562494543,14.968985176536938
path,-8.061771044580937,14.965794481832086
path,-8.060558620517387,14.962602685950891
path,-8.059348355457029,14.959409791394476
path,-8.058182271361844,14.95630808839088
path,-8.05702091400999,14.95323025820062
path,-8.055861569206229,14.950151533904336
path,-8.054704238994251,14.947071906804881
path,-8.053548925469224,14.943991369326378
path,-8.052429718709018,14.940988735069693
path,-8.051311535197536,14.937995381832733
path,-8.050195259493911,14.935001138707483
path,-8.0490808937045,14.932006003216047
path,-8.04796843967805,14.929009974285602
path,-8.046870547225462,14.926046689220266
path,-8.045774526113025,14.923083100453207
path,-8.044680379938685,14.920118630671755
path,-8.043588110772173,14.917153279661314
path,-8.042497720756746,14.914187047664234
path,-8.041431892253346,14.911277797422665
path,-8.040367599642117,14.90837113727602
path,-8.039305115456814,14.905463619306758
path,-8.038244441772731,14.90255524590645
path,-8.037185580666911,14.899646019492796
path,-8.036153334656182,14.896796001900606
path,-8.035123835792248,14.893955020450178
path,-8.034096069005708,14.891113350658934
path,-8.033070036042142,14.888270983744196
path,-8.032045738674089,14.88542791199898
path,-8.031047500618241,14.882646399449218
path,-8.03005050854707,14.879868653660804
path,-8.029055176787036,14.877090204323542
path,-8.028061507084317,14.874311048622403
path,-8.027069501195497,14.871531184236018
path,-8.025555734688766,14.868319458998174
path,-8.02345788129007,14.864363268404261
path,-8.021444367914505,14.859764369880011
path,-8.019539871175454,14.854580889994745
path,-8.017685712164766,14.849207041376282
path,-8.015926243507831,14.843975339575197
path,-8.014177157584136,14.838831233220494
path,-8.012433876545948,14.83368479376247
path,-8.01069640839067,14.828536029360334
path,-8.008964761425613,14.823384948914134
path,-8.00738489299632,14.818406438920572
path,-8.005812891208834,14.813659884324634
path,-8.004241867447277,14.80893549994795
path,-8.002675757833849,14.804209235569342
path,-8.001114569279531,14.799481097005822
path,-7.999670866469545,14.794916140038588
path,-7.998228330114815,14.790515142545342
path,-7.996789905458701,14.78611393449403
path,-7.995355759867584,14.781711162613451
path,-7.993925898529691,14.777306835761102
path,-7.992542214862124,14.773004967406097
path,-7.991160989007261,14.768722843089218
path,-7.989783826542975,14.764439217585398
path,-7.988409747795402,14.760154137998626
path,-7.987050032829947,14.755875203952883
path,-7.985769049980855,14.751735118256631
path,-7.984491600281757,14.747684798787288
path,-7.983217888017582,14.743633322799699
path,-7.981947919716668,14.73958069103615
path,-7.98068170185144,14.73552690499067
path,-7.979486359904904,14.731601913650577
path,-7.9782908141385045,14.72774915848346
path,-7.977098665931747,14.723895461435527
path,-7.975909920767314,14.720040816830055
path,-7.974724584097834,14.716185220246524
path,-7.97353305761662,14.712297323132534
path,-7.972345007760805,14.708408428748193
path,-7.971160438716491,14.704518558661524
path,-7.969976937416836,14.700621317959344
path,-7.968807470637875,14.696743387981549
path,-7.96769639412965,14.692987835139476
path,-7.966585323417393,14.68927504163974
path,-7.965477398468965,14.685561382255957
path,-7.964372623915201,14.681846860649395
path,-7.963271004373465,14.678131480783673
path,-7.962214126953322,14.67451885840788
path,-7.961160442598817,14.6709426646838
path,-7.960109687795013,14.66736576536268
path,-7.959061866756147,14.66378815748281
path,-7.958016983682159,14.660209838953225
path,-7.957001851603669,14.65670873557916
path,-7.955988423955862,14.653217978479693
path,-7.9549778037209755,14.649726501233204
path,-7.953973812930499,14.646233151236121
path,-7.952976311175995,14.642737985359238
path,-7.95201292558436,14.639315445571704
path,-7.95105859087622,14.635906393842106
path,-7.9501125141682145,14.632495120242082
path,-7.9491746547473925,14.629081633185418
path,-7.948247025329571,14.62566532473473
path,-7.947362627421241,14.622348711436809
path,-7.946482151860312,14.619055279444433
path,-7.945609115944307,14.61575983227119
path,-7.9447434789616125,14.612462392708549
path,-7.9438852195927305,14.609162957144223
path,-7.943060175736621,14.605931588671124
path,-7.942239339579468,14.602717725995728
path,-7.941425390968687,14.599502154407052
path,-7.940618302288961,14.596284880265541
path,-7.939818048038356,14.593065910249344
path,-7.9386178595655466,14.589395048254039
path,-7.936987032304313,14.584967304324366
path,-7.935380472124688,14.579845878409044
path,-7.933965380875166,14.574163150311382
path,-7.932523783683646,14.568309355886292
path,-7.930833791147869,14.561975025395288
path,-7.928829081473808,14.554782156215184
path,-7.926803252212095,14.547081919855884
path,-7.92484351871367,14.539068478121171
path,-7.92294708033183,14.530759914661836
path,-7.921190685209268,14.522789643415724
path,-7.919578600787753,14.515204834024651
path,-7.917970232073104,14.507777756437829
path,-7.916376060727287,14.500369990328627
path,-7.91479319315756,14.49296515149557
path,-7.913295059210904,14.48603116371978
path,-7.911949728951021,14.47950280744044
path,-7.910605832743021,14.473098140550126
path,-7.909272207672875,14.466701669607229
path,-7.907947107332622,14.460307592446645
path,-7.906678122366311,14.454032756964896
path,-7.905415620511497,14.447864004191162
path,-7.904160824931239,14.441699699258178
path,-7.90291401974985,14.43553772716162
path,-7.90167521730195,14.429378114265715
path,-7.900528250563084,14.42338671078342
path,-7.899373558853885,14.417556878507773
path,-7.898209046516757,14.4117586384948
path,-7.897126045460252,14.405911125333137
path,-7.896178981960561,14.39993917417133
path,-7.895326169413338,14.394369431485192
path,-7.894526965188602,14.389037386495515
path,-7.893734595590193,14.383712030107715
path,-7.892947313377441,14.378388719816046
path,-7.892165125465151,14.373067460780348
path,-7.891301637250106,14.367615131000903
path,-7.890479514076588,14.361995054687496
path,-7.889667107534813,14.356359189775702
path,-7.888860462240536,14.3507256611561
path,-7.888059586179269,14.345094482457961
path,-7.88729291709911,14.339727032427065
path,-7.886551452807962,14.3344452073431
path,-7.885815095231126,14.329165463500333
path,-7.885083852939189,14.323887811260992
path,-7.884357732160421,14.318612267225866
path,-7.883666950981614,14.313595189693368
path,-7.882998159943488,14.308670716336279
path,-7.882333832796802,14.303748269808983
path,-7.881673979334523,14.298827828622619
path,-7.881020170855274,14.29390943853501
path,-7.880408955155813,14.289221129382314
path,-7.879807308793422,14.28458852720522
path,-7.879207614420139,14.279958097393349
path,-7.878611438596904,14.275329343828606
path,-7.878018786609283,14.270702268774398
path,-7.877242986036983,14.265542662572502
path,-7.876239421873503,14.259617429600826
path,-7.875267086988047,14.253443706705616
path,-7.874335066934077,14.247117198486723
path,-7.873445546961322,14.240687130525272
path,-7.8726408910520655,14.234358171326331
path,-7.871835392137278,14.228082511872907
path,-7.871036502537425,14.221810030794284
path,-7.870244228600535,14.215540746237401
path,-7.869459541202858,14.209274231616176
path,-7.868733716595025,14.203167148464248
path,-7.868003474694733,14.197116922524518
path,-7.8672716479128155,14.191072533711896
path,-7.866537928292534,14.185034121625373
path,-7.865809810350352,14.1789994433265
path,-7.865023747317782,14.172864625293851
path,-7.86427903248157,14.166626339021715
path,-7.863542515676281,14.1603855960402
path,-7.862812026126225,14.154148928879547
path,-7.862083953864084,14.147917430864197
path,-7.861394148028274,14.141813040478105
path,-7.860695551829507,14.135755811552514
path,-7.860003110315026,14.12970242489831
path,-7.85931683989228,14.123652882998318
path,-7.85863674685445,14.117607206281725
path,-7.858018833636852,14.11171296107357
path,-7.857377221880079,14.105911648501516
path,-7.856741317356492,14.100114071754817
path,-7.856111126755503,14.094320239362096
path,-7.855486656104529,14.088530162312711
path,-7.854717484239833,14.082396426245275
path,-7.853943443200994,14.076089458259514
path,-7.853216203773369,14.069666984359104
path,-7.852531539416029,14.063142193769023
path,-7.851859880244818,14.056605301081241
path,-7.851208606343581,14.050147540372029
path,-7.850560695344441,14.043706697066476
path,-7.849919973535592,14.037270804155447
path,-7.849286450503421,14.030839881749094
path,-7.848660154501807,14.024413912405214
path,-7.848058542734179,14.018068963513853
path,-7.847455351442645,14.011743748525472
path,-7.846859183571204,14.00542354073442
path,-7.846270047586169,13.999108356903045
path,-7.845687951778677,13.99279821541154
path,-7.845123437487013,13.986573007610575
path,-7.844563139255173,13.98036293545613
path,-7.844016659203944,13.974156506126207
path,-7.843475306212591,13.967953661060507
path,-7.842936290361117,13.961758181568038
path,-7.842249408770736,13.955055941190393
path,-7.841368659740331,13.947439444983209
path,-7.840302210027605,13.93891720998082
path,-7.838987339163602,13.930055217648102
path,-7.837661566373188,13.921134895747029
path,-7.836145969628992,13.911663067331913
path,-7.834385563092427,13.901377756468818
path,-7.83270846466471,13.890388539711564
path,-7.83110399942895,13.878971492724066
path,-7.82956355211849,13.867352019374792
path,-7.828095289326625,13.855731281045607
path,-7.826727324530026,13.844104490612356
path,-7.8254680551268505,13.832476409958378
path,-7.824323464845413,13.8208247466927
path,-7.823146737913187,13.80901821270471
path,-7.821974351254352,13.796837126138689
path,-7.82101432179657,13.784864523770137
path,-7.820052024661867,13.773153316359053
path,-7.819136410237359,13.761719502899926
path,-7.818390314507557,13.750519708295746
path,-7.817609696037557,13.739245830832195
path,-7.816736890059734,13.727854992193363
path,-7.815847183437308,13.716332879221646
path,-7.814962402647855,13.704952308380085
path,-7.81407304025902,13.693917216145499
path,-7.813350898051988,13.682811083256118
path,-7.812628690867419,13.671461249050811
path,-7.811806818783856,13.660273789199982
path,-7.8109541318339355,13.649348607149486
path,-7.810261263185951,13.637944503973298
path,-7.8096797756571705,13.626409799284962
path,-7.8091810794522125,13.614685427659367
path,-7.808745373588581,13.602807353966234
path,-7.808373342245296,13.59077808756755
path,-7.80806534864464,13.578598346695442
path,-7.807829095484818,13.566281561871392
path,-7.807649466682194,13.553800498294004
path,-7.80753252732902,13.541161888325234
path,-7.807468182074523,13.528369495159604
path,-7.807286360407781,13.515491352052038
path,-7.807085270974454,13.502770763885113
path,-7.806838228520005,13.490523254429927
path,-7.806682970617224,13.478105267365445
path,-7.806464756181469,13.465478556985918
path,-7.806231647919659,13.452741735401156
path,-7.806015471369136,13.440289625962865
path,-7.805802425755134,13.428199305013313
path,-7.805666646449072,13.416009858514363
path,-7.805545072903245,13.403748272476841
path,-7.805458215696181,13.391503058272606
path,-7.805440310513985,13.379581606893487
path,-7.805480355084872,13.367895264966155
path,-7.8057041665385345,13.356298402550339
path,-7.805991749028911,13.344762054429777
path,-7.806208204827145,13.333178343588797
path,-7.806497134988058,13.321816049933345
path,-7.806843833992723,13.310589171263922
path,-7.807248799098152,13.299178245151131
path,-7.807773085529511,13.287285282619921
path,-7.808360317319236,13.275054308916076
path,-7.808899476748762,13.262698196541903
path,-7.809356679374387,13.250197512661154
path,-7.809740673129915,13.237595140836563
path,-7.8100421365754045,13.224918318345303
path,-7.810261030191351,13.212196844091181
path,-7.810417174451478,13.199507076676557
path,-7.81052877179605,13.186720661146188
path,-7.810553016917007,13.173894577928149
path,-7.810537548996676,13.161086163294385
path,-7.810505737288763,13.148303185381211
path,-7.810465936076898,13.135600682761199
path,-7.810532153820122,13.122864589721114
path,-7.81067387748769,13.11016668607172
path,-7.810818377549736,13.097485625669325
path,-7.810913823209298,13.084569166394528
path,-7.81125288671783,13.071500498509547
path,-7.811671922505364,13.058317707695513
path,-7.812091653710381,13.045122926103495
path,-7.812532180328446,13.03193113276234
path,-7.813119260058595,13.018716574532734
path,-7.813840985505968,13.005528144343232
path,-7.814670148335371,12.992345276984118
path,-7.815573443355769,12.979109619865596
path,-7.81654944415457,12.965839335538659
path,-7.817602249161895,12.952549031620176
path,-7.818751911541552,12.939264290085356
path,-7.81988630531677,12.926032859627012
path,-7.820768739983479,12.912893679828134
path,-7.821382098706646,12.899530202914123
path,-7.822061452986895,12.886133178831066
path,-7.822832297613801,12.872865348974567
path,-7.82365431026401,12.859672854255102
path,-7.824242650286738,12.846660087389656
path,-7.824597358501177,12.833731179418368
path,-7.824757627075345,12.82092086253186
path,-7.824733030201764,12.808306338854967
path,-7.824499048645367,12.795812239996334
path,-7.824065159215553,12.783442225195591
path,-7.823405098993252,12.771196921886803
path,-7.822472803930423,12.759103222090268
path,-7.821451461562416,12.747149306712382
path,-7.820413689847873,12.735364886492091
path,-7.819349759627172,12.723776852704114
path,-7.818233537078053,12.712398129341029
path,-7.8171454772540345,12.700870150198039
path,-7.816029437623701,12.689115763408696
path,-7.81494716571005,12.677327273698868
path,-7.813883078233493,12.665813685490104
path,-7.812802709831829,12.654699236978406
path,-7.811531202954323,12.643982415821498
path,-7.8101154443172245,12.633660516424095
path,-7.808639584143698,12.623645921312582
path,-7.807127090347567,12.613805768965006
path,-7.805581682281037,12.604106626504471
path,-7.804006171537435,12.594521971554315
path,-7.802402894014143,12.585029868609494
path,-7.80077385467794,12.575612168714397
path,-7.79912052696846,12.566255099012274
path,-7.797444121907076,12.556947518625321
path,-7.79574563754386,12.547680415965411
path,-7.794019821810788,12.53855089586154
path,-7.792273272264442,12.529436510257117
path,-7.790509872763041,12.520322686071015
path,-7.788729072670331,12.51120972347067
path,-7.786929196851419,12.50209781004447
path,-7.785102355871292,12.493150842697261
path,-7.783242473495343,12.48444804074687
path,-7.781356420022342,12.475948062464013
path,-7.779441637092886,12.467592006044457
path,-7.777505249014099,12.459348908721774
path,-7.775548048346982,12.450840892705967
path,-7.7736379616412785,12.442399507326417
path,-7.77170315083466,12.434248186496841
path,-7.769742779462237,12.4263866461218
path,-7.76774313558046,12.418844408905473
path,-7.765684411877374,12.41101830123042
path,-7.76365229507339,12.402927358926963
path,-7.761681625079073,12.395116680275917
path,-7.759918028014854,12.387377281670819
path,-7.758544698677801,12.379477998907358
path,-7.7568580983200945,12.3711409231118
path,-7.755225038619102,12.362645138997248
path,-7.753394789828357,12.35453484545684
path,-7.751655779291215,12.34640255587162
path,-7.7500523799008825,12.338186508005455
path,-7.748225718541057,12.329506309319282
path,-7.746328537756809,12.320801695084802
path,-7.744380419844425,12.312458638768211
path,-7.742591161945604,12.304099694047851
path,-7.740930283582203,12.295674634483841
path,-7.739285695542598,12.287350621464324
path,-7.737729018141026,12.279085602567445
path,-7.735796688696848,12.271522315402056
path,-7.733870157632662,12.264381530457552
path,-7.732065338607924,12.257322760921227
path,-7.730272632972371,12.249325986380844
path,-7.728577969397799,12.24103270494508
path,-7.7268598058685845,12.232383542528215
path,-7.724895523138333,12.223586899817336
path,-7.7228891007589855,12.214991532281683
path,-7.720795401913787,12.206329260958205
path,-7.7186320687201695,12.197599983877835
path,-7.716400273686464,12.18882715886563
path,-7.714099267265997,12.18001220748236
path,-7.711734981571915,12.17115670335475
path,-7.709377916312215,12.162259707779555
path,-7.706793507471336,12.153199646257397
path,-7.703796293720455,12.144047545725506
path,-7.700508179923547,12.13492122569336
path,-7.697086055989462,12.125769857539925
path,-7.693729934357574,12.116753868111495
path,-7.690586104398685,12.10773139208391
path,-7.687925922570794,12.098530305768909
path,-7.685209539893244,12.089182715834417
path,-7.682587035350641,12.07970832543855
path,-7.680246362348907,12.070327342920491
path,-7.677995862206513,12.061282708110916
path,-7.6757681621443705,12.0525060886179
path,-7.673556388495559,12.043974955955703
path,-7.671440636169673,12.03560970539813
path,-7.6695866522706355,12.026924589532959
path,-7.668058584193449,12.018375231004871
path,-7.666602243040117,12.010130608488463
path,-7.6652230531055485,12.002126255565198
path,-7.664005471755126,11.994242781385372
path,-7.662490000133351,11.986023910238552
path,-7.660961563017073,11.977775083735661
path,-7.659766381752048,11.969634531543907
path,-7.659047734427754,11.961586429962617
path,-7.658375530318839,11.953811284058636
path,-7.6575647123994335,11.94565071330046
path,-7.6569840125196205,11.937123822003883
path,-7.656443277273807,11.928843573280432
path,-7.655948507152418,11.920839080675197
path,-7.6556840242564625,11.913027096488186
path,-7.655521209695822,11.905413932511689
path,-7.655585285476826,11.897953250584587
path,-7.65585290535494,11.89060760443207
path,-7.6562901968815185,11.8833727422346
path,-7.65678166919793,11.876134099148025
path,-7.657269121177987,11.868837018095832
path,-7.657776584777159,11.861532262051904
path,-7.658290975751439,11.85419308309676
path,-7.65880023763987,11.846810371812488
path,-7.659306193595622,11.83938670456055
path,-7.659804819624806,11.831886237494045
path,-7.660303390653556,11.824379159118083
path,-7.660786877836929,11.816825185532975
path,-7.661270454919528,11.809223930436424
path,-7.662067436879501,11.800350791910116
path,-7.663107801986777,11.790322101947956
path,-7.6641893943098465,11.779678807572683
path,-7.665100270083508,11.768613427616454
path,-7.665813908921021,11.757237062422176
path,-7.666332963968972,11.745540356234306
path,-7.666745079859861,11.73348442974588
path,-7.667272112947931,11.72122808656736
path,-7.667777626970191,11.709042849482374
path,-7.668256201279483,11.69695803266819
path,-7.668686010279262,11.685002796086359
path,-7.6690677479040845,11.673177983234037
path,-7.669404460279991,11.661479669926335
path,-7.669691410027765,11.649913679415338
path,-7.669938887512304,11.638450778064106
path,-7.67015417765582,11.626827648263959
path,-7.670316162224938,11.615067898555193
path,-7.670421519057401,11.603382224268088
path,-7.6704903014642944,11.591835489551714
path,-7.670472499023853,11.580396402768422
path,-7.670396179465046,11.569060775195071
path,-7.6702938265429355,11.557792054656373
path,-7.670214229383943,11.546571032038305
path,-7.670141311131246,11.535400251676187
path,-7.670105536000192,11.524256260633766
path,-7.670115476386249,11.513142393204424
path,-7.670187181706439,11.502318524553006
path,-7.67021913258446,11.491679448488933
path,-7.67026440394131,11.481080459969938
path,-7.670260785642759,11.47050279288682
path,-7.6702068120377955,11.459824772991576
path,-7.67021480011424,11.449171939295669
path,-7.67000352792144,11.438383994376416
path,-7.669588496675077,11.427654698392764
path,-7.669038689415845,11.417030064872622
path,-7.668353341028952,11.40651739250684
path,-7.667723898914869,11.396253014037601
path,-7.667104358721774,11.386237417310701
path,-7.6666511948185825,11.376934620151648
path,-7.666430171520046,11.36803577316096
path,-7.6664052797890525,11.359331434222664
path,-7.666857896560892,11.350516529365313
path,-7.667646895474189,11.341723705907492
path,-7.668637644712374,11.33308886144685
path,-7.669817579493754,11.32460260287212
path,-7.671202591012503,11.316274768054855
path,-7.672693661977097,11.308228421605605
path,-7.674377678203945,11.300356685755226
path,-7.676267096143223,11.292644371218161
path,-7.678361802627827,11.285091870427225
path,-7.680661574669578,11.277699660666094
path,-7.6831420785154965,11.270498031921113
path,-7.685827154500768,11.26345753746104
path,-7.688518138715882,11.256490499805857
path,-7.6913136626787315,11.249644269005012
path,-7.694281498841823,11.242950314997868
path,-7.697390815624491,11.23632171876544
path,-7.700693329422686,11.229853050764472
path,-7.7041968182404075,11.223549374012519
path,-7.707849074181976,11.217418817889364
path,-7.711763878504909,11.211619713370746
path,-7.716069352081959,11.205567532840492
path,-7.720565762474961,11.19938821932092
path,-7.725231893857383,11.19324189082624
path,-7.729990251328454,11.187062227085613
path,-7.734813944588904,11.18085400408121
path,-7.7396995895494065,11.1746224439088
path,-7.744638546523582,11.168363988034221
path,-7.749549456256505,11.161976688067476
path,-7.754435058253511,11.155468639248152
path,-7.759363521442343,11.148935600939629
path,-7.764371503524926,11.142369712314073
path,-7.769436765060855,11.135679894169062
path,-7.774700337677911,11.12896060614508
path,-7.780093633620663,11.12218704619965
path,-7.785632227750191,11.11534410046348
path,-7.791128000069212,11.108441413859689
path,-7.796455907855952,11.10147365620719
path,-7.801645968320414,11.094437246803242
path,-7.8067141998794725,11.087335154768624
path,-7.811653896785513,11.080176198259364
path,-7.816767480629054,11.07284774339631
path,-7.821812863559565,11.065653121455922
path,-7.8265953345416195,11.058400255872428
path,-7.831156755442085,11.05107851753108
path,-7.835528242410627,11.043690380870364
path,-7.840009296852224,11.035854512124041
path,-7.8444743331689315,11.028260811478868
path,-7.848836512332308,11.020821120647792
path,-7.852999961462732,11.013343816151746
path,-7.856983243667788,11.005829119348709
path,-7.861219668237469,10.997984006990139
path,-7.865474809686534,10.990369188638226
path,-7.869547509610747,10.982790757646182
path,-7.87342927730749,10.975199906047962
path,-7.8771299287624545,10.967595580953502
path,-7.880875740651133,10.959556969739072
path,-7.884573211225078,10.951776150159972
path,-7.888219977931376,10.944220607983262
path,-7.891718291756926,10.936686702900158
path,-7.895067440868203,10.929182951020975
path,-7.898268537154299,10.92168133768741
path,-7.901296835829866,10.914216838376507
path,-7.904175444709139,10.906781456290762
path,-7.906910945699303,10.899367477916917
path,-7.909505880585569,10.891975332115969
path,-7.91197180478291,10.884590788155009
path,-7.91419899677114,10.87581034988363
path,-7.916007950967514,10.866251845743962
path,-7.917528589503871,10.856115928593095
path,-7.919058407981553,10.845736589384854
path,-7.920529166029359,10.835262417852087
path,-7.922107879876052,10.825022305341317
path,-7.923839586893422,10.815000750147464
path,-7.925719838107299,10.805194435335356
path,-7.9277240414288555,10.795585714122762
path,-7.929914730991443,10.78593403698691
path,-7.932388250533871,10.776058356651664
path,-7.935017452867554,10.765905892566835
path,-7.937620502575408,10.755557947520034
path,-7.940167044972779,10.745088605508828
path,-7.942604955267049,10.734718021370146
path,-7.9448813241653635,10.72452533218431
path,-7.947121772786658,10.7142177036591
path,-7.949317767231681,10.7037980356955
path,-7.951451135149478,10.693285804012332
path,-7.95354459688775,10.682924989924022
path,-7.955734862663572,10.672934772567638
path,-7.957821082732462,10.662789273732834
path,-7.959783580736946,10.653046877399166
path,-7.961776871670413,10.643382530018334
path,-7.963862929013549,10.633626653539634
path,-7.9660812872079045,10.62378207505292
path,-7.968304449285229,10.613835966288908
path,-7.970690431339091,10.603740749688454
path,-7.973087632743706,10.593671355617342
path,-7.975370626632701,10.583710594781321
path,-7.977656420239673,10.573795528711644
path,-7.979959591022898,10.563902747396538
path,-7.982311788468384,10.55400937169752
path,-7.984764519516212,10.544078083749906
path,-7.987142008541958,10.534431130736394
path,-7.989312893523509,10.525499538866539
path,-7.991308979160791,10.516869104579294
path,-7.993289069846294,10.50831723932685
path,-7.99525266781657,10.499842530214307
path,-7.997069113470478,10.49207113691677
path,-7.998612784074053,10.485052614726376
path,-8.000141702754442,10.478199494830715
path,-8.00166970710358,10.471449274089986
path,-8.003183978256398,10.46479789370103
path,-8.004562472591797,10.458605594171594
path,-8.005916147941777,10.452589409472735
path,-8.007268669346228,10.446676768144037
path,-8.008619675008632,10.44086722826571
path,-8.009968978875298,10.435160531072919
path,-8.011698171644909,10.429235822989872
path,-8.013741259783119,10.423093994577156
path,-8.015826679946477,10.416950525096235
path,-8.017953805236989,10.41080694240883
path,-8.020122021392744,10.40466429382716
path,-8.02231243795573,10.398538878144025
path,-8.024557030347776,10.39240977736083
path,-8.026852970651877,10.386313651896216
path,-8.02920220068551,10.380256832537025
path,-8.031604693356543,10.374239058953503
path,-8.033984987698831,10.368341598854679
path,-8.036401979942934,10.36249318408875
path,-8.038848066457728,10.356695399625632
path,-8.041321776530397,10.350947872250952
path,-8.04382139393957,10.345249339360958
path,-8.046600222632254,10.339424801649928
path,-8.049491506133032,10.333571865851896
path,-8.052428653102789,10.327741327828805
path,-8.055413917861667,10.321929178222272
path,-8.058478743166823,10.31612784641313
path,-8.06142428023181,10.310370847843458
path,-8.064349983147972,10.304315258086316
path,-8.067026051262914,10.298280272685908
path,-8.06945758971069,10.292318808840777
path,-8.071798348282401,10.286348786719753
path,-8.07399783793483,10.28041413630764
path,-8.076161216456917,10.27442419141942
path,-8.078273133693061,10.268392453411032
path,-8.080334574334904,10.262320141463247
path,-8.082347495014252,10.2562097313402
path,-8.084182518987092,10.250246370966604
path,-8.085958517645409,10.244310938529607
path,-8.08770283394447,10.238359465829946
path,-8.089448815934444,10.23243378887735
path,-8.091202748607854,10.226541842404306
path,-8.092800849868976,10.220970053934996
path,-8.094234431115954,10.215914996993275
path,-8.095573575213129,10.211209825432194
path,-8.096852377796031,10.20679375302227
path,-8.098073617121061,10.202661831049637
path,-8.099210330347308,10.19885169783384
path,-8.100292452911631,10.195320911953969
path,-8.101317502692007,10.192056892014962
path,-8.102275627016855,10.189029922816339
path,-8.103225228316214,10.186057528812274
path,-8.104138251393863,10.183215384076549
path,-8.10504742302963,10.180410636913884
path,-8.105956442870275,10.177625742741231
path,-8.106866106981162,10.174857414024027
path,-8.107777059089512,10.172102990617903
path,-8.10893924478596,10.169027972811106
path,-8.110188329040858,10.16573332702852
path,-8.111404340960629,10.162318554181981
path,-8.112613775907343,10.158819052113031
path,-8.113876374283215,10.155315148111265
path,-8.115182321098272,10.151886336257428
path,-8.116525355676256,10.148395923111226
path,-8.117727106075169,10.144945833159966
path,-8.118919575764371,10.141564457913537
path,-8.12011806377983,10.138188546023626
path,-8.12128498652539,10.134918729487048
path,-8.12245581176098,10.13166271132917
path,-8.123632381216174,10.128411237028644
path,-8.124814721066208,10.125164165530324
path,-8.126002850971512,10.12192138226757
path,-8.127462848599246,10.118345101240152
path,-8.129026063543623,10.114534511020281
path,-8.130560225234488,10.110600590981031
path,-8.132089020239603,10.106576435777242
path,-8.133673285753893,10.102545513554913
path,-8.135574427041167,10.098176074892779
path,-8.137612150248218,10.093542142342377
path,-8.139622131414633,10.088785091186098
path,-8.141614641273529,10.083919389161792
path,-8.143657465140066,10.079037853461625
path,-8.145723976388544,10.074329736327513
path,-8.147776255836604,10.069529259926215
path,-8.149666478300965,10.064861611435285
path,-8.151561257130417,10.060248911554618
path,-8.15346820859617,10.055644191919942
path,-8.155235105510524,10.05129521157299
path,-8.156954990666343,10.04719551910706
path,-8.158682660541492,10.043113570331718
path,-8.160419914348063,10.039037921601446
path,-8.162166734557243,10.034968566620446
path,-8.163836512711066,10.031083310023865
path,-8.165505708777937,10.027246483958189
path,-8.167183414147228,10.023415269584262
path,-8.16886961386638,10.01958966191565
path,-8.170564292960993,10.015769655977184
path,-8.172198710827976,10.012095961833987
path,-8.173836267922729,10.008450339401762
path,-8.175481551934816,10.00480983363743
path,-8.177134549611505,10.001174440627258
path,-8.178795248175582,9.997544154741265
path,-8.180274007250526,9.994174275047278
path,-8.181676099221589,9.99111480116925
path,-8.183077814264893,9.988097356201854
path,-8.184484855396244,9.985083455875248
path,-8.185897214981447,9.982073097742253
path,-8.187281849169015,9.979134619565187
path,-8.188671207289504,9.976201770661026
path,-8.190065616016877,9.97327229020574
path,-8.191465070554754,9.970346169783662
path,-8.192869560925883,9.967423414779113
path,-8.194254145747964,9.964554895931899
path,-8.195643438395015,9.961690554933158
path,-8.197037569904719,9.958829451981833
path,-8.198436533573108,9.955971584676186
path,-8.199840322699876,9.953116950596891
path,-8.201223685722322,9.950315918280845
path,-8.202611562724273,9.947518875035597
path,-8.204004074071472,9.944724942741592
path,-8.205401213432435,9.941934119055652
path,-8.20680297447931,9.939146401622091
path,-8.208189965701466,9.93640008593961
path,-8.209581434007436,9.933656808359329
path,-8.210977379338532,9.93091654519379
path,-8.212377795638336,9.928179294144366
path,-8.213782676853931,9.925445052903376
path,-8.215176933071218,9.922742982691807
path,-8.216575542424176,9.92004387106757
path,-8.21797850410626,9.917347698464052
path,-8.219385812272302,9.914654462617875
path,-8.220797461080267,9.911964161258819
path,-8.222196131341647,9.90930958129732
path,-8.223599020325997,9.90665787852094
path,-8.225006127622814,9.904009032350864
path,-8.226417447613601,9.901363040576372
path,-8.227832974682968,9.898719900981442
path,-8.229618801306765,9.895732262102348
path,-8.231705137077105,9.892349218863503
path,-8.233860486107714,9.888789202912118
path,-8.235996660147842,9.885119286587257
path,-8.23811384717735,9.881339607953691
path,-8.240206812030065,9.877578443621994
path,-8.242359829544537,9.873821058216206
path,-8.244572967292306,9.870065485952065
path,-8.24684582033837,9.866311823192106
path,-8.24917835846114,9.862560139876736
path,-8.251547043136569,9.858877849165504
path,-8.253902996807376,9.854994976142919
path,-8.256018997711159,9.85124698327858
path,-8.258124460301726,9.847610689704755
path,-8.26023797379563,9.843980111756094
path,-8.26229364764828,9.840461539167897
path,-8.264354657223043,9.836957944939856
path,-8.26642317885613,9.83345961243229
path,-8.268499201250673,9.829966517487623
path,-8.270582712613535,9.826478639535953
path,-8.272638086134974,9.823054135720994
path,-8.274700471647778,9.819635971546731
path,-8.276770056347013,9.816222803617544
path,-8.278846827956968,9.812814620306856
path,-8.280930774040762,9.809411411205064
path,-8.282986074323562,9.806070301986763
path,-8.285048093760157,9.802735204044323
path,-8.287117006908002,9.799404885999964
path,-8.289192801622077,9.796079340626857
path,-8.291275465709452,9.792758561097965
path,-8.29319050958416,9.78966803225281
path,-8.295074497031303,9.786690393367737
path,-8.296964009281524,9.783716592593999
path,-8.29885909939518,9.78074639791281
path,-8.300750586782197,9.777781010475659
path,-8.302649496644069,9.77485261585725
path,-8.304539820343852,9.77193405177544
path,-8.306434233048048,9.76902485665991
path,-8.308332704711052,9.766125533833
path,-8.310235201309395,9.763236656296996
path,-8.312134617630333,9.760369515246673
path,-8.314037944074647,9.757514150216979
path,-8.315945130542582,9.754671427708072
path,-8.317856115599161,9.751842372249625
path,-8.319770825425348,9.749028198901794
path,-8.321682775145268,9.746239655893284
path,-8.323598225313736,9.74346910007877
path,-8.325517040784403,9.740718681384092
path,-8.327439047168408,9.737991094908002
path,-8.329364017651699,9.73528977351808
path,-8.331292477349306,9.732618046737718
path,-8.333223189377938,9.72998304901168
path,-8.335155572354887,9.72739299785452
path,-8.33708877575165,9.724859631895212
path,-8.339021500612182,9.722400504014592
path,-8.340964937013167,9.720027645001739
path,-8.342904855586807,9.717775289014764
path,-8.344851209883435,9.715539400576386
path,-8.346805408214523,9.713304482719959
path,-8.348771315933302,9.711026011345005
path,-8.350782598261205,9.708531920942008
path,-8.352802066884944,9.705998862834093
path,-8.354822828005577,9.70351772616088
path,-8.35684664603822,9.701086342805487
path,-8.358873584928372,9.69870701746414
path,-8.361266245754626,9.695848819878636
path,-8.363967921289472,9.69261388036632
path,-8.366763976316854,9.689342656476693
path,-8.369641837499456,9.686037634344839
path,-8.372602865469045,9.682698606793283
path,-8.375729217440067,9.679196786584322
path,-8.37894405006286,9.675659350092689
path,-8.382244724604949,9.672088630739305
path,-8.385630768106962,9.6684853956294
path,-8.389101128190747,9.664850699474684
path,-8.392743131323801,9.661052142623499
path,-8.396501481964654,9.65720664217738
path,-8.400353673488262,9.653327251804313
path,-8.404305228802377,9.649420413711296
path,-8.408341574473408,9.645459739257944
path,-8.412219239230405,9.641554242097104
path,-8.416127079524427,9.637661125516217
path,-8.42010056864921,9.633566295802284
path,-8.423829240533554,9.629063266611757
path,-8.427334224900324,9.624570103143054
path,-8.430428499761497,9.62022677922267
path,-8.433070658353234,9.616109387010521
path,-8.435652738677536,9.612154296340183
path,-8.438226932948789,9.60830692921581
path,-8.440793379356437,9.60457324957858
path,-8.443382574507934,9.600950513658312
path,-8.445964012287947,9.597453332477311
path,-8.44853762479726,9.594087521351373
path,-8.451103401800596,9.590858676248883
path,-8.453661422206213,9.587771758419489
path,-8.45619419175201,9.584827059234179
path,-8.458721442483377,9.58200980866106
path,-8.461243059040838,9.57932691837999
path,-8.463759044805359,9.576784488629057
path,-8.466269867484835,9.574383790856963
path,-8.469231333436094,9.57153481341166
path,-8.472541014503912,9.567389427730783
path,-8.476318514892395,9.563127598934082
path,-8.480039487299237,9.558069570751252
path,-8.483813015475228,9.55215516062957
path,-8.487789108588158,9.545403074715356
path,-8.491932456890506,9.537800380055305
path,-8.496065093247223,9.529785446233733
path,-8.500111843143825,9.521553594386527
path,-8.504065566417916,9.513114753052111
path,-8.507907060554333,9.504518261091992
path,-8.511615155916228,9.495806520790829
path,-8.515195056146645,9.486988284312346
path,-8.518648532935195,9.478072247708347
path,-8.5219727349772,9.46906250311918
path,-8.525250087193786,9.460605791880718
path,-8.5287238474072,9.45278902864065
path,-8.532178320901341,9.445153428206691
path,-8.535561358054728,9.437591709755038
path,-8.538862435439858,9.430108970336686
path,-8.54206118288221,9.423042837034297
path,-8.54529439130645,9.416348034973234
path,-8.548446918861645,9.409742409541623
path,-8.551508183297436,9.40321880636128
path,-8.554470629177963,9.396780796749818
path,-8.557446979267267,9.39062865081657
path,-8.560391060699239,9.384644338077479
path,-8.563232458243316,9.378748223845696
path,-8.565977415353762,9.372937538462379
path,-8.568621377237383,9.367214508994945
path,-8.571241573327177,9.361645673148994
path,-8.573773117656264,9.356177312139367
path,-8.576202742819143,9.350798091255047
path,-8.5785703530905,9.345516787932747
path,-8.580847396352471,9.34028456739224
path,-8.583114945509662,9.335225294187259
path,-8.585329524633769,9.330308302955777
path,-8.587425854088774,9.325490945696421
path,-8.589443845425526,9.3207605372355
path,-8.591387778472953,9.31606038710328
path,-8.593332055269192,9.311480306354492
path,-8.595213013062981,9.30698657280914
path,-8.597064517244581,9.302516157632578
path,-8.59892281758404,9.298049086235038
path,-8.60078797686556,9.293585297030612
path,-8.602685330849658,9.289227754305431
path,-8.604521292573056,9.284943065957652
path,-8.60633768316294,9.280666892439985
path,-8.608159013316968,9.276396663779023
path,-8.609951053633662,9.272172461210177
path,-8.611784616121422,9.267493732229589
path,-8.613918122225098,9.262430915729428
path,-8.616037600845903,9.257351526138512
path,-8.6181437081882,9.252288926127315
path,-8.620255409609237,9.24723368780267
path,-8.622397362227748,9.242283159470356
path,-8.624498778744703,9.237406005166799
path,-8.626561382585079,9.232563587868958
path,-8.628615058567428,9.227738794746951
path,-8.630673878779412,9.222920993127678
path,-8.632770504440789,9.218213539875913
path,-8.634817698372782,9.21358952987019
path,-8.636816034729302,9.209016243868295
path,-8.638795486441857,9.204469154250642
path,-8.640776911490073,9.199931516620754
path,-8.64279463095474,9.195499199076096
path,-8.64475705827788,9.191148538217165
path,-8.646676898639692,9.186855019750027
path,-8.648575774204451,9.182585976633073
path,-8.650470996916217,9.178330157819204
path,-8.6524218731839,9.173654871325802
path,-8.654691786977628,9.168557686349521
path,-8.657011445556813,9.163422854712945
path,-8.659342451742,9.158289837859689
path,-8.66168450969198,9.153159436937019
path,-8.66406790726561,9.14813861544536
path,-8.666397977979038,9.143195580007587
path,-8.66867624382629,9.138319722269646
path,-8.670930764714287,9.133483850643426
path,-8.673183891052641,9.128663152388778
path,-8.675489548401842,9.123960183557001
path,-8.677747289919699,9.119334769635879
path,-8.679938386724395,9.114788276709948
path,-8.682317361516791,9.110215744706501
path,-8.684974235293861,9.105694372965717
path,-8.687721397631314,9.101298085431017
path,-8.690440306877798,9.096957572333023
path,-8.693112791652418,9.092657635317135
path,-8.695740681556048,9.088394712242968
path,-8.698325689478828,9.084165331666291
path,-8.700936009855155,9.079852182113589
path,-8.703550088567185,9.075542459875242
path,-8.706167870046883,9.071236209429319
path,-8.708789358491943,9.066933437375337
path,-8.711414557256502,9.062634151013604
path,-8.714054109617706,9.05840018160009
path,-8.716657485242354,9.054200662352711
path,-8.71923078373625,9.05003191706227
path,-8.721793195460075,9.045878421234294
path,-8.724354646896295,9.041728946931176
path,-8.72692099101338,9.037635546415673
path,-8.729456740011388,9.033571032065504
path,-8.731977365537661,9.029524290157502
path,-8.734492536998529,9.025488817219589
path,-8.73700968036781,9.021457448492512
path,-8.739664216452287,9.016965768793627
path,-8.742583210675273,9.012302479108351
path,-8.745512513597584,9.007643038942035
path,-8.748447579736956,9.002984835495038
path,-8.751387167203928,8.998333190546653
path,-8.75435888863671,8.993757499202754
path,-8.757306442241767,8.989216883090375
path,-8.760223634896896,8.984704715570315
path,-8.763110147709257,8.980223082435433
path,-8.765976522633874,8.975747478434771
path,-8.768887996314147,8.971306987173572
path,-8.771813223412295,8.966871508279732
path,-8.774753612883954,8.962434841421759
path,-8.777707929075518,8.9579973958197
path,-8.780674389141408,8.953559843822276
path,-8.783670996206672,8.94913194982567
path,-8.78668285169302,8.944700472939163
path,-8.789708243153456,8.940262190077073
path,-8.79274535904671,8.935817762199273
path,-8.795797000541569,8.93136171778403
path,-8.798818855872497,8.927125405920114
path,-8.801779235732216,8.923019626488266
path,-8.804717946760295,8.918920940216312
path,-8.807658496728456,8.914825223747448
path,-8.81060188091777,8.910732872202724
path,-8.813528427772408,8.906686308484192
path,-8.816445668306304,8.902645168896568
path,-8.819365221411115,8.898607283929172
path,-8.822287586948319,8.89457275423508
path,-8.825212783898195,8.890541594342912
path,-8.828132702245947,8.88652841927507
path,-8.831053240757265,8.882518112685151
path,-8.833976491458891,8.87851121223983
path,-8.836902655357775,8.874507714788814
path,-8.839831667631367,8.870507625099178
path,-8.842753159179782,8.8665254687438
path,-8.845678046507091,8.862545530394582
path,-8.848604472101513,8.858570631474649
path,-8.851533463239747,8.854599173993378
path,-8.854465545960434,8.850631044548116
path,-8.857369192738869,8.846546970852529
path,-8.860264298833382,8.84240048291687
path,-8.863172264558889,8.838209819432995
path,-8.866088347754436,8.833974414999995
path,-8.869011960572232,8.82969398911584
path,-8.871948745296192,8.825367584961969
path,-8.87489494087697,8.820991930880195
path,-8.87784805409689,8.81657326770485
path,-8.880808289945005,8.812152350474495
path,-8.883777451733808,8.80773742396417
path,-8.886746156145689,8.803382510230325
path,-8.889708571315806,8.799039003425403
path,-8.892669895267547,8.794699133859961
path,-8.895640511370901,8.790363208284443
path,-8.89862052510314,8.786033140337448
path,-8.90159940409252,8.781749133037824
path,-8.904571881758157,8.77747472317539
path,-8.907551948579265,8.773204381618974
path,-8.910542787139613,8.768938072906268
path,-8.913544484382058,8.764675861248008
path,-8.916536288750283,8.7603373223638
path,-8.919563603397675,8.755954763097494
path,-8.922632411959752,8.75155485764827
path,-8.925741964085574,8.74713734033842
path,-8.928895329938978,8.74269823636248
path,-8.9320913213307,8.738238699753461
path,-8.935331155217455,8.733757758240747
path,-8.93861471671837,8.729258155725066
path,-8.941926453299338,8.724754824070459
path,-8.94525272735451,8.720256458754262
path,-8.948602066851866,8.715744713991965
path,-8.951969080289079,8.711236711047004
path,-8.955350746864108,8.70673220405577
path,-8.958744721061954,8.702234230081729
path,-8.962153402574227,8.697739846379177
path,-8.965569038323519,8.693116772827553
path,-8.96901928713845,8.688434736936797
path,-8.972522206441482,8.683730163538382
path,-8.976079629603069,8.67899987820703
path,-8.97968592062923,8.674243680618687
path,-8.983324812207089,8.669440670440828
path,-8.987004527065887,8.664609324154576
path,-8.990724736814984,8.65974628913412
path,-8.994494285617673,8.654865901565353
path,-8.998311321819767,8.649966128587003
path,-9.002164536953792,8.6450286359211
path,-9.006060692694286,8.6400611862762
path,-9.010008264405302,8.635074617787621
path,-9.014008518523493,8.630068573575294
path,-9.018062669595741,8.625042636261743
path,-9.022156387036624,8.619912201258249
path,-9.026294162656166,8.614729179523522
path,-9.030486408041856,8.609518731470994
path,-9.034742590350469,8.604287622229995
path,-9.03905428370251,8.599037402519699
path,-9.04366823853356,8.593275905135846
path,-9.048506720056096,8.587273318578
path,-9.053421527878433,8.581229591389427
path,-9.058459091792775,8.575173387024217
path,-9.063562001318878,8.569064831722429
path,-9.06889963543895,8.56248457564545
path,-9.074473637852316,8.555525692079089
path,-9.080144876540581,8.548547021362543
path,-9.085911430845632,8.541568452285452
path,-9.09177906275381,8.534591717327778
path,-9.097883115147285,8.527289442792211
path,-9.104153500500598,8.519820771000589
path,-9.110526172152804,8.51231688427416
path,-9.117027778904063,8.50472815843797
path,-9.123697199596569,8.497137873499002
path,-9.130541976369006,8.489565421589232
path,-9.137565944877489,8.482015837312293
path,-9.144772970271722,8.474490596343061
path,-9.152141047681896,8.46695890053406
path,-9.159654468119088,8.45940174959625
path,-9.167303950920015,8.451803230761685
path,-9.175090066641975,8.444161787873092
path,-9.183014510859412,8.4364704529794
path,-9.19107614046676,8.428729278463347
path,-9.199208635030905,8.42099501439821
path,-9.207340254833204,8.41331728454462
path,-9.215451300716987,8.405699410106239
path,-9.223552561812822,8.398028021741693
path,-9.231514507687832,8.390259751336888
path,-9.239322639306002,8.382408671882178
path,-9.24719376383718,8.374647609110719
path,-9.25483543012222,8.366723581919668
path,-9.26197407389707,8.358568678512125
path,-9.268890737429908,8.350470079823959
path,-9.275667014769912,8.342597823798409
path,-9.28284140048848,8.33473931513785
path,-9.290252164094229,8.326691844123102
path,-9.297527773531424,8.31852062419669
path,-9.304595727206765,8.310424174590485
path,-9.311529285232886,8.302565779470882
path,-9.318477060119452,8.295160185908456
path,-9.325060579758855,8.288143396014737
path,-9.331233563604613,8.281234613535881
path,-9.337242749382515,8.274555643138132
path,-9.343112749587263,8.268134114194652
path,-9.34864454680901,8.262151007294491
path,-9.353825671998642,8.256462244576422
path,-9.358821655480037,8.251002178322672
path,-9.363606895784542,8.245896548768297
path,-9.368061218508679,8.24120678461501
path,-9.372101021060283,8.236870918148126
path,-9.375794484902068,8.232942593770789
path,-9.37913739607189,8.229425414622867
path,-9.38213047389708,8.22631929329064
path,-9.38485560276104,8.2235802996417
path,-9.387238138843408,8.22118352480723
path,-9.38937801033517,8.219113258538435
path,-9.391338701679691,8.217279782223821
path,-9.393243836664546,8.215088285791234
path,-9.395134404367703,8.212637465368376
path,-9.397891465284438,8.20987533969129
path,-9.401101229990243,8.20687458725914
path,-9.404632166478008,8.203200841842003
path,-9.40863229969427,8.198942925508536
path,-9.412895399928766,8.194322654359715
path,-9.417262194911483,8.189464167069122
path,-9.421518030387642,8.18437393061507
path,-9.425614162454458,8.179083797077968
path,-9.429545137751033,8.173594042001225
path,-9.433310528905219,8.167919787100985
path,-9.436792327402282,8.162374276255973
path,-9.440102810166888,8.156864634379257
path,-9.443250919502534,8.151369139928098
path,-9.44628372094374,8.14595868632361
path,-9.449171337518381,8.140608229916895
path,-9.451786167296529,8.135405825310626
path,-9.454198966033207,8.13031045725809
path,-9.456478932317848,8.125213539381464
path,-9.458621983624424,8.120159479655316
path,-9.460627249539286,8.115155822395169
path,-9.462462338495973,8.110265669303335
path,-9.464228908115645,8.105565830060257
path,-9.465893908550852,8.100725391192645
path,-9.467416335753732,8.095933998079849
path,-9.468800746955468,8.091204419708438
path,-9.470055521017283,8.08659628189788
path,-9.471166684163412,8.082015749342155
path,-9.472132997733288,8.077536877582773
path,-9.472960725656554,8.073134798531358
path,-9.473652960309447,8.068797933869662
path,-9.474327152722172,8.064833641451479
path,-9.475009704345425,8.06148566572199
path,-9.475834046977544,8.058390441873023
path,-9.476957847824977,8.055359050552031
path,-9.478472779752261,8.052413527657766
path,-9.480401977204615,8.049510717217029
path,-9.482719777889166,8.046656777563582
path,-9.485249444179432,8.043792618948526
path,-9.487803979054073,8.040893934356932
path,-9.490353346678715,8.037965895475464
path,-9.492941033163316,8.035005221329563
path,-9.49552925844544,8.032008170180305
path,-9.498112303837768,8.029010235318204
path,-9.500701931097982,8.026045881889626
path,-9.5033164457366,8.023118318811447
path,-9.50577458963875,8.020382569263692
path,-9.508139595231116,8.017742334422628
path,-9.510543267225183,8.015145064260913
path,-9.512995820096647,8.012578112122984
path,-9.515507778222958,8.010040172866631
path,-9.518066930046974,8.00753581243736
path,-9.520631352588405,8.005029825377985
path,-9.523194567212352,8.002516901739002
path,-9.525754970446874,7.999999180790387
path,-9.528313066172606,7.997476239790054
path,-9.530850501124625,7.994988003950194
path,-9.533364600236403,7.99251557716126
path,-9.535858339105314,7.990043065350476
path,-9.53834313981081,7.987574197255458
path,-9.540822380116905,7.985104061496051
path,-9.543281814787225,7.9826567613897
path,-9.545720089934115,7.980218530795895
path,-9.548147917304306,7.977784169456858
path,-9.550571236060328,7.9753517429131975
path,-9.552988465571879,7.97292034870145
path,-9.555368954066484,7.9705308014093434
path,-9.557716474605977,7.968157767724863
path,-9.56005443059633,7.965790973245508
path,-9.562386473538693,7.963427802230916
path,-9.564712158550597,7.961063755691559
path,-9.56701537913724,7.958732517934637
path,-9.569298376876533,7.9564211652563035
path,-9.571556567780085,7.9541342355177465
path,-9.573768263307045,7.951865701836179
path,-9.575926936523077,7.949608180910964
path,-9.57801368410405,7.9474233290286325
path,-9.579991574299639,7.945288114364197
path,-9.581945525863759,7.943202720377083
path,-9.583840687661805,7.941144187924335
path,-9.58571539004092,7.939115866428216
path,-9.587540254304717,7.937124549542037
path,-9.589323019000975,7.935158352763149
path,-9.59107378236093,7.933188458031314
path,-9.59280839429985,7.931220994974423
path,-9.594541089441167,7.9292667073562075
path,-9.596281092066334,7.9272902857193
path,-9.598029040446987,7.925313413469998
path,-9.599772166285232,7.923326215108112
path,-9.601513486774273,7.921330191259563
path,-9.603255585789634,7.919330512733202
path,-9.604981826444096,7.917344289674601
path,-9.606713559324293,7.915365246078498
path,-9.608452948800009,7.913386112515951
path,-9.610194225433471,7.911408878333535
path,-9.61192738602684,7.909428680471894
path,-9.613625958973644,7.9074948711370086
path,-9.615317164858688,7.905591845421125
path,-9.616991138624991,7.90368893278667
path,-9.618652722674506,7.901790762214328
path,-9.620296270817256,7.899893977528991
path,-9.621898982391917,7.89801026553374
path,-9.6235019973532,7.89614204565185
path,-9.62509959220746,7.894282070783326
path,-9.626693301510596,7.892425388635158
path,-9.628282785520652,7.890567028022753
path,-9.629953167098897,7.888707628517534
path,-9.631917102555128,7.88673991202001
path,-9.633882784205735,7.884767294866695
path,-9.6358461973035,7.882792741964108
path,-9.637807340491898,7.880816256903481
path,-9.639730064181695,7.878867586549666
path,-9.641647727565083,7.876926340157236
path,-9.643563107849257,7.874983390971998
path,-9.645476213227836,7.873038728867189
path,-9.647387050905888,7.871092344943877
path,-9.649247993340568,7.869190663382451
path,-9.651102367241103,7.867294296880221
path,-9.652954644515628,7.865396229036248
path,-9.654804825832008,7.863496459931397
path,-9.656652911610557,7.861594989889601
path,-9.658455271920348,7.859727835464931
path,-9.660253413501046,7.857870093674554
path,-9.662049493570871,7.856010835723828
path,-9.663843518635083,7.854150053317514
path,-9.665635494442606,7.852287739148497
path,-9.667393171311064,7.850456546700726
path,-9.66914700764302,7.8486268720562045
path,-9.6709003610846,7.84679181220199
path,-9.67265028359613,7.84495851856382
path,-9.674398259726916,7.843123250172885
path,-9.67631923223962,7.841019394504346
path,-9.678538502458421,7.838675239095833
path,-9.680762420041937,7.836322188050865
path,-9.68298320439543,7.833965921395622
path,-9.685200856825832,7.831606452923986
path,-9.687346560571203,7.82930051337555
path,-9.68948297305222,7.827018965940676
path,-9.69161034028781,7.824730009563613
path,-9.693737148637199,7.822443055358366
path,-9.695860994801764,7.820153215833577
path,-9.697922705551775,7.817908747624448
path,-9.699973114670982,7.815686628380834
path,-9.702020626727899,7.813461951975355
path,-9.704065188291448,7.811234777915771
path,-9.706106730772685,7.809005179464006
path,-9.708077090644077,7.8068205110608435
path,-9.710029194691865,7.804679966685219
path,-9.711974465426165,7.80253052957157
path,-9.713917328727744,7.8003874548539835
path,-9.715856683808372,7.798242902468269
path,-9.717732886662926,7.796135404343671
path,-9.719569829356503,7.7940953115856395
path,-9.721396165204254,7.792060901236981
path,-9.723217514647308,7.790026920699446
path,-9.725034345054063,7.787992931801398
path,-9.726843087186255,7.785966561404794
path,-9.728685519855153,7.78390747047165
path,-9.730560523126929,7.781813591171616
path,-9.73248808710793,7.779666488789677
path,-9.734401108148328,7.777529016997704
path,-9.736201981555634,7.77548271561442
path,-9.738030517701109,7.773427338439449
path,-9.73982445380082,7.77140157069058
path,-9.741602596367214,7.76938735114812
path,-9.743371184400461,7.767378679518867
path,-9.74509214172863,7.7654161851811745
path,-9.746803366144317,7.763464005071589
path,-9.748510703086726,7.761512054956071
path,-9.750214760184473,7.759559749357885
path,-9.751915964725132,7.757606677016512
path,-9.753588025134833,7.755679237121738
path,-9.755253682070803,7.753753703692763
path,-9.75691720784996,7.751832317719969
path,-9.758578792414085,7.749909440276493
path,-9.76023855626927,7.747984955238487
path,-9.761866192087762,7.7460870022597765
path,-9.763482906130731,7.744205169571057
path,-9.765098104298135,7.742321621824646
path,-9.76671185060127,7.740436295964145
path,-9.768324202020075,7.7385491360652034
path,-9.769923892343098,7.736673035161225
path,-9.771521866995135,7.7347994465686325
path,-9.773117607383785,7.732925011179071
path,-9.77471111489715,7.7310497310065
path,-9.776302464244534,7.7291688646667565
path,-9.777877343148367,7.727300147959021
path,-9.779442498881366,7.7254475627855905
path,-9.781005362843432,7.723594367899692
path,-9.782565981258468,7.721740493570942
path,-9.784124658750446,7.719885355184473
path,-9.785664783267961,7.718038991559331
path,-9.787194547784615,7.716206189469346
path,-9.788719064189621,7.714378713604046
path,-9.790243718856955,7.712547199540315
path,-9.791766753352132,7.710713096179568
path,-9.793508661344118,7.7085538600513095
path,-9.795430249674073,7.706234748332155
path,-9.797360930110086,7.703899031450614
path,-9.799227259820492,7.701599227401426
path,-9.800752243425897,7.699339642897872
path,-9.802133013151916,7.697070831377317
path,-9.80369450140048,7.694886201327298
path,-9.805242968843968,7.692694765274713
path,-9.806774218761655,7.690497338003723
path,-9.808297234145355,7.688299835528515
path,-9.809798968866662,7.68613066570607
path,-9.81131107782481,7.683981185454702
path,-9.812823022749269,7.681837804620256
path,-9.814334004713789,7.679701568159665
path,-9.815831320372103,7.677562090564341
path,-9.817294223102692,7.675437080106825
path,-9.818764266165998,7.673331450512555
path,-9.820239326103584,7.67123893741481
path,-9.821700995580196,7.6691447647870135
path,-9.823155551175075,7.667052702232207
path,-9.82455317534153,7.664976909153282
path,-9.825963420577287,7.6629267078708
path,-9.827358195665244,7.6608781367776055
path,-9.828763354481618,7.658844134783735
path,-9.830165327447617,7.656814750039615
path,-9.83154952028439,7.654819024367471
path,-9.832896187035375,7.652824420145749
path,-9.834215728030815,7.650815444561811
path,-9.835494448867218,7.648790641335497
path,-9.836743606729847,7.6467582981699485
path,-9.837983760454437,7.6447504158672475
path,-9.839220173208144,7.642759452307334
path,-9.840453792245778,7.6407806915617895
path,-9.841661060871361,7.638796700843642
path,-9.84286851275583,7.636829854327326
path,-9.84407005615883,7.6348844551894235
path,-9.845268967681239,7.632952165596331
path,-9.846436665070888,7.631013093455873
path,-9.847459553574918,7.6292284325577615
path,-9.848372832483971,7.627498171747924
path,-9.84924419044875,7.625784324519925
path,-9.850114653755735,7.624070902969081
path,-9.85098432490537,7.622357140823544
path,-9.851853199072286,7.6206428583532135
path,-9.852722612183069,7.618929556431909
path,-9.853568578799413,7.617265429554612
path,-9.854411104779013,7.615599255248882
path,-9.855252857592637,7.613931987645556
path,-9.856093858458307,7.612264007050019
path,-9.856935284463306,7.610596831692296
path,-9.857766487985254,7.608944401009414
path,-9.858597013518507,7.607292492171313
path,-9.859426827182636,7.605640255489971
path,-9.860255924989085,7.603987571207471
path,-9.861084304860526,7.602334357487063
path,-9.86190384335792,7.600705190488697
path,-9.86271953707147,7.59907762988173
path,-9.863534231598054,7.597447872461206
path,-9.864348210883122,7.5958171580882325
path,-9.865162513737062,7.594187208464732
path,-9.865969391060244,7.592572613767983
path,-9.866774084593441,7.590956572915426
path,-9.867578075121152,7.5893395039741325
path,-9.868381384638276,7.587721813693001
path,-9.86918781322224,7.586107233117195
path,-9.870060848293473,7.58418796624932
path,-9.87103019340601,7.582071301840864
path,-9.87212150912506,7.579820109299071
path,-9.873312852903553,7.577457372338988
path,-9.874504961014134,7.57504780814927
path,-9.87567349828501,7.5726644600444475
path,-9.8768399989101,7.5702809289233155
path,-9.878005097936011,7.5678966527773275
path,-9.879170304450092,7.5655133565547175
path,-9.880332629733497,7.563128445724431
path,-9.881457379699492,7.560833175225131
path,-9.882574331687996,7.558536136417052
path,-9.883691437803263,7.556239119098759
path,-9.884805752569976,7.553940140599795
path,-9.885918775329714,7.5516404658606975
path,-9.887002160813008,7.549403900724681
path,-9.888083685115598,7.547167794490202
path,-9.889162479109254,7.544929653401639
path,-9.890240075383641,7.542691194714095
path,-9.891316450273395,7.540451963501923
path,-9.892374419647782,7.538261450560235
path,-9.89342642254632,7.536067465866212
path,-9.894477271415782,7.533873025903733
path,-9.895526950175995,7.531677785339435
path,-9.896575457351759,7.529481684341523
path,-9.897588157516129,7.5273654261006016
path,-9.898596079115567,7.525249343357869
path,-9.899602971696298,7.52313284522616
path,-9.900608809535147,7.521015568192251
path,-9.901615106290189,7.5188992346534205
path,-9.902601283749888,7.516817749783361
path,-9.903586288517118,7.51473681835504
path,-9.90457494372498,7.512658589743633
path,-9.905567626251939,7.510584709446628
path,-9.906563638819748,7.508511818410272
path,-9.907551546283583,7.506469312886747
path,-9.908541332403622,7.504428454530764
path,-9.909524347716971,7.502393274644184
path,-9.910488485761778,7.500349039252241
path,-9.911532153393065,7.498310594342758
path,-9.912663628826852,7.49634905393797
path,-9.913918823800977,7.4944110869326925
path,-9.915305978269046,7.4924992970725395
path,-9.916828441281954,7.490614193627927
path,-9.918486809734734,7.488758116501803
path,-9.920253763799337,7.486964224614934
path,-9.922148795313193,7.485196792220474
path,-9.924152276542817,7.4834518325909105
path,-9.926202857723608,7.481713637838822
path,-9.928250633474326,7.479974437868071
path,-9.930255413829107,7.478270783839027
path,-9.932250540408395,7.476566341132464
path,-9.934252156234095,7.474857252131289
path,-9.936232516869739,7.473141349869107
path,-9.938182041075608,7.471414935120154
path,-9.940049542252858,7.469754651085407
path,-9.94183628578453,7.468078832776536
path,-9.943567876835093,7.4663853229650545
path,-9.945224534585954,7.4646753691346
path,-9.946820659156916,7.462946240719797
path,-9.948313092679616,7.461261913624672
path,-9.949745375642536,7.4595608143327565
path,-9.95110281894803,7.45784331583829
path,-9.95239980196398,7.456106696513709
path,-9.953629033483972,7.454354904246861
path,-9.954777344891577,7.452624326077818
path,-9.95586629685107,7.450877694799639
path,-9.956876398411346,7.449113553934591
path,-9.95783018249817,7.447331489106132
path,-9.958737429752928,7.4455381295436895
path,-9.959617113208594,7.443781590386055
path,-9.96050200314976,7.4420240415048875
path,-9.961386133222277,7.4402662079889925
path,-9.962269511280041,7.438508090447873
path,-9.96315214448664,7.43674968946438
path,-9.96401793284202,7.435026161486794
path,-9.964881362699803,7.433302377499029
path,-9.96574410628228,7.431578322762105
path,-9.9666061672538,7.429853997757302
path,-9.967467548982473,7.428129402948435
path,-9.968310298001077,7.426423513139778
path,-9.969151249339134,7.4247149325742745
path,-9.96999305595042,7.423008761426317
path,-9.970826017364946,7.42129832821019
path,-9.97168332780872,7.419592498080767
path,-9.972518051658799,7.417900477967397
path,-9.97335641216873,7.416211598124559
path,-9.974210740580375,7.41452542079784
path,-9.975062687783439,7.412839064743014
path,-9.97591136323759,7.411152469865837
path,-9.976862609498724,7.409126829802446
path,-9.977898123715358,7.406829016541529
path,-9.979020146356465,7.404342721638334
path,-9.98015995247329,7.401761389413736
path,-9.981311316859571,7.399181643451783
path,-9.982430658323208,7.396671334406338
path,-9.983560996509969,7.394166541690815
path,-9.984699268070635,7.391664224902543
path,-9.985851021342782,7.389164394872505
path,-9.98701086048949,7.386667136092702
path,-9.988149353909817,7.384227876420357
path,-9.989297385356624,7.381792356622171
path,-9.99045926019883,7.379359548386287
path,-9.991633060704723,7.376929487884576
path,-9.992815157613784,7.37450224720179
path,-9.993969080248698,7.372143282740109
path,-9.99513264406342,7.36978760905602
path,-9.996292943272767,7.3674314759528
path,-9.997449406890553,7.365074886007596
path,-9.998610099187967,7.362717711837763
path,-9.999725630201018,7.360435275212102
path,-10.000852751908335,7.358154877108174
path,-10.001970706030441,7.355877759426808
path,-10.003036511936715,7.353696626271843
path,-10.004091249689626,7.351525231252861
path,-10.005109544605137,7.349415779191101
path,-10.006059957833363,7.3473317903174715
path,-10.006942372846517,7.345224162455414
path,-10.007994261941185,7.343044543956136
path,-10.00912163497416,7.340881718695774
path,-10.01021180535373,7.338780198602012
path,-10.011291237521768,7.336676617428341
path,-10.012370994912079,7.334576187149833
path,-10.013449943856378,7.332475488986122
path,-10.014527655850465,7.33037385605005
path,-10.015587029509401,7.328308620802969
path,-10.01664327761196,7.326242486656249
path,-10.017705169459893,7.324174789493951
path,-10.01876181970697,7.322106323585283
path,-10.019817865006722,7.320034200968337
path,-10.020844645791502,7.317997407952412
path,-10.021879935231262,7.315962150087621
path,-10.022916562641543,7.31392616086878
path,-10.023950165827038,7.311889699720154
path,-10.024980733076728,7.309852771725561
path,-10.025993901317468,7.3078600067959645
path,-10.026999680315024,7.3058670807075785
path,-10.028006851928161,7.303873462063422
path,-10.029013217119735,7.301879282774261
path,-10.030020955956513,7.299884414887861
path,-10.030999756936264,7.2979345226594265
path,-10.03198020098618,7.295984872118679
path,-10.032957686260067,7.294034824721397
path,-10.033936583367723,7.292084121790539
path,-10.034912537329543,7.290133024267853
path,-10.035873395654022,7.288210593147103
path,-10.03683849132718,7.286285870304785
path,-10.037793535480054,7.2843556860337815
path,-10.038759032794427,7.28242017307137
path,-10.039712705894347,7.2804776564178395
path,-10.040600736269997,7.278551804153161
path,-10.041489332003868,7.27662050878765
path,-10.042527700316356,7.274720584229033
path,-10.043644911811407,7.2728351241544695
path,-10.044761046485542,7.270949133220936
path,-10.045850541425313,7.269105885831147
path,-10.046938996752079,7.2672621627660625
path,-10.048026424989233,7.265417941932614
path,-10.049112826586297,7.263573226040109
path,-10.050198202047193,7.2617280175949706
path,-10.051266315414228,7.2599099683927255
path,-10.052333426657398,7.258091461169997
path,-10.053399544102145,7.256272481930046
path,-10.054464668373681,7.254453032521445
path,-10.05552880012935,7.252633114670594
path,-10.05657302543758,7.250845131299744
path,-10.05761628563726,7.249056717427656
path,-10.058658590459345,7.247267855733526
path,-10.059699940608498,7.24547854753532
path,-10.060740336811708,7.243688794063119
path,-10.061765597692478,7.241923032303548
path,-10.06278992518231,7.24015685352291
path,-10.063813326824352,7.238390244648645
path,-10.06483580336555,7.236623206665748
path,-10.065857355564235,7.234855740514061
path,-10.066858196533808,7.233122136627245
path,-10.067858140657247,7.2313881423624276
path,-10.068857198205823,7.229653738733626
path,-10.069855369922552,7.227918926509923
path,-10.070852656557168,7.226183706432839
path,-10.072063409021657,7.224144113743949
path,-10.073427671655496,7.22184277563192
path,-10.074879445822223,7.219358823575834
path,-10.076411680816072,7.216695658634352
path,-10.077952898467387,7.213967105916311
path,-10.079440227093126,7.211312152990273
path,-10.080923711383218,7.2086606220850795
path,-10.082405175706205,7.206008031359985
path,-10.0838846181756,7.203354399167763
path,-10.085362037767212,7.2006997413840494
path,-10.086790202487881,7.198128048255611
path,-10.08821493959993,7.195559335478297
path,-10.089637784627097,7.192989691619585
path,-10.091058738563353,7.190419126081918
path,-10.092477802692198,7.187847647201851
path,-10.093836387033019,7.185386664992755
path,-10.095186549397758,7.1829314584372375
path,-10.096535015405841,7.180475455634112
path,-10.09788178487623,7.178018659897447
path,-10.099226857902384,7.17556107423837
path,-10.100525075388216,7.173184381748143
path,-10.101820323197456,7.17081054537144
path,-10.103113990605372,7.168435977553547
path,-10.104406078439647,7.166060680560108
path,-10.105696587650673,7.163684656511014
path,-10.106953101662036,7.161367381612804
path,-10.108207574354777,7.159050770629372
path,-10.10946055115309,7.15673347383019
path,-10.110712033267813,7.154415492898785
path,-10.111962021969376,7.152096829444228
path,-10.113161957475324,7.149866600070018
path,-10.114358510319,7.147640663738221
path,-10.11555369046971,7.145414100931472
path,-10.11674749933831,7.143186913105465
path,-10.117937669786276,7.14093437500117
path,-10.119248240099543,7.138546156899497
path,-10.1207708134784,7.136181048282997
path,-10.122416830938455,7.13383340909708
path,-10.124061382581303,7.131484636021712
path,-10.12570364588445,7.129134634098042
path,-10.127303209981466,7.126840198441359
path,-10.128899411291096,7.12454756689882
path,-10.130493454360556,7.122253727625018
path,-10.132085338164233,7.119958684377821
path,-10.133675067937203,7.117662425619572
path,-10.135208287547451,7.1154370665027535
path,-10.136737498826841,7.113219740987628
path,-10.138264680499084,7.111001345017121
path,-10.13978983494118,7.108781871389598
path,-10.141312964207723,7.106561313740428
path,-10.142791663584106,7.104398305216922
path,-10.144268778529673,7.1022374234473915
path,-10.145743980195332,7.100075479970273
path,-10.147217269876158,7.097912473382644
path,-10.148688648660167,7.095748402554766
path,-10.150121344977098,7.093636605918223
path,-10.151551394147077,7.091525983201617
path,-10.152979637675209,7.0894143310749635
path,-10.154406075350398,7.087301650852451
path,-10.155830706907057,7.085187943853163
path,-10.157224737128766,7.083108523335997
path,-10.158618871015475,7.081032347353536
path,-10.160011226277204,7.078955294985979
path,-10.161401806435464,7.076877357264256
path,-10.162790614598235,7.074798526195845
path,-10.164507625027039,7.0722903372991475
path,-10.16645318123797,7.069212469143791
path,-10.168582823551478,7.0657265780502065
path,-10.170877107226984,7.0622242082687485
path,-10.173190064107123,7.058717419676575
path,-10.175399743684387,7.055337019338777
path,-10.177597912456637,7.051987656817455
path,-10.179794923741643,7.0486304223386025
path,-10.181990757940605,7.045265370944338
path,-10.184185401732377,7.041892549232373
path,-10.186267738044002,7.038641880141515
path,-10.18834618111967,7.035429851405699
path,-10.190423527805146,7.032210979261744
path,-10.192499813678863,7.028985237035719
path,-10.194575096278333,7.025752567902573
path,-10.196531414176071,7.0226600807537425
path,-10.198482818376874,7.019605207271264
path,-10.200433714921848,7.01654372193745
path,-10.20238439146978,7.013475246961355
path,-10.204335335407166,7.01039912670739
path,-10.206178822184773,7.007457655310421
path,-10.2080158746594,7.00454897732749
path,-10.209855510843667,7.00162494301308
path,-10.211722724886158,6.9986612533678105
path,-10.213582495421528,6.99570269792663
path,-10.215324216580813,6.992869971988029
path,-10.217048585340006,6.990101738910429
path,-10.218779134372314,6.987318726037612
path,-10.220511997822221,6.9845264505601286
path,-10.222243309527101,6.9817295168917015
path,-10.223886414330002,6.979048516126911
path,-10.22551999590017,6.976385554239244
path,-10.227156513170282,6.9737211818031835
path,-10.228792290707956,6.971052564909904
path,-10.230427197855125,6.96837990862037
path,-10.232013903351758,6.965770051596466
path,-10.233599058501541,6.963167875257344
path,-10.235183153477404,6.9605623232580935
path,-10.2367661380696,6.957953477429286
path,-10.238347968774196,6.955341409879101
path,-10.239854937845465,6.952819978657296
path,-10.241361963894967,6.9503213868938545
path,-10.242867045175846,6.947821744496024
path,-10.244370079154363,6.945321263171613
path,-10.245871068225316,6.9428199334986
path,-10.247334718936482,6.9403742957138626
path,-10.248795340731775,6.937932257771381
path,-10.250254029490801,6.935489358275528
path,-10.251710785538474,6.933045594778364
path,-10.253165609073518,6.93060096520698
path,-10.254583193558531,6.928202346463194
path,-10.256001630525285,6.92581052581678
path,-10.25741818899661,6.9234179649078325
path,-10.258832871987062,6.921024654158452
path,-10.260245682129597,6.918630585036518
path,-10.261620296142832,6.916294825535606
path,-10.26299200424694,6.9139631028656865
path,-10.264361952335776,6.911630606820297
path,-10.265730140896602,6.909297335760344
path,-10.267096570288734,6.906963288325696
path,-10.26843438368211,6.904673132407816
path,-10.269769954137995,6.9023846005452185
path,-10.271103840519364,6.900095301926628
path,-10.272436042335805,6.897805237838125
path,-10.273766559069143,6.895514409559012
path,-10.27551847085991,6.892783984302676
path,-10.277570919006212,6.889482772677957
path,-10.279819773230107,6.885667101782395
path,-10.282102102975244,6.881687721158064
path,-10.284387362703326,6.877709592348391
path,-10.28657136111739,6.873837362165539
path,-10.28875663044808,6.870011347661645
path,-10.290937149350956,6.866183357838402
path,-10.293112920200143,6.862353388221128
path,-10.295283945249226,6.858521435985565
path,-10.297306031660447,6.854818295421793
path,-10.299327885142743,6.851193198660964
path,-10.301362702100565,6.847573875151433
path,-10.30339330551412,6.84395276066015
path,-10.305419695055692,6.840329857549994
path,-10.307246179312568,6.836852807236419
path,-10.309047977340006,6.8335138757469105
path,-10.310880542563565,6.830188665004974
path,-10.312720590123686,6.82686688715501
path,-10.314557097213484,6.823543676529893
path,-10.31576625820073,6.8203426684574175
path,-10.316674458591049,6.817224769374147
path,-10.317521267614689,6.8141819839881075
path,-10.318300110819028,6.811225514765817
path,-10.31904075622273,6.808359888358748
path,-10.319750750187342,6.805595237982218
path,-10.320384324455683,6.802876938175743
path,-10.320857690965395,6.800133905377439
path,-10.32115351353201,6.797365854134387
path,-10.32128344313775,6.79459933628352
path,-10.321230484881898,6.79184183437223
path,-10.320990772029273,6.789081727633978
path,-10.320574238559423,6.786320667913905
path,-10.320014536941507,6.783532272557035
path,-10.319400470848374,6.780671349361519
path,-10.318733271191164,6.777785824249088
path,-10.318068494358853,6.774877249649716
path,-10.317380370319269,6.771972135484469
path,-10.316707713952557,6.769052714510759
path,-10.31603390593554,6.766146227044104
path,-10.31536789636495,6.763203706097531
path,-10.314692120696192,6.760263368546695
path,-10.313996807058885,6.757318022048695
path,-10.313325734347549,6.754362952476905
path,-10.312650524732838,6.751423589055236
path,-10.311971798474351,6.74843225881662
path,-10.311282922412968,6.745406722164476
path,-10.31057376840096,6.742384812209533
path,-10.30988144696779,6.73934829888707
path,-10.309185987638754,6.73632828971157
path,-10.308485206577744,6.733265542743749
path,-10.307781163231793,6.730188763188285
path,-10.307070716816101,6.727107535814861
path,-10.30635718610172,6.724034077441428
path,-10.305645468600474,6.720952873874242
path,-10.304941471806801,6.7178257119283895
path,-10.304216922190822,6.714682202941356
path,-10.303495024177893,6.711523092082108
path,-10.302768457873709,6.7083917360774565
path,-10.30204572566204,6.705248028003565
path,-10.301314442910085,6.702062253470828
path,-10.300585703472096,6.698847908360196
path,-10.299857940320425,6.695650609806477
path,-10.299119330748491,6.692445947714238
path,-10.29838330974664,6.6892456262288125
path,-10.297645585143627,6.685969349005597
path,-10.296904812170059,6.682652977115607
path,-10.296144466218985,6.679346872631174
path,-10.295391058666548,6.676030464513035
path,-10.294625889117485,6.67272252479769
path,-10.293866977103942,6.669351112909654
path,-10.293093264715724,6.665949614623317
path,-10.292311767817862,6.662557832982608
path,-10.291531603651357,6.659155903629557
path,-10.29075344593519,6.655754645970621
path,-10.289997161758675,6.652297607384573
path,-10.289193578468876,6.648824013036312
path,-10.288407923719092,6.645368794532365
path,-10.28761096343253,6.64189713509534
path,-10.28681143755225,6.63842611947427
path,-10.286024791455336,6.634900808196321
path,-10.28522135537064,6.631352560711631
path,-10.284412105259674,6.627801142844046
path,-10.28360098432003,6.624247699518041
path,-10.282794182553387,6.620688232863505
path,-10.281991435745528,6.617050616410558
path,-10.281172059554835,6.613356838197962
path,-10.28034251353902,6.609658185306349
path,-10.279498387187576,6.605955992725175
path,-10.278663515328285,6.6022502027669665
path,-10.277817129272234,6.598483019152712
path,-10.276967926573793,6.594689297136269
path,-10.276110416131898,6.590905210553913
path,-10.27525666357202,6.587112854453316
path,-10.274394046805854,6.5833233013861845
path,-10.27355123671684,6.579456876503122
path,-10.272662474447687,6.57555065617781
path,-10.271775295916003,6.571627566417732
path,-10.270890338892624,6.5677063273174205
path,-10.270005386573692,6.563775662643885
path,-10.26916732333424,6.559739320892656
path,-10.268396809012573,6.55563515818695
path,-10.267684244626965,6.551481760383546
path,-10.266988958298821,6.547295006637274
path,-10.2663596536742,6.543058685086305
path,-10.265783100828095,6.538736787861357
path,-10.2652913698918,6.5343387615222275
path,-10.264885497873133,6.529873336902991
path,-10.26457391235542,6.52536357832902
path,-10.26427829339954,6.520857304587208
path,-10.263993291179826,6.516339412103758
path,-10.263616154610757,6.511825499383665
path,-10.26311056300571,6.50731519317172
path,-10.262559754017975,6.502784474134394
path,-10.261985862772633,6.498220939284977
path,-10.261425951499277,6.493605783931731
path,-10.260848302872372,6.488950968653804
path,-10.260250259086076,6.484270861917043
path,-10.259645330658566,6.479593691136277
path,-10.259056471923666,6.474917473282191
path,-10.258502371984589,6.4702107666530075
path,-10.257998185566654,6.4654711139797625
path,-10.257440497671649,6.460750026298057
path,-10.256882158328928,6.456029153064436
path,-10.256323363953566,6.451307427046336
path,-10.255791928873307,6.446542922362062
path,-10.255234329385361,6.4417489696905195
path,-10.254672679006392,6.436932335827523
path,-10.254105397928063,6.432096493943192
path,-10.253535783094591,6.427259946444499
path,-10.25299449511853,6.422371934969501
path,-10.25243729210267,6.4174554584058825
path,-10.251864990130528,6.4125129250853785
path,-10.251363045652468,6.407505544897259
path,-10.250802738050847,6.402539827986361
path,-10.250251220232403,6.397512954156921
path,-10.249712319366076,6.392476948334334
path,-10.249303505170515,6.387580288541967
path,-10.248974522800347,6.382866012049175
path,-10.248721607953348,6.378336519478687
path,-10.248583690950579,6.373924780200769
path,-10.248530073456756,6.369701979045935
path,-10.248593654974407,6.365677890792671
path,-10.248744195707658,6.361863914533076
path,-10.248972536380212,6.358251246627219
path,-10.249315859629803,6.3548116401762105
path,-10.249732986578257,6.351543358382373
path,-10.250160555120527,6.348336689304048
path,-10.250591093013993,6.3451799901210695
path,-10.251163529828208,6.341999061484561
path,-10.251666862727108,6.338796121177433
path,-10.25211974879468,6.335580493708429
path,-10.25253741481786,6.332325837018539
path,-10.252919217936116,6.329032891459808
path,-10.253267325819282,6.325694425489124
path,-10.253574560078745,6.322329518086371
path,-10.253850619726117,6.318940698844641
path,-10.254112006852957,6.315547510556242
path,-10.254372206074372,6.312133576567635
path,-10.254398769487924,6.308859526719177
path,-10.254377465548753,6.305627903713588
path,-10.254369542621312,6.30244446702434
path,-10.254448170288677,6.2992843087031085
path,-10.254478425135394,6.296148798716758
path,-10.254506145645989,6.293006523391043
path,-10.254539404725046,6.28984283180317
path,-10.254570572713702,6.286686388877484
path,-10.25459974212066,6.283503330438612
path,-10.254628032974836,6.280289484784049
path,-10.254615850973796,6.277037805941226
path,-10.254613054728162,6.273677815385737
path,-10.25456910284494,6.270236424097477
path,-10.254506645183302,6.266681062752304
path,-10.254403409450044,6.2630046807388595
path,-10.25421796138267,6.259210768408108
path,-10.25397087050772,6.25530788464975
path,-10.253690047408236,6.251320978047313
path,-10.2534030357701,6.247248279171453
path,-10.25309048587156,6.243127924841651
path,-10.252793283077091,6.238960358849179
path,-10.25251259595843,6.234742425464636
path,-10.252252048717576,6.230436260833887
path,-10.252008177819281,6.226067148311564
path,-10.251787921170108,6.221643792978317
path,-10.25157218894213,6.217183027749714
path,-10.25137873479523,6.212635914104147
path,-10.25119587379511,6.207998257510476
path,-10.25103596193082,6.203303857514664
path,-10.2508828340613,6.1985613607573145
path,-10.250740920261647,6.193765740594096
path,-10.250611881292857,6.188902956979188
path,-10.250465644452937,6.183995359882652
path,-10.250281944187108,6.179081058802893
path,-10.250057538521496,6.17418926507191
path,-10.249856687659506,6.16934120609439
path,-10.249627079992933,6.164332069497794
path,-10.24932635541044,6.159282387573175
path,-10.248953548544455,6.1542589857985375
path,-10.248509483678925,6.149255464615437
path,-10.248001914483087,6.144272874093027
path,-10.247543591483673,6.13896306205602
path,-10.247029515579346,6.133465308587684
path,-10.246444947400773,6.127986641129648
path,-10.245854722759415,6.1225094900372214
path,-10.24524363515515,6.1170314691503584
path,-10.244676551815767,6.111233065781601
path,-10.244042634309093,6.105289815278064
path,-10.243345599280806,6.099365739191062
path,-10.242639333712923,6.093439635615278
path,-10.241936143154945,6.0875297577401675
path,-10.241384544900045,6.081223326594851
path,-10.240794465335066,6.074606810006767
path,-10.240108894669293,6.067921477447699
path,-10.239366310979177,6.06134595848409
path,-10.238640799550996,6.054815350582678
path,-10.23790293206604,6.04828001835417
path,-10.237152102893386,6.041739162347187
path,-10.236381263414433,6.035195497223903
path,-10.235594432834775,6.028644099689146
path,-10.234797185234289,6.022088194044907
path,-10.233926094853823,6.015849305657359
path,-10.232997123235283,6.009834322851195
path,-10.232112513283925,6.003926237303558
path,-10.23137319357835,5.998161292025906
path,-10.230664490054618,5.992384029599918
path,-10.230218071800612,5.986753428900866
path,-10.229785168166096,5.981431248363154
path,-10.229238684549983,5.97638776705377
path,-10.22856050255652,5.971559070979798
path,-10.228003371053278,5.966879339902997
path,-10.22771161918322,5.962384104343216
path,-10.227334008190562,5.95804680732958
path,-10.22687554978831,5.9538889709357115
path,-10.22633439326913,5.949908180626447
path,-10.22571328630241,5.946102417856039
path,-10.224971325711135,5.942435403050784
path,-10.22414282419961,5.938914273454298
path,-10.223280881373375,5.9354828808106905
path,-10.222431109502942,5.932087670685761
path,-10.221588695873468,5.928727856623228
path,-10.220865995446289,5.925316359830542
path,-10.2203605134156,5.9219393148922705
path,-10.219841923994919,5.918593809557839
path,-10.219357645314496,5.915284696710018
path,-10.218868433541907,5.912005251907615
path,-10.218327126707603,5.908771578241651
path,-10.217791117967275,5.905579870809042
path,-10.217278363471708,5.9024231508730685
path,-10.216793439990182,5.899306495443562
path,-10.216332791642728,5.89622861193247
path,-10.215902944447118,5.893127012268222
path,-10.215465006401567,5.890007898430415
path,-10.215025464817545,5.886891031073342
path,-10.21457479511779,5.883765651333744
path,-10.214114042659554,5.880627298463107
path,-10.213670089858457,5.877448996924984
path,-10.21323727416827,5.874261851202563
path,-10.212824728065588,5.871073179259961
path,-10.212425066578358,5.867884411510011
path,-10.211981960481122,5.864688052051166
path,-10.211616631946063,5.861429778245604
path,-10.211228266669885,5.858221817325311
path,-10.21086157197384,5.854990625040704
path,-10.210468808989573,5.851748001419535
path,-10.210043844056585,5.8484910759855815
path,-10.209661691959356,5.845139510482397
path,-10.209256525934885,5.841763583945543
path,-10.208852687634366,5.838349134536426
path,-10.208424214538423,5.834909528850535
path,-10.207990816566221,5.831433497558777
path,-10.207537949585756,5.827908734615061
path,-10.207063901849617,5.824351827433028
path,-10.20657204749932,5.820755994887854
path,-10.206039945065125,5.81713379186785
path,-10.20547641999696,5.8134793429763
path,-10.204957634088354,5.809703721572174
path,-10.204413622748856,5.805892239453635
path,-10.203882638868773,5.80203183858718
path,-10.20331869008714,5.79814070818102
path,-10.202742085770494,5.794209966693608
path,-10.202151704061574,5.790217630907972
path,-10.201521455812035,5.7861987363735485
path,-10.200878907000604,5.782142990533237
path,-10.200191799678146,5.778052218228617
path,-10.199382830537797,5.773898386625179
path,-10.198534736169265,5.76961541620744
path,-10.197620294176755,5.765272953589618
path,-10.196650702885412,5.7608691990945715
path,-10.195633632003803,5.756395990717108
path,-10.194549565009945,5.751858318632712
path,-10.193521516263807,5.747129950867964
path,-10.192407945718061,5.742368606201697
path,-10.191221550828717,5.7375828985985455
path,-10.18997876587959,5.7327403217974195
path,-10.18869436923387,5.727845640037235
path,-10.18745776749354,5.722781878465949
path,-10.186183245048857,5.71765663934362
path,-10.184867941141048,5.7124832300051755
path,-10.183500707661462,5.707256373796144
path,-10.182081401794044,5.701973128816556
path,-10.180805862795657,5.696279129354922
path,-10.17954746650909,5.6904135560465665
path,-10.178243607438697,5.684499444895738
path,-10.176895698286945,5.678540043459508
path,-10.175483605956021,5.672518025085579
path,-10.17421327134699,5.666104639890059
path,-10.172900540953748,5.659583407597064
path,-10.171536674000285,5.653025543145786
path,-10.170104502671688,5.646414601444221
path,-10.16861968978146,5.639753139871025
path,-10.167146839557937,5.632890274082931
path,-10.16561463963822,5.625957420229099
path,-10.16403010325631,5.618976350997756
path,-10.16238794946632,5.611950994696071
path,-10.160997857785647,5.604830849634376
path,-10.160446729514069,5.596607923516065
path,-10.160712925907717,5.587670556101864
path,-10.161797882846846,5.578016289931975
path,-10.163463640397884,5.568018475679861
path,-10.165370753375475,5.5581672970855855
path,-10.16751198224052,5.548468925541192
path,-10.169730921082719,5.538838238627979
path,-10.171735937127512,5.528754034355646
path,-10.173694206413888,5.518186945360278
path,-10.17576565472734,5.5077007461751775
path,-10.17773373815318,5.497441532161886
path,-10.179587626700311,5.487428237133156
path,-10.181316415649336,5.477648905417041
path,-10.182983110761787,5.4680836570965665
path,-10.184797059058011,5.45867770269788
path,-10.186936268368786,5.449193086181509
path,-10.189302700256704,5.439466873005618
path,-10.191782764656836,5.429480525110078
path,-10.194310266262047,5.419334611271285
path,-10.196845554532175,5.409189880094089
path,-10.199294405364089,5.399170246918588
path,-10.201758938538655,5.3890967517401736
path,-10.204200807845696,5.379004695283186
path,-10.206615800385391,5.368904754033949
path,-10.209002381184519,5.358797648176382
path,-10.211353195526305,5.349197370026844
path,-10.21346699198375,5.34035231796729
path,-10.2150610614929,5.3322935846973385
path,-10.216235896359427,5.324952650280354
path,-10.217352951891593,5.317939692291229
path,-10.218481039865058,5.311520344693587
path,-10.219370404845725,5.305805348010437
path,-10.220267721404207,5.300375261828591
path,-10.221182406726287,5.295160456437934
path,-10.222092404483334,5.290164735834165
path,-10.22294137144092,5.285452240962835
path,-10.223738138092495,5.2809624203072305
path,-10.224530216077648,5.276658281394531
path,-10.225388770132396,5.272448981050615
path,-10.226321707589292,5.268288580614613
path,-10.227236575914958,5.263446760776769
path,-10.228455293367418,5.257589653824851
path,-10.229839675981077,5.251359354944794
path,-10.231113170966982,5.245212741028274
path,-10.232351108069432,5.23909619054377
path,-10.233471612098066,5.233261225178002
path,-10.234516947269727,5.227693852585472
path,-10.235601506979469,5.222220451557517
path,-10.236680609504138,5.2167504700449525
path,-10.23775257546808,5.211283569963333
path,-10.238652314150814,5.206148648009789
path,-10.239451146608738,5.201312841842605
path,-10.240324595370542,5.196650912589204
path,-10.241213550689375,5.192012014123911
path,-10.24209735634773,5.187375471583269
path,-10.242876609631868,5.182989033861474
path,-10.243626490510634,5.178838580148567
path,-10.24439807523106,5.174726854767985
path,-10.245165493258021,5.170617168883404
path,-10.245928871722697,5.166509501085601
path,-10.246694258896815,5.162370943969751
path,-10.24739630383161,5.158294804239606
path,-10.24798848890444,5.154453518874577
path,-10.248647811686023,5.150699942395152
path,-10.249310780645144,5.146966334139997
path,-10.249868938919786,5.143355747624387
path,-10.25046796018367,5.13986431243007
path,-10.251074431974216,5.136395734157602
path,-10.251676396687344,5.132930505772554
path,-10.252273861131773,5.129468649793166
path,-10.252807472592528,5.126114597710983
path,-10.253359462497949,5.122837306704933
path,-10.253912525404836,5.119569717718155
path,-10.254461587418623,5.116305345307221
path,-10.255006654842065,5.1130441951384125
path,-10.25549406392605,5.109893194100931
path,-10.255995715631023,5.1068141817316794
path,-10.256499543489467,5.103743847234687
path,-10.256999831227995,5.100676437979574
path,-10.2574965843285,5.097611958724563
path,-10.257937883370253,5.0946396501909055
path,-10.258403665117866,5.0917275332892045
path,-10.25886652332642,5.088820641673476
path,-10.259326204887724,5.085916438866634
path,-10.259699697389927,5.082945237105039
path,-10.259979537183222,5.079188342949836
path,-10.260154203778974,5.0744683546103495
path,-10.260184384537995,5.069430602591461
path,-10.260124573150096,5.064169533233465
path,-10.259972922307224,5.058684489783658
path,-10.259728048514987,5.052973985110145
path,-10.259444356180474,5.047060769494356
path,-10.259209481993343,5.040985733029862
path,-10.259024878550598,5.034751855622954
path,-10.258849587070587,5.028444471776201
path,-10.258828814637509,5.022564334064387
path,-10.258736912549065,5.017031829337828
path,-10.258507274075685,5.011789621021984
path,-10.258158782833119,5.006561293575049
path,-10.257755124980717,5.001310625164791
path,-10.257399266162555,4.996344733544083
path,-10.257015198700449,4.991634563279775
path,-10.256660181605689,4.986980530386008
path,-10.256304671848637,4.982319977697996
path,-10.255947804848057,4.977654455661847
path,-10.255538835494686,4.973104583498651
path,-10.255151985968844,4.968700225996234
path,-10.254825223703277,4.964347068478921
path,-10.254586439405614,4.959882081394838
path,-10.254379347446775,4.955356008171626
path,-10.254092749581066,4.950294600573512
path,-10.253649961309842,4.944818032029681
path,-10.253277805754193,4.939196013988819
path,-10.252977465390224,4.9334376308582435
path,-10.252689219169978,4.927649570071113
path,-10.252328590358324,4.92147876372748
path,-10.251918649801732,4.915045875175668
path,-10.25162595570435,4.908472245171346
path,-10.251412267678884,4.9017673825806085
path,-10.25120294846487,4.89504478985315
path,-10.250911745024773,4.888775378712444
path,-10.250391652065726,4.882927114658505
path,-10.249897613454218,4.8773210243332965
path,-10.249478272682753,4.871827890648154
path,-10.24904783526444,4.866336896600212
path,-10.248641107092093,4.861197464751646
path,-10.248201766471334,4.8560953240288045
path,-10.24791150636748,4.850886227677205
path,-10.247631781497146,4.845675419857243
path,-10.247342102576413,4.840503741025762
path,-10.247181960044392,4.835657157305196
path,-10.247090288570002,4.831010362163107
path,-10.247114891519697,4.826492282687997
path,-10.247287415083115,4.822068540349864
path,-10.24754011077361,4.817699568376552
path,-10.247846148294139,4.813752307922683
path,-10.24800513713494,4.810215743201354
path,-10.248070400106474,4.806930076172314
path,-10.248204365268974,4.803775945913528
path,-10.248361930742679,4.8006451328447115
path,-10.248488112710085,4.797624676608942
path,-10.248631348053584,4.794653800989153
path,-10.24877147688963,4.791682277714469
path,-10.248908509227972,4.788710112166228
path,-10.249042457890075,4.785737312326274
path,-10.2491617739788,4.782826860152482
path,-10.24928546238466,4.779939375037717
path,-10.249405752544188,4.777054877744037
path,-10.249522395745183,4.77416893146795
path,-10.249635254113812,4.7712837218434485
path,-10.249732515998026,4.768469112440868
path,-10.249832809865818,4.765680169990098
path,-10.249926550999387,4.762892097816755
path,-10.250007058512521,4.760097643081279
path,-10.250062390008095,4.757291903726987
path,-10.250099838379505,4.754529994050859
path,-10.250154220292087,4.751798242725457
path,-10.250241419606077,4.749084318290552
path,-10.250341090186616,4.746385604158952
path,-10.250382802769693,4.743626219166081
path,-10.25038506845683,4.740619291934141
path,-10.2503504948632,4.737416408917451
path,-10.250287478318322,4.734122960809874
path,-10.250203184653081,4.7308232414879265
path,-10.250103505200569,4.727520445774081
path,-10.249984149299996,4.72431131112541
path,-10.24986147489238,4.7211141609370335
path,-10.249725975251605,4.717915215088782
path,-10.249577607777576,4.714714494857668
path,-10.249416326817439,4.7115120273226605
path,-10.249238837974158,4.708404286877959
path,-10.249057697236353,4.705306082954195
path,-10.248865829677364,4.702205511167873
path,-10.248661613137465,4.699113911820088
path,-10.248446195465785,4.696046323885074
path,-10.248223232979047,4.693061218422428
path,-10.247990390651838,4.690081054465803
path,-10.24774596378778,4.6871000320158585
path,-10.247489862787113,4.684118164675328
path,-10.247258423629807,4.681135950411988
path,-10.247158119520401,4.677986896588695
path,-10.247142513506533,4.674600189459504
path,-10.247124736920744,4.671197893904212
path,-10.247103063068634,4.6677977151281125
path,-10.247077947069231,4.664399601487558
path,-10.247020307095882,4.661096970756018
path,-10.246982227110065,4.657818600199751
path,-10.246947557410776,4.654545666554882
path,-10.246940218432412,4.651219070196612
path,-10.24686868974069,4.647866711866135
path,-10.246696742366872,4.644584615448103
path,-10.246513448217549,4.6413124031055935
path,-10.246326875916635,4.638040720496737
path,-10.246137020778775,4.634769550220638
path,-10.245944347198657,4.631499056953378
path,-10.24573953250432,4.62831475069824
path,-10.245530646630955,4.625138067800745
path,-10.245308486196043,4.621957983528878
path,-10.245073087367382,4.6187745096085955
path,-10.244824483803875,4.6155876581009725
path,-10.244560236103665,4.612522069815299
path,-10.244298711569916,4.6094757305185325
path,-10.244025214526667,4.606426913224328
path,-10.243738662796195,4.603394101568349
path,-10.243429300501106,4.6003811357257005
path,-10.243097114850864,4.597100032221127
path,-10.242725485548164,4.593512948121251
path,-10.242439029917863,4.589950324532702
path,-10.242195471098768,4.586461820828796
path,-10.241956059429707,4.5830357041512775
path,-10.24164561612249,4.579689829040138
path,-10.241303446522858,4.576360676930891
path,-10.240950962346066,4.573030150980749
path,-10.240606770353128,4.569707651522969
path,-10.240271881958082,4.566393667654128
path,-10.23995300352273,4.563178515796535
path,-10.239653015511722,4.560020509442661
path,-10.239367550802756,4.556875115787217
path,-10.239103283208825,4.553743608302718
path,-10.238883103298202,4.55063454422479
path,-10.238692147839354,4.547599078873276
path,-10.238495525350254,4.544591109462574
path,-10.23830380428009,4.541587841819512
path,-10.238123772604848,4.53858982106508
path,-10.237958391059786,4.535601563761338
path,-10.237748945957213,4.532683616928796
path,-10.23753012310492,4.529805432026953
path,-10.237333174939582,4.526940375672823
path,-10.237156949808993,4.524086337614023
path,-10.237005868613293,4.521245519324293
path,-10.23683530063719,4.518038558668406
path,-10.236753511795909,4.514255803804727
path,-10.236713633602928,4.510193809334982
path,-10.236667668803307,4.506134671109546
path,-10.23660825862883,4.502071826799278
path,-10.236509043180856,4.498068451259082
path,-10.236421885453511,4.494104535886866
path,-10.236325320174839,4.490144229175039
path,-10.236216148249376,4.4861805729562825
path,-10.23609456476212,4.482213657769267
path,-10.23589606518296,4.478357651585559
path,-10.235690262829433,4.474592049843385
path,-10.235526397570865,4.470857298144009
path,-10.235368525152857,4.4671368739258615
path,-10.235200975566302,4.463414928786096
path,-10.234971968554056,4.459797904648235
path,-10.234750318294886,4.456260867386784
path,-10.234563197785443,4.4527557970115
path,-10.234370747523853,4.449254639600381
path,-10.234170156363133,4.445751691452131
path,-10.23391275947997,4.442245537150518
path,-10.23361228431548,4.438701423794621
path,-10.23326977287184,4.435137906243395
path,-10.23288428794665,4.431554467861565
path,-10.232461367907407,4.42794856844445
path,-10.231929527304189,4.424452179192607
path,-10.231348737172206,4.420967405051117
path,-10.230737202475611,4.417463898466682
path,-10.230106930236074,4.413947858222854
path,-10.22946867527139,4.410424406825763
path,-10.22887103291443,4.407024692243441
path,-10.228270300373369,4.40362460519679
path,-10.22766157126195,4.400219289374557
path,-10.227049926714505,4.3968064552206005
path,-10.226421883637475,4.393383509864142
path,-10.22578744292987,4.390037966077916
path,-10.225146904688739,4.386689829124724
path,-10.22450325025119,4.383340732276281
path,-10.223856973996375,4.379992082404921
path,-10.223208077208069,4.376643880841457
path,-10.222581546458615,4.373391754060774
path,-10.221947171538963,4.370143293816875
path,-10.221310308611136,4.366895299534418
path,-10.220670961700064,4.363647767137353
path,-10.220029134486253,4.360400693010796
path,-10.219497785050349,4.356872129944621
path,-10.219008132644849,4.3529625918223545
path,-10.218453186655402,4.348875881726437
path,-10.217775620226556,4.344720160308265
path,-10.21697422569597,4.340494585981244
path,-10.216147854130684,4.336389380771926
path,-10.2153086428763,4.332292755591139
path,-10.214465514482914,4.328196833616515
path,-10.213618472470799,4.3241016121346485
path,-10.212767517406395,4.320007093861771
path,-10.21196206955056,4.316089328584998
path,-10.211145437387577,4.31219260441544
path,-10.21032521211626,4.308296610940475
path,-10.20950140079676,4.3044013389345555
path,-10.208674009845705,4.300506780286412
path,-10.20789651768575,4.296815137462812
path,-10.207110170503809,4.293145201709855
path,-10.206318040206389,4.289487396251996
path,-10.205445887107997,4.286006646787366
path,-10.204497944679696,4.282695364710841
path,-10.20355670728206,4.279478069266307
path,-10.202631298781352,4.276287695626652
path,-10.201703555491397,4.27309769960797
path,-10.20077346146455,4.269908080707408
path,-10.199841015157602,4.266718841217439
path,-10.199060509282395,4.262950308129374
path,-10.198160783698937,4.258580584054042
path,-10.197114571561318,4.25415025861296
path,-10.195922589270422,4.249711781105538
path,-10.194610468638786,4.245266574787161
path,-10.193252326328409,4.24070367679803
path,-10.191883561264987,4.236137355982531
path,-10.190509835489776,4.2315718475240125
path,-10.189131168492558,4.227007154394773
path,-10.187784995067892,4.222426952481455
path,-10.186767027819911,4.217765189866689
path,-10.185956753215576,4.213106200985711
path,-10.18518632668376,4.208529722893363
path,-10.18445513925184,4.204034756714293
path,-10.183762098329142,4.1996205409741725
path,-10.1830462608746,4.1953140073187924
path,-10.18235719722918,4.191088193430646
path,-10.181703663037604,4.186936102993805
path,-10.181076114042344,4.182835243979335
path,-10.180444496865514,4.178735169990096
path,-10.179765380226295,4.17470692889949
path,-10.179112976494713,4.170755725965143
path,-10.17849434048577,4.166873372562782
path,-10.177881902896058,4.163009164431224
path,-10.177266868718059,4.159142594013335
path,-10.176688764800659,4.154665580550141
path,-10.176082195677202,4.149108361390479
path,-10.175126206962881,4.142845049774995
path,-10.174116505455652,4.136467790864773
path,-10.173078163970281,4.130026727430134
path,-10.172054130919422,4.122982839747007
path,-10.170816491970637,4.115075381766052
path,-10.1694900004301,4.106981262559169
path,-10.168132645161288,4.098800238760275
path,-10.166749084759973,4.090591792251509
path,-10.165069947750075,4.082573309077892
path,-10.163341010381192,4.074721909165898
path,-10.161636442636183,4.0669978245363385
path,-10.159956187830948,4.059381336353778
path,-10.15830262882797,4.051863765810419
path,-10.15662988778851,4.044864810098863
path,-10.15496746260364,4.038138512516338
path,-10.153346644277137,4.031517425076872
path,-10.151770910062243,4.024993598296275
path,-10.150226892492258,4.018558923662565
path,-10.148708876641404,4.012181951792686
path,-10.1471990263287,4.005874297822028
path,-10.145701036484148,3.999623131305895
path,-10.144224399558734,3.9933975042072656
path,-10.142773950887836,3.9871863874381805
path,-10.141206935945611,3.9805151382921293
path,-10.13944705538752,3.9729175074578182
path,-10.137643133161381,3.9645116909964115
path,-10.135830837321569,3.955628520961231
path,-10.133916464075881,3.946459584712102
path,-10.13189120840153,3.9367490398543366
path,-10.129936387302982,3.9261588098697255
path,-10.127991166167202,3.9149713392894925
path,-10.126021536872468,3.903590684051459
path,-10.123972156463811,3.892072296961395
path,-10.121891187384055,3.880432843333758
path,-10.119762574802458,3.868674656307199
path,-10.11760270265356,3.856857995344228
path,-10.115418501666419,3.845046636782018
path,-10.113196343335803,3.833257554674153
path,-10.11082037678836,3.822102443131055
path,-10.1082547909549,3.811463125182735
path,-10.105746977968405,3.8008406307239575
path,-10.103110895416473,3.7904151061501543
path,-10.100495741779028,3.7800833174629185
path,-10.097910430436135,3.770230305429277
path,-10.095437722173747,3.7610679166044134
path,-10.092975083645234,3.7520346517963334
path,-10.090577378577,3.7430242756248036
path,-10.088248551413677,3.734038192585307
path,-10.085959892500712,3.7256115375952996
path,-10.083772471714617,3.717809601919386
path,-10.081618992415734,3.710152082775417
path,-10.079536841721346,3.7025167812549413
path,-10.077510255436554,3.694917702023052
path,-10.07548134267088,3.6878625544252164
path,-10.073526845961268,3.6810133412638164
path,-10.071630297253035,3.674204629114498
path,-10.069783988796416,3.66743989196737
path,-10.068023845384719,3.6606801778364906
path,-10.066258795719415,3.654127248198044
path,-10.064505286644918,3.64765683332872
path,-10.062787824424586,3.6412270070917474
path,-10.061104586764774,3.634832924883483
path,-10.059461477309645,3.628470570499924
path,-10.057656026501743,3.6217864055505573
path,-10.055511099379334,3.61436099675014
path,-10.053216761164542,3.6062343452070054
path,-10.05089471014556,3.5978852758711937
path,-10.048613859413912,3.589402925325377
path,-10.046112241756983,3.580487974495993
path,-10.04344002799443,3.5707433304483414
path,-10.04059778243349,3.5602044477013
path,-10.037833226453165,3.549340900902957
path,-10.035248536686066,3.538678314169659
path,-10.032317920226888,3.528037453879971
path,-10.029246564422294,3.5171630321013345
path,-10.026120385882624,3.506153992920297
path,-10.023150608044466,3.49522331799183
path,-10.019758436260837,3.4852155235547135
path,-10.016258311945979,3.4755591047078043
path,-10.012930741562595,3.4659904928859944
path,-10.009378543171499,3.4562987228627966
path,-10.005771650732012,3.446572008649579
path,-10.002149887522187,3.43682294058242
path,-9.99851265793709,3.427044680419134
path,-9.994800395414638,3.417210938490883
path,-9.990895922759936,3.407300454884807
path,-9.986865747844547,3.397402575262673
path,-9.982911189375379,3.387551189649994
path,-9.979086576686825,3.3777159277649336
path,-9.975277053177182,3.3678373672046136
path,-9.971287194911246,3.3578668190775245
path,-9.967172012268746,3.3479442050937047
path,-9.963190445370579,3.3380637916710616
path,-9.95931490795253,3.3281585658405644
path,-9.95537828255186,3.3181835778050766
path,-9.951360295362361,3.3081211717185175
path,-9.947212004115757,3.2981282563591456
path,-9.94307822974394,3.288241606549315
path,-9.93905795167937,3.278380563601458
path,-9.935097667289947,3.2685014214643626
path,-9.931128341864088,3.258653673490665
path,-9.927129011048939,3.2487698391639914
path,-9.923103606240113,3.2388491391963243
path,-9.919085078263846,3.229062504853361
path,-9.91509905671369,3.21935334223613
path,-9.911065625740369,3.2097343948579575
path,-9.907212039898658,3.200182749887393
path,-9.903639905881844,3.1907495782150437
path,-9.899914828492825,3.1812359039605003
path,-9.895787525019745,3.1712368290931723
path,-9.891818950442412,3.1611138107479944
path,-9.887964324534845,3.151153291839581
path,-9.884229135692737,3.141357778286492
path,-9.88003234964058,3.131262650793033
path,-9.875930260270517,3.1208591484932326
path,-9.871984276569611,3.110503808346872
path,-9.868165310846665,3.1003699345164604
path,-9.864457003687395,3.0905522760091637
path,-9.860465368428372,3.080254568410695
path,-9.856339823528947,3.069924377756522
path,-9.852277440254477,3.0597550216237748
path,-9.848245828762282,3.0498031074354923
path,-9.844236121040597,3.0400202383790194
path,-9.840816257428013,3.0310235949987328
path,-9.837959505740592,3.0227608737859297
path,-9.835232524100766,3.0147779580998626
path,-9.83251181000483,3.0070166826978775
path,-9.829799915993904,2.999478754476214
path,-9.82756741055488,2.99284927774018
path,-9.825862606541937,2.9869632575640366
path,-9.824328874686662,2.981420723463508
path,-9.822800736644236,2.976114269769065
path,-9.821278398390614,2.9710553919210607
path,-9.81978510765681,2.9662447323403818
path,-9.818346914785735,2.9621516439768425
path,-9.816919512477492,2.95842702836087
path,-9.81564495979698,2.95526189251761
path,-9.814329922784705,2.952475051868057
path,-9.813089181086493,2.949827762625711
path,-9.811995094642832,2.947153245220061
path,-9.810978668973592,2.944579243187317
path,-9.809959287179204,2.942253029216944
path,-9.809030779721667,2.9400847875373586
path,-9.808161440016686,2.937544827677077
path,-9.807133814057472,2.9345256545419716
path,-9.806037682942389,2.9315923810550504
path,-9.804853727918964,2.9286703967122714
path,-9.803165341010367,2.92494912679644
path,-9.80048793916529,2.919490546574748
path,-9.797339707303086,2.9130811589595242
path,-9.79468442813313,2.9054352519695152
path,-9.792147432557,2.897138402976669
path,-9.789394661478092,2.888406253733104
path,-9.786582391552512,2.879098313711433
path,-9.783645068393476,2.8696661101359613
path,-9.780677187382876,2.860225718612843
path,-9.777696116336893,2.8507749404221063
path,-9.774571644187748,2.841179559129925
path,-9.77125622924608,2.831550351872742
path,-9.767700590354673,2.8216711589219456
path,-9.76401423532219,2.8118088538057533
path,-9.76022580283844,2.8019945593826376
path,-9.756311735177981,2.792218310871142
path,-9.752495785758008,2.78281220826716
path,-9.748653696447558,2.773672805767376
path,-9.744749185656344,2.7644042488233227
path,-9.740834646580739,2.7551621275285676
path,-9.73690501038528,2.7459497985194252
path,-9.733302045933096,2.7373908518265053
path,-9.730408459762643,2.729738341267267
path,-9.727814040567475,2.722272625418641
path,-9.725286438675024,2.7150030910702334
path,-9.722757477803704,2.707845635390605
path,-9.720101380557544,2.7006572825630517
path,-9.717399540660722,2.6934642420219115
path,-9.714706201003544,2.686311889389997
path,-9.712007738758556,2.6792327662376767
path,-9.709301264416919,2.6722256448744757
path,-9.706444454721696,2.665197079016095
path,-9.703711219319137,2.6584045264648903
path,-9.701140171223454,2.6518880912305236
path,-9.698716334847573,2.645646446119375
path,-9.696326064397063,2.6395632234807516
path,-9.69358501170826,2.6331052064076035
path,-9.690454378867802,2.6262369649941144
path,-9.687067011003194,2.6191551521504026
path,-9.68353593933062,2.6118761069775314
path,-9.680022641411613,2.6045941526426057
path,-9.676449529277676,2.5970389953026745
path,-9.67257263003217,2.5892715480338646
path,-9.668619296569437,2.5815200180907216
path,-9.664678559466052,2.573771023528806
path,-9.660758191839381,2.566020038914117
path,-9.656763666468537,2.5580352855791446
path,-9.652735906122592,2.549976715092486
path,-9.648740264490641,2.541893814769286
path,-9.644731896259419,2.533697028032574
path,-9.64063312906242,2.5253611238589477
path,-9.636364397606684,2.5167991344665643
path,-9.632101672195278,2.507722756339989
path,-9.627804273210943,2.4984922749246983
path,-9.623504806236959,2.489248835232379
path,-9.619235583684793,2.4799863930607566
path,-9.61487203389138,2.470347997610136
path,-9.610307341744416,2.4600675080843133
path,-9.605791494468967,2.4493978126256724
path,-9.601301186840765,2.4387557607332977
path,-9.596823062579057,2.428278845473075
path,-9.59221109614115,2.4177755200149544
path,-9.587433433422436,2.4072819320528867
path,-9.582673022497652,2.3968001898530447
path,-9.57794192620708,2.3863071489842067
path,-9.573342684033026,2.375661362338212
path,-9.568771269988378,2.364569202135725
path,-9.56412496905814,2.353060070512142
path,-9.55931528040362,2.3414500637815445
path,-9.554544458212256,2.3298251251301076
path,-9.549816214966992,2.3181826216343997
path,-9.545130645540318,2.3065226719667447
path,-9.54048784523857,2.2948453978698247
path,-9.535887909624028,2.2831509238035403
path,-9.531330946043212,2.2714393894398848
path,-9.526817028307315,2.2597109001816547
path,-9.522331133796833,2.24796615999635
path,-9.517884576417808,2.2362048466913604
path,-9.51348570764128,2.2244389915101106
path,-9.509190599593378,2.212763915222117
path,-9.504965718410327,2.2011150918973197
path,-9.500783218017657,2.1894448769006325
path,-9.49664009341663,2.1777491613635322
path,-9.492549607191911,2.1660254641915824
path,-9.4885113945084,2.1542686853132085
path,-9.484590584339898,2.142475479174461
path,-9.480723921409096,2.130660471493896
path,-9.476964331182058,2.1187955780811447
path,-9.47329757256363,2.1068941064560214
path,-9.469606672711697,2.0950049729835074
path,-9.465844896435133,2.0832158880988754
path,-9.46233138294578,2.0715146820286727
path,-9.458857933309632,2.0600428154766366
path,-9.455217097972644,2.0490706484685393
path,-9.451289398986988,2.0383858662658043
path,-9.447091360498797,2.0279422289609865
path,-9.44341420507252,2.017442985932981
path,-9.440124244101286,2.006632511280551
path,-9.436929144403978,1.9957107704220793
path,-9.433714159634937,1.9848760309631823
path,-9.430897691110108,1.9744533616424869
path,-9.428397915820476,1.9645775153354792
path,-9.426158133618184,1.9552125611705409
path,-9.424213056938767,1.9459886999017133
path,-9.422565562903543,1.9368731516436706
path,-9.421197673979266,1.9278463757905986
path,-9.420076112429014,1.9189118560809968
path,-9.419209685171369,1.910046763087247
path,-9.418597276460485,1.901249267035032
path,-9.418237310333476,1.8925166857166125
path,-9.41812846506525,1.8838457639150619
path,-9.418239218715893,1.8753073773883242
path,-9.418569733503066,1.8669732651333297
path,-9.419050175651261,1.8589245335763012
path,-9.419569527678078,1.8511890195821483
path,-9.420332125804926,1.8436648732260528
path,-9.421373787766024,1.8357524417895559
path,-9.422573957906891,1.827869795728649
path,-9.4238492844603,1.8202573861875826
path,-9.424968223031373,1.8127161236588143
path,-9.425927402282909,1.805216775395063
path,-9.427096686570938,1.7971130752745303
path,-9.42841644843381,1.7889951055669417
path,-9.429647228317927,1.781040415808147
path,-9.430730291846343,1.7731520899978743
path,-9.431720204115935,1.7653845171370097
path,-9.43282481390573,1.7580051207080645
path,-9.434014964863817,1.750994043431162
path,-9.435276630609373,1.7443726388949208
path,-9.436489908000604,1.737974153551781
path,-9.437569826706008,1.7317052518215603
path,-9.438245293239827,1.7250086772542994
path,-9.438682687248438,1.7182569538684245
path,-9.439006793033995,1.7115804512189352
path,-9.439209067486361,1.7049690033213536
path,-9.439291011591957,1.6984207211423132
path,-9.439383985477418,1.6920480126973463
path,-9.439737605437843,1.6855829895958452
path,-9.440169194248197,1.6787453759145416
path,-9.440593071960466,1.6724772925641813
path,-9.441065157651549,1.6666979559993418
path,-9.440622478892061,1.6603190159775592
path,-9.439846426317942,1.6538862697363077
path,-9.43894375833896,1.6473631349606062
path,-9.438006543705479,1.6407552837227448
path,-9.437030347695002,1.634076612726556
path,-9.43609403094414,1.6279041050151077
path,-9.434893491238656,1.6221244933817824
path,-9.433567521909838,1.6164414649917178
path,-9.432024344912326,1.6104172051731231
path,-9.430262787787196,1.6043790865651708
path,-9.428284561643038,1.598262437309912
path,-9.426197261016608,1.5912399993967474
path,-9.424128463407156,1.5836131812424927
path,-9.422472749318604,1.5755095560939008
path,-9.420898512097018,1.5668940671714615
path,-9.41919886275562,1.5576319181242637
path,-9.417262133136674,1.547479832045139
path,-9.415219510301233,1.5366606675428327
path,-9.413231901276278,1.5252885937743326
path,-9.41132940972196,1.5133983976637424
path,-9.409529541527121,1.501050549503929
path,-9.407639406740149,1.4884346771877892
path,-9.405613579054501,1.4757107210122133
path,-9.403458041112566,1.4629207387110386
path,-9.401179845747773,1.4500729319976438
path,-9.398877366391922,1.4378978290747497
path,-9.396697288966198,1.4268575971215585
path,-9.394627772031587,1.4164504543576637
path,-9.392531413157391,1.406484264163523
path,-9.390308543048627,1.3966553292365724
path,-9.387773649302215,1.386460213338684
path,-9.384906219595443,1.375777159965166
path,-9.381675819685967,1.364673995447398
path,-9.378229277037327,1.3534392548338616
path,-9.374655992181467,1.3422677547399184
path,-9.37137637401542,1.331686490141295
path,-9.368453583024047,1.3218491909316896
path,-9.365481270209553,1.3124136781066749
path,-9.362454575464925,1.303327978906556
path,-9.35931644209276,1.2944311781385738
path,-9.356324222950926,1.285962836460895
path,-9.353381245151466,1.2780064706770549
path,-9.35041248527954,1.2705349515847462
path,-9.347383690291307,1.2634321234979118
path,-9.344214094280725,1.2564094781309825
path,-9.340948262972969,1.249727466951159
path,-9.3376850213759,1.243402850469846
path,-9.334350525167068,1.2371707958456026
path,-9.330968391320665,1.230979344399732
path,-9.32753682417894,1.2248287462447363
path,-9.324283142356721,1.2181997785928242
path,-9.321550179989744,1.2101417943385395
path,-9.319010141827182,1.2015556083326204
path,-9.316629505776195,1.1927982911048371
path,-9.314402331713147,1.1838387066001688
path,-9.312343349345156,1.1741739864604035
path,-9.31004742662438,1.164031665223513
path,-9.30747655518145,1.1534650656046914
path,-9.304645740596422,1.1424828312027417
path,-9.301873215984275,1.1312691117949212
path,-9.29899409975967,1.1197607048795222
path,-9.295853796563506,1.1079134805083886
path,-9.292512757411897,1.0959774131775453
path,-9.289005308182812,1.0840827648224145
path,-9.28533003749015,1.0722312348763778
path,-9.28183949447635,1.0604494853539834
path,-9.278366337662051,1.0485788725798955
path,-9.27472609342799,1.0367401518455455
path,-9.270910940332996,1.0249445566136928
path,-9.266927724650028,1.0131922633512798
path,-9.263204860812925,1.0014837476655507
path,-9.259531510147808,0.9896952205230525
path,-9.255685611124946,0.9779389094759641
path,-9.251667334629994,0.9662257407686455
path,-9.24750754469287,0.9545520800474314
path,-9.243357549736482,0.9429534466087471
path,-9.239291942822282,0.9315156787058202
path,-9.235323478747585,0.9203122415583753
path,-9.231476547940305,0.9092763392713856
path,-9.227668073162086,0.8983300863310401
path,-9.224018172919758,0.8879667888702767
path,-9.220703236746893,0.878371448646534
path,-9.217411378181406,0.869116454178152
path,-9.214229157744896,0.860022240396671
path,-9.211169487664147,0.8511028499171558
path,-9.208177871551708,0.8426929010497936
path,-9.20517766047925,0.8346118238215554
path,-9.202299721078514,0.8267132796198516
path,-9.199534348705837,0.8190405417598445
path,-9.196798281373491,0.8117331640818171
path,-9.193690150428125,0.8047375657366342
path,-9.190391518875249,0.7979960960881629
path,-9.186959412758968,0.7913979433488307
path,-9.183416046442442,0.7848207160739987
path,-9.179760864727857,0.7782640860349562
path,-9.175993757042152,0.7718640564137175
path,-9.17214052163,0.7657042767359092
path,-9.168204557628428,0.7596826940821233
path,-9.164203782009977,0.7538125373352053
path,-9.160133389966868,0.7481258094494245
path,-9.15605558294725,0.742618361947755
path,-9.151926283274646,0.7372415611234796
path,-9.14773785040478,0.7320075615701359
path,-9.143492475374638,0.7269178596845758
path,-9.139190371796609,0.7219717336663761
path,-9.13477786976213,0.7170523580355246
path,-9.130396758226828,0.7121840868245316
path,-9.126000733202517,0.7073213447549337
path,-9.12159857392514,0.7024721774446334
path,-9.117190681578608,0.6976379227024531
path,-9.112620224554037,0.6924451375724289
path,-9.107708532299839,0.6869236090871216
path,-9.102466300804252,0.6810952490806401
path,-9.096884284355262,0.6749345106262167
path,-9.09103896794611,0.6685080092912787
path,-9.084907049576701,0.6618669824107835
path,-9.078675876862107,0.655132897130967
path,-9.072370762591133,0.648540456883713
path,-9.065962155057454,0.6421544950353668
path,-9.059508250721196,0.6359001949040686
path,-9.053140629997207,0.6296701433692795
path,-9.04685179738013,0.6235234553766607
path,-9.040640989587741,0.6174599190657749
path,-9.034492150613053,0.6114794264057708
path,-9.028397492221872,0.6055447134609622
path,-9.022385368779691,0.5996959757553483
path,-9.016443929931686,0.5939228796517944
path,-9.01052835257037,0.5881662825635076
path,-9.00459923724198,0.5824127554819627
path,-8.998663050971146,0.5766495295062948
path,-8.99271583304603,0.5709103278966741
path,-8.986755441672436,0.5651742695373919
path,-8.98078108038131,0.5594401959076827
path,-8.974791624444912,0.5537131757101584
path,-8.968790323463644,0.5479860292106343
path,-8.96284551258846,0.542329868785097
path,-8.957007757567975,0.536784379675874
path,-8.951260443557734,0.5313518737965283
path,-8.945603067182535,0.5260286818653065
path,-8.940031440036485,0.5207989253951284
path,-8.934352927319384,0.5155029584046923
path,-8.92872200279087,0.5100814633882216
path,-8.923011381907635,0.504652992789027
path,-8.917202767066518,0.49919617328075727
path,-8.911290656295352,0.4937139043683073
path,-8.905002338138596,0.48824820491355975
path,-8.898741549470106,0.48259968200804987
path,-8.892623023497645,0.47685608627487475
path,-8.886484972536728,0.4711071829724278
path,-8.880315396952055,0.46536655900565094
path,-8.873673868215985,0.4596510856056634
path,-8.866754892198948,0.4538946803845597
path,-8.859837559028128,0.44812231220247184
path,-8.852968876225447,0.442162106088869
path,-8.846089360077517,0.43613547649873563
path,-8.838870900287137,0.430179695359083
path,-8.83162632919858,0.42420509766832576
path,-8.824501756465365,0.4181721615950552
path,-8.817898531758846,0.4122009478579136
path,-8.81150067101649,0.4063006980501208
path,-8.804727261441702,0.4001336382274589
path,-8.798051813742497,0.3938282862851843
path,-8.791488689647464,0.3874060684736361
path,-8.784918729397873,0.38102849333415545
path,-8.778446718684517,0.37469193994110683
path,-8.772221620321567,0.3684673133256849
path,-8.76626343733879,0.36226763262051553
path,-8.760417323607356,0.3562887315323949
path,-8.754698346889162,0.35057086550405875
path,-8.749167594362332,0.3450727100391979
path,-8.743960051314259,0.3396171172734975
path,-8.738871310323354,0.33421228659140634
path,-8.734385058321674,0.32910944904710426
path,-8.730249722312745,0.3239646846247274
path,-8.726116031859188,0.3187650398802833
path,-8.722000835788021,0.3138876193177259
path,-8.71792844280442,0.3096171794489365
path,-8.713943553164535,0.3056316893297716
path,-8.710097494434068,0.3016808045087775
path,-8.706393737211851,0.2977662942622077
path,-8.703150643026978,0.2942641287107035
path,-8.700147903366217,0.2909843648675529
path,-8.697294046336227,0.2876952185609154
path,-8.694746660135646,0.2837880212426071
path,-8.692343135306865,0.2802105758311663
path,-8.690023539077385,0.2762763257316212
path,-8.687766704026853,0.27198264424623736
path,-8.68567251658743,0.26661585108422947
path,-8.683944965801796,0.2607574417077074
path,-8.682310529753028,0.25450953172722907
path,-8.680673718080016,0.24788723502484647
path,-8.67908742497314,0.24118983377135975
path,-8.677454164493954,0.23442277514809864
path,-8.675004165444236,0.2274715308370893
path,-8.671962619077693,0.2202971115770218
path,-8.668794825088018,0.21293658656401263
path,-8.665601058019838,0.2053985257049624
path,-8.662414388635428,0.197925604958684
path,-8.659244388401481,0.1905977036857453
path,-8.656094493473846,0.183410602399904
path,-8.652698738268949,0.1760446924691022
path,-8.649369345174362,0.168608726397755
path,-8.646126236780752,0.1611882749101655
path,-8.642965942570875,0.15379213836878228
path,-8.639845956644725,0.1464312004691503
path,-8.63648572181068,0.13859297999169654
path,-8.633187742629255,0.13053743259752731
path,-8.629960471565806,0.1223005155462831
path,-8.626834010099774,0.11389789386278956
path,-8.623800547846681,0.10535494273212526
path,-8.621195395607874,0.09690792291844297
path,-8.619019353177668,0.08864422757446365
path,-8.617127366989342,0.08055833372227689
path,-8.615355136634596,0.0726003486389058
path,-8.613613159089923,0.06477145551919263
path,-8.611622848689398,0.056983027240090016
path,-8.609651443164376,0.04916983597951057
path,-8.607721685936035,0.04135109147550375
path,-8.605754048572647,0.033519536042489105
path,-8.603774193765101,0.025643625677020797
path,-8.601722684711044,0.017668876400937148
path,-8.599692669055363,0.009633954278820987
path,-8.59771909919194,0.0014622752085319364
path,-8.595738326220314,-0.006840060935256079
path,-8.593521128212402,-0.015381304085208429
path,-8.590956785030407,-0.024698354566645948
path,-8.588321068710988,-0.03488016404255362
path,-8.585383494203155,-0.04548118803567255
path,-8.582347130904719,-0.05623053118764601
path,-8.579332381003056,-0.06698682109723222
path,-8.57633478715308,-0.07775313925144461
path,-8.573351182738941,-0.08853184161630287
path,-8.570379343276183,-0.09932473551113656
path,-8.567417639877473,-0.11013324817244485
path,-8.564464860728618,-0.12095852428626765
path,-8.56153793014461,-0.1317609239339614
path,-8.558628187876662,-0.1425457527155796
path,-8.555713887463853,-0.15333166087888325
path,-8.552786344815422,-0.16412961198619677
path,-8.549772450186277,-0.17487009408250326
path,-8.546822927121887,-0.18580232305450645
path,-8.543795264492445,-0.19668782329165602
path,-8.540491023797287,-0.20732634294602756
path,-8.536875904377066,-0.2177086265583138
path,-8.532936468483719,-0.22782141140404807
path,-8.529176907829193,-0.23840057270441045
path,-8.52571704235181,-0.2492528102432416
path,-8.522069650191769,-0.2597207813028805
path,-8.518151976810623,-0.26983855127375955
path,-8.513882005903413,-0.2796945902240675
path,-8.51009905438534,-0.2889421717391082
path,-8.506835944625813,-0.29752599893726095
path,-8.503684636685824,-0.30540886789990324
path,-8.500316485595805,-0.31283027891334947
path,-8.49669728321222,-0.31983648979800594
path,-8.493095286339573,-0.32617822099859234
path,-8.489410098848266,-0.3321039573990406
path,-8.485724105201335,-0.33816883308478735
path,-8.482080975708328,-0.34439601883108756
path,-8.478498561364855,-0.3507807855586533
path,-8.47512013543495,-0.35698380641908367
path,-8.47197171834973,-0.36280063330256335
path,-8.468636352020987,-0.3681728364342851
path,-8.465068627868117,-0.37314822675205916
path,-8.461304027161747,-0.3777648814237467
path,-8.457455228237361,-0.38195510316047304
path,-8.453430062750144,-0.38581159901283246
path,-8.449247709922087,-0.3893789090278009
path,-8.444965166558017,-0.3928803094227526
path,-8.440779418184807,-0.3966187909409306
path,-8.436660075110286,-0.40142343061280955
path,-8.432926403890535,-0.4066583591840299
path,-8.42949108630064,-0.4122553539017298
path,-8.42675727362605,-0.4177115434518024
path,-8.424218606342452,-0.42336491711648444
path,-8.421566083111776,-0.4296387435502608
path,-8.418735100224014,-0.4364306685499553
path,-8.415386492906617,-0.4461063279504895
path,-8.412118940777821,-0.4567795404504627
path,-8.409170928084608,-0.4688117276337108
path,-8.406359860923008,-0.4815935052335141
path,-8.403659398260526,-0.49443512441492593
path,-8.400973691594602,-0.5071869791030323
path,-8.398279889884087,-0.5198507678794535
path,-8.395575980811202,-0.5324250280992672
path,-8.392896628073737,-0.5444987565036988
path,-8.39000092708281,-0.5559927791524621
path,-8.38702483768903,-0.567166392157771
path,-8.384032892369985,-0.57812623318392
path,-8.38095988365698,-0.5887768849362827
path,-8.378142464220065,-0.5986827296811675
path,-8.375547374947013,-0.607781552469729
path,-8.37294258708669,-0.6164203271463089
path,-8.3703671980536,-0.6246588381064632
path,-8.36778457548034,-0.6324873330446369
path,-8.365286413127055,-0.6399606212596171
path,-8.362818241423312,-0.6471134099693896
path,-8.360340271690784,-0.6539805267662054
path,-8.357879497951547,-0.6606876539233548
path,-8.355429060065296,-0.6672003132834257
path,-8.352974415920931,-0.6734442528445509
path,-8.350537817109425,-0.6794336459533031
path,-8.348102971466403,-0.6851466921126801
path,-8.345713120228492,-0.6905446010469328
path,-8.343448378386181,-0.695569369014441
path,-8.341351903831729,-0.7001639208832136
path,-8.339357637038988,-0.7043772968706836
path,-8.337384603041428,-0.7082729031019613
path,-8.335451338471348,-0.7119456886129844
path,-8.333554562130999,-0.715608758495092
path,-8.331788718612644,-0.7191520019653183
path,-8.330094700928468,-0.7226667655319311
path,-8.328460148968958,-0.7261637626628501
path,-8.326873291742956,-0.7296462797017842
path,-8.32532457837744,-0.7331169573570717
path,-8.323826639167944,-0.7365300137832395
path,-8.322352288819452,-0.7399333836487361
path,-8.320897055669827,-0.7433301726502325
path,-8.31945668919785,-0.746720747290254
path,-8.318027858948687,-0.750106125233163
path,-8.316648721201915,-0.7534267647016459
path,-8.31526016837941,-0.756745933602838
path,-8.313876510298245,-0.7600622837234963
path,-8.31249642204628,-0.7633761597443789
path,-8.311118734832245,-0.7666878705991902
path,-8.309778113235206,-0.7699186238174193
path,-8.308436732258883,-0.7731432837514854
path,-8.307095563393828,-0.7763664730633216
path,-8.305754101348585,-0.7795883198008775
path,-8.304411936235732,-0.7828089269972702
path,-8.30310836841597,-0.7859732690147295
path,-8.301788103342012,-0.7891387747309226
path,-8.300464163323218,-0.7923021653417441
path,-8.29913921544227,-0.7954653899209985
path,-8.297811942216178,-0.7986274548973722
path,-8.296514672646977,-0.8019590450872055
path,-8.29520642979959,-0.8053664596405448
path,-8.29386776698586,-0.8087817948489412
path,-8.292498130336943,-0.8122052472730495
path,-8.291096968873568,-0.815637013252219
path,-8.28969562862282,-0.818976680529997
path,-8.288275811740046,-0.8223104041938802
path,-8.286853439809189,-0.825643139902115
path,-8.285428495463053,-0.8289748927688101
path,-8.284000962057036,-0.832305667308983
path,-8.282623787280395,-0.8355469780332493
path,-8.28123035788654,-0.838785251251549
path,-8.27983443724645,-0.8420225752969022
path,-8.27843602034184,-0.8452589541551144
path,-8.277035102486655,-0.8484943912110551
path,-8.275724565503422,-0.8516355109574301
path,-8.274586630691273,-0.8547766073967245
path,-8.273619749799172,-0.8578551946893144
path,-8.272692717038524,-0.8609104470726329
path,-8.2717619739198,-0.8639648101300058
path,-8.270844516311538,-0.8669614112586311
path,-8.269927884125735,-0.8699443139631753
path,-8.269007700768567,-0.8729263679510454
path,-8.268083962141104,-0.8759075794602359
path,-8.267156665362089,-0.8788879537371354
path,-8.266250414776673,-0.8817843506139187
path,-8.265351315622928,-0.8846509983139212
path,-8.264448909949241,-0.8875168749653568
path,-8.263543197175471,-0.8903819835450932
path,-8.262634172990845,-0.8932463270973441
path,-8.261738736804286,-0.8960557885157111
path,-8.260844875098785,-0.8988507959404356
path,-8.259947849906274,-0.9016450718530443
path,-8.259047655611925,-0.9044386186598533
path,-8.258144289591831,-0.9072314379349512
path,-8.25725907478428,-0.9099549982929184
path,-8.256378910132382,-0.9126562030623308
path,-8.255495784152549,-0.9153566670761262
path,-8.254609691449225,-0.918056397040534
path,-8.253720628340632,-0.9207553986303572
path,-8.252890891648608,-0.9237302548384052
path,-8.252044355062747,-0.9267831917824346
path,-8.251166172052445,-0.9298447750971841
path,-8.250254255926219,-0.9329157451209151
path,-8.24929791311391,-0.9359983076094182
path,-8.248289188842987,-0.9390172056908889
path,-8.24727097335209,-0.9420225326875673
path,-8.246248912107447,-0.945027031590563
path,-8.245223010194644,-0.9480306990697623
path,-8.244193271680151,-0.9510335319177777
path,-8.243187262309768,-0.9539436135686835
path,-8.242205859663315,-0.9568104144586359
path,-8.241241214712218,-0.959691365740604
path,-8.24025584561324,-0.9626198488649451
path,-8.23927266440863,-0.9655610671886479
path,-8.238312580757349,-0.968464249836547
path,-8.237355098792763,-0.9713603556542688
path,-8.236393894929273,-0.9742655024126868
path,-8.235428951088705,-0.9771797275029631
path,-8.234460249348459,-0.9801030693339893
path,-8.233511121167764,-0.9829756178195003
path,-8.232577974628587,-0.9858344082148014
path,-8.231654369086941,-0.9886977707662818
path,-8.230747019254466,-0.991563714738818
path,-8.229862702280137,-0.994430273223863
path,-8.228970469526562,-0.9972305196163911
path,-8.22809318508904,-1.0000276099021035
path,-8.227193945547569,-1.0028387232807416
path,-8.226275110102376,-1.0056631229899489
path,-8.2253436861345,-1.0084987025774859
path,-8.224417784840572,-1.0112846006205523
path,-8.223497338072026,-1.0140705750074717
path,-8.222585389022917,-1.016861202174703
path,-8.221689079958217,-1.0196545262702497
path,-8.220815600588805,-1.0224486155427288
path,-8.219943808836854,-1.0251691948579598
path,-8.219123890271074,-1.0279085011376266
path,-8.218306972159342,-1.0306616101627115
path,-8.217484093364583,-1.033423382390448
path,-8.21665521208698,-1.0361938272224271
path,-8.215810103584538,-1.0389186233921937
path,-8.21498656291383,-1.0416488099407395
path,-8.214139124051847,-1.0443979574177729
path,-8.213273752232718,-1.0471568221313383
path,-8.212438009888377,-1.049913057454349
path,-8.211617986100139,-1.0526018632222203
path,-8.210798452031323,-1.0552853935729962
path,-8.209976068746819,-1.0579682422614385
path,-8.209149443025597,-1.0606499316851867
path,-8.208318078077486,-1.0633303009699078
path,-8.207496810366017,-1.065940650910542
path,-8.206680791025953,-1.068541119535
path,-8.20586221538113,-1.0711408367158661
path,-8.205041123133412,-1.073739812372725
path,-8.204217509786602,-1.0763380417857786
path,-8.203405159482356,-1.078889847991359
path,-8.20259196585086,-1.081438503895445
path,-8.201776321547829,-1.083986449013059
path,-8.200958224984294,-1.086533677563975
path,-8.200137674798365,-1.0890801840908002
path,-8.199327113343248,-1.0915681704084426
path,-8.198522233033225,-1.0940490380941583
path,-8.197715079284414,-1.096529119630377
path,-8.196905645911428,-1.0990084191404643
path,-8.196093927381112,-1.1014869401428988
path,-8.19517989321666,-1.1041985975599746
path,-8.194254576882066,-1.1070051917256267
path,-8.193326296893458,-1.1098108064901808
path,-8.192395050106832,-1.112615442475572
path,-8.191460833775492,-1.1154190999600895
path,-8.190537618170266,-1.118177900551913
path,-8.189613084189377,-1.120933443512126
path,-8.188685659750528,-1.123688057243944
path,-8.18775534447167,-1.1264417392069033
path,-8.186822138105352,-1.1291944868133612
path,-8.185908737794202,-1.13185214415385
path,-8.184961427628195,-1.134494750037582
path,-8.184038557231458,-1.137155232925246
path,-8.183131470275718,-1.1398096197344916
path,-8.182223467610036,-1.1424584906417057
path,-8.181326013524242,-1.145051432391637
path,-8.180435277810444,-1.1476331695296864
path,-8.17954375739828,-1.1502095260045173
path,-8.178651455295038,-1.1527805077906905
path,-8.177758375436445,-1.1553461201957442
path,-8.176880196908408,-1.1578581049567553
path,-8.17600391961991,-1.1603611104996367
path,-8.175126892036184,-1.162859005490149
path,-8.174249122429499,-1.1653517906273727
path,-8.173370622240094,-1.167839455617299
path,-8.172507662174528,-1.1702540111639286
path,-8.171656048419104,-1.1726515374525082
path,-8.170803807610254,-1.175044233651827
path,-8.169950946056392,-1.1774321018854175
path,-8.169097468647147,-1.1798151520818316
path,-8.168256284437417,-1.1821550179382765
path,-8.167416545192681,-1.1844873053074259
path,-8.166576215089776,-1.1868149763907503
path,-8.165735303048322,-1.1891380309475539
path,-8.16489381785426,-1.1914564698818604
path,-8.164051367741155,-1.1937235530436545
path,-8.163228234951822,-1.1959794126720558
path,-8.162404620719874,-1.1982307896398585
path,-8.161580531044804,-1.200477688203829
path,-8.160755971023997,-1.202720117049201
path,-8.159807226363954,-1.2052419036232966
path,-8.158808640567878,-1.2079422896729055
path,-8.15779848469181,-1.2106451583372573
path,-8.156807679985482,-1.2133134364074722
path,-8.155820830200563,-1.2159760665657344
path,-8.154826046839043,-1.2185994960760278
path,-8.153839806148953,-1.2212153172876217
path,-8.152853838685964,-1.2238267764316189
path,-8.151858359916217,-1.2264355894868735
path,-8.150844732510603,-1.2290419925058207
path,-8.149807158470203,-1.231558616169673
path,-8.148774158187178,-1.234056286441528
path,-8.147747591605512,-1.2365468980679126
path,-8.146727453459725,-1.2390304437327146
path,-8.145713732668996,-1.2415069192024124
path,-8.144698374079951,-1.243919079078389
path,-8.143695948389388,-1.246310622062467
path,-8.142703440400648,-1.2486948890142566
path,-8.141714539530955,-1.2510729291410532
path,-8.14072296614793,-1.2534458211011106
path,-8.139724932176637,-1.2557842324528325
path,-8.138719786195296,-1.2581080037505408
path,-8.13771308690616,-1.260426663328789
path,-8.136704835101412,-1.2627402245219999
path,-8.135695031260568,-1.2650487166602018
path,-8.13470312687153,-1.2671912605806273
path,-8.133797213001907,-1.2692184615417057
path,-8.132911990113953,-1.2712227680993573
path,-8.132024714617685,-1.2732285151473133
path,-8.13114084752298,-1.2752414183907135
path,-8.130270392057291,-1.2772383703379075
path,-8.129401075402058,-1.2792243739132523
path,-8.128530747482724,-1.2812077931855772
path,-8.127659198654507,-1.2831897394636174
path,-8.126786307506247,-1.2851708568087878
path,-8.125919713372545,-1.2871379053731271
path,-8.125053167081044,-1.289098105158148
path,-8.124185371406707,-1.2910571491461875
path,-8.123316289632056,-1.2930152345943968
path,-8.122445917692277,-1.2949723852755655
path,-8.121583626431105,-1.2969117087100577
path,-8.120721585134032,-1.2988438501956037
path,-8.119858339279629,-1.3007747966614158
path,-8.118993878094976,-1.302704608514603
path,-8.11812819241647,-1.3046333374098267
path,-8.11720573999135,-1.3067656135876744
path,-8.116226220401717,-1.3089404430515938
path,-8.1152437455865,-1.3111170043870801
path,-8.114259294599256,-1.31329957886381
path,-8.113272161163614,-1.3154816517047612
path,-8.112298251608898,-1.3176383519958255
path,-8.11132508264451,-1.3197815181953714
path,-8.110350477894915,-1.3219229367976395
path,-8.109374309207936,-1.3240633057939877
path,-8.108396555010078,-1.3262027441315434
path,-8.10742906115411,-1.3283221056618022
path,-8.106461327759675,-1.330431254917026
path,-8.105494439248588,-1.332537176387589
path,-8.10452457667258,-1.3346433697040905
path,-8.103553155405262,-1.3367487644458216
path,-8.102594458283928,-1.3388300357616896
path,-8.101636774764305,-1.3408983461839246
path,-8.100677823935087,-1.3429645805754553
path,-8.099717419176,-1.3450297699336717
path,-8.098755584344037,-1.3470955767426362
path,-8.097808194043044,-1.3491342944937317
path,-8.096862129446261,-1.3511580436660657
path,-8.09591470868881,-1.3531805593521653
path,-8.09496587626867,-1.355202151162136
path,-8.094015625691542,-1.357222856732425
path,-8.093073873600042,-1.3592268328480626
path,-8.092132539888242,-1.3612219073843073
path,-8.091189948809221,-1.3632154169495192
path,-8.090245989889041,-1.3652079814846227
path,-8.089300468482334,-1.3672009767124766
path,-8.08836594388661,-1.369173452818543
path,-8.087431519133371,-1.3711364895213192
path,-8.086496084314371,-1.373097331968452
path,-8.08555924297017,-1.375057703328389
path,-8.084621059555786,-1.377017241125028
path,-8.08369496749837,-1.378954815112615
path,-8.082770010969766,-1.380880611321231
path,-8.081843943599946,-1.382804550507362
path,-8.080916607942314,-1.3847275284858012
path,-8.0799879779876,-1.3866496944932363
path,-8.079066293564129,-1.3885581602673498
path,-8.078145010680773,-1.390459300934549
path,-8.077222567070201,-1.3923590437282398
path,-8.076298871302596,-1.3942579130908936
path,-8.075373462137978,-1.3961572114900604
path,-8.074395560569487,-1.398283564269255
path,-8.073338432900394,-1.400488313183656
path,-8.072257194826827,-1.4026943947199775
path,-8.07117416520223,-1.404899854649784
path,-8.07008940720487,-1.4071043299063077
path,-8.06902036963051,-1.409281222216505
path,-8.067953298896906,-1.4114422836192977
path,-8.06688434581347,-1.4136018113118218
path,-8.065814134766153,-1.4157599520515198
path,-8.064742198769336,-1.4179175206705112
path,-8.06368332827476,-1.4200517359253948
path,-8.062625598259688,-1.4221728495459482
path,-8.061566339242091,-1.4242925948623717
path,-8.060505495184088,-1.42641130229155
path,-8.059443054718708,-1.4285290403321163
path,-8.058400404525445,-1.430612940645585
path,-8.057363196292057,-1.4326735399072037
path,-8.056324342701148,-1.4347331321503778
path,-8.055283983373995,-1.4367917675460995
path,-8.05424211433401,-1.4388494713429174
path,-8.05321117193513,-1.440887545437204
path,-8.05218112653941,-1.4429151393866242
path,-8.051149715672627,-1.4449412273958975
path,-8.050116851873389,-1.446966332239584
path,-8.049082519438937,-1.4489905491749038
path,-8.048058366702216,-1.450996728364582
path,-8.04703506347215,-1.4529931292137666
path,-8.046010479771134,-1.4549877774110664
path,-8.04498448837343,-1.4569814385976079
path,-8.04395706771875,-1.4589742439107944
path,-8.042944569541568,-1.460942604665629
path,-8.041934050483581,-1.4628969089961152
path,-8.040922409196133,-1.464848868500595
path,-8.039909424936711,-1.466799820669618
path,-8.038894196700914,-1.4687514956380667
path,-8.037891975914231,-1.470683130164229
path,-8.036890151262293,-1.4726039060865344
path,-8.035887244681987,-1.4745223643870686
path,-8.034881995116232,-1.4764422149171856
path,-8.033876213106147,-1.4783603911621863
path,-8.032813947061241,-1.4804337685560502
path,-8.031709565646016,-1.4825319528946925
path,-8.030603563631928,-1.484629330675842
path,-8.029495960370687,-1.4867257867235388
path,-8.028386757167047,-1.4888213147352982
path,-8.027290967657102,-1.4908943989991528
path,-8.026196610478372,-1.492955192048793
path,-8.025100856349008,-1.4950141537382193
path,-8.024003577821524,-1.497072076292704
path,-8.022904752706884,-1.4991290991787982
path,-8.021819346533581,-1.5011641333376067
path,-8.020735420046513,-1.503187062195076
path,-8.01965017741544,-1.505207999359678
path,-8.018563447957153,-1.5072280136265812
path,-8.017475214286426,-1.5092472151265968
path,-8.016399629860475,-1.5112456811608237
path,-8.015325402887902,-1.513232818014511
path,-8.01424986586228,-1.515218242222762
path,-8.013172877192062,-1.51720284733671
path,-8.012094434711946,-1.519186648434143
path,-8.01103579527839,-1.5211387941938737
path,-8.009981974711753,-1.5230720424563782
path,-8.008927143614569,-1.5250021860949334
path,-8.007870936130844,-1.526931550883872
path,-8.00681334077388,-1.5288602109225962
path,-8.005765706460958,-1.5307722934598427
path,-8.004719159524129,-1.5326753024048658
path,-8.003671345756386,-1.5345770827953822
path,-8.002622190501919,-1.5364781136664674
path,-8.00157169317705,-1.5383784000576814
path,-8.000535188024124,-1.5402566886392506
path,-7.999500505898452,-1.5421229102451668
path,-7.998464618859589,-1.5439878336463702
path,-7.997427440928547,-1.545852014747018
path,-7.996388971348784,-1.5477154597535423
path,-7.995361294257231,-1.549561114966434
path,-7.994334719279578,-1.551397830054872
path,-7.99330689815951,-1.5532337668041867
path,-7.992277829413592,-1.5550689363588917
path,-7.991247511739884,-1.5569033486446144
path,-7.990225982756714,-1.5587239341727228
path,-7.989204314485646,-1.5605368605346084
path,-7.98818146147109,-1.5623488073578404
path,-7.987157374428579,-1.5641600985794617
path,-7.986132053495951,-1.5659707343629548
path,-7.98502748860822,-1.568004730791612
path,-7.983829500968876,-1.570122658892825
path,-7.982624064253544,-1.5722399716414512
path,-7.981416936727795,-1.5743563883805705
path,-7.980208118791222,-1.5764719081604894
path,-7.979017509323755,-1.578557464430125
path,-7.9778336166363015,-1.5806229363200013
path,-7.976648131511793,-1.5826874193334426
path,-7.9754610525729985,-1.584750924929792
path,-7.974272378614794,-1.5868134633030153
path,-7.973100255661189,-1.5888494911222213
path,-7.971931308484631,-1.590870881497887
path,-7.970760843252679,-1.5928912368706107
path,-7.969588844640491,-1.5949106624187612
path,-7.968415311731189,-1.5969291663369507
path,-7.9672619236182864,-1.5989133037107246
path,-7.966116638421042,-1.6008770552968938
path,-7.964970073145686,-1.602838763735234
path,-7.963810673176658,-1.6048629170701456
path,-7.962646345075056,-1.6070192598139077
path,-7.961501691100519,-1.6091314573265936
path,-7.960361616826956,-1.6112388527332322
path,-7.959219891309121,-1.613345212935015
path,-7.9580765058823655,-1.615450546964406
path,-7.956931452780307,-1.617554862844203
path,-7.955803073170973,-1.6196239743705207
path,-7.9546740103526155,-1.6216909977200418
path,-7.953543311564619,-1.6237570620258794
path,-7.9524109725380185,-1.6258221713508385
path,-7.951276989483639,-1.6278863292306944
path,-7.950162426195139,-1.629909802339955
path,-7.949048049544844,-1.631930708445159
path,-7.9479320759485415,-1.6339507198851473
path,-7.946814504090536,-1.6359698374071292
path,-7.945695332852,-1.6379880615566949
path,-7.944590893699671,-1.6399756223038686
path,-7.943485588885576,-1.6419615096719482
path,-7.942378725235397,-1.643946537324406
path,-7.941270302741613,-1.6459307046058922
path,-7.940160321467233,-1.6479140107996004
path,-7.939082960530665,-1.649800469684449
path,-7.938033258780298,-1.6516693392636501
path,-7.936982192690859,-1.6535374163012546
path,-7.935929760466342,-1.6554047024306475
path,-7.934875960539551,-1.6572711990251827
path,-7.9338329996140065,-1.659115234150262
path,-7.932788885479276,-1.6609582821495874
path,-7.9317434309651516,-1.6628005630883655
path,-7.930696635339886,-1.6646420774004798
path,-7.929648497998282,-1.666482825378246
path,-7.928615192347298,-1.6682941028075435
path,-7.927581250603534,-1.6701038734568459
path,-7.926546003432678,-1.6719129082099544
path,-7.925509431716298,-1.6737202696549187
path,-7.9244715769826595,-1.6755278227290793
path,-7.92344292883336,-1.6773163782406781
path,-7.922413005997502,-1.679104198538399
path,-7.921381805608277,-1.6808912941752163
path,-7.920349328045641,-1.6826776643565027
path,-7.919315573707373,-1.6844633082714109
path,-7.918171035348126,-1.6863442348804865
path,-7.917025336222415,-1.6883162197836499
path,-7.915878079719511,-1.6902878176006675
path,-7.914724723145585,-1.692259848952687
path,-7.913513867634428,-1.6942353973783433
path,-7.912368621307398,-1.6961927737800597
path,-7.911226166309777,-1.6981631492344345
path,-7.9100770981681565,-1.7001490501673735
path,-7.908924551680758,-1.7021402689848308
path,-7.9077703590167205,-1.7041308143665879
path,-7.906636714455417,-1.7060679820696674
path,-7.905518934516674,-1.7080013113269716
path,-7.9043997257709275,-1.7099338808784719
path,-7.903279044022344,-1.7118656931742648
path,-7.902156883498314,-1.7137967479134153
path,-7.901042454572961,-1.7156689623314065
path,-7.899951303529022,-1.7175320965421865
path,-7.898863891007178,-1.7193943274181773
path,-7.897775037363388,-1.7212559058061396
path,-7.896684743799973,-1.7231168258016594
path,-7.895592280952852,-1.7249515363697243
path,-7.894515186273141,-1.7267819710800698
path,-7.893437669565807,-1.728611589009979
path,-7.8923588506002496,-1.7304404424684419
path,-7.891270890571699,-1.732276376987102
path,-7.890193856837414,-1.7340500291489398
path,-7.8891347164273435,-1.7357997495220339
path,-7.888091453324987,-1.7375362724707566
path,-7.887055784568532,-1.739260161794592
path,-7.8859810059761255,-1.7409764497529387
path,-7.884939805739119,-1.7426511791883368
path,-7.883950844445599,-1.7442987773125924
path,-7.882977093060354,-1.7459036689581553
path,-7.881984764426309,-1.7473632108994457
path,-7.881015791554521,-1.748754449365068
path,-7.880058713350101,-1.7501076338433375
path,-7.879100967603777,-1.751433323109741
path,-7.8781373830342085,-1.752735219009615
path,-7.877162865607501,-1.7540160077002303
path,-7.876179150441054,-1.7552747198109502
path,-7.875199754505986,-1.756510709636294
path,-7.874223380676432,-1.757725500935695
path,-7.873238264658832,-1.7589198456808182
path,-7.872251725952345,-1.7601039194892485
path,-7.871255684699825,-1.7612767325930834
path,-7.870268976449399,-1.7624370283816917
path,-7.8692824892561895,-1.7635833644355243
path,-7.868292739509077,-1.7647212752667842
path,-7.867303228738252,-1.7658556334433018
path,-7.866313481498162,-1.7669881195786823
path,-7.8653401328111405,-1.768121506675192
path,-7.864360564195105,-1.7692450986218622
path,-7.863380530490364,-1.7703640991635161
path,-7.862400403407638,-1.7714808335749994
path,-7.861419917047323,-1.7725962445261099
path,-7.860454226621492,-1.7737093866671172
path,-7.859488960363772,-1.7748156439013891
path,-7.858520340537864,-1.775915833205158
path,-7.857551792053313,-1.77701329028511
path,-7.856582977875915,-1.7781092043784923
path,-7.855444583719561,-1.7794088050721792
path,-7.854261871036952,-1.7807461081749698
path,-7.853077968656162,-1.7820800276800426
path,-7.851893498892747,-1.7834122369120664
path,-7.850708274745764,-1.7847434034062308
path,-7.84954794517552,-1.786075977084832
path,-7.848380599900729,-1.7873941872708636
path,-7.847212347458952,-1.7887036593194752
path,-7.846044195908704,-1.790009241118628
path,-7.844875662231041,-1.7913127561121447
path,-7.84374482095536,-1.7926172569103649
path,-7.8426131995626776,-1.7939061721830725
path,-7.841485783920496,-1.7951903248035905
path,-7.84036088849016,-1.796476687496389
path,-7.8392634804490475,-1.7977664744031356
path,-7.83820760625385,-1.7990631877020338
path,-7.837177734434097,-1.8003614421197116
path,-7.8361698440255525,-1.8016743416752508
path,-7.835181327320766,-1.8030005341064366
path,-7.834196216658442,-1.8043287555848693
path,-7.833234719604975,-1.8056404639648742
path,-7.832282513033835,-1.8069261212179075
path,-7.831331818739638,-1.8082027488615169
path,-7.8303803281388,-1.8094787716786978
path,-7.829428040881857,-1.8107541880489877
path,-7.828487208651724,-1.8120221958055163
path,-7.82754852850754,-1.8132763533514002
path,-7.8266092554379,-1.8145296381422178
path,-7.825669272563908,-1.815782236101396
path,-7.824712255298492,-1.8170328398904094
path,-7.823764921959539,-1.8182601613219074
path,-7.822854896639393,-1.819500661484694
path,-7.821992407491274,-1.820786204673361
path,-7.821138783024944,-1.8220784515737956
path,-7.820283161170411,-1.8233796820800872
path,-7.8194256288773465,-1.8246749585014905
path,-7.818575816556935,-1.8259728640392352
path,-7.817726248249656,-1.8272618723969223
path,-7.8168774457036605,-1.8285548961926288
path,-7.816027338518963,-1.829842184052157
path,-7.8151823635663815,-1.8311261413088997
path,-7.814344773749387,-1.8324023395512925
path,-7.813503503565076,-1.8336790681677422
path,-7.8126605793929835,-1.8349675307162754
path,-7.811820233507684,-1.8362536878075066
path,-7.810980108274478,-1.8375336900269938
path,-7.810144530517208,-1.8388125822398227
path,-7.809306726645523,-1.8400953023346354
path,-7.808463972733366,-1.8413818722363327
path,-7.807620822377676,-1.842672546337487
path,-7.806777691445146,-1.843955578762099
path,-7.805941679750767,-1.8452330736683529
path,-7.8051051798254685,-1.8465110334087909
path,-7.8042679748396,-1.8477889538022856
path,-7.803428444499778,-1.8490653378901576
path,-7.802595887310796,-1.8503306171170188
path,-7.801765530462704,-1.851590120841088
path,-7.800937492062667,-1.852849609679075
path,-7.800108706393495,-1.8541092257222274
path,-7.799279107928911,-1.8553689010942258
path,-7.7984542187178905,-1.8566107055267844
path,-7.797636273292451,-1.8578455645741498
path,-7.7968214040258275,-1.8590792474788402
path,-7.796006320334173,-1.860312713645473
path,-7.79519032016957,-1.8615463474779295
path,-7.794254058926294,-1.8629242043923668
path,-7.793299483787667,-1.8643571270069583
path,-7.792327953367738,-1.8658269572716941
path,-7.7913388332398785,-1.8673214943520005
path,-7.790344530943529,-1.8688198071326554
path,-7.789358276569333,-1.8702923526384936
path,-7.788384102407156,-1.8717555892171764
path,-7.787410860330218,-1.8732170312878205
path,-7.786437010903671,-1.8746780782465498
path,-7.785462375523382,-1.8761388917592594
path,-7.784498890857143,-1.87756667069499
path,-7.783549767023616,-1.8789805348582378
path,-7.782604440612655,-1.8803926362886092
path,-7.781658407329165,-1.881804496783067
path,-7.780714059656133,-1.8832164201087174
path,-7.7797739312299825,-1.8846076452131668
path,-7.778844356044574,-1.8859899233134958
path,-7.777915639939704,-1.8873705856778529
path,-7.776986086102362,-1.8887511331595688
path,-7.7760556227707225,-1.890131628400899
path,-7.775136848828617,-1.8914867948387817
path,-7.774226763822497,-1.892833474907868
path,-7.7733177070058375,-1.8941784366825452
path,-7.772407866638834,-1.8955232740149826
path,-7.771496893536309,-1.8968683159218325
path,-7.770599687657303,-1.8981848410969562
path,-7.769712047860503,-1.8994922223958959
path,-7.768825083613793,-1.90079824271865
path,-7.767936946901013,-1.9021045430666839
path,-7.767051445513795,-1.9034101710190379
path,-7.766170233874274,-1.9046992455589475
path,-7.765295969644943,-1.9059815147578947
path,-7.764422242109966,-1.907262576707714
path,-7.763546722614146,-1.908544477827882
path,-7.762674188870766,-1.909825424965835
path,-7.761808635386813,-1.9110794347573206
path,-7.760955321820204,-1.9123244100985595
path,-7.760106403872269,-1.9135672479572714
path,-7.7592544906900285,-1.9148095907610205
path,-7.758403845864811,-1.9160525466475145
path,-7.757557518624235,-1.9172804827143064
path,-7.7567171408023325,-1.9185026028611998
path,-7.755877846483111,-1.919725506856352
path,-7.7550377095189535,-1.920946071377753
path,-7.754197318208699,-1.9221685650518416
path,-7.75336170100733,-1.9233761698707923
path,-7.752531858344595,-1.9245781533923498
path,-7.751702821416888,-1.9257811669392586
path,-7.750872925382926,-1.9269818886002599
path,-7.750043085156601,-1.928184279848991
path,-7.749220335743743,-1.9293667697481822
path,-7.748405739990798,-1.930541572501812
path,-7.747592585037604,-1.9317168808824758
path,-7.746777160131881,-1.932891136102037
path,-7.745964340673407,-1.934064907572655
path,-7.745154085606078,-1.935226660273161
path,-7.744350655893157,-1.9363843463442896
path,-7.743546484006988,-1.9375420483049135
path,-7.74274124439118,-1.9386977084391712
path,-7.741936357888367,-1.9398548025594757
path,-7.741139070941895,-1.9409915368503603
path,-7.740350929837616,-1.942122059503623
path,-7.739562449200475,-1.9432499606645433
path,-7.738774657367898,-1.9443790297856596
path,-7.737986313511573,-1.945507980855097
path,-7.7372022822138256,-1.9466244039417844
path,-7.736422987426482,-1.947738576591025
path,-7.735643637848777,-1.9488522270866222
path,-7.7348641991524385,-1.9499653849101644
path,-7.734082672793869,-1.9510774263563937
path,-7.733309109862601,-1.9521762130308897
path,-7.732540290516553,-1.953267993468915
path,-7.731773304072741,-1.9543599980013155
path,-7.731005930568819,-1.9554517802146754
path,-7.730238346450311,-1.9565431929716706
path,-7.729473247295304,-1.9576243778114262
path,-7.7287139481291245,-1.9587024299487645
path,-7.727954179265726,-1.9597803418751443
path,-7.7271941455866004,-1.9608579420655803
path,-7.726433868959522,-1.9619352132451096
path,-7.725677651336451,-1.963003525547591
path,-7.72492503122136,-1.9640682335387833
path,-7.7241727152923465,-1.965132170300978
path,-7.723419891607022,-1.9661960106676182
path,-7.722666556737639,-1.9672597563747793
path,-7.721727952000014,-1.9684926048701503
path,-7.720777030217472,-1.9698331256774053
path,-7.719825269495549,-1.9711735248334805
path,-7.718872668101077,-1.9725137893761477
path,-7.7179192268370755,-1.9738539188208042
path,-7.7169716437532125,-1.9751797849228308
path,-7.7160319421443955,-1.9764997066388492
path,-7.715093634542772,-1.977815816674025
path,-7.714155969898462,-1.979129374725944
path,-7.713218216544186,-1.9804416344554856
path,-7.712284058287948,-1.9817438039492536
path,-7.711353028535415,-1.9830473450188433
path,-7.710419530899709,-1.984353827708102
path,-7.709482878367818,-1.9856644237669963
path,-7.708542301545483,-1.9869803826091845
path,-7.707607385247608,-1.9882884816220017
path,-7.706672631921239,-1.9896014816398657
path,-7.7057323251544485,-1.9909227647589933
path,-7.704785895744307,-1.9922533147840746
path,-7.703836923806292,-1.9935870443937478
path,-7.702904931992247,-1.9948989813041114
path,-7.701975064158823,-1.9962112175721196
path,-7.701044754713517,-1.9975231743604336
path,-7.700113997878426,-1.9988348535859959
path,-7.699182787082243,-2.000146259410024
path,-7.698271223365443,-2.0014270676166888
path,-7.697366745008047,-2.0026990874283315
path,-7.696466242612939,-2.0039593395550437
path,-7.69557302970034,-2.005202397960336
path,-7.694693570591132,-2.0064251589593614
path,-7.6938263635349795,-2.007618572241122
path,-7.692977358272027,-2.008790064162685
path,-7.692139381760199,-2.0099425052920488
path,-7.691308366765726,-2.011088460925371
path,-7.690471210284137,-2.0122402485595328
path,-7.6896264500753775,-2.0134013207967243
path,-7.688774870711497,-2.0145779940431785
path,-7.687915868826657,-2.0157685003784005
path,-7.6870561041932195,-2.01696313109365
path,-7.686198219637607,-2.0181586485730283
path,-7.6853496431731605,-2.01933773751029
path,-7.684504211273673,-2.0205150357586863
path,-7.683656330406054,-2.021691656957348
path,-7.682810237676439,-2.0228687476926135
path,-7.681963812329879,-2.024045403722729
path,-7.681131889242009,-2.0251972723475373
path,-7.680304305004963,-2.0263463622844786
path,-7.679474275684794,-2.0274949534901543
path,-7.678646014716343,-2.02864391067989
path,-7.677817428683063,-2.02979267538537
path,-7.6769998730925755,-2.0309256471273938
path,-7.676180813100084,-2.0320570103558295
path,-7.675363534405001,-2.033188313629468
path,-7.6745459201878425,-2.034319382646396
path,-7.673727972005319,-2.035450298066337
path,-7.672918334829376,-2.036565722046058
path,-7.672111396953298,-2.0376800798642223
path,-7.671304293147306,-2.038794599035404
path,-7.670499043988858,-2.0399080694474634
path,-7.669693475337417,-2.0410213358386673
path,-7.668903375571612,-2.0421097348615422
path,-7.668116648436027,-2.043195917455584
path,-7.667329482823015,-2.0442820000439954
path,-7.666541791387141,-2.0453680133998913
path,-7.66575393642571,-2.046453751981444
path,-7.6649803579472335,-2.047518682975027
path,-7.664206942448324,-2.048583171877343
path,-7.663433161409676,-2.0496475139609895
path,-7.662659176026695,-2.0507116179561553
path,-7.661884909467558,-2.0517755265984836
path,-7.66111749191997,-2.0528293813713505
path,-7.660349821361879,-2.0538830344266046
path,-7.659581882681575,-2.0549364914658668
path,-7.6588136472556485,-2.0559897683372865
path,-7.658045143596903,-2.0570428486129764
path,-7.6573021267491805,-2.058056719658171
path,-7.6565575674786475,-2.0589082113132875
path,-7.655727426461835,-2.059821565781905
path,-7.654817961660581,-2.0608019159560227
path,-7.653857778528441,-2.0618138225965486
path,-7.652914476417152,-2.062809779208879
path,-7.651975105173948,-2.063803001455055
path,-7.651032020218727,-2.064799530699457
path,-7.650089647592507,-2.0657952215805575
path,-7.6491499457462595,-2.0667903696834773
path,-7.648097533620766,-2.067865095812149
path,-7.646960340064341,-2.069001271525102
path,-7.645750062211314,-2.0702004475078133
path,-7.6445375965159545,-2.0714358414143397
path,-7.643329144246871,-2.0727119800334113
path,-7.642161313837965,-2.0739501237539626
path,-7.640993591393015,-2.075188570232552
path,-7.63982614766263,-2.07642750263848
path,-7.638664589789814,-2.0776615470397557
path,-7.6374974004971765,-2.078901197762921
path,-7.636358350905507,-2.080111224775252
path,-7.6352196663197445,-2.081321767584202
path,-7.634086567002461,-2.0825272992750734
path,-7.632948046103886,-2.0837384503880996
path,-7.631809715267502,-2.0849499920089505
path,-7.6306977646549665,-2.0861339624429354
path,-7.629591249851511,-2.0873129164040445
path,-7.62847955409573,-2.0884975182903336
path,-7.627368104472869,-2.0896825440974096
path,-7.626256911222349,-2.0908680020824733
path,-7.625186697559963,-2.092009682817877
path,-7.624111661741654,-2.0931572301063497
path,-7.623036834061841,-2.094305153347025
path,-7.621962247261475,-2.0954534800280302
path,-7.620889575854557,-2.096599029000357
path,-7.6198535879274285,-2.097716552746958
path,-7.61881180234731,-2.0988309417689837
path,-7.617770226190923,-2.0999456941038406
path,-7.616728873740606,-2.101060821750781
path,-7.615687736014653,-2.1021763169759224
path,-7.614671468123588,-2.103265617325177
path,-7.61365030247301,-2.1043603366536416
path,-7.612629276721629,-2.1054553523345207
path,-7.6116084610457655,-2.1065507235225613
path,-7.610587847367049,-2.107646443315223
path,-7.60958594807591,-2.1087224876355535
path,-7.608584301776558,-2.109798899949635
path,-7.607587614904848,-2.1108703641974027
path,-7.606586012918169,-2.111947158831781
path,-7.605584604309891,-2.113024287312634
path,-7.604605088139013,-2.114078245320221
path,-7.603625829906728,-2.11513256429626
path,-7.6026467421785116,-2.116187190311024
path,-7.601667819424929,-2.117242118606525
path,-7.600759430000428,-2.1182642976984343
path,-7.599973308142423,-2.1191719412662247
path,-7.599286610079619,-2.119978320597551
path,-7.598693580235511,-2.120703527426765
path,-7.598171273729356,-2.1213506323804947
path,-7.5976772561298835,-2.1219805494982826
path,-7.597181462273226,-2.1225995122267323
path,-7.59669241458876,-2.1232218102980767
path,-7.596196696872428,-2.1238403126382153
path,-7.595703007587082,-2.124459629949311
path,-7.595211121864656,-2.125079677262956
path,-7.5947209912624505,-2.1256890184922166
path,-7.594237150206282,-2.126301477887571
path,-7.593746553711383,-2.126910073112651
path,-7.593262078344936,-2.1275216885657153
path,-7.592771670393022,-2.1281298889665483
path,-7.592287469025096,-2.128732990448438
path,-7.591804974951526,-2.1293367782729207
path,-7.591318035259628,-2.129937922067809
path,-7.590837541719166,-2.1305422816694772
path,-7.5903503279466245,-2.1311427830262994
path,-7.589871567722087,-2.131741262924021
path,-7.589388888081557,-2.1323374057131583
path,-7.588905454932825,-2.1329328804948267
path,-7.588426765641389,-2.1335306800614497
path,-7.587942182182164,-2.134125048279424
path,-7.587468636839633,-2.1347159904598816
path,-7.586989171927059,-2.1353034965809186
path,-7.586510820855695,-2.1358913519866958
path,-7.586035556796484,-2.1364806535518435
path,-7.58555531281443,-2.1370670090794497
path,-7.585084312761572,-2.1376522384121124
path,-7.584607220929578,-2.138233927698826
path,-7.584132394499071,-2.138816597500392
path,-7.5836584855205995,-2.1393995460155653
path,-7.583180769725533,-2.139980177808785
path,-7.582714407465024,-2.1405568182637023
path,-7.5822421527789965,-2.1411300190798115
path,-7.581772169973015,-2.141704214397106
path,-7.581302706466351,-2.1422784764556866
path,-7.580829845712557,-2.1428506450782616
path,-7.580365764815049,-2.1434219073829768
path,-7.5798957504812225,-2.143989699090368
path,-7.579428110658774,-2.144558550217437
path,-7.578960573730897,-2.145127241790431
path,-7.578490358767456,-2.1456942288213288
path,-7.578027910141836,-2.1462599268851177
path,-7.577560087906009,-2.146822449010425
path,-7.577097168173599,-2.1473874332394076
path,-7.576629502838422,-2.147949594206903
path,-7.576161580143438,-2.148511377113419
path,-7.575700960053651,-2.1490717577791663
path,-7.575235325496436,-2.1496291541224273
path,-7.574774714572235,-2.1501890953423155
path,-7.574309070782557,-2.1507460436810297
path,-7.573843381998207,-2.151302736242321
path,-7.57338684347892,-2.1518554719536302
path,-7.572925492540238,-2.152405329359808
path,-7.572469019344848,-2.15295766581543
path,-7.572007661893243,-2.153507086990532
path,-7.571546268632415,-2.1540562627758035
path,-7.571091970072849,-2.154604302377859
path,-7.570632731196369,-2.155149382013794
path,-7.57017596921418,-2.155695612832662
path,-7.569718908404571,-2.1562414803413996
path,-7.569259257735847,-2.1567856848825295
path,-7.568704726045662,-2.157431433891667
path,-7.56815674723633,-2.1580925540249445
path,-7.567601467330876,-2.158749331400298
path,-7.567051254697523,-2.1594086648030797
path,-7.566495405068387,-2.1600645800497813
path,-7.5659486260282325,-2.1607084519753923
path,-7.565407226084777,-2.161355057628328
path,-7.564860239947904,-2.1619982655784313
path,-7.564313046191467,-2.1626410779248193
path,-7.563770742247813,-2.16328635274755
path,-7.563229939263859,-2.16392009885921
path,-7.5626890089932415,-2.1645534907857726
path,-7.562151865172753,-2.165188726900889
path,-7.56161164888137,-2.1658219744700773
path,-7.561070033969747,-2.1664541461651963
path,-7.56053785892332,-2.1670770769356587
path,-7.560007472135144,-2.1677007544125124
path,-7.559473457670585,-2.168322104466082
path,-7.558939359855625,-2.1689431309022438
path,-7.558409792957143,-2.1695664423223517
path,-7.5578842539716,-2.1701757073360404
path,-7.5573587990828575,-2.170784745184489
path,-7.556837142832571,-2.17139566107883
path,-7.556311979687309,-2.172004335561505
path,-7.555785892764549,-2.172612210164328
path,-7.555266773397844,-2.173211232484101
path,-7.554752118367426,-2.173812526099254
path,-7.554232746682264,-2.1744108786754484
path,-7.553713246229036,-2.1750088937700385
path,-7.553193966834312,-2.1756067676188056
path,-7.552686363623462,-2.1761969231498903
path,-7.552174466731319,-2.1767843685703454
path,-7.551662464980655,-2.1773714978575454
path,-7.551150391262492,-2.17795833012276
path,-7.550642180915181,-2.178547114882339
path,-7.550134614784915,-2.179127110483882
path,-7.549627110460709,-2.179706887453731
path,-7.549119533420899,-2.1802863718583003
path,-7.548615496260207,-2.180867632620984
path,-7.5481073586616345,-2.1814462958033323
path,-7.547604048519142,-2.18201893989144
path,-7.547100988862223,-2.18259148117826
path,-7.546598122093282,-2.183163884604823
path,-7.546097943307634,-2.1837375978874225
path,-7.545594224133791,-2.1843090250345143
path,-7.545082830189646,-2.1848889122051998
path,-7.544571199432898,-2.1854684143712375
path,-7.544059444637995,-2.1860475918322235
path,-7.543547562102764,-2.1866264425387256
path,-7.543035545422061,-2.187204962846483
path,-7.542531076301156,-2.1877786563557753
path,-7.542024508383666,-2.188350897546925
path,-7.541517012807915,-2.188922349048168
path,-7.541009393291117,-2.1894934810892996
path,-7.540501645601554,-2.1900642913138304
path,-7.539999936570575,-2.1906274935477508
path,-7.539498311373238,-2.191190500408875
path,-7.538996550657159,-2.191753187619964
path,-7.53849464440555,-2.1923155493558735
path,-7.537992584499416,-2.192877580894059
path,-7.537497387105879,-2.19343104543913
path,-7.537002248368194,-2.1939843068153464
path,-7.53650693500334,-2.19453723254731
path,-7.5360114465145065,-2.1950898223441455
path,-7.535515782726818,-2.195642076103739
path,-7.535024458950304,-2.196188828475172
path,-7.534533054683436,-2.196735301962989
path,-7.5340414768677455,-2.197281444758335
path,-7.533549725303829,-2.197827256744257
path,-7.5330577999682,-2.198372737907581
path,-7.532571115256191,-2.198911756239919
path,-7.532084350254756,-2.199450500433656
path,-7.531597414321783,-2.1999889205644414
path,-7.5311103074884365,-2.2005270166511073
path,-7.530623029727194,-2.2010647886781776
path,-7.5301444939218385,-2.2015968774982224
path,-7.529662901701249,-2.202126946927341
path,-7.529181167447991,-2.20265671482132
path,-7.528699288403246,-2.203186179584868
path,-7.528217262739287,-2.2037153401709144
path,-7.527739294443952,-2.2042395272953152
path,-7.5272612154523815,-2.204763432556108
path,-7.526782986962745,-2.205287035823489
path,-7.526304607670011,-2.205810336344758
path,-7.525826076839185,-2.206333333705115
path,-7.525352484848986,-2.206850404306806
path,-7.524878785442896,-2.207367199132563
path,-7.524404934333973,-2.20788369529772
path,-7.523930930597102,-2.208399892265594
path,-7.5234567736644005,-2.2089157897108893
path,-7.522988268477763,-2.209425008893753
path,-7.522519659761839,-2.209933959393352
path,-7.522050899540001,-2.210442616515467
path,-7.521581987440478,-2.2109509800470635
path,-7.521112923128713,-2.2114590497965256
path,-7.520648310908583,-2.211961809111616
path,-7.520183573431752,-2.212464291590198
path,-7.519718685703478,-2.2129664854611297
path,-7.519253647380389,-2.2134683905246537
path,-7.5187884582720494,-2.2139700066723162
path,-7.5183266611637825,-2.2144675058821433
path,-7.517864724763435,-2.2149647235980745
path,-7.517402639359927,-2.215461656500534
path,-7.516940404809615,-2.2159583045077698
path,-7.5164780209799895,-2.2164546675443955
path,-7.516018914114854,-2.2169470669234426
path,-7.5155596648155365,-2.2174391858959552
path,-7.515100268170287,-2.2179310239569903
path,-7.514640724118997,-2.2184225810740026
path,-7.514181032597843,-2.2189138572120055
path,-7.513726898245517,-2.2193987265234134
path,-7.513272646432532,-2.2198833338057917
path,-7.512818250432747,-2.2203676668546843
path,-7.51236371023815,-2.220851725668031
path,-7.511909025862624,-2.221335510257056
path,-7.511457325520829,-2.221815696227009
path,-7.51100548436521,-2.222295610329361
path,-7.510553500955507,-2.222775253945059
path,-7.510101375266918,-2.223254627061503
path,-7.509649107333452,-2.223733729701876
path,-7.509199717785099,-2.224209365910317
path,-7.508750189241003,-2.2246847339013938
path,-7.508300520322787,-2.225159835010362
path,-7.507850711044336,-2.225634669248018
path,-7.507400761417233,-2.226109236623699
path,-7.506957777695433,-2.226579454804862
path,-7.506512417440948,-2.2270480443000995
path,-7.506066938575712,-2.227516384102346
path,-7.505621339092061,-2.227984473009098
path,-7.50517561797337,-2.2284523104222784
path,-7.504733219753891,-2.228916280524565
path,-7.5042907004546775,-2.2293799997690953
path,-7.50384805744246,-2.229843469031782
path,-7.50340528945517,-2.230306687554527
path,-7.502962395891215,-2.230769654983304
path,-7.502522035974973,-2.231229591949428
path,-7.502081551442196,-2.2316892786148963
path,-7.501640940355913,-2.232148715706291
path,-7.501200201992809,-2.2326079027887316
path,-7.500759335770709,-2.233066839513254
path,-7.500322183216465,-2.233521530375317
path,-7.499884905898407,-2.233975973032045
path,-7.499447501640967,-2.2344301688983825
path,-7.499009970086738,-2.234884117760595
path,-7.49857231088143,-2.235337819406108
path,-7.498137598233798,-2.2357880898090916
path,-7.497702760548475,-2.2362381147811985
path,-7.497267796257401,-2.2366878955551996
path,-7.496832705101142,-2.2371374319751443
path,-7.496397486856556,-2.2375867239071017
path,-7.495964520250579,-2.2380333181060665
path,-7.495531428671512,-2.23847966924462
path,-7.495098210922268,-2.238925778282079
path,-7.494664866870913,-2.2393716451397885
path,-7.494231396388393,-2.2398172697407075
path,-7.493800678290609,-2.240259695734968
path,-7.493369836520956,-2.2407018813078667
path,-7.492938869746935,-2.2411438276859
path,-7.492507777842961,-2.241585534793323
path,-7.492076560789455,-2.2420270026203224
path,-7.491647453159854,-2.242465945962158
path,-7.491218222536373,-2.2429046514477715
path,-7.49078886789806,-2.2433431200338165
path,-7.4903593891610285,-2.243781351669843
path,-7.489929786303047,-2.244219346343804
path,-7.489503818284018,-2.2446532761111486
path,-7.48907772994255,-2.2450869713982566
path,-7.488651519563469,-2.245520433807622
path,-7.488225187147553,-2.2459536633414166
path,-7.487798732678343,-2.246386659990885
path,-7.4873742257153975,-2.2468173248310572
path,-7.4869495987719645,-2.247247758133349
path,-7.486524850902481,-2.24767796077644
path,-7.486099982117664,-2.24810793276849
path,-7.485674992392664,-2.2485376740952083
path,-7.485251892766365,-2.2489651536125734
path,-7.484828674228483,-2.2493924037756967
path,-7.484405335879647,-2.2498194254472446
path,-7.483981877749934,-2.2502462186474257
path,-7.483558299815771,-2.250672783362556
path,-7.483137994112664,-2.2510957075895908
path,-7.482717572030875,-2.2515184055296777
path,-7.482297032087824,-2.2519408786533077
path,-7.481876374265723,-2.25236312695034
path,-7.481455598565857,-2.252785150422643
path,-7.481037032852485,-2.2532046170333917
path,-7.480618351587839,-2.2536238603028207
path,-7.480199553753412,-2.2540428812360065
path,-7.479780639382987,-2.254461679855404
path,-7.479361608451993,-2.254880256146347
path,-7.478944266879474,-2.255296808293643
path,-7.478526810594014,-2.2557131392854646
path,-7.478109238761808,-2.256129249871066
path,-7.477691551432811,-2.2565451400831598
path,-7.477273748596152,-2.256960809915709
path,-7.476858022219873,-2.2573740811207963
path,-7.4764421825448775,-2.2577871333419157
path,-7.47602622859561,-2.2581999675081263
path,-7.4756101603894445,-2.258612583631357
path,-7.475193977921356,-2.259024981709208
path,-7.474780144033421,-2.259434724125602
path,-7.474366198360622,-2.259844250052992
path,-7.47395213980142,-2.2602535605278185
path,-7.473537968356074,-2.260662655551008
path,-7.473123684053009,-2.2610715351414954
path,-7.472710381354825,-2.261479120386276
path,-7.472296966885909,-2.2618864908793
path,-7.471883440187602,-2.26229364709961
path,-7.4714698012682215,-2.2627005890532605
path,-7.47105680921693,-2.263107800451957
path,-7.470645348516941,-2.263512956019197
path,-7.470233029764596,-2.2639174188810305
path,-7.469820612588311,-2.264321677475919
path,-7.4694080954804525,-2.264725730848796
path,-7.468995477412684,-2.2651295783511025
path,-7.46858415607827,-2.2655318512922924
path,-7.468172733414334,-2.2659339181160587
path,-7.467761207883682,-2.266335778826451
path,-7.467349578715339,-2.2667374329348524
path,-7.466937845428696,-2.2671388801394814
path,-7.466528386661136,-2.2675378022098016
path,-7.46611882489429,-2.267936518049006
path,-7.465709158611097,-2.2683350283565766
path,-7.465299387432505,-2.268733332892922
path,-7.464889510858883,-2.2691314313396362
path,-7.464481177208218,-2.269527723890184
path,-7.464072739159373,-2.269923810953579
path,-7.4636641956945855,-2.2703196930327847
path,-7.463255546614976,-2.270715370002337
path,-7.4628467916055765,-2.271110841660973
path,-7.462439218652101,-2.271504862936879
path,-7.462031540640138,-2.2718986794280456
path,-7.461623756852658,-2.272292291575509
path,-7.4612158671492645,-2.2726856992901654
path,-7.460807871366272,-2.2730789024675113
path,-7.460401343295669,-2.2734703858253544
path,-7.45999471048023,-2.2738616654580026
path,-7.459587972106684,-2.274252741941273
path,-7.459181128058719,-2.2746436152007385
path,-7.458774178294608,-2.2750342852105194
path,-7.4583683844587405,-2.2754235419786406
path,-7.457962485985866,-2.2758125961510975
path,-7.457556482270994,-2.276201448217994
path,-7.457150373246269,-2.276590098135941
path,-7.456744158876593,-2.276978545882871
path,-7.4563400672918325,-2.277364663056872
path,-7.4559358724289195,-2.27775057931223
path,-7.455531573267339,-2.278136295541335
path,-7.455127169779359,-2.2785218117266766
path,-7.4547226619627365,-2.278907127867408
path,-7.454319284126897,-2.279291069505871
path,-7.45391580305843,-2.2796748117587815
path,-7.45351221825298,-2.2800583551588938
path,-7.453108529659728,-2.280441699673259
path,-7.452704737314503,-2.280824845325916
path,-7.452302342914511,-2.281206368725874
path,-7.451899846134802,-2.281587694088315
path,-7.4514972463643705,-2.2819688220608563
path,-7.451094543546827,-2.282349752606625
path,-7.450691737694042,-2.2827304857337842
path,-7.450290288691352,-2.283109643093658
path,-7.449888738047478,-2.2834886038728914
path,-7.449487085110098,-2.283867368660378
path,-7.449085329902912,-2.284245937472072
path,-7.4486834724133155,-2.284624310299851
path,-7.4482826510349,-2.28500141647204
path,-7.447881728454537,-2.2853783273076425
path,-7.447480704184392,-2.285755043278063
path,-7.447079578199348,-2.286131564366824
path,-7.44667835054736,-2.2865078906058858
path,-7.446275955699266,-2.286885020259748
path,-7.445873458167632,-2.2872619544546384
path,-7.445470858430635,-2.287638692765387
path,-7.445068156487313,-2.2880152351914704
path,-7.44466535235603,-2.2883915817452
path,-7.444263615819158,-2.2887666407265184
path,-7.44386177818018,-2.289141504485342
path,-7.443459838963138,-2.28951617351959
path,-7.443057798174351,-2.289890647833543
path,-7.442655655809544,-2.290264927424373
path,-7.442254841919543,-2.2906376828837116
path,-7.441853927796856,-2.291010244422736
path,-7.441452912843277,-2.291382612637262
path,-7.441051797083312,-2.291754787543681
path,-7.440650580532145,-2.2921267691521745
path,-7.44025119409026,-2.292496769244702
path,-7.4398517086635945,-2.2928665771142454
path,-7.439452123413656,-2.2932361935421417
path,-7.439052438357669,-2.293605618539885
path,-7.438652653499831,-2.293974852110272
path,-7.438253835031254,-2.294342910690908
path,-7.437854917758295,-2.294710778435793
path,-7.437455901255442,-2.295078455800019
path,-7.437056785519291,-2.2954459427812077
path,-7.436657570577729,-2.2958132393980875
path,-7.436259296640099,-2.296179389633655
path,-7.435860924460855,-2.296545350074625
path,-7.435462453595183,-2.2969111211436375
path,-7.4350638840400665,-2.2972767028385745
path,-7.43466521582966,-2.2976420951823227
path,-7.434267714509246,-2.2980061395961653
path,-7.433870115699679,-2.2983699953460697
path,-7.433472418875008,-2.298733662954806
path,-7.433074624045478,-2.2990971424291478
path,-7.432676731218896,-2.299460433774226
path,-7.43227996794501,-2.299822417496269
path,-7.431883107783627,-2.3001842137392954
path,-7.43148615026785,-2.3005458230380325
path,-7.431089095405952,-2.3009072453979105
path,-7.43069194318939,-2.3012684808129804
path,-7.430295648800678,-2.301628661481142
path,-7.429899257958432,-2.3019886557348883
path,-7.429502770266872,-2.3023484639669887
path,-7.4291061857032155,-2.3027080861617626
path,-7.428709504324627,-2.3030675223578343
path,-7.4283138864818765,-2.3034257223033006
path,-7.42791817288082,-2.3037837368673766
path,-7.427522363023223,-2.3041415665138754
path,-7.427126456935302,-2.304499211260392
path,-7.4267304546078945,-2.3048566711004654
path,-7.4267102791809565,-2.3048971832503606
path,-7.426799350060924,-2.3048223498822997
path,-7.426962442835462,-2.304683856849878
path,-7.4271638838107625,-2.304512852009302
path,-7.427396564728571,-2.3043153080450036
path,-7.427196117551811,-2.304476322495427
path,-7.426791286538628,-2.304844038642635
path,-7.426381317065747,-2.305216296715537
path,-7.425968595953383,-2.305590852863889
path,-7.425553647481057,-2.30596721275184
path,-7.42515223754611,-2.30633058721271
path,-7.424747687566522,-2.3066966340997515
path,-7.424337941838185,-2.307067278303744
path,-7.423925563878188,-2.3074401104264384
path,-7.423511053453334,-2.3078146584085277
path,-7.423096627894029,-2.3081888895858538
path,-7.422680209920503,-2.308564704641809
path,-7.422262677092341,-2.3089412782669814
path,-7.421844241778861,-2.309318410554536
path,-7.421425075237595,-2.309695939804524
path,-7.421006671777459,-2.3100724989293013
path,-7.420587194692276,-2.310449776477469
path,-7.42016734657038,-2.310827112638406
path,-7.419747198177807,-2.311204440936812
path,-7.419326806079806,-2.311581707703637
path,-7.4189073061113975,-2.3119578848669207
path,-7.41848869145465,-2.3123329438283644
path,-7.41806835359102,-2.31270932936969
path,-7.417647966774138,-2.3130854710236304
path,-7.41722753996503,-2.3134613604226812
path,-7.416808548161187,-2.313835672000981
path,-7.416390574154841,-2.3142087424948734
path,-7.415970986900573,-2.3145830368121048
path,-7.415551438171648,-2.314957006280565
path,-7.41513192016612,-2.3153306580923205
path,-7.41471364965326,-2.3157029011415635
path,-7.414296218718965,-2.316074070877219
path,-7.413877480459829,-2.3164461780990546
path,-7.413458802786146,-2.316817940518116
path,-7.413040173791263,-2.3171893693222194
path,-7.412622950787744,-2.317559253115807
path,-7.41220546407112,-2.317929097539174
path,-7.411788011317898,-2.318298623448146
path,-7.4113705858928,-2.31866783700271
path,-7.410953182203138,-2.319036743335364
path,-7.410536758985243,-2.3194044854495406
path,-7.410121389867255,-2.319770955627217
path,-7.409704446412476,-2.320138614110808
path,-7.409287567926244,-2.320505925241109
path,-7.408870741745361,-2.3208729008994324
path,-7.40845464908079,-2.3212389449837683
path,-7.408039701852354,-2.3216036318938746
path,-7.407623455061282,-2.321969249749403
path,-7.4072072708690975,-2.322334522953133
path,-7.406791137041887,-2.322699462868111
path,-7.406376444237797,-2.3230628415098256
path,-7.405962822097745,-2.323424934740212
path,-7.405547645151439,-2.323788198421313
path,-7.405132545694969,-2.32415110446215
path,-7.404717508750516,-2.3245136668479063
path,-7.404306724617296,-2.3248720087040877
path,-7.403899973660112,-2.325226298811207
path,-7.403496471036443,-2.325577275496399
path,-7.403095581641578,-2.3259255361490636
path,-7.402696791307152,-2.32627156435435
path,-7.402300288242446,-2.326615228727785
path,-7.401905131386175,-2.326957369522124
path,-7.401511047506317,-2.3272982436263825
path,-7.401117815595877,-2.3276380589103356
path,-7.400725256647905,-2.32797698369325
path,-7.400334200681743,-2.328314314047198
path,-7.399943556115639,-2.328651001111945
path,-7.399553227443068,-2.3289871346697684
path,-7.39916313766774,-2.3293227871469395
path,-7.39877322440377,-2.3296580171872914
path,-7.398383958814568,-2.329992424383868
path,-7.397994778745574,-2.3303264953845013
path,-7.3976056508162715,-2.330660261542324
path,-7.3972165482123575,-2.3309937481201026
path,-7.3968274491579535,-2.3313269755397474
path,-7.39643883743126,-2.3316595315604953
path,-7.3960501978233415,-2.3319918586515618
path,-7.395661518590772,-2.3323239678863876
path,-7.395272790385196,-2.332655868072011
path,-7.394884005616806,-2.3329875663293933
path,-7.394495875210305,-2.333318457379165
path,-7.394107677789807,-2.3336491573304317
path,-7.393719409007613,-2.33397967023476
path,-7.393331065619129,-2.3343099991728278
path,-7.392942644990425,-2.3346401466357922
path,-7.3925546005754645,-2.3349697278107646
path,-7.39216647546388,-2.3352991313925924
path,-7.391778268061356,-2.3356283588780546
path,-7.391389977221541,-2.335957411330249
path,-7.391001602044885,-2.3362862896307623
path,-7.390613791910871,-2.336614444596648
path,-7.39022589664317,-2.33694242699094
path,-7.389837915527154,-2.3372702375574095
path,-7.389449848137205,-2.337597876647844
path,-7.389061694179217,-2.337925344583166
path,-7.388673865064205,-2.3382522947148163
path,-7.388285949289632,-2.338579074350155
path,-7.387897946509525,-2.3389056838049997
path,-7.387509856591006,-2.3392321232126343
path,-7.387121679441431,-2.33955839269158
path,-7.386733999833661,-2.339884001315389
path,-7.386346233354176,-2.340209440460808
path,-7.385958379688474,-2.340534710399546
path,-7.385570438832606,-2.340859811207944
path,-7.385182410718279,-2.3411847429010946
path,-7.3847947531355,-2.34150912260969
path,-7.384407008666983,-2.3418333335024135
path,-7.384019177113541,-2.342157375782052
path,-7.383631258441565,-2.3424812494516027
path,-7.383243252667653,-2.342804954544772
path,-7.38285550676751,-2.343128201918022
path,-7.382467674064618,-2.3434512809145156
path,-7.382079754419529,-2.3437741916815202
path,-7.381691747804935,-2.344096934208335
path,-7.381303654249977,-2.3444195085229773
path,-7.380915883570522,-2.3447415743956066
path,-7.380528026293743,-2.3450634722570602
path,-7.380140082271264,-2.3453852022826607
path,-7.379752051501879,-2.345706764474077
path,-7.3793639339917645,-2.3460281588376586
path,-7.378976038640328,-2.3463491299249726
path,-7.37858805681767,-2.3466699333387284
path,-7.378199988429827,-2.3469905692216684
path,-7.377811833454223,-2.347311037557786
path,-7.377423591928638,-2.347631338374448
path,-7.377035763502651,-2.347951059924671
path,-7.376647848939654,-2.348270614184255
path,-7.376259848047489,-2.3485900013532404
path,-7.375871760858502,-2.348909221454536
path,-7.375483587372665,-2.349228274487568
path,-7.375095652771551,-2.3495468934583967
path,-7.374707632171293,-2.3498653455297385
path,-7.374319525421231,-2.350183630812333
path,-7.37393133255105,-2.350501749326936
path,-7.373543053568412,-2.350819701078273
path,-7.373154987293346,-2.3511372416592047
path,-7.372766835182548,-2.3514546156338696
path,-7.372378597082151,-2.351771823092245
path,-7.371990273029706,-2.352088864060722
path,-7.3716018630403655,-2.352405738549399
path,-7.371213587252621,-2.352722267134504
path,-7.370825225734995,-2.3530386293572216
path,-7.370436778380448,-2.3533548252878407
path,-7.37004824520025,-2.353670854933617
path,-7.3696596262250225,-2.3539867183158827
path,-7.36927083293621,-2.3543024872731833
path,-7.368881953777789,-2.3546180899232794
path,-7.368492988811752,-2.3549335262504996
path,-7.368103938023235,-2.355248796242975
path,-7.367714801413732,-2.3555638999007553
path,-7.367325983323548,-2.3558785102284263
path,-7.366937079792021,-2.356192954438538
path,-7.3665480906486,-2.3565072326789447
path,-7.366159015890941,-2.356821344946873
path,-7.365769855546043,-2.357135291261048
path,-7.365380915890047,-2.3574488248146173
path,-7.364991890926259,-2.357762192572474
path,-7.364602780540525,-2.358075394657042
path,-7.364213584726298,-2.358388431062453
path,-7.363824303508176,-2.3587013018057155
path,-7.363435161827691,-2.359013826280458
path,-7.363045934942452,-2.359326185204111
path,-7.362656622769551,-2.3596383786667
path,-7.3622672252853745,-2.359950406649771
path,-7.361877742540782,-2.360262269189661
path,-7.361488430784863,-2.360573761331094
path,-7.36109903397164,-2.3608850881387164
path,-7.3607095520243,-2.3611962497279237
path,-7.360319984941612,-2.3615072460967257
path,-7.359930332722469,-2.3618180772431474
path,-7.359540907730738,-2.3621284943142027
path,-7.35915139789879,-2.36243874633261
path,-7.358761803097627,-2.362748833412817
path,-7.358372123335471,-2.3630587555597673
path,-7.35798235862723,-2.363368512783347
path,-7.357592663241041,-2.36367798264472
path,-7.357202883060615,-2.363987287669532
path,-7.356813018006726,-2.364296427902052
path,-7.356423068098171,-2.3646054033550277
path,-7.356033032769268,-2.3649142145704953
path,-7.3556444005560735,-2.3652237229622455
path,-7.35525432668628,-2.365532051130834
path,-7.354864082223932,-2.365840143206149
path,-7.35447376066434,-2.3661480828869648
path,-7.3540833308800675,-2.3664558564091354
path,-7.353692900310403,-2.3667633532638925
path,-7.353302355305363,-2.3670706630033673
path,-7.352911695866373,-2.3673777856464366
path,-7.352520922017799,-2.3676847211666456
path,-7.35213150295934,-2.3679925667991863
path,-7.35174066028367,-2.3682990039405514
path,-7.351349703402126,-2.3686052539506575
path,-7.350958632302975,-2.3689113168762646
path,-7.350567705981786,-2.3692173824155436
path,-7.350177637856579,-2.369523997604834
path,-7.349786290804125,-2.3698294484283773
path,-7.349394829683258,-2.370134712087327
path,-7.349004760440214,-2.370440917917407
path,-7.34861307113914,-2.3707458085125896
path,-7.348221526964365,-2.3710507022711766
path,-7.347830927831406,-2.3713561216954453
path,-7.347438956183328,-2.371660405554392
path,-7.347048400860555,-2.371965652310905
path,-7.346656201336218,-2.372269562939107
path,-7.346265428405549,-2.372574443308857
path,-7.345873027876826,-2.37287796149177
path,-7.345482062942788,-2.373182455411024
path,-7.34508943475857,-2.373485600245897
path,-7.344698252585897,-2.373789729553981
path,-7.34430539683353,-2.374092500951114
path,-7.343914005603254,-2.3743962582970846
path,-7.343520932646959,-2.374698646434079
path,-7.343129333006664,-2.3750019922148535
path,-7.34273735656419,-2.3753050839282253
path,-7.342336546758842,-2.375605513185682
path,-7.3419497727446315,-2.3759113705957575
path,-7.341558202227468,-2.376213746171785
path,-7.341166459822885,-2.3765160926688673
path,-7.340772996320088,-2.3768172563703214
path,-7.340380934743112,-2.3771195355523593
path,-7.339987814989864,-2.3774210658754127
path,-7.339594837281821,-2.377722763804425
path,-7.33920259346874,-2.378025031277869
path,-7.338808421473967,-2.378325912714846
path,-7.338415885543153,-2.3786280004061124
path,-7.338021441237299,-2.3789287092872033
path,-7.337628623869776,-2.3792305839022125
path,-7.337233924501195,-2.3795310779889665
path,-7.336840845005571,-2.379832699866959
path,-7.33644590309879,-2.3801329404287563
path,-7.336052551800005,-2.3804342916527266
path,-7.3356573557122555,-2.380734258665015
path,-7.335263773024984,-2.3810352847377176
path,-7.334869280816608,-2.3813355637539884
path,-7.334474560894907,-2.3816355852511215
path,-7.3340805879281685,-2.3819361016555587
path,-7.333685651144525,-2.3822358056485795
path,-7.333290920998159,-2.382535516798058
path,-7.33289694338269,-2.3828355767404847
path,-7.332501053892616,-2.3831341480812958
path,-7.3321066479031884,-2.38343368375311
path,-7.3317123225740755,-2.383733065418655
path,-7.331317048642341,-2.3840315829867147
path,-7.330921773266678,-2.384329883045704
path,-7.330527531863597,-2.3846286269847075
path,-7.330133428412554,-2.3849273239427258
path,-7.329737292492839,-2.385224404138475
path,-7.329342516477076,-2.385522100831511
path,-7.3289485988174725,-2.3858200487260026
path,-7.328553241995039,-2.386116728101471
path,-7.328158079015035,-2.386413492115782
path,-7.327764595198993,-2.386710982561877
path,-7.327368580473453,-2.3870064675683174
path,-7.326974750173391,-2.387302971383149
path,-7.326579457086579,-2.3875981264910626
path,-7.3261860637572385,-2.387894260616863
path,-7.325790059730457,-2.3881883026876
path,-7.325396112704708,-2.388483167461773
path,-7.325003110620786,-2.3887781327631634
path,-7.324610310773842,-2.3890727154784193
path,-7.324216849166702,-2.3893666337808868
path,-7.323822479624306,-2.3896594552622292
path,-7.323426723024892,-2.389950877652873
path,-7.323029076292376,-2.390240588358868
path,-7.322629559808901,-2.390528593725135
path,-7.322228677781711,-2.390818717796424
path,-7.3218239727350065,-2.391102234548904
path,-7.3214150055042735,-2.3913827060660573
path,-7.321000800593082,-2.391659590083756
path,-7.32058046327563,-2.391932406673155
path,-7.320152878743765,-2.392200974029208
path,-7.319717353351933,-2.3924645577797956
path,-7.319272644587505,-2.3927225468088205
path,-7.318817369864419,-2.3929742846329622
path,-7.3183500767505265,-2.3932191133805922
path,-7.317875097152222,-2.3934595554927176
path,-7.317399970788195,-2.393699423719767
path,-7.316924735160259,-2.393938710981261
path,-7.316449050547976,-2.3941769011044767
path,-7.315969203190704,-2.394408673166327
path,-7.315479069688345,-2.3946256363585428
path,-7.31497174854184,-2.394818657180047
path,-7.3144505480284305,-2.3949944175094537
path,-7.313926532081183,-2.3951708586358875
path,-7.313400182822785,-2.3953481667217433
path,-7.312872272556778,-2.395526310346489
path,-7.312342632869063,-2.395705299900689
path,-7.311811100208642,-2.3958851359266
path,-7.311277459922529,-2.396066068106157
path,-7.310740304772746,-2.3962545030789992
path,-7.310197501543087,-2.396463163787825
path,-7.30964692662352,-2.396704896397502
path,-7.309093480158424,-2.3969704453503824
path,-7.308544214303113,-2.3972388959973188
path,-7.307999511421374,-2.3975106275145013
path,-7.307460203698606,-2.397786054338499
path,-7.306926840812926,-2.3980662904842256
path,-7.306400239216932,-2.3983521291014336
path,-7.305881121996853,-2.3986441396529266
path,-7.30537011034882,-2.3989426939541043
path,-7.30486759699153,-2.3992480937338567
path,-7.304374122063479,-2.399560300096626
path,-7.303887915143367,-2.3998813418087264
path,-7.303414957670186,-2.4002103075278396
path,-7.302956497530486,-2.4005356945634824
path,-7.3025122600700705,-2.400860350288669
path,-7.302082500114855,-2.4011829440453796
path,-7.301666958611486,-2.4015023408266893
path,-7.301265303713862,-2.401817433308977
path,-7.300877030336584,-2.40212707670231
path,-7.300501057481073,-2.402430436854819
path,-7.300139827078276,-2.4027283115914777
path,-7.299796676452784,-2.403022851492066
path,-7.2994702217835306,-2.4033125541900335
path,-7.299158676893492,-2.4035959379338783
path,-7.298859524951344,-2.403872081158642
path,-7.298570150408427,-2.40414015603719
path,-7.298283089991653,-2.4044045702464247
path,-7.297989433806035,-2.404671297372044
path,-7.297679742435063,-2.4049468253694335
path,-7.297342843817777,-2.405239407571328
path,-7.296965307122128,-2.405559841163249
path,-7.296528916755143,-2.405924188089842
path,-7.2960327677007895,-2.406334630958605
path,-7.2955410356143275,-2.4067320506932317
path,-7.2950567103965005,-2.407115007675558
path,-7.2945783924309,-2.4074858029149055
path,-7.294098047973364,-2.4078526912704783
path,-7.293614405647155,-2.4082168337917564
path,-7.2931273508160865,-2.4085781340273855
path,-7.292636021031219,-2.4089373546713366
path,-7.292141567038011,-2.409293966370824
path,-7.29164398706284,-2.4096479653046385
path,-7.291143174207136,-2.4099992619021564
path,-7.290638902941907,-2.410347669190766
path,-7.290129971344012,-2.410693893393931
path,-7.289617086188105,-2.4110368186877014
path,-7.289099967530821,-2.4113762126471827
path,-7.288578410013319,-2.411711904768283
path,-7.288052155817847,-2.4120436816288753
path,-7.2875201714945,-2.412372021011757
path,-7.286982926681939,-2.4126959802721113
path,-7.286440213196238,-2.41301538642509
path,-7.285891468173677,-2.413329777136749
path,-7.285336628733583,-2.413639099862528
path,-7.284774522110036,-2.4139439864576686
path,-7.28420795822645,-2.414245140654562
path,-7.283645670064375,-2.414549735874905
path,-7.283088101548396,-2.4148581445026602
path,-7.282534749239632,-2.415169953018533
path,-7.2819841365785605,-2.415485418745365
path,-7.2814369624897886,-2.4158036461634897
path,-7.2808929122524635,-2.41612437695493
path,-7.280351712091833,-2.4164473867461718
path,-7.279813122438531,-2.416772479301957
path,-7.279275642809205,-2.417100272353709
path,-7.278739922621288,-2.417429453094652
path,-7.278204138019053,-2.4177585239488266
path,-7.277668123585196,-2.4180873472985303
path,-7.277131874678754,-2.418415919267982
path,-7.276594115645772,-2.4187450231909695
path,-7.276056118152895,-2.419073872421271
path,-7.275517884079015,-2.419402468131269
path,-7.274979410385798,-2.4197308077875856
path,-7.274440696051084,-2.4200588904982925
path,-7.273900351402775,-2.420387560436134
path,-7.27335976069147,-2.4207159693840348
path,-7.272818925908348,-2.42104411790565
path,-7.272277845314212,-2.4213720047610283
path,-7.271736518472009,-2.421699629546414
path,-7.271193472948349,-2.4220278804121427
path,-7.270650177159863,-2.422355865877318
path,-7.2701066307284306,-2.4226835852258435
path,-7.269562833175773,-2.423011038012455
path,-7.269018783717828,-2.4233382235649654
path,-7.268473243828332,-2.423665884873335
path,-7.267927448775482,-2.4239932762334204
path,-7.267381398578721,-2.4243203973039744
path,-7.266835092609235,-2.4246472475262353
path,-7.266288530841752,-2.4249738268418013
path,-7.265740085386466,-2.4253011044851625
path,-7.265191379414464,-2.425628107326742
path,-7.264642414046211,-2.4259548358300185
path,-7.264093188231179,-2.426281289095522
path,-7.263543701116888,-2.42660746638874
path,-7.262992236720243,-2.4269343846343285
path,-7.262440507411492,-2.4272610239116204
path,-7.26188851377113,-2.427587384226184
path,-7.261336255456037,-2.427913465259343
path,-7.260783731739048,-2.428239266375095
path,-7.260228382387323,-2.428566293189634
path,-7.259672762489393,-2.428893035861185
path,-7.259116872947365,-2.4292194944407792
path,-7.2585607129233765,-2.4295456682090917
path,-7.258004282204616,-2.4298715569520883
path,-7.257446030713523,-2.4301980654469273
path,-7.256887504695644,-2.430524285737447
path,-7.256328704766941,-2.4308502178981164
path,-7.25576962968653,-2.4311758608818437
path,-7.255210279207249,-2.4315012144380224
path,-7.254648623266532,-2.4318274564942826
path,-7.254086687545359,-2.432153405503134
path,-7.253524472551568,-2.4324790613389937
path,-7.252961977758747,-2.43280442353328
path,-7.252399202291206,-2.4331294913289887
path,-7.251834446568501,-2.433455244240275
path,-7.251269406496776,-2.433780699697042
path,-7.250704082121934,-2.4341058572845466
path,-7.250138472800911,-2.4344307164312755
path,-7.249572578688182,-2.4347552772271737
path,-7.249004628635173,-2.435080552119663
path,-7.248436389391342,-2.435405525010056
path,-7.247867860460581,-2.435730195025741
path,-7.2472990421728145,-2.4360545623897694
path,-7.2467299335715305,-2.436378626285448
path,-7.2461572611292215,-2.4367042456865993
path,-7.245584291957301,-2.437029556331061
path,-7.245011027235565,-2.4373545583460405
path,-7.24443746580923,-2.4376792507540075
path,-7.243863607232119,-2.4380036331418182
path,-7.243294656786654,-2.438324497845457
path,-7.242725610784906,-2.4386452172163486
path,-7.24215627112737,-2.4389656305715457
path,-7.24158663704073,-2.439285737251242
path,-7.24101670856928,-2.439605537243268
path,-7.240444249820903,-2.4399262801796917
path,-7.239871491303655,-2.4402467119778737
path,-7.239298433394832,-2.4405668323729963
path,-7.238725074486407,-2.440886640009646
path,-7.238151415046718,-2.4412061352346575
path,-7.237575601528287,-2.441526345677747
path,-7.23699948317451,-2.4418462401308183
path,-7.23642305959265,-2.442165817788819
path,-7.235846329961406,-2.4424850779456597
path,-7.235269293472648,-2.44280401990772
path,-7.234689532993395,-2.4431239760291312
path,-7.234109460402054,-2.443443609602238
path,-7.233529075842325,-2.443762920121703
path,-7.232948378740116,-2.4440819070814763
path,-7.232367367748808,-2.44440056934955
path,-7.2317824595805495,-2.4447208593402707
path,-7.2311972370160085,-2.4450408241190673
path,-7.230611694598418,-2.4453604583791884
path,-7.230025831878224,-2.4456797617091888
path,-7.229439647800157,-2.4459987332194846
path,-7.228851475659236,-2.4463189384449064
path,-7.2282651182337,-2.446640553257144
path,-7.22768056115207,-2.446963567255994
path,-7.227097761709778,-2.4472879457941548
path,-7.2265166823498825,-2.447613658554238
path,-7.225935062192457,-2.4479426718817665
path,-7.225355088096492,-2.448272960817672
path,-7.224776725732967,-2.4486044961921083
path,-7.224199940718693,-2.448937250373222
path,-7.223624699417451,-2.4492711963555642
path,-7.223048606609069,-2.44960842312686
path,-7.222473991039484,-2.4499467895454217
path,-7.221900822161189,-2.450286269518602
path,-7.221329069256782,-2.4506268384855225
path,-7.220758702283958,-2.4509684724459966
path,-7.2201864729199094,-2.4513137096407758
path,-7.219615227735452,-2.4516596867053635
path,-7.219044530979833,-2.4520060478575485
path,-7.2184738428037765,-2.4523523519641888
path,-7.217903161949658,-2.4526985978685696
path,-7.217337289031725,-2.4530413110440517
path,-7.216771821197784,-2.4533842897402245
path,-7.216206361805411,-2.453727212447798
path,-7.215640910889402,-2.4540700792133623
path,-7.215075468728475,-2.4544128903011475
path,-7.214507125000027,-2.4547574098663847
path,-7.213938789444384,-2.4551018736714805
path,-7.21337046363823,-2.4554462820811014
path,-7.212802147680756,-2.455790635217936
path,-7.212233841905544,-2.4561349333940528
path,-7.2116625408186685,-2.4564809966197965
path,-7.211091249176046,-2.4568270046891696
path,-7.210519968467575,-2.457172957865609
path,-7.209948698612291,-2.4575188561271784
path,-7.209377439929519,-2.4578646997763274
path,-7.208803063731757,-2.458212381959916
path,-7.208228698136033,-2.4585600094897813
path,-7.207654344126468,-2.4589075821743123
path,-7.207080002032719,-2.45925510032879
path,-7.206505672048915,-2.4596025641553734
path,-7.205928759925796,-2.4599515420431275
path,-7.205351859240234,-2.460300465422096
path,-7.204774971143473,-2.4606493344200233
path,-7.204198095466956,-2.4609981489436543
path,-7.203621232534843,-2.4613469093046536
path,-7.20304102075454,-2.46169764693772
path,-7.202460820654575,-2.4620483299940643
path,-7.20188063372739,-2.4623989586231376
path,-7.201300460233189,-2.4627495330864835
path,-7.200720299896285,-2.463100053205426
path,-7.200135218329286,-2.4634534992362975
path,-7.199550148595571,-2.463806890469477
path,-7.198965086084186,-2.4641602215768037
path,-7.198380007052054,-2.464513473253093
path,-7.197794885121167,-2.4648666240156336
path,-7.197677849381521,-2.4650041869274824
path,-7.197929419849438,-2.46508598243585
path,-7.198427916832773,-2.465268861137488
path,-7.1991377465298445,-2.465577422497971
path,-7.199984060060327,-2.4659515030292747
path,-7.2005022573901725,-2.4665766205551374
path,-7.2008286737762495,-2.4674207054093276
path,-7.200996570618869,-2.468404374761762
path,-7.201133722698033,-2.469400579095904
path,-7.2012583650865425,-2.4703921252462115
path,-7.201386544482142,-2.4713651970272554
path,-7.201502007343347,-2.4723357403994664
path,-7.201300690732322,-2.473077714346867
path,-7.200729372109342,-2.473486683789673
path,-7.200095314553521,-2.4738465630412128
path,-7.199459455398917,-2.4742149011916785
path,-7.19882749116412,-2.474586984968774
path,-7.198196876268442,-2.474965108224587
path,-7.197569477529533,-2.475347345753279
path,-7.1969452308545225,-2.4757333351321296
path,-7.196319899102568,-2.4761267780911616
path,-7.195698717621877,-2.476522409642209
path,-7.1950668009448115,-2.4769125348956087
path,-7.194426895025151,-2.477296203545072
path,-7.193790920259661,-2.47768332615558
path,-7.193152473279118,-2.4780773430742378
path,-7.192501942224067,-2.4784591952567854
path,-7.191854025243458,-2.4788456997386383
path,-7.191210219121088,-2.479235514089456
path,-7.190570285883572,-2.4796284237391744
path,-7.189928912787575,-2.4800262222677847
path,-7.189275189537352,-2.4804115787864323
path,-7.18862128590401,-2.4807995530310065
path,-7.187971613054405,-2.481190772429971
path,-7.18732559439916,-2.4815847724124085
path,-7.186676020786286,-2.4819806686551553
path,-7.1860268683534425,-2.4823747175455586
path,-7.185374536449953,-2.4827688137868242
path,-7.184721313604409,-2.4831618133994624
path,-7.18406722514196,-2.483553762747132
path,-7.18340726858417,-2.4839477401279138
path,-7.182748018177449,-2.484339941796405
path,-7.182086157532931,-2.4847321565809857
path,-7.181423585090766,-2.4851234302044816
path,-7.180760320580575,-2.485513802139655
path,-7.180092513034583,-2.485905621569504
path,-7.179425516997177,-2.4862958934354182
path,-7.178755698145843,-2.486686476027776
path,-7.1780853403431815,-2.487076233249168
path,-7.177414453299792,-2.487465201087498
path,-7.176737565105465,-2.487856621835197
path,-7.176061688282769,-2.4882465121743595
path,-7.175383503983963,-2.488636648593396
path,-7.174704890804759,-2.489026068190352
path,-7.174025854617005,-2.4894147999337286
path,-7.173338670783568,-2.489807401918515
path,-7.1726525653053255,-2.4901986736310264
path,-7.171964142898928,-2.4905906611696174
path,-7.171275342709212,-2.4909819481850843
path,-7.170586169452573,-2.4913725668251243
path,-7.169895462077464,-2.4917635335957495
path,-7.169210079924197,-2.492151203259712
path,-7.168529080922241,-2.492536245505503
path,-7.167851662238102,-2.492919170340298
path,-7.167177158090218,-2.4933003774648546
path,-7.166499993373919,-2.493683043240818
path,-7.165824768730873,-2.4940645778388517
path,-7.165151128237669,-2.494445189997323
path,-7.164478777823551,-2.4948250451085396
path,-7.163807475537201,-2.4952042739601508
path,-7.1631321828994405,-2.4955857134957595
path,-7.162457572534574,-2.495966709284662
path,-7.161783509635751,-2.49634732418514
path,-7.161109880518502,-2.4967276065242996
path,-7.1604365904366665,-2.4971075932253775
path,-7.1597573851783185,-2.4974908092341646
path,-7.1590783574733425,-2.4978737651418434
path,-7.158399466365253,-2.4982564865787933
path,-7.157720664038857,-2.4986389835852916
path,-7.157041909820716,-2.4990212626736135
path,-7.156354172639168,-2.499408459202426
path,-7.155666352539602,-2.4997953881883137
path,-7.154978488476496,-2.5001821009069056
path,-7.154290557514414,-2.5005685956368864
path,-7.153602539625653,-2.5009548697723902
path,-7.152907633158732,-2.5013447497016013
path,-7.152212577952786,-2.5017343784113573
path,-7.1515173864485,-2.5021237717356124
path,-7.150822046094886,-2.5025129252653775
path,-7.150126545659923,-2.5029018345357783
path,-7.149425202063021,-2.5032936673220245
path,-7.1487236696223935,-2.5036852392390117
path,-7.148021946529281,-2.5040765496886914
path,-7.147320025137064,-2.504467594386638
path,-7.146617898479243,-2.504858369211259
path,-7.1459096772257675,-2.5052521462938926
path,-7.145201225952925,-2.5056456355110712
path,-7.144492548020647,-2.506038838835266
path,-7.143783638830717,-2.506431753070021
path,-7.143074493505069,-2.5068243747429886
path,-7.14235468782508,-2.5072230494999284
path,-7.1416345310472265,-2.5076213378612113
path,-7.140914061070715,-2.5080192677505457
path,-7.1401932816385,-2.508416842477536
path,-7.1394721959452045,-2.5088140648473765
path,-7.138742637522243,-2.5092154719848097
path,-7.138012726432553,-2.5096164884627443
path,-7.1372825108582685,-2.5100171520781807
path,-7.136551992194366,-2.510417464020636
path,-7.13582117156406,-2.510817425236646
path,-7.135083186757374,-2.511220804639974
path,-7.134344874486082,-2.511623812181708
path,-7.133606257472014,-2.5120264647691957
path,-7.132867335966373,-2.512428762581082
path,-7.1321281101002425,-2.512830705690089
path,-7.131379620678392,-2.5132372177614473
path,-7.130630762333251,-2.513643321382735
path,-7.129881593287462,-2.5140490623975595
path,-7.129132113193614,-2.5144544404641818
path,-7.128382321674033,-2.514859455213462
path,-7.127684054471869,-2.5152230340363357
path,-7.126988384326375,-2.515587341007305
path,-7.126294591224339,-2.5159531209036503
path,-7.125602628466844,-2.516320335435546
path,-7.124912456531487,-2.5166889523096287
path,-7.124215650864464,-2.517065095742621
path,-7.123518543326998,-2.517440904990557
path,-7.122821042332699,-2.5178162970589
path,-7.12212315550422,-2.5181912781969973
path,-7.121424889979778,-2.518565854253653
path,-7.120719524338644,-2.5189436425221237
path,-7.120013772591939,-2.519321019546049
path,-7.119307654456582,-2.5196979997182183
path,-7.118601175518364,-2.520074587602539
path,-7.117894341001674,-2.520450787464109
path,-7.117181535784284,-2.520829587499315
path,-7.116468376680254,-2.5212080008853968
path,-7.11575487038631,-2.5215860315160707
path,-7.11504102098122,-2.521963682708181
path,-7.114326832276058,-2.5223409575572346
path,-7.113605006398412,-2.522721725698971
path,-7.1128828212619934,-2.523102100870367
path,-7.112160300683575,-2.523482100745725
path,-7.1114374475863205,-2.5238617276848667
path,-7.110714264702233,-2.5242409838895687
path,-7.109983132403116,-2.5246238858759296
path,-7.109251643444505,-2.5250063947286536
path,-7.108519825466186,-2.5253885312220374
path,-7.107787680575079,-2.525770297039505
path,-7.107055210741235,-2.5261516937513324
path,-7.106316052390035,-2.526536030303454
path,-7.105576564468441,-2.5269199938181433
path,-7.104836751279303,-2.527303586025041
path,-7.104096614365186,-2.52768680813978
path,-7.103356155169169,-2.5280696612957563
path,-7.1026070953991445,-2.5284564585667986
path,-7.101857673468746,-2.5288428536155148
path,-7.101107926130834,-2.5292288746225586
path,-7.10035785451309,-2.5296145224589655
path,-7.099607459671943,-2.5299997979368647
path,-7.098848082218211,-2.530389186341853
path,-7.098088334558984,-2.5307781631868074
path,-7.097328259298046,-2.531166761412417
path,-7.096567857260257,-2.5315549816376466
path,-7.095805151574493,-2.5319411834556163
path,-7.095031204535518,-2.5323352346573293
path,-7.094256931403222,-2.5327289114761617
path,-7.093482332244132,-2.5331222070158725
path,-7.092707405811095,-2.5335151201742474
path,-7.091932123063547,-2.5339076268293494
path,-7.091146791558654,-2.534304770486623
path,-7.09036106356881,-2.5347014739673006
path,-7.089574996688636,-2.5350977823273952
path,-7.088788590589655,-2.535493695224485
path,-7.088001845051815,-2.5358892124060968
path,-7.087206550779333,-2.5362884840261453
path,-7.086410881453075,-2.5366873300634123
path,-7.085614865391297,-2.5370857717138837
path,-7.08481850269423,-2.537483808989065
path,-7.084021793508738,-2.537881441939174
path,-7.083214008320946,-2.538284104438015
path,-7.082405790622718,-2.538686290794293
path,-7.081597218039192,-2.53908806244432
path,-7.080788290830092,-2.5394894195297706
path,-7.079979009272463,-2.5398903622067146
path,-7.079160368706669,-2.540295388444494
path,-7.078341325481726,-2.540699959770843
path,-7.077521921114743,-2.541104108117125
path,-7.076702155917293,-2.5415078336661643
path,-7.0758820302045,-2.541911136603747
path,-7.075049731731274,-2.5423199245910495
path,-7.074216966828088,-2.5427282015009225
path,-7.073383818493339,-2.5431360329802035
path,-7.0725502488712975,-2.543543387557653
path,-7.0717162173542185,-2.54395023145123
path,-7.070864367873512,-2.5443656069043277
path,-7.070011742581207,-2.544780210853788
path,-7.0691585266398285,-2.545194191546802
path,-7.068304676612367,-2.5456075128083624
path,-7.067450147873966,-2.5460201374673375
path,-7.0665825754667875,-2.5464397419305675
path,-7.0657142292617765,-2.5468585723758994
path,-7.064845067820588,-2.547276588664224
path,-7.0639750448281635,-2.5476937521734775
path,-7.063104111861792,-2.548110022524583
path,-7.062222901075315,-2.5485327919930603
path,-7.0613406791044415,-2.5489545873996655
path,-7.0604574021299555,-2.549375365839862
path,-7.059573020182196,-2.54979508560088
path,-7.058687480171337,-2.550213702376871
path,-7.057788404019838,-2.5506409690167113
path,-7.056888057193453,-2.5510670432330573
path,-7.055986392135988,-2.5514918769400143
path,-7.055083353002268,-2.5519154234949237
path,-7.05417887970877,-2.5523376327402127
path,-7.053260253026226,-2.5527661642244515
path,-7.052339350652142,-2.5531958946545465
path,-7.051415805719182,-2.553624554421591
path,-7.050489459886756,-2.5540520296735028
path,-7.049560150113827,-2.554478205224699
path,-7.048616523377771,-2.554911799119182
path,-7.047669570315883,-2.5553438858314537
path,-7.046719123250784,-2.555774348858418
path,-7.04576500293283,-2.5562030730092262
path,-7.044807021731055,-2.556629939780193
path,-7.04382361609858,-2.557071690846401
path,-7.042835913984319,-2.557511409620843
path,-7.041843725425453,-2.557948979298137
path,-7.040846826903089,-2.55838427590999
path,-7.039844966139304,-2.5588171579111707
path,-7.038824627919958,-2.5592577469151925
path,-7.037803660069159,-2.559697783296342
path,-7.03678230958661,-2.5601373435771477
path,-7.035760578456386,-2.5605764276328182
path,-7.034738468415471,-2.561015035293433
path,-7.033694957183162,-2.5614651991324315
path,-7.032648641874256,-2.561912865044285
path,-7.031601821663023,-2.5623599379002724
path,-7.030554333647787,-2.562806281576203
path,-7.029506013843184,-2.5632517589320574
path,-7.0286338673354285,-2.5635677036758753
path,-7.027788810270674,-2.563851604541543
path,-7.02694218509613,-2.5641341043440393
path,-7.026093693259397,-2.5644149553494007
path,-7.025243041440923,-2.564693914412672
path,-7.024382973485935,-2.564976193256493
path,-7.023520170263288,-2.5652561059509806
path,-7.0226543795879826,-2.565533439378529
path,-7.021785465263498,-2.5658080813974737
path,-7.020913423429027,-2.566080029564098
path,-7.020028428376894,-2.566356806034544
path,-7.019140090531587,-2.5666307146610285
path,-7.018248289187476,-2.5669016500838997
path,-7.017352897911815,-2.5671695089638864
path,-7.016453787957242,-2.5674341862317767
path,-7.015543463419547,-2.5677012992747756
path,-7.014629151707579,-2.5679650136625156
path,-7.013710719808533,-2.5682252163720483
path,-7.012788064450287,-2.568481823847285
path,-7.011861321037666,-2.5687349488787854
path,-7.010923885785499,-2.568989069648687
path,-7.00998181588504,-2.569239264188477
path,-7.009035081482488,-2.569485505318363
path,-7.008083625997225,-2.569727749956739
path,-7.007127295096347,-2.5699658739457
path,-7.006157762442036,-2.570206055510213
path,-7.005183032265632,-2.5704418590645672
path,-7.004202944153189,-2.5706731507825626
path,-7.003217331361736,-2.570899797447083
path,-7.002225997947177,-2.571121642144895
path,-7.001218406742381,-2.5713466829837683
path,-7.000204763784065,-2.571566660177317
path,-6.999186687842854,-2.5717828843925328
path,-6.998166238558756,-2.5719970543224564
path,-6.997143298127059,-2.5722090762814647
path,-6.996110253229858,-2.5724245133641537
path,-6.9950743742015735,-2.5726375255640366
path,-6.994035554201137,-2.5728480225494357
path,-6.992993644177869,-2.5730558846042677
path,-6.9919484427074465,-2.5732609496107743
path,-6.990889854333421,-2.5734706180835296
path,-6.989827596963423,-2.5736771846399673
path,-6.988761448289694,-2.57388046765881
path,-6.987693731650466,-2.5740776570555335
path,-6.986621171568462,-2.5742745854446096
path,-6.985531248219895,-2.5744774648804465
path,-6.984436540756076,-2.5746764246829716
path,-6.983336844033254,-2.57487128432307
path,-6.982233105284123,-2.575062812143442
path,-6.981128391959182,-2.5752534903036297
path,-6.980011024196128,-2.5754481372996505
path,-6.9788901993137245,-2.575639918695156
path,-6.977768606650218,-2.575830995376424
path,-6.976646255766542,-2.576021369446019
path,-6.975523153084974,-2.5762110416750126
path,-6.974386236882902,-2.5764046020110665
path,-6.973246084938122,-2.576595458669173
path,-6.972105176430112,-2.57678559595942
path,-6.970963518480806,-2.5769750126347257
path,-6.969821111900021,-2.5771637098046427
path,-6.968660959753904,-2.577358135701046
path,-6.967496246145304,-2.577548779311618
path,-6.966330764439232,-2.5777386750367643
path,-6.965164520046513,-2.5779278232051293
path,-6.963997514264481,-2.578116222570819
path,-6.962805194498981,-2.578314890446669
path,-6.961605289084837,-2.578507347880913
path,-6.960403993586647,-2.57869854051187
path,-6.959201900478223,-2.578888939782499
path,-6.9579990105169625,-2.5790785444988926
path,-6.956778101075884,-2.579272635824802
path,-6.955553642883911,-2.5794637431946814
path,-6.954328364520927,-2.5796540252017066
path,-6.953102266432364,-2.5798434804048176
path,-6.951875348778293,-2.580032107326818
path,-6.950624838159152,-2.5802275014411653
path,-6.949369104170021,-2.580418574669961
path,-6.9481125144067155,-2.5806087777399864
path,-6.9468550676001755,-2.5807981092226475
path,-6.945596767417943,-2.580986566665263
path,-6.944317015109985,-2.58117986102589
path,-6.9430335366007565,-2.5813700164132314
path,-6.9417491720432745,-2.5815592594594428
path,-6.940463915821872,-2.5817475890561403
path,-6.939177771505081,-2.5819350026530152
path,-6.937855705466845,-2.5821358365324776
path,-6.936522562305241,-2.5823283079285413
path,-6.935188006594059,-2.582519436009109
path,-6.933852495586688,-2.5827095735862944
path,-6.932516028718963,-2.582898718420168
path,-6.9313425088889575,-2.5830342628466343
path,-6.930285315656573,-2.5831733054633315
path,-6.929271032768304,-2.583366112391537
path,-6.928503378633785,-2.583742393251788
path,-6.927782499097474,-2.584124700335458
path,-6.927052771157214,-2.584511514484037
path,-6.926322945674458,-2.584898195632312
path,-6.925593025909978,-2.5852847411324094
path,-6.924863012009961,-2.5856711509655685
path,-6.924132904110633,-2.586057425120765
path,-6.923395604301336,-2.5864473154544183
path,-6.922658206410772,-2.5868370695710903
path,-6.921920713068784,-2.5872266853564496
path,-6.921183124383653,-2.587616162824339
path,-6.920445440457954,-2.5880055019930825
path,-6.919695497248836,-2.5884011169654344
path,-6.918945451540142,-2.5887965927190186
path,-6.918195307730504,-2.589191925650542
path,-6.917445065906903,-2.589587115795481
path,-6.916694726152824,-2.589982163192032
path,-6.915937025654417,-2.5903808881258903
path,-6.915179222918862,-2.5907794697874786
path,-6.914421320593355,-2.591177906054279
path,-6.913663318751957,-2.5915761969748505
path,-6.912905217466697,-2.5919743425993547
path,-6.912137550017649,-2.5923773100928837
path,-6.911369777426688,-2.592780131571732
path,-6.910601903111469,-2.593182804267261
path,-6.909833927139246,-2.5935853282372836
path,-6.90906584957605,-2.593987703540572
path,-6.908289820822709,-2.594394038516803
path,-6.90751368575281,-2.5948002242367183
path,-6.906737447206103,-2.5952062584227185
path,-6.9059611052462815,-2.595612141138722
path,-6.905184659936228,-2.5960178724492526
path,-6.9043936639167365,-2.596430994593057
path,-6.903602555696985,-2.5968439640886256
path,-6.902811340446089,-2.59725677670073
path,-6.902020018227477,-2.597669432499749
path,-6.9012285891041625,-2.598081931556379
path,-6.900426164817677,-2.598499943443449
path,-6.899623626953486,-2.5989177976370583
path,-6.898820979421083,-2.599335490969765
path,-6.8980182222842785,-2.5997530235164903
path,-6.897215355606723,-2.6001703953522863
path,-6.89640327115532,-2.6005923368195165
path,-6.895591071582815,-2.6010141167755934
path,-6.8947787601688235,-2.6014357325888575
path,-6.893966336978135,-2.6018571843376197
path,-6.893153802075303,-2.602278472100338
path,-6.892331696703948,-2.602704495309795
path,-6.891509473804113,-2.60313035366903
path,-6.890687136778613,-2.6035560444476067
path,-6.889864685693507,-2.603981567727174
path,-6.889042120614884,-2.604406923589365
path,-6.888201983210678,-2.6048411308734107
path,-6.887361720913746,-2.605275168920637
path,-6.886521339948585,-2.6057090326322867
path,-6.885680840384852,-2.606142722095604
path,-6.884840222292214,-2.6065762373978183
path,-6.883988966918078,-2.607014997722004
path,-6.8831375864716735,-2.607453582803906
path,-6.882286084731033,-2.607891989612146
path,-6.881434461768106,-2.608330218237362
path,-6.880582717654855,-2.6087682687701625
path,-6.8797198441251535,-2.609211797003532
path,-6.8788568425698,-2.6096551459658235
path,-6.87799371693945,-2.610098312486659
path,-6.877130467338274,-2.6105412966369355
path,-6.876267093782633,-2.6109840985564494
path,-6.875383177198506,-2.6114371797964555
path,-6.874499123737398,-2.611890076316162
path,-6.8736149406641145,-2.6123427821663223
path,-6.87273062805816,-2.612795297447949
path,-6.871846185999123,-2.6132476222619805
path,-6.870946039536839,-2.6137077136569378
path,-6.870045753716664,-2.614167612643026
path,-6.869145334099407,-2.6146273147156327
path,-6.86824478076864,-2.6150868199810833
path,-6.867344093807935,-2.615546128545674
path,-6.866430106402978,-2.616011947770789
path,-6.86551597698332,-2.6164775686205317
path,-6.864601710263476,-2.616942987311217
path,-6.8636873063305925,-2.6174082039537447
path,-6.862772765271774,-2.6178732186589957
path,-6.8618442873456,-2.618345040642627
path,-6.860915663463237,-2.618816658860933
path,-6.859986898562307,-2.6192880693515677
path,-6.859057992733777,-2.6197592722303567
path,-6.858128946068552,-2.620230267613117
path,-6.85718155663413,-2.620710273222254
path,-6.856234014599256,-2.6211900687476244
path,-6.855286326448756,-2.621669648937468
path,-6.8543384922787425,-2.622149013914409
path,-6.8533905121853165,-2.622628163801029
path,-6.852414926436186,-2.623120962480422
path,-6.851439176772346,-2.623613541799607
path,-6.850463272929714,-2.6241058937915684
path,-6.849487215012618,-2.6245980185897264
path,-6.848511003125371,-2.6250899163274637
path,-6.8475133537365265,-2.625592299311041
path,-6.846515536358386,-2.6260944517854945
path,-6.8455175585621415,-2.6265963676203516
path,-6.84451942045888,-2.627098046957705
path,-6.8435211221596415,-2.6275994899396142
path,-6.842504456354245,-2.6281098315856597
path,-6.841487618317705,-2.62861993383929
path,-6.840470614544501,-2.629129791489435
path,-6.839453445151579,-2.6296394046858995
path,-6.838436110256017,-2.6301487735783518
path,-6.837399324867813,-2.630667542741927
path,-6.8363623611449285,-2.6311860642432725
path,-6.835325225961097,-2.6317043325679226
path,-6.834287919439861,-2.6322223478740354
path,-6.833250441704708,-2.632740110319727
path,-6.832350194261052,-2.6331934820893523
path,-6.831467652676985,-2.6336333753122414
path,-6.830584987473799,-2.6340730859544763
path,-6.829702198729765,-2.634512614112284
path,-6.828819286522875,-2.6349519598819677
path,-6.827924504414155,-2.6353969623529974
path,-6.8270295915969195,-2.6358417812001353
path,-6.8261345522679395,-2.6362864130669044
path,-6.825239386509012,-2.636730858052396
path,-6.824344094400145,-2.637175116256978
path,-6.823438061296052,-2.637624449348066
path,-6.822531895294316,-2.638073594522176
path,-6.821625600272086,-2.6385225487022326
path,-6.8207191761265875,-2.6389713121356095
path,-6.819812623032257,-2.6394198848549797
path,-6.8188921100687425,-2.6398751033183303
path,-6.817971459552327,-2.640330129467331
path,-6.8170506764670735,-2.6407849593027253
path,-6.816129760731468,-2.641239593062801
path,-6.815208712435522,-2.641694030813632
path,-6.81426708054799,-2.6421583519776313
path,-6.813325303927553,-2.642622474083125
path,-6.812383389963215,-2.643086391146011
path,-6.81144133896814,-2.643550103133407
path,-6.810499151335873,-2.6440136099634217
path,-6.809544313702835,-2.6444830608396854
path,-6.808589332444994,-2.6449523044682115
path,-6.807630787953738,-2.6454252195529664
path,-6.806681203895384,-2.6458876470929695
path,-6.805738259949086,-2.6463385165973485
path,-6.804786496429357,-2.646788280307024
path,-6.803839578901493,-2.647233336915122
path,-6.802899458667804,-2.6476729093175373
path,-6.801964164406717,-2.648106588280533
path,-6.801033201016245,-2.648534923119946
path,-6.800093088951287,-2.6489643223231867
path,-6.799156617580232,-2.6493891241557654
path,-6.798223466816344,-2.6498096830782365
path,-6.7972933545671115,-2.6502263097447583
path,-6.796366033989271,-2.6506392754871784
path,-6.795418556937145,-2.651058854990115
path,-6.79447356809877,-2.651475074201886
path,-6.793530892054953,-2.651888127027576
path,-6.792590365367901,-2.652298191735119
path,-6.791651841624811,-2.652705427693048
path,-6.790698700935044,-2.6531170810621516
path,-6.7897473677991655,-2.6535260930446354
path,-6.78879773482466,-2.653932581497943
path,-6.787849699570889,-2.6543366571058464
path,-6.7869031688233985,-2.6547384203879196
path,-6.785944528683525,-2.6551436690852417
path,-6.784987263268765,-2.6555467237150534
path,-6.784031302712864,-2.6559476604451286
path,-6.783076578675188,-2.656346552387663
path,-6.782123028230359,-2.6567434667269136
path,-6.781153180502387,-2.657145671524496
path,-6.780184427103866,-2.657545954641548
path,-6.7792167214202586,-2.6579443671256713
path,-6.77825001485867,-2.6583409604302926
path,-6.777283626751545,-2.6587364245358684
path,-6.776823673234644,-2.6589937677124964
path,-6.7766548044115815,-2.659056277400685
path,-6.776497067890364,-2.659120840195749
path,-6.776339358537241,-2.6591853643940966
path,-6.776181673053805,-2.6592498523532466
path,-6.775563399479983,-2.6595186781821702
path,-6.774660801927679,-2.660003646323753
path,-6.77371156292872,-2.660470515351766
path,-6.772722716469283,-2.6609119245444943
path,-6.771694536731621,-2.661327966083384
path,-6.77062099834665,-2.6617227010969864
path,-6.7695084496263,-2.6620921488376634
path,-6.768357161813361,-2.6624364355798193
path,-6.767156983071705,-2.662758271901876
path,-6.766022279816183,-2.663185690219035
path,-6.764962558168902,-2.663609954453096
path,-6.763902504619313,-2.6640335957720267
path,-6.762842126393497,-2.6644566089812876
path,-6.761781423366788,-2.6648789946909104
path,-6.760720395443795,-2.6653007534740167
path,-6.759638535400773,-2.6657300121634253
path,-6.75855633083296,-2.6661586259461716
path,-6.757473788483044,-2.666586590036538
path,-6.756390908358104,-2.6670139049054606
path,-6.755307690482979,-2.6674405710016376
path,-6.754188105759275,-2.6678807353941836
path,-6.753068148616011,-2.6683202173629663
path,-6.75194783100162,-2.6687590081296326
path,-6.750827153016291,-2.6691971080978965
path,-6.749706114771041,-2.6696345176581007
path,-6.748562325955001,-2.6700799459350244
path,-6.747418156935869,-2.6705246611614393
path,-6.7462736135136225,-2.670968659330664
path,-6.7451286958461,-2.671411940807448
path,-6.743983404097758,-2.6718545059485153
path,-6.742807614890517,-2.672307956978801
path,-6.741631422155516,-2.6727606619476645
path,-6.7404548359568475,-2.6732126135445955
path,-6.739277856497717,-2.6736638121240635
path,-6.738100483985369,-2.6741142580357953
path,-6.736896875946591,-2.6745738051076455
path,-6.735692849420443,-2.6750325734501557
path,-6.7344884130760905,-2.675490556831732
path,-6.733283567149731,-2.675947755607817
path,-6.732078311880047,-2.676404170131078
path,-6.730837722258835,-2.676872980563958
path,-6.729596688347312,-2.6773409701962554
path,-6.728355221815499,-2.6778081306194577
path,-6.727113322933007,-2.6782744622067716
path,-6.725870991971001,-2.6787399653298563
path,-6.72459778554535,-2.679216006860463
path,-6.723324116282721,-2.679691187290462
path,-6.722049994387475,-2.6801654993567734
path,-6.72077542015693,-2.6806389434530797
path,-6.719500393889396,-2.68111151997225
path,-6.718393987303085,-2.6815516603053826
path,-6.717380113374926,-2.6819260107664054
path,-6.716366375884121,-2.6822995007600343
path,-6.715352353850428,-2.6826724442056
path,-6.714338047425687,-2.6830448413020203
path,-6.7133025569095,-2.683424342041519
path,-6.712266763714233,-2.683803279333968
path,-6.711230674775253,-2.6841816481662257
path,-6.710194290254688,-2.684559448747543
path,-6.709157610314863,-2.6849366812868527
path,-6.708101902212325,-2.6853201413360606
path,-6.707045882202445,-2.685703017738259
path,-6.70598955651727,-2.6860853060474335
path,-6.70493292532856,-2.6864670064829275
path,-6.70387598880823,-2.6868481192639444
path,-6.70280297370739,-2.687234314134719
path,-6.7017296393615045,-2.6876199080562135
path,-6.700655991044375,-2.6880048973422053
path,-6.699582028936058,-2.688389282221412
path,-6.69850775321674,-2.6887730629225235
path,-6.697412392182204,-2.6891636363022444
path,-6.696316698980278,-2.6895535875394248
path,-6.695220680497806,-2.689942911738524
path,-6.6941243369257935,-2.690331609141679
path,-6.693027668455353,-2.690719679991064
path,-6.691899511834081,-2.691118115575541
path,-6.6907710019757385,-2.691515896691205
path,-6.689642149119346,-2.691913015934379
path,-6.688512953472791,-2.6923094735686437
path,-6.687383415244071,-2.6927052698576732
path,-6.686234402364888,-2.693107086317501
path,-6.685085029495442,-2.693508224094715
path,-6.683935302999086,-2.6939086787689623
path,-6.682785223094733,-2.694308450617942
path,-6.681634790001398,-2.6947075399194773
path,-6.680458579007059,-2.6951147362866807
path,-6.679281989624604,-2.6955212279408114
path,-6.678105033722537,-2.6959270059538114
path,-6.676927709786205,-2.6963320721091586
path,-6.675750018049666,-2.696736426704193
path,-6.674550415523678,-2.697147440518518
path,-6.673350425222959,-2.697557722383817
path,-6.672150054287034,-2.6979672673645996
path,-6.670949302963128,-2.698376075775425
path,-6.66974817149856,-2.6987841479310237
path,-6.668517959119381,-2.699201199594559
path,-6.667287339587201,-2.6996174870510274
path,-6.666056322330317,-2.7000330036660753
path,-6.664824907614207,-2.700447749778217
path,-6.663593095704451,-2.700861725726157
path,-6.662330116233327,-2.7012852344161318
path,-6.661066710243231,-2.7017079421466277
path,-6.659802887829446,-2.7021298418560633
path,-6.6585386492779675,-2.7025509339099365
path,-6.657273994874902,-2.7029712186739587
path,-6.655966957063852,-2.703406006956933
path,-6.6546532517794175,-2.7038390960218033
path,-6.653340456821001,-2.704272267888443
path,-6.652027169692177,-2.704704592747777
path,-6.65070968188898,-2.7051133190195493
path,-6.649358736485085,-2.705515169128913
path,-6.648007286590636,-2.705916127566261
path,-6.646655370769896,-2.7063162039956166
path,-6.645330702748741,-2.70669017702312
path,-6.6441091566899,-2.7070314921575185
path,-6.642944342482034,-2.707408415816712
path,-6.641853503233016,-2.707812695333853
path,-6.640838750329517,-2.708243053253745
path,-6.639881856131832,-2.708713446918451
path,-6.638797347152109,-2.7093115081007633
path,-6.637787326243226,-2.709849022772855
path,-6.636765303528989,-2.7103477242482032
path,-6.635713714296047,-2.710826162759506
path,-6.634632695374727,-2.7112844009458748
path,-6.633522362758623,-2.7117224796087265
path,-6.632369820717896,-2.712147013484382
path,-6.63123217844058,-2.712519348655974
path,-6.630201418852624,-2.712858252357137
path,-6.629249031199793,-2.71322420705542
path,-6.6282230351412705,-2.7136946956928933
path,-6.627131511331632,-2.7141762580404776
path,-6.626026469090942,-2.7146282616225146
path,-6.624984839914113,-2.7150343740257328
path,-6.623926145855051,-2.715483462891665
path,-6.622836714245716,-2.7159589368667683
path,-6.621733354257898,-2.716452257143194
path,-6.620629848278988,-2.716945947084706
path,-6.6195259445782515,-2.7174393100745453
path,-6.618421637360884,-2.7179323437978637
path,-6.617316921904757,-2.7184250461616775
path,-6.616183043113852,-2.718930198848238
path,-6.615048723269879,-2.7194350247124928
path,-6.613913962761682,-2.719939495416121
path,-6.61277875968064,-2.7204436095712055
path,-6.611643112232653,-2.720947365870926
path,-6.610489447444097,-2.721458545030323
path,-6.60933531531223,-2.721969356180756
path,-6.60818702331335,-2.722502380484885
path,-6.606977388336591,-2.7232187543734887
path,-6.605582829476597,-2.7237472416855706
path,-6.604086530272389,-2.7241869719547847
path,-6.602568542793039,-2.7246276514287087
path,-6.60106580767564,-2.7250665045644094
path,-6.599566569615549,-2.725503387506935
path,-6.598055272280408,-2.7259407045295685
path,-6.596523793131325,-2.7263765785482406
path,-6.594978059350688,-2.726810674428334
path,-6.593451539251454,-2.7272400367823844
path,-6.591908041636458,-2.727668507889349
path,-6.590371635675491,-2.728093788022267
path,-6.588814370476467,-2.7285171761455045
path,-6.587245842994157,-2.728938455359904
path,-6.585695596295395,-2.7293534275000986
path,-6.584129481102206,-2.7297664346677295
path,-6.5825695694676005,-2.7301750983692132
path,-6.580985125506693,-2.730580292885756
path,-6.57937930082174,-2.730983669581763
path,-6.577790566909365,-2.7313795348709577
path,-6.576218982421386,-2.731766958997875
path,-6.57462442658364,-2.7321513894688407
path,-6.573002653701121,-2.7325323159873207
path,-6.571357435360136,-2.732905665333293
path,-6.569728483359284,-2.733269845766454
path,-6.568115746579501,-2.7336240340801075
path,-6.566519221889323,-2.733967387729434
path,-6.564870008487226,-2.7343008859243865
path,-6.563230629932654,-2.7346237006561247
path,-6.5616068753468495,-2.7349348414214036
path,-6.559979699547363,-2.735236590362108
path,-6.55834540848841,-2.7355307047834327
path,-6.556686834806543,-2.735814793575446
path,-6.554996609126425,-2.7360928682005032
path,-6.553318552814749,-2.736358296070307
path,-6.551655731085614,-2.7366096258293893
path,-6.550001040886935,-2.7368618904389024
path,-6.548224755376056,-2.7371156603059195
path,-6.546404061415246,-2.7373454649689832
path,-6.54458871354105,-2.737574741946256
path,-6.5427780497704555,-2.737803383861424
path,-6.540956019767637,-2.738028395223693
path,-6.539044113478977,-2.7382634355649804
path,-6.537119922339283,-2.7384942001012504
path,-6.535199367061266,-2.738723963059873
path,-6.533282048429898,-2.7389526617956492
path,-6.5313679430091875,-2.7391843113814622
path,-6.529385338645653,-2.7394300806827907
path,-6.5273705611644255,-2.73967889832997
path,-6.52532370003365,-2.7399657721228268
path,-6.523192798247986,-2.740317913712424
path,-6.521031003894923,-2.7407127392225688
path,-6.518794102328004,-2.7411444552298203
path,-6.516476198497779,-2.741615920013055
path,-6.51412606882376,-2.7421282004318455
path,-6.511744137523865,-2.742680741508668
path,-6.509329901109039,-2.7432730400723075
path,-6.507054051653394,-2.7439131149954394
path,-6.504800804941446,-2.74455884747021
path,-6.502556366926809,-2.7452061922854423
path,-6.5003138337666435,-2.7458653623043947
path,-6.49807540299425,-2.7465297669544504
path,-6.49579987132283,-2.7471983082784437
path,-6.4935174635496145,-2.7478808824885985
path,-6.491227672097167,-2.7485771981964153
path,-6.488929947034868,-2.7492868895741718
path,-6.486623733031609,-2.7500095969399467
path,-6.484271029625512,-2.750738453211575
path,-6.481908040560293,-2.7514792570556015
path,-6.479534241522833,-2.7522317439989465
path,-6.477149073376325,-2.7529955769382166
path,-6.474751969579442,-2.7537704203101834
path,-6.472309120235795,-2.754550323374672
path,-6.469853156104723,-2.7553404714602543
path,-6.467382888523025,-2.756140968417253
path,-6.464898659150205,-2.756950867177052
path,-6.462400211851924,-2.757769931733103
path,-6.4598233115610935,-2.758584576943022
path,-6.457230488960661,-2.7594064788911923
path,-6.454617997189044,-2.7602238295962844
path,-6.452137577025978,-2.7610729813287764
path,-6.449662852582824,-2.761945571078594
path,-6.446964295497117,-2.7627920308551834
path,-6.444225083540192,-2.763802794983774
path,-6.441315067130376,-2.7648471284611236
path,-6.438339393863359,-2.7665419980032318
path,-6.435059007605528,-2.7687612079399013
path,-6.431459150323893,-2.771231588073056
path,-6.427718985182557,-2.773748824938862
path,-6.423923221490507,-2.7762694059503454
path,-6.42007936776366,-2.7787923558227914
path,-6.4162257002064305,-2.7813128033951284
path,-6.412311173284621,-2.783963540198089
path,-6.408298075782952,-2.7866290050820477
path,-6.404238476823923,-2.789296103325809
path,-6.400182459454288,-2.7919584746117208
path,-6.396139299059454,-2.7946149442143144
path,-6.391901678924852,-2.7974465004306337
path,-6.387528437432391,-2.8003364524218926
path,-6.383150878926353,-2.8032217903022354
path,-6.378789101496559,-2.8060999575165018
path,-6.374443171961527,-2.8089709258237785
path,-6.36981585905769,-2.8120291600428557
path,-6.365031549245676,-2.8151991350720253
path,-6.360265972582243,-2.8183602509072703
path,-6.355520334930063,-2.821512243167571
path,-6.350783953471177,-2.824650958929491
path,-6.346495548033562,-2.8273464352012647
path,-6.34266516611081,-2.829549336533569
path,-6.3390863628914875,-2.8317538294996565
path,-6.335552426207327,-2.83394490677064
path,-6.332115543401881,-2.8361830812301925
path,-6.328460156482213,-2.8385497104935657
path,-6.324764373748827,-2.8409443368211167
path,-6.321071020635229,-2.8433294082480773
path,-6.317380135269698,-2.8457049366920506
path,-6.313691436438532,-2.848070348718594
path,-6.309872087273194,-2.8505072136063347
path,-6.306046892906349,-2.8529426039147143
path,-6.302224546370704,-2.8553678318656286
path,-6.298405087147662,-2.8577829148197473
path,-6.294588556388609,-2.860187867915235
path,-6.290629519763444,-2.8626704306334245
path,-6.286662843222536,-2.8651524188772317
path,-6.282699473710225,-2.867623485084429
path,-6.278739453958793,-2.8700836513248444
path,-6.274782823358494,-2.8725329441458864
path,-6.270911118651538,-2.874821300673901
path,-6.267108681827038,-2.8770930320968673
path,-6.263348955535156,-2.8793830187786598
path,-6.2595003153175215,-2.8816604627068134
path,-6.255645829778547,-2.8840258199777904
path,-6.251630443984157,-2.886519234464381
path,-6.247580317205453,-2.88902395828296
path,-6.243525030708516,-2.891522304317467
path,-6.239464583549782,-2.8940142567966842
path,-6.2353989750570475,-2.89649980035932
path,-6.231076763006577,-2.899161336148442
path,-6.226624751373297,-2.9018610729538503
path,-6.22216658013562,-2.9045531056329192
path,-6.217702250008541,-2.9072374166538157
path,-6.21323176187588,-2.9099139887303327
path,-6.208562986970935,-2.9127080135803594
path,-6.203842198711902,-2.9155095166055562
path,-6.1991145856513015,-2.918302379237602
path,-6.19438014959938,-2.921086582457525
path,-6.189638892472071,-2.9238621073925266
path,-6.1846297403378445,-2.9268116173806167
path,-6.179470060537956,-2.929803195018376
path,-6.174302358060938,-2.9327844863066344
path,-6.169126635932385,-2.9357554679845372
path,-6.163942897247198,-2.9387161168762774
path,-6.159078278370089,-2.9412898908186107
path,-6.154505665570544,-2.9436357805305495
path,-6.1501793401467735,-2.9458809063993585
path,-6.1459567932243315,-2.9481801252042423
path,-6.141780739135065,-2.9505122379059614
path,-6.137738106319818,-2.9527028502284107
path,-6.133848910066584,-2.9548463853530222
path,-6.129965863170693,-2.9569922065394776
path,-6.126062113990338,-2.9591355637549652
path,-6.122137691800815,-2.9612766683616694
path,-6.118034653436837,-2.963514940750695
path,-6.113891905734369,-2.965758894910301
path,-6.109744157264895,-2.967996301995733
path,-6.105591409411237,-2.970227151075253
path,-6.101433663592884,-2.97245143122296
path,-6.097126700767363,-2.9747498461182493
path,-6.092793751271536,-2.9770480935034347
path,-6.088455405213352,-2.9793392055088948
path,-6.084111664338826,-2.9816231698808227
path,-6.079762530409277,-2.9838999743720755
path,-6.075214161167778,-2.9862797212341223
path,-6.070607051791831,-2.988669672389653
path,-6.065993928852136,-2.991051589570172
path,-6.061374794337479,-2.9934254580232635
path,-6.056749650288737,-2.995791263059459
path,-6.052182135886405,-2.998107657682206
path,-6.047619237455428,-3.0004193892630204
path,-6.043050691976721,-3.002723241055301
path,-6.0384764864824465,-3.0050192028053893
path,-6.033896609455614,-3.007307263972128
path,-6.029082548430144,-3.00971307860242
path,-6.02417783548204,-3.012139505655536
path,-6.019266606654058,-3.0145568819459583
path,-6.014348856793776,-3.0169651949905933
path,-6.009416636950056,-3.0193600265500207
path,-6.004229777455057,-3.0218916057720078
path,-5.99891840465531,-3.0244515426686016
path,-5.993601112228156,-3.0270024124945896
path,-5.988271346646832,-3.029538690511818
path,-5.9829372321945735,-3.0320669249467946
path,-5.977325848698756,-3.0347753799559984
path,-5.971228323879514,-3.0376474446061814
path,-5.965026271558606,-3.040529613350605
path,-5.958812034797268,-3.0433981770413747
path,-5.9525075159667535,-3.0461805316400183
path,-5.945957829198614,-3.0491832837242474
path,-5.939064359635677,-3.052312281070172
path,-5.93215186401316,-3.05541045916079
path,-5.925124759191002,-3.0584710911139763
path,-5.918037397973649,-3.0615636772926917
path,-5.911484326105561,-3.064368042294817
path,-5.905909731263332,-3.066797026177341
path,-5.9009735026612775,-3.0689704601587944
path,-5.896260897379443,-3.07087695423366
path,-5.891703968375846,-3.072734763403295
path,-5.886930706662169,-3.0747539549861105
path,-5.882047857727717,-3.076850972972924
path,-5.87715495250107,-3.0789406919782567
path,-5.872241998848682,-3.0810170201194493
path,-5.867324170185353,-3.083089289546577
path,-5.86211526768693,-3.0852430211587776
path,-5.856779835926667,-3.087470346960751
path,-5.851419573371649,-3.0896810145328812
path,-5.846055168910803,-3.091887366116391
path,-5.8406759946253395,-3.0940834868274742
path,-5.835012026520678,-3.0963603516850497
path,-5.829207258202404,-3.098696204776654
path,-5.82336802439651,-3.1010053071413806
path,-5.817530164874401,-3.103308890708797
path,-5.811675681400928,-3.10559562268542
path,-5.805465412775854,-3.107931114073994
path,-5.798913835176485,-3.110453118029242
path,-5.792333227023657,-3.1129678244085643
path,-5.785727668841106,-3.115462952367532
path,-5.779077686685487,-3.1179266229700033
path,-5.772944198559313,-3.1201676130836904
path,-5.767770916718189,-3.122183023991467
path,-5.763140038511472,-3.1238769608769372
path,-5.758639321748793,-3.1254378201497097
path,-5.754151489573868,-3.1269982874597497
path,-5.749433008812858,-3.128677168610466
path,-5.744609128613154,-3.130394954322165
path,-5.739776584524131,-3.132104100067613
path,-5.734931026496932,-3.133805735587945
path,-5.730074205693164,-3.1354942606224854
path,-5.724984632761426,-3.137276548772352
path,-5.719843558128889,-3.139081069075566
path,-5.714807643560532,-3.1408286887168844
path,-5.709824113725684,-3.1424293203954883
path,-5.704917397323005,-3.144055167158652
path,-5.69985381833922,-3.1457936994678657
path,-5.694644161714011,-3.147510146965688
path,-5.689426906391444,-3.149221914251667
path,-5.684197369589864,-3.150922128351328
path,-5.678942334986244,-3.152602666274541
path,-5.673403073869853,-3.154325654908622
path,-5.667492153197319,-3.155997578050287
path,-5.661448038224456,-3.1576388955288355
path,-5.655392680438435,-3.159261635587223
path,-5.649326033407649,-3.160865756141512
path,-5.643768158667734,-3.162419221297361
path,-5.639098080268019,-3.163823278190444
path,-5.634823830514563,-3.164904819435658
path,-5.630639311687147,-3.1659627334217944
path,-5.626449657844425,-3.16701191227882
path,-5.622029472927127,-3.1681712137298463
path,-5.617408614430097,-3.1693051878439964
path,-5.612781389731266,-3.1704285624883575
path,-5.608147836929555,-3.1715413680160873
path,-5.603507923704484,-3.1726435819930408
path,-5.598635174698339,-3.1738366042770645
path,-5.593603540493122,-3.175005096599118
path,-5.5884350115031625,-3.176165282968697
path,-5.583318713380163,-3.177382880409098
path,-5.578307268298097,-3.178604159747318
path,-5.573005162403785,-3.179917449855609
path,-5.567589088510854,-3.1812124357269895
path,-5.562167964634937,-3.1824950291448326
path,-5.556741804346004,-3.1837652399356284
path,-5.5513106147086315,-3.1850230676291167
path,-5.545523931004986,-3.1864612361813283
path,-5.539319755518367,-3.1878680047638817
path,-5.53309957921604,-3.189257648773915
path,-5.526872870473959,-3.190631115395496
path,-5.520639628357103,-3.1919883905490463
path,-5.514036104557598,-3.1936919074967336
path,-5.506781142758016,-3.195460784813759
path,-5.498912620538672,-3.1971440742868555
path,-5.490885470935785,-3.1987860389153906
path,-5.482845995810425,-3.200404906041439
path,-5.474426140273721,-3.2023797337066044
path,-5.46533296522338,-3.204464019131123
path,-5.45557554612441,-3.206444048269663
path,-5.445353826120703,-3.208335774064149
path,-5.435118976266828,-3.210288160341697
path,-5.424645013094743,-3.2125215830322005
path,-5.413817751047655,-3.215172779658707
path,-5.403048244684268,-3.2179626380981006
path,-5.392282443884448,-3.220822655107172
path,-5.381401302785133,-3.2239160935282127
path,-5.370368367790979,-3.2270824859317235
path,-5.3591019231704955,-3.23030508338878
path,-5.347770077341953,-3.2335178368126454
path,-5.33643205412599,-3.2366972299843235
path,-5.325087940643836,-3.2398432396275476
path,-5.313768444117493,-3.2429438252693634
path,-5.3024655218041366,-3.246010306912889
path,-5.291194469183193,-3.2490293614588035
path,-5.279931625349169,-3.2520088198720383
path,-5.268670756030591,-3.2549509487699346
path,-5.25773023712983,-3.2575651701586312
path,-5.247075048764138,-3.259978102059868
path,-5.236783625849833,-3.2624315921189626
path,-5.226757722694109,-3.2648699516339565
path,-5.216902630855463,-3.2672827639050754
path,-5.207675677336976,-3.2695818984298994
path,-5.199337106040883,-3.271604200850474
path,-5.191383188829735,-3.2732844718249816
path,-5.183726386192285,-3.27474894372983
path,-5.176226515007971,-3.2761230428078663
path,-5.169364913495014,-3.277509555346731
path,-5.163287217507133,-3.2787413208278737
path,-5.157468811150019,-3.2798601067235147
path,-5.15186417985866,-3.2809887014213626
path,-5.146345927810892,-3.2822042329627448
path,-5.14042751189824,-3.283558806268856
path,-5.134153646577018,-3.28496020141899
path,-5.127849993814656,-3.286361280492458
path,-5.121542636333061,-3.2877535586602606
path,-5.115232226253611,-3.2891368374916765
path,-5.108503244857654,-3.290623628464311
path,-5.101361809282927,-3.2921604071092925
path,-5.094180741975574,-3.2936968535360744
path,-5.086998032252864,-3.2952209425242303
path,-5.079813916182542,-3.2967326025927024
path,-5.072970036547399,-3.298040783387382
path,-5.06639203454188,-3.2992356756851446
path,-5.059970739093143,-3.3004812516691775
path,-5.053565184973838,-3.301785195966279
path,-5.047159222269386,-3.3030790794242986
path,-5.040347239606451,-3.3044584148533573
path,-5.033231299212846,-3.3058707026629826
path,-5.02611126795321,-3.307271591766812
path,-5.018990939151576,-3.3086599619618022
path,-5.011870347419894,-3.310035802966846
path,-5.004329177251409,-3.3115330009899075
path,-4.996081749356465,-3.313072450286175
path,-4.9876364405252644,-3.3146018574146487
path,-4.979206396255871,-3.3161184468618816
path,-4.970777667788282,-3.3176257316301596
path,-4.961947265686334,-3.319172138009594
path,-4.952389027400299,-3.3207964268603565
path,-4.942332140335052,-3.322490167319367
path,-4.931870774074744,-3.3241462968759534
path,-4.921204952107389,-3.3256918072949255
path,-4.910166869707094,-3.3271226679261825
path,-4.898698514485823,-3.3284368920291807
path,-4.887198514479304,-3.329605363978502
path,-4.87569957572082,-3.3306117312701744
path,-4.864167459628341,-3.3314704973538354
path,-4.853130399964126,-3.3321568897307148
path,-4.842535833320572,-3.332698788863063
path,-4.832194621659516,-3.3331462772593334
path,-4.821888472648089,-3.333653959041253
path,-4.811649197322331,-3.3344013087687223
path,-4.801941333479525,-3.3353206376789135
path,-4.793248254400543,-3.3362489927536902
path,-4.785136777964573,-3.33703346397625
path,-4.7772342979083575,-3.337667570319184
path,-4.769447716406867,-3.3383577523830046
path,-4.761489543268743,-3.339371557803836
path,-4.7533880469065455,-3.340458811589551
path,-4.745222728217161,-3.341533361026025
path,-4.737060398844959,-3.342575719782211
path,-4.728899736692574,-3.34359651456404
path,-4.720313657613186,-3.344765732385004
path,-4.710962570852425,-3.3460920119231146
path,-4.700945318393407,-3.347302819662646
path,-4.690570332367318,-3.348467411094272
path,-4.680019520026552,-3.3496359187672087
path,-4.669058667654236,-3.350890782028151
path,-4.65758741009269,-3.352083431098737
path,-4.645939565950541,-3.353266694444952
path,-4.634278239725357,-3.3544157877208103
path,-4.62285485491966,-3.355479609241639
path,-4.611778496725686,-3.3562557888506332
path,-4.600963674189762,-3.356931067410576
path,-4.590389488755178,-3.35757059625569
path,-4.5800464120096755,-3.358162789359735
path,-4.569902238128297,-3.3587459769273686
path,-4.560409662604587,-3.3594242267476577
path,-4.551748530140815,-3.3600771492867665
path,-4.54348236388835,-3.3604126630718674
path,-4.535462770883867,-3.360689230356236
path,-4.527673210933565,-3.360903488700543
path,-4.520091415935947,-3.3611035178236874
path,-4.512680882676029,-3.3613494973461964
path,-4.505420056840282,-3.3616556864150438
path,-4.498297260165967,-3.3620148614174914
path,-4.491261745286114,-3.3623688351672705
path,-4.4839094276628355,-3.362780730416719
path,-4.475970251299973,-3.363140554465248
path,-4.467573649807506,-3.3634568723613363
path,-4.459128057370598,-3.3637470642514686
path,-4.450661956356756,-3.3640129339518148
path,-4.4423008189692,-3.364155571490151
path,-4.434160198910556,-3.3642172291500243
path,-4.426188218686235,-3.3643068874999953
path,-4.4183027553263665,-3.364452839622663
path,-4.410432002240238,-3.3646104610435246
path,-4.402254754932754,-3.364826658698421
path,-4.393493730564495,-3.3649902863866834
path,-4.384164214209306,-3.3650850744108056
path,-4.374596612723307,-3.3651423024605664
path,-4.364966560157037,-3.365170958705853
path,-4.354993107044763,-3.365186823478212
path,-4.344470851685836,-3.3651349971909283
path,-4.333725318918068,-3.365045340267031
path,-4.322874146676005,-3.3649033044526853
path,-4.311909869596308,-3.3647427293244805
path,-4.300862923453,-3.364554468031144
path,-4.289767905389514,-3.364332165407349
path,-4.278390629069607,-3.3640902548677842
path,-4.266865339049109,-3.363871095408866
path,-4.25547070749028,-3.3638435766316346
path,-4.243926386034673,-3.363491703246577
path,-4.232370731415951,-3.363083163024456
path,-4.220983957865428,-3.3628929621608314
path,-4.209809929693333,-3.3629430147511106
path,-4.198828320912149,-3.3632504166725448
path,-4.187527141750614,-3.3630739873557465
path,-4.176101491357294,-3.362418758359637
path,-4.164681660856201,-3.361974303408229
path,-4.153463182751524,-3.3617668008039896
path,-4.142427027955125,-3.361809934649724
path,-4.131616568193362,-3.3614051883169984
path,-4.121176724688387,-3.360723358572163
path,-4.110934129477381,-3.3601095555468046
path,-4.100817269288406,-3.359751722001465
path,-4.090794562162551,-3.3595943478469854
path,-4.080360585647508,-3.3589724706954116
path,-4.069303685498737,-3.357995188845598
path,-4.0577778011206656,-3.3569572419133964
path,-4.046150602889051,-3.356042475214849
path,-4.034484142516269,-3.3551226350882333
path,-4.022795977527581,-3.354167945450737
path,-4.011145415474179,-3.353115334010198
path,-3.9995847295326725,-3.35200353413398
path,-3.9880032888590886,-3.3507652443110607
path,-3.9762207907259275,-3.349443663831383
path,-3.9643052156110774,-3.3482928552484927
path,-3.9523296636646026,-3.34719531998295
path,-3.9403601862271547,-3.3460652525111674
path,-3.9284623908745453,-3.3449037557473993
path,-3.916664071517281,-3.343719077874623
path,-3.904944722586929,-3.342511406127731
path,-3.893198757587674,-3.3412702089922255
path,-3.8813573338402465,-3.339995379153648
path,-3.8694516939737387,-3.3386862059697355
path,-3.8575723580111947,-3.3373777245358633
path,-3.8463551276073327,-3.3361183044017504
path,-3.836090762930152,-3.3351057350812594
path,-3.826631915011273,-3.3341083725341116
path,-3.8176689221658617,-3.3328418271270563
path,-3.8089527307383264,-3.3315742241508373
path,-3.800794881632104,-3.330424083695561
path,-3.793549680835359,-3.32945301397506
path,-3.786931096129799,-3.328438904552759
path,-3.7805612546947818,-3.3274040750897282
path,-3.7742752246824733,-3.3264251346348517
path,-3.7680184314273357,-3.325553929919527
path,-3.7617836976067136,-3.324682619159856
path,-3.7555818965844976,-3.3238039665846997
path,-3.7494006661371917,-3.322916701088813
path,-3.743238031019397,-3.322020598386118
path,-3.7370976192659353,-3.3211162362869673
path,-3.7309660621388763,-3.32020210837154
path,-3.7248569590711558,-3.319279398157998
path,-3.7187615455613607,-3.318347247599302
path,-3.712679194813802,-3.3174055610022317
path,-3.707094396276536,-3.3165152595196083
path,-3.7020263550497345,-3.3155195905301182
path,-3.6971244129947793,-3.3145295190504114
path,-3.6923512584954525,-3.313565235932072
path,-3.6876979623207817,-3.3126508321692034
path,-3.683207945642907,-3.3117616873090028
path,-3.6789147179629587,-3.310909539657726
path,-3.6748162273935208,-3.3101085748353594
path,-3.670841609017824,-3.3094173419486523
path,-3.6668870951345736,-3.308743960832822
path,-3.662687981381166,-3.308037429196053
path,-3.6584171982595977,-3.3072978288274295
path,-3.6541669397450507,-3.3065545641684757
path,-3.649925965432012,-3.3058060866557155
path,-3.645694349708669,-3.305052393611345
path,-3.6412207606275278,-3.304262774688488
path,-3.6366742322491623,-3.3034384943542574
path,-3.632149517024976,-3.302609784430431
path,-3.6276347978516625,-3.3017749424944562
path,-3.6231301835761442,-3.300933970102136
path,-3.618328017768917,-3.3000656967104973
path,-3.6133172757675287,-3.2991126554642065
path,-3.608330347694955,-3.2981538238250487
path,-3.603354740405015,-3.2971872862782434
path,-3.59839058689177,-3.296213045926901
path,-3.593649867483871,-3.2950736864815195
path,-3.589175356651662,-3.2939309635349816
path,-3.58491761881467,-3.2928165189895546
path,-3.5808786309384915,-3.2917271258614327
path,-3.5770536278424157,-3.290662188624461
path,-3.5729763578229665,-3.2897150145650467
path,-3.5686319022845954,-3.2887635467143266
path,-3.564312678047845,-3.2878028115796885
path,-3.560004568632935,-3.286828072315723
path,-3.5557080841454547,-3.285844320420164
path,-3.551143163583031,-3.2848094165050497
path,-3.5464465159381415,-3.2837145904808818
path,-3.5417760053910685,-3.2826160301143257
path,-3.5371169292104723,-3.28151038977556
path,-3.5324694715314404,-3.2803976859800903
path,-3.5275337483831475,-3.2792416934372293
path,-3.5223230132624783,-3.2779732543248383
path,-3.5170900372178,-3.2766735176497046
path,-3.5118411635848648,-3.275364065393281
path,-3.5065831734007933,-3.274034795779224
path,-3.501468156179051,-3.2726189697567016
path,-3.4965255056448417,-3.2712077708259075
path,-3.4916093218998463,-3.2698887032113886
path,-3.4866955050855792,-3.268600246956528
path,-3.481778555042541,-3.267301265146956
path,-3.476996669685336,-3.2659345200333685
path,-3.4723555267444493,-3.264587150944823
path,-3.467739476606716,-3.2633209586498833
path,-3.463121210385661,-3.2620610906933365
path,-3.4585014002056744,-3.260818147964536
path,-3.4536093295145225,-3.259545250672611
path,-3.4482947299425417,-3.2581097500189613
path,-3.442924481690421,-3.25664066714621
path,-3.4375568318815652,-3.255160865559996
path,-3.4321919787291812,-3.2536703939690024
path,-3.4265586460308564,-3.2521378974281503
path,-3.420479039387276,-3.2504307901635796
path,-3.414312843818416,-3.2486740751824468
path,-3.408151192856672,-3.2469034110755035
path,-3.4019941878701063,-3.245118819187782
path,-3.3955863417332854,-3.2433301676764748
path,-3.3886420528461696,-3.2414915170227947
path,-3.3812214642925302,-3.2394359744243686
path,-3.3733324843503434,-3.2371648247811806
path,-3.3649759970321482,-3.234677896409145
path,-3.3567138855505196,-3.2320643106039824
path,-3.3488986667022727,-3.2293777804734876
path,-3.3414079892546753,-3.2267423112206948
path,-3.3342274807086083,-3.2241803976420518
path,-3.3273629646958263,-3.221702925306411
path,-3.320997175203506,-3.2194935054856946
path,-3.3154982176261383,-3.217699565152052
path,-3.310681474561523,-3.2160591622094747
path,-3.3062783334845793,-3.2143227228035514
path,-3.3020456552428015,-3.2127455400794185
path,-3.2979768845708715,-3.2112733217214537
path,-3.2939969692293647,-3.209907407625358
path,-3.2900642877708712,-3.2086004632589167
path,-3.2860914688667253,-3.2072434021566494
path,-3.2820056733744254,-3.2057751471051543
path,-3.277819980461692,-3.2042725950440296
path,-3.273592882727874,-3.2027355535263253
path,-3.269339059105817,-3.201173987125852
path,-3.2650894887225888,-3.1996090645895774
path,-3.260869383990336,-3.198031316443472
path,-3.2568005717547246,-3.196264956937817
path,-3.2528476459870546,-3.194508186265674
path,-3.248832684192268,-3.193002784283224
path,-3.2448422363336333,-3.1915689759447416
path,-3.2408993623020175,-3.190190171833912
path,-3.2366068749116423,-3.188698312506779
path,-3.2321733400876242,-3.187135653362365
path,-3.2277431275052937,-3.1855657253952123
path,-3.223316253251859,-3.1839885325858797
path,-3.218892733582186,-3.18240407900022
path,-3.2142135270270003,-3.180723707268435
path,-3.209489948102911,-3.179012803488371
path,-3.2047702650168874,-3.177293608357703
path,-3.2000353590898523,-3.175511540724345
path,-3.1952660553655043,-3.173719326343597
path,-3.1902683364913655,-3.17187006331059
path,-3.185226999451158,-3.1699954783882784
path,-3.180190049858175,-3.1681113865716544
path,-3.175157528387696,-3.1662177951331003
path,-3.170129474473296,-3.16431471143543
path,-3.164907661809041,-3.162327652333232
path,-3.1596677106131588,-3.160320291443034
path,-3.1544327625615325,-3.1583026080788583
path,-3.1493982914227416,-3.156206704107439
path,-3.1447962772478624,-3.1538694142926387
path,-3.140463269305317,-3.1512920464488676
path,-3.136398719401662,-3.14845999682932
path,-3.132473396904288,-3.14534491368325
path,-3.1286044985881403,-3.1419204562845073
path,-3.1248185237602266,-3.1382092583659875
path,-3.1208966255692814,-3.1340904080448015
path,-3.116995275503714,-3.129646170909957
path,-3.113136955912806,-3.1249228021014352
path,-3.109273847976575,-3.120204640485927
path,-3.1054481661601683,-3.115801628531864
path,-3.101332434660703,-3.1110637984831255
path,-3.09723403350292,-3.105845866430489
path,-3.0928606997643198,-3.100401711211266
path,-3.0885872755562858,-3.0946398103319526
path,-3.0843718621789624,-3.0887961631679515
path,-3.07992332559567,-3.0825140635099393
path,-3.0755224482482966,-3.0758061641269285
path,-3.071083994228958,-3.0689640466552084
path,-3.0666591556839475,-3.0619342653277046
path,-3.062289636445453,-3.0548563764082353
path,-3.0579888535452695,-3.047750799682024
path,-3.0537266937967473,-3.040620654860742
path,-3.0494674566399875,-3.0334945663356643
path,-3.0451638389621496,-3.0263534333476585
path,-3.0408123608310316,-3.0191939607476863
path,-3.0364805399420605,-3.012443800907116
path,-3.032198204042216,-3.0060937385812254
path,-3.027954534721526,-2.999951494903038
path,-3.023767204214198,-2.99377216531676
path,-3.0196354791772775,-2.9875539283707115
path,-3.0155892518993186,-2.9810646577590894
path,-3.011600724851125,-2.974450952947141
path,-3.0075877944128484,-2.967774617145585
path,-3.003044713941194,-2.961064731306171
path,-2.9984755288011717,-2.954653544973594
path,-2.9939862203042824,-2.9480795277875327
path,-2.9895931047123128,-2.941047692013649
path,-2.9852465498705842,-2.9338938879982175
path,-2.980939800369115,-2.926705936575538
path,-2.9766730488060467,-2.919482636501205
path,-2.9723793380718484,-2.912140079281536
path,-2.9680467981628684,-2.9048047873822163
path,-2.9636413670580635,-2.8975295561110133
path,-2.9591649238567923,-2.890269189846019
path,-2.9546133469263514,-2.8830177635430734
path,-2.950129884969891,-2.8760025157964244
path,-2.9456919371633146,-2.869402858211607
path,-2.9413213276478225,-2.863006875818197
path,-2.9370972602419494,-2.857025280845131
path,-2.9329271282677727,-2.8511395029827153
path,-2.9289597136655345,-2.8456084852957018
path,-2.9250740480635593,-2.840608796235769
path,-2.9212080989989557,-2.8360790567753256
path,-2.9173929061243413,-2.8316407675945348
path,-2.913636478356004,-2.8272197900215956
path,-2.90998809350645,-2.822567349771038
path,-2.9064223012600916,-2.817834891233189
path,-2.9029324089386463,-2.8130635806355735
path,-2.8995177473934675,-2.8082543341864747
path,-2.8961595897816896,-2.803405641439599
path,-2.8924784960519827,-2.7981868590791783
path,-2.888781849217397,-2.7925390506439736
path,-2.88507165985277,-2.7867524032225015
path,-2.881354757614083,-2.7809243234969774
path,-2.877633048429599,-2.7750564662779444
path,-2.873715241149335,-2.7689368985221794
path,-2.8697835765116113,-2.7627119952118435
path,-2.8658507554700345,-2.7564472575684533
path,-2.8619179615160277,-2.75014571008536
path,-2.857985987870984,-2.7438078427495514
path,-2.854044109252528,-2.738002835583169
path,-2.850140433968111,-2.7327385218122293
path,-2.8463239689894033,-2.727626742332042
path,-2.8426365951865473,-2.7225555168327853
path,-2.839081079032037,-2.717530848409866
path,-2.8356415246532554,-2.7127579572341576
path,-2.8323332420044935,-2.7080577025486923
path,-2.829162312311352,-2.7033992115062166
path,-2.826128613511959,-2.698784910479692
path,-2.8232333264350795,-2.694214122783232
path,-2.8200288443551855,-2.689353108339739
path,-2.816784443323331,-2.6842588016091393
path,-2.813560701876474,-2.678963928786333
path,-2.8103583683190214,-2.67353689137096
path,-2.8071802722440258,-2.668142137966383
path,-2.8033690565062033,-2.6624691836050056
path,-2.799281715218833,-2.6565973827963325
path,-2.795094486086009,-2.650548105427593
path,-2.790889195540793,-2.6442809910437175
path,-2.786690359676211,-2.63781215387039
path,-2.782448720852564,-2.631757878005902
path,-2.7782976392079575,-2.6259774893717562
path,-2.774240212296466,-2.6202048326970115
path,-2.7701440903269194,-2.61436427062141
path,-2.765688928247716,-2.608632366910906
path,-2.760513043743989,-2.603243862461461
path,-2.7554186231303235,-2.597696346591853
path,-2.7504292643391306,-2.592100654627416
path,-2.745563448920422,-2.5865285680850687
path,-2.7408240129407235,-2.580986412573884
path,-2.73627320493887,-2.575215980816925
path,-2.7318973519527856,-2.569090816686335
path,-2.7276417302146827,-2.5627328534939227
path,-2.723491500940554,-2.5563470373525288
path,-2.7194368868146297,-2.549974471589507
path,-2.7151390152014354,-2.5432992150312987
path,-2.710369824502447,-2.536554046741455
path,-2.7055479442553594,-2.5296248478015477
path,-2.7007145396361354,-2.5224974871577737
path,-2.6959015238189012,-2.5151634776076555
path,-2.6910920508338223,-2.5076957166816327
path,-2.686367461971449,-2.5000372708193885
path,-2.6816714410553177,-2.4924090527613303
path,-2.676921560233986,-2.484803315140328
path,-2.6721176708027277,-2.4772459502263517
path,-2.6673607191838835,-2.4700993625944725
path,-2.662688677216075,-2.4634740848151733
path,-2.6581279766665618,-2.457044406826625
path,-2.6536951745302346,-2.450626871054364
path,-2.649391315470937,-2.44422141471652
path,-2.6450695408740224,-2.4384225072901677
path,-2.6410974838536534,-2.43375048502419
path,-2.6374118632666304,-2.4295222982193803
path,-2.633882523093775,-2.4256435786464636
path,-2.6304434704909023,-2.4218009575010258
path,-2.6271157112433876,-2.417894788228439
path,-2.6238993452135735,-2.4139783064981404
path,-2.6207947030557244,-2.4100553349751714
path,-2.6175222507920846,-2.40630615293411
path,-2.6142278195734656,-2.4024468931723555
path,-2.610798933572168,-2.398255576195384
path,-2.6073953127713527,-2.393765459944363
path,-2.604058175871876,-2.389028469177906
path,-2.6007783810819123,-2.3840524475258795
path,-2.5970442103684497,-2.379008620886815
path,-2.591943674004231,-2.3742773043581913
path,-2.585789656303447,-2.3696696905659906
path,-2.5792050914874998,-2.3648684178413393
path,-2.5725331111650114,-2.360078906946197
path,-2.565871753891688,-2.355273565914469
path,-2.5594690754577063,-2.3509171495990318
path,-2.5536042718642538,-2.3473452360371607
path,-2.548409367158647,-2.3444010215462314
path,-2.5435947882575376,-2.3416575956452768
path,-2.5389970115943075,-2.338956595403692
path,-2.534655517376646,-2.3363070157931016
path,-2.5306968509448318,-2.3336417882245466
path,-2.5270702215234353,-2.330678870746303
path,-2.5237019259322198,-2.3273811119914893
path,-2.5205790143007336,-2.32385005818832
path,-2.5176740096993315,-2.3200662595195487
path,-2.514996964957287,-2.3161711501467344
path,-2.5125283958766382,-2.3122620772408617
path,-2.510250966256257,-2.3083295005919373
path,-2.508164829778272,-2.304373206479409
path,-2.506167319554982,-2.3001126467426625
path,-2.5041378686701643,-2.2955471010668225
path,-2.502000439500934,-2.2908710445491423
path,-2.499915673370975,-2.2860693478444265
path,-2.497780665606243,-2.281386064915602
path,-2.4952959968284008,-2.27658784079004
path,-2.4922837941038063,-2.271685608214883
path,-2.4887410856346386,-2.2665603560454906
path,-2.484555709598644,-2.261237292447541
path,-2.479207421358521,-2.25593080340592
path,-2.4734761607143514,-2.2512406648561143
path,-2.4681241158115403,-2.247364813880438
path,-2.463234817683287,-2.244300418042134
path,-2.458897045915661,-2.2417147243102806
path,-2.454895875002405,-2.2392562625114247
path,-2.450867110102602,-2.2365781821996835
path,-2.446936307439154,-2.233863999291638
path,-2.443020623911303,-2.231164653498826
path,-2.4391070407834192,-2.2284622554344526
path,-2.4351955794277105,-2.2257567377397125
path,-2.430990579383117,-2.222853940348595
path,-2.4267180755333766,-2.219909196466037
path,-2.422447017579028,-2.216966564054859
path,-2.4181810352057296,-2.2140186217219933
path,-2.4136851840376803,-2.2111478545207737
path,-2.409027074154484,-2.207972384546508
path,-2.40436464518269,-2.204664545487532
path,-2.3997397627795403,-2.2013303804482613
path,-2.3951170539532995,-2.1979915468582782
path,-2.3904952446980254,-2.19464859071184
path,-2.3860902672182687,-2.1915843816093568
path,-2.381847733074588,-2.1886610491968344
path,-2.377705518003048,-2.1858386220002664
path,-2.373608301511923,-2.183022482493366
path,-2.3695608732232314,-2.1801723491529685
path,-2.3658981330471187,-2.1776808164022974
path,-2.3628546979563527,-2.175709753228963
path,-2.3602053295366825,-2.173811653384441
path,-2.3577464953105767,-2.1718446451762285
path,-2.355334185650682,-2.169759488686509
path,-2.352753316483745,-2.167493669459571
path,-2.350147552734105,-2.1651854812760916
path,-2.347541665317109,-2.162879757874658
path,-2.344935676557954,-2.160576422996101
path,-2.3423296051853084,-2.1582754116077747
path,-2.3395735444736476,-2.1558575054298514
path,-2.3368022258832553,-2.1534157144772417
path,-2.334030861944429,-2.150976377496604
path,-2.331259462992605,-2.148539455223822
path,-2.3284811554881246,-2.146109477379135
path,-2.3255279669091244,-2.143540098923905
path,-2.322598775374152,-2.140816169450148
path,-2.319711528996659,-2.138018165256102
path,-2.316827148160377,-2.135217727270868
path,-2.3139455669226168,-2.132414992646272
path,-2.3108307393658003,-2.129447814658563
path,-2.3076734691687113,-2.126364986219197
path,-2.304519543574258,-2.123279386795261
path,-2.301368934608316,-2.1201910258431838
path,-2.2982216518015317,-2.1170999032465123
path,-2.2948850738669715,-2.1138567870478204
path,-2.2915268810257583,-2.110544876346584
path,-2.2881724750441697,-2.107229820055885
path,-2.2848218610636244,-2.1039116211915174
path,-2.28147503329868,-2.1005902853139418
path,-2.277793378662548,-2.0971096921494556
path,-2.273935694762993,-2.093341591494261
path,-2.2701042824189335,-2.089513966447425
path,-2.2662235475222983,-2.0857003856620056
path,-2.2622530012764637,-2.0819055266467794
path,-2.257789663188424,-2.078060961402515
path,-2.2529080494571936,-2.0739388755220958
path,-2.247708432528673,-2.0694957487352696
path,-2.2422549563673306,-2.064722081837452
path,-2.2367025167392915,-2.0597168284304335
path,-2.2313923142376186,-2.0547258735511873
path,-2.226166232840671,-2.049759799762309
path,-2.220946503010307,-2.0447891345949336
path,-2.215736218548267,-2.039803200445852
path,-2.210535537040284,-2.0348016667335744
path,-2.2055664628355043,-2.030205171327302
path,-2.201081113239773,-2.0261643076958964
path,-2.1972303281695647,-2.022708576179628
path,-2.1939676126843946,-2.019586305934293
path,-2.190792414236096,-2.0164779465992506
path,-2.1875210342584057,-2.0132755196950773
path,-2.184171686543038,-2.0100666992128113
path,-2.18081066655968,-2.006886167661556
path,-2.1774391515853493,-2.0037336238828694
path,-2.1740565061216204,-2.0006095640563277
path,-2.170416568523656,-1.997466014806771
path,-2.1665655609694254,-1.994270651548293
path,-2.1626617488599393,-1.9910883128800527
path,-2.1587460422001126,-1.9879362000343388
path,-2.1548188541379734,-1.9848145588767367
path,-2.1505764808707264,-1.981673809563797
path,-2.1460388151290517,-1.9784720011789019
path,-2.1413176731378494,-1.9752157982997653
path,-2.1365421569745946,-1.9719809223125104
path,-2.1317562708727027,-1.9687741133239278
path,-2.1266735337113247,-1.9652578073443352
path,-2.1212725455699406,-1.9616229545033446
path,-2.1156849066708494,-1.957884509477299
path,-2.109928388722832,-1.9540238955271991
path,-2.1041327519409854,-1.9501244516071279
path,-2.0988195986295044,-1.946454228160291
path,-2.0941729383582746,-1.9432413910013198
path,-2.0900385428314876,-1.9402746389470875
path,-2.086338697262977,-1.9373417532647195
path,-2.0828818790423793,-1.9344525652847733
path,-2.079788664003022,-1.93174919142926
path,-2.076953846532976,-1.9291508254264265
path,-2.0741215858664215,-1.926609404768522
path,-2.071264592653513,-1.9241315256181502
path,-2.0683839303489893,-1.9217123644025704
path,-2.06528341434652,-1.9193056496415217
path,-2.062106125993838,-1.9169354983771114
path,-2.0589047302843064,-1.914626594300317
path,-2.055679056175809,-1.9123793383095484
path,-2.0524366437552,-1.9101753033082396
path,-2.049028511000721,-1.9078492396186806
path,-2.0455482797141356,-1.9054777816212198
path,-2.042070208434049,-1.9031037493441159
path,-2.0385943016521724,-1.9007271403075896
path,-2.035120560307468,-1.8983479509707688
path,-2.0321148643259446,-1.896273369060591
path,-2.0296740454814692,-1.8945084374300354
path,-2.027604630078674,-1.8928178540143896
path,-2.0256037035918264,-1.891191716777447
path,-2.0235867278246285,-1.8896441069417618
path,-2.0214740410944065,-1.8881696803468269
path,-2.019386976456723,-1.8867231138834348
path,-2.01733331930917,-1.8852966319790543
path,-2.0153147322655784,-1.8838913264033015
path,-2.013332962610019,-1.8825083504375324
path,-2.0113290077653576,-1.8811016243223144
path,-2.009364798647672,-1.8796688151238194
path,-2.007435384155097,-1.8781968930308623
path,-2.0055317880374672,-1.8766886701758063
path,-2.003645816490397,-1.8751331243206908
path,-2.00172390413605,-1.8735303517699273
path,-1.9997887528989065,-1.8718864268207538
path,-1.9978431527563636,-1.8701965172411141
path,-1.9958881338881806,-1.8684648482209052
path,-1.9939232719544284,-1.8666892338073173
path,-1.9919094297227713,-1.8648741104950841
path,-1.9898787123877997,-1.8630199614562777
path,-1.987837246245048,-1.861118375237974
path,-1.9857857168992796,-1.8591736444119007
path,-1.9837122601802886,-1.8571856531229944
path,-1.9815323947765442,-1.8551875563368916
path,-1.9792746612094725,-1.853174308011799
path,-1.9769282802382093,-1.8511648745771738
path,-1.9745485551870163,-1.849193092479224
path,-1.9721888611590699,-1.8471901101910129
path,-1.9698196757863065,-1.8451198673797007
path,-1.9674469450778491,-1.8429849487952887
path,-1.9650669965518717,-1.8407927205941128
path,-1.962678621644353,-1.83854087398383
path,-1.960279367920025,-1.836227361867704
path,-1.9577411351313638,-1.833874962068825
path,-1.9551793728614686,-1.8314676181348204
path,-1.9526075203609163,-1.828999539446951
path,-1.950024368098227,-1.8264680454253976
path,-1.947432131476641,-1.8238783957474878
path,-1.9447370622515832,-1.821248258423897
path,-1.942016028670388,-1.8185591055817585
path,-1.9392845211473269,-1.8158118606600937
path,-1.9365510124218885,-1.8130360480275265
path,-1.9338196433762915,-1.8102564165128998
path,-1.9309335869013062,-1.8074526110098328
path,-1.9280035647453244,-1.8045960778131718
path,-1.9250613930276075,-1.8016747486704452
path,-1.922108702789848,-1.7986870549941005
path,-1.919150206579182,-1.7956510432343418
path,-1.9163844188060783,-1.7930809115156676
path,-1.91404274811689,-1.7911406862104107
path,-1.9120366652862069,-1.7893118395276029
path,-1.910170577878425,-1.7874371133182683
path,-1.9083148638719467,-1.7855328187105468
path,-1.9063902844762852,-1.7835933476514745
path,-1.9044466170817502,-1.7816016767095355
path,-1.9025038905883846,-1.7795978320399886
path,-1.9005614763827257,-1.77759464979292
path,-1.8986206014372558,-1.775588172701073
path,-1.8966388664840583,-1.7735529211264465
path,-1.8946428822339036,-1.7714878026413912
path,-1.8926484681257119,-1.769418854848532
path,-1.8906545977044324,-1.7673497827794507
path,-1.8886620880133125,-1.7652780485515687
path,-1.8866085825668961,-1.7631753703497852
path,-1.8845351648824678,-1.7610222215189395
path,-1.8824630791084074,-1.758861531866222
path,-1.8803924378916699,-1.7566974703600444
path,-1.8783237603953884,-1.7545289194643745
path,-1.8761841804383605,-1.7523322844485238
path,-1.8740194744096745,-1.750095079600598
path,-1.8718398285434015,-1.7478504277705806
path,-1.8696595328970222,-1.745605550592067
path,-1.867480059680718,-1.7433592765696726
path,-1.8652605058040883,-1.7411023861800126
path,-1.8630037183311086,-1.7388133555362753
path,-1.8607316152671545,-1.7365000650734073
path,-1.858463504652623,-1.7341694855590923
path,-1.8561990932359274,-1.731825655575697
path,-1.8538487716312069,-1.7294598987890002
path,-1.8514617278704844,-1.7270625384015135
path,-1.849038201741552,-1.7246261961935951
path,-1.8465778105758663,-1.7221539609695047
path,-1.8440878424502134,-1.7196502172860293
path,-1.8415365484065693,-1.7171344340949148
path,-1.8389442751818863,-1.7145833427183523
path,-1.8363154725609174,-1.7119984303813844
path,-1.8336812973860328,-1.7094013139613273
path,-1.8310488205850903,-1.7067936049013348
path,-1.828325938017834,-1.7041130435007719
path,-1.8255590002515687,-1.7013915780996647
path,-1.822749380941623,-1.698636642542538
path,-1.8199062370970789,-1.6958557096947227
path,-1.8170615181777319,-1.693064524025727
path,-1.8146268388248832,-1.6905779516941282
path,-1.8126514298498075,-1.6884908881204812
path,-1.810752301013077,-1.686485446795639
path,-1.808853403827937,-1.6844859080036034
path,-1.8069551196804017,-1.682482937557173
path,-1.8050999311627396,-1.680509324412656
path,-1.8032448181047567,-1.678549485773572
path,-1.801390119326731,-1.6765885659903692
path,-1.7995363120297188,-1.6746299117007608
path,-1.7976828654677386,-1.6726681195691544
path,-1.7957862619079328,-1.6707092892859774
path,-1.7938553170670104,-1.6687283141041591
path,-1.7919239154145665,-1.6667513364050737
path,-1.789992024470192,-1.6647741379267411
path,-1.7880602509572578,-1.6628031681445066
path,-1.7860676540773852,-1.6608286561370498
path,-1.7840253111965187,-1.658826247709829
path,-1.7819743725336232,-1.6568240201147233
path,-1.779922062177728,-1.654824085715207
path,-1.7778700219973989,-1.652833888554967
path,-1.775767661848882,-1.6508100803787193
path,-1.7736426216469154,-1.6487737670921518
path,-1.7715167469770825,-1.6467472908378817
path,-1.7693907406863447,-1.6447239641555171
path,-1.7674478115269812,-1.6427133965573306
path,-1.7654466144619776,-1.6406849156554781
path,-1.7634287971515072,-1.6386577827899245
path,-1.7614073957767127,-1.6366409198801692
path,-1.7593823424000616,-1.6346345497956054
path,-1.757353569649533,-1.6326388913669774
path,-1.7552287460535192,-1.630625395515556
path,-1.753071754910893,-1.6286042538367969
path,-1.750910877912224,-1.6265944565429167
path,-1.7487460537678794,-1.6245961973263618
path,-1.7465772221710874,-1.6226096656062188
path,-1.7443033770227423,-1.6206056904156565
path,-1.7419870073661115,-1.618588363603352
path,-1.739667899070798,-1.6165794376847025
path,-1.737337089974111,-1.6144936633556075
path,-1.7350427428117952,-1.612251534654494
path,-1.7326879947881442,-1.6098218659938153
path,-1.7303386015187887,-1.6073548027937135
path,-1.7280105794106022,-1.6048759699613193
path,-1.7257194195872838,-1.602382734923909
path,-1.7234985624112553,-1.5998542826045328
path,-1.721274920594198,-1.5971325133561711
path,-1.7191143285031751,-1.5943575515324442
path,-1.7170262425402603,-1.5915437878976861
path,-1.7150110736752542,-1.5886910100493066
path,-1.7130692074699345,-1.5857990201919396
path,-1.7113530113033955,-1.583464840895859
path,-1.7098493077349581,-1.5814786631309121
path,-1.7084678194890162,-1.579579723054751
path,-1.7071921236669687,-1.5777232006019248
path,-1.7059792787537098,-1.5758350001494759
path,-1.7047188672916596,-1.5738526666605435
path,-1.7034536946761447,-1.571867075926292
path,-1.7021889024009396,-1.5698811184881534
path,-1.7009244913376196,-1.567894791468697
path,-1.6996604622993639,-1.5659080922562467
path,-1.6983441591290227,-1.5638334775513119
path,-1.6970235850011848,-1.561755802478582
path,-1.695703431099761,-1.559677711962842
path,-1.6943836980909956,-1.557599204209243
path,-1.6930643866061996,-1.5555202775837507
path,-1.6916932950023913,-1.5533540172438158
path,-1.690318128837382,-1.55118473328034
path,-1.6889411961415635,-1.5490126317455033
path,-1.687565729378699,-1.5468415431933455
path,-1.686189274396383,-1.5446690289304275
path,-1.6847631866938413,-1.5424143961607375
path,-1.6833337385587717,-1.5401571238934044
path,-1.681904755252518,-1.537899342682156
path,-1.680476238530364,-1.535641052630114
path,-1.679048190015204,-1.5333822538186754
path,-1.6775296138199471,-1.5309617896370467
path,-1.6759909580711974,-1.5285251510331896
path,-1.674452853049271,-1.5260879213824392
path,-1.6729153000514425,-1.523650100666523
path,-1.6713783002955207,-1.5212116888543166
path,-1.6697722340981502,-1.518652716522854
path,-1.668157026998009,-1.516087004449288
path,-1.6665424360266692,-1.5135206385445883
path,-1.6649284622261658,-1.510953618711933
path,-1.6633151065909908,-1.5083859448470744
path,-1.6616215411282473,-1.5056754796719571
path,-1.6599139958171834,-1.5029542473002258
path,-1.6582071476453717,-1.5002322808048643
path,-1.6565009975577154,-1.4975095800243818
path,-1.6547955464710309,-1.4947861447932702
path,-1.652977280135343,-1.4918574222947723
path,-1.6511243708627066,-1.4888940959679806
path,-1.6492722918243239,-1.485929900591238
path,-1.6474210440298465,-1.4829648359258767
path,-1.6455706284729945,-1.4799989017315625
path,-1.64389330689808,-1.4776125665365716
path,-1.6424430862015398,-1.4755914501779928
path,-1.6411460882436024,-1.4736439417855827
path,-1.6399370243620015,-1.4717037585770254
path,-1.6387303783001577,-1.4697621392286078
path,-1.6374697875465392,-1.4677271234384752
path,-1.6362044400628626,-1.4656891299572385
path,-1.6349394916789635,-1.463650781233822
path,-1.6336749422613015,-1.4616120719700296
path,-1.632410739826892,-1.4595732552093121
path,-1.6311127817353983,-1.4574561387654419
path,-1.6298204343687022,-1.4553084181862297
path,-1.6285362186154109,-1.4531272468430232
path,-1.6272612135982576,-1.4509103208853724
path,-1.6259928612180887,-1.4486575963760546
path,-1.6246285346368663,-1.4463027866901543
path,-1.6232071051565935,-1.4439485944915584
path,-1.6217314319630323,-1.4415980284555348
path,-1.6202031645703088,-1.4392512522987948
path,-1.6186261565571387,-1.436905165537201
path,-1.6172044398573353,-1.434895130861043
path,-1.6159613366652135,-1.433149375714706
path,-1.6146922397263526,-1.4314060485517648
path,-1.613397854697832,-1.429665184014791
path,-1.6120788970772262,-1.4279268123375284
path,-1.6107002275984095,-1.426145029469165
path,-1.609297154479275,-1.4243659038700922
path,-1.6078704442518712,-1.4225894792654932
path,-1.6064220800267723,-1.4208155880555966
path,-1.6049691816711298,-1.4190417371453277
path,-1.6034911693952878,-1.4172356308575746
path,-1.6020138341998986,-1.4154287393508593
path,-1.6005371892618032,-1.4136210771011561
path,-1.5990612350630657,-1.411812642820212
path,-1.5975859721088936,-1.4100034353431439
path,-1.5960767517659402,-1.408150904048806
path,-1.5945682395342753,-1.4062975388213075
path,-1.5930604531258652,-1.4044433602196462
path,-1.5915533931685057,-1.4025883674661512
path,-1.5900470603039722,-1.4007325598581706
path,-1.5884954473970607,-1.3988198450649656
path,-1.586944468786139,-1.396905419795952
path,-1.5853942646608574,-1.394990126808419
path,-1.5838448357782953,-1.39307396563578
path,-1.582296182904096,-1.3911569358572369
path,-1.5807142159360612,-1.3891967757515575
path,-1.5791330443555014,-1.3872356862571038
path,-1.5775526858332611,-1.3852736882428782
path,-1.5759731412180746,-1.3833107814327497
path,-1.5743944113639878,-1.3813469655786934
path,-1.5727513435213116,-1.3793010325321515
path,-1.5711064913731103,-1.377250819279817
path,-1.5694625284368293,-1.3751996163317275
path,-1.5678194557033893,-1.373147423530327
path,-1.566177274167191,-1.3710942407355757
path,-1.5644917845175825,-1.3689852205341895
path,-1.5628071276842672,-1.366874515823366
path,-1.5611234140480188,-1.3647627665287676
path,-1.559440644698971,-1.3626499725676628
path,-1.557758820729612,-1.3605361338684359
path,-1.5560292434846168,-1.358360401492646
path,-1.554300079852414,-1.356182358128846
path,-1.5525719214256102,-1.3540032076416733
path,-1.5508447694044665,-1.351822949997642
path,-1.5491186249909619,-1.34964158517058
path,-1.5473268235441955,-1.347374504361661
path,-1.5455331518234574,-1.3451026938457693
path,-1.5437405747313395,-1.3428296848776293
path,-1.5419490936279459,-1.340555477459394
path,-1.5401587098748006,-1.3382800715983667
path,-1.5382783617394886,-1.3358873991354465
path,-1.5363917879140383,-1.3334840391601568
path,-1.5345064403624233,-1.3310793451479994
path,-1.532622320689316,-1.3286733171317338
path,-1.530739430500756,-1.3262659551481955
path,-1.5287842494307138,-1.3237625098585142
path,-1.5268264717426685,-1.3212531556344809
path,-1.5248700322500437,-1.318742355474595
path,-1.522914932770827,-1.3162301094381894
path,-1.5209611751243555,-1.3137164175881237
path,-1.5188852619611777,-1.3110415573042205
path,-1.5167926377623258,-1.3083420222978754
path,-1.5147015639800445,-1.305640824091523
path,-1.5126120428651593,-1.3029379627802598
path,-1.5105240766701062,-1.3002334384629053
path,-1.5087039318605808,-1.2979113722067526
path,-1.507232006248233,-1.2960021306381415
path,-1.5057656261398553,-1.2940975936300148
path,-1.5043000997218137,-1.2921922581238299
path,-1.5028354199890244,-1.2902861219515565
path,-1.5013142640513448,-1.288304338642222
path,-1.4997920936480411,-1.2863193022532953
path,-1.4982708102373739,-1.2843333907497747
path,-1.4967503798201789,-1.2823465941691286
path,-1.495230798655958,-1.2803589107944044
path,-1.4936786295055242,-1.278332986595929
path,-1.4921272543165078,-1.276305741087159
path,-1.4905767463811697,-1.2742775681538125
path,-1.4890271058289952,-1.2722484674828658
path,-1.4874783327870473,-1.2702184387724829
path,-1.4858836255622023,-1.2681254894710794
path,-1.4842880364938107,-1.2660297360340227
path,-1.4826933680143108,-1.263932993631505
path,-1.4811663502780874,-1.2618287339650678
path,-1.4796661356927117,-1.2597173834959954
path,-1.4781004805418803,-1.2575090727047438
path,-1.4765289628123148,-1.2552916791209183
path,-1.474958900832991,-1.253073470962516
path,-1.4733902872264029,-1.2508544459578157
path,-1.4718231150792735,-1.2486346020730996
path,-1.470209702055856,-1.2463454694605518
path,-1.4685953040364075,-1.2440527080999906
path,-1.4669824205547097,-1.2417590684451243
path,-1.4653710457975722,-1.2394645492096628
path,-1.4637611742471517,-1.2371691492504944
path,-1.4620750875126345,-1.2347580981275839
path,-1.4603802243784687,-1.2323348966550618
path,-1.4586870155218519,-1.22991071134806
path,-1.4569954562361005,-1.2274855416550736
path,-1.4553055405580186,-1.2250593867218535
path,-1.4535536884483344,-1.2225383602978919
path,-1.4517977121339394,-1.2200102086102433
path,-1.4500435031685655,-1.217480987479334
path,-1.4482910558076834,-1.2149506963451338
path,-1.4465403654043745,-1.2124193349546033
path,-1.4447192737606322,-1.2097786986704797
path,-1.4428916584587694,-1.2071283221402354
path,-1.441065951524153,-1.2044767738563324
path,-1.4392421484339697,-1.2018240538038218
path,-1.4374202444559487,-1.1991701619088915
path,-1.4358140988611647,-1.1969134475596939
path,-1.4344853319064887,-1.1949798698007956
path,-1.4331614302337614,-1.1930453734720459
path,-1.4318386056505634,-1.1911102800136655
path,-1.4305168488087234,-1.1891745870858674
path,-1.4291623424809905,-1.1871881728576066
path,-1.427808507778455,-1.1852009988567347
path,-1.4264557695443607,-1.1832131870738716
path,-1.4251041210743893,-1.1812247359987351
path,-1.4237535562042336,-1.179235644280219
path,-1.4223738444377678,-1.1772013105315855
path,-1.4209952370763568,-1.1751662844723072
path,-1.4196177444809903,-1.1731305848712106
path,-1.4182413621363956,-1.1710942109001086
path,-1.4168660869669187,-1.1690571621438217
path,-1.4154433911430533,-1.1669460310253095
path,-1.4140194870159457,-1.1648320345856258
path,-1.4125967587733967,-1.1627173096600956
path,-1.4111752038843215,-1.160601856057448
path,-1.4097548180984352,-1.1584856730886417
path,-1.408298277470967,-1.156312191709452
path,-1.4068421362946055,-1.154137572634484
path,-1.4053872189794352,-1.1519621835601217
path,-1.4039335224912604,-1.149786024185754
path,-1.4024810448101175,-1.1476090945030453
path,-1.4009686270741466,-1.1453367168596218
path,-1.3994529873241381,-1.1430595233420564
path,-1.3979386707905017,-1.1407814876185245
path,-1.3964256756006808,-1.1385026097936746
path,-1.3949139995200193,-1.1362228898612365
path,-1.3933630128127426,-1.1338717729591847
path,-1.3918225023059134,-1.1315227361398907
path,-1.3902706772265765,-1.1291998818778586
path,-1.3887405738520946,-1.1268828837753018
path,-1.3872631368339021,-1.1245472894909232
path,-1.3857186233212393,-1.1220928588429282
path,-1.3841699196205361,-1.1196241955263975
path,-1.3826222663734185,-1.1171545957189029
path,-1.3810756638621495,-1.11468405920312
path,-1.3795301124504171,-1.112212585784691
path,-1.3781508246748762,-1.1101334487677152
path,-1.3769973803535156,-1.108310037953958
path,-1.3758575103257702,-1.1064838187921269
path,-1.374718311069586,-1.1046571207007179
path,-1.3735797734577289,-1.1028299406108484
path,-1.3724162920562515,-1.1009611180953878
path,-1.3712534713715145,-1.09909176684718
path,-1.3700913162485757,-1.0972219027121237
path,-1.3689298207685265,-1.0953515236324507
path,-1.3677689796267178,-1.0934806277457672
path,-1.3665764336631656,-1.091557716298126
path,-1.365384466619825,-1.0896333551687958
path,-1.364193175298874,-1.0877084422758225
path,-1.3630025563574704,-1.0857829763739701
path,-1.3618126068241825,-1.083856956337057
path,-1.3605993802912768,-1.0818915653858818
path,-1.3593868334840833,-1.079925578308631
path,-1.3581749750619618,-1.0779590113200013
path,-1.3569638032471616,-1.075991863670106
path,-1.3557533164865072,-1.0740241346817243
path,-1.3545034146936104,-1.071992130533645
path,-1.3532540312150778,-1.0699575704285258
path,-1.352005374516235,-1.0679223874742743
path,-1.350757443803437,-1.0658865812252936
path,-1.349510238418965,-1.0638501512804037
path,-1.348233811442506,-1.0617645700603295
path,-1.3469580761649071,-1.059677779782004
path,-1.3456830998368818,-1.057590334229009
path,-1.3444088822713642,-1.055502233142386
path,-1.3431354233635948,-1.0534134762904428
path,-1.3418126364274425,-1.0512433958941447
path,-1.3404895465396218,-1.0490691442050044
path,-1.3391672773503316,-1.0468941821478481
path,-1.3378458290954844,-1.0447185095812286
path,-1.3365252020609812,-1.0425421263805597
path,-1.3351668350389798,-1.0403027797367712
path,-1.3338091454468934,-1.0380609623897121
path,-1.332452327064979,-1.035818391679212
path,-1.3310963804035272,-1.033575067537695
path,-1.3297413060032577,-1.0313309899081509
path,-1.3285402808854614,-1.0294484916893762
path,-1.3274825952874458,-1.0276941513627045
path,-1.3264254679873695,-1.0259393538506676
path,-1.32536888835873,-1.0241841043805742
path,-1.3243128553525652,-1.0224284021662762
path,-1.32323118840093,-1.0206286617853275
path,-1.322150081610081,-1.0188284251786743
path,-1.321069545939175,-1.0170277107643146
path,-1.3199895808465691,-1.015226518024163
path,-1.3189101858830088,-1.0134248464917144
path,-1.3178147644831655,-1.01159495636706
path,-1.3167199226764053,-1.009764559579653
path,-1.3156256676078988,-1.007933667866817
path,-1.3145319991375426,-1.0061022809253546
path,-1.313438917181254,-1.0042703984835102
path,-1.3123190741559467,-1.0023922316497007
path,-1.3111998208869386,-1.000513400489262
path,-1.3100811837339241,-0.9986340478916661
path,-1.3089631628255205,-0.9967541736864018
path,-1.307845758324052,-0.9948737777221814
path,-1.3067088818793924,-0.992959007457078
path,-1.30557263571158,-0.9910436814667275
path,-1.3044370289631328,-0.9891278143516411
path,-1.3033020619282336,-0.987211406022892
path,-1.3021677349215948,-0.9852944564033776
path,-1.3010065519106064,-0.983330545097114
path,-1.2998460135078715,-0.981365906815356
path,-1.2986861476590283,-0.9794007004191057
path,-1.2975269547806765,-0.9774349258713179
path,-1.2963684353019793,-0.9754685831422973
path,-1.2951864842076701,-0.9734606997109668
path,-1.294005225153818,-0.9714522063585618
path,-1.2928246692508967,-0.9694431208328144
path,-1.2916448170020645,-0.9674334431299915
path,-1.2904699937056667,-0.9654258172631197
path,-1.289253357813166,-0.9633604570112125
path,-1.2880358337944706,-0.9612802296302324
path,-1.2868190796393575,-0.9591993777335256
path,-1.2856030947268016,-0.9571179006058139
path,-1.2843878785570324,-0.9550357976049707
path,-1.2831432994202803,-0.9529017775993573
path,-1.2818994542923898,-0.9507665575346359
path,-1.2806564153381588,-0.9486306781904825
path,-1.2794141824871852,-0.9464941391591083
path,-1.27817275574265,-0.9443569400773806
path,-1.2768817452254873,-0.9421331931696095
path,-1.275590057163054,-0.9399050470417681
path,-1.2742992442149546,-0.9376761832305174
path,-1.2730093067060708,-0.9354466015216467
path,-1.2717202450060598,-0.9332163017283532
path,-1.2703927828604396,-0.9309186530241351
path,-1.2690660244964065,-0.928618407528739
path,-1.2677401977931642,-0.9263173986603298
path,-1.2664153033355647,-0.9240156263257476
path,-1.2650913417357912,-0.9217130904488098
path,-1.263702512214191,-0.9192979944303435
path,-1.2623111251421522,-0.9168729551068755
path,-1.260920773495135,-0.914447069746737
path,-1.2595314581144281,-0.9120203383417529
path,-1.2581431798581828,-0.9095927608944916
path,-1.256703582753716,-0.9070737639192913
path,-1.2552632947772235,-0.9045495354232104
path,-1.2538241294106252,-0.902024393519214
path,-1.2523860876882542,-0.8994983382570008
path,-1.2509491706549725,-0.8969713696932953
path,-1.2496640326783641,-0.8948358215485726
path,-1.2485799153733483,-0.8929362628893098
path,-1.2475016701614534,-0.8910352941326368
path,-1.2464241051850362,-0.8891338287702322
path,-1.2453472167799147,-0.8872318650209845
path,-1.244240838163821,-0.8852764060808529
path,-1.2431350956846785,-0.8833199221419779
path,-1.242030057482022,-0.8813629060440142
path,-1.2409257213086957,-0.8794053566139061
path,-1.2398220851835355,-0.8774472727953007
path,-1.2386860117701857,-0.8754304671921298
path,-1.2375505516526877,-0.8734121699376705
path,-1.236415828562097,-0.8713933023457703
path,-1.235281841397944,-0.8693738637330666
path,-1.2341485892207273,-0.8673538534872995
path,-1.232992444714805,-0.8652910899139147
path,-1.2318370539729824,-0.8632277112344029
path,-1.2306824267297756,-0.861163735064124
path,-1.229528562585915,-0.8590991610190524
path,-1.2283772687581542,-0.8570378610607458
path,-1.2271866104129392,-0.8549068367220672
path,-1.2259962580995791,-0.8527718599354219
path,-1.2248067207955882,-0.850636240107453
path,-1.2236179985839084,-0.8484999770439297
path,-1.222430091606276,-0.8463630705768885
path,-1.2212114921880102,-0.8441703777943036
path,-1.2199937706099826,-0.841975409446814
path,-1.218776908703524,-0.8397797626201164
path,-1.2175609068508293,-0.8375834372360585
path,-1.2163457654697996,-0.8353864332327386
path,-1.2150879851253187,-0.8331124551482386
path,-1.2138302375504808,-0.8308336428368668
path,-1.212573415968018,-0.8285541011838187
path,-1.2113175209928086,-0.8262738301893475
path,-1.2100625532615232,-0.823992829863921
path,-1.2087686161676872,-0.8216406194479322
path,-1.2074752162809699,-0.8192846460051517
path,-1.206182806410765,-0.8169278955838242
path,-1.2048913873454368,-0.8145703682377889
path,-1.2036009598867354,-0.8122120640274767
path,-1.2024442399186221,-0.8102251374444301
path,-1.2014263219992347,-0.8083654357196264
path,-1.2004103009218918,-0.8065042317431931
path,-1.1993949523931062,-0.8046425726275781
path,-1.1983802716232306,-0.8027804557866536
path,-1.1973466757730078,-0.8008818873316799
path,-1.196313755024034,-0.7989828204234122
path,-1.1952815146906621,-0.7970832705960217
path,-1.194249951746458,-0.7951832361375882
path,-1.1932190635006565,-0.7932827155046639
path,-1.1921625076847457,-0.7913338927168063
path,-1.1911066569234923,-0.7893837312905172
path,-1.1900515080044596,-0.7874330539434048
path,-1.1889970593252657,-0.785481859667082
path,-1.1879433094866994,-0.7835301475556896
path,-1.1868658307508817,-0.7815331307308093
path,-1.1857890777293276,-0.7795350353780659
path,-1.1847130524479872,-0.7775363952551171
path,-1.1836377541804788,-0.7755372097839194
path,-1.18256318232344,-0.7735374784489188
path,-1.1814564174223154,-0.7714776659447767
path,-1.1803504342289768,-0.7694154671818082
path,-1.179245220943996,-0.7673526870130595
path,-1.1781407774016726,-0.7652893251275213
path,-1.1770371035108609,-0.7632253812523689
path,-1.175909698084876,-0.7611154909904786
path,-1.1747830929296093,-0.7590044559735767
path,-1.173657291939254,-0.7568928120475011
path,-1.1725322952975987,-0.7547805590660858
path,-1.1714081032336614,-0.7526676969066072
path,-1.170250320703044,-0.7504915244802179
path,-1.16909340398424,-0.7483126726114422
path,-1.1679373427039241,-0.7461331733365271
path,-1.1667821372944212,-0.7439530266164156
path,-1.1656277882155743,-0.7417722324265692
path,-1.1644465237343422,-0.739541035796654
path,-1.1632655886153684,-0.7373024230597239
path,-1.1620864247892528,-0.7350637052423548
path,-1.1609097523973737,-0.7328253582488168
path,-1.159735543098351,-0.7305873641374171
path,-1.1585129010075326,-0.7282562813393905
path,-1.1572915493255678,-0.7259191613170904
path,-1.1560727977599061,-0.7235823676867436
path,-1.1548566055251366,-0.7212458665218531
path,-1.1536429952590002,-0.7189095634382293
path,-1.1523833016088707,-0.7164795003233146
path,-1.15112417128801,-0.7140460482478199
path,-1.1498662640489925,-0.7116118872092322
path,-1.1486094641045728,-0.7091769406870418
path,-1.1473537724103258,-0.7067412088655189
path,-1.146031003463622,-0.7041731670020194
path,-1.1447051853473684,-0.7015949175819165
path,-1.1433806106145208,-0.6990157901240757
path,-1.142057280426281,-0.6964357848714638
path,-1.1407351959478442,-0.6938549020709561
path,-1.1395629929756061,-0.6916552721109794
path,-1.1384583090931408,-0.689622087638554
path,-1.137354499749274,-0.6875882866523868
path,-1.1362515666433963,-0.6855538687811056
path,-1.1351495113597143,-0.6835188337074316
path,-1.1340158207780549,-0.6814231046621181
path,-1.132882878070985,-0.6793263142102532
path,-1.1317508710415953,-0.677228868453723
path,-1.1306198009590491,-0.6751307672671482
path,-1.1294896690229292,-0.6730320105590364
path,-1.1283260354105364,-0.6708686529466886
path,-1.1271630310025245,-0.668703784816483
path,-1.1260010272775787,-0.6665382198996808
path,-1.1248400252668604,-0.6643719582299665
path,-1.1236810648895863,-0.6622050832853978
path,-1.1224804758906586,-0.6599768477603707
path,-1.1212487373298952,-0.6577418856169208
path,-1.1199914313687205,-0.6555029073510209
path,-1.1187355348811276,-0.6532675854540343
path,-1.1174478321500685,-0.6510343657411403
path,-1.1161307262182232,-0.6487594842182178
path,-1.1148220043399468,-0.6464853732261999
path,-1.1135345238148007,-0.6442186134458683
path,-1.1122716884542307,-0.6419550668873522
path,-1.1110291904954124,-0.6396982358391733
path,-1.1097781432192244,-0.6373587466778792
path,-1.1085368490721592,-0.6350086903519525
path,-1.1073208262679792,-0.6326615656887259
path,-1.1061228685558417,-0.6303265623450596
path,-1.1049448640626378,-0.6279873807250079
path,-1.1037365632487268,-0.625584553800109
path,-1.1025292137280465,-0.6231736096354374
path,-1.101323213960812,-0.6207612895518666
path,-1.1001177030792724,-0.6183496473923004
path,-1.0989139081718986,-0.61593654837753
path,-1.0978114277388302,-0.6138709376878377
path,-1.0968003781381082,-0.6119459455794174
path,-1.0958270581002707,-0.6100170100018925
path,-1.094862043433343,-0.608084306062955
path,-1.0938975659265244,-0.6061527614348146
path,-1.0929192942841097,-0.6041785430687093
path,-1.0919356228865573,-0.6022027030021245
path,-1.090953606152799,-0.600224039649251
path,-1.0899713461159302,-0.5982471493421855
path,-1.088989891415441,-0.5962697710438147
path,-1.0879978321780948,-0.5942602449373167
path,-1.0870029736869185,-0.592248785565984
path,-1.0860091274767354,-0.5902362078594687
path,-1.085015452774411,-0.5882245520130026
path,-1.084013417089557,-0.5862068394074437
path,-1.0829669420231252,-0.5841373892552348
path,-1.081912034683173,-0.5820659986640389
path,-1.0808518384771828,-0.5799985717080346
path,-1.079791427783821,-0.5779307277326406
path,-1.0787315831050417,-0.5758625354357318
path,-1.077645226609491,-0.573741816702022
path,-1.0765583099477158,-0.571613274698945
path,-1.0754717580286444,-0.5694842217849567
path,-1.0743866090908827,-0.5673544898386874
path,-1.07330344778733,-0.5652226371484523
path,-1.0721850011393306,-0.5630321660467027
path,-1.0710683200876192,-0.5608317863341983
path,-1.0699538795507662,-0.5586304639960066
path,-1.0688397952994737,-0.5564287998213067
path,-1.067728585849947,-0.5542248052816016
path,-1.0665990335978848,-0.5519884821474732
path,-1.0654704129010637,-0.5497462123527206
path,-1.0643432583301167,-0.5475025314081102
path,-1.0632168301307037,-0.5452590094105184
path,-1.062090586137717,-0.5430151189329545
path,-1.0609236266929685,-0.5406953233050048
path,-1.0598324006874025,-0.5383341630245905
path,-1.0589876082025078,-0.5358911343570303
path,-1.058238406499556,-0.5334974438617399
path,-1.057566618405276,-0.5311447760362549
path,-1.0568670301733003,-0.5289555174006407
path,-1.0562468245384802,-0.526864532302791
path,-1.0556896577215702,-0.5249538654948012
path,-1.0552017200555381,-0.5230875076281536
path,-1.0547598311105049,-0.5212767906158273
path,-1.0543859629991486,-0.5195017285079424
path,-1.054063032989221,-0.5177786246841835
path,-1.053790993679752,-0.516107440576452
path,-1.053569800374518,-0.5144881353884742
path,-1.0533994085540201,-0.5129206683621298
path,-1.0532875317927843,-0.5113975571718654
path,-1.05321590131077,-0.5099152210823894
path,-1.0531762760971288,-0.5084650507051793
path,-1.0531684291945278,-0.5070468134710449
path,-1.0531902661440464,-0.5056583222440257
path,-1.053219535422367,-0.504246553062176
path,-1.0532496284865254,-0.5028342894821162
path,-1.0532805480178729,-0.5014215408253103
path,-1.0533122926294631,-0.5000083081344835
path,-1.0533448598398278,-0.49859459148082896
path,-1.0533788198487162,-0.49715686304289053
path,-1.053413624295676,-0.49571863031083807
path,-1.0534492741464443,-0.4942798997246788
path,-1.053485769034805,-0.4928406733210058
path,-1.0535231080043226,-0.49140095257209276
path,-1.0535619743989657,-0.48993552224609543
path,-1.053601707612361,-0.4884695742218655
path,-1.0536423103018373,-0.48700311705781807
path,-1.0536837826392789,-0.48553615332148564
path,-1.0537261220254477,-0.48406868260590347
path,-1.0537699896133557,-0.4825731638399287
path,-1.0538149126999308,-0.4810772831879549
path,-1.0538607326773866,-0.4795808808242963
path,-1.0539074487114803,-0.4780839582621433
path,-1.053955059865451,-0.4765865168882432
path,-1.0540046021320988,-0.4750523073651501
path,-1.0540552289082588,-0.47351770593268233
path,-1.0541067920035356,-0.4719825651627047
path,-1.0541592901121501,-0.4704468863039154
path,-1.0542127214571666,-0.46891066994554836
path,-1.0542677890892758,-0.46735436691143883
path,-1.0543238096080265,-0.46579751068539554
path,-1.0543807847330302,-0.46424010812269734
path,-1.0544387135337365,-0.46268216075897145
path,-1.0544975949850626,-0.46112367001987326
path,-1.0545589345069089,-0.4595227899975666
path,-1.0546215501622798,-0.45791973048837054
path,-1.054685045416951,-0.45631691728542007
path,-1.0547495418179715,-0.4547135367140462
path,-1.0548150388259252,-0.4531095908750824
path,-1.0548830809215042,-0.4514596378342174
path,-1.0549528965105084,-0.4498042524593885
path,-1.0550235102673071,-0.44815078867133573
path,-1.0550951810693536,-0.44649673267052126
path,-1.0551679074780682,-0.4448420860216327
path,-1.0552431662314852,-0.44315123848640164
path,-1.05531964342684,-0.44145989769922805
path,-1.0553972046392324,-0.4397679311694687
path,-1.0554758772494761,-0.43807537075870345
path,-1.0555556454780453,-0.4363822029387075
path,-1.0556386099648847,-0.4346407040321728
path,-1.0557227478202547,-0.43289540286698275
path,-1.0558082881977604,-0.4311513075441644
path,-1.0558949838066722,-0.42940657704118523
path,-1.0559828331028855,-0.4276612130473032
path,-1.056073602722818,-0.42585644089922026
path,-1.0561678909874146,-0.42403014597644284
path,-1.0562626780827253,-0.4222162004147788
path,-1.0563587863275332,-0.4204016329981482
path,-1.0564561375954928,-0.41858636854192943
path,-1.056556374511383,-0.4167326553976285
path,-1.0566583004284578,-0.41487863801515074
path,-1.0567615149216207,-0.4130239089578754
path,-1.0568660157930994,-0.41116847192671024
path,-1.0569718010421334,-0.40931233061520933
path,-1.0568815848230808,-0.4076365800533086
path,-1.0567991566075225,-0.40603914792948803
path,-1.0567633887299355,-0.4044894093530021
path,-1.0567711559396518,-0.4029840919790519
path,-1.0568061150134989,-0.40150607131005306
path,-1.0568815473482924,-0.40003850206058444
path,-1.0569697525026418,-0.3985830732498325
path,-1.0570587389465524,-0.39712722525651994
path,-1.0571485050460376,-0.39567095910562716
path,-1.057239050493814,-0.39421427684699084
path,-1.0573320272710323,-0.39273104253401125
path,-1.0574258060248873,-0.3912473727848539
path,-1.0575203899135808,-0.3897632768637195
path,-1.0576157782205806,-0.38827875632937675
path,-1.0577119714471979,-0.38679381564076043
path,-1.0578107902026554,-0.3852808058479168
path,-1.0579104377951254,-0.3837673524482469
path,-1.0580109164911833,-0.3822534642109896
path,-1.0581122255062974,-0.3807391425302419
path,-1.0582143640609762,-0.37922438877329173
path,-1.0583189646931186,-0.37768536295259714
path,-1.0584244168373966,-0.3761458878061732
path,-1.0585307224242533,-0.37460597105018323
path,-1.0586378806552916,-0.3730656140188194
path,-1.058745890735513,-0.3715248180287163
path,-1.0588575299307492,-0.3699445381577053
path,-1.0589700599186391,-0.36836378966579464
path,-1.0590834829463907,-0.3667825838575126
path,-1.059197798168017,-0.3652009220765738
path,-1.0593130047423611,-0.3636188056595647
path,-1.0594317549677053,-0.3620003248556981
path,-1.059551432641157,-0.3603813621643333
path,-1.0596720399262058,-0.3587619281758784
path,-1.0597935759326604,-0.3571420242711817
path,-1.0599160397722571,-0.3555216518221756
path,-1.0600418344273455,-0.3538694531428283
path,-1.0601685883923178,-0.35221676235759547
path,-1.060296303659391,-0.3505635890098739
path,-1.0604249792951213,-0.3489099345167233
path,-1.060554614367665,-0.34725580028810876
path,-1.060688904173123,-0.3455510628100498
path,-1.0608250873179987,-0.34384190686442145
path,-1.0609618502572604,-0.34213419448289645
path,-1.061099629953755,-0.34042597776575567
path,-1.0612384253928973,-0.33871725822224397
path,-1.0613820899190778,-0.3369600081658652
path,-1.0615271306164615,-0.33520086264583854
path,-1.061673089695521,-0.33344186765827266
path,-1.0618145722534562,-0.33168782153581816
path,-1.0619551005112138,-0.32995751551541985
path,-1.0621013723507158,-0.32817466068824636
path,-1.0622488432807684,-0.32638827859291847
path,-1.0623975249829218,-0.3246030039930709
path,-1.0625472688675763,-0.3228171497185436
path,-1.0626980734814098,-0.32103071856274146
path,-1.062645707291325,-0.3194096777295416
path,-1.0625941259461245,-0.31784620762193055
path,-1.0625766718731315,-0.3163192169726108
path,-1.0625941808965007,-0.31482788528162775
path,-1.0626466120041254,-0.3133721728712848
path,-1.0627507298157661,-0.31193586675503177
path,-1.0628746228757415,-0.3105192481371779
path,-1.062999208154785,-0.30910231109219294
path,-1.0631244520101473,-0.3076850225500293
path,-1.0632503537515676,-0.3062673837376687
path,-1.063379027089123,-0.30482584279147334
path,-1.0635083764284217,-0.3033839363182236
path,-1.0636384035661623,-0.3019416715295208
path,-1.0637691078101978,-0.3004990495540093
path,-1.0639004884741274,-0.29905607149281055
path,-1.0640343473801246,-0.29759314849006435
path,-1.0641688976809767,-0.29612985687348226
path,-1.0643041407829723,-0.2946662027531945
path,-1.064440075992137,-0.29320218717698526
path,-1.0645767026182706,-0.291737811175036
path,-1.0647169701634582,-0.29024116627203245
path,-1.0648580072922498,-0.28874419394710266
path,-1.0649997640702147,-0.28724684855848104
path,-1.065142239775759,-0.28574913113689243
path,-1.065285433689899,-0.2842510427013655
path,-1.065432738262821,-0.282717433423896
path,-1.0655807906912043,-0.28118342893976905
path,-1.065729593146896,-0.2796490390369133
path,-1.0658791448694656,-0.27811426476112355
path,-1.066029445100417,-0.2765791071499782
path,-1.0661823747224652,-0.27502453698149504
path,-1.066336068023452,-0.2734695711831261
path,-1.0664905261656619,-0.2719142156648544
path,-1.0666457483693308,-0.2703584714724144
path,-1.0668017338562146,-0.26880233964542555
path,-1.0669624357066494,-0.2672041901830496
path,-1.067124171032626,-0.26560586944869874
path,-1.0672867082949007,-0.2640071435087236
path,-1.0674500466523689,-0.26240801345816883
path,-1.067614185270679,-0.2608084803906854
path,-1.0677830475444574,-0.2591704269239593
path,-1.0679527654764374,-0.2575319664020636
path,-1.068123319589343,-0.25589308690535356
path,-1.068294708993321,-0.25425378958593897
path,-1.0684669327997782,-0.2526140755915112
path,-1.0686435276951007,-0.25094057197190694
path,-1.0688209868457816,-0.24926662873483768
path,-1.0689993119090968,-0.24759225529679468
path,-1.0691785019462885,-0.24591745285790317
path,-1.0693585560198327,-0.24424222261413683
path,-1.0695452001144412,-0.24251208156815413
path,-1.0697331951343687,-0.24077905282650083
path,-1.0699219825837494,-0.23904683132660434
path,-1.0701116883384434,-0.23731415831970895
path,-1.0703023113711112,-0.23558103510108439
path,-1.0703105132625748,-0.23399734461186453
path,-1.0703217074575697,-0.23246753364294404
path,-1.0703654062625407,-0.23097096097900333
path,-1.070441568397118,-0.22950758539360314
path,-1.0705501526403614,-0.22807736571588094
path,-1.070699919928442,-0.22666876908840874
path,-1.0708578953331944,-0.22526787562815695
path,-1.0710164638789996,-0.2238666943641537
path,-1.0711756250306061,-0.222465225966366
path,-1.0713353782533144,-0.22106347110256488
path,-1.0714981451136005,-0.21963984947440016
path,-1.071661569725005,-0.2182159814170243
path,-1.0718256030697508,-0.21679182010031542
path,-1.0719902445904237,-0.2153673662139368
path,-1.0721554937531648,-0.21394262051769736
path,-1.0723239989667948,-0.21249491659188363
path,-1.0724931281925247,-0.21104690720509686
path,-1.0726628827901523,-0.2095985987140034
path,-1.0728332621782073,-0.20814999183081323
path,-1.0730042657758128,-0.20670108726579875
path,-1.073178199215533,-0.20523249058676277
path,-1.0733527708291082,-0.2037635848368722
path,-1.0735279816770769,-0.20229437557759244
path,-1.0737038311573914,-0.20082486353968218
path,-1.073880318668619,-0.19935504945198337
path,-1.0740612480440197,-0.19785347864569372
path,-1.074242839548354,-0.19635158659477986
path,-1.0744250947849263,-0.19484938172802146
path,-1.0746080131155065,-0.19334686481316427
path,-1.074791593902529,-0.19184403661598445
path,-1.0749786197652018,-0.19031824184529758
path,-1.0751663289677607,-0.1887921264284568
path,-1.075354718765029,-0.18726569265256796
path,-1.0755437884921641,-0.18573894131002877
path,-1.0757335374858172,-0.18421187319029317
path,-1.075928600093099,-0.1826474459728827
path,-1.076124371759111,-0.18108267926076305
path,-1.0763208539362075,-0.1795175827295519
path,-1.0765180459146388,-0.17795215721860438
path,-1.0767159469854204,-0.17638640356511917
path,-1.076918808893382,-0.17478635176730717
path,-1.0771224700031286,-0.17318601693832422
path,-1.0773268690054816,-0.17158534224619593
path,-1.0775320072661199,-0.16998433072968405
path,-1.0777378822983703,-0.1683829813729518
path,-1.0779483077946832,-0.16675182365681232
path,-1.078159493675176,-0.16512031004021732
path,-1.0783714409399627,-0.16348844850833533
path,-1.0785841487982872,-0.1618562399816936
path,-1.0787976164602961,-0.1602236853782867
path,-1.0790181437741713,-0.1585425117997388
path,-1.0792396787884235,-0.1568601962534889
path,-1.0794619150164813,-0.1551778997823547
path,-1.079684953605003,-0.15349524025007194
path,-1.0799087936963914,-0.1518122186441487
path,-1.0801394831249336,-0.15008364667933635
path,-1.080371015076396,-0.1483546821453049
path,-1.0806033894238334,-0.14662534041385106
path,-1.0808366052214016,-0.14489562112168347
path,-1.0810706615460677,-0.14316552532210125
path,-1.0813125405682105,-0.14137839023629814
path,-1.0815574727656534,-0.13958180524674618
path,-1.081802498192429,-0.13778931468327651
path,-1.0820484206237202,-0.1359964251055489
path,-1.0822952390413147,-0.1342031376646778
path,-1.0825477115517628,-0.13237487295329342
path,-1.08280113871667,-0.13054621803819833
path,-1.083055493525502,-0.12871715339360437
path,-1.0833107749054613,-0.12688768022360622
path,-1.083566981434168,-0.12505779908705753
path,-1.0838318917057794,-0.12316001911011483
path,-1.084103322248555,-0.12124217920859298
path,-1.0843734193632553,-0.11933321598053982
path,-1.0846445175423534,-0.1174238154127664
path,-1.0849166155798233,-0.11551397884349146
path,-1.0851975841776356,-0.11353812797191373
path,-1.08548437494113,-0.11154423916100248
path,-1.085770334070988,-0.10955832405800406
path,-1.0860573674577325,-0.10757194408968672
path,-1.0863454737574376,-0.10558510073281319
path,-1.0863968073506158,-0.10379999783975058
path,-1.0864270130941596,-0.10209843765021412
path,-1.0864930404608817,-0.10043365237490304
path,-1.086594843713318,-0.09880559627547186
path,-1.0867323774365185,-0.09721422368999869
path,-1.086930655986467,-0.0956354413192653
path,-1.0871571768948427,-0.09408540610667086
path,-1.087386411219059,-0.09253727181777822
path,-1.0876162893223316,-0.0909888632605006
path,-1.0878468105790031,-0.08944018110468654
path,-1.0880829015584055,-0.08785830229544953
path,-1.0883196606109218,-0.08627613179671491
path,-1.0885570884789044,-0.08469367804359397
path,-1.088795184499483,-0.08311094173069593
path,-1.0890339480107938,-0.08152792354549146
path,-1.0892798242100603,-0.07990210840423359
path,-1.0895264021168216,-0.07827598808992269
path,-1.0897736817345187,-0.07664957269920206
path,-1.0900216623531302,-0.07502286289765572
path,-1.0902703432667333,-0.07339585930184746
path,-1.0905245168090774,-0.07173736983311264
path,-1.0907794150946064,-0.0700785682375056
path,-1.0910350387442511,-0.06841945984866912
path,-1.0912913872262024,-0.06676004123828007
path,-1.0915479560332182,-0.06509928481956247
path,-1.0918067854516995,-0.0634118214307891
path,-1.0920653138044853,-0.06172770012998368
path,-1.0923235589966882,-0.06004683583447084
path,-1.092581538035633,-0.05836913038894519
path,-1.0928392672030478,-0.05669449077572336
path,-1.0931001373062579,-0.05498490998788412
path,-1.0933611894626658,-0.05327744799790007
path,-1.093622115603686,-0.05157250591793111
path,-1.0938829360427123,-0.04986998059497281
path,-1.0941436700179816,-0.04816977395040855
path,-1.094407087191327,-0.04644369293296396
path,-1.094670180630634,-0.044720681302810816
path,-1.0949329428424197,-0.043000739680581046
path,-1.0951953967894639,-0.04128374998187076
path,-1.0954575661041914,-0.039569593342271246
path,-1.0957232034855307,-0.037813152884550526
path,-1.0959887741137768,-0.0360603348865223
path,-1.096253453477323,-0.034312297208319374
path,-1.096517259946562,-0.032568918425451523
path,-1.0967802117419423,-0.030830079081355752
path,-1.0970455804986554,-0.029061661334367616
path,-1.0973103404983071,-0.027297177336723853
path,-1.0975743104255273,-0.025536812789362952
path,-1.0978375127595974,-0.02378043805659317
path,-1.0980999708429946,-0.0220279221285936
path,-1.0983665464006733,-0.0202234084247599
path,-1.0986334188254911,-0.018420911585166753
path,-1.0988996448719308,-0.016621715563087024
path,-1.0991654085780531,-0.014825148348674952
path,-1.0994307242465367,-0.01303112348434605
path,-1.0996995433804406,-0.011197470581273525
path,-1.099968445805648,-0.009365291974710858
path,-1.1002370004963957,-0.007535138576771683
path,-1.100505244640107,-0.005706851326499991
path,-1.10077321666455,-0.0038802692977873555
path,-1.1008860194088865,-0.0022615387832815056
path,-1.1010399626508431,-0.0007123515868863099
path,-1.1012537460497964,0.00078811536332519
path,-1.1014856565594842,0.002272628935739985
path,-1.1017174264824772,0.003755605031536198
path,-1.101950718415294,0.005252739360789425
path,-1.1021839688078492,0.006748721470697376
path,-1.1024171767996152,0.008243554988277394
path,-1.1026503687070703,0.009737342012590295
path,-1.1028835713478273,0.011230185269394134
path,-1.1031198161178672,0.012750683253136446
path,-1.1033561256993176,0.01427048174811631
path,-1.103592532155759,0.015789684199543002
path,-1.1038290653230343,0.017308399441561713
path,-1.104066339721803,0.018828678519184256
path,-1.1043069878302922,0.020372447254432536
path,-1.1045488564401331,0.021919351725565504
path,-1.1047919856136004,0.023469490974889963
path,-1.105036413455496,0.025022966380958044
path,-1.1052909688976669,0.026577590191186162
path,-1.1055767248142812,0.028152747751281845
path,-1.1058625345403443,0.029727172895697068
path,-1.1061484022459351,0.03130093236834027
path,-1.1064343576041094,0.03287412917525724
path,-1.106720430706751,0.03444686693926208
path,-1.107010030617954,0.03604370638177937
path,-1.1072998091930573,0.03764032691506468
path,-1.1075897984497365,0.03923683413232274
path,-1.1078800308333363,0.04083333599805
path,-1.108170539214317,0.04242994088406389
path,-1.1084666358495143,0.04406678679648642
path,-1.108763422995624,0.04570451160609359
path,-1.109060601293253,0.04734276764001994
path,-1.1093583607388289,0.0489821564060022
path,-1.109656571856703,0.05062226229673715
path,-1.1099602889359932,0.052300512702559705
path,-1.1102647610980247,0.05398009764504546
path,-1.1105697982656404,0.055660805338234774
path,-1.1108754409672874,0.05734275814242615
path,-1.1111817300943179,0.0590260782343705
path,-1.1114933040326405,0.060744061884124935
path,-1.111805660877817,0.06246378878207943
path,-1.1121187913752713,0.06418530852924863
path,-1.1124327410663326,0.06590875212845548
path,-1.1127475562175961,0.06763425125414427
path,-1.1130711987574418,0.06942618113857695
path,-1.113397194778439,0.07122258666636277
path,-1.1137242106230616,0.07302159497443987
path,-1.1140523068074495,0.07482337471943813
path,-1.114381550178512,0.07662811252053549
path,-1.1147177651827518,0.07847911932561866
path,-1.115057308990472,0.08033962761645509
path,-1.1154017737426811,0.08221455802540684
path,-1.115751137839071,0.08410365405647183
path,-1.1161053780492398,0.08600671243238031
path,-1.1164697540610191,0.08799665640519289
path,-1.1168363152270655,0.09000617622329714
path,-1.117196725137681,0.0920349083842281
path,-1.117551188238848,0.094083361670772
path,-1.1178998981948942,0.09615201459024451
path,-1.1180801335062438,0.09801894976365313
path,-1.1182428510614022,0.09986008305803401
path,-1.1184273498448472,0.1016963450657925
path,-1.1186275891737842,0.1035219209193211
path,-1.1188484483231527,0.10533517727099245
path,-1.1191076331415026,0.10717388778751674
path,-1.1193586790014178,0.10902388758582428
path,-1.11960956805002,0.11087206662676637
path,-1.1198816773102844,0.11271062531702881
path,-1.1201507072683679,0.11456288136248391
path,-1.1204184734083302,0.1164588056124269
path,-1.1206830956213767,0.11836961570168873
path,-1.120945488236968,0.12029542714411443
path,-1.1212115794464443,0.12223446083674698
path,-1.121482547161219,0.1241864460694395
path,-1.1217603918370154,0.1262091182355863
path,-1.122044119781794,0.12824627548769357
path,-1.1223329334805432,0.13029669195773536
path,-1.122626897252685,0.13236045742570415
path,-1.1229260748481997,0.134437662041686
path,-1.123231990726209,0.13655739390666896
path,-1.1235432529856018,0.13869076211377823
path,-1.1238599307708692,0.14083784111909195
path,-1.1241820881169255,0.14299871521956603
path,-1.1245097798441328,0.14517343946724098
path,-1.1248453995802914,0.14742729524337644
path,-1.1251879616627223,0.1496971118743405
path,-1.1255362802870637,0.15198104730732928
path,-1.125890360439398,0.15427899406980342
path,-1.126251809641918,0.15659007432030578
path,-1.126619842374363,0.1589813173442018
path,-1.126994987392382,0.16138817448886608
path,-1.1273760560035109,0.1638088715320112
path,-1.127763091362072,0.16624342459355013
path,-1.1281561813801242,0.16869198606360833
path,-1.1284984629606525,0.17087725063554862
path,-1.1288753825798565,0.1730006353884073
path,-1.1292527640822139,0.17512125114236546
path,-1.1296303179176135,0.1772377580877647
path,-1.130007614895704,0.17934943547445859
path,-1.130386812271612,0.18149582908452386
path,-1.1307663334127025,0.1836386295534288
path,-1.1311467114681897,0.18578019474510066
path,-1.131530760423348,0.1879290979226782
path,-1.1319020250792993,0.19007284820507178
path,-1.132251310062039,0.1921866815591269
path,-1.1325932058294552,0.19425006741667172
path,-1.1329151581145993,0.19624416917691492
path,-1.1332170879929164,0.19816934639534264
path,-1.1334991074042886,0.20002642711877633
path,-1.1337603728637922,0.2018531760957607
path,-1.1340056207953166,0.2036181639444409
path,-1.1342307367712454,0.20531571882628963
path,-1.134435587348618,0.20694587170328263
path,-1.134620110364418,0.20850892722108066
path,-1.1347836830836293,0.21004110945696455
path,-1.134930027895946,0.21151091925421472
path,-1.135055354190306,0.21291290251255976
path,-1.1351593132142266,0.2142618882769449
path,-1.1352645871842146,0.2156389766041879
path,-1.1353800431550143,0.21707927989188236
path,-1.1355036685919777,0.21854521493973195
path,-1.1356348654669732,0.22003546955883016
path,-1.1357734934055792,0.22154944090290546
path,-1.1359194194412292,0.22308655483516032
path,-1.1360747050354787,0.22468186028416912
path,-1.136237385621909,0.226299805226234
path,-1.1364069873108813,0.22793934066397617
path,-1.136583522314668,0.22960034630159815
path,-1.1367669254779176,0.23128246867485378
path,-1.136959547009417,0.23302762625304446
path,-1.1371594260459903,0.23479395043918452
path,-1.13736588619563,0.23658015200878335
path,-1.1375788465071353,0.23838584284269296
path,-1.13779823231325,0.24021065705766234
path,-1.1380267375065094,0.24210474325462353
path,-1.1382623140913748,0.2440183364083503
path,-1.1385041219833227,0.2459501302879886
path,-1.1387521572461128,0.2478999753794554
path,-1.1390063521492697,0.24986753396076464
path,-1.1392695602174807,0.2519249745604983
path,-1.1395414994761557,0.25400366770701094
path,-1.1398195062432095,0.2560994798637079
path,-1.1401035141526814,0.25821208454376465
path,-1.1403934770014559,0.26034121072234334
path,-1.140692031142584,0.2625307639461631
path,-1.1409971177952098,0.26473740213679886
path,-1.1413080729809044,0.266959961314864
path,-1.1416248703219687,0.269198237647113
path,-1.14194749780088,0.2714520712051337
path,-1.1421991753010683,0.2734337911913405
path,-1.1425048311238368,0.2753468824159273
path,-1.1428159937635298,0.27727419876890613
path,-1.1431323879868722,0.2792148436069576
path,-1.143454040684322,0.281168809856759
path,-1.1437831609248499,0.28316374886028245
path,-1.1441177071892605,0.2851723380379229
path,-1.144457784205305,0.2871947705241618
path,-1.1448034666976188,0.2892311756093444
path,-1.145154842950327,0.29128171466787894
path,-1.1455154930618205,0.2934089620286886
path,-1.1458837302000031,0.29555320132454654
path,-1.1462578033440276,0.29771165387151344
path,-1.1466379191270268,0.2998848317341467
path,-1.1470242590698339,0.3020731549095722
path,-1.1474204159627792,0.3043308756517038
path,-1.147824135670144,0.3066058219951168
path,-1.1482344692479352,0.3088966697526137
path,-1.1486514719864518,0.31120346398950177
path,-1.1490734745910265,0.3135212583953055
path,-1.1495052824876553,0.31591605230537867
path,-1.1499459658559819,0.31833038552592496
path,-1.1503909655121383,0.3207578678132722
path,-1.1508225000944838,0.3231661465289602
path,-1.151234866124667,0.3255084048351214
path,-1.1516266258627748,0.3278220194208823
path,-1.1520020303004368,0.3300755711200819
path,-1.1522970804613082,0.33218911463831247
path,-1.1525069568311113,0.3341257198527261
path,-1.152691594938425,0.33595806367970066
path,-1.152851748256542,0.3377729347528484
path,-1.1529895121509057,0.3394868782252884
path,-1.1531006001414663,0.34109458493268907
path,-1.1532320472694029,0.3427701283239964
path,-1.1534127902801363,0.3445241750391472
path,-1.1535521960944677,0.34606664233783285
path,-1.1537195248825092,0.34758726832934617
path,-1.1538924020750274,0.34912492474125223
path,-1.154027990587992,0.3506316198172446
path,-1.154083059467817,0.35204944666739696
path,-1.1541428787389,0.35350944458575806
path,-1.1542077016028616,0.35498289601558025
path,-1.1542774063034826,0.35646935898573395
path,-1.154351868167566,0.35796841553685915
path,-1.1544309664480108,0.3594796617469062
path,-1.1545141937516357,0.361035556746917
path,-1.1546018247673213,0.36260291500321884
path,-1.154654138601399,0.3641903149860765
path,-1.1545056852477165,0.3659400560956282
path,-1.1546374780661546,0.3677622291980401
path,-1.1548475751675038,0.3697200149895554
path,-1.1550925526426818,0.37173007471277786
path,-1.155342034168906,0.3737492524992795
path,-1.1555960371054423,0.37577754437672584
path,-1.155854421834492,0.37781452220117107
path,-1.1560811746430164,0.37963746084281014
path,-1.1563483752637316,0.38141977793410686
path,-1.1566198740965608,0.3832108892247219
path,-1.1568957785487672,0.385011042991353
path,-1.1571761916267993,0.3868204761106751
path,-1.1574610986176768,0.3886666349649024
path,-1.157750646690798,0.39052227525989874
path,-1.1580447440201433,0.3923871415850901
path,-1.1583413154476145,0.3942556447867254
path,-1.1586400232743606,0.39612685852151086
path,-1.1589427604347913,0.3980338029614724
path,-1.1592506709119397,0.3999514669365861
path,-1.1595617789827726,0.4018745069507061
path,-1.1598756096866343,0.40380163555548293
path,-1.160185341453736,0.4057397138396168
path,-1.1605164367787255,0.40770433891129704
path,-1.1608580765908532,0.40965802910642113
path,-1.1612045609748376,0.41159414073670075
path,-1.1615514481049518,0.41350816200744994
path,-1.161894795825611,0.41539593937391434
path,-1.1622379331764214,0.4173048432807124
path,-1.1625690957098984,0.4191781125839631
path,-1.1628837620368984,0.42100976291766845
path,-1.1631776549718593,0.4227940679090016
path,-1.1634459455218058,0.4245244112603956
path,-1.1636869193070343,0.42624423020060237
path,-1.1638852440102796,0.42788642405907257
path,-1.1640362824899229,0.42947713674306626
path,-1.16419310522435,0.43108213707672427
path,-1.1643556575532739,0.4327012040185228
path,-1.164524191182219,0.43435723968570555
path,-1.1646985831409598,0.4360275429181706
path,-1.164878777919031,0.43771185847451316
path,-1.16506458952747,0.4394096155069192
path,-1.1652559778000873,0.4411206296439652
path,-1.1654532965806852,0.44288781568214153
path,-1.1656564198052533,0.44466837730582526
path,-1.1657983089709518,0.4464702267747339
path,-1.1660462921547188,0.4483893483094978
path,-1.1663238237866627,0.45035675436578443
path,-1.1666076430817305,0.4523693376490643
path,-1.1668971234056833,0.45439399323267526
path,-1.1671922801421457,0.4564306539070923
path,-1.1674930608437333,0.45847910993463414
path,-1.1677992799796573,0.4605388044174439
path,-1.1681116616810527,0.46266987440386653
path,-1.168430641568437,0.4648140025616771
path,-1.1687582282545914,0.4669684254978127
path,-1.1690961372579551,0.46913304257436345
path,-1.1694400843269503,0.47130993053029085
path,-1.169791011815679,0.4735736631599518
path,-1.170149694176233,0.47585198269364004
path,-1.170523070143751,0.4781550740669797
path,-1.170916742412948,0.48047820733534385
path,-1.1713262845265209,0.4828161803844443
path,-1.1717528788707148,0.48522954109951033
path,-1.172187330192844,0.4876492636074327
path,-1.1726270402710195,0.490072618595984
path,-1.1730712612281626,0.4924994994024355
path,-1.1735197364242307,0.49493037913439186
path,-1.1738429072475234,0.4970971856073674
path,-1.1742683092243247,0.4991683546273224
path,-1.174714288279258,0.5012660965783953
path,-1.1751778269151936,0.5033878521145236
path,-1.175659315033905,0.5055295294295641
path,-1.1761495203110883,0.5077150094240546
path,-1.1766398878741744,0.5098808485005959
path,-1.1771248856190728,0.5120220534166278
path,-1.1776041913739097,0.5141429516257471
path,-1.1780770006155783,0.516245006928011
path,-1.1785490639300609,0.5183856484589663
path,-1.17890117229598,0.5205136030132944
path,-1.1793045994413875,0.5226213846124982
path,-1.1797403350458409,0.5247628170247944
path,-1.1801917369239998,0.5269403026251395
path,-1.1806356246539218,0.5291874620244253
path,-1.1811134239143046,0.5314750529373694
path,-1.1816142089716901,0.5337931904471955
path,-1.182127021786888,0.536158847944542
path,-1.182663724465591,0.538551247471749
path,-1.1831930949843368,0.540991564971969
path,-1.1837540118150363,0.5434601206645394
path,-1.1843125745850922,0.5459496728615342
path,-1.1849042584487193,0.548463938095949
path,-1.1854895192398525,0.5509887283105105
path,-1.1860611058332031,0.5535953850286337
path,-1.186659522399622,0.5562314599928501
path,-1.1872727043401046,0.5588942722229074
path,-1.1878894877784887,0.5615811042983941
path,-1.1885390254946961,0.5642802754042184
path,-1.1891511964006285,0.5670239737854975
path,-1.1897853137514203,0.5698049401619434
path,-1.1904361646924742,0.5726253381688835
path,-1.1911156604479487,0.5754653615522581
path,-1.1917945479370224,0.578314972344757
path,-1.1923357063177087,0.5807928768418381
path,-1.1928993873891154,0.58310834555656
path,-1.1934514589881284,0.5853685600737175
path,-1.1939924256152463,0.587576524304428
path,-1.1944545224666057,0.589739274254884
path,-1.1949036266467332,0.5919390812734504
path,-1.195397665629329,0.5942083842988684
path,-1.1959415117168954,0.5965313211097484
path,-1.1964957342395892,0.5988914189536632
path,-1.197071526109547,0.6012694215677569
path,-1.1976445552984336,0.6037090971392778
path,-1.1982402092467825,0.6061705887272935
path,-1.1988296730432777,0.6086339277237183
path,-1.199426587842719,0.6110947129999438
path,-1.2000221718535826,0.6135592087844965
path,-1.2006049852337286,0.6161044827918138
path,-1.2012161301336965,0.6186972293251355
path,-1.201840655567614,0.6213090162492402
path,-1.2024799367521244,0.6239331466157265
path,-1.20312370462895,0.6265610588151052
path,-1.2037281308880028,0.6292406347705757
path,-1.20439228732141,0.6319748405871126
path,-1.20506374496036,0.6347262788125395
path,-1.2057325236580967,0.6374789906614476
path,-1.2063954225956066,0.6402245582969243
path,-1.2070404000458652,0.643086587449224
path,-1.207742283113897,0.6460184262445555
path,-1.2084679339974882,0.649001241596815
path,-1.2091998815509801,0.6519906980429541
path,-1.2099289922246244,0.6549745852146397
path,-1.2106092850301904,0.6580910564518141
path,-1.2113833465042418,0.6612811679711775
path,-1.2121672477558,0.6645020143634831
path,-1.2129671841088332,0.6677472687814798
path,-1.2137664274893583,0.6709907717310188
path,-1.2145267582454506,0.6743655291854046
path,-1.2153719461357755,0.6778203336000652
path,-1.2162209337934924,0.6812970037679414
path,-1.2170897329479644,0.6847834680403979
path,-1.2179590255925552,0.6882568033060703
path,-1.2188597795069127,0.6920373116492763
path,-1.2198243123256984,0.6959326680751619
path,-1.2208025892221794,0.6998275933826288
path,-1.2217823853584517,0.7037247204520567
path,-1.2227637539071428,0.7076242320578361
path,-1.2235405626432274,0.7112053415750207
path,-1.2243550899739102,0.7145583430051122
path,-1.2249992975845259,0.7177623241236093
path,-1.2255597932760023,0.7207617513926874
path,-1.2255297734688235,0.7240386919995155
path,-1.2248320938839754,0.7275823740158963
path,-1.2236970197774226,0.7311924602359144
path,-1.222370578072589,0.7346299568570342
path,-1.2209614733537608,0.7379652812020395
path,-1.2195191891316959,0.7412577028806896
path,-1.2179779584707329,0.7447273753116582
path,-1.2163768501509724,0.7482825622021294
path,-1.2147807772510706,0.751839822761494
path,-1.2131897467121637,0.75539913889885
path,-1.2116037652156657,0.7589604935460958
path,-1.2099591658270925,0.7627022808583753
path,-1.2082843243886994,0.7664927257079936
path,-1.206615208680007,0.7702854109561103
path,-1.204951825816333,0.7740803214204394
path,-1.2032941827175698,0.7778774425189073
path,-1.2015825498741501,0.7818457734161101
path,-1.1998464856814766,0.7858560521867746
path,-1.1981168286626107,0.7898687387335481
path,-1.1963935863606918,0.7938838189474247
path,-1.1946767661631488,0.7979012790628323
path,-1.193074231213963,0.8014396632770547
path,-1.1918565364264428,0.8045049183972003
path,-1.190753454205939,0.807362726310724
path,-1.189617187374053,0.8101783378000766
path,-1.1884596602355855,0.812963306967517
path,-1.1872880057736366,0.8158947082346576
path,-1.1861136874357225,0.8188999684211602
path,-1.184936141213656,0.8219077728738136
path,-1.1837057817691965,0.8249300262353984
path,-1.1824928427464472,0.8279708796423688
path,-1.181281001158666,0.8310937195346361
path,-1.1800920743160408,0.8342286877202915
path,-1.178914118647799,0.837368600462708
path,-1.1777394683206757,0.8405104479230231
path,-1.1765681292163086,0.8436542204639136
path,-1.1753627867855745,0.846899305899082
path,-1.1741592595927808,0.8501523484965477
path,-1.1729592875222958,0.8534074165537728
path,-1.171762875288552,0.8566645022677825
path,-1.170570027343621,0.8599235982480843
path,-1.16932919430037,0.8633236456016855
path,-1.1680878264910832,0.8667407156315159
path,-1.166850382008166,0.8701599634848731
path,-1.1656168646041758,0.873581382396431
path,-1.1643872793484478,0.8770049620893713
path,-1.1631213945820085,0.8805416295303289
path,-1.1618570218256683,0.8840898756135966
path,-1.1605968724193816,0.8876404220650204
path,-1.159340950109806,0.8911932622284443
path,-1.158089258249226,0.8947483904708606
path,-1.1567864084914345,0.8984605859217569
path,-1.1554822995645924,0.9021956067539131
path,-1.1541828592798653,0.9059331264721154
path,-1.152888091145608,0.9096731389801301
path,-1.1515979986061473,0.9134156382627725
path,-1.15022872337084,0.9173952683770009
path,-1.1488457090388682,0.9214437451336434
path,-1.1474681636374662,0.9254951012981867
path,-1.1460960911600226,0.9295493297559065
path,-1.1447294955585685,0.9336064234317342
path,-1.1433061515703957,0.9378479759672932
path,-1.1418793975389785,0.9421253334800942
path,-1.1404587270373556,0.9464058420660397
path,-1.1390441444866155,0.9506894936600914
path,-1.1376356542803452,0.9549762802107492
path,-1.136191760593824,0.9593919542826026
path,-1.1347506195281165,0.9638238713896549
path,-1.1333159851921841,0.9682591030104075
path,-1.131887862307961,0.9726976403360252
path,-1.130466255578169,0.9771394745547647
path,-1.1289752987819963,0.9818172255106514
path,-1.1274721073102583,0.9865666106734241
path,-1.1259763593289331,0.9913197219659038
path,-1.1244880604669731,0.9960765486558812
path,-1.123007216337476,1.0008370799925725
path,-1.121449900074645,1.0058664395870158
path,-1.1198713294767166,1.0110035045004213
path,-1.118301431732005,1.016144829997531
path,-1.1167402137816398,1.0212904025449925
path,-1.1151912615785733,1.0263810359581926
path,-1.1134889245879573,1.0317303855420075
path,-1.1116336006619147,1.0373018868743666
path,-1.1097239116018278,1.042851065867652
path,-1.1078182367887544,1.0484020117346822
path,-1.1059239093733555,1.0539577551733716
path,-1.10414613420656,1.058983962941771
path,-1.1027421512204192,1.063292849706271
path,-1.1015823885837566,1.0672370056100133
path,-1.1004254216027176,1.0709489447830158
path,-1.0992198063293395,1.0746251194847716
path,-1.0979397757882037,1.078486089688689
path,-1.0966601923119688,1.082377715050731
path,-1.0953862077313004,1.086271515551545
path,-1.094117825089368,1.0901674987562107
path,-1.0928550477511547,1.094065670917373
path,-1.0915395378094197,1.0981371733325336
path,-1.0902259363396167,1.1022345754751202
path,-1.0889185252079754,1.1063344121784922
path,-1.0876173097447706,1.1104366845767042
path,-1.0863205107383702,1.1145411798205387
path,-1.0849259096400872,1.1189399653572358
path,-1.0835097253227126,1.123462301468511
path,-1.0821458172849432,1.1279432444601707
path,-1.0808325537809722,1.1323715063135518
path,-1.079517759942111,1.1367935810418341
path,-1.0783253423598027,1.1407734377133794
path,-1.0774448557138794,1.144319602757407
path,-1.0765954232236687,1.1476837382707885
path,-1.0757418554670528,1.1510412010147415
path,-1.0748889752123978,1.154396908397889
path,-1.0740741519128025,1.15766892240786
path,-1.073260261525544,1.1609286816073043
path,-1.0724488175292681,1.1641885127274116
path,-1.0716404092440301,1.1674490123167027
path,-1.070835626413371,1.1707107777062897
path,-1.0699348389712833,1.1740929999267946
path,-1.0690206480649433,1.177498874070606
path,-1.0681121617560916,1.1809077345717396
path,-1.0672100210070286,1.1843202308332124
path,-1.066314866672289,1.1877370127195324
path,-1.0653591045977002,1.19124043935147
path,-1.0644059498471556,1.1947561234045652
path,-1.0634619085203507,1.1982779911519401
path,-1.0625276519709983,1.2018067248769924
path,-1.0616038508252552,1.2053430068452995
path,-1.0606127455120316,1.2090071075591309
path,-1.0596236849362184,1.2126995918455352
path,-1.058647373160627,1.216401585817581
path,-1.0576845194019648,1.2201138126274562
path,-1.0567358315310404,1.223836994957028
path,-1.0558778918980953,1.2271592378931773
path,-1.055275307257536,1.2300742009075187
path,-1.0546624190479108,1.232857850844707
path,-1.0540490547825263,1.2356390402707853
path,-1.0534383303312365,1.238420974219496
path,-1.0527773896857926,1.2412828249097194
path,-1.0521287137540574,1.2441657977470026
path,-1.0514971075679391,1.247064103099677
path,-1.0508720055518472,1.2499669728262919
path,-1.0502497591099806,1.252870682261837
path,-1.0496007886399166,1.2558287146608162
path,-1.0489674338203385,1.258804233231847
path,-1.0483387761006464,1.261782382936604
path,-1.047713113067085,1.2647614232319484
path,-1.0470904444634013,1.2677413544942664
path,-1.0464095992278895,1.2708178804632617
path,-1.0457434145719169,1.2739245517453543
path,-1.0450979222377577,1.2770499654669374
path,-1.0444581151240868,1.2801788065722008
path,-1.0438216009485215,1.283308625579691
path,-1.0431406080590178,1.2865222987051173
path,-1.0424798000922684,1.289765112657442
path,-1.0418298318899377,1.2930164271429725
path,-1.0411834130201587,1.2962687863212314
path,-1.0405405444634652,1.299522187213781
path,-1.0398592571045675,1.3028561082203853
path,-1.039199222264133,1.3062182860344598
path,-1.0385460322699032,1.3095846856312499
path,-1.0378966406184769,1.3129521843858272
path,-1.0372510486453317,1.3163207783041102
path,-1.036549375248309,1.3197949118017829
path,-1.0358690685091991,1.3233110277736044
path,-1.0352056307725221,1.3268413125410623
path,-1.0345463640051422,1.3303727790113078
path,-1.0338912698999043,1.33390542211593
path,-1.0331581141013169,1.337576196053902
path,-1.0324380102841972,1.3413059684155682
path,-1.0317506051015486,1.345065615427259
path,-1.0310722162103088,1.3488309526016313
path,-1.0303985647481544,1.3525975918688367
path,-1.029665097710171,1.3564843210173894
path,-1.0289567108902953,1.3604230216715567
path,-1.0282660674357464,1.3643759456991014
path,-1.027580640143336,1.3683302710071514
path,-1.0269004315101398,1.3722859899479947
path,-1.0261352559362238,1.3763979854202764
path,-1.0253762937329465,1.3805924130853406
path,-1.0246587167689305,1.3848245631688523
path,-1.0239543808349245,1.3890656916190867
path,-1.0232560411068776,1.3933083704194722
path,-1.0224776058729372,1.3977069720055681
path,-1.021694551361351,1.4021944927216945
path,-1.0208967452455786,1.4066919676131657
path,-1.0200906226640796,1.4111787368033364
path,-1.0192768296035208,1.4156553103529703
path,-1.0184425099668286,1.4203640353589564
path,-1.0174865754017566,1.4253778738658478
path,-1.016514403053377,1.430454963256477
path,-1.0155513645304768,1.4355343371469413
path,-1.0145974686599288,1.4406159815899768
path,-1.013711012038621,1.4459768078074002
path,-1.0127078745952014,1.4516900503822106
path,-1.0116356283639047,1.4575994660119445
path,-1.0105731494348977,1.4635181096566796
path,-1.0095224133951635,1.4694396684338895
path,-1.0084354381837148,1.4748143581276203
path,-1.0074887647576587,1.4793395446005437
path,-1.0069242680485992,1.4833828821618604
path,-1.0064042782673985,1.4872223446756883
path,-1.005881309302238,1.4910564359376899
path,-1.005252805494293,1.495045441498922
path,-1.0045715947576406,1.4991456930096483
path,-1.00389636166123,1.5032472810880986
path,-1.0032271099384147,1.5073501997317356
path,-1.0025638453206538,1.5114544444239815
path,-1.0019169335084537,1.5157835224283427
path,-1.0012037166034113,1.5202931062909526
path,-1.0004963152059414,1.5248094248675441
path,-0.9997974295181882,1.5293283536826439
path,-0.9991077303496662,1.53385042967223
path,-0.9984321858663607,1.538579589634958
path,-0.9977023443142097,1.5434515521283354
path,-0.9970636566701867,1.5482975791621736
path,-0.9964745397516158,1.553052957101263
path,-0.9958893720299111,1.5578064936511786
path,-0.995187472399758,1.5628834318489757
path,-0.9945386468900941,1.5682126755970967
path,-0.9938963368543572,1.5735441162077306
path,-0.9932591165944448,1.578873513417929
path,-0.9926269932779317,1.584200858282519
path,-0.9920080204060824,1.5890012571579075
path,-0.9915890206788949,1.5930676393263026
path,-0.9912090161610025,1.59679057252504
path,-0.99079205031687,1.6004007857774332
path,-0.9903768696041835,1.6040078985769102
path,-0.9899138712710939,1.607811514354046
path,-0.9894733258586942,1.6116829496969305
path,-0.9890355060219908,1.6155532623526687
path,-0.988600414351956,1.6194224471173841
path,-0.9881680534035456,1.6232904985876164
path,-0.9876886765318715,1.62737818794449
path,-0.987230127209203,1.6315331521159682
path,-0.986774741990089,1.635686787695587
path,-0.9863225238527966,1.639839086910796
path,-0.9858734757531079,1.6439900418558537
path,-0.9853623697365015,1.648502473716655
path,-0.9848630735782103,1.653185944568594
path,-0.9843678311648254,1.6578676703411637
path,-0.9838766463247351,1.6625476382515842
path,-0.9833895231425879,1.667225835895483
path,-0.9829908416539508,1.6714624360080834
path,-0.982728156353275,1.6752507098583729
path,-0.9823832371597945,1.678829817649631
path,-0.9820244422215461,1.6823710136983787
path,-0.9816679825262823,1.685911039871979
path,-0.9813411931325708,1.6893464895463337
path,-0.9810026835407544,1.6927461084848083
path,-0.9806663605957081,1.696144743565281
path,-0.980332224053133,1.699542389968431
path,-0.9800002738375706,1.702939042834071
path,-0.9796515083425081,1.706475369868833
path,-0.979309119273861,1.7100250058417636
path,-0.9789691205819643,1.713573538911562
path,-0.9786315129440092,1.7171209633470836
path,-0.9782962971394181,1.720667273386713
path,-0.9779416404589321,1.7244040960603881
path,-0.9775915301889195,1.7281614231364049
path,-0.9772441109569883,1.7319174773008545
path,-0.9768993842015009,1.7356722515446676
path,-0.9765573514221485,1.739425738831476
path,-0.9761931372350493,1.7434514291753016
path,-0.975828101991606,1.7475221852934222
path,-0.9754662452614857,1.7515913991522813
path,-0.9751075693232115,1.7556590616180354
path,-0.9747520764916455,1.7597251635269857
path,-0.9745074659309123,1.763370026258276
path,-0.9743602230856742,1.7666228334873044
path,-0.974121980750592,1.7696879405845944
path,-0.9738643010597324,1.7727227594242325
path,-0.9736083857866119,1.7757565894266043
path,-0.9733442979342558,1.778915448602227
path,-0.9730811804418087,1.7820774942832698
path,-0.972819991505695,1.7852384849244223
path,-0.9725607335010733,1.788398422943538
path,-0.972303408701119,1.7915573100942497
path,-0.9720380308155179,1.7948529757847729
path,-0.9717750129195708,1.798153919892264
path,-0.9715156916099079,1.801454834617108
path,-0.9712600677232038,1.804755719439193
path,-0.9710081420733646,1.808056573465464
path,-0.9707462618495954,1.8115713814058094
path,-0.9704847876041013,1.8151060606741725
path,-0.9702275573322204,1.8186407022295803
path,-0.9699745718987048,1.8221753030113663
path,-0.9697258321509127,1.825709859729177
path,-0.9695750224163874,1.828868797903565
path,-0.9694749797323159,1.8317308299229371
path,-0.9692807973964433,1.8344938049860693
path,-0.9690770601633163,1.8372795163951647
path,-0.9688728408174885,1.8400739828624573
path,-0.9686628592450912,1.8429712195311971
path,-0.9684569239277674,1.8458680476979792
path,-0.9682540825603129,1.8487623628281484
path,-0.9680662897080791,1.851707934867402
path,-0.967890815366799,1.8546899122645442
path,-0.9677194228370162,1.8577449032576072
path,-0.9675460742746264,1.860800212066968
path,-0.9673761493939506,1.863852851804825
path,-0.9672096276233854,1.8669028242234218
path,-0.9670464959453917,1.8699501268835426
path,-0.9668927376896161,1.873098066728014
path,-0.9667307442326564,1.876252544221206
path,-0.9665723717748991,1.8794041322343455
path,-0.9664176281512787,1.8825528156880906
path,-0.9662665011564635,1.8856985892453433
path,-0.966144996907276,1.8889991366575458
path,-0.9659926836144795,1.8923272894203305
path,-0.9659191821482387,1.895583358295042
path,-0.9658940390832585,1.8988392121785915
path,-0.9658931728015873,1.902103465690551
path,-0.9658849635827418,1.905032144630772
path,-0.9659500296711169,1.907668020260204
path,-0.9659708733094848,1.9102470948055925
path,-0.9659941977117281,1.9128242873565267
path,-0.9660199992902226,1.915399624864965
path,-0.9660314890480601,1.9180464208800785
path,-0.9660626260989275,1.920704066004865
path,-0.9660971986661099,1.9233601779313152
path,-0.9661344135007432,1.9260143179231703
path,-0.9661742710400506,1.9286664757126186
path,-0.9662065152456871,1.9313884191471744
path,-0.9662531648963463,1.9341175316942532
path,-0.9663026175118739,1.9368445354089385
path,-0.9663548647646971,1.9395694549931433
path,-0.9664099112020932,1.942292262070922
path,-0.9664623697981474,1.9450789352332432
path,-0.9665247254902548,1.9478690893711
path,-0.9665900244562696,1.9506570159571166
path,-0.9666582671299362,1.9534427065330935
path,-0.9667294482544806,1.9562261669538081
path,-0.9667990669078514,1.959079864413593
path,-0.9668784333621754,1.9619374637058293
path,-0.9669609045486512,1.9647926796295325
path,-0.9670464750554721,1.9676455281424259
path,-0.9671351432293008,1.9704960026202518
path,-0.9672928392182707,1.9731532131285536
path,-0.967462525941806,1.9756518236493565
path,-0.9675615392345454,1.9780913487882068
path,-0.9676464248146944,1.9805168365634578
path,-0.967733558306548,1.9829405689241404
path,-0.9678239123082303,1.98542853527292
path,-0.9679309413650857,1.9879176745455502
path,-0.968040333258548,1.9904049286955194
path,-0.9681520857190893,1.9928903021198237
path,-0.9682421840284869,1.995363765780324
path,-0.9683322923231568,1.9978969970682294
path,-0.9684281125448181,2.0004317384280124
path,-0.9685264621912697,2.002964448038132
path,-0.9686273431285847,2.0054951056427734
path,-0.9687307508637847,2.008023725643671
path,-0.9688364849724849,2.0106184626951458
path,-0.9689481596588593,2.0132152749780445
path,-0.9690625038445524,2.015809920814206
path,-0.9691795164299934,2.018402394491391
path,-0.9692991934969407,2.020992704885989
path,-0.9694224697480134,2.0236411148664524
path,-0.9695506035126803,2.0262898104908205
path,-0.9696815259935949,2.0289362350465967
path,-0.9698152364750433,2.0315803790610536
path,-0.9699517331136381,2.034222239150227
path,-0.9700919865499976,2.036942334483028
path,-0.970238836907968,2.039665875259208
path,-0.9703886502059027,2.0423869832992407
path,-0.9705414243941499,2.0451056547111333
path,-0.9706971581808244,2.0478218814482645
path,-0.9708574317295546,2.050624995094826
path,-0.9710249845798006,2.053432674219765
path,-0.9711957028438194,2.0562377279936572
path,-0.9713695825483195,2.0590401612406586
path,-0.9715466214662616,2.0618399691255593
path,-0.9717272887031988,2.0647715141611487
path,-0.9719212495291238,2.067723562990229
path,-0.9721187296643474,2.0706726578545913
path,-0.9723197210637968,2.0736188224836556
path,-0.9725242222920824,2.0765620444884143
path,-0.9727359087938424,2.079599336828768
path,-0.9729552029616945,2.0826420393122294
path,-0.9731782531710267,2.0856815742300303
path,-0.9734050550467818,2.0887179428789917
path,-0.9736356041333982,2.0917511469223067
path,-0.9738746132333115,2.0949129606830175
path,-0.9741248564673393,2.0980913172128695
path,-0.9743792199397073,2.1012661722451837
path,-0.9746376998063186,2.10443752046592
path,-0.9749015166097388,2.107606946546172
path,-0.9751972946225864,2.1105032616309853
path,-0.9755352097788459,2.1131920164690037
path,-0.9758363790822767,2.1157846513835508
path,-0.9761137667962689,2.118327124179129
path,-0.9763624894729653,2.1208465169594386
path,-0.9765949708192295,2.1234462992158747
path,-0.9768194574662455,2.12607562644408
path,-0.9770330090292146,2.1287451628281278
path,-0.9772366646563924,2.1314460628859027
path,-0.9774337462203032,2.1341688407464976
path,-0.9776360639355813,2.1369606973492377
path,-0.9778433147821064,2.1397640245740144
path,-0.9780529543934715,2.1425683295115574
path,-0.9782648053441553,2.145374785861274
path,-0.978479244207955,2.148181374857954
path,-0.9787044566945199,2.151094509064369
path,-0.9789379712587577,2.1540765123178223
path,-0.9791744252054526,2.1570586189787573
path,-0.9794138220927828,2.1600408191711473
path,-0.9796580399458726,2.1630242954649757
path,-0.9799104101276533,2.1661018702719943
path,-0.9801700118337376,2.1692185224295337
path,-0.9804328273129304,2.1723351143077063
path,-0.9806988600415854,2.1754516499460523
path,-0.9809681132002758,2.1785681326468387
path,-0.9812498961093659,2.1817753003081695
path,-0.9815367847692545,2.1850163096865165
path,-0.9818271668816383,2.1882572720151163
path,-0.9821210447545953,2.191498187852356
path,-0.98241842051644,2.1947390573109495
path,-0.982733560282914,2.1980845981731014
path,-0.9830553707879185,2.2015085694258185
path,-0.9833811016092872,2.204932566449468
path,-0.983710756646845,2.208356607012677
path,-0.9840443225201216,2.211780542300901
path,-0.9844014288285189,2.215309568083267
path,-0.9847639374385665,2.218942482041966
path,-0.9851308599613793,2.2225753386629803
path,-0.9855022024065351,2.2262081654510633
path,-0.9858779718704606,2.2298410118196053
path,-0.9862778684219933,2.2335776531609333
path,-0.9866827428010813,2.2374003365716137
path,-0.9870929327809439,2.241223631031617
path,-0.9875098220509312,2.245048184639868
path,-0.9879298430210384,2.248872467538818
path,-0.9883512197762228,2.252325023027642
path,-0.9888536470791748,2.2555124303139604
path,-0.9893529298801557,2.258684975169711
path,-0.9898387785183099,2.26184274392242
path,-0.9903156239124415,2.2649873488981567
path,-0.9907206314381266,2.2681822458776586
path,-0.9910965748445922,2.2713814838402935
path,-0.9914735904755537,2.274575085006536
path,-0.9918539398614907,2.2777677991108902
path,-0.9922396020521238,2.2809620451399155
path,-0.9926464420865296,2.284251033374999
path,-0.9930561244982743,2.287597880744351
path,-0.9934696032290061,2.290944927331171
path,-0.9938868302296981,2.2942917076286986
path,-0.994307802265334,2.2976381804127244
path,-0.9947820829953343,2.30109759225753
path,-0.9952585134939836,2.3047286852156548
path,-0.995736866960016,2.3084102150821555
path,-0.996217778981117,2.312092007708265
path,-0.9967032579150784,2.3157736584182946
path,-0.9972240826074273,2.319548985511471
path,-0.9977478868776782,2.323439706714327
path,-0.9982765838307482,2.3273344081365077
path,-0.9988103893877067,2.3312288505204775
path,-0.9993512501448943,2.3351244771811452
path,-0.999883187765533,2.338649888361401
path,-1.0004912914426671,2.34191880453651
path,-1.0010993961330668,2.3451775370527987
path,-1.0017014856870807,2.348427166547933
path,-1.002297113652709,2.351667640524196
path,-1.0028257845694974,2.3549600054450055
path,-1.003332854890591,2.3582722027632093
path,-1.0038451629037406,2.361582669892399
path,-1.0043795102158475,2.3649044550319056
path,-1.0049473872805155,2.3682522016701673
path,-1.005523513473107,2.3716941170136754
path,-1.0061599312315619,2.3752250532265395
path,-1.0068608301648951,2.37889347984895
path,-1.007590237761437,2.3826517276624983
path,-1.008304424159305,2.386399080756746
path,-1.0089036560264564,2.3902122642775367
path,-1.0094006106295634,2.394013983770774
path,-1.009903824787575,2.397748385159946
path,-1.0104821321311452,2.40146274928894
path,-1.011160932979057,2.405267813426939
path,-1.0118359334359015,2.4093435177685687
path,-1.0124375082674657,2.4135918176853606
path,-1.01299851198983,2.4178496243238268
path,-1.0135133190805956,2.422103764493505
path,-1.0140108735158224,2.4263504867460037
path,-1.0146700950563394,2.430205458035902
path,-1.0154567300716446,2.433764535149196
path,-1.0162110376573528,2.437300439856705
path,-1.0169313074596444,2.4408167754857644
path,-1.0176174245826504,2.4443134867158656
path,-1.0182181774623689,2.4478777801344567
path,-1.0187568250249461,2.4514630137303355
path,-1.0192497788731658,2.455046333262796
path,-1.0197082741055852,2.4586135297457994
path,-1.0201609396060287,2.46217547381035
path,-1.0207537883370037,2.4660598518491104
path,-1.0213141912188957,2.470069033830528
path,-1.0218533235762497,2.474098228109179
path,-1.02238380120149,2.4781373153408235
path,-1.0229187219036495,2.48217578342969
path,-1.0235583629008982,2.486473415938422
path,-1.0241820832696376,2.4908344376526768
path,-1.0247885152809995,2.49521272741646
path,-1.025390156185809,2.4995982983565113
path,-1.0259970560953606,2.503983116714716
path,-1.0267175132038706,2.508631675213755
path,-1.0274236826933882,2.513348089675577
path,-1.0281173210393604,2.5180784647552406
path,-1.0288010174978266,2.5228207439863937
path,-1.029488236996123,2.5275642182235165
path,-1.0303151826291332,2.5318953226281073
path,-1.031267490800597,2.5358357676256937
path,-1.0321870575223737,2.5397406019450113
path,-1.0330615881457013,2.543618497876028
path,-1.0338914730929827,2.547468567661901
path,-1.0346693397358158,2.551438992510014
path,-1.0353471355460517,2.5554934600137944
path,-1.0360101502975263,2.559562472236493
path,-1.0366683795908362,2.5636381427870925
path,-1.0373225846179648,2.5677198723113226
path,-1.038111792833921,2.572107561788815
path,-1.0388852729232643,2.5766140489369973
path,-1.0397611024450144,2.5810686538851644
path,-1.0407476726124374,2.585458942014685
path,-1.0418211141842313,2.5898148869687896
path,-1.0428428755288466,2.5944508818609298
path,-1.0438955666851484,2.59912995519469
path,-1.0450906270314424,2.6038316109978212
path,-1.0464352954815808,2.6085417045049457
path,-1.0478698313217027,2.6132753416481016
path,-1.0492546853806284,2.6182866769008126
path,-1.0506941876934364,2.623576573196094
path,-1.0522181040048184,2.628931755252557
path,-1.0538295221434886,2.634308270982894
path,-1.055527766860409,2.639705694660884
path,-1.0570572637061122,2.644745877822955
path,-1.058442661311983,2.64946715866878
path,-1.059868617997313,2.6541008227828535
path,-1.0612524218544863,2.658758145645989
path,-1.0625952784723056,2.663443524281073
path,-1.064005552511142,2.6685694149463046
path,-1.0654442958855082,2.6739907441174697
path,-1.0669040613083136,2.679470683481525
path,-1.068382113381124,2.6849518309503844
path,-1.0697999000174445,2.690519211831663
path,-1.0712078604578577,2.696460170899383
path,-1.0727480142122603,2.70286289295452
path,-1.0742265654719065,2.7094631847726265
path,-1.0756401900228603,2.716140100337681
path,-1.0770584734654258,2.72282110153466
path,-1.0787175186644427,2.7299095342959867
path,-1.0807882854043382,2.7377265777391497
path,-1.0829017421922733,2.7459459862593687
path,-1.0849619724025361,2.754404618242169
path,-1.086949589323593,2.7629749440710727
path,-1.0891358737140497,2.771999511309867
path,-1.0917619341298206,2.781795318440047
path,-1.0946163697704214,2.7921772594749785
path,-1.097428280902942,2.8028473973960475
path,-1.1001920148469464,2.8136675259019612
path,-1.1027300560602373,2.8239516310891877
path,-1.1050915872721834,2.833361973184855
path,-1.1075210319526663,2.842152100988345
path,-1.1100434020450467,2.8505365105884644
path,-1.1123600878591298,2.8587436160555826
path,-1.1142971340554775,2.866343910052497
path,-1.1159264496612098,2.873040790558315
path,-1.1175368471867453,2.8790380112222342
path,-1.1192494760492047,2.8845673291211993
path,-1.1207715054768954,2.889973210144503
path,-1.122316826459304,2.895021977967279
path,-1.123761825460471,2.8998082329413286
path,-1.125081436591431,2.904577169022803
path,-1.1263701916908222,2.909372605168864
path,-1.1276656810619583,2.914166450244255
path,-1.1291231874661212,2.919249405049163
path,-1.1305591018989452,2.9244461557351698
path,-1.1319903512099543,2.9296504356940902
path,-1.1334295693024463,2.9348528054795673
path,-1.1348767576716423,2.9400532536473123
path,-1.1363572225580802,2.9447962589189034
path,-1.1378494535712984,2.94908847759285
path,-1.1392512697398622,2.953193990441146
path,-1.140659689191528,2.9572331400681247
path,-1.1421089045060202,2.9612401945572238
path,-1.1436804728272303,2.965464485825151
path,-1.1452673536676239,2.969926024540005
path,-1.1467458698712032,2.974339688755544
path,-1.1481695327184167,2.9787002527171462
path,-1.1496213881835229,2.983064247409782
path,-1.1513473961611413,2.987720384427942
path,-1.153121115072902,2.9924875038192247
path,-1.1549021577657663,2.9972506690984675
path,-1.15669051965825,3.0020098796857075
path,-1.1584861958851511,3.006765134942695
path,-1.160580049582997,3.011853460596259
path,-1.1627295597229919,3.0171412469246284
path,-1.1648143225341394,3.0224993605923567
path,-1.1668872018878276,3.0278740544764604
path,-1.1689694583549008,3.0332436537352563
path,-1.1714158953251212,3.0389910417215926
path,-1.174125322431702,3.045131228767574
path,-1.176775825906032,3.0513474366633244
path,-1.1793647380153864,3.057632029230593
path,-1.1819060559059256,3.063971174224588
path,-1.184315449288523,3.0700515084886346
path,-1.1866356788365788,3.0760016033980784
path,-1.1888744078880098,3.081830224388097
path,-1.1910656406743756,3.0875589550192934
path,-1.1932939153095181,3.0932395939123314
path,-1.1953150475280752,3.098391833605295
path,-1.1970031067553628,3.1026877950484284
path,-1.1984019671823785,3.1061286079200268
path,-1.1997762582976164,3.1093120974962676
path,-1.2011150245889761,3.1124501118889727
path,-1.2024667401133065,3.11563785317748
path,-1.2038260105217005,3.1188333371334567
path,-1.2051882129928624,3.122027154667341
path,-1.206553346654784,3.125219305480885
path,-1.2079214105870768,3.128409789246615
path,-1.2093566121527308,3.131733761831224
path,-1.2107935075891214,3.13506638394546
path,-1.2122336040134787,3.1383971820692573
path,-1.2136769001392205,3.1417261557149865
path,-1.2151233946484974,3.145053304379894
path,-1.216706695422541,3.1486243387543458
path,-1.218293706250478,3.152253235360944
path,-1.2198845259542466,3.155879953980898
path,-1.2214791526208886,3.1595044938813333
path,-1.2230775843192065,3.163126854320751
path,-1.2246350058401405,3.166656163404687
path,-1.2261727925591992,3.1701098400780383
path,-1.2276955358079684,3.1735285011854812
path,-1.229220927549221,3.1769444825778037
path,-1.2307497076874232,3.1803585098771614
path,-1.2324047159637928,3.183996197397939
path,-1.2340631161572966,3.187677892506934
path,-1.235725461537456,3.1913573085415132
path,-1.2373917501470129,3.195034444884828
path,-1.239089502840246,3.198757410331791
path,-1.2410177172927288,3.202843213485389
path,-1.2429943097055793,3.2070000664633103
path,-1.2449774123541808,3.2111540945956936
path,-1.2469670254488137,3.2153052907553117
path,-1.2489631491358653,3.2194536481348948
path,-1.2511122261110763,3.2239183126476063
path,-1.2534499988623262,3.228494195861468
path,-1.2558347441485267,3.233022994956952
path,-1.2582742218991294,3.2375226936635233
path,-1.2607652897621762,3.2419927547496368
path,-1.2633609954623202,3.2467166419367026
path,-1.2660579112607335,3.251771536874846
path,-1.2688396263487598,3.2568429972002337
path,-1.2716933831774764,3.2619198696394713
path,-1.274575978961614,3.2669827931190065
path,-1.2770414486013644,3.271692608634987
path,-1.279302689789631,3.2760239858110984
path,-1.2816086892111678,3.2802953367978342
path,-1.283958204616824,3.284541748606979
path,-1.286340554927691,3.28873700622793
path,-1.2882828209368298,3.292467748364247
path,-1.2897430698732277,3.295563753917257
path,-1.2912213649692237,3.2982900828841943
path,-1.292748623168021,3.3009425425772254
path,-1.2943100203017703,3.303574127779483
path,-1.2959556370659389,3.3062790505066566
path,-1.297650090305017,3.3089814832770315
path,-1.2993789486536242,3.311662930317689
path,-1.3011289526491958,3.3143315542946996
path,-1.302880799308178,3.3169992266279715
path,-1.3046951389257735,3.319794036200845
path,-1.3065401753819244,3.322596419252217
path,-1.3083872144155275,3.3253977883467583
path,-1.3102361027736267,3.32819824023297
path,-1.3120868440220697,3.3309977717982147
path,-1.3140112268912307,3.333943615450526
path,-1.31597483808498,3.336905597471952
path,-1.3179405191558355,3.3398665650658597
path,-1.3199082664365052,3.3428265214054886
path,-1.3218780792429614,3.3457854677639696
path,-1.3238541635920593,3.3487497091272087
path,-1.3258323227191497,3.351712940954885
path,-1.327812554570932,3.3546751609362646
path,-1.3297948587489319,3.3576363694415896
path,-1.3317792349089401,3.360596566668704
path,-1.3338509550870927,3.3637441363666776
path,-1.335989693882543,3.366932772496033
path,-1.3381344735030094,3.3701180045615144
path,-1.340281655724855,3.373302063641049
path,-1.3424312404397023,3.3764849489447264
path,-1.3446757657052046,3.3798755360084747
path,-1.347004681714202,3.383332566932533
path,-1.3493459481909478,3.386782594944127
path,-1.3516900434947918,3.390231236336293
path,-1.354036967685461,3.3936784894433947
path,-1.3564903441854899,3.3973632536860303
path,-1.3590543353311466,3.4011799414129515
path,-1.3616558776156789,3.4049819523076303
path,-1.364261358986627,3.4087819617858077
path,-1.3668702903668515,3.412580266697604
path,-1.3695853438294614,3.41664557048243
path,-1.3724145535561236,3.420967530093098
path,-1.3752750899247084,3.425324752351838
path,-1.378111345511255,3.4297022575166514
path,-1.3809028383518847,3.4341038905596055
path,-1.383327847388631,3.438106901941396
path,-1.3855516543857778,3.441696979874995
path,-1.3877795926235037,3.44521907157012
path,-1.3900124617825351,3.4487389940952595
path,-1.3922289046287777,3.452269550299391
path,-1.393996106253255,3.4553908284820336
path,-1.3954963738426545,3.4580675108651615
path,-1.3970011193044727,3.4605333005531507
path,-1.3985395133211518,3.462974878840952
path,-1.4000801401038963,3.4654153237305505
path,-1.401707495454365,3.467988793886738
path,-1.403240507896679,3.470610553868801
path,-1.4046461106844197,3.4732837188298924
path,-1.405934808639394,3.475999438563764
path,-1.4071155891085607,3.478750107806118
path,-1.408257846842396,3.4816576278041174
path,-1.4093902562342133,3.4845730937372354
path,-1.410514622994176,3.4874731926281637
path,-1.4116194881032842,3.490353210294367
path,-1.4127412634946563,3.493251974139273
path,-1.4141712043399337,3.4964371093741318
path,-1.415750344092088,3.4996232925438573
path,-1.4174432134917412,3.502728605145399
path,-1.4192453460526175,3.5057591853497145
path,-1.4210506139753618,3.5087880142477568
path,-1.422924739048822,3.511934319789006
path,-1.4248048767851853,3.51508103154423
path,-1.4266868353527045,3.518226838476578
path,-1.4285706223197627,3.5213717417909534
path,-1.4304562444218634,3.5245157423147027
path,-1.4323669131004753,3.5276974963428684
path,-1.4342794977651179,3.530878338368893
path,-1.4361939807103064,3.534058256339306
path,-1.4381103660109458,3.537237249800345
path,-1.4400286572342986,3.5404153180690727
path,-1.4420644004474665,3.543807232862466
path,-1.444123638335785,3.547209620812899
path,-1.4461850774433183,3.5506109449917655
path,-1.4482487194904128,3.5540112033304143
path,-1.4503145658331662,3.55741039366846
path,-1.452517337364619,3.5610655853748616
path,-1.4547573462249157,3.564740607118481
path,-1.4569999412035484,3.568414371107217
path,-1.4592451222787226,3.5720868737977294
path,-1.461492889234078,3.575758111556439
path,-1.4638994106853367,3.5797416911711766
path,-1.4663682148309303,3.5837611231462585
path,-1.4688401231316752,3.5877790234162545
path,-1.4713151340837187,3.591795387572392
path,-1.4737932462361925,3.59581020911401
path,-1.4764555254952112,3.600297064189625
path,-1.4793120045281358,3.6049084330129
path,-1.4821725963146974,3.609517730022841
path,-1.4850372837080437,3.6141249503225974
path,-1.4878845955590234,3.6187496679178217
path,-1.4902783007844547,3.6229137226459733
path,-1.4924047597523393,3.6264966881108447
path,-1.494519460505907,3.629942206956577
path,-1.4966291427608598,3.6333933959296827
path,-1.4987301868679297,3.6368537324740204
path,-1.50046937357451,3.639861851606557
path,-1.5020329040954665,3.642426400671936
path,-1.503572716897361,3.644954257651041
path,-1.5051137407295607,3.6474814867551304
path,-1.5066559746284303,3.6500080902218848
path,-1.508288887848024,3.6526916391783635
path,-1.5099342849655104,3.6553814335123205
path,-1.5115810514946568,3.658070526631192
path,-1.5132291864671565,3.6607589192338263
path,-1.5148786889368464,3.663446611779482
path,-1.516595709542266,3.6662467987209144
path,-1.5183186409743512,3.669047843629384
path,-1.5200430561266052,3.671848128728858
path,-1.5217707459182794,3.6746471263004623
path,-1.5235595129231434,3.677447795149328
path,-1.5253729413912176,3.680413463341603
path,-1.52718873939963,3.683379607453993
path,-1.5290063609947782,3.686345019725068
path,-1.5308258022730818,3.689309691238265
path,-1.5326470596396933,3.6922736136421066
path,-1.5345063885774448,3.6952957172458323
path,-1.5363676323711315,3.6983170432600927
path,-1.5382307545314136,3.701337565583921
path,-1.5400957522428598,3.704357277646693
path,-1.5419626228549261,3.707376173244837
path,-1.5439308767090758,3.710568338782815
path,-1.5459151781521652,3.713768618297365
path,-1.5479015770108875,3.7169679569547704
path,-1.549890070958857,3.7201663491767505
path,-1.5518806577667188,3.723363789604394
path,-1.5540091960733673,3.726808016256551
path,-1.5561724543939732,3.7302729161080164
path,-1.5583381645921195,3.7337366760196455
path,-1.5605063222090039,3.7371992875418756
path,-1.5626769267085043,3.740660749714302
path,-1.564912703737509,3.74422533809411
path,-1.5671547283279819,3.747790046653211
path,-1.5693993448865546,3.7513535154565134
path,-1.5716465512090245,3.754915739065133
path,-1.5738963451197496,3.7584767121143665
path,-1.5763019448582782,3.7623234922892976
path,-1.578761578934417,3.7662042223151277
path,-1.581224282254941,3.7700834442076516
path,-1.583690052177056,3.7739611514560636
path,-1.5861542356738703,3.7778401918470763
path,-1.588703374902256,3.782087065059104
path,-1.5914854223848256,3.786157872416594
path,-1.5945738707986024,3.7896425191033125
path,-1.5976343676747462,3.7928591776576868
path,-1.6006439786721394,3.7958188833475264
path,-1.6032430625286644,3.7983355149845544
path,-1.6053890920017935,3.800264178658044
path,-1.6074281065292007,3.801949347362603
path,-1.6092064255975125,3.803621819271664
path,-1.61083647481067,3.8050993134549866
path,-1.6123960373840935,3.8063441051637925
path,-1.6138641254753434,3.807386473622858
path,-1.6153028945061527,3.808291082584029
path,-1.616734879539697,3.809143176980447
path,-1.6181695196371602,3.8099942330283936
path,-1.6196604513117854,3.8108851033703655
path,-1.6211755669992625,3.8117791132151853
path,-1.6227145754558128,3.812676106910824
path,-1.6242447797954702,3.8135696906407173
path,-1.625770886854495,3.8144606246386203
path,-1.6273421348811312,3.8153800873794723
path,-1.628937791010884,3.8163024972526047
path,-1.6305340379232744,3.81722316317488
path,-1.632127901839187,3.81814150590203
path,-1.6337248163267677,3.8190585923733518
path,-1.6353575936258868,3.8199951148258706
path,-1.6370038346017728,3.8209323118142144
path,-1.6386480990777967,3.8218671974432965
path,-1.640295513082344,3.822800759528581
path,-1.641946064882112,3.823732996426081
path,-1.643651678260175,3.824700560299267
path,-1.6453825758521639,3.825670848309031
path,-1.6471331427280111,3.826642721602857
path,-1.648868926778035,3.8276097285722206
path,-1.6506080626039052,3.8285752838040157
path,-1.6524198102235077,3.8295898492393152
path,-1.6542575562444006,3.8306069901905655
path,-1.6561210199228142,3.831626534810195
path,-1.6580101314126652,3.832648386560762
path,-1.659868284175523,3.833660869199037
path,-1.661800665698808,3.834723703493003
path,-1.663759580940951,3.835788840953853
path,-1.6657447303826578,3.836856104785794
path,-1.667756483027613,3.8379254741809263
path,-1.6697513686344856,3.8389909645092843
path,-1.6718234291584642,3.840111690325246
path,-1.6739230908103089,3.8412344501537237
path,-1.6760499127870236,3.842359110005629
path,-1.67820366013605,3.843485534495764
path,-1.680377160484041,3.844613150079092
path,-1.6826428049788842,3.8458238356534205
path,-1.6849391031340966,3.8470362446399067
path,-1.6872635975726455,3.848250187874815
path,-1.68961628819103,3.849465559810314
path,-1.6919969288742343,3.8506822140488373
path,-1.6945323549482594,3.851998424453038
path,-1.697101180228643,3.8533179294166815
path,-1.6996821504750836,3.8546396223224004
path,-1.7023505184888217,3.8559544539956923
path,-1.705122430392617,3.857267444387212
path,-1.7075047597282185,3.858684016882048
path,-1.7095496185883043,3.860200126548919
path,-1.7115593574356112,3.8614653248040467
path,-1.7135664224047216,3.8624910718088823
path,-1.7155614817006641,3.863304538867595
path,-1.7176533157320553,3.864051509699418
path,-1.7198640116926913,3.8647971535929764
path,-1.7221994429926089,3.8655374416161674
path,-1.7246992226574553,3.8662726287310454
path,-1.7273718060310421,3.8669993723928426
path,-1.7301574640863289,3.8677702996645325
path,-1.732918321536463,3.868568731707333
path,-1.7354716745191785,3.869385116861692
path,-1.7376758122960188,3.8701952170756853
path,-1.7396792465484328,3.8710075363258394
path,-1.7419903595151351,3.8718919217553225
path,-1.7445694057441423,3.8727847698462328
path,-1.747370356220249,3.8736984980773377
path,-1.7503365055119358,3.8746849787359707
path,-1.7533693925101608,3.8757512043873654
path,-1.7564370598662635,3.8769588475764007
path,-1.7594970565066124,3.878328382162035
path,-1.7625612417054761,3.879884547909216
path,-1.7656301268033165,3.881627570157806
path,-1.7687043097223474,3.8835577055022634
path,-1.771175203663127,3.885284457388685
path,-1.7732002216925207,3.8869691865530585
path,-1.7751575858477862,3.888791917229762
path,-1.7771019698730677,3.890634628757641
path,-1.7790415371303416,3.892478301513728
path,-1.7809944969316118,3.8943613868950524
path,-1.7829475506981445,3.896245507367467
path,-1.784900465856653,3.8981292063754123
path,-1.78685324174984,3.9000124818320847
path,-1.788806343162084,3.901895219005
path,-1.790819157060332,3.903867570899787
path,-1.7928683030540804,3.9058539584244873
path,-1.7949438924184227,3.907834814897296
path,-1.7970258753807433,3.909811189750625
path,-1.7991064554643634,3.911787938672406
path,-1.8012473571168857,3.913863594114171
path,-1.8034274859401531,3.915957668590647
path,-1.8056237541529359,3.9180455543278843
path,-1.8078227969617822,3.9201306668259357
path,-1.810019127789467,3.9222170391465663
path,-1.8122618859559128,3.924366861922792
path,-1.814526282388017,3.926518197688432
path,-1.8167926711354923,3.9286672934549993
path,-1.8190573458929264,3.930816863735557
path,-1.8213218139526477,3.9329658060931063
path,-1.8236560755500697,3.935222139022456
path,-1.8260358564220136,3.937504634800554
path,-1.8284325528777112,3.939781414596363
path,-1.830832134527221,3.942055226235482
path,-1.8332340195760117,3.9443264976904513
path,-1.8357230054297609,3.946732590240414
path,-1.8382700178772617,3.949207109599733
path,-1.840854438852962,3.9516742046011424
path,-1.8434470040157012,3.954137470643427
path,-1.8460416696032536,3.956598198164063
path,-1.848740189710404,3.959203736794619
path,-1.8515125656325173,3.961929455057664
path,-1.8543307892862935,3.9646464121826663
path,-1.8571818357843395,3.967354820047588
path,-1.8600353349412073,3.9700608552313486
path,-1.8630150710517261,3.972927867806468
path,-1.8660863520853355,3.975977037386556
path,-1.8692150457221124,3.9790575372466837
path,-1.8723922470918593,3.9821264456555654
path,-1.875602871697932,3.985186766763788
path,-1.8789382054751516,3.9884055120506674
path,-1.8823661611477898,3.991798091171041
path,-1.8858517475910508,3.9952088287086553
path,-1.8893855834013054,3.9986079023076666
path,-1.8929294480331655,4.002003365835858
path,-1.8966477857148742,4.0055801638323025
path,-1.9004722566769046,4.009352092759497
path,-1.9043978724753758,4.013319575316942
path,-1.9084040534533537,4.017388895284163
path,-1.912320015891872,4.021387894629281
path,-1.9153404703531733,4.024868493672418
path,-1.9182186607698724,4.027959011337934
path,-1.9211786663321324,4.03086489377415
path,-1.9241402604444622,4.033769079560331
path,-1.927102086164055,4.036672664322107
path,-1.9295553957916143,4.0392029691282
path,-1.9317848075637725,4.041277235008513
path,-1.9340110828523565,4.043314300376245
path,-1.9362378491288352,4.04535002211313
path,-1.9384651753651303,4.047384477575844
path,-1.9408233822433034,4.049424449532785
path,-1.943179043634331,4.051456556114045
path,-1.9455345602742473,4.053489424633517
path,-1.9478899302361468,4.055523041968555
path,-1.9502451519110835,4.057557394944837
path,-1.9527823295639373,4.059615023936104
path,-1.9553548390647109,4.061690836365623
path,-1.9579326390650853,4.063790690773507
path,-1.960515510828644,4.065913616076015
path,-1.9631009209125354,4.068049709398603
path,-1.9657928005791165,4.070213662419323
path,-1.9685703303912931,4.072495089923841
path,-1.971365694614699,4.074798546598505
path,-1.9741616452768418,4.077110677516812
path,-1.9769581834992425,4.079431473547716
path,-1.979967701873253,4.081813174638814
path,-1.9830886287404232,4.084252266502654
path,-1.9862102718124697,4.086699874442302
path,-1.9893326322643072,4.089155976569876
path,-1.992455714595577,4.091620552922594
path,-1.9951701550916605,4.093869415595436
path,-1.9977902585919904,4.096088736718602
path,-2.0003721048514023,4.098188697875504
path,-2.002862204387164,4.100181582728341
path,-2.005351231303961,4.10218351824869
path,-2.0074510601697373,4.104024749583166
path,-2.0094544550048075,4.105849368975058
path,-2.0114566450484785,4.107683015777762
path,-2.013457624570798,4.109525692318885
path,-2.015457387795513,4.11137740183404
path,-2.0175158042909453,4.1132396021319595
path,-2.019578545481822,4.115114654688213
path,-2.021643246276595,4.117001323374329
path,-2.023709870952666,4.118899589327276
path,-2.0257783871614037,4.120809437370032
path,-2.0279707330926198,4.122794754389125
path,-2.0302453321237435,4.124850846425738
path,-2.032502938595719,4.126898870243895
path,-2.034721732490961,4.129164199430792
path,-2.036701258812878,4.131754981468449
path,-2.0385374577994324,4.134766673197866
path,-2.0402986141387753,4.137894073712403
path,-2.042062811762102,4.141019449841747
path,-2.0438300467686177,4.1441427922338345
path,-2.0456003154083793,4.147264092118452
path,-2.0474386050450297,4.150506638798048
path,-2.0492888068898614,4.153753046831421
path,-2.0511400145982095,4.156998990106305
path,-2.0529853737247588,4.160249827905136
path,-2.0548339824252735,4.163498449109017
path,-2.0567810587219735,4.166939841856001
path,-2.058761320695918,4.170402177309695
path,-2.0607452716151347,4.173861962402477
path,-2.0627329077827854,4.177319190531783
path,-2.064724225664639,4.180773855416367
path,-2.0668152668125073,4.184420631037474
path,-2.0689407446630184,4.188088245526272
path,-2.071070367426841,4.191752937065166
path,-2.073204134474707,4.195414700623593
path,-2.075342042724965,4.199073530082652
path,-2.0776013101755315,4.203000223544003
path,-2.079941519194462,4.206983734453029
path,-2.08224270831401,4.210930231964301
path,-2.084506306721951,4.214839361965412
path,-2.0867680699934286,4.218740277060939
path,-2.0891741747105366,4.222942371615582
path,-2.091655977228535,4.227197733860248
path,-2.0941471732755885,4.231435360383352
path,-2.0969485564197785,4.234973768993865
path,-2.1000605100616756,4.238216992249014
path,-2.103424790122847,4.241279322358825
path,-2.1070451650858164,4.244115411275433
path,-2.110907606513163,4.246725344993688
path,-2.114992640883556,4.249102920884252
path,-2.119151795749026,4.251191483697655
path,-2.123515629119563,4.253038089077278
path,-2.1281565504067244,4.2547329355760395
path,-2.1330622137444504,4.256379283457673
path,-2.1380410278259867,4.258024599194154
path,-2.1430242797306733,4.259669468145609
path,-2.147960993842646,4.261295107362739
path,-2.152901979100323,4.262920000590231
path,-2.1578472891244433,4.264544298510599
path,-2.162796956964758,4.266167989881873
path,-2.1677537827388846,4.267791615579201
path,-2.172264518180833,4.269388581583526
path,-2.1764443058454024,4.27078486821277
path,-2.180622545750901,4.272113204139056
path,-2.184807315051898,4.273440462080266
path,-2.1889989456463774,4.274766678617843
path,-2.192859948168301,4.276025499599091
path,-2.1966431715738532,4.277195655014069
path,-2.2004334549277065,4.278361633457336
path,-2.2042300094777,4.279529566121735
path,-2.2080353427076718,4.280696487992297
path,-2.2121424996260424,4.282011767086681
path,-2.2163746086792973,4.283342516082779
path,-2.220615150892616,4.284712111577328
path,-2.224848249391206,4.286146657434979
path,-2.2288578018752867,4.287846773362928
path,-2.233151568057375,4.289761058164343
path,-2.2377819996354065,4.291700156789749
path,-2.2424617042542208,4.2938419243735515
path,-2.247147974417874,4.296263925580342
path,-2.2518397060152275,4.299006003428209
path,-2.256972823579508,4.302164249106361
path,-2.262638860896231,4.305665084578638
path,-2.2686010107570076,4.309451717307343
path,-2.2746097046886122,4.313572476843764
path,-2.2806451972376327,4.318022233509904
path,-2.2866121360670544,4.3229052303623705
path,-2.2920789105941566,4.32872043529404
path,-2.2975805719699363,4.3345267862734005
path,-2.3032690792054056,4.340231891580763
path,-2.3090080476720867,4.346017541976011
path,-2.3146022552635652,4.351636820210853
path,-2.3199999643885207,4.35703337735787
path,-2.325373525540339,4.362400201104856
path,-2.330742800848397,4.367783207421988
path,-2.336163494207613,4.373150448619354
path,-2.3413669343095966,4.378200345063455
path,-2.3463987472333416,4.382945147879138
path,-2.3514270945233964,4.387679974544999
path,-2.356458976906771,4.3924103969140775
path,-2.3614943660356684,4.397136396110695
path,-2.366446410325895,4.402413011267261
path,-2.371434462349564,4.408182819878041
path,-2.376604401728712,4.414049718277626
path,-2.3819244585648134,4.420117184703411
path,-2.387420955646946,4.42635231467362
path,-2.393062646683586,4.4330276772910775
path,-2.3990052551954864,4.43998453631116
path,-2.405256110550113,4.447277366178067
path,-2.4117796287764204,4.455057863411315
path,-2.4184918675140126,4.463338173208831
path,-2.4252707104325655,4.4717860987587015
path,-2.4321279129593893,4.480330706646625
path,-2.439040331947899,4.489102204989943
path,-2.4460990351751137,4.4980363242400925
path,-2.4532892062976708,4.506836416190327
path,-2.4602347864749152,4.514959867603702
path,-2.467057802279982,4.5224466838154385
path,-2.47365008424453,4.529825855109149
path,-2.4800271802319074,4.5373651286333185
path,-2.486297549322459,4.544986916886931
path,-2.492169943790964,4.552204138489815
path,-2.497432230610563,4.558939701346698
path,-2.502498529393784,4.5656744287728985
path,-2.5075140704932597,4.572428631244655
path,-2.5124884309097,4.579196940107492
path,-2.5169335476609422,4.585301580307748
path,-2.520992869606993,4.590678623497986
path,-2.5251263894721094,4.595371359243705
path,-2.529333210859669,4.5995223216884735
path,-2.533656231999931,4.603414347217557
path,-2.5381484189705645,4.607428590192646
path,-2.5426191664076785,4.6116574561123125
path,-2.5471179033311575,4.616027426642665
path,-2.5516282327300734,4.620433222911743
path,-2.556048013510656,4.624699648981051
path,-2.560748363394495,4.629097862487885
path,-2.565708298406706,4.633716507905137
path,-2.570761555371607,4.638306964577637
path,-2.575895477498354,4.642852540631571
path,-2.5811022787494555,4.647356464773004
path,-2.5863375075356347,4.652438997431516
path,-2.591972348377485,4.658277008638291
path,-2.5979018071890194,4.664526917428018
path,-2.6040860778520583,4.671147176081873
path,-2.6104150014249385,4.6779762497888235
path,-2.616676700858293,4.684762268479874
path,-2.6228596557818555,4.6915097832021475
path,-2.6289913702806325,4.69827907667898
path,-2.6350883376925536,4.705073361741497
path,-2.641188991550828,4.7117848879380775
path,-2.6473615557810066,4.7177447905267105
path,-2.6535342049338473,4.723078732102639
path,-2.6598153558562716,4.7281306330592665
path,-2.666170532100038,4.732888387917931
path,-2.672663919435262,4.737405481126547
path,-2.678768041448047,4.741473526201233
path,-2.6843778228176625,4.74519279935464
path,-2.689947025272726,4.748605979210728
path,-2.6954861279531204,4.751713481100394
path,-2.701023643575378,4.754502122100365
path,-2.70613556467334,4.756834556110898
path,-2.710893266204591,4.758813571693615
path,-2.715570680122481,4.760484729148739
path,-2.7196694022763044,4.7623863488326466
path,-2.723573243581964,4.764197980991897
path,-2.727529967067834,4.765704412294314
path,-2.7315845930991576,4.766911420796044
path,-2.7356950284233847,4.768076151454413
path,-2.7398573621826854,4.769246181877733
path,-2.744071258570301,4.770421287797382
path,-2.748602936925635,4.771923401953312
path,-2.7532380447165132,4.773514039533328
path,-2.7580200662435574,4.775140284850744
path,-2.7629099751776782,4.7769969970735575
path,-2.7678030283241344,4.779076906526058
path,-2.7728470813287505,4.781460964860395
path,-2.777902876026791,4.7840738112954115
path,-2.782960681111635,4.78691087391212
path,-2.7880173927496927,4.78997106149747
path,-2.7930720136261704,4.7932545646225595
path,-2.7979202113153825,4.796636445820824
path,-2.802409893170641,4.799878650100236
path,-2.8066099964566122,4.803119472973335
path,-2.8107006027630317,4.806495140434024
path,-2.8147557278879365,4.810051231289323
path,-2.818511791331005,4.813423588184563
path,-2.822070629199256,4.816682122424479
path,-2.825543927239552,4.819976396167565
path,-2.8289942065347566,4.822921259105903
path,-2.8324904227045256,4.825530526837633
path,-2.8360704859882953,4.827873989708949
path,-2.8397293472888054,4.82993774046847
path,-2.8434657826518315,4.8317328228674326
path,-2.847278338826942,4.833278436697894
path,-2.851166196706876,4.834574894415772
path,-2.855321913279213,4.8360755218571345
path,-2.8595103642392807,4.837842703678575
path,-2.863680937100396,4.839833841228142
path,-2.8678327145741234,4.842048948103119
path,-2.8719652914405804,4.844488155914191
path,-2.8765471911020546,4.847295967382358
path,-2.881523834563445,4.850461960589472
path,-2.886520727065718,4.853888956153795
path,-2.891699101558738,4.857614946784564
path,-2.897082277233177,4.861582647093201
path,-2.902442875897739,4.865654180084356
path,-2.9077177137880397,4.869696997894676
path,-2.9131510563193403,4.873756485537654
path,-2.9187501140256713,4.877834921106476
path,-2.924440786494919,4.881926925259374
path,-2.9296885168256575,4.885392339368979
path,-2.9343282737312593,4.887878818980166
path,-2.9380862520836084,4.889676836898354
path,-2.941611605631401,4.891222209201401
path,-2.9448656101032866,4.892840980594826
path,-2.947610988794022,4.894503311270057
path,-2.950287390240779,4.895941440607129
path,-2.9529438678441573,4.897103855182294
path,-2.9555685273959145,4.898010363866467
path,-2.958231218675368,4.898866649062672
path,-2.9610679833878324,4.899977243933472
path,-2.9639941443453783,4.901301916638805
path,-2.9668149320947004,4.902710632271916
path,-2.9693928673217638,4.9040133523168095
path,-2.972086474269195,4.905498958079161
path,-2.974926192247371,4.906831485158924
path,-2.9779079034665905,4.907870426687008
path,-2.980930600751653,4.908986075830009
path,-2.983922080280828,4.910284717943908
path,-2.986885550475734,4.911767517087873
path,-2.9894195118403197,4.913173264632597
path,-2.991680381767794,4.914346320273748
path,-2.993795992016367,4.915292245792528
path,-2.9958812693380636,4.916185072477858
path,-2.9979664406961293,4.917078023348832
path,-3.000141030534701,4.918014420090745
path,-3.00232637847826,4.918950706258148
path,-3.004511607148865,4.919887112823208
path,-3.006696716299317,4.920823639016213
path,-3.008881705723057,4.921760284123708
path,-3.0111551810620276,4.9227397642280355
path,-3.013440846754104,4.923723853503897
path,-3.015726776482864,4.924704716956946
path,-3.018012611644087,4.925685683330053
path,-3.020298348643778,4.926666754437231
path,-3.0226710084955126,4.927690770979272
path,-3.0250534600045498,4.928713621562317
path,-3.0274357897849846,4.9297365936190936
path,-3.029817995842058,4.930759688123774
path,-3.032200076394523,4.931782905940365
path,-3.034698896900588,4.932867141260812
path,-3.037220728926107,4.9339507496472175
path,-3.039742416339285,4.935034498554634
path,-3.0422639527673203,4.936118388674094
path,-3.0447853382001817,4.9372024244950845
path,-3.0474275680577136,4.938349345443788
path,-3.05009086535568,4.939494888674155
path,-3.052753990250457,4.9406405816328185
path,-3.055416943019535,4.941786431096366
path,-3.058079723031957,4.942932435106084
path,-3.0608803276009073,4.944157002088837
path,-3.0637192135480618,4.945383867662641
path,-3.0665564953312208,4.9466057885511905
path,-3.06939360986917,4.9478278918346605
path,-3.0722305544943755,4.949050178094594
path,-3.0752177816218627,4.950351149300511
path,-3.0782808807164024,4.951676452554034
path,-3.081338358931684,4.952995044208803
path,-3.0843956550107956,4.954313212532966
path,-3.087452734120677,4.955631607523754
path,-3.0906634453570714,4.957035589089964
path,-3.0939527077933486,4.95846227949992
path,-3.0972322351018695,4.959877539208668
path,-3.1005115028896064,4.961293058091923
path,-3.103777079686062,4.962699434773526
path,-3.1072363170110875,4.964267980006805
path,-3.110893825565713,4.965886390209111
path,-3.1146547929219777,4.967365969893649
path,-3.1183783661063327,4.968975688334703
path,-3.122077706101165,4.970736352805838
path,-3.1259896084296948,4.9724043157573945
path,-3.1301449001078945,4.974228968523827
path,-3.1344504663206236,4.976244506292094
path,-3.1387643426181806,4.978109156651501
path,-3.143062528905398,4.979964749006809
path,-3.1467937523169955,4.981794680950198
path,-3.1497031058799636,4.983562891754909
path,-3.152462871284233,4.985108652017149
path,-3.155093916696587,4.986433217922261
path,-3.157659445841029,4.987629609545725
path,-3.160376816265621,4.98891881905443
path,-3.163158406560574,4.990221546616277
path,-3.165934386067077,4.9915201972917425
path,-3.168710053413289,4.992819582193582
path,-3.1714854087753115,4.994119699072692
path,-3.1744104830232076,4.995516107370887
path,-3.177404181774816,4.996920620023464
path,-3.180385279545844,4.998326941632411
path,-3.183366776355853,4.9997280635580745
path,-3.186347935477602,5.001130001150986
path,-3.189493659177805,5.002661056037415
path,-3.192762768672472,5.004201044708762
path,-3.1960070874202904,5.005730365966995
path,-3.199251608876266,5.007260501178013
path,-3.2024957006599255,5.008791640961281
path,-3.2052429961345017,5.010276381135733
path,-3.2076599965088066,5.011561349051108
path,-3.2099897357814635,5.012671560904106
path,-3.2123138169089787,5.013770758324001
path,-3.2146376951252478,5.014870493786772
path,-3.216980995298987,5.015980050624742
path,-3.219324093769487,5.017090164783704
path,-3.2216669805641853,5.0182008258223325
path,-3.2240096544428805,5.01931203309714
path,-3.226352114419059,5.020423785213897
path,-3.2287958493690816,5.021589836407951
path,-3.2312518751186103,5.022757030222957
path,-3.233707660923463,5.0239248085666475
path,-3.236163205939045,5.025093173869373
path,-3.238618509354975,5.026262128713554
path,-3.241168688215449,5.027483912360418
path,-3.243728997011758,5.0287042535793365
path,-3.246289038574008,5.029925249895293
path,-3.248848812859816,5.031146900778596
path,-3.2514083194659964,5.032369208234321
path,-3.25411341296523,5.033682389704063
path,-3.2568693754817155,5.0350144253804014
path,-3.2596211306423633,5.0363309783197225
path,-3.2623711978957073,5.037647971608868
path,-3.265120975110515,5.038965721353279
path,-3.2673970843353484,5.040229815119939
path,-3.2694619160541643,5.041290380518906
path,-3.2714612298539474,5.0422490758600125
path,-3.273460367752617,5.043208242415771
path,-3.275459330437001,5.044167876999709
path,-3.2775143684969366,5.0451561290298335
path,-3.279571299151333,5.0461447370928
path,-3.2816280471868073,5.047133824484667
path,-3.2836846146363263,5.048123378883618
path,-3.2857397795168652,5.049113577719058
path,-3.287888891515608,5.050127782524511
path,-3.2901331879924767,5.051132976984676
path,-3.292452115926224,5.052126850428119
path,-3.294773543632231,5.053116046604321
path,-3.297053543779121,5.0541082076167445
path,-3.299246572812861,5.055149991033495
path,-3.301281153600402,5.056210460125221
path,-3.303126347644168,5.057292674207015
path,-3.30480131077489,5.058396741652833
path,-3.306317452570286,5.059516856615803
path,-3.307705779829892,5.060696637693418
path,-3.308943937668863,5.061891153567549
path,-3.31010837155038,5.063094180617372
path,-3.3112738170061085,5.064295087728322
path,-3.312439646826529,5.065499005418446
path,-3.3136335988033507,5.066728071900958
path,-3.314831517500297,5.067962283918061
path,-3.316029831628143,5.069198297500691
path,-3.3172292191122583,5.070432191304105
path,-3.3184292998698317,5.071667649020288
path,-3.319649594149886,5.072924810548488
path,-3.320871506731338,5.074182047735652
path,-3.3220941544493,5.075439384341941
path,-3.323317926800895,5.076695183460792
path,-3.3245416103577488,5.077955584063579
path,-3.3257871344415517,5.079234065061878
path,-3.327038418825087,5.0805179325795224
path,-3.3282900426708295,5.0818035250567695
path,-3.3295423730053626,5.083090292710128
path,-3.330795886110765,5.0843752932185495
path,-3.332083081822856,5.085696001147388
path,-3.333371386377114,5.0870163220314595
path,-3.334660423235343,5.08833822183257
path,-3.335950702535811,5.089658624685291
path,-3.3372407658625765,5.090982943221473
path,-3.3385618014417715,5.09233635494375
path,-3.3398849218393116,5.093690724496422
path,-3.3412083200217757,5.095046796216293
path,-3.342533195289236,5.096400220849636
path,-3.3438724411193483,5.097753211069912
path,-3.3452434244670157,5.099139639287711
path,-3.3466272680124076,5.100541900782078
path,-3.348014675603844,5.101943535092573
path,-3.349406468515312,5.103344027999272
path,-3.350802852976284,5.104745178162991
path,-3.352232329566087,5.106169903933441
path,-3.353671389382431,5.107599947782688
path,-3.355117066783983,5.109026742082474
path,-3.356569772743973,5.110452298112359
path,-3.3580309495786222,5.111875016951122
path,-3.359544361334827,5.113345126459673
path,-3.361070142719391,5.114806896524488
path,-3.3626020422404874,5.116272735904447
path,-3.364136744527038,5.117734031924877
path,-3.3656706310697224,5.119197204945875
path,-3.367258961278303,5.120711990909383
path,-3.3688474354039712,5.122225393457892
path,-3.3704366766476963,5.123738971094075
path,-3.372026346919166,5.125254641026647
path,-3.373618336276559,5.1267672560667155
path,-3.3752707939165023,5.128342721828874
path,-3.376924601314411,5.12991679991554
path,-3.378579436074901,5.13148998279786
path,-3.3802341321869225,5.133065684268141
path,-3.3818905275491593,5.134639796626065
path,-3.3834105606295086,5.136172539013646
path,-3.3848137994373255,5.1376007216629045
path,-3.38613459619921,5.138920656721751
path,-3.387372382534123,5.140131074257239
path,-3.3885293701613617,5.141236294959642
path,-3.389681305667906,5.142329692589153
path,-3.3908351973430926,5.143425713666383
path,-3.3919905340614322,5.144519515170904
path,-3.3931442817019986,5.145616848401447
path,-3.3943004246475357,5.1467104275723585
path,-3.395474521093676,5.147827027646747
path,-3.3966504311036116,5.148941367749447
path,-3.3978268471644886,5.1500553481758855
path,-3.399003242773075,5.151171925808801
path,-3.4001804535368234,5.15228632632187
path,-3.401380830040901,5.1534243523257715
path,-3.402583288429352,5.1545602705516576
path,-3.40378393626849,5.155701796184625
path,-3.404986280254207,5.156839766069491
path,-3.406189009965,5.157978042820007
path,-3.4074134866012864,5.159137521200473
path,-3.4086393393625745,5.160297243214495
path,-3.4098644453786404,5.161458166881972
path,-3.411091232434068,5.162617401497816
path,-3.412317030759729,5.163779076011951
path,-3.4135524695181836,5.16494443739287
path,-3.4147874833242406,5.166113902501386
path,-3.416025304657849,5.167282727182489
path,-3.417267978948545,5.168451538459728
path,-3.4185109997530674,5.16962087485654
path,-3.4197726456692923,5.170809444420729
path,-3.421035927028678,5.171996767436236
path,-3.422298195611304,5.173186963845648
path,-3.42356231019158,5.174374538450332
path,-3.424826818257086,5.175562345530208
path,-3.4261111085529556,5.176770321989091
path,-3.42739560340464,5.177979839405688
path,-3.428681955412538,5.179186874769249
path,-3.4299673352974738,5.180396374226366
path,-3.4312545882743692,5.181603344828611
path,-3.432587255915476,5.1828542330625105
path,-3.4339191514370335,5.184105886782517
path,-3.4352514024729355,5.185358354409839
path,-3.4365854276371453,5.186609346659589
path,-3.4379187898389807,5.187861017465159
path,-3.439277979217904,5.189135625150151
path,-3.440637391491485,5.190412096082058
path,-3.441998693666663,5.191686535602598
path,-3.443359232323833,5.19296219269843
path,-3.444720169768796,5.19423838249934
path,-3.446116033711271,5.195546452680959
path,-3.447512583133912,5.1968544153196525
path,-3.4489095511704924,5.198162891865272
path,-3.4503069435089486,5.199471881799628
path,-3.451704889859295,5.2007805460719725
path,-3.4531413530340083,5.2021234080966
path,-3.4545783094136406,5.203467935372282
path,-3.456015795089757,5.2048124372587115
path,-3.4574538074382306,5.206156920847154
path,-3.4588923428682103,5.207501399473179
path,-3.4603632059526563,5.208878781053174
path,-3.4618361843421828,5.210254608412269
path,-3.463309704681272,5.211630426916216
path,-3.464783742102387,5.213006388766421
path,-3.4662583244823035,5.2143823080123894
path,-3.46780063134965,5.215819256155387
path,-3.469341828628371,5.2172582263916105
path,-3.470883794947291,5.218696206876909
path,-3.4724248048354953,5.220136464306546
path,-3.473967943729332,5.221574580913289
path,-3.475391773996295,5.222890613847144
path,-3.4765945022742226,5.224033909460434
path,-3.477704099938246,5.225073817930656
path,-3.478807391262986,5.226101757868326
path,-3.47990955932577,5.22713100766256
path,-3.4810369154120284,5.228178475257088
path,-3.482164296945056,5.229227848878523
path,-3.4832905261858365,5.230278684808533
path,-3.484418637690119,5.231327433680455
path,-3.485547041885185,5.232376305234693
path,-3.486689755972098,5.233441609087616
path,-3.4878343831365894,5.234504863116802
path,-3.488979169441956,5.23556906888218
path,-3.4901228306258796,5.236634407932249
path,-3.491268403822242,5.2376976523238765
path,-3.49242932290047,5.238778397937724
path,-3.4935921726296724,5.239857158465412
path,-3.4947596605219062,5.240938457210647
path,-3.4959249925676654,5.242021544434504
path,-3.4970918381252365,5.243102368153392
path,-3.4982735966180534,5.244199381013496
path,-3.4994593508476486,5.245295259068671
path,-3.5006474671688332,5.246392240558148
path,-3.5018379315498653,5.247490430083692
path,-3.503030686423801,5.248590208864891
path,-3.5042515263327805,5.249716600381236
path,-3.5054766355664144,5.250840571800206
path,-3.506702864699696,5.251966062771174
path,-3.5079303059591593,5.253092343646978
path,-3.509160761434525,5.254216700115377
path,-3.510411644448314,5.255354619276599
path,-3.5116654981922024,5.256490243759043
path,-3.512923041401819,5.257623616632499
path,-3.5141869910354067,5.258754338329659
path,-3.515449989654009,5.259883605328069
path,-3.5167345564164934,5.261027041675455
path,-3.51802239619107,5.262168260859008
path,-3.519313481929349,5.263307253296171
path,-3.5206077980494612,5.264444016723905
path,-3.52190532962124,5.265578548881804
path,-3.523231310301049,5.266732745483273
path,-3.5245604619563897,5.267884532270147
path,-3.5258929104720744,5.269033993697339
path,-3.52722854015051,5.270181149889376
path,-3.5285655492377277,5.2713263895824625
path,-3.529931043672226,5.272493520150514
path,-3.5312971193376135,5.273658697762082
path,-3.5326639450199937,5.274822026047949
path,-3.5340315190408034,5.2759835051182815
path,-3.5353998397734117,5.2771431351091165
path,-3.5367981048534802,5.2783255681424155
path,-3.53819707176393,5.279506028333272
path,-3.5395968124729382,5.280684560452016
path,-3.5409973254430733,5.2818611647422875
path,-3.542398609168534,5.283035841464056
path,-3.5438278855379,5.284231289643068
path,-3.545257729503291,5.285424594655874
path,-3.546688369523905,5.286615898045475
path,-3.548119804122576,5.287805200149395
path,-3.549552031841502,5.288992501315815
path,-3.5510220969561446,5.290208366606862
path,-3.552492766722052,5.291421987578673
path,-3.5539642662424797,5.292633504628258
path,-3.5554365940202457,5.293842918175083
path,-3.5569097485701446,5.295050228645945
path,-3.5584159327407634,5.296281744776819
path,-3.5599229959653065,5.297511077760913
path,-3.5614309178080243,5.298738216103063
path,-3.5629396967300773,5.299963160288837
path,-3.564449331200169,5.30118591080922
path,-3.565883357589711,5.302295376345249
path,-3.567264261985193,5.303367241616244
path,-3.5686227677414175,5.304424263033513
path,-3.569958995608514,5.305466440189505
path,-3.5712729980935727,5.306493729058066
path,-3.5725676495254266,5.307509761854184
path,-3.5738401720827726,5.308510757864347
path,-3.5750905852251966,5.3094966479162125
path,-3.5763189004277183,5.310467356652703
path,-3.5775251198654257,5.311422801668316
path,-3.5787129877461785,5.312367639725055
path,-3.5798847432027032,5.313300739110881
path,-3.5810561708576474,5.314232008134368
path,-3.5822280963666118,5.315161967077252
path,-3.583400523922598,5.316090619472145
path,-3.5846002344379166,5.317039124858503
path,-3.585800484210718,5.317986273686884
path,-3.587001257029918,5.3189320563566245
path,-3.588202552165273,5.319876473133122
path,-3.58940436888791,5.320819524283371
path,-3.5906202955986397,5.321771845542434
path,-3.591836762070702,5.322722775676261
path,-3.5930537597419403,5.323672309955621
path,-3.594271287863665,5.324620448663368
path,-3.5954893456881316,5.325567192083708
path,-3.5967261888731294,5.326526675210213
path,-3.597963458434873,5.327484647220208
path,-3.599201168225624,5.328441702895197
path,-3.6004484917995825,5.329363149944321
path,-3.6017036340588175,5.330233843427818
path,-3.6029853053387138,5.331063167551846
path,-3.6042785257410666,5.331840031501491
path,-3.6055929442753736,5.332572784482877
path,-3.6069333942431694,5.333265892790993
path,-3.60830326256078,5.333922773003798
path,-3.609736590865235,5.334569943312856
path,-3.6112136327567272,5.335193384281053
path,-3.612731901601015,5.335794721067503
path,-3.6142944700026267,5.336379016273831
path,-3.6159045514632577,5.336952159367115
path,-3.617591712722889,5.3375137646712565
path,-3.6193342879125097,5.338077554872155
path,-3.621135307067692,5.338651998223869
path,-3.6229928201733594,5.339236504505477
path,-3.624903607751672,5.339828613968508
path,-3.6269078743700445,5.3404292816130825
path,-3.6289728484267725,5.341059028910346
path,-3.631091640585951,5.341719629904377
path,-3.633265205115682,5.342397583260855
path,-3.635495397787695,5.343129810950726
path,-3.6378269746747782,5.343923453263579
path,-3.640224020418131,5.344799911612273
path,-3.6426725924658756,5.345765770035928
path,-3.6451788025269463,5.346848034183969
path,-3.6477353608717813,5.348066831937358
path,-3.65039229480242,5.349439581692131
path,-3.6531341182560677,5.350976885729364
path,-3.6559212040476172,5.352668285633808
path,-3.6587619939250273,5.354561835221153
path,-3.6616234495619704,5.356624646423754
path,-3.6645100410850646,5.3587991676081685
path,-3.66738207424273,5.361001980334933
path,-3.6702327020237244,5.363210850621575
path,-3.6730417098089374,5.365421314032451
path,-3.675823224131621,5.3676357940045705
path,-3.678610342307348,5.36995410627992
path,-3.6813778710419833,5.3722915146401595
path,-3.684126624841051,5.374632417204051
path,-3.686857486330645,5.37697689356923
path,-3.6895995156866053,5.379186276972416
path,-3.692402489596185,5.380931163578102
path,-3.695068631706228,5.382547621148961
path,-3.69755617860054,5.384054447124504
path,-3.69978238838632,5.385412024413352
path,-3.7017622493667366,5.386615482327696
path,-3.7035880748689607,5.3876084361267536
path,-3.705212143732115,5.388281972556402
path,-3.7067047108400737,5.388760477644939
path,-3.7080940426330162,5.389084383201029
path,-3.709468020138459,5.389391398454965
path,-3.7108983682502563,5.389709467388926
path,-3.712358120466464,5.390056413032306
path,-3.7138346669728963,5.39039756327765
path,-3.71532107944846,5.390705676935127
path,-3.7168685173441998,5.391068211894506
path,-3.7184010972240937,5.391398606915095
path,-3.719867336245659,5.391712796459386
path,-3.7213249005928994,5.392032438476384
path,-3.722777665994912,5.392357958871411
path,-3.7242255536480338,5.392690380486206
path,-3.725693740581721,5.393034991634633
path,-3.7271570718457636,5.393395322413442
path,-3.728616247647611,5.3937746821638735
path,-3.730071998560948,5.394174034599111
path,-3.731524864604375,5.394592453881613
path,-3.7330053933154774,5.395024682239987
path,-3.7344871135745747,5.395489208833748
path,-3.7359641009110387,5.395962681819944
path,-3.7374370632776586,5.396441514491936
path,-3.73890460180356,5.39691993428508
path,-3.7404017616178864,5.397384365629198
path,-3.741888847510177,5.39783734305357
path,-3.743365006340737,5.398274055526749
path,-3.7448334406854347,5.398711236916243
path,-3.7462954104813257,5.39915444686267
path,-3.7477823875848357,5.3996146391434285
path,-3.7492749711956406,5.400077914575428
path,-3.750763747846359,5.40054030369
path,-3.7522530756272094,5.401001981306297
path,-3.753740964963654,5.401469618763637
path,-3.755254525966556,5.401946713803255
path,-3.7567627206614564,5.402438203374249
path,-3.7582602649700467,5.402935396526899
path,-3.7597541547980886,5.403429484092674
path,-3.7612489151710196,5.403923370934619
path,-3.762787912754004,5.404432557765475
path,-3.76434417937113,5.404941807985499
path,-3.765889798062664,5.405449006214189
path,-3.767436236818796,5.405955782079436
path,-3.768983614716176,5.406462197262957
path,-3.770567361695583,5.406978503780546
path,-3.772151872766976,5.407494124707068
path,-3.7737371308472416,5.408009036327221
path,-3.7753231926779898,5.408522809257423
path,-3.776910023563667,5.409035659161195
path,-3.778556299164059,5.409570269140773
path,-3.780228651346994,5.41010507837548
path,-3.7818915301199425,5.410639441572546
path,-3.7835537251992735,5.411171085611179
path,-3.7852166664916758,5.411701667230447
path,-3.7869219841081,5.41224658873516
path,-3.7886395080825244,5.412791621349767
path,-3.790352134556668,5.413334457360705
path,-3.7920656545065343,5.413876100616291
path,-3.793780018475432,5.414416856390407
path,-3.795385873294156,5.415092159973489
path,-3.796850633392496,5.415785189569427
path,-3.798268268262444,5.416449822741086
path,-3.7996594826192767,5.417073606358731
path,-3.8010191996766847,5.417657269759025
path,-3.8023572993944983,5.4182026859797405
path,-3.8036726770367566,5.418706165250848
path,-3.804964335783178,5.41916559450187
path,-3.8062305059965817,5.419582277445637
path,-3.807479418084772,5.419971468329728
path,-3.808742768655671,5.420360679290135
path,-3.8100065876998657,5.4207492275501306
path,-3.8112708518015332,5.421137260971756
path,-3.8125355774035388,5.4215247070763235
path,-3.8138007582245312,5.421911576833821
path,-3.81509041584373,5.422305248221044
path,-3.8163805381483424,5.422698427468747
path,-3.8176711005315402,5.4230913101863845
path,-3.8189621976630606,5.423483675749826
path,-3.8202539459173046,5.4238794986949515
path,-3.8215631861097994,5.424276281017791
path,-3.822872428376265,5.424672971947481
path,-3.8241822922026802,5.425068004854757
path,-3.8254928379457804,5.425463283802798
path,-3.82680378348199,5.425856906094314
path,-3.8281410643405884,5.426258393787329
path,-3.8294824068317608,5.426660289991393
path,-3.8308222890886223,5.427060822047133
path,-3.832162709812448,5.4274601733056365
path,-3.8335037146052744,5.427859317708279
path,-3.834864943034451,5.428263460883238
path,-3.8362267270879804,5.428666800123695
path,-3.837589033957639,5.429069381655211
path,-3.8389517872652523,5.429471614014932
path,-3.8403155007451075,5.429874257253487
path,-3.841704320390492,5.430285980689397
path,-3.8431084985834727,5.430696005051769
path,-3.8445062212611862,5.431105377211732
path,-3.845904191573246,5.431514501388054
path,-3.8473030965102124,5.431923433806631
path,-3.8487227291858708,5.432338381686783
path,-3.8501497051996205,5.432753847097439
path,-3.851573661105512,5.433167526818998
path,-3.8529978386536765,5.433579444171788
path,-3.854422932126131,5.433991260553872
path,-3.8558831766869663,5.434412305440872
path,-3.8573521048262953,5.4348343401206565
path,-3.858818200602577,5.435254780029981
path,-3.8602879115953432,5.435674699841192
path,-3.8617541455967097,5.436093325339296
path,-3.8632514801948186,5.436521384454042
path,-3.8647601563863514,5.4369487713352616
path,-3.8662640647059625,5.437375223848879
path,-3.867768558639526,5.437800495578371
path,-3.8692737969986317,5.438225691198342
path,-3.870817765323742,5.43866269070654
path,-3.872376569215473,5.439099156044473
path,-3.873941064273708,5.439539166048084
path,-3.875497604158623,5.439974789410106
path,-3.8770543921734517,5.440409110665373
path,-3.8785371415237697,5.440950076087152
path,-3.8799186786505477,5.441510981007971
path,-3.8812777539092616,5.442049642628774
path,-3.8826195535654686,5.442562998791624
path,-3.883943943193806,5.443051630889528
path,-3.885246697692839,5.44350235873027
path,-3.8865170311758526,5.443917768363809
path,-3.8877642056371897,5.4442974377344395
path,-3.8889956999709145,5.444647085871871
path,-3.8902297330445683,5.4449837965110754
path,-3.891477498350712,5.445324250503509
path,-3.892728197766412,5.44566457404466
path,-3.8939780542571563,5.446004066939985
path,-3.895228238543961,5.446344100312608
path,-3.8964786370825046,5.446683871336626
path,-3.897746516917794,5.447029623996129
path,-3.8990209666251014,5.447375616207276
path,-3.900297318517434,5.447721218662688
path,-3.901571255515076,5.448064606113786
path,-3.9028458264977406,5.4484062853536095
path,-3.904138929494611,5.448753715470598
path,-3.9054384277541305,5.44910042239376
path,-3.906743245570735,5.449447289629804
path,-3.908043326295489,5.449793170112213
path,-3.90934357206166,5.450139330163108
path,-3.910655262341384,5.450487012821756
path,-3.911971303456568,5.450834207156851
path,-3.9132858197347504,5.451180747967321
path,-3.914600665882267,5.451527228919664
path,-3.9159160847647954,5.451873100735904
path,-3.9172516429182576,5.452225304162999
path,-3.9185915331266314,5.4525767033768755
path,-3.919936118392356,5.452927564964765
path,-3.92128497120331,5.453278206341621
path,-3.9226374090475304,5.45362874889369
path,-3.9239974597160012,5.453983687480181
path,-3.925362008396048,5.454337382592848
path,-3.926730902916155,5.454691263969727
path,-3.9281017244559298,5.4550442213754575
path,-3.929468810356011,5.455396086294094
path,-3.930868475223633,5.455759431067379
path,-3.9322714285912665,5.4561218959870565
path,-3.9336776367084587,5.456483661517116
path,-3.935085911152184,5.4568453528508
path,-3.9364963925474825,5.457206244726573
path,-3.9379218481806126,5.45757121487877
path,-3.9393491893700108,5.457935916299722
path,-3.940778368121581,5.458300826699793
path,-3.9422087541094317,5.458663645421732
path,-3.943640272266256,5.4590337708656085
path,-3.945091577359462,5.459403526727492
path,-3.946544707881651,5.4597725839394435
path,-3.947999042267511,5.460141789098911
path,-3.949454011838663,5.460510120637871
path,-3.9509094527668966,5.460877607866895
path,-3.952379720004307,5.461250355033782
path,-3.953849893207705,5.46162232482557
path,-3.9553200765788,5.461993020535409
path,-3.9567898169424036,5.462363045363958
path,-3.9582597623962408,5.4627330201757704
path,-3.9597533645177188,5.46311068788565
path,-3.961246791057972,5.46348829019061
path,-3.962739931107613,5.463864814822832
path,-3.964229876834232,5.464241359228854
path,-3.9656928938592926,5.464628079493937
path,-3.9671744160702667,5.465022315976376
path,-3.968656701670804,5.465418881851129
path,-3.970135625236851,5.4658118339199
path,-3.9716119177622895,5.466203559137543
path,-3.973085778176727,5.466594393589811
path,-3.974583019087048,5.466995325613409
path,-3.9760780213633637,5.467397618953361
path,-3.977568828746931,5.467796679104098
path,-3.9790565855905236,5.468195241485925
path,-3.980541384541652,5.468594983616549
path,-3.982040012006523,5.468999555872145
path,-3.983534783843225,5.46940372526512
path,-3.9850251772546654,5.469807027659888
path,-3.986510783352074,5.470209530348444
path,-3.987991706297477,5.470611014885607
path,-3.9894923515731207,5.471021472122115
path,-3.9909877547887898,5.471431530543625
path,-3.992477476737587,5.47184075080956
path,-3.9939616899155896,5.472251686851439
path,-3.995439052363023,5.472660196578467
path,-3.9969309199582153,5.473076965429313
path,-3.9984158964237717,5.473493948114973
path,-3.999893038651058,5.473908161793419
path,-4.001362882717364,5.474322364651808
path,-4.002824562129321,5.474735676890996
path,-4.004306285337351,5.475158964885407
path,-4.005780169048524,5.475584570884816
path,-4.007245638363502,5.4760091129253645
path,-4.0087015988300205,5.476433638966175
path,-4.010148443387577,5.476857379909547
path,-4.011619662725934,5.47729069912205
path,-4.013080817773182,5.477723615783086
path,-4.014531127464544,5.478156179273968
path,-4.015970265000989,5.478588285372861
path,-4.017486165722884,5.479071495602982
path,-4.019200905627616,5.479886736923872
path,-4.02128419786642,5.481161385028311
path,-4.02344595638013,5.482355769395496
path,-4.025622260059636,5.4834652117995315
path,-4.027813807295161,5.484494516719672
path,-4.030030730333837,5.485453602391243
path,-4.0323601924299695,5.486493584448673
path,-4.034742877379671,5.487497879917524
path,-4.037314435657309,5.488635693989817
path,-4.040218730726567,5.490236896431027
path,-4.043372576257027,5.492288761800984
path,-4.046601133803835,5.494711295757099
path,-4.0498373286295015,5.497166147029628
path,-4.053076559161396,5.499614467279282
path,-4.056319061881769,5.502056832453937
path,-4.059820880303905,5.504702989699462
path,-4.06344436496525,5.507412674549458
path,-4.067071949874983,5.5101150845328375
path,-4.070703704251644,5.512810403830895
path,-4.074335861683064,5.515498488466101
path,-4.078257517293439,5.518419787152678
path,-4.082391729291426,5.52145204093896
path,-4.086530598734157,5.524473688285661
path,-4.090674480189423,5.52748560382351
path,-4.094822665668543,5.530486216218072
path,-4.099305761741531,5.533760157930337
path,-4.104319873555273,5.537458914335807
path,-4.109741288457935,5.541251137421681
path,-4.115294907942524,5.545272054206109
path,-4.120874245805049,5.549368619593167
path,-4.126878562804955,5.553528746508459
path,-4.133653408978775,5.557824352379378
path,-4.141200812636979,5.562257514848561
path,-4.149328983463466,5.566778451084642
path,-4.1575946468653715,5.5715280187065375
path,-4.1660240936156026,5.576503434911758
path,-4.174528391980271,5.5817331187529895
path,-4.183109212814082,5.587225217905374
path,-4.191769684797197,5.592979963537198
path,-4.200507710844405,5.598973421009197
path,-4.209712848773941,5.605101337597957
path,-4.219732269566375,5.611385534460109
path,-4.230412323988702,5.617744152827118
path,-4.241433588371204,5.62422536163623
path,-4.25255675648128,5.63093825265711
path,-4.263555981291163,5.637948881574347
path,-4.274316022762056,5.645129585710539
path,-4.2847943677076445,5.6521748063146084
path,-4.29502985862187,5.659045942625261
path,-4.30506319649988,5.6657785284707245
path,-4.315313427572152,5.672481871043158
path,-4.325537233146636,5.679092418562541
path,-4.335686821967048,5.685578231142117
path,-4.345780347532799,5.691942026857807
path,-4.355837103047475,5.698183667215932
path,-4.365858432500633,5.704338636250117
path,-4.375846809541793,5.710472966232916
path,-4.385803269758531,5.716587845878602
path,-4.395697600105275,5.722688222717827
path,-4.405496694762602,5.728780813081934
path,-4.415263852569003,5.734792657006301
path,-4.425005107967442,5.740726068312134
path,-4.434738993846961,5.746563458218553
path,-4.444431237790438,5.752347948165302
path,-4.45397787768974,5.758110653653312
path,-4.463491724791675,5.763898939208423
path,-4.472956888154159,5.769624492051081
path,-4.482228901332824,5.775560370420345
path,-4.491356898221573,5.781753880569311
path,-4.500335729567497,5.788247101231744
path,-4.5097457439514015,5.79458479639338
path,-4.518968963202162,5.800541999286506
path,-4.528094365656301,5.806456240409972
path,-4.537060535715129,5.812638797365331
path,-4.545836516529664,5.819157241456995
path,-4.555343080113889,5.825492432211597
path,-4.564953503113091,5.831544024195718
path,-4.574700237009293,5.837483320886982
path,-4.584194849122794,5.843604009680859
path,-4.5934992816840605,5.849898332158141
path,-4.60251556906982,5.855665733411943
path,-4.611019714157517,5.860561856269426
path,-4.6189109465503755,5.865037184240788
path,-4.626555783496758,5.869231679621902
path,-4.634071321171564,5.873462996429901
path,-4.641329062775306,5.877152064624164
path,-4.64779305127199,5.88042504343637
path,-4.6536319219007325,5.8833484751137535
path,-4.6592628433278565,5.886241504575048
path,-4.664768700901675,5.889187763150677
path,-4.66997648100538,5.891916310901398
path,-4.674419241045919,5.894316179033299
path,-4.6780548229067165,5.896245241829409
path,-4.681189060776102,5.897783343377441
path,-4.684223876595733,5.8990757074336875
path,-4.687271790086636,5.90051508092947
path,-4.6903446814463425,5.902121933648155
path,-4.693426082230122,5.903751161567471
path,-4.696518025971832,5.905352594410387
path,-4.699539645641794,5.906938266065631
path,-4.702333563846017,5.908242340385031
path,-4.704730352703469,5.909234830350485
path,-4.7070492596869045,5.91025243046132
path,-4.709280678623381,5.911294291040302
path,-4.711442319509052,5.912344558413671
path,-4.713625607570838,5.9134946154330965
path,-4.715799533185504,5.914656815118922
path,-4.7179818713336,5.915812606565297
path,-4.720158297917582,5.916978378774402
path,-4.722337905795144,5.918131923589419
path,-4.724605381537182,5.9191922771726935
path,-4.726964487777991,5.920065151168869
path,-4.7293508910185205,5.920824157680692
path,-4.731640771136106,5.9217162214718755
path,-4.733877149921596,5.9226399537459535
path,-4.736197924362945,5.923456069925265
path,-4.738520438049842,5.924267608626348
path,-4.740841956210936,5.925077940719598
path,-4.7431624350428665,5.925887088285753
path,-4.745482077876449,5.926695017983787
path,-4.747832903779974,5.927524955041202
path,-4.750189397936455,5.928348012921997
path,-4.752544994383724,5.929170007054926
path,-4.754899056735468,5.929991013532588
path,-4.757251821479366,5.9308108969283575
path,-4.759660718354254,5.9316635596793645
path,-4.762071363147863,5.932511527728051
path,-4.764480617607497,5.933358348556291
path,-4.766888899631589,5.934203859618867
path,-4.769294268442068,5.935047024681257
path,-4.77174144834982,5.935917310227772
path,-4.774190492682436,5.936780003091085
path,-4.776638007032965,5.9376414789082705
path,-4.779084099111986,5.938501610812917
path,-4.7815284227197825,5.93936041049223
path,-4.7840356871545096,5.940260769709024
path,-4.786549346396051,5.941151754326057
path,-4.789061629649955,5.942041246551183
path,-4.791572664271895,5.942929118606793
path,-4.7941089183307755,5.9437945836831805
path,-4.796667122282507,5.944710945560135
path,-4.799227362734951,5.9456190861699
path,-4.801786295012429,5.946525414054216
path,-4.804343910778777,5.947429871375489
path,-4.8069003278109985,5.948332340007344
path,-4.809293594948445,5.949054389853927
path,-4.811476501132392,5.949805441647913
path,-4.8135398219929355,5.950616955598177
path,-4.815576697324151,5.951464195547996
path,-4.817594016304556,5.952335597481661
path,-4.819640020881515,5.95324775416396
path,-4.821675052373785,5.954175032801216
path,-4.8237015047737515,5.95511433466133
path,-4.825721250931138,5.956063160438892
path,-4.827735861887989,5.957019465414383
path,-4.829770247812683,5.957993431880504
path,-4.831801755612635,5.958971880379217
path,-4.833831193175539,5.9599537280428985
path,-4.835859213617625,5.960938095653306
path,-4.837886343785558,5.961924280901085
path,-4.840163629191977,5.963063140136799
path,-4.842493376972971,5.964200443964906
path,-4.844823710797196,5.965337766841938
path,-4.847154896938592,5.9664747886402605
path,-4.849486575303545,5.967611297839599
path,-4.851857467737316,5.968764592745658
path,-4.8542297156489305,5.969916936421979
path,-4.856603208979719,5.971068232899662
path,-4.858978130167362,5.972218353660059
path,-4.8613545707908585,5.973367195512892
path,-4.863799098837067,5.974547943820346
path,-4.866246682806862,5.9757267226007675
path,-4.868696041175508,5.9769039451401555
path,-4.871147208315912,5.978079572890051
path,-4.87360019380477,5.97925358606094
path,-4.876114509161551,5.980457134061981
path,-4.878634159666307,5.981657702785922
path,-4.881155790826593,5.982856492171652
path,-4.883679440732007,5.984053473129195
path,-4.8862051108008195,5.985248640883861
path,-4.888476767738782,5.9862896677769735
path,-4.890562100569651,5.9872543478099045
path,-4.892628620463566,5.988226587623281
path,-4.8946965009957015,5.9891975711919265
path,-4.896765764048954,5.990167287203171
path,-4.898869116839569,5.991151036964204
path,-4.900973911765736,5.99213347652098
path,-4.90308014451256,5.993114601829011
path,-4.905187790319114,5.994094421171259
path,-4.907296876257007,5.995072923865959
path,-4.909438756736601,5.996064634525648
path,-4.911582139502758,5.9970549841057545
path,-4.913726999482223,5.998043977212929
path,-4.915873328121972,5.999031612634342
path,-4.9180211441979065,6.0000178814961505
path,-4.920204196096334,6.001018263710078
path,-4.922393341556326,6.002006085889282
path,-4.924581440142697,6.00300025289353
path,-4.926771247758745,6.00399078121327
path,-4.928962879091137,6.0049770747478615
path,-4.931177870563609,6.0059687609835475
path,-4.933394744401778,6.0069561170273404
path,-4.9356134980662025,6.007939136650691
path,-4.937834134019512,6.008917798887463
path,-4.9400676520000975,6.009877325461791
path,-4.942370988899645,6.010819357868058
path,-4.944667522580579,6.011806734787518
path,-4.946974658515831,6.012790781009815
path,-4.949283233576678,6.013770171335891
path,-4.9515941954267415,6.014739358680533
path,-4.953951141798155,6.015723287559856
path,-4.956308899318989,6.016708022095388
path,-4.958668116600057,6.017687770228434
path,-4.96102480970768,6.018664024575229
path,-4.963386934390205,6.019633763260816
path,-4.965507816798648,6.020534644239451
path,-4.967508206300531,6.0213293535221135
path,-4.969508839129064,6.022137968472448
path,-4.97151047972195,6.022942950185161
path,-4.973513156945307,6.0237442721878365
path,-4.9755434797662295,6.024552536240492
path,-4.977574884585476,6.025357012783126
path,-4.979607339645951,6.0261576989757
path,-4.98164084253307,6.0269545859374185
path,-4.983675052429472,6.027744682399727
path,-4.985733422877303,6.028542279844355
path,-4.987794566526559,6.029337890510775
path,-4.9898567712232405,6.0301294766724345
path,-4.991920061557483,6.030917017011897
path,-4.99398427603775,6.0317006516514065
path,-4.996080238990774,6.032494021780929
path,-4.9981761294838,6.033285053043966
path,-5.000271971502519,6.034074417434218
path,-5.002367621914321,6.034861773719753
path,-5.0044629008309975,6.0356466773968345
path,-5.006587147163446,6.036440128725881
path,-5.008711356401551,6.037231946889556
path,-5.010835480800549,6.038022033820499
path,-5.012959362024444,6.038810014934456
path,-5.015079453721775,6.039592257071207
path,-5.017234223450107,6.040386227324408
path,-5.0193884247765554,6.041177519513826
path,-5.021543235771016,6.041968722146526
path,-5.023697989106904,6.042757773365807
path,-5.025853277662579,6.043545426273124
path,-5.028041120899298,6.04434096340403
path,-5.030231357121545,6.045137764521488
path,-5.032422076839838,6.045932927891484
path,-5.034612710891937,6.046725030337978
path,-5.036804283054823,6.0475166087448065
path,-5.039024923886555,6.048315998276937
path,-5.041246584814433,6.049114998925481
path,-5.043468661201967,6.049912105773658
path,-5.045691317720897,6.050707739081735
path,-5.047914415329428,6.051501543861699
path,-5.050189151966352,6.052307511830183
path,-5.052468483092829,6.053117644730532
path,-5.0547483257204355,6.053926007647552
path,-5.057028693833467,6.054732597240038
path,-5.059309576566183,6.055537414475031
path,-5.061631848437321,6.056351689555075
path,-5.063957108982335,6.0571679632077045
path,-5.066278231468839,6.057987968863453
path,-5.068540639935032,6.0588392163698686
path,-5.070793407274236,6.059660823136774
path,-5.072949723079239,6.060472144881904
path,-5.075096209302304,6.061256166930229
path,-5.077235936462881,6.062020428903521
path,-5.079372956703393,6.062774994225895
path,-5.081511049082223,6.06352900978127
path,-5.083676648351331,6.0642902924506545
path,-5.0858452773458245,6.065055196465513
path,-5.08801348563037,6.06581591676809
path,-5.090182603890986,6.066575603351042
path,-5.092352601980114,6.067334292024523
path,-5.094557850356186,6.068100928562644
path,-5.096765578811663,6.06887015949738
path,-5.098974117542981,6.069638055874256
path,-5.1011837871864225,6.070405416733695
path,-5.103391359924396,6.0711717131753264
path,-5.105647009742396,6.071956122346972
path,-5.107907183582148,6.072738155016635
path,-5.110168007015813,6.073518399562944
path,-5.11242963392412,6.074297192010606
path,-5.114692472932213,6.075075519736547
path,-5.116988816204074,6.0758617709580784
path,-5.119286865756304,6.076648527664049
path,-5.121585951593994,6.0774342556897265
path,-5.123885874249091,6.078218513353244
path,-5.126187166026155,6.079002492811064
path,-5.128531601619571,6.079793681691099
path,-5.130879751350295,6.080589816678002
path,-5.1332293655668195,6.081389578762913
path,-5.1355793627205895,6.082182847071429
path,-5.137930480967309,6.082975121577217
path,-5.140319552630324,6.083774710206667
path,-5.142712341568353,6.0845790892076606
path,-5.145110128896081,6.08539121423448
path,-5.147512725685806,6.086210613012792
path,-5.149920896468426,6.087038955891102
path,-5.152372132229077,6.087860071638017
path,-5.15482942859402,6.088690103595876
path,-5.157290354577093,6.089524407078039
path,-5.159756578744133,6.090366774476353
path,-5.162224940998068,6.091209982681961
path,-5.164737047949546,6.092042511602088
path,-5.167260037824542,6.092890276046916
path,-5.169788296268588,6.093745737274781
path,-5.1723167879397,6.09459756224375
path,-5.174846669890539,6.095448338319256
path,-5.177427031220377,6.096293296648474
path,-5.1800033147717865,6.097124429724285
path,-5.1825889412338295,6.0979667675788995
path,-5.185176946030492,6.098810099968491
path,-5.187767560363927,6.0996549737893675
path,-5.190023455587962,6.100426484268747
path,-5.192173529126624,6.101121932780115
path,-5.19432261955799,6.101801215528257
path,-5.196480407886503,6.102496725221275
path,-5.1986384525321325,6.103194940700402
path,-5.200832601640639,6.103896773416663
path,-5.20302833053026,6.104598896334263
path,-5.205225950353068,6.1053022080661
path,-5.207424705112715,6.1060050615044315
path,-5.209623484312599,6.10670503168118
path,-5.211856015210672,6.10741007499714
path,-5.21409333095631,6.108121695653823
path,-5.2163292326098505,6.108827344496001
path,-5.218566925494131,6.109533725340364
path,-5.22080528383039,6.1102384967640155
path,-5.223080420597203,6.1109489557751875
path,-5.225357389984504,6.111660089343418
path,-5.227634427709864,6.112368180738868
path,-5.229914913772657,6.113080464189237
path,-5.232195064489783,6.113788848499378
path,-5.234508813340454,6.114505705726968
path,-5.236821823513783,6.115217769932491
path,-5.239133893273659,6.115925711132624
path,-5.241449646286862,6.116637102679272
path,-5.243765724924972,6.117345871376472
path,-5.246124724663455,6.118064197954558
path,-5.248485358367795,6.1187805861518
path,-5.2508492995048215,6.119500475239436
path,-5.253209029491428,6.1202143374502125
path,-5.2555653623496825,6.120911915026506
path,-5.257975238670527,6.121634164404189
path,-5.260389199133261,6.122359990777684
path,-5.262803713754397,6.123083540931128
path,-5.265218835479717,6.123804874006936
path,-5.2676289067734245,6.124518856014981
path,-5.269722817816105,6.125151939804442
path,-5.271778762279076,6.125760714003904
path,-5.273835042675184,6.126367743783862
path,-5.275891657579816,6.126973008809515
path,-5.2779484235913845,6.127576148200013
path,-5.280032545136324,6.128184175389292
path,-5.282117933331577,6.1287922580696055
path,-5.2842036804951,6.129398566583136
path,-5.2862897940332765,6.130003109840794
path,-5.288376269010201,6.130605881886452
path,-5.290484875520602,6.13121291825522
path,-5.292590712222303,6.131815477711148
path,-5.2947005276687555,6.132419453098239
path,-5.2968106855864825,6.133021605984438
path,-5.29892119740039,6.133621950822319
path,-5.301066340490555,6.134228855418646
path,-5.3032126376933055,6.134835455867152
path,-5.305359310692793,6.135440197064168
path,-5.307506363741913,6.136043085943363
path,-5.30965378433322,6.136644113790022
path,-5.311825985101021,6.13724963292254
path,-5.313998853317976,6.137853795884645
path,-5.316172099657933,6.138456070778784
path,-5.318345738803578,6.139056453055884
path,-5.320519766717371,6.139654950230259
path,-5.322726245921724,6.140259030996666
path,-5.324933912479252,6.140862699863937
path,-5.327141980934568,6.14146442723046
path,-5.329350449377551,6.142064216552951
path,-5.331559312256846,6.14266207365611
path,-5.333779212623395,6.143195106844404
path,-5.33599389865884,6.143666426717084
path,-5.338208819706101,6.14413600404829
path,-5.3404239882588245,6.144603851383354
path,-5.34263959554155,6.145070114066277
path,-5.344891078428471,6.145540057519437
path,-5.347143578303704,6.146009413443332
path,-5.349395106901154,6.146476013882705
path,-5.351645678108233,6.146939876347238
path,-5.353895313910629,6.1474008941152904
path,-5.356194547203639,6.147867318313875
path,-5.358494137011402,6.148333297413361
path,-5.360792760949666,6.148796429694176
path,-5.363090440029767,6.149256722199525
path,-5.365387171618306,6.1497141737372205
path,-5.367729459522142,6.150176767871753
path,-5.370070993747349,6.150637230680209
path,-5.372413019297456,6.151096004432302
path,-5.3747553700768504,6.151552843137492
path,-5.37709804509025,6.1520077382299005
path,-5.379482114461967,6.152467903671755
path,-5.381866978562319,6.152926868706961
path,-5.384252181964241,6.153383835292476
path,-5.386637717575864,6.153838791869334
path,-5.389023589486045,6.154291747487684
path,-5.3914775626329146,6.154753384086646
path,-5.393934439485344,6.155215481667764
path,-5.396391666425128,6.155675458447534
path,-5.398849247228898,6.156133319137793
path,-5.401307179286329,6.156589069659874
path,-5.403690706425905,6.157034033402923
path,-5.406074298615612,6.15747253059056
path,-5.408458152717692,6.157908964816703
path,-5.410842268562653,6.158343335462635
path,-5.413226652227688,6.15877565120027
path,-5.415656914960605,6.159213556400695
path,-5.418087839971787,6.159649977612737
path,-5.420522087647987,6.16008789436076
path,-5.422947268965021,6.160517090861399
path,-5.425365629051363,6.160963395412646
path,-5.4277942920574835,6.161467859026497
path,-5.430244032256023,6.1619905271840825
path,-5.432721274024411,6.162516475556537
path,-5.435192536710684,6.163039714933305
path,-5.437659259444412,6.163559073955612
path,-5.440168670862819,6.164097279533689
path,-5.442689006449727,6.164633121008626
path,-5.445211632380203,6.165163681999027
path,-5.44772655598228,6.165656565886066
path,-5.450204935165643,6.166096918808207
path,-5.452672186134081,6.166533495311636
path,-5.455137458702623,6.166980629026724
path,-5.457611622060584,6.167418029941984
path,-5.460071052041689,6.16785233759906
path,-5.462509112385726,6.168295793258189
path,-5.4649585685699735,6.168756481267841
path,-5.467414531377304,6.16921331541379
path,-5.469889167864665,6.169668170969025
path,-5.4723633773147435,6.170120719087925
path,-5.474828853357857,6.170569720686508
path,-5.477116543259634,6.170985217004553
path,-5.479287731100221,6.171347855842633
path,-5.481453165598914,6.171697632842184
path,-5.483609413480429,6.172059269956502
path,-5.485766788359373,6.172417677507883
path,-5.4879419913346075,6.172783433001591
path,-5.490080743580369,6.173144412187334
path,-5.492213317643191,6.1735031719856845
path,-5.494344616138808,6.173864311411938
path,-5.49648702773191,6.174221041321695
path,-5.498635252961935,6.17459263561813
path,-5.50078543059737,6.174957623290625
path,-5.502923459059231,6.175325931613934
path,-5.5050554975563,6.1756918477161555
path,-5.507208720666872,6.17605673138518
path,-5.509366217353069,6.176430633238341
path,-5.511514234053146,6.176799361594791
path,-5.5136806060589105,6.177167242237593
path,-5.515828069022612,6.177527118629847
path,-5.517990134088697,6.177895660812268
path,-5.520162527080763,6.178264456398803
path,-5.52232989685986,6.178632034693448
path,-5.524477102686169,6.1790041832780105
path,-5.526623161040209,6.179371980220973
path,-5.528775943379741,6.179740396280168
path,-5.530950690696662,6.180115984494278
path,-5.5331484892094585,6.180492353449639
path,-5.535350125875142,6.180868159717165
path,-5.537555796147892,6.181239746936888
path,-5.539777105574843,6.181606348174816
path,-5.542010033338567,6.181982662339014
path,-5.544245662675679,6.18236307695496
path,-5.546478557121075,6.182739142974002
path,-5.548731870963467,6.183115922124475
path,-5.550993752165694,6.183488167246576
path,-5.553269320417986,6.18386817843296
path,-5.555589401997221,6.184247346462163
path,-5.557913622311541,6.184608832975439
path,-5.560240843111688,6.184981754846886
path,-5.562571758334934,6.185353029888126
path,-5.5648512854155845,6.1857143994132455
path,-5.566955723806856,6.185969329330234
path,-5.568860604385501,6.185919799805794
path,-5.570690847212485,6.185699939941326
path,-5.5724913035691825,6.185352563275073
path,-5.57429140992517,6.184905973512452
path,-5.57602959223939,6.184409321512063
path,-5.5777072653705435,6.183876336954565
path,-5.579387864988045,6.18333407546859
path,-5.581071915101576,6.182784975653331
path,-5.582566431072851,6.182297916947457
path,-5.58398130037854,6.18177994268201
path,-5.585397627134237,6.18126374589131
path,-5.58681150368059,6.180751141502087
path,-5.588201387562685,6.180287323774922
path,-5.589630282177342,6.179814722342013
path,-5.591061027367455,6.1793381218073735
path,-5.592495602690744,6.178854946038031
path,-5.593930796466651,6.17837061096383
path,-5.59536309769898,6.177891711859265
path,-5.596818281954469,6.177405757435046
path,-5.598273796657147,6.176917685822065
path,-5.599729136990075,6.1764287301636145
path,-5.601185059161603,6.175940946910681
path,-5.602640842633901,6.175452411041992
path,-5.604127882625925,6.174951315708335
path,-5.605615344916822,6.174452318724411
path,-5.607102720095352,6.173952760650757
path,-5.608590277253855,6.173453297019545
path,-5.610077738524874,6.172953040404101
path,-5.611599199876104,6.172439501476966
path,-5.6131210584571845,6.171927674193646
path,-5.6146429903431985,6.171415693691716
path,-5.616164973764675,6.17090336918404
path,-5.617687027117572,6.170390882358543
path,-5.619244067878846,6.169870585078956
path,-5.620803782335901,6.169343040041104
path,-5.622366169475975,6.168811170737735
path,-5.623925225930954,6.168282802809733
path,-5.625485051433591,6.167756488695134
path,-5.6270920532319435,6.167216694260135
path,-5.62870261017627,6.166671695718555
path,-5.630314526618088,6.166123928236929
path,-5.631924596589932,6.1655793736192885
path,-5.633534807524189,6.165034752708713
path,-5.635180814856945,6.164479985367225
path,-5.636829143757308,6.1639186963816535
path,-5.6384766780865325,6.163360607258449
path,-5.64012424636128,6.162802281371389
path,-5.641771839960032,6.162243754423599
path,-5.643458115534429,6.161674967926418
path,-5.645147883705931,6.16109889469462
path,-5.646837397057602,6.160523264717027
path,-5.648525831659683,6.159949765569092
path,-5.650214333991112,6.159375943705447
path,-5.651977898724149,6.158785275325138
path,-5.653745954390087,6.158185112516838
path,-5.655518548589654,6.1575754566300915
path,-5.657290382122446,6.1569673835036145
path,-5.659059605342137,6.156364613278714
path,-5.660892536653031,6.155745434380557
path,-5.662730622127327,6.1551153590161745
path,-5.664569064506215,6.15448450776422
path,-5.666405540314409,6.153857633146226
path,-5.668242112918087,6.153230372776029
path,-5.670136691767034,6.152588272504806
path,-5.672036321638666,6.151935419387761
path,-5.6739351044790824,6.151284293992463
path,-5.675833130210332,6.15063458576373
path,-5.677731260685008,6.149984509959509
path,-5.679710828986583,6.149314320891783
path,-5.681695843258845,6.14863385623642
path,-5.68368540704176,6.147943680789753
path,-5.685677302825201,6.1472404424447795
path,-5.687689407327249,6.146492861710565
path,-5.689524738877493,6.145905528735822
path,-5.6912562515542895,6.145325275785686
path,-5.69294647933219,6.144710096595196
path,-5.694600068708732,6.144064237599049
path,-5.696222265564227,6.143391792942681
path,-5.6978737833477515,6.14268234869668
path,-5.699537464169994,6.141963969253079
path,-5.701212043314903,6.141253958015689
path,-5.702892875192159,6.140548446437657
path,-5.704575102983205,6.139843586017971
path,-5.7062867246191376,6.139119318688492
path,-5.708009547945758,6.138393963387846
path,-5.709734960283029,6.137670034018092
path,-5.7114617889069565,6.13694724753116
path,-5.713187997522389,6.136222531781695
path,-5.714776528155729,6.135663321653737
path,-5.716310910311313,6.1351094325606
path,-5.7178175386751855,6.134531507309169
path,-5.719297243985347,6.133930621089336
path,-5.720761193251309,6.133316030317457
path,-5.722255709008187,6.132692999378398
path,-5.723755438719302,6.132064010370982
path,-5.725255222987669,6.131434520579176
path,-5.726755612285684,6.130805531549665
path,-5.7282557233242155,6.13017522448135
path,-5.729783627635442,6.129530810857242
path,-5.731318654593695,6.128886521732721
path,-5.732853722433221,6.128241944009634
path,-5.734389048492702,6.127596767296502
path,-5.735924494092532,6.126951116924101
path,-5.737491600954433,6.1262927621581085
path,-5.739064988084625,6.125631442293844
path,-5.7406385977119045,6.124970608359409
path,-5.74221261234033,6.124308625904691
path,-5.743787544133705,6.123647335109486
path,-5.745398685832552,6.12296320418664
path,-5.747023306559365,6.122279909200337
path,-5.748648466612473,6.121596432283418
path,-5.750274258974229,6.120912856810241
path,-5.7519009306357525,6.120229847101032
path,-5.7535630639675714,6.119525865560219
path,-5.755235708989041,6.118821598147063
path,-5.756909227520093,6.118117399267331
path,-5.75858296036474,6.117412714649004
path,-5.7602572621010335,6.116707841627771
path,-5.761800429280941,6.116176648895122
path,-5.763293675731204,6.115655360417108
path,-5.764766072890971,6.115115978685625
path,-5.766223414345106,6.114564269130714
path,-5.767664016042456,6.113997059169369
path,-5.769102886078775,6.11339772711843
path,-5.770540839124254,6.112791190027812
path,-5.771979701426864,6.112184929841132
path,-5.773418871994094,6.111578435004974
path,-5.774858211942639,6.110971593547661
path,-5.77631867045188,6.1103561324592315
path,-5.777779862053854,6.1097392527483825
path,-5.779241860093842,6.109122550609804
path,-5.780704203427018,6.108505634622274
path,-5.78216687708869,6.107888493523488
path,-5.783665406164448,6.1072542841024875
path,-5.785170484681494,6.106619075528985
path,-5.786675896435162,6.105983615773448
path,-5.78818102804246,6.105347383749211
path,-5.78968781072668,6.1047120200765175
path,-5.791218855904923,6.104065182765432
path,-5.792751185030024,6.103417087651045
path,-5.79428452749941,6.1027693031377
path,-5.795818377708185,6.1021213992094
path,-5.797351738960892,6.1014725270948516
path,-5.798918697720343,6.100810228787464
path,-5.800488938016255,6.100146198927027
path,-5.802059443009998,6.099481815921413
path,-5.803630740659553,6.098817533573733
path,-5.805201540034286,6.098152249495584
path,-5.806808170407544,6.097472207359949
path,-5.808419323799901,6.096790278873934
path,-5.810030632055634,6.0961078805207976
path,-5.8116426366458604,6.095425470344285
path,-5.813254351095186,6.0947422102109385
path,-5.814913053803638,6.094041118184089
path,-5.816577444534321,6.09333469299149
path,-5.818247758245086,6.09263268021841
path,-5.819920454791032,6.091932058515224
path,-5.82159456070624,6.09123199337575
path,-5.823310274163668,6.090510793907413
path,-5.825032526527297,6.089787639590539
path,-5.826757493509039,6.08906612233476
path,-5.828485459765749,6.088346489677994
path,-5.830216791210495,6.087629053263907
path,-5.831983968740171,6.086891223300613
path,-5.8337573963812615,6.08615244914763
path,-5.835535193510711,6.085416701346972
path,-5.837317320350204,6.0846839463003155
path,-5.839103777190841,6.083954181362039
path,-5.840936570348818,6.083198615046939
path,-5.842780564668705,6.08243861872426
path,-5.844629799184323,6.081682352937796
path,-5.846485161690001,6.080930580309598
path,-5.848345367299578,6.080182192742716
path,-5.850253108055895,6.079404466869427
path,-5.852174103861848,6.0786182162563875
path,-5.854103263978133,6.0778371302124246
path,-5.856041687720923,6.077063190198853
path,-5.857989378056582,6.076296393285914
path,-5.8599995348338485,6.075498660702361
path,-5.862038058546561,6.074682369259986
path,-5.864086330333046,6.073873560873297
path,-5.866145068287671,6.073072858290691
path,-5.868213817789201,6.07227986488479
path,-5.870111794100333,6.071706508826322
path,-5.871840806906521,6.071131060310058
path,-5.873564596556354,6.070551522111383
path,-5.875288241713069,6.069971213270134
path,-5.877016111341132,6.069393906058111
path,-5.878775345853602,6.068789585477613
path,-5.880550146028478,6.068187806644743
path,-5.882332025830922,6.067591477362143
path,-5.884114251754524,6.0669947582074695
path,-5.885896839931472,6.0663976651038185
path,-5.887714060404893,6.065771734320564
path,-5.889549492207218,6.065145892375451
path,-5.891393394509462,6.064526682470038
path,-5.8932378819857245,6.063907245377877
path,-5.895082550526086,6.063287236573543
path,-5.896956551358369,6.062644008290263
path,-5.898845400075444,6.0620060852860576
path,-5.90072983270465,6.061372151995696
path,-5.902504383500641,6.060752018933715
path,-5.904141463558619,6.060143058309437
path,-5.905777903653342,6.059487138321686
path,-5.90741972579726,6.058817476629839
path,-5.909066188690576,6.05813611781397
path,-5.910717183703181,6.05744359669988
path,-5.9123707748874,6.056744996091306
path,-5.914059617359193,6.056050458596196
path,-5.915750602003109,6.055350561803382
path,-5.917440684835953,6.054652840957559
path,-5.919130853807249,6.053954791721881
path,-5.920821113391607,6.053256417399588
path,-5.922569205659098,6.052540237667244
path,-5.924320458505247,6.051815867828622
path,-5.92607480291258,6.051083700408709
path,-5.927826254061911,6.050358823826163
path,-5.929577834078753,6.049633517466507
path,-5.931394670901942,6.048888503014687
path,-5.9332152503725215,6.04813374062684
path,-5.935039307555682,6.047370080529669
path,-5.936861153398306,6.046612140099395
path,-5.938681983048549,6.045856638138463
path,-5.9405773330047555,6.045080329782167
path,-5.942475557955153,6.044296301333075
path,-5.94437701062181,6.043503759502717
path,-5.946281901729283,6.042702384942712
path,-5.948193205373036,6.041889258245108
path,-5.950209702144662,6.040879126823862
path,-5.952324562188895,6.03963844656015
path,-5.954524251141353,6.038188153990466
path,-5.956731940125248,6.036680662749647
path,-5.9589490049119656,6.035167818083577
path,-5.960893743298842,6.033907826030568
path,-5.962755235511774,6.032647579360122
path,-5.964623954907431,6.0313820352377245
path,-5.9664130694624244,6.030180902560856
path,-5.96817959314201,6.028977322908008
path,-5.970022251084421,6.027723975618348
path,-5.971877786163508,6.026459851923758
path,-5.973742631829943,6.025190175600443
path,-5.975616173187997,6.023915287416629
path,-5.977498292623141,6.02263522785433
path,-5.979455135095054,6.021306358828153
path,-5.981424150893197,6.019966920931891
path,-5.983395516668518,6.018626082380157
path,-5.985352155458595,6.017294208389048
path,-5.987308870954684,6.0159623628943315
path,-5.98903377830117,6.014871863929702
path,-5.990656960633016,6.013775846681154
path,-5.99227445855669,6.012675091413566
path,-5.993892008557314,6.011574355943632
path,-5.995509609672976,6.010473641493655
path,-5.99717766138172,6.009339102006917
path,-5.998856437408784,6.008196967695417
path,-6.000541197012544,6.007051249596701
path,-6.002218978743989,6.005909812682355
path,-6.0038968112549425,6.0047684038182485
path,-6.005615264260507,6.003599640817398
path,-6.00734376994832,6.002424169010272
path,-6.009070036932663,6.001250113612415
path,-6.010794831565043,6.000077012850713
path,-6.012519677479167,5.9989039449123345
path,-6.014309544199036,5.9976881457950455
path,-6.016112046097165,5.996462214636768
path,-6.017923772917339,5.995230740294041
path,-6.019739966719001,5.993996593089714
path,-6.021545494021962,5.992768986661884
path,-6.02341447457275,5.991499674213523
path,-6.025296024261937,5.990220395471822
path,-6.02718687748291,5.988935524562012
path,-6.029078005338192,5.987650539488107
path,-6.03096215262365,5.986369872668641
path,-6.0329196757775385,5.985041613564055
path,-6.0348911648882915,5.9837014337358045
path,-6.036872194486348,5.982355528660153
path,-6.038862465037224,5.981004044018814
path,-6.040840548130245,5.9796600538880345
path,-6.042901860356224,5.978263330409477
path,-6.04497943823309,5.976851235698266
path,-6.047066939122176,5.975433201965401
path,-6.049163788141375,5.97400954037029
path,-6.0512692043123275,5.972580691145512
path,-6.053472258511275,5.971091770283071
path,-6.0556946303613275,5.9695824565375775
path,-6.057920390168002,5.968071169960246
path,-6.060141469146513,5.966562846406751
path,-6.062362631011692,5.965054583600596
path,-6.0647260824224185,5.963467644810184
path,-6.067124417902589,5.961837418644417
path,-6.0695331917768645,5.9602010535333605
path,-6.071952312283564,5.9585585565602885
path,-6.074381465615935,5.9569100711437
path,-6.07691098364767,5.955200070365957
path,-6.079459895511276,5.9534700448204205
path,-6.082018610974633,5.95173417748431
path,-6.084586779256286,5.949992635559195
path,-6.087164319376866,5.948245419942951
path,-6.089944684181724,5.946413204147514
path,-6.09280982562404,5.944468389223228
path,-6.095686716612025,5.9425155782689645
path,-6.098574084053606,5.940556638986534
path,-6.1014718399587125,5.938591566447622
path,-6.1040240967314165,5.936972567178334
path,-6.106369894173709,5.935491576113798
path,-6.108639354044156,5.9340708596407366
path,-6.110861365983832,5.932588154852001
path,-6.1130626227144225,5.931095592862339
path,-6.115407198293775,5.929525592804278
path,-6.117788789521726,5.927909227812243
path,-6.120181100060487,5.926286510794156
path,-6.122577313914311,5.924646715493152
path,-6.124979048272811,5.9229936640055625
path,-6.127532385544545,5.921258133636869
path,-6.13012535531822,5.919471860264117
path,-6.1327287454815025,5.917679438057017
path,-6.135342429995164,5.915880889572655
path,-6.137967689601202,5.914075861696272
path,-6.1402862462289765,5.912596231160065
path,-6.142404396108767,5.91119565326987
path,-6.144407223131795,5.909856828791909
path,-6.146392076515028,5.908490914234642
path,-6.148379178583779,5.907123730169948
path,-6.150469388032726,5.905693667949301
path,-6.152573705592721,5.904244330549412
path,-6.154680220104737,5.902793877530082
path,-6.156788742055433,5.9013424177169105
path,-6.158899356305531,5.899889893293796
path,-6.161133295773267,5.898365327094208
path,-6.163391244847181,5.896810204673719
path,-6.165655139262542,5.895251761932004
path,-6.167922003954801,5.893691825551623
path,-6.170191485096425,5.892130604159413
path,-6.1725426759745154,5.890517260102695
path,-6.1749060687125334,5.888891430279657
path,-6.1772754734197415,5.887262273193326
path,-6.179647926458253,5.885631607772157
path,-6.182022637975535,5.883999915058686
path,-6.184135896045049,5.882605294259826
path,-6.186170702924122,5.881213564317001
path,-6.188206806652504,5.879820894013156
path,-6.190244299594799,5.878427219769011
path,-6.192283279021606,5.877032474854811
path,-6.1944149443006875,5.875580421308019
path,-6.1965580515903405,5.874112403874914
path,-6.198703204971015,5.872643066531323
path,-6.200850478766052,5.871172353760996
path,-6.202999951665711,5.869700206939029
path,-6.205247946997041,5.868168172278136
path,-6.207509432265395,5.8666174330372405
path,-6.2097749854219195,5.865064206125401
path,-6.212043892135385,5.863508914312097
path,-6.214315488922691,5.861951964734422
path,-6.216729963641579,5.86031828456573
path,-6.219176388813347,5.858639084798097
path,-6.221625674967153,5.856958319112308
path,-6.224081385867832,5.855273733159058
path,-6.226543065339345,5.853585585979039
path,-6.229133752805667,5.851824942485652
path,-6.231751964728186,5.850028138555992
path,-6.234378662491345,5.848226323558803
path,-6.237011313698008,5.846421053829288
path,-6.239649568285425,5.844612518425192
path,-6.242469735142467,5.842726301649203
path,-6.245359978263637,5.840742728127615
path,-6.248258809811297,5.838753940277994
path,-6.2511656357641945,5.836760671581829
path,-6.254075390039713,5.834766084876393
path,-6.257218067010114,5.832695994169631
path,-6.260472157550357,5.8304772836275855
path,-6.263753676889667,5.8282260369482275
path,-6.267043680016293,5.825970531041228
path,-6.270342765239719,5.823710336026462
path,-6.273308034105568,5.821819068593658
path,-6.276050877846876,5.819958671841455
path,-6.278783725954175,5.818094667559915
path,-6.281501204209579,5.816240265006122
path,-6.284213449213974,5.814389131967179
path,-6.286607240098894,5.812888845198664
path,-6.288787213033642,5.811416572735319
path,-6.290951611070254,5.809945237038935
path,-6.293101729971107,5.808498767560276
path,-6.295085813266082,5.807167350146772
path,-6.297147947726187,5.805766337257148
path,-6.299232219188245,5.804339742207429
path,-6.301328759451922,5.802914771110092
path,-6.303402683792372,5.801667406443036
path,-6.305408066158864,5.800714556023766
path,-6.307534608784887,5.799979965086846
path,-6.309686039530228,5.79943227500443
path,-6.311820302884939,5.799093425151746
path,-6.31400618553088,5.7989411280040715
path,-6.316242841401425,5.798972339653493
path,-6.318616407197362,5.799073523992481
path,-6.320997764641173,5.799162602222382
path,-6.323375543658355,5.799257320773336
path,-6.325752905794619,5.799350321903837
path,-6.328129855937639,5.799441588290245
path,-6.330583643750897,5.799535279402759
path,-6.33303967548628,5.7996225929093965
path,-6.335494130732415,5.799710725639132
path,-6.337948206722333,5.79979687164304
path,-6.340401904732121,5.799881033070899
path,-6.3429536756799685,5.799968805989357
path,-6.345514999048094,5.800047177291842
path,-6.3480737980305415,5.800128422730096
path,-6.3506322043903,5.800207526831833
path,-6.353190217673505,5.800284490061075
path,-6.355890564754002,5.800368086679217
path,-6.358600822012803,5.800438159387888
path,-6.361309404312212,5.800508696524636
path,-6.364015841453258,5.800580838210076
path,-6.366721979535562,5.800650219809617
path,-6.369539608947842,5.800726875528702
path,-6.372364975138104,5.800790785293632
path,-6.375191790311073,5.8008474118999755
path,-6.378000328351592,5.800863036174706
path,-6.380793008464923,5.800806768452161
path,-6.383734489286681,5.80073775872352
path,-6.386701440061928,5.800674974640862
path,-6.389674010171992,5.800583776552763
path,-6.392646450474302,5.800476013020575
path,-6.39561083924057,5.800407921017168
path,-6.398821854667457,5.800349414429102
path,-6.4020548318213235,5.800273087832327
path,-6.405290528204103,5.800176216424913
path,-6.40852969591603,5.800051707309493
path,-6.41175730409941,5.7999726829723945
path,-6.415197185715619,5.799907020531657
path,-6.418659451460174,5.799835579404951
path,-6.422124677941196,5.799736160958099
path,-6.425584807994605,5.799643341477362
path,-6.429042203654682,5.799554702025937
path,-6.4323351730944855,5.799469146648101
path,-6.4353607055529976,5.799365638019611
path,-6.4381401874548985,5.799309479307431
path,-6.4407148930756515,5.79924682362228
path,-6.443202388332295,5.79918389190211
path,-6.445838575679621,5.799141431805684
path,-6.448488743787445,5.799068146493561
path,-6.451138316532509,5.798974838383448
path,-6.453792222989769,5.79892375735074
path,-6.456437975564592,5.798849731153805
path,-6.459199539708112,5.798779132923284
path,-6.46197428577547,5.798703597161829
path,-6.464742756704163,5.79863211139414
path,-6.4675132944282,5.7985622501538705
path,-6.470286174729417,5.7984919290765395
path,-6.472904305450537,5.798419217541776
path,-6.4752648162553,5.79835544719316
path,-6.477435038300456,5.798294892179558
path,-6.479581997087781,5.798240818890204
path,-6.4817283259147995,5.798182903376833
path,-6.4839670536012965,5.7981303241338
path,-6.48620529261888,5.798068331415505
path,-6.488443211936153,5.798011376535052
path,-6.490680853562972,5.797950790405144
path,-6.492918396935985,5.7978918072926735
path,-6.495239623685588,5.797836043008725
path,-6.497559583701165,5.7977720864736835
path,-6.499880124170645,5.797712610349118
path,-6.502200271752227,5.797653758753805
path,-6.504520174804453,5.797592012303986
path,-6.506950191330252,5.797533152518383
path,-6.5093868027973585,5.797467578496865
path,-6.511820892644984,5.797403277327957
path,-6.514254834842323,5.797339321846164
path,-6.516688404840241,5.797278180116239
path,-6.519202378241349,5.797208321914022
path,-6.521763162716954,5.797150249134852
path,-6.524408087790556,5.79708738205416
path,-6.527163435004997,5.797028891139345
path,-6.5300803624065535,5.796984959436329
path,-6.533359862076635,5.796891553080115
path,-6.536818439209187,5.796769688229013
path,-6.5401354571176125,5.796665647568898
path,-6.5432765538649615,5.796492123555883
path,-6.546245287110923,5.796255790634815
path,-6.549155781650544,5.795926179070786
path,-6.552054522866262,5.79557794635014
path,-6.5548491830897735,5.7953871981871785
path,-6.5576391622852235,5.795307142368606
path,-6.560431089927269,5.795232906006519
path,-6.56344175696344,5.795148252962119
path,-6.5664907066122495,5.795043046893707
path,-6.569532689751732,5.794949160559121
path,-6.572573339089353,5.794856591975017
path,-6.5756134542523945,5.794761134612802
path,-6.578472981559162,5.794635190054687
path,-6.581036786321531,5.794526721416163
path,-6.583407372619144,5.79443778637716
path,-6.585692383936977,5.794357214632065
path,-6.587977090776702,5.794275018884677
path,-6.590355239730452,5.7941843308268535
path,-6.592733844800563,5.794095232085946
path,-6.595112268897581,5.794004390739671
path,-6.597490362939388,5.793911791303767
path,-6.59986812254455,5.793817435476316
path,-6.602368238278539,5.793713658656946
path,-6.60487163119416,5.793608721572418
path,-6.607373972374832,5.793503601171616
path,-6.6098759520996975,5.793396537647639
path,-6.612377566336636,5.7932875332554685
path,-6.614998082668015,5.793167274708463
path,-6.6176201918436774,5.793048781605935
path,-6.620241891061532,5.792928161103258
path,-6.622863177703387,5.792805415584786
path,-6.625484050443791,5.79268054720468
path,-6.628264479341545,5.792541797788505
path,-6.631061819909942,5.792398021250836
path,-6.633856903808382,5.7922574897844905
path,-6.6366515416157,5.79211455546433
path,-6.639445729037325,5.791969220545697
path,-6.642340721543555,5.791813842531185
path,-6.64523605635007,5.79165810018953
path,-6.648130900111108,5.791499785113892
path,-6.651035805808251,5.791342620801158
path,-6.654016181641597,5.791182737184645
path,-6.657275491061713,5.791018617728297
path,-6.6606273205287465,5.790870323614357
path,-6.664016476093361,5.790720426557716
path,-6.667426600058224,5.790565661387095
path,-6.670838075045469,5.790398653635185
path,-6.673995373130549,5.790181206528699
path,-6.676857552151833,5.789988013814968
path,-6.679542282112524,5.7898552142531265
path,-6.682107856076784,5.789723671455528
path,-6.68466908559273,5.789589753182985
path,-6.687387257167134,5.78944670594053
path,-6.69012572690498,5.789304642033828
path,-6.692865447489403,5.78915173457331
path,-6.695606310360269,5.788988373258921
path,-6.698348153380763,5.7888151647064445
path,-6.701223336863535,5.788638564044667
path,-6.704104086011838,5.788466731081271
path,-6.7069840163338705,5.788291744523377
path,-6.709863129709905,5.78811360990644
path,-6.712741427572829,5.787932332638196
path,-6.7157162969551205,5.787745237565343
path,-6.7186942421487545,5.7875500256203285
path,-6.72167259283825,5.787346234741242
path,-6.724648555918117,5.787145240361087
path,-6.727623646279661,5.78694090696537
path,-6.730800703356074,5.786719471264551
path,-6.734010508159047,5.786506216422474
path,-6.737220932105285,5.786282585129939
path,-6.740431930251609,5.786048684507125
path,-6.743643394522995,5.78580488701506
path,-6.747072880430801,5.785540189132788
path,-6.750530018535954,5.785283199092646
path,-6.753987402632601,5.785015909792881
path,-6.75744496001116,5.784738560203771
path,-6.7609025834967005,5.784451538124079
path,-6.76466373011089,5.784120776871006
path,-6.768513346189386,5.783821554397249
path,-6.772380771356029,5.78351556946082
path,-6.776278183991265,5.783084555951516
path,-6.780469394540424,5.782649883431311
path,-6.7853290834945295,5.782267749296915
path,-6.7904514918049745,5.781972956315252
path,-6.795680949675512,5.7817767049494355
path,-6.801016424446271,5.781681178536596
path,-6.806461398836306,5.7816825633726925
path,-6.811464005676491,5.781756854028376
path,-6.816038042227524,5.781746701705623
path,-6.820431854374617,5.7817802792911195
path,-6.824709513036343,5.781898565722538
path,-6.828873201968418,5.782063131295506
path,-6.833216707498935,5.7822699689390795
path,-6.837651924451077,5.782470280875762
path,-6.841923858186818,5.782639425097565
path,-6.8461056373162625,5.782812364504835
path,-6.850319845459688,5.782995045873914
path,-6.854864616505398,5.783202133862934
path,-6.859572461484305,5.783390007889713
path,-6.864282719506647,5.783573009263695
path,-6.868993130869499,5.783750540625627
path,-6.873703679266568,5.7839226011811595
path,-6.878082555211899,5.783939515753807
path,-6.882178450857475,5.783875490442784
path,-6.885993690000342,5.783884920830517
path,-6.889622179622753,5.783960717117796
path,-6.89320186512435,5.784078453555683
path,-6.8969622757604565,5.784208596898859
path,-6.900773421449831,5.784341123037413
path,-6.904638544102622,5.784436921856219
path,-6.908513248598674,5.784568891069723
path,-6.912402861136812,5.784698911269843
path,-6.916821025325136,5.784751748670988
path,-6.921348604179884,5.784743305456461
path,-6.925872090036725,5.784719988201846
path,-6.930391457032729,5.7846816618831545
path,-6.934907466982526,5.784631058719164
path,-6.939720128002817,5.784569561022518
path,-6.9445779764010185,5.784500364956993
path,-6.949433790375888,5.7844236793170065
path,-6.954287558541514,5.784339505967429
path,-6.95913927513048,5.784247849726614
path,-6.964380661889123,5.784139305906381
path,-6.9697315286569275,5.78402071509726
path,-6.975079842158237,5.78389301305599
path,-6.980425588746413,5.783756210070701
path,-6.985768733099635,5.783610313711333
path,-6.991616690380884,5.783436291886972
path,-6.997856235985822,5.78324309418545
path,-7.0040921725823555,5.7830375051173935
path,-7.010271575216374,5.782834001201844
path,-7.016500019030136,5.782603584088446
path,-7.023221390296449,5.782339643355249
path,-7.03026063193057,5.781967373296146
path,-7.037149466715284,5.7815514042066445
path,-7.044038123682067,5.781122070280899
path,-7.050926222278971,5.780678245807923
path,-7.0575592438186785,5.780157775839188
path,-7.063925126284375,5.779707035991986
path,-7.070238746872161,5.779261626124537
path,-7.076551752889913,5.778803965233295
path,-7.082864109436873,5.778334038979124
path,-7.088916117652342,5.777794176533265
path,-7.094684860457003,5.777326510715261
path,-7.100443713052084,5.777006195666154
path,-7.106201971520458,5.776702395755604
path,-7.111959823055232,5.776388920573464
path,-7.118192654967184,5.776153030730375
path,-7.12500060331741,5.775774866568095
path,-7.131887500688213,5.775361880909639
path,-7.138773737447583,5.774935040556652
path,-7.145659287479943,5.774494334487511
path,-7.153041173997849,5.7741612831443385
path,-7.161079420126677,5.7736783283483915
path,-7.169455778292181,5.773087680856804
path,-7.1778309919278875,5.772476425150629
path,-7.186204949349817,5.771844550323009
path,-7.19394658033386,5.771353734228855
path,-7.200891446147584,5.7708266574769995
path,-7.207351620577387,5.7700737631404
path,-7.213469344666569,5.769408868647396
path,-7.219259884947525,5.768883443396273
path,-7.225438865963116,5.768489664891029
path,-7.232276008381638,5.76795190898656
path,-7.23958279638785,5.767283157254547
path,-7.246915441661545,5.76659176609646
path,-7.254246796844358,5.765884354038531
path,-7.262056635959803,5.765236731930542
path,-7.270508873996419,5.764432558568936
path,-7.2793095328879405,5.763521669713435
path,-7.288110748950503,5.762586924439278
path,-7.2969098098285015,5.7616289244206
path,-7.305730539373796,5.760644948314321
path,-7.314548977064678,5.75963753008828
path,-7.323375280854366,5.758608328721397
path,-7.3322185306413985,5.757631643072771
path,-7.34105967232336,5.756631960588996
path,-7.349239487201857,5.755770539476449
path,-7.3564167034878745,5.755238341178292
path,-7.362866012921188,5.754602139567079
path,-7.368794585579141,5.753739417008298
path,-7.374242464282759,5.752803922596323
path,-7.379923679559392,5.751999772684596
path,-7.386222323611892,5.751200561131819
path,-7.392637223547781,5.750364317691445
path,-7.399050701914342,5.749515890577151
path,-7.405462773314232,5.748655255975953
path,-7.412310685154603,5.747787272916611
path,-7.419760278233463,5.746781866472632
path,-7.427547499674009,5.745688589954793
path,-7.435336850137662,5.74457627608918
path,-7.443132412043304,5.743444839831595
path,-7.450328968892841,5.742413982880235
path,-7.456903380589444,5.741324567751563
path,-7.463035515978471,5.740239573967758
path,-7.468803955166865,5.739298347439926
path,-7.4744403236391905,5.738420088520085
path,-7.480515567709576,5.737505269414477
path,-7.487127113696302,5.736478189367769
path,-7.4942020028842835,5.735339809807179
path,-7.50133898646344,5.734173493712352
path,-7.508473678832512,5.732991723556654
path,-7.516080568237318,5.731759810503789
path,-7.524324226707016,5.7303858550606925
path,-7.533127157251978,5.728882914469172
path,-7.542462667046732,5.727251082689349
path,-7.5520117828922055,5.725539324231149
path,-7.56161309630308,5.723761002006994
path,-7.571212756829677,5.721931820784358
path,-7.580898315010686,5.72002775926452
path,-7.590605179368904,5.7181255194027205
path,-7.600290233247051,5.716196722102901
path,-7.609364945949861,5.714525506435295
path,-7.617538770976594,5.713320146497826
path,-7.624947895658251,5.712389606737087
path,-7.631781708363329,5.711296833111301
path,-7.638040908529099,5.709873049788758
path,-7.643562988903174,5.708613504906218
path,-7.648388047190242,5.707530807858001
path,-7.652734600748601,5.70630939443902
path,-7.656808956622035,5.705091483293364
path,-7.6607328220810755,5.703990599879368
path,-7.664646660978731,5.7029866317005835
path,-7.668588394068687,5.70203832661836
path,-7.672558995896598,5.701141293812167
path,-7.676543765507455,5.7002866276131305
path,-7.680532570816351,5.699443577643492
path,-7.6840868534021185,5.698605538351267
path,-7.6872917460103665,5.6976403976578
path,-7.690291261295273,5.6967483963959
path,-7.693198294410561,5.695965566487897
path,-7.696046651442423,5.695283651428905
path,-7.699032037749192,5.694567757405121
path,-7.702045988541312,5.693882489761442
path,-7.705070751086449,5.693219937559096
path,-7.708093090306246,5.692555464131859
path,-7.711112780795233,5.691888632075191
path,-7.714209380461616,5.691193902921051
path,-7.717308508559735,5.6905033868083015
path,-7.72040484419797,5.689810400072154
path,-7.723498348122376,5.689114972047931
path,-7.726589065816664,5.688417078944594
path,-7.729831120627902,5.6876474683959435
path,-7.733097603221739,5.686893211071139
path,-7.7363653952613864,5.686145210020595
path,-7.739630021655613,5.685394483431484
path,-7.74289148435371,5.684641049779287
path,-7.7463018613211965,5.683815139879407
path,-7.749732812958484,5.682998964452006
path,-7.753166925733888,5.682193888876984
path,-7.756597702430435,5.681386300123593
path,-7.760024931840163,5.680575734238128
path,-7.763613243857665,5.679674147725179
path,-7.76721162368658,5.678767545017172
path,-7.7708108354569685,5.677871849055004
path,-7.774411426272478,5.676984797109962
path,-7.778023650878094,5.676094757726356
path,-7.781814268607136,5.675093595657442
path,-7.785909153686852,5.67405442694923
path,-7.790103665738237,5.672979768108354
path,-7.79430194372518,5.671899374434282
path,-7.798497424506665,5.670813437687923
path,-7.802474660915913,5.669727523887823
path,-7.806155726274295,5.6686680919201375
path,-7.809662560165984,5.667723763152835
path,-7.813152220015883,5.66680148994512
path,-7.81663985466729,5.665875406166064
path,-7.820364145945313,5.664881786410637
path,-7.824122695666667,5.663873935111302
path,-7.827878869053472,5.662861655182154
path,-7.831632632183307,5.661844954764141
path,-7.835384030284174,5.660823833741964
path,-7.839223392060811,5.65975197653171
path,-7.842866828735024,5.658586467832797
path,-7.846416356339693,5.6572922572468425
path,-7.849871700114212,5.655871426374573
path,-7.853235110212278,5.654332486831908
path,-7.856538940239363,5.652656493810807
path,-7.859780707117098,5.650907413852636
path,-7.863165029862576,5.649290179000272
path,-7.866573831253136,5.647709644943094
path,-7.869982356744936,5.646126321674379
path,-7.873499895146609,5.644442717997336
path,-7.877052062376539,5.64271019053455
path,-7.880632773916921,5.640934361167928
path,-7.884242508653595,5.639124581400087
path,-7.887877392372809,5.637307192746959
path,-7.891641495660352,5.635374048197585
path,-7.895450932451294,5.63336957019538
path,-7.899309416065911,5.63130522483618
path,-7.903239538227411,5.62922039802017
path,-7.907242113557644,5.627140871667161
path,-7.9114632041690625,5.624936468087538
path,-7.91575052393482,5.622644829692058
path,-7.92010219311232,5.620302625288851
path,-7.9245065782404245,5.617908751343605
path,-7.9289902468196285,5.6155377667829205
path,-7.933332742422524,5.613310541564456
path,-7.93746495670898,5.611163009600645
path,-7.9414917602237995,5.608939125386177
path,-7.945402497800902,5.606747561174796
path,-7.949266037271858,5.604684350112806
path,-7.952708088589033,5.602975826886995
path,-7.9557662279191135,5.601399887285184
path,-7.958594534855824,5.599806376264087
path,-7.961239782195834,5.598193778520491
path,-7.963904517560915,5.59669275582126
path,-7.966904443529517,5.595547476299526
path,-7.970236588010637,5.594583495218578
path,-7.973605773991382,5.5936291254497315
path,-7.976975758377915,5.592669734607447
path,-7.980336628184774,5.591699933117671
path,-7.9838051919231665,5.590676874104714
path,-7.987374030120027,5.589613216223573
path,-7.990942220136889,5.5885439943375985
path,-7.994505547934534,5.587473623589361
path,-7.9980659234321365,5.586422171857915
path,-8.001456746074881,5.585403697892469
path,-8.004605322979753,5.584445167495704
path,-8.007676344464764,5.583536566912527
path,-8.010709622915568,5.5826609357011705
path,-8.013746458008283,5.581789925798044
path,-8.01683067706645,5.580954533928222
path,-8.020007596468716,5.580122012888592
path,-8.02324524900156,5.579245309881538
path,-8.026471819620845,5.578390028448797
path,-8.029748730667334,5.5774721990620195
path,-8.03301534482496,5.576606159862558
path,-8.03643863112641,5.575705883479116
path,-8.039905538153207,5.574756622785766
path,-8.04338128894663,5.573794652267614
path,-8.04686594773164,5.57282282689735
path,-8.050406626897677,5.571870969564757
path,-8.053991401730517,5.570894291934502
path,-8.057617026283689,5.569885762351284
path,-8.061214448263836,5.568895168124078
path,-8.064809717511825,5.567899791936423
path,-8.068573394522929,5.566875662709944
path,-8.072398111036334,5.565822517640165
path,-8.076215356847749,5.564761958940044
path,-8.08003700376552,5.563696799819587
path,-8.083862116760322,5.562638317683793
path,-8.087800260229015,5.561561594089564
path,-8.091904862265112,5.5604174461267695
path,-8.096038962730262,5.55926316844948
path,-8.100186820332643,5.558108234067839
path,-8.104344724235466,5.556928742514428
path,-8.108604808218125,5.555732764833614
path,-8.112896667916353,5.554670228572267
path,-8.117257931318086,5.553628085290445
path,-8.121600847798854,5.552637594156309
path,-8.125926414190927,5.551534638484279
path,-8.130348974003073,5.550544238402323
path,-8.135026770143496,5.5495233617587685
path,-8.139812157725093,5.548442527898982
path,-8.144615691759165,5.547260872060423
path,-8.149467646182542,5.546111334992913
path,-8.154133852188137,5.54490616877
path,-8.158533970518569,5.543716255613063
path,-8.162737065151756,5.542566365376272
path,-8.166919635066519,5.541474207422923
path,-8.171063166118866,5.540454775172845
path,-8.175405748709021,5.539407079162765
path,-8.179954676304215,5.538343143214361
path,-8.184550901108526,5.537153322104804
path,-8.18919544621459,5.536009750667239
path,-8.193805291858217,5.534796721655102
path,-8.19855475390444,5.5336519810700295
path,-8.203402669210595,5.532423954943672
path,-8.208294911078957,5.531166422394291
path,-8.21318958581022,5.529831710488421
path,-8.218098226813495,5.528541347664129
path,-8.22309732016256,5.527159015251127
path,-8.228312527790957,5.525823445807813
path,-8.233677482267924,5.524384822314029
path,-8.239113903924771,5.52298981551427
path,-8.244568109028306,5.521459658306065
path,-8.249646677221325,5.519940987696263
path,-8.254036854372854,5.518317745192799
path,-8.258091759381134,5.5167820226737865
path,-8.261986511003748,5.515343807614667
path,-8.265746482844873,5.514012370874407
path,-8.269383231967206,5.512722928353262
path,-8.272940064563366,5.511481499890548
path,-8.276437878198003,5.510260011112264
path,-8.279883245636237,5.5090486248412605
path,-8.283299902813663,5.507876973329165
path,-8.286718186712006,5.506710951941742
path,-8.290144052242365,5.505570434194099
path,-8.293562065017703,5.5044737729848405
path,-8.296962439760035,5.503397127424043
path,-8.30033351101451,5.5023385610797915
path,-8.303705834472842,5.501300301948394
path,-8.307126286155839,5.5002242473610545
path,-8.31058278658177,5.4991078515459755
path,-8.314046473379701,5.498012335160985
path,-8.317517380006432,5.4968962200364775
path,-8.3209254550393,5.495790026540307
path,-8.324331254919233,5.494696516797401
path,-8.327740282217782,5.4935694497387235
path,-8.33109801840619,5.492419699391003
path,-8.33444733554343,5.491306728419344
path,-8.337843011203143,5.490241189046568
path,-8.341241863222272,5.489191396121145
path,-8.344636614328401,5.488155387341983
path,-8.348016855948158,5.487109027806088
path,-8.351399846809178,5.486064324189228
path,-8.354836278719686,5.485062073406728
path,-8.35829855508023,5.484069910898611
path,-8.361765346809003,5.483078298775984
path,-8.365229492630593,5.482098280749035
path,-8.368680820842094,5.481100009929655
path,-8.372190257934962,5.480125061129957
path,-8.375726387071362,5.479151709324597
path,-8.379275552136678,5.478156421131436
path,-8.382834854484441,5.47713726952367
path,-8.386404809783297,5.476122161929756
path,-8.389629168850153,5.475104393810047
path,-8.392521611458822,5.474127687654343
path,-8.39523078510567,5.473112484321933
path,-8.397908883068515,5.472089900595302
path,-8.400570217324368,5.471068042957488
path,-8.4030023260705,5.470120218641647
path,-8.40534081123419,5.469230035015604
path,-8.407656445936622,5.468342387391669
path,-8.409958248298423,5.4674633530492285
path,-8.412254938790744,5.4665952496689645
path,-8.41449853233386,5.465735363966098
path,-8.416730613717746,5.464884943601192
path,-8.418949405758054,5.4640380556269115
path,-8.421162265613688,5.463201264374263
path,-8.423372688757711,5.462368022434716
path,-8.425566659695871,5.461529606359399
path,-8.427755206507154,5.4606887700894156
path,-8.429946691113209,5.459850147752305
path,-8.432132518324075,5.459011526698182
path,-8.434318092169095,5.458182884478457
path,-8.436630632228262,5.457409831346671
path,-8.439133576043083,5.4567189194656605
path,-8.44175538579554,5.456017588826796
path,-8.44442854764559,5.4552769906613925
path,-8.447129807384474,5.454493108061482
path,-8.449810318477471,5.4536598103349805
path,-8.452502277433824,5.452801661554745
path,-8.455219675771893,5.451922597308429
path,-8.457950250824183,5.451026638664758
path,-8.460695734133427,5.450106813675348
path,-8.46342910066978,5.449147815491607
path,-8.466177268998376,5.448167497228389
path,-8.46894718591211,5.447172861819771
path,-8.471727871065838,5.4461672311645035
path,-8.474521123519652,5.445144730468194
path,-8.477289369276425,5.444086355676459
path,-8.480078271911912,5.443020759432929
path,-8.482871484634108,5.441957287386224
path,-8.485669402313071,5.440882325787885
path,-8.488475176236957,5.439794426353297
path,-8.491257064379864,5.438693208796905
path,-8.494044335011925,5.437594758806717
path,-8.496827059870682,5.436495011181686
path,-8.499605033787478,5.435390145776155
path,-8.502384811679425,5.434290863732483
path,-8.505133554330166,5.433207059102832
path,-8.507866289245978,5.432120228962993
path,-8.510592613585937,5.431036638748843
path,-8.513312406130876,5.429952524857264
path,-8.51603085996568,5.428873969073151
path,-8.51870780435614,5.427820031841575
path,-8.52136380027789,5.4267607768344694
path,-8.524014160464986,5.425706641505772
path,-8.526659452723903,5.4246574161259264
path,-8.529304210118454,5.423611911337845
path,-8.53190353608408,5.4225803878821015
path,-8.534491469070344,5.421547169371647
path,-8.537077619165505,5.420513741371945
path,-8.539657913239623,5.4194848941939595
path,-8.54223358725355,5.418455910946846
path,-8.544755933817818,5.417451459005782
path,-8.547227209097043,5.416474165223928
path,-8.549640229754496,5.4154929182160725
path,-8.551980430890891,5.414543456734141
path,-8.55423492960745,5.413632970389849
path,-8.556393823668824,5.412786227636616
path,-8.558524534672834,5.412047961214191
path,-8.560650037074511,5.4113842692184395
path,-8.56277460996771,5.410743477637469
path,-8.564898291301672,5.410122186258012
path,-8.566980262247961,5.409498343315458
path,-8.569047519686267,5.408884315838666
path,-8.571106996508753,5.408285453178922
path,-8.573161027771027,5.407702693544204
path,-8.57520655708421,5.407132899509731
path,-8.57722638501671,5.4065604027624
path,-8.579241725479347,5.406000944497467
path,-8.581252801732022,5.405449982730437
path,-8.583260396247512,5.404902182450423
path,-8.585264143503961,5.404359324705975
path,-8.587247521065386,5.403810462999816
path,-8.589226302712213,5.403267598013402
path,-8.591204424353691,5.402728624092923
path,-8.59318122178266,5.402188781000084
path,-8.595159152550238,5.401648569959036
path,-8.597389359806566,5.401141456888719
path,-8.599852856159393,5.400636568957775
path,-8.602360437445132,5.400082402645575
path,-8.604877786084796,5.399487279597247
path,-8.607407884223697,5.398870686072599
path,-8.609920432152773,5.398201691431671
path,-8.612422592847508,5.397521434237434
path,-8.614925538798184,5.3968444661157555
path,-8.617421235647932,5.396176249809861
path,-8.6199074291016,5.395522668637226
path,-8.622315506658701,5.394843709161036
path,-8.62470639258601,5.394171477196659
path,-8.627092630032717,5.393511055359929
path,-8.629462318664004,5.392858978952702
path,-8.631833127732257,5.3922131184070246
path,-8.634169079787046,5.39155719054595
path,-8.636491520896802,5.3909189035415785
path,-8.63880344235916,5.3902929886984206
path,-8.641117076806255,5.3896664655456465
path,-8.643450534733768,5.388983141250551
path,-8.645828447335964,5.388206216777865
path,-8.64824544500523,5.3873873146287785
path,-8.650668764159537,5.386556532079038
path,-8.653092361560374,5.385722512107278
path,-8.655507263949104,5.384886069080173
path,-8.657860997546766,5.384054416583601
path,-8.660212920566511,5.383230174737089
path,-8.662564302201314,5.382409771680393
path,-8.664901720891978,5.381612689707064
path,-8.667233940764161,5.3808180049239045
path,-8.669517559254306,5.380031490694267
path,-8.671789185871432,5.379258996116683
path,-8.674053771493321,5.378502225688691
path,-8.676311061985016,5.377755259971599
path,-8.678566514979154,5.377013914300567
path,-8.680759699763094,5.376275321215062
path,-8.682947904905488,5.375544866286976
path,-8.685130665504598,5.374825478069168
path,-8.687311224710614,5.374116616844149
path,-8.689484360663158,5.373412021305917
path,-8.691949090807027,5.372634426935095
path,-8.69473727382687,5.371729905302502
path,-8.69765923547747,5.370802946043554
path,-8.700703288796763,5.369885676761514
path,-8.703868350294705,5.368982683417092
path,-8.707439908832285,5.368045538128969
path,-8.711456180648806,5.3669536143057375
path,-8.715844237153052,5.365727233750703
path,-8.720371061952875,5.364413716164201
path,-8.725042769924224,5.363120594530046
path,-8.729710168776363,5.361786552488731
path,-8.734404961098782,5.360432632185431
path,-8.739136490430395,5.3590696139983125
path,-8.743883041952424,5.357663929978698
path,-8.748688561853,5.356212715400489
path,-8.753286505993294,5.354691654162411
path,-8.757793280931194,5.353146583651819
path,-8.762336594786648,5.351628491901716
path,-8.766854228187494,5.350116474767637
path,-8.771357520949358,5.348585910687139
path,-8.775635534003017,5.34703794021115
path,-8.779813830735204,5.34549019819554
path,-8.784025781655854,5.343964024719828
path,-8.788204881004663,5.342434456798791
path,-8.792407048787855,5.340918096010509
path,-8.796956596802858,5.339378607345772
path,-8.801914317085053,5.337678178180413
path,-8.807252353906138,5.33584823862978
path,-8.812712624298058,5.333959341368144
path,-8.81828408281993,5.332069889491694
path,-8.824165104798528,5.330113800021898
path,-8.830334651532253,5.3280221814867454
path,-8.836625235931796,5.325930960242806
path,-8.842974753215147,5.3238003103681715
path,-8.849415073398523,5.3216556327351014
path,-8.855773611477085,5.3194229837886
path,-8.862003044713628,5.317062807644645
path,-8.86825500278261,5.314703555374604
path,-8.874467640204921,5.312319804343234
path,-8.880620489879945,5.309888980316568
path,-8.886463510619496,5.307440087130146
path,-8.891937953765858,5.305015301766705
path,-8.897348512786682,5.302576503894786
path,-8.902808964719497,5.300144234427417
path,-8.908253996148364,5.297689735672587
path,-8.913540716586324,5.295242405143391
path,-8.918767340836544,5.29277585734684
path,-8.923951687241244,5.290292207222997
path,-8.929177747828716,5.287825807494423
path,-8.934380440463594,5.285327344208941
path,-8.939350242901666,5.28291518548925
path,-8.944167560737688,5.280572534058683
path,-8.948949810891763,5.278217654315323
path,-8.953766901906395,5.275899526859973
path,-8.958161135819509,5.273598066996508
path,-8.962112642509474,5.271413700913111
path,-8.96588941022545,5.269378837305823
path,-8.969619090286677,5.267368930326884
path,-8.973358204501853,5.265408274678654
path,-8.977064468379266,5.263463182632762
path,-8.980634982259287,5.261539976582276
path,-8.984160723566774,5.259646308813396
path,-8.987686987142657,5.257793816064091
path,-8.991205618106871,5.255965242468624
path,-8.994714681516836,5.254174251010356
path,-8.998427357784546,5.252481002198934
path,-9.002498005355527,5.250930854708843
path,-9.00665714364185,5.249441550645471
path,-9.010878583362423,5.2480068065400225
path,-9.015120650851584,5.246612736055427
path,-9.019743512756884,5.24526296815949
path,-9.025001544138023,5.243994961003002
path,-9.030844781643223,5.242749470231058
path,-9.037243994398269,5.241475964562908
path,-9.043922955683424,5.240068173914343
path,-9.050211670678626,5.238200693251736
path,-9.056053730488797,5.235590030637903
path,-9.061784936062654,5.232714137134477
path,-9.067472632394516,5.2298335475895446
path,-9.07316660246634,5.227130182984452
path,-9.078624395371966,5.224580558249068
path,-9.083665794517561,5.222206321460141
path,-9.087937083862403,5.220050826832593
path,-9.091785522606658,5.217936069937829
path,-9.095680198692756,5.215782776323166
path,-9.09923762565295,5.213854564842472
path,-9.102371327176611,5.212093365718559
path,-9.105426662988302,5.210504211243434
path,-9.108498615039164,5.208929816463745
path,-9.111599384921801,5.207347455098016
path,-9.114553087653983,5.205828705894182
path,-9.117476096619772,5.204335160217683
path,-9.120395681707192,5.2028407790386355
path,-9.123311842636983,5.201345572128805
path,-9.126224601979331,5.199849528912033
path,-9.128974684521504,5.198416619075207
path,-9.131697517547055,5.197013132272333
path,-9.134417315960311,5.195608981173769
path,-9.137134099184987,5.194204159774116
path,-9.139847861443434,5.192798672864201
path,-9.142450977041019,5.191440059735502
path,-9.145040482450074,5.190094903707342
path,-9.14762727988829,5.188749110181313
path,-9.150211372710608,5.187402682208673
path,-9.152792770616703,5.186055619863659
path,-9.15522091025936,5.184770642268126
path,-9.157619065242399,5.183515445646443
path,-9.159976653678784,5.182276336309301
path,-9.162256104491865,5.181009227759987
path,-9.164529816150443,5.1797330151804095
path,-9.166714268770882,5.178488312640207
path,-9.168867339024263,5.177221515202967
path,-9.171004061506126,5.175939461662396
path,-9.173123330935239,5.174641695050368
path,-9.175217881461862,5.173323771123349
path,-9.17722304927667,5.172040583980005
path,-9.17920382852067,5.170741126726793
path,-9.181171817411139,5.169429141989131
path,-9.183120108368879,5.168100587333768
path,-9.185044093782569,5.1667525920848485
path,-9.186901488402231,5.1654241251026605
path,-9.188743679693482,5.164082968569426
path,-9.190571425891198,5.162728856800952
path,-9.192377321591795,5.161357204450573
path,-9.19416024200113,5.159967328014112
path,-9.19587228717338,5.158618971285579
path,-9.19756719787288,5.157259420808425
path,-9.199241301316135,5.155883259960845
path,-9.20089341204102,5.154489740616576
path,-9.202534742535615,5.153085854472041
path,-9.20423983105826,5.151586239361946
path,-9.205946191401534,5.150056150816356
path,-9.20763301539371,5.148510450460724
path,-9.20929895942435,5.146948288747748
path,-9.21095764474496,5.145378534480519
path,-9.212558450542407,5.143834767792116
path,-9.21413906045563,5.142276150478389
path,-9.215699450162608,5.1407016665921335
path,-9.217253112568248,5.13912011454048
path,-9.218794275072641,5.137527799241953
path,-9.220268893654328,5.135964201199115
path,-9.22172047688674,5.134384233191929
path,-9.223160366194232,5.132794190351106
path,-9.224588159379,5.1311937608048614
path,-9.226005669282168,5.1295840679589615
path,-9.227368957524995,5.127989246541356
path,-9.228724165736605,5.126384043213232
path,-9.230390677623369,5.124942281570056
path,-9.232360421308883,5.123825994748876
path,-9.234349064525267,5.122746080072022
path,-9.236267000421293,5.121678042674763
path,-9.2381672551925,5.120595585865358
path,-9.240049605163323,5.119498877249693
path,-9.241927784412297,5.118397020388746
path,-9.24379629654076,5.117286479662148
path,-9.245665016281247,5.116158197735475
path,-9.247520730044863,5.115019518592468
path,-9.249360171019777,5.113868021584189
path,-9.251197171014288,5.112712866827207
path,-9.253036700305406,5.111556731213155
path,-9.254830115662202,5.11043595104786
path,-9.256601784260242,5.109297440799721
path,-9.258348656421356,5.108138627754944
path,-9.260080766098529,5.1069660139726
path,-9.261781349428068,5.105769082108954
path,-9.263387922681924,5.104620421830881
path,-9.264977616682318,5.103461894065607
path,-9.26653885421717,5.102281214460591
path,-9.268075467018393,5.10108046531434
path,-9.269600955442831,5.099868373827763
path,-9.27106577586549,5.0986613526322975
path,-9.27252289287759,5.097445875278179
path,-9.274018606956238,5.096223721770267
path,-9.275793402020783,5.0952114356752665
path,-9.277580351741452,5.094213672276974
path,-9.27944990269681,5.093168659315133
path,-9.281318315964658,5.092123086553212
path,-9.28318539461255,5.091077078973215
path,-9.28505114280918,5.090030633269519
path,-9.286915553904013,5.088983755436716
path,-9.288735927228048,5.087956420462042
path,-9.290554650695753,5.086932688921097
path,-9.292377534250626,5.08590730752938
path,-9.294208766770808,5.084879281085438
path,-9.296048225069196,5.083848640293274
path,-9.297855156800164,5.08280401230896
path,-9.29967043826395,5.081771171872095
path,-9.301497725260974,5.080752807578448
path,-9.303332513765199,5.079731981044133
path,-9.30517466937487,5.078708747338596
path,-9.306972748938547,5.077708655094278
path,-9.308686999060038,5.07675592168348
path,-9.310327770887685,5.075768817612201
path,-9.311983810333933,5.074790139586383
path,-9.313633476107084,5.073809149659788
path,-9.315263677597795,5.072849872783528
path,-9.316912911303007,5.071905071168302
path,-9.31856012542257,5.070961669043265
path,-9.320226264043061,5.070033458939818
path,-9.321903169939263,5.069114391414083
path,-9.323565077587821,5.068224728105925
path,-9.325240192661369,5.067346816937435
path,-9.326926683835918,5.066479217984778
path,-9.328626881603086,5.065623611488833
path,-9.330342983673713,5.064781586947593
path,-9.33205540889214,5.063968122180296
path,-9.33378364504001,5.063168330106771
path,-9.335527465762025,5.062382038255831
path,-9.33728241423329,5.061606272146913
path,-9.33904429637095,5.060837656228683
path,-9.340794461817111,5.06008884770955
path,-9.342548473980022,5.059343118929935
path,-9.344306690803727,5.058600399761693
path,-9.346064987224802,5.057857419414271
path,-9.347823358326869,5.057114175085448
path,-9.349539270531825,5.056390712707924
path,-9.35125319065747,5.055665792997967
path,-9.352967173076204,5.054940616505824
path,-9.354681215007124,5.0542151811777085
path,-9.356395313014598,5.05348948548635
path,-9.35808946721186,5.052772272818664
path,-9.359783440166057,5.052054624249573
path,-9.361477461871898,5.051336717383305
path,-9.363171529678713,5.050618551326331
path,-9.364865642592052,5.049900124758309
path,-9.366675602189677,5.049038268235755
path,-9.368568405872738,5.0480965180171
path,-9.370464880636144,5.047156823014098
path,-9.372368177551959,5.046222906890554
path,-9.374288975134172,5.045301624102091
path,-9.376180935356253,5.0444166674937625
path,-9.378079525520775,5.043537616628305
path,-9.379991432664838,5.042668709669297
path,-9.381922207836471,5.041814109054711
path,-9.383869162271889,5.04097323266603
path,-9.385788421849274,5.04015704234128
path,-9.387706721428794,5.039339703320943
path,-9.389625065388365,5.038522022999335
path,-9.391543451994941,5.037704001159538
path,-9.393461881350893,5.036885636984119
path,-9.395337976539825,5.036087347583447
path,-9.397211907310412,5.035287339483746
path,-9.399085877672256,5.034487003474024
path,-9.40095988314964,5.033686341010076
path,-9.402833924412693,5.032885351596493
path,-9.404669011691592,5.032102642703257
path,-9.406502530377946,5.031318370769794
path,-9.408336081599789,5.030533785563594
path,-9.410169664027919,5.029748887263943
path,-9.412003278000505,5.0289636754664615
path,-9.41378930390874,5.028201738440714
path,-9.415571972461567,5.027437769980075
path,-9.417354668461918,5.026673505510848
path,-9.419137392890642,5.025908944486711
path,-9.420920144464754,5.025144087200588
path,-9.422678030365878,5.02439021286274
path,-9.424435456550786,5.02363566489639
path,-9.42619290657415,5.022880829568877
path,-9.4279503813013,5.022125706442381
path,-9.429707880862658,5.021370295358883
path,-9.431437184281616,5.020627651286709
path,-9.43316576570642,5.019884130323772
path,-9.434894368916709,5.019140331374214
path,-9.436622994647298,5.018396254092921
path,-9.438351642956256,5.017651898386209
path,-9.440054482520685,5.016919096350595
path,-9.44175676953411,5.0161855679834675
path,-9.443459076207413,5.015451770269252
path,-9.445161402943743,5.014717703007511
path,-9.446863748760524,5.013983366508612
path,-9.448542519189443,5.013259511685043
path,-9.450220843035298,5.012535027919121
path,-9.451899186003478,5.011810282135178
path,-9.45357754733928,5.011085274572891
path,-9.455255925988986,5.010360005580767
path,-9.45691680964346,5.009642313024206
path,-9.458577489293624,5.008924193480934
path,-9.460238185106888,5.0082058181977684
path,-9.461898897524438,5.007487186983699
path,-9.463559626740146,5.006768299742383
path,-9.465200287539673,5.0060582679961145
path,-9.466840624993372,5.005347720517791
path,-9.468480977460583,5.0046369236962835
path,-9.47012134622556,5.003925877041273
path,-9.471761729116746,5.003214581324261
path,-9.473383720278262,5.002511360731999
path,-9.475005446576002,5.001807678382003
path,-9.476627185909162,5.001103752831979
path,-9.47826815927729,5.000411223748482
path,-9.479909135606844,4.999717943224574
path,-9.481524761516017,4.999032786647485
path,-9.48313790446276,4.9983457382521514
path,-9.484753121193007,4.997659984422667
path,-9.486367707114,4.996973447005033
path,-9.487981662285025,4.996286129536686
path,-9.489675948290587,4.995488945799163
path,-9.49146919575353,4.994607744850514
path,-9.493306486937621,4.993712672907422
path,-9.495159612960116,4.992830427268492
path,-9.497034267562471,4.991965206663606
path,-9.498910492484585,4.991149385266737
path,-9.500793097908304,4.990338562590877
path,-9.502675659557204,4.98952677617811
path,-9.504556937823711,4.988713531702309
path,-9.5064387740662,4.987900548461222
path,-9.508287708089268,4.987100276392965
path,-9.510135859957256,4.986298883104473
path,-9.511983187251218,4.985496434024726
path,-9.513825516235446,4.984689731073556
path,-9.515670481435617,4.983884373927187
path,-9.517477186907875,4.983093968705741
path,-9.519280150445018,4.982300576272442
path,-9.521083839305865,4.9815075498426955
path,-9.522886297704307,4.980712416872528
path,-9.524688720854723,4.979917564964456
path,-9.526458117750405,4.979137407178742
path,-9.52822314411838,4.97835331439825
path,-9.529991320217125,4.977571543880937
path,-9.531758123541524,4.976787999949828
path,-9.533518008976884,4.975999114911692
path,-9.535244771367227,4.975266803507873
path,-9.536974717384718,4.974560482544724
path,-9.538702272340695,4.973851095178815
path,-9.540437445152683,4.973144703330361
path,-9.542163106209621,4.972435020537845
path,-9.54387685145422,4.971733371108989
path,-9.545581011455994,4.97103015275423
path,-9.547290861159752,4.970330690286242
path,-9.548992740715748,4.969627107542634
path,-9.550701446333429,4.968926359735228
path,-9.552382735531637,4.968230011876134
path,-9.554061391624565,4.967538427311108
path,-9.555740772034934,4.966843787539668
path,-9.557417129181339,4.966150326970607
path,-9.559094832224677,4.965454830091578
path,-9.560741695801266,4.964767948312733
path,-9.562382085466117,4.964078009120455
path,-9.564035064732407,4.96340222159293
path,-9.565676299087835,4.962726889861546
path,-9.5673127051589,4.9620532877288115
path,-9.56892458593766,4.96137007010146
path,-9.57052897010869,4.960659098918214
path,-9.572132105286459,4.959924925431267
path,-9.573741524017827,4.959192618573872
path,-9.575345362751472,4.95846879056835
path,-9.577023242044335,4.957636279738939
path,-9.578756554530282,4.956723287685495
path,-9.580562541305474,4.955797571773711
path,-9.582430998883131,4.954898862695107
path,-9.584341891886593,4.9540214754028185
path,-9.586220361265374,4.953175459812655
path,-9.58810092487821,4.952335754121943
path,-9.589973782947187,4.95148687080781
path,-9.591850964719994,4.9506418737520494
path,-9.59372431917143,4.94979283215415
path,-9.595556634796171,4.948965020346507
path,-9.59738280145982,4.948134091121734
path,-9.599208992592814,4.947304358054458
path,-9.601031632338065,4.946471755643919
path,-9.602855632746515,4.945640681519653
path,-9.60463798358972,4.94482532673592
path,-9.606417295962444,4.944008826895625
path,-9.608195282625996,4.943192378316447
path,-9.609979132410379,4.942381732077976
path,-9.611756821176483,4.941564051268279
path,-9.613505686736637,4.940761050000779
path,-9.615250603482437,4.939955075592705
path,-9.616999800030488,4.939153720347263
path,-9.61874417402657,4.938346566828639
path,-9.62049122686587,4.937543682193214
path,-9.622207030182668,4.9367474651172945
path,-9.6239246541796,4.935955809819375
path,-9.625638674551498,4.935159415769868
path,-9.627352736937501,4.934365677846791
path,-9.629066752635781,4.933568808073178
path,-9.630734645854599,4.932794075332895
path,-9.632397276689998,4.932017424204289
path,-9.634059460100918,4.931241680417193
path,-9.63571837513851,4.930463081505702
path,-9.637381858135157,4.929689130563978
path,-9.639024547807074,4.928921191060604
path,-9.640663989083793,4.92815663868148
path,-9.642300134403564,4.927386336178696
path,-9.643936681808263,4.926618804884439
path,-9.645573159976637,4.925848246174121
path,-9.647187186939728,4.925089103303361
path,-9.648796041661623,4.924328065939891
path,-9.650406936275285,4.923571040643868
path,-9.652013873426501,4.92280858174922
path,-9.653623149126775,4.922049826020325
path,-9.655216877852414,4.9212988030783675
path,-9.656804540235994,4.92054654693813
path,-9.658370801466866,4.919757464866821
path,-9.65994403266592,4.918962069968508
path,-9.661519122542417,4.918166081782876
path,-9.6630736785185,4.917378363036836
path,-9.664625364807009,4.916591285233792
path,-9.666168852090669,4.915802057963018
path,-9.667707768890397,4.915011191799389
path,-9.669256998836302,4.914222537275322
path,-9.670785506462288,4.91344141614914
path,-9.6723066666414,4.91265968038008
path,-9.673824404811286,4.911875958943283
path,-9.675353449269387,4.911094990538195
path,-9.676871967728705,4.910312059166836
path,-9.678377293125239,4.909534235184059
path,-9.679880917044718,4.908756350169896
path,-9.681382402597167,4.907978007247318
path,-9.682893767757593,4.907201896752886
path,-9.684404664766037,4.906424596564306
path,-9.68589376412335,4.905656686075611
path,-9.68738184896485,4.9048888903370615
path,-9.68886268265569,4.90412055479733
path,-9.690338852753252,4.903350404670958
path,-9.691817142303547,4.902580371954512
path,-9.693347592277581,4.901663418128205
path,-9.694913142504303,4.90066263179838
path,-9.696523261331196,4.899661062875026
path,-9.698207183911551,4.898685584019908
path,-9.69996489048359,4.897735921584389
path,-9.701726005436198,4.896814904916366
path,-9.703476660842188,4.895893349101181
path,-9.705225964524335,4.894969757870338
path,-9.70698465655919,4.894048099173255
path,-9.708741180289737,4.893125182684266
path,-9.710462865489122,4.892220916358713
path,-9.712183516397808,4.891315634113956
path,-9.713903257981093,4.89040946006177
path,-9.715622082858449,4.889502413527549
path,-9.717339982779876,4.88859451593483
path,-9.719029546296559,4.8876998496850375
path,-9.720692451905961,4.886783207308033
path,-9.72236838063395,4.885831931291695
path,-9.724058967950373,4.884854326350115
path,-9.725751036070156,4.883872782654417
path,-9.727403972214267,4.882905429543516
path,-9.729062317062322,4.88194068721514
path,-9.73071803472013,4.880975649423873
path,-9.73236804582235,4.880009606641956
path,-9.734016889064973,4.879033330247577
path,-9.735593091699844,4.87801927745151
path,-9.737167958652254,4.877004448217614
path,-9.738742789896197,4.875989215818183
path,-9.740317575132426,4.874973585268352
path,-9.741892305021036,4.873957561134662
path,-9.743439633422305,4.872949575416136
path,-9.744966175643997,4.871939803669852
path,-9.746510453434906,4.870934712032826
path,-9.748064277510709,4.869928725071952
path,-9.749617887253883,4.868922485433017
path,-9.751149335771117,4.867930209258571
path,-9.752680572019726,4.866937680122442
path,-9.754211614641337,4.865944886555466
path,-9.755742468097342,4.864951822838456
path,-9.75727313640422,4.863958483826253
path,-9.75878722540727,4.862975511940962
path,-9.760301129013012,4.8619922667752915
path,-9.761814860368329,4.8610087407434746
path,-9.763328422101553,4.8600249304893985
path,-9.764841816571217,4.859040833004584
path,-9.766335923000465,4.858068887968883
path,-9.76782985787258,4.857096663091381
path,-9.769323634802292,4.856124151696958
path,-9.770817244488617,4.855151345384619
path,-9.772309997082578,4.854177810446145
path,-9.773840265111932,4.853022577959247
path,-9.775446535939736,4.851755143586774
path,-9.777098408240558,4.850460827679191
path,-9.778777188201744,4.849172270548163
path,-9.780475649023353,4.847888462013162
path,-9.782153222982638,4.846660831930867
path,-9.78383919849466,4.845438824937065
path,-9.785544805745525,4.844221722625197
path,-9.787265749702385,4.843010151251686
path,-9.78899514520348,4.841800792749456
path,-9.790731758546693,4.840631438322861
path,-9.792473935350378,4.839466001583213
path,-9.794214935675171,4.838299283443236
path,-9.79595051223365,4.837130425203482
path,-9.797688374792589,4.8359626156151725
path,-9.799392186692232,4.8348131165435175
path,-9.801095721600198,4.833663845393266
path,-9.802793122255213,4.8325131592494035
path,-9.80449382851049,4.8313636056027
path,-9.806193128497316,4.83021267582115
path,-9.807847288381016,4.82908768115402
path,-9.809496502259226,4.827962875976945
path,-9.811149221576475,4.826838296928214
path,-9.812800736023236,4.825712961099363
path,-9.814451076797695,4.824586549477166
path,-9.816071834186184,4.823475853332954
path,-9.817692736315134,4.822367209003528
path,-9.819312386383636,4.821256922630781
path,-9.82092864042477,4.820146040423265
path,-9.822544279135004,4.819033329111178
path,-9.824128505953679,4.817941001777686
path,-9.825712815539276,4.816848715016441
path,-9.82729372543153,4.815755792009989
path,-9.82887365143314,4.814661179442944
path,-9.830454321014052,4.813567115537825
path,-9.832004586704395,4.812490020521882
path,-9.83355531249361,4.811413063010948
path,-9.835101618270524,4.810333886133749
path,-9.836647687694356,4.809256163254481
path,-9.838194980408472,4.808177566853536
path,-9.839722371175439,4.807116767461651
path,-9.841241950036133,4.806053832308965
path,-9.842756024018643,4.804989246656786
path,-9.8442726267893,4.803925474015971
path,-9.845788900590536,4.802861059306872
path,-9.847280121542806,4.801819052007007
path,-9.84876113008488,4.800775508043948
path,-9.85023657713266,4.799730191943179
path,-9.851716025564647,4.798685613152611
path,-9.853191388115098,4.797641202745187
path,-9.854654581042029,4.7966045544258185
path,-9.856115008757198,4.795569277994321
path,-9.857571409898423,4.794532877007509
path,-9.859027875337807,4.793497965274487
path,-9.860485263302234,4.7924612289296915
path,-9.861917610569753,4.791436250985813
path,-9.86335263675602,4.790413395232091
path,-9.864786888694095,4.789391320419243
path,-9.866223581450253,4.788372364697282
path,-9.867658545700673,4.787357365683264
path,-9.869079504858641,4.786357648504219
path,-9.870500918466103,4.785359758576701
path,-9.871924466326082,4.78436441818009
path,-9.873345203104469,4.783373260472411
path,-9.874766774364499,4.7823833316655096
path,-9.87617671333481,4.78140898204047
path,-9.877581557579683,4.7804374279232205
path,-9.878980576537373,4.779462895176813
path,-9.880404719980014,4.778496757984464
path,-9.881828536109694,4.7775302432733255
path,-9.883312483846138,4.776379973744458
path,-9.884888938077669,4.775128798374224
path,-9.886533607551888,4.773863224053479
path,-9.888226924093702,4.772612755741569
path,-9.889970759715203,4.771378361268646
path,-9.891716721137087,4.770181520379032
path,-9.893461761194835,4.768984699729838
path,-9.89520544838236,4.767787096995104
path,-9.896947782605501,4.766588712542583
path,-9.898688763881164,4.765389546764603
path,-9.900386983968248,4.76421708306846
path,-9.902084281009769,4.763044570596107
path,-9.903767696566241,4.76187176121508
path,-9.905461517761859,4.760697689532812
path,-9.907154174082224,4.7595229521957005
path,-9.908795826812257,4.7583747080459755
path,-9.910446556051564,4.757224812860737
path,-9.912087848277007,4.756075937320724
path,-9.913735504164137,4.754923748566119
path,-9.915374147192372,4.753772800415623
path,-9.91697078671785,4.7526511294325715
path,-9.918558548506756,4.751531851475134
path,-9.920145301118701,4.750411591939459
path,-9.921738755981908,4.749288484457628
path,-9.923322988006628,4.748166634284837
path,-9.924877920657577,4.747060374550949
path,-9.926434234999475,4.745954181611515
path,-9.92799454751983,4.744846555870261
path,-9.929552904602266,4.743738650792953
path,-9.93110654198391,4.742630744969842
path,-9.932630320679761,4.741541032464586
path,-9.93415376661721,4.740451120827579
path,-9.93567601263019,4.73935995825577
path,-9.937198091562355,4.738267905981991
path,-9.938721775182056,4.737174728457678
path,-9.940230826638128,4.736092695702816
path,-9.941733158993422,4.735009990846967
path,-9.94323443504082,4.73392650076484
path,-9.944734616655525,4.73284221991737
path,-9.946229000420612,4.731757141282661
path,-9.947706746738882,4.730691086073725
path,-9.949179315672584,4.7296229783671935
path,-9.950648569045388,4.7285546277109
path,-9.952119075923779,4.727484844525069
path,-9.953585166873875,4.726415180703142
path,-9.955031823452563,4.725360631539285
path,-9.956477206459404,4.724305152691713
path,-9.957917215929266,4.723249021810454
path,-9.95917119760946,4.722161718997551
path,-9.960278078818005,4.721036601454918
path,-9.96123575951932,4.719868903677185
path,-9.96216806598699,4.718690121228271
path,-9.963101378092759,4.71751267331566
path,-9.964029940114882,4.7163370606228385
path,-9.964955720656562,4.715163033779532
path,-9.965879053047576,4.7140032805377725
path,-9.966799675076931,4.71284093433075
path,-9.967713819391381,4.71167827932699
path,-9.968632222552568,4.710519067453573
path,-9.969552475172572,4.7093576167501325
path,-9.9704622733969,4.708199111719453
path,-9.971368725976742,4.707042431630197
path,-9.97227772419368,4.705888306184825
path,-9.973186662180195,4.704730867420468
path,-9.974087473461214,4.703571284058144
path,-9.974989201360101,4.702421667281763
path,-9.975890609983463,4.701271583311372
path,-9.976787192583533,4.700120762963011
path,-9.977689651878194,4.698971419611205
path,-9.978589444753611,4.697820039799697
path,-9.97958471226284,4.696539959630243
path,-9.980688668411583,4.695142951963295
path,-9.981831220778208,4.693676035409953
path,-9.982973900046504,4.692191339149979
path,-9.984121843669444,4.690707839002346
path,-9.985253851231759,4.6892442678440585
path,-9.986384595822958,4.687780148832841
path,-9.987517734232123,4.6863169832565115
path,-9.988643668641386,4.684850984563874
path,-9.989770222144978,4.6833834705788195
path,-9.990875048420106,4.681939453107248
path,-9.99198266653819,4.680496846424832
path,-9.993087217015136,4.679051759468143
path,-9.99419655927195,4.677608948179855
path,-9.995292031227875,4.676160564529992
path,-9.996377831225598,4.674737936718827
path,-9.997463497704226,4.67331473533196
path,-9.998549215850419,4.671891941753746
path,-9.999635490926192,4.670468362114286
path,-10.000720527617657,4.669044607680761
path,-10.001787296030418,4.667639490975072
path,-10.002846296195138,4.666233563987737
path,-10.003917732175681,4.664831198549973
path,-10.004983583374555,4.6634269829770885
path,-10.006047497892437,4.662021872602051
path,-10.007100932823517,4.660629135109485
path,-10.008143790211037,4.659236474904852
path,-10.009188083346855,4.657844142440876
path,-10.01023811457,4.6564533394075855
path,-10.011283460906567,4.655061056854134
path,-10.01231852804132,4.653686226551137
path,-10.013346497811572,4.652311203011431
path,-10.014377338457033,4.650937815059192
path,-10.01540314169832,4.649561434199484
path,-10.016427610550716,4.64818396543054
path,-10.01743624327477,4.6468228383687045
path,-10.018446682860436,4.645464131591279
path,-10.019456885588108,4.644104313909562
path,-10.020464342275403,4.642744220581974
path,-10.02146923101016,4.64138232789224
path,-10.022464921398091,4.640036897067274
path,-10.023459120289886,4.638691948613419
path,-10.024449946910677,4.637347181741193
path,-10.025444370032133,4.636001856804498
path,-10.026442044656665,4.634658116768164
path,-10.027418162735971,4.633327984863352
path,-10.028393689618747,4.631996797832543
path,-10.029374137840819,4.630666586524864
path,-10.030346182724905,4.629333391613867
path,-10.031320419547471,4.62800031336989
path,-10.032287903892893,4.626682402751279
path,-10.033244493437067,4.625363006300693
path,-10.03420851038649,4.624045974632703
path,-10.03517101352608,4.622727693801241
path,-10.036126378422079,4.6214060854845425
path,-10.037066949700971,4.62011057683244
path,-10.038006440392826,4.618814671002662
path,-10.038943610214195,4.617517335318531
path,-10.039881487559281,4.616220526121125
path,-10.040819141108603,4.614923813877111
path,-10.041745894375405,4.6136489630397355
path,-10.042672732243675,4.612377254163392
path,-10.043590552401968,4.611099044795934
path,-10.044508688861637,4.6098207645168605
path,-10.045423155729974,4.608541726346511
path,-10.046333501570183,4.607271747862052
path,-10.04724059141187,4.606002107587528
path,-10.048148925370578,4.604731691076714
path,-10.049056291329105,4.603462541429321
path,-10.049966839703387,4.602193202591166
path,-10.050861869249001,4.60093270504474
path,-10.051758258202266,4.599673463226782
path,-10.052651998841508,4.598412222925323
path,-10.053549357543702,4.597153657173931
path,-10.054446790134266,4.595893565687269
path,-10.055453089157186,4.59444587939851
path,-10.056544078452479,4.592843764280906
path,-10.057745051771954,4.591146375364611
path,-10.058946903322733,4.589431183122942
path,-10.06014957240531,4.587716142842265
path,-10.061328975302857,4.586030829854003
path,-10.062507254687496,4.584345327061513
path,-10.063682510310576,4.582657872231241
path,-10.064858005627858,4.580971898905336
path,-10.066026916249353,4.579281445253372
path,-10.067168090154068,4.577626147349066
path,-10.068308070790836,4.575970435779616
path,-10.069446978616812,4.574316125350196
path,-10.070583995709287,4.572658448774107
path,-10.071719888332387,4.570999974848316
path,-10.072835685243934,4.569368473679446
path,-10.07395038007255,4.567736221163636
path,-10.07506398557625,4.566103213199425
path,-10.07617650163621,4.564469458603379
path,-10.077287928252794,4.562834965420926
path,-10.078372162386884,4.5612380434127795
path,-10.079455512929645,4.5596403637956415
path,-10.080537825203299,4.558041997734766
path,-10.0816190995143,4.556442950709959
path,-10.082699336244772,4.554843227753334
path,-10.083766457811727,4.553260761748447
path,-10.084832557597453,4.551677651629349
path,-10.085912476714938,4.550107792291292
path,-10.086986692448445,4.548538854583973
path,-10.088059239501096,4.546975025424724
path,-10.089108813013665,4.545450282093885
path,-10.090153880780413,4.54393138356491
path,-10.091209466225118,4.542422593532061
path,-10.092267405174129,4.540915406325571
path,-10.093326389795022,4.539410113059516
path,-10.0943779815821,4.537936478988116
path,-10.09542003236096,4.536464131632907
path,-10.096476217809144,4.535002454376722
path,-10.097516000678189,4.533537591673465
path,-10.09855505873581,4.532070868510775
path,-10.09958966520941,4.530622978684945
path,-10.100615114778735,4.529182896525202
path,-10.101634922310916,4.527740690772879
path,-10.10265406747012,4.526296337017265
path,-10.103679682806595,4.524850653018796
path,-10.104685499477373,4.5234316783316615
path,-10.105680683168673,4.5220165569332345
path,-10.106682353786857,4.520600669333569
path,-10.107685388804232,4.5191899453923785
path,-10.1086783086078,4.517777445808931
path,-10.109665424220736,4.516366640481631
path,-10.110653173577203,4.514955995308875
path,-10.111658481265057,4.5135510061811255
path,-10.112643439322689,4.512143086569907
path,-10.113627591632639,4.510734903057401
path,-10.11459629121549,4.509339301056345
path,-10.115578431166115,4.50795366468421
path,-10.116544530740702,4.5065677982235695
path,-10.117509824263609,4.505182162389721
path,-10.118474023943488,4.503794576604934
path,-10.119428467211101,4.502417242987671
path,-10.120389301354024,4.501041426979672
path,-10.121352066096282,4.499670708022068
path,-10.122303374456832,4.498298386110473
path,-10.123254065069395,4.496924113981356
path,-10.124197731014348,4.4955578343585225
path,-10.125168297141274,4.494167961862445
path,-10.126222300108953,4.49269531639064
path,-10.127307425109539,4.491170990772331
path,-10.12839559389217,4.4896250947228475
path,-10.12947785504069,4.488078738160271
path,-10.130554647585788,4.486531155321184
path,-10.131626687901868,4.4849818756272795
path,-10.132699318215966,4.483439332659972
path,-10.133768267847465,4.481890625770428
path,-10.134827912940993,4.480354411902579
path,-10.135887956480806,4.478824743469381
path,-10.136944167572487,4.477294995036167
path,-10.137999188256346,4.475767573564322
path,-10.13905098505651,4.474240490683002
path,-10.140087864720337,4.47273027887797
path,-10.141121562490781,4.471226325984135
path,-10.142152429847279,4.469722699672708
path,-10.143180659924113,4.468221369978802
path,-10.144208546716111,4.466719976047158
path,-10.145225741443058,4.46522998671669
path,-10.146238747594964,4.463745768223732
path,-10.147249848370182,4.462262982760919
path,-10.14825995796379,4.460778173890984
path,-10.149269032123486,4.459293815411575
path,-10.150269187313162,4.457819161296485
path,-10.151264244242396,4.456351533092879
path,-10.152257577357396,4.454882568867892
path,-10.153250650252327,4.453413299885152
path,-10.15424186593754,4.451945514442395
path,-10.155223977703214,4.450486331429911
path,-10.156201847401944,4.449031763592228
path,-10.157179415894339,4.447577590601611
path,-10.158155245115442,4.446124186653589
path,-10.159129433273451,4.444669306526813
path,-10.160114826816029,4.443126315944947
path,-10.161151408647106,4.441464000056269
path,-10.162252343365024,4.439715443507178
path,-10.163429757221685,4.437893038427507
path,-10.16468541678452,4.435993167771331
path,-10.16598092389143,4.434046251025265
path,-10.16727311400726,4.432076786001376
path,-10.16856636261591,4.430109279120105
path,-10.169857015886661,4.428143739609181
path,-10.171145657330458,4.42617632443041
path,-10.172412287535797,4.424237671520179
path,-10.173699591908594,4.422308927280696
path,-10.174968912529845,4.420378285828043
path,-10.176223009254933,4.418449303889272
path,-10.177473322414896,4.416523410261984
path,-10.178700380764486,4.41462834590429
path,-10.179917580264267,4.412746183432153
path,-10.181133487931996,4.41086223557609
path,-10.18234709543828,4.408979928005132
path,-10.183559048627087,4.40709556077613
path,-10.184748253657341,4.405240872058434
path,-10.185930507994263,4.4033967325030865
path,-10.187110540894269,4.40155321979234
path,-10.188288004115314,4.3997103568928715
path,-10.18946503627899,4.397865966263696
path,-10.190629211754887,4.3960391154025045
path,-10.191790198078854,4.394221619000422
path,-10.192939211587419,4.39241164284996
path,-10.194084799391785,4.390604622673854
path,-10.19522890352388,4.388796133748518
path,-10.19635573357439,4.387009230696031
path,-10.197474996503153,4.385233702341681
path,-10.198592217229333,4.383461149169838
path,-10.199708305945729,4.381685724766606
path,-10.200822158146615,4.379912234162428
path,-10.201928242511753,4.378152420398689
path,-10.203024055355558,4.376395911469914
path,-10.204115526142031,4.374647055369693
path,-10.205202764242403,4.372903548689992
path,-10.206289439033002,4.371158303722637
path,-10.207360603039096,4.369435445201843
path,-10.208421795210647,4.367726175729643
path,-10.209481774492733,4.366015571485964
path,-10.210539934311669,4.364306309405577
path,-10.211597362831682,4.362595544551035
path,-10.212647543483788,4.360897230647945
path,-10.213685403903696,4.359211467548402
path,-10.21472115998539,4.357527364535555
path,-10.21575569001463,4.355844018051405
path,-10.216788706511919,4.354159177863497
path,-10.217817951278088,4.35248351330562
path,-10.218834797371573,4.350819833319887
path,-10.219851260334403,4.34915891263993
path,-10.220866714310077,4.3474970200057514
path,-10.221877460273411,4.345837592647412
path,-10.222877962902118,4.34418928208897
path,-10.223874856029724,4.3425464896544606
path,-10.224869404309747,4.340906378379667
path,-10.225863229828231,4.339263970270266
path,-10.22685503406391,4.337622757061747
path,-10.227847115712006,4.33599050479612
path,-10.228825238074968,4.33436803928221
path,-10.229808357021064,4.332742549633474
path,-10.230793832873877,4.3311145985613315
path,-10.23177452073254,4.329483953018158
path,-10.232746034092976,4.327869558504579
path,-10.233707081794304,4.3262696249011885
path,-10.234661786977185,4.324673288910409
path,-10.235634568575362,4.323070384461597
path,-10.236597189179555,4.321472815015929
path,-10.237550644117361,4.319882654911435
path,-10.238489283946066,4.318302100163819
path,-10.239425567389302,4.316726398598805
path,-10.240367093053814,4.31514732734078
path,-10.241301210185656,4.313570606772707
path,-10.2422270158273,4.3120060829177564
path,-10.24315001824028,4.310444395620868
path,-10.244073354061484,4.308882976005522
path,-10.244991545174083,4.307324546004444
path,-10.245924434855567,4.305758364977616
path,-10.246832778516161,4.30416563242707
path,-10.247732196126664,4.302570622847926
path,-10.248626991205736,4.300974650149752
path,-10.249522563933525,4.299379651094057
path,-10.250414766547257,4.297782914238828
path,-10.251295694516775,4.296200056438433
path,-10.252179627315403,4.2946213283105985
path,-10.253063001709448,4.293041610701619
path,-10.253941646489471,4.291461698668859
path,-10.254825064026324,4.2898816464573
path,-10.255691262388858,4.288320062800686
path,-10.256558741296763,4.286758509079614
path,-10.257422190327189,4.285195756549072
path,-10.258291948924091,4.283634643748946
path,-10.259155728071287,4.282071979756184
path,-10.260010804176126,4.280522119805298
path,-10.260870059473897,4.278974866563803
path,-10.261720811830296,4.277426296675048
path,-10.262575564996283,4.275878142325559
path,-10.263373274563495,4.274339242122793
path,-10.264159733771688,4.272796178664159
path,-10.26494451936289,4.271257776437152
path,-10.265726960707166,4.269722397259706
path,-10.266509362304927,4.268185354781677
path,-10.267290777853967,4.266647865882534
path,-10.26810351585542,4.264995725369927
path,-10.268907373503856,4.263205153847233
path,-10.269717059209261,4.261312698872504
path,-10.270595085153804,4.2593461565658925
path,-10.271549301687388,4.257314301093514
path,-10.272582868603784,4.2552215917085645
path,-10.273647172383654,4.253078559105531
path,-10.27472465530733,4.250921341816071
path,-10.275800946003988,4.248763800971369
path,-10.276875421362643,4.246605528810509
path,-10.277929889481356,4.2444841616183595
path,-10.27898200614866,4.242362437895951
path,-10.28003237163884,4.240240028257231
path,-10.281080987857502,4.238116939954923
path,-10.282127856864653,4.235993179629395
path,-10.283152931845109,4.233910831969884
path,-10.284175530154325,4.231828260522515
path,-10.285196457250295,4.229745053144491
path,-10.286215715209755,4.227661215191481
path,-10.28723330628675,4.225576751526471
path,-10.288230926396071,4.2235403292558
path,-10.28922223042808,4.221501238720743
path,-10.290211974294653,4.219461577958963
path,-10.291200158064928,4.217421348648822
path,-10.29218678211586,4.215380552353058
path,-10.29316471213925,4.213353891774634
path,-10.294141137990085,4.211326713984176
path,-10.295116029067538,4.209298981099485
path,-10.296089386642183,4.207270694352458
path,-10.297061212154494,4.205241854910871
path,-10.298019096653633,4.203238360539394
path,-10.298975486888141,4.201234453624593
path,-10.299930388081602,4.199230010227047
path,-10.30088380219375,4.19722503137999
path,-10.301835731269378,4.1952195180726175
path,-10.302771142563188,4.193245681614494
path,-10.30370483773015,4.191271532467866
path,-10.304637099819264,4.18929686711025
path,-10.305567931192666,4.187321686503444
path,-10.306497334241277,4.185345991570327
path,-10.307412222450433,4.183408070954023
path,-10.308321542308283,4.181467398122372
path,-10.309229520187628,4.179526250671379
path,-10.310136155797261,4.177584627586394
path,-10.311041449110917,4.175642528000296
path,-10.311932399957001,4.173727973886229
path,-10.31282196510868,4.171813108506385
path,-10.313709467829492,4.169900780631425
path,-10.314578312577154,4.168021753031585
path,-10.315424246563506,4.166171460789171
path,-10.31624244220501,4.164379065616612
path,-10.317045507342826,4.162613662735054
path,-10.317851458983785,4.160872874374971
path,-10.318628636530763,4.159149886920943
path,-10.319397957828178,4.157452046740696
path,-10.320142986938505,4.15578745680516
path,-10.320877841911255,4.154139186358249
path,-10.321595417273816,4.152503490143537
path,-10.322284582802935,4.150874960818078
path,-10.322952581699763,4.149243644080724
path,-10.323619369989395,4.147563315707413
path,-10.32433544995942,4.145827035349402
path,-10.325155671400863,4.1440319102284615
path,-10.326012509114594,4.142175254551733
path,-10.32686640239807,4.1403244594699204
path,-10.32771460499843,4.138503385619675
path,-10.328550925622974,4.136695365775078
path,-10.329388214838316,4.134894690301418
path,-10.330213493772435,4.133093939173806
path,-10.331045762419778,4.131293182997884
path,-10.33186240718409,4.129513088746837
path,-10.33267764699023,4.127733095033901
path,-10.333501296002774,4.12595215238775
path,-10.334315795669335,4.124170185992116
path,-10.335128040075245,4.122387650628846
path,-10.335934022935103,4.1206253462933855
path,-10.336736174535345,4.118862139860389
path,-10.337536118780692,4.117098494589522
path,-10.338344116927768,4.115333908876437
path,-10.339149721416742,4.113570142972051
path,-10.339930216601314,4.111841651523035
path,-10.34071256941026,4.110112918314013
path,-10.341493055533778,4.108383609793546
path,-10.342275732768506,4.106656128185367
path,-10.343055143480857,4.104926395548108
path,-10.34382508475715,4.103210965283577
path,-10.344598939706223,4.101494944367563
path,-10.345369167198728,4.099777249047622
path,-10.346139769888474,4.098061693005308
path,-10.346908001247456,4.096343871313476
path,-10.347665153366508,4.094647009770586
path,-10.348425180320689,4.092949162644039
path,-10.349181257978197,4.09125111379381
path,-10.349938339554974,4.0895532962048735
path,-10.350693712563638,4.087853746828914
path,-10.351440800133417,4.086170396791024
path,-10.352193485815413,4.084487977347124
path,-10.352938809726957,4.082805068068121
path,-10.353690671055688,4.081121003855352
path,-10.354435713467824,4.079436700077943
path,-10.3551701335292,4.077767760453058
path,-10.355902237867246,4.076097681997267
path,-10.356635996970395,4.074426210661979
path,-10.35736377852543,4.072754780935794
path,-10.358098124441991,4.071084155183714
path,-10.358996646651175,4.0692104752789255
path,-10.359935994991009,4.067145809331615
path,-10.360931663691417,4.064912573383085
path,-10.361993483576384,4.062523218421111
path,-10.363061980103229,4.060051012473087
path,-10.364117255980096,4.057628861238912
path,-10.365158335920036,4.05520958039881
path,-10.366206739081319,4.0527876908444975
path,-10.367246925630333,4.050365143802438
path,-10.36828331204179,4.047941147198197
path,-10.369304350866889,4.045541905187368
path,-10.370325498947892,4.043137858746482
path,-10.371349064691303,4.040734211156839
path,-10.372373678603951,4.038333111684402
path,-10.373384855551397,4.035929222762114
path,-10.374383304348601,4.033575594243833
path,-10.375381043307986,4.031226090237199
path,-10.376370781940768,4.028874370719548
path,-10.377358276556933,4.026521809641374
path,-10.378344608017139,4.0241692507333315
path,-10.37930511497157,4.021875497401771
path,-10.380257704872742,4.019579499160534
path,-10.381221429007141,4.017285949638841
path,-10.38217430725867,4.014991813584861
path,-10.38312648390333,4.012694608806983
path,-10.384066203215083,4.010440177036239
path,-10.38500260338011,4.0081893746449575
path,-10.385934708289694,4.005939261532663
path,-10.386859305563092,4.003683914811674
path,-10.387793790868118,4.001430776921249
path,-10.388700441798942,3.9992282533727037
path,-10.389604884029827,3.9970235701337558
path,-10.390511618181472,3.9948187341639114
path,-10.391412064019484,3.992613973138738
path,-10.392321392805755,3.990408533712805
path,-10.393205528504646,3.988233601208082
path,-10.394092331159433,3.986057447943784
path,-10.394981163572647,3.9838801706709237
path,-10.395867184858664,3.9817028947444624
path,-10.39674298964074,3.9795241689303276
path,-10.397613112521986,3.977383220702783
path,-10.398471429733725,3.9752403633432722
path,-10.39934360520103,3.9730969287777733
path,-10.400207537594579,3.9709527275012784
path,-10.40106408788021,3.9688084888373365
path,-10.401920982709541,3.966701623935857
path,-10.40275608256299,3.964596144023876
path,-10.403602747388053,3.9624901505048338
path,-10.40444959651034,3.9603854625958403
path,-10.405283227028754,3.9582784571499205
path,-10.406116086413265,3.9562035448372543
path,-10.40693802409384,3.954127545280476
path,-10.407763178073141,3.952051291874252
path,-10.408586594054768,3.949973746885884
path,-10.40941090014892,3.9478962480400024
path,-10.4102233824501,3.945842762983411
path,-10.411027331255964,3.943787603987405
path,-10.41184170143717,3.9417306564119903
path,-10.412655895338595,3.939678753393009
path,-10.413461343178806,3.937620754368276
path,-10.414249654920967,3.9355969878906527
path,-10.415040814911634,3.933573453090291
path,-10.41583756303698,3.931548684250113
path,-10.416625473849859,3.929526685849265
path,-10.41741814409341,3.927500252796988
path,-10.418190165590739,3.925501778635592
path,-10.41897472613989,3.923502599440973
path,-10.419738882951462,3.921502200784139
path,-10.420519488551282,3.919499284442814
path,-10.421302813612337,3.917501220505896
path,-10.422062875641375,3.9155241230053983
path,-10.422828443324207,3.913547800353645
path,-10.423584561253,3.9115703477965043
path,-10.42434872789823,3.909592826803028
path,-10.425102628721246,3.9076135422569114
path,-10.425855492234025,3.905664670108114
path,-10.42659652533821,3.9037126421944044
path,-10.427347358572632,3.901762735070131
path,-10.428089917916834,3.899808638138642
path,-10.428900464926611,3.897845440778486
path,-10.4297740581901,3.8958972008182995
path,-10.43075480106346,3.893941376496984
path,-10.431875119681841,3.8919852080802197
path,-10.433134504739488,3.890038026630547
path,-10.434489036420024,3.888103730393993
path,-10.435886028999521,3.8861931674277215
path,-10.43731256486529,3.8842878381968062
path,-10.438757342495235,3.8823842705693608
path,-10.440218384921351,3.8804795984913176
path,-10.441684638636074,3.878558069749128
path,-10.4431344784801,3.876661090981115
path,-10.44457857146661,3.8747650127601334
path,-10.446024593399828,3.8728668146129555
path,-10.447469517292173,3.870967550379807
path,-10.448912833699257,3.869064992394566
path,-10.45033622880195,3.867215077725696
path,-10.45174510083451,3.8653527349155103
path,-10.45315884565697,3.8634878343776866
path,-10.454564088176191,3.8616260089110486
path,-10.45596695965593,3.8597731666336075
path,-10.457349968719573,3.857946066931224
path,-10.45872667805723,3.856118553040896
path,-10.460107245899271,3.8542902125531953
path,-10.461482023463775,3.8524601185714618
path,-10.462856967267678,3.850631871235255
path,-10.464204982217947,3.8488423824915796
path,-10.465548559708383,3.847056980412907
path,-10.46689019873761,3.845268638797807
path,-10.468227349439744,3.843486092742676
path,-10.469564555910178,3.841708923729728
path,-10.470931519197867,3.839767858719753
path,-10.472453039216315,3.837664850036613
path,-10.47417391630709,3.8354422963047257
path,-10.47597886042422,3.833113598865225
path,-10.477836048808562,3.8306758893435906
path,-10.479730810647483,3.828145210381088
path,-10.481642767017151,3.8255639220825532
path,-10.48356603653621,3.8229626237269847
path,-10.485495217688916,3.820355366747448
path,-10.487424363241239,3.8177462293962416
path,-10.489290982455698,3.815229578687013
path,-10.491138457338623,3.812721158318718
path,-10.492987688553011,3.8102120967909823
path,-10.494833254621327,3.807701409094313
path,-10.496667810156286,3.805187203976462
path,-10.498469589390034,3.802789589519688
path,-10.500218931874782,3.800389278084217
path,-10.501970681100863,3.7979881076546236
path,-10.503719758940914,3.7955883725359953
path,-10.50546294194491,3.793189849162464
path,-10.5071630618638,3.7908743496181794
path,-10.508842870140995,3.7885597278211263
path,-10.510524366646179,3.786240877156178
path,-10.512193266702113,3.783926745697982
path,-10.513860197072031,3.7816226105644475
path,-10.51548239708754,3.7793834681891982
path,-10.51708936468603,3.7771510993781323
path,-10.518696877170148,3.774918947419495
path,-10.520291547864684,3.7726767369216274
path,-10.521919972425085,3.7704666608532778
path,-10.523568628807594,3.7683512798837033
path,-10.525214827087535,3.76623820081092
path,-10.526859549014707,3.764124460105068
path,-10.52850280685463,3.7620100261963936
path,-10.530144611540166,3.7598948705118516
path,-10.531729489672697,3.7578485899431873
path,-10.533311839896,3.755805236010913
path,-10.534892865160225,3.7537611281013747
path,-10.536472571313666,3.751716249809877
path,-10.538050963509802,3.7496705862888153
path,-10.53961008258766,3.747647430743225
path,-10.54116792114931,3.745623497236549
path,-10.542724486328696,3.743598762920739
path,-10.544279781180427,3.741573217836265
path,-10.545833808368847,3.7395468529752662
path,-10.547346099374286,3.7375716444954223
path,-10.548856677967434,3.7355972550747834
path,-10.55036606320046,3.7336220577909947
path,-10.551874256826673,3.7316460479941003
path,-10.553381259231726,3.7296692212325437
path,-10.554848706424174,3.727741187922772
path,-10.556314562514503,3.725813835639247
path,-10.557779292883568,3.723885687599412
path,-10.559242897166476,3.7219567419510735
path,-10.560705374827569,3.7200269969951876
path,-10.562126693378461,3.7181446513641387
path,-10.563547079761742,3.7162656381270263
path,-10.564967241610088,3.714386125557336
path,-10.566386687733743,3.7125059974934165
path,-10.567805048369307,3.710625165759288
path,-10.569192415200424,3.7087828953767543
path,-10.570578491116795,3.7069407609448852
path,-10.571963532206277,3.705097931594978
path,-10.57334753870338,3.7032544032050434
path,-10.574730891593987,3.701408934012345
path,-10.576082284239046,3.6996058661435662
path,-10.577423191197598,3.697838455571552
path,-10.578761406206423,3.6960764849553263
path,-10.580098730099326,3.6943140308308067
path,-10.581435171379873,3.6925510768254624
path,-10.58274635708555,3.6908186119185067
path,-10.584056042407136,3.6890878137364824
path,-10.58536488099843,3.6873565112186504
path,-10.586672873359635,3.6856247016940618
path,-10.58798001989584,3.683892382586976
path,-10.589208477509185,3.682124308473037
path,-10.590414582086117,3.6803315350828676
path,-10.591620085563665,3.6785384602855324
path,-10.592824985218407,3.6767450754839652
path,-10.594029278547534,3.6749513729312424
path,-10.595563565622617,3.6726666435329656
path,-10.59731193497498,3.6700580239891667
path,-10.599059000840759,3.6674486296094226
path,-10.600804750409829,3.664838456914531
path,-10.60254918074487,3.6622275019139514
path,-10.604238944391776,3.659693867545562
path,-10.605926650789202,3.6571625466713686
path,-10.607613113952253,3.6546304850778784
path,-10.6092983319339,3.652097680402294
path,-10.610982304479867,3.649564130920164
path,-10.61260377557431,3.6471188879620087
path,-10.614223157516928,3.6446777125125864
path,-10.615839090741577,3.642235377422306
path,-10.617456604853311,3.639792895569463
path,-10.619073183281238,3.637349762793249
path,-10.620634629701122,3.6349850871149436
path,-10.62219216893532,3.6326229521766713
path,-10.623751350241049,3.6302607093816426
path,-10.625307132562286,3.6278973570314945
path,-10.626862034463402,3.6255333955395233
path,-10.62837043680056,3.6232399962634907
path,-10.629875379846776,3.6209481464005258
path,-10.631379493460281,3.6186557241253676
path,-10.632882776805246,3.616362729328921
path,-10.63438522901488,3.61406916190818
path,-10.635843147874331,3.611838931240215
path,-10.637300759740297,3.6096101746375013
path,-10.638755057465419,3.60738038317277
path,-10.640211095345906,3.605150547383024
path,-10.641666345613336,3.6029201720298865
path,-10.64307989795446,3.600746098879942
path,-10.644492552004584,3.5985731750288226
path,-10.645906981210224,3.5964002326168356
path,-10.647318037622108,3.594226270051081
path,-10.648728155054863,3.5920517662440288
path,-10.650103447241232,3.589924468619871
path,-10.65147656915568,3.5878010191439214
path,-10.652851332425413,3.5856776674549833
path,-10.654222792611172,3.5835534450183104
path,-10.655593327014307,3.581428806554787
path,-10.656946057053094,3.579333809716604
path,-10.658295703529381,3.57723840123007
path,-10.659646935757408,3.575143037180576
path,-10.660994964634343,3.57304678894068
path,-10.662342142118675,3.5709501038826557
path,-10.663660628542544,3.5688988640639057
path,-10.664976372042423,3.566847684583542
path,-10.666291294269442,3.5647960749907783
path,-10.667607790139035,3.5627444897451372
path,-10.668921040234865,3.560692004095172
path,-10.670600615511468,3.5581221964009035
path,-10.672611920842998,3.5549473698506016
path,-10.674646309837806,3.551756922495861
path,-10.676681370932174,3.5485658605159234
path,-10.678711905363484,3.5453732127584012
path,-10.680734052897845,3.5421893971180474
path,-10.682756782098997,3.539004956569673
path,-10.684774943276071,3.5358189311246977
path,-10.686793490638637,3.5326322495835414
path,-10.68880764871914,3.5294440152757014
path,-10.69070588824688,3.5264000550516963
path,-10.692605014673726,3.5233879773667605
path,-10.694499809330043,3.5203745783791396
path,-10.696395275677936,3.5173607753317726
path,-10.698286550344884,3.5143456523877252
path,-10.70006212959813,3.5114813764497477
path,-10.701838000086092,3.5086476894035044
path,-10.703609839008955,3.5058127619658146
path,-10.705382563347127,3.502977497760982
path,-10.707151245473856,3.500140981805715
path,-10.708839638687458,3.4974158306954517
path,-10.71052982069191,3.494703491123282
path,-10.712218401853953,3.49199038838546
path,-10.713903081226459,3.4892760937461493
path,-10.715588749998252,3.486561500165234
path,-10.717204134759987,3.4839432199617772
path,-10.718818326760815,3.4813333677758247
path,-10.720433864228257,3.4787232999402358
path,-10.722047926513207,3.47611251765898
path,-10.723658124039105,3.47350058198612
path,-10.725205324383069,3.470981390852095
path,-10.726750018049973,3.468469942264224
path,-10.728296153830518,3.4659583247325587
path,-10.72984097555967,3.4634460560092357
path,-10.731381919208033,3.460932675303633
path,-10.732870927376194,3.458489798743096
path,-10.734358809283997,3.456055164394699
path,-10.73584820255202,3.4536205306948515
path,-10.737336371715232,3.45118541095064
path,-10.738823398963701,3.4487498031660904
path,-10.740279741636092,3.446357526822146
path,-10.741737191210932,3.4439656917000314
path,-10.743193503297642,3.4415733569975484
path,-10.744646104086328,3.4391800646122626
path,-10.746100254525192,3.4367867250428237
path,-10.747510121722797,3.4344572900706662
path,-10.748920800153362,3.432130815964723
path,-10.750330411457622,3.4298038459301567
path,-10.75173891192447,3.4274763684488123
path,-10.753146349585174,3.4251483885273335
path,-10.754512581477586,3.422879241200783
path,-10.755909145947399,3.4206173354206517
path,-10.757307594853877,3.418355451689954
path,-10.758705036219155,3.416093074792853
path,-10.760101472730344,3.4138302036849755
path,-10.7618299724477,3.4110192989088075
path,-10.763890003829331,3.4076323297082034
path,-10.765985065309865,3.4042239423639544
path,-10.768080484588475,3.400814867846919
path,-10.770177671122369,3.397405352155938
path,-10.772454789123517,3.39369473532896
path,-10.774767805879149,3.3899234353701875
path,-10.777078228063361,3.3861507738276937
path,-10.779386053401682,3.382376753164219
path,-10.781691279614678,3.3786013759454927
path,-10.783817292268248,3.3750086154653443
path,-10.786017209968406,3.371457479534644
path,-10.788242559376743,3.367871568880235
path,-10.790274548290764,3.364411583196646
path,-10.792302653147695,3.360951221573713
path,-10.794273087857187,3.3576066083012925
path,-10.796308174017915,3.3542975165387303
path,-10.7983447441111,3.350985701744406
path,-10.800379433038255,3.347673014986769
path,-10.802412237834018,3.3443594503325538
path,-10.804288903818753,3.3412145174616326
path,-10.806178500699513,3.3381263564948953
path,-10.8080659196428,3.3350365443829593
path,-10.809950957433172,3.331944283709527
path,-10.811832191625586,3.3288486516686264
path,-10.813598820861307,3.3258988793724407
path,-10.81537110547085,3.3229708629017733
path,-10.817142677193667,3.3200414786771897
path,-10.818910627743286,3.31710924122469
path,-10.820676394441245,3.314174929595206
path,-10.82235760292903,3.3113561935490514
path,-10.824041605796838,3.308550526871256
path,-10.825722162341268,3.3057422073104434
path,-10.827400594541889,3.302932660378256
path,-10.829076856438578,3.3001221299675145
path,-10.830681437337088,3.297412193930936
path,-10.832286865300096,3.2947113710689773
path,-10.833891312800786,3.2920096922396715
path,-10.835502693631087,3.2893077063950065
path,-10.83711372974611,3.2866062713016952
path,-10.838664315354436,3.283983016658211
path,-10.840212149632501,3.281375258122632
path,-10.841759561747681,3.278769201954722
path,-10.843303464946327,3.276161036259243
path,-10.844845535986178,3.27355193853058
path,-10.84635558883746,3.270987161767876
path,-10.847862521654026,3.2684295508293344
path,-10.849367629632434,3.265871435666547
path,-10.85087105957423,3.2633119766619756
path,-10.852374258735738,3.2607537342853963
path,-10.853826070036028,3.2582620527920083
path,-10.85527816436116,3.2557854544926887
path,-10.856726668004658,3.253308385955955
path,-10.85817537289702,3.250830778659198
path,-10.859620684118255,3.248351538866345
path,-10.861026319047564,3.245928838543613
path,-10.862430281101826,3.2435169907005297
path,-10.863830670966204,3.241105168412822
path,-10.865231423850204,3.2386923933087624
path,-10.866630220576877,3.236275199569325
path,-10.867944376442896,3.233888372838461
path,-10.86931210196258,3.2315318890279765
path,-10.870689276729806,3.229165506405826
path,-10.872069954531447,3.2267911263584708
path,-10.87345019212328,3.224417081772839
path,-10.874793366716862,3.2220919892069104
path,-10.876135514872518,3.2197730263250515
path,-10.877477083077721,3.2174554166415463
path,-10.878816112685627,3.2151357118134727
path,-10.880153628500873,3.2128153873562337
path,-10.881452116705356,3.210550604193741
path,-10.882750358762806,3.2082945454360456
path,-10.884046111716136,3.206036908414981
path,-10.885340419038434,3.203778728715468
path,-10.88663329406505,3.201519910875688
path,-10.88789758323284,3.199303208918377
path,-10.889159532838836,3.197091814218959
path,-10.890420033351647,3.1948802700213568
path,-10.891679149586865,3.1926681683517275
path,-10.892936886018076,3.1904554717867755
path,-10.894542950643102,3.1877362392292214
path,-10.896468770192605,3.1843514151372654
path,-10.898410974970814,3.1809214987288787
path,-10.900349961505814,3.177489427662777
path,-10.90222819998634,3.174016941690919
path,-10.90408138323166,3.1704762073067547
path,-10.905932513398026,3.166934770370088
path,-10.907781583501079,3.1633926504515384
path,-10.909628586972387,3.159849839505031
path,-10.911473517717342,3.156306330546522
path,-10.913191081123438,3.15294127903237
path,-10.914915736903367,3.149620920732823
path,-10.916638544204568,3.1462999141903563
path,-10.918359500574311,3.1429782581064374
path,-10.920078603672104,3.139655951552227
path,-10.921711219273499,3.1364656514614677
path,-10.923347330253867,3.1332956308812734
path,-10.924981736505067,3.1301250658974173
path,-10.926614437593582,3.1269539520508536
path,-10.928245433019564,3.1237822855202055
path,-10.929817070912147,3.120705780419515
path,-10.931389652642034,3.1176385871709957
path,-10.932960682800836,3.114570955129994
path,-10.934530156687023,3.1115028744202102
path,-10.936098069947786,3.108434336299717
path,-10.937619676420535,3.1054462232887206
path,-10.939113323787703,3.102426627285868
path,-10.940625596715858,3.099382308682386
path,-10.94213570095561,3.0963090900755286
path,-10.943644422782825,3.0932351692484117
path,-10.94509025338149,3.090256651572422
path,-10.946543491552005,3.087293719179225
path,-10.947995459559992,3.084330715770548
path,-10.949446156363067,3.0813676481956893
path,-10.950895580953727,3.078404522875471
path,-10.952280921641174,3.0755355454275572
path,-10.953672076099588,3.0726851365356835
path,-10.955062087749868,3.069834749850167
path,-10.956450952329957,3.0669843842811515
path,-10.957838665923683,3.064134039039051
path,-10.959170174735341,3.0613675564560943
path,-10.960507054824648,3.058615306455339
path,-10.96184289139268,3.0558631754510666
path,-10.963177678230485,3.0531111539271087
path,-10.964513247727085,3.050353116957927
path,-10.965806753308101,3.0475789084089477
path,-10.967127101223271,3.044796189235893
path,-10.968450545479719,3.041986500506546
path,-10.969778392680798,3.039151897200298
path,-10.971108297740935,3.0363050981227353
path,-10.972394439422812,3.0335133280382878
path,-10.973686943216578,3.0307387361980815
path,-10.974978333925357,3.027964285871169
path,-10.976268603179992,3.025189965187366
path,-10.977557743353902,3.0224157636371873
path,-10.979004158310099,3.0189506744780408
path,-10.980895016615776,3.014480623458673
path,-10.983340319839733,3.0095315284999726
path,-10.985823382190091,3.004398753590116
path,-10.988257944053483,2.9991557081232973
path,-10.990450354006809,2.9940274178693094
path,-10.992665275080702,2.988965484075158
path,-10.994909298833209,2.9839674317287894
path,-10.997172430929943,2.9790220647990244
path,-10.999433645965828,2.974081321010974
path,-11.001473872094836,2.9692709043233236
path,-11.00352281328256,2.964534244389765
path,-11.005599019689702,2.959861276678565
path,-11.007695059753084,2.9552412734027853
path,-11.00978270143466,2.9506262181756564
path,-11.01163220553478,2.946148367178251
path,-11.013490664410504,2.9417478971908504
path,-11.015382001403346,2.937424771702829
path,-11.017290712890961,2.933147154976537
path,-11.019177334953769,2.928862970169124
path,-11.020843823974948,2.92470438231238
path,-11.022524258277212,2.920623054871463
path,-11.02423471237338,2.9166111340708865
path,-11.025954715413102,2.9126247424560368
path,-11.027672655101487,2.9086396022573706
path,-11.029250578219074,2.904761335167279
path,-11.030855926032032,2.900952240864719
path,-11.032476588237731,2.897179534032841
path,-11.034095454523024,2.893408109850623
path,-11.035712512988693,2.889637945293022
path,-11.03722240530414,2.8859605876095498
path,-11.038760779721601,2.8823487012716713
path,-11.040301858055381,2.878747435200399
path,-11.04184125730561,2.8751472728912764
path,-11.043378972167263,2.871548205968585
path,-11.044806470732313,2.868042945482091
path,-11.046263914614508,2.864604357328634
path,-11.047724876641965,2.8611777469260002
path,-11.04918428044401,2.857752079178457
path,-11.050611526753856,2.8543267374316694
path,-11.051925416114573,2.8509567283665085
path,-11.053246071319089,2.847626590046825
path,-11.054564551036977,2.8442971323342054
path,-11.055880854450129,2.8409683582839382
path,-11.057194980898132,2.8376402718051734
path,-11.058456877845671,2.8343779690818884
path,-11.059725755387863,2.8311555366430197
path,-11.060992586150652,2.8279337500161206
path,-11.062257369557193,2.8247126135246767
path,-11.06352010500302,2.8214921321555506
path,-11.065094885507929,2.8176533745091783
path,-11.06689550379656,2.8133099937499124
path,-11.0686808404456,2.8088851531857433
path,-11.070449641003327,2.8043816145617324
path,-11.072209877858691,2.799850953160358
path,-11.074282945929173,2.794702511127659
path,-11.076600210483985,2.789037906596641
path,-11.078896496355133,2.7832899539893137
path,-11.081173387860463,2.7774637371582895
path,-11.083433825715003,2.7715787530295284
path,-11.085815660565894,2.7656124745776736
path,-11.088182128028631,2.7595659967774817
path,-11.090528796979505,2.753443366344313
path,-11.092863141457903,2.7472933240465784
path,-11.095189888545805,2.7411461385020073
path,-11.097245340124525,2.7350983724445657
path,-11.09926468759421,2.7291534969020588
path,-11.10131900493483,2.723296287520755
path,-11.103406648592989,2.7175305154528555
path,-11.105510855923907,2.7118562352163367
path,-11.107356708282662,2.706304302019974
path,-11.109171480252897,2.7008476111830513
path,-11.111019620519171,2.695477812762368
path,-11.112900730214871,2.6901966508120148
path,-11.114798144220044,2.6850024464043645
path,-11.116604944399619,2.6799060760291225
path,-11.118428494642787,2.6748931492041
path,-11.120253691278467,2.6699091786099296
path,-11.122073799798972,2.6649274964144833
path,-11.123888601650307,2.659947263801869
path,-11.125544240942235,2.655040984148256
path,-11.127212392825234,2.650222071592835
path,-11.128897898348814,2.645485851771739
path,-11.130583198291973,2.6407698398330104
path,-11.132262200996463,2.6360487221119904
path,-11.133807171200282,2.631393727650259
path,-11.135367748199341,2.626823294143559
path,-11.136941334790539,2.622320064342105
path,-11.13851203359593,2.617822187381174
path,-11.140076337046395,2.6133184096660687
path,-11.141533939510582,2.6088817478415147
path,-11.143007371602446,2.604525447381901
path,-11.144486842747378,2.600208058369914
path,-11.145960834461995,2.5958899692471897
path,-11.147429135341131,2.591569824338533
path,-11.148847683327018,2.5873108677119077
path,-11.15026949567658,2.583088555457584
path,-11.151685507455358,2.5788670386859303
path,-11.153096068092278,2.5746435260868727
path,-11.154501206243028,2.5704181486398587
path,-11.155820366800716,2.566251261945697
path,-11.157152084467604,2.5621603527696775
path,-11.158484766769627,2.5580995017654056
path,-11.159812056828512,2.554039269141168
path,-11.16113343774847,2.5499762653426954
path,-11.162749751944887,2.545141226900985
path,-11.164673860905243,2.5391826324565847
path,-11.166858533707067,2.53257460188475
path,-11.169053777289614,2.525936765291211
path,-11.171223741022674,2.5192798848209534
path,-11.173624297925453,2.51194148068999
path,-11.176325770147592,2.50349022635007
path,-11.179290697188224,2.4942314604765756
path,-11.182276273148807,2.484907360581741
path,-11.185221861598649,2.4755590615545877
path,-11.187969090077312,2.466270505065668
path,-11.190654578203896,2.4570740993201037
path,-11.193312887253793,2.447899449432272
path,-11.19594658809504,2.4387235030922443
path,-11.198553948951274,2.429543756985047
path,-11.200895401838121,2.4209173021106296
path,-11.202849899162697,2.4132530462923367
path,-11.204487163609194,2.406121769773315
path,-11.20601405801709,2.3990873188601642
path,-11.20752881650761,2.3921480367922583
path,-11.208839488976675,2.3857647460607514
path,-11.210049201287063,2.3801696531488687
path,-11.211231970373516,2.374879302701102
path,-11.212393150547095,2.369680033502004
path,-11.213584368478317,2.3645534767305416
path,-11.21499684954926,2.3590569866407867
path,-11.216540440485709,2.3533617722046007
path,-11.218042592779303,2.347642188661405
path,-11.219510412588734,2.3419208370215867
path,-11.220956089437033,2.336220790460902
path,-11.22218610637656,2.3306353195100753
path,-11.223285252142555,2.325169196719537
path,-11.22441429167798,2.319795310282512
path,-11.22558686514564,2.314512608808606
path,-11.226788460701398,2.309312801494457
path,-11.227851015528062,2.3043589438749925
path,-11.228827771269877,2.2995331476868976
path,-11.229880045476387,2.294748979108623
path,-11.230969488448977,2.289996772018884
path,-11.232052006610084,2.2852720566348483
path,-11.233052033105782,2.280817624827942
path,-11.233996272966559,2.2764398699724144
path,-11.234948334971442,2.272103936960041
path,-11.235910732713988,2.267814985780706
path,-11.236882197570832,2.2635675849561845
path,-11.237746479827985,2.259455940624598
path,-11.238585857103727,2.255402977156929
path,-11.239429220105578,2.2514090834653304
path,-11.240288256088155,2.2474722476795934
path,-11.24116376416606,2.24359747120256
path,-11.2421357118834,2.239231941419143
path,-11.243281034547632,2.2343888569564325
path,-11.244514411632297,2.2295389066195916
path,-11.245739987993465,2.224662046361932
path,-11.246905266731746,2.21981243132394
path,-11.248069845309624,2.214981300304156
path,-11.249244771105271,2.2101608465542166
path,-11.25042901794031,2.20534397280012
path,-11.251611042500622,2.200528539090315
path,-11.252787747410489,2.1957086974472255
path,-11.253802080255502,2.1909191895667566
path,-11.254729852532973,2.186130786056314
path,-11.25563885123612,2.181384271653405
path,-11.256566437455136,2.1766703892483403
path,-11.257490218210135,2.1719943718009014
path,-11.258289899311736,2.1673755769924243
path,-11.259025442722539,2.1628082918902445
path,-11.259734176324658,2.1582844054226493
path,-11.260412019265797,2.153810069863671
path,-11.261061158486436,2.1493790322901862
path,-11.261717437631255,2.145078590677821
path,-11.262347195689028,2.140829992191399
path,-11.262942537642838,2.136630365673549
path,-11.263505361484903,2.1324742791037834
path,-11.264033522122292,2.1283641625230465
path,-11.264748026187872,2.1236928987198067
path,-11.265429004172171,2.118746855729825
path,-11.266054531594529,2.113791583974079
path,-11.26662340145755,2.1088268574498255
path,-11.267134656830017,2.103849373533958
path,-11.267968429209931,2.0981964462529943
path,-11.268889183680596,2.09180505827813
path,-11.269808328722952,2.0853194565181625
path,-11.270705739899633,2.0788294063173836
path,-11.271579068006188,2.072337437917218
path,-11.272701589311119,2.065034369271001
path,-11.27400025884331,2.0564296722653923
path,-11.275342054046716,2.0471262492785693
path,-11.276724105098115,2.037750693044562
path,-11.278148324094017,2.028376475224251
path,-11.279598285425509,2.019214401890092
path,-11.2811101901273,2.010253102158003
path,-11.282660086624883,2.0013128219233267
path,-11.284244474649345,1.9923737982136307
path,-11.285861476898445,1.983436005136372
path,-11.28742068088473,1.9749779759070483
path,-11.288628271548895,1.9673736609104606
path,-11.289672282802199,1.960308709720026
path,-11.290606654244463,1.9536084443558763
path,-11.29145016755748,1.9472772654195398
path,-11.292096880524838,1.9415576280853355
path,-11.292728018902467,1.9361586138665523
path,-11.293410677419164,1.9310257882237507
path,-11.294143816922187,1.9261172477066824
path,-11.294898803715515,1.9212394647820665
path,-11.29569050699417,1.915894613780782
path,-11.296465398272204,1.9099984499277691
path,-11.297233907538956,1.9040206313851562
path,-11.297997594642924,1.898043000392782
path,-11.298755480838254,1.8920655259514432
path,-11.29949777052658,1.8863231646385241
path,-11.300256162458336,1.8807888170480354
path,-11.301006655098716,1.8752674591040335
path,-11.30174760864876,1.8697460568793913
path,-11.302478112893017,1.8642245864694151
path,-11.303109493988531,1.8589798120608905
path,-11.303750856248934,1.8540310036995806
path,-11.304391479616909,1.849197701203257
path,-11.305018222413521,1.8443642904941644
path,-11.305630286435363,1.83953073591799
path,-11.306202564192962,1.8349449325783054
path,-11.306783247169038,1.8305990666971372
path,-11.307350371543224,1.8262685523894087
path,-11.307902180052768,1.821937732316837
path,-11.308437954705857,1.817606583219344
path,-11.308923129106775,1.8135123619152602
path,-11.30940472579262,1.8096124440911154
path,-11.309868465470384,1.8057148528188804
path,-11.310313469986786,1.8018168254030795
path,-11.310739092529047,1.7979183371437972
path,-11.31114973947711,1.7942074905988994
path,-11.311545010238008,1.7905693688346391
path,-11.311919035265332,1.7869307666786274
path,-11.312271209681926,1.78329165373671
path,-11.31260092871134,1.7796520004132286
path,-11.313169659372758,1.7752833970816018
path,-11.313616383061058,1.770043672637339
path,-11.313906648892775,1.7645180084929237
path,-11.314064046828959,1.7588854316705829
path,-11.314129486461955,1.7532567894488793
path,-11.314192801294467,1.7480027747991154
path,-11.314230072432682,1.7429591454154207
path,-11.31418251785596,1.737955223200394
path,-11.314047729131753,1.7329698412980872
path,-11.313860617253763,1.7279741741825958
path,-11.31370126472692,1.723256011100401
path,-11.31348881996198,1.718634574654079
path,-11.31321766256381,1.7140252547680905
path,-11.31294183919995,1.709416224593127
path,-11.312659617162364,1.704809488250869
path,-11.312402704740451,1.700471838945277
path,-11.312111890397125,1.6962279608035806
path,-11.31180257626164,1.6919903660805815
path,-11.311476105116268,1.68775886716726
path,-11.311136919098896,1.6835316863907575
path,-11.310867390679084,1.6795503305426744
path,-11.31054984995341,1.675620100455728
path,-11.310229750480998,1.6716900107168708
path,-11.309908474997854,1.6677597555194144
path,-11.309586014826914,1.6638293326427986
path,-11.309233607364126,1.659654286833568
path,-11.308878512366732,1.6554109541329232
path,-11.308525997160388,1.6511641940261423
path,-11.308172058707394,1.6469172284118865
path,-11.307816692330634,1.6426700573165465
path,-11.307505994582256,1.6386341474692823
path,-11.307166596328459,1.6346278238432868
path,-11.306826071632921,1.6306213754001508
path,-11.306484403889284,1.6266147972873333
path,-11.306141577551502,1.6226080854572957
path,-11.30582227934072,1.6187942005287779
path,-11.305495308979097,1.6150049027194542
path,-11.305167328845704,1.6112154802921848
path,-11.30483832412585,1.6074259310825119
path,-11.304508281502146,1.603636253311139
path,-11.30419417996882,1.60001301352411
path,-11.303878664763504,1.5964036357868545
path,-11.303560185744283,1.5927929026525272
path,-11.303295947361866,1.589187903866742
path,-11.30311899933286,1.5855799161863382
path,-11.302966530487776,1.58210516560806
path,-11.30280399259514,1.5786461863074208
path,-11.302640119248966,1.5751870629468243
path,-11.30247490129428,1.5717277938920495
path,-11.302308330510666,1.5682683777620878
path,-11.3020541592749,1.564417021318264
path,-11.301778036154877,1.5604025543963298
path,-11.301558728200046,1.55632224256255
path,-11.301353488147106,1.5522239259297443
path,-11.30114629562154,1.548125390438607
path,-11.300952454388247,1.544188534641554
path,-11.300750634853426,1.540272438974309
path,-11.300547041026785,1.5363561849234508
path,-11.300341668098651,1.5324397696661602
path,-11.300134511855454,1.528523190767044
path,-11.29993907239937,1.5247343928108514
path,-11.29973543114755,1.5209589287205696
path,-11.299530179371354,1.517183324853262
path,-11.299323309515897,1.5134075784203147
path,-11.299114814845279,1.5096316870185098
path,-11.298925017196426,1.5060300432490636
path,-11.2987190579106,1.5024593870067278
path,-11.298509444088545,1.498888799766262
path,-11.298294706513671,1.4953198726876114
path,-11.29807847950043,1.4917508290932064
path,-11.29788571608238,1.4883971119926402
path,-11.297681879080749,1.485086560046738
path,-11.2974768104706,1.4817759518142486
path,-11.29727050366927,1.4784652816732322
path,-11.297062952664776,1.475154544704658
path,-11.296824384518267,1.4712997521036246
path,-11.29643884766333,1.4668851570653225
path,-11.296115292868645,1.4623848052872164
path,-11.29582120374069,1.457848068688883
path,-11.295524710976338,1.4533111461045864
path,-11.295233852590666,1.448873126455816
path,-11.294926810890718,1.4444359562349474
path,-11.294688014526873,1.43999459879809
path,-11.294644270251192,1.435535361843158
path,-11.29473862065,1.4310512740002264
path,-11.29482730152455,1.4267314603530397
path,-11.294941079449185,1.4224536972204769
path,-11.295030413708803,1.4181681939670527
path,-11.295093894921157,1.4138764711333243
path,-11.295132300610682,1.4095786721502037
path,-11.295051596856386,1.4055225891111889
path,-11.29493020509582,1.40148198108442
path,-11.29478613084095,1.3974356864753201
path,-11.294620182215208,1.393383869428277
path,-11.29443317807598,1.389326685182939
path,-11.29423237014471,1.3855323341445855
path,-11.294010298087768,1.3817743920746686
path,-11.293783580204309,1.3780150037049688
path,-11.293554375192139,1.3742546950610752
path,-11.293322676137127,1.3704934637575457
path,-11.29312447739644,1.3669160211328417
path,-11.292918414644658,1.3633432999781185
path,-11.292697701809153,1.35976671954493
path,-11.292473758534802,1.3561892500570605
path,-11.292254127636241,1.352612521925121
path,-11.292182619813682,1.3487817342614343
path,-11.292163382254895,1.344593393617493
path,-11.292149743942122,1.340259745005264
path,-11.292125968066447,1.33592342035125
path,-11.292092865230652,1.3315846324571796
path,-11.291969493581677,1.327462518542677
path,-11.291887205409294,1.3233420167454368
path,-11.291849047637337,1.3192327556360475
path,-11.291855148148118,1.3151348520050274
path,-11.29190200732428,1.3110479928287226
path,-11.29185810429298,1.3072391150837388
path,-11.29184519696886,1.303455829060275
path,-11.291879121893041,1.2996828172091088
path,-11.291962275559095,1.29592358894715
path,-11.292088308396485,1.292175894129309
path,-11.292172449920919,1.288621321979848
path,-11.292297654490886,1.2850885774451477
path,-11.292462527917387,1.2815665591226801
path,-11.292636085097126,1.2780470051571153
path,-11.292807664890342,1.2745271905127282
path,-11.292933994991301,1.2711730100940026
path,-11.293089970641434,1.2678321251706484
path,-11.29324480740065,1.264491371122457
path,-11.29339701416489,1.2611499543597564
path,-11.293546396672733,1.2578074400174897
path,-11.293666751017673,1.2539532013278307
path,-11.293732550547498,1.2498255607538291
path,-11.293795141489598,1.245659325965822
path,-11.293854697333614,1.241452933326906
path,-11.293909967815104,1.2372240017382015
path,-11.293929025840487,1.2330799512629629
path,-11.293975387007581,1.2290353119983846
path,-11.294014581398482,1.2250451688442172
path,-11.294046119529003,1.2210902118387406
path,-11.29407232698599,1.2171365104022693
path,-11.294066393858149,1.213260129644985
path,-11.294086116247836,1.209474014404898
path,-11.29409982221866,1.2057298662229576
path,-11.29410668217511,1.2020219924435924
path,-11.294108496692404,1.1983214128182302
path,-11.294088381749342,1.194699047512595
path,-11.294086627346543,1.1911586234434126
path,-11.294079503139777,1.1876526736613853
path,-11.294066520685512,1.1841791195216693
path,-11.294048667854122,1.180720271717756
path,-11.294017919967125,1.1773234797543897
path,-11.293995864194663,1.1739845765602013
path,-11.293968762334906,1.1706729699407414
path,-11.293937104373372,1.1673788862492287
path,-11.293901795783864,1.1640853310181463
path,-11.293854170605204,1.160602210739682
path,-11.293806765943192,1.1570437722626008
path,-11.293755618416684,1.1534748376055515
path,-11.293700189577592,1.1499060190678247
path,-11.293640476238577,1.1463373180693281
path,-11.293566606805616,1.142836532911956
path,-11.293507172880393,1.1393843061874227
path,-11.293443522211607,1.1359457354577636
path,-11.293375687287186,1.132519570132263
path,-11.29330370325741,1.1291045451242463
path,-11.293226362170836,1.1257305452486608
path,-11.293148880229547,1.122372216532865
path,-11.293067586526977,1.119021328199965
path,-11.292982518058816,1.115676625321489
path,-11.292893713194967,1.11233684600567
path,-11.292795582443121,1.1090592203278715
path,-11.292706251541112,1.105817138943873
path,-11.292613744666177,1.102576454459542
path,-11.292518099657242,1.0993360182421612
path,-11.292419355346263,1.0960946817364405
path,-11.292309614070682,1.0929200343125562
path,-11.292208703464553,1.0898081558455928
path,-11.292105194681548,1.086697531740163
path,-11.291998823041123,1.0835870180711518
path,-11.291889585859446,1.0804766075517178
path,-11.29177032961327,1.0774337520556574
path,-11.291660098798122,1.0744604472763042
path,-11.291547751983773,1.0714899000190024
path,-11.291432796848051,1.0685194847110724
path,-11.291315241470851,1.065549170640687
path,-11.29120488651828,1.062120228617413
path,-11.291030458755449,1.0583313524061475
path,-11.29085015639797,1.0545092114606194
path,-11.290664655047042,1.0506350642394724
path,-11.290475018413296,1.0466770661993567
path,-11.29026986723311,1.0427973901279257
path,-11.290075414361608,1.0390539604532782
path,-11.289879080464521,1.035266046851613
path,-11.28967824907627,1.0314647190679531
path,-11.289473074945962,1.0276635890985844
path,-11.289261706116712,1.0240103885753775
path,-11.289059302500968,1.0204150621102106
path,-11.288853051990333,1.0168200145834079
path,-11.28864295266473,1.0132252391776566
path,-11.28842900271318,1.009630730131461
path,-11.288211767193626,1.006173025860363
path,-11.288001103488503,1.0027572314880753
path,-11.287786979149985,0.9993417247929648
path,-11.287569391074467,0.9959264977084644
path,-11.287348336269135,0.9925115436766696
path,-11.287124575802087,0.9892223426086589
path,-11.286906957446558,0.9859621121626857
path,-11.286686182776176,0.9827021463263806
path,-11.286462248784414,0.9794424390348566
path,-11.286235152699334,0.9761829851074652
path,-11.286002233256609,0.9726412089562374
path,-11.285745249172676,0.9690595806683822
path,-11.285484433333442,0.9654782336316159
path,-11.285219783576489,0.9618971664766595
path,-11.284951297883529,0.9583163783718407
path,-11.28468134314403,0.9548694720214168
path,-11.28441858158569,0.9514632997787681
path,-11.28415236877945,0.9480574409502565
path,-11.283882701072656,0.9446518902959699
path,-11.283609575106519,0.9412466434278984
path,-11.283331385047985,0.9379735844320691
path,-11.28306545115176,0.9347332477337951
path,-11.282796339290035,0.9314931954020881
path,-11.282524050926959,0.9282534240751005
path,-11.282248587342368,0.9250139310137575
path,-11.281973103750854,0.9218867354978648
path,-11.281703311213898,0.9187857210483089
path,-11.281430626612206,0.9156850003579472
path,-11.281155049214131,0.9125845684203726
path,-11.280876578318782,0.909484420973514
path,-11.280599272461957,0.9064845432899226
path,-11.280326045662221,0.9035029952294603
path,-11.280050130659708,0.9005216815381246
path,-11.27977152772974,0.8975406022830663
path,-11.279490237090997,0.8945597577630265
path,-11.279259569245834,0.8910609549477455
path,-11.27889523582462,0.8872669252013805
path,-11.278524832850454,0.8834720545735715
path,-11.2781500807968,0.8796775615944981
path,-11.277770978002193,0.8758834504970336
path,-11.277386357863588,0.8722463731376259
path,-11.277021791757232,0.8686769157522957
path,-11.276653367158536,0.8651078919459901
path,-11.276281083724642,0.8615392973538086
path,-11.27590494114991,0.857971128422354
path,-11.275531310515147,0.8545477921239725
path,-11.275168777919575,0.8511766186639717
path,-11.27480279505534,0.8478058043856889
path,-11.274433361958723,0.8444353496191724
path,-11.27406047864443,0.8410652550060819
path,-11.27368959165889,0.8378178467712138
path,-11.273327465684122,0.8346065334099048
path,-11.27296224732631,0.83139564611391
path,-11.272593932801714,0.8281851770200063
path,-11.272222518657523,0.8249751193172568
path,-11.271855235882358,0.8218772058233628
path,-11.271493568894682,0.8188010376010121
path,-11.271129027903068,0.8157251877100958
path,-11.27076119408995,0.8126486897673504
path,-11.270400000044184,0.8095933070276362
path,-11.270178974440668,0.8059032112320264
path,-11.269742885266988,0.8016884316105398
path,-11.26922978227754,0.797462156030378
path,-11.268716094384672,0.7932801430421244
path,-11.268161855778427,0.7891583386112876
path,-11.267546203290113,0.7851527782823724
path,-11.266956358451813,0.7812937251244124
path,-11.266416005458229,0.7774938669950887
path,-11.265884354828778,0.7737060048984072
path,-11.26535145069485,0.7699207568184429
path,-11.264805561059632,0.766238622271085
path,-11.264295607783184,0.7626762337026275
path,-11.263790887991746,0.7591535606180564
path,-11.263283341274468,0.7556308840854292
path,-11.262773372730551,0.7521086089957368
path,-11.262244405696165,0.7486816509710447
path,-11.261758238229747,0.7453754278219152
path,-11.26127553012632,0.7420964908856195
path,-11.260790716160825,0.7388179050935386
path,-11.260303602657826,0.7355394725716572
path,-11.259814492838014,0.7323500432089114
path,-11.259345915564095,0.7292322956359933
path,-11.25887615321631,0.7261164050498216
path,-11.258404352576225,0.7230007035316944
path,-11.257930482707541,0.7198851608616323
path,-11.257405594024439,0.7164988647805219
path,-11.256852267778592,0.712988916573298
path,-11.256285753830987,0.7094187551932006
path,-11.25570960320042,0.7057896579208363
path,-11.255123584635946,0.7020995398807409
path,-11.254525809994124,0.6984413246218977
path,-11.253949394613699,0.6948103671107685
path,-11.25337234869188,0.6911817207830072
path,-11.252792788919155,0.6875555570063836
path,-11.252210598771217,0.6839309564105341
path,-11.251604414232755,0.6804187786005425
path,-11.25104192406957,0.6770056902473358
path,-11.25048987100401,0.6736008019269705
path,-11.249941705261477,0.670199139719534
path,-11.249385891276352,0.6667931955518838
path,-11.248820256780848,0.6635472157215363
path,-11.248288364019482,0.660357239846165
path,-11.24775656311737,0.6571754752683876
path,-11.247221280369926,0.6539930230382923
path,-11.246682529803554,0.6508098801659763
path,-11.246153967790208,0.6477536000157024
path,-11.245634748045358,0.6447255299498653
path,-11.245112363251186,0.641697104522854
path,-11.244586708273863,0.6386681130196997
path,-11.24405777321439,0.635638559767237
path,-11.24349665182791,0.6329874724558783
path,-11.242945356723883,0.6305499182564912
path,-11.242474658203518,0.6281433653973973
path,-11.242046666474597,0.6257484194274359
path,-11.241625519899168,0.6233463925161777
path,-11.241211493308947,0.6209976219037349
path,-11.24079949164247,0.6186561061774939
path,-11.240385637601284,0.6163146075894289
path,-11.239969924994496,0.6139731216521328
path,-11.239552348003368,0.6116316444764273
path,-11.239139577082051,0.6093349732722227
path,-11.238727094729985,0.6070435148635585
path,-11.238312837389927,0.6047520912123631
path,-11.237896798178635,0.6024606968629486
path,-11.23747897066745,0.6001693270421452
path,-11.23706674514208,0.5979276496380191
path,-11.236655337102807,0.595691501831014
path,-11.236242233105846,0.593455398515171
path,-11.2358274261646,0.5912193339737093
path,-11.235410909772,0.5889833031854625
path,-11.234997672236757,0.5867793751315372
path,-11.234584223372574,0.5845773387604443
path,-11.234169088262362,0.582375308176994
path,-11.233752263209668,0.5801732821507851
path,-11.233333745478808,0.5779712607028228
path,-11.232813702426474,0.5755477623439559
path,-11.232324015347407,0.572982335571647
path,-11.231836677392353,0.5704090561343511
path,-11.231346076179863,0.5678331459894955
path,-11.230852343622203,0.5652549814708283
path,-11.230355183153197,0.5627080123581268
path,-11.229855697235735,0.5601611145640699
path,-11.229353908004748,0.5576142162923488
path,-11.228849813661695,0.555067320950214
path,-11.228343409518983,0.5525204290760254
path,-11.227844784284203,0.550036538790565
path,-11.227347627797378,0.5475589743377627
path,-11.226848601499944,0.5450821868287931
path,-11.226347858450717,0.5426065521234615
path,-11.225845552401392,0.5401324418061801
path,-11.225349871041246,0.5377129165586501
path,-11.22485525691995,0.5352998777708344
path,-11.224359602490035,0.5328893517311417
path,-11.223863061650958,0.5304816931802038
path,-11.223365788088836,0.5280772506394394
path,-11.222873305392636,0.5257186709662873
path,-11.22238148768145,0.5233652528406779
path,-11.221889432490894,0.5210160703743679
path,-11.221397292993151,0.5186714490115546
path,-11.22090522138052,0.516331707153436
path,-11.220294901245992,0.5136843931564288
path,-11.21967796381798,0.5108198297025982
path,-11.21907343250725,0.507940460304165
path,-11.218466469673713,0.5050619674820053
path,-11.217857073275628,0.5021843500543575
path,-11.21724281334893,0.4993447668017967
path,-11.216627392667414,0.4965136030117711
path,-11.216012513104298,0.49369057838251684
path,-11.215398363477101,0.49087603257454804
path,-11.214785133279026,0.48807030003082097
path,-11.214174225038324,0.48532557059419956
path,-11.213564713795506,0.482590677096586
path,-11.212956643363642,0.4798656238612672
path,-11.212350207525924,0.4771507342874479
path,-11.211745595103341,0.4744463204807252
path,-11.211142569473358,0.47179381952956884
path,-11.210551115588569,0.4691544393010113
path,-11.20995200537534,0.46650230325410613
path,-11.20934467665864,0.46382605704714963
path,-11.208704792648657,0.46116687963430397
path,-11.208110406631928,0.45857667400973345
path,-11.207506756811235,0.45594372824828944
path,-11.206839236416416,0.4533271241656082
path,-11.20612796466521,0.4507231132128679
path,-11.20541731865623,0.4481188909593832
path,-11.204720308442026,0.445581123501523
path,-11.204027631899196,0.4430500090271143
path,-11.203333681134206,0.44051908700730186
path,-11.202638450112568,0.4379883597712337
path,-11.20194195452329,0.43545782361263313
path,-11.201252381636913,0.43295999686141234
path,-11.200562676831499,0.4304661379884637
path,-11.199871784996486,0.4279725318518089
path,-11.199179692708139,0.42547917560781945
path,-11.198486387948675,0.42298606667726885
path,-11.197804576295358,0.4205471481258361
path,-11.197125330650339,0.41811211474745646
path,-11.196444836725108,0.4156772908742766
path,-11.195763100367797,0.4132426758490265
path,-11.195080115093724,0.4108082719797265
path,-11.194408657638707,0.4084203360119693
path,-11.193737192172783,0.4060380803018872
path,-11.193064589758505,0.4036560731131204
path,-11.19239084488682,0.40127431062921987
path,-11.191715939999986,0.3988927932711381
path,-11.191051354428875,0.3965574511446663
path,-11.190388066442544,0.39422465710614596
path,-11.189723651472676,0.39189206669310694
path,-11.18905807761414,0.3895596892564244
path,-11.188391319672673,0.3872275317673331
path,-11.187734497156859,0.38493505725718247
path,-11.18707730080957,0.38264725949270045
path,-11.186419040144973,0.38035972325885137
path,-11.185759703628474,0.37807244511230403
path,-11.185099287749505,0.3757854199731781
path,-11.18435961957239,0.3730417425105509
path,-11.18347783415334,0.37000007576906835
path,-11.18259215731353,0.366953728173109
path,-11.18170443824041,0.3639078040160855
path,-11.180814659679529,0.3608623062970957
path,-11.179946284734568,0.35789824360824424
path,-11.179079332706413,0.35494550922733026
path,-11.178210425567947,0.3519931879842189
path,-11.177339550887416,0.34904128182823474
path,-11.176466702239065,0.3460897912742863
path,-11.175617973917465,0.3432272627987212
path,-11.174771272766222,0.34037745678304876
path,-11.173916384332669,0.33752696462967785
path,-11.173056951530624,0.3346825367586743
path,-11.172190099288121,0.3318421643395127
path,-11.17133548232018,0.3290853318859046
path,-11.170481130014931,0.3263407585775177
path,-11.169620201133203,0.3235997225280251
path,-11.16875624491178,0.3208598799096393
path,-11.167890141219969,0.31812066033959857
path,-11.167038363264986,0.3154517251452093
path,-11.166191795665435,0.3127904402575337
path,-11.16534317221729,0.31012977638784683
path,-11.164492519092317,0.3074697179015383
path,-11.163639819761787,0.304810262876951
path,-11.162666859483739,0.3016829795572562
path,-11.161579154593976,0.29831193868698286
path,-11.160487990978085,0.2949418582530933
path,-11.159375890967224,0.2915820096408667
path,-11.15826715680368,0.28822174562270053
path,-11.157128376674075,0.28500288780660915
path,-11.155898424019192,0.28184410835351065
path,-11.154585648373525,0.27871216881514776
path,-11.153202374451263,0.275603185721425
path,-11.151800877817836,0.272500070902236
path,-11.150451021814177,0.2695067826825811
path,-11.149105524358314,0.2665338152369671
path,-11.14775898255233,0.2635612443060404
path,-11.146411393803746,0.2605890619012487
path,-11.145062755797278,0.2576172609255721
path,-11.143748308410437,0.2547304028216273
path,-11.142441243574687,0.25185501235115326
path,-11.141133173407923,0.24897995579070248
path,-11.139824098188988,0.246105229798851
path,-11.138514018202017,0.24323083146977334
path,-11.137235829347832,0.24043220322042863
path,-11.135962493687476,0.23764332479613015
path,-11.134688217101278,0.23485475313483345
path,-11.133412999439075,0.23206648633484342
path,-11.132136840595518,0.22927852278308777
path,-11.13104752691273,0.22669377429918958
path,-11.12996298720094,0.22424289158435465
path,-11.128843205968797,0.22180339483128833
path,-11.127722755273654,0.2193641629920315
path,-11.126601639754599,0.21692519056317128
path,-11.125500828665256,0.2145405281416195
path,-11.124405952922725,0.2121626805850118
path,-11.123310475941189,0.20978509768529538
path,-11.12221438983621,0.20740777469732488
path,-11.121117687491152,0.20503070739759557
path,-11.120038637112799,0.20270130322465016
path,-11.118964723174217,0.20037588403834217
path,-11.117890153504726,0.19805067146733582
path,-11.116814928226775,0.19572566575978614
path,-11.115739047470662,0.19340086720313132
path,-11.114680178361981,0.19111806905839326
path,-11.113623959777849,0.18884007466474803
path,-11.112567181561529,0.18656232077181006
path,-11.111509837285928,0.1842848038703161
path,-11.11045192115205,0.18200752084688726
path,-11.109409303440087,0.17977048547183688
path,-11.108370303505668,0.17753620005108883
path,-11.107330705074856,0.17530211306802962
path,-11.106290507685136,0.17306822459865975
path,-11.105249710935654,0.17083453476830998
path,-11.104276657463055,0.16871344947359448
path,-11.103297401246797,0.16661626761633203
path,-11.10231771913453,0.16451932088655938
path,-11.101337601148805,0.16242260379248008
path,-11.100357038273684,0.1603261114155379
path,-11.09938942351007,0.15826263605145977
path,-11.098424225342553,0.15620094889773484
path,-11.097458554299099,0.15413945567012938
path,-11.096492406562998,0.15207815449112577
path,-11.095525778694132,0.1500170437080307
path,-11.094571083844492,0.14798597111485776
path,-11.093618259130675,0.14595636510504784
path,-11.092664942356295,0.1439269297478757
path,-11.091711133048527,0.14189766510671875
path,-11.090756830793223,0.1398685712819877
path,-11.089812638516397,0.13786523356308564
path,-11.088870105291742,0.13586511028031129
path,-11.087927186006485,0.13386520660527462
path,-11.087013549337508,0.1318420095191601
path,-11.086101991353178,0.12982036711468353
path,-11.085201263154865,0.12783003102965498
path,-11.08430412677566,0.12584210898247847
path,-11.083406523763381,0.12385434862036072
path,-11.082508455065271,0.12186674856087959
path,-11.0816099215458,0.1198793075925134
path,-11.080578534452908,0.11751961361923856
path,-11.079434117562053,0.11499204239075331
path,-11.078288955590265,0.11246471760542484
path,-11.077143049039423,0.10993763904776975
path,-11.07599639856101,0.107410806572034
path,-11.07486334514591,0.10493410955963751
path,-11.073740486803601,0.1024640773052379
path,-11.072616959925691,0.09999430407531228
path,-11.07149276111437,0.0975247877472358
path,-11.070367887310262,0.0950555264773562
path,-11.06925801667287,0.09264071746470276
path,-11.068159396811309,0.09023305599324304
path,-11.067060161017928,0.0878256535767803
path,-11.065960305263507,0.0854185069503178
path,-11.064859825458967,0.08301161360986989
path,-11.063771290707884,0.08064542275865065
path,-11.062689531231717,0.07828389072769977
path,-11.061607232123762,0.07592263786725416
path,-11.060524383552139,0.07356165885696418
path,-11.059440976632066,0.071200948953297
path,-11.058371293264933,0.06888730319590601
path,-11.057310269004883,0.06657928891533657
path,-11.05624874954768,0.06427155452300755
path,-11.055186723599624,0.06196409399049243
path,-11.054124180952382,0.0596569019299562
path,-11.053095110056212,0.0574637550923925
path,-11.052093295366046,0.05529044601422869
path,-11.051091056448819,0.05311741153642676
path,-11.050088307452924,0.05094460906295304
path,-11.04908504512466,0.048772035116482225
path,-11.048092986275707,0.04663653711703223
path,-11.04710688045711,0.04450511883010696
path,-11.046120353727993,0.04237395783630993
path,-11.045133907271511,0.04024323319740313
path,-11.044127844999549,0.038104062894576976
path,-11.04311782397422,0.03598854297733357
path,-11.042110206199357,0.03387466387349268
path,-11.041102128277549,0.03176094782341729
path,-11.040093587528066,0.02964739804607869
path,-11.03908458154308,0.027534017508044448
path,-11.038085012243078,0.025452074861481065
path,-11.037090942069447,0.02337373450390849
path,-11.036096506240998,0.021295612183100537
path,-11.035101694730649,0.01921770548596958
path,-11.034106498478163,0.01714001228318277
path,-11.033122286113688,0.015092557638450023
path,-11.03214202650195,0.013047515290738132
path,-11.031161339265255,0.011002657049987702
path,-11.030180221694023,0.008957983432591342
path,-11.029198671349983,0.006913494955210994
path,-11.02818694369552,0.004807122769340559
path,-11.027174674873127,0.0027009315437764576
path,-11.02616193917728,0.0005949385755611708
path,-11.025148735031767,-0.0015108555714649673
path,-11.024135061024765,-0.0036164503333066225
path,-11.023128831084563,-0.005697518263261715
path,-11.02212629880949,-0.007775901125851784
path,-11.021123411042488,-0.009854032920199674
path,-11.020120156901815,-0.011931918392940317
path,-11.019116526551462,-0.014009561783777356
path,-11.018126183321147,-0.01604966740049633
path,-11.017141724862757,-0.01808641027565296
path,-11.016156833388015,-0.020122955272410644
path,-11.015171507138106,-0.022159302541484096
path,-11.014185744534151,-0.02419545217000197
path,-11.013208780150174,-0.026203536915402652
path,-11.012236194299463,-0.0282086354847018
path,-11.011263283077154,-0.03021348990285849
path,-11.01029003734205,-0.032218103005020024
path,-11.009317412943968,-0.03422413622552037
path,-11.008352857991419,-0.0362046709670045
path,-11.007388841477772,-0.038182801333242394
path,-11.0064235735122,-0.04015901228252494
path,-11.005457800893673,-0.04213476332494004
path,-11.004488851682249,-0.0441951020792537
path,-11.003525027180718,-0.04624166181653313
path,-11.002564436619835,-0.048287247931372686
path,-11.001607309328925,-0.05033283540433946
path,-11.000653927046601,-0.05237846339526433
path,-10.99970456897466,-0.05442417404389974
path,-10.998763438636963,-0.056436352764586944
path,-10.997826956366833,-0.05844744798294966
path,-10.996895326467573,-0.06045877069015707
path,-10.995968817849807,-0.06247035933169251
path,-10.99504769883804,-0.06448225072422098
path,-10.994135019265611,-0.06647193748237451
path,-10.993228286826678,-0.06846155807443094
path,-10.992327737893136,-0.0704516067314645
path,-10.99143363264773,-0.0724421195077897
path,-10.990546230358381,-0.07443313258138094
path,-10.989667213600253,-0.07639632438797153
path,-10.988796513071762,-0.07835683494643672
path,-10.987933217945631,-0.08031785475668989
path,-10.987077584919259,-0.08227942964475478
path,-10.986229868970621,-0.0842416042346539
path,-10.985393395214812,-0.08617921524032351
path,-10.98456537611779,-0.08811691550125657
path,-10.9837460254565,-0.09005535815722279
path,-10.98293558891937,-0.09199458301952869
path,-10.98213431023794,-0.09393462795972761
path,-10.981345390713084,-0.09585142254447279
path,-10.980566140236364,-0.09776859392341243
path,-10.97979676710668,-0.09968671418576758
path,-10.979037508506211,-0.10160581975377206
path,-10.978288600080377,-0.10352594491261827
path,-10.977510215341928,-0.10566513494989992
path,-10.97671605374832,-0.10785244391750004
path,-10.975921096063024,-0.11003912291903147
path,-10.97512533892889,-0.11222517250861759
path,-10.974328619543941,-0.114410751893527
path,-10.97352077784127,-0.11658721884148865
path,-10.972714046272703,-0.11875517116075214
path,-10.971907077203333,-0.12092237233449657
path,-10.971100187515928,-0.12308884473468851
path,-10.970293116655638,-0.12525456993436926
path,-10.969485748460611,-0.12737566212348778
path,-10.968679853984053,-0.1294954351970264
path,-10.967875672263999,-0.1316149264657883
path,-10.96707356872688,-0.13373422590799391
path,-10.966273906194317,-0.13585342103865192
path,-10.965476394044039,-0.13791000681667037
path,-10.964682369453397,-0.13996409686798594
path,-10.963891853413848,-0.1420183779530506
path,-10.963105189263468,-0.14407292548484693
path,-10.962322718458584,-0.14612781358614282
path,-10.961549133780203,-0.14815540770710792
path,-10.960780519449333,-0.15018276192633287
path,-10.96001587425057,-0.15221044967314726
path,-10.959250961294828,-0.15423766246696316
path,-10.958485391613715,-0.1562643311503268
path,-10.957723815284234,-0.15825784420599878
path,-10.956968016272363,-0.16025144594392318
path,-10.956212569507805,-0.16224472157421613
path,-10.95545644453403,-0.16423747889512844
path,-10.954699634365792,-0.16622971900287029
path,-10.953948044375235,-0.16819147531619164
path,-10.953201101463657,-0.17015320937956002
path,-10.952453526669212,-0.17211445567792172
path,-10.951705260423392,-0.17407520487887013
path,-10.950956300704583,-0.17603545667819237
path,-10.950213589585623,-0.17796750893247204
path,-10.949473833287621,-0.179899299587906
path,-10.948733385833826,-0.1818306101097566
path,-10.947992248881071,-0.18376143907851883
path,-10.947250419868363,-0.18569178660375574
path,-10.946515352984672,-0.1875959257344136
path,-10.945782084834425,-0.18949965929275722
path,-10.945048132411054,-0.1914029257235446
path,-10.94431349454816,-0.1933057247549868
path,-10.94357817107287,-0.1952080557840009
path,-10.942798507705636,-0.19723618571538648
path,-10.942010000886642,-0.1992710908689754
path,-10.9412207064718,-0.2013054580569703
path,-10.940430623486893,-0.20333928696245948
path,-10.939639751194006,-0.2053725771881519
path,-10.938851890746689,-0.20738766279401702
path,-10.938065006399608,-0.20940055986356496
path,-10.937277570434736,-0.21141284799563945
path,-10.93648956020077,-0.213424534626596
path,-10.935700955200378,-0.21543562642833242
path,-10.934918033951341,-0.21739132145277656
path,-10.934148047728371,-0.21934749400077577
path,-10.9333788161947,-0.22130338843046435
path,-10.932608943820238,-0.22325874446826713
path,-10.931838420380249,-0.22521356518574318
path,-10.93107622599151,-0.2271377311473505
path,-10.930316344883524,-0.22906140885492318
path,-10.92955580327099,-0.23098457642036876
path,-10.928794591029185,-0.23290723690115028
path,-10.92803270511131,-0.2348293908541687
path,-10.927274629406245,-0.2367396361952316
path,-10.926515914586947,-0.23864938275069777
path,-10.925756519300538,-0.24055863246620082
path,-10.924996440699795,-0.24246738584768443
path,-10.924235675256297,-0.24437564363420736
path,-10.923483266037065,-0.24625656881390476
path,-10.92273194676836,-0.24813692086726788
path,-10.921979945448392,-0.2500167948665633
path,-10.921227260108214,-0.25189619102276606
path,-10.920473888467287,-0.25377510965493943
path,-10.919728717875392,-0.255628447740861
path,-10.918984168516227,-0.2574811965409181
path,-10.918238941659386,-0.25933348251260324
path,-10.917493036477381,-0.2611853054817281
path,-10.916746452396549,-0.2630366651873508
path,-10.916004318810916,-0.26486667790216767
path,-10.915263589708951,-0.2666944878673963
path,-10.914517125724633,-0.2685364831265749
path,-10.913740354467274,-0.27044598337386944
path,-10.912962580680281,-0.272354763435797
path,-10.912193090028776,-0.2742400619397952
path,-10.911422619639183,-0.2761246605069093
path,-10.910651154870889,-0.27800857718492267
path,-10.90987869124136,-0.27989181804149366
path,-10.909105224674335,-0.28177438860707477
path,-10.908341160961992,-0.2836309989715626
path,-10.907576125733632,-0.2854869528105412
path,-10.906810105668091,-0.28734226628656256
path,-10.906043098189068,-0.28919694295684
path,-10.905275101532718,-0.291050985357477
path,-10.904514053623837,-0.29288526160625983
path,-10.90375204024386,-0.29471891364150193
path,-10.902989052684385,-0.2965519519913909
path,-10.902225089008178,-0.2983843793346063
path,-10.901460148215964,-0.300216197183048
path,-10.900595926888132,-0.3023149932999287
path,-10.899687289125536,-0.30448327621171467
path,-10.898777273130431,-0.3066507162166289
path,-10.897865878000664,-0.3088173143697784
path,-10.896953103510901,-0.3109830709752105
path,-10.896054482658347,-0.31311120996012537
path,-10.895154544091392,-0.3152385183633213
path,-10.894253272851152,-0.31736501378588705
path,-10.893350668250044,-0.31949069725362855
path,-10.892446729446633,-0.3216155700007961
path,-10.89155506045143,-0.3237077221574974
path,-10.890662111229695,-0.3257990717081372
path,-10.88976786803925,-0.32788963493357837
path,-10.8888723314192,-0.32997941142931186
path,-10.887975501572745,-0.3320684012035391
path,-10.887093261171572,-0.33411968613919824
path,-10.886209788502429,-0.33617019426287414
path,-10.885325068661396,-0.33821994316600607
path,-10.884439110193462,-0.3402689228554261
path,-10.883558586149467,-0.34230606295107907
path,-10.882661196347893,-0.3442654744334794
path,-10.881826088542999,-0.3462250527657936
path,-10.881005976103694,-0.3481707140297865
path,-10.880185546359037,-0.35011488232098625
path,-10.879364109013355,-0.35205843051739344
path,-10.878551769604002,-0.3539648747392261
path,-10.877742938998132,-0.3558702698198408
path,-10.876932434700889,-0.3577744042286338
path,-10.876120263363307,-0.3596772859534898
path,-10.875306431467829,-0.36157892245105455
path,-10.874501973978274,-0.36345293516528454
path,-10.873696595519116,-0.3653249465069448
path,-10.872889615170045,-0.36719577330589437
path,-10.87208103920833,-0.3690654210606067
path,-10.871270874962061,-0.3709338925770808
path,-10.870466327023356,-0.3727783997320681
path,-10.86966312150926,-0.37462049661538
path,-10.868858457029372,-0.37646137188036094
path,-10.868052332618369,-0.3783010362035064
path,-10.867244749230442,-0.3801394985197457
path,-10.866447258003376,-0.3819498692317415
path,-10.865649035162221,-0.38375830210591977
path,-10.864849396323851,-0.3855656097850509
path,-10.864048335617875,-0.3873717966098431
path,-10.86324585443738,-0.38917686919784944
path,-10.8624508194601,-0.3909609069661733
path,-10.861655289540828,-0.39274383893203946
path,-10.860858846980248,-0.3945261968318766
path,-10.860061490075402,-0.3963079828023795
path,-10.859263217323617,-0.398089198726959
path,-10.85833910541753,-0.40019432250200526
path,-10.857368464570657,-0.4023530468728636
path,-10.856396465273834,-0.40451094657611003
path,-10.855423106972736,-0.4066680223243701
path,-10.8544483892346,-0.4088242746758606
path,-10.853487427750007,-0.41094223364102633
path,-10.852528896747593,-0.4130546480519115
path,-10.851569113377396,-0.41516620738455284
path,-10.850608072437254,-0.4172769179664111
path,-10.849645769283724,-0.4193867854371067
path,-10.848693709676843,-0.4214698774545691
path,-10.84774119851242,-0.42355126194847137
path,-10.846787440837932,-0.42563184405288174
path,-10.84583243433115,-0.4277116265683633
path,-10.844876176953154,-0.4297906119493045
path,-10.84393494326881,-0.43183176107741733
path,-10.842994324214041,-0.4338700846372497
path,-10.84205248227976,-0.4359076625740091
path,-10.841109417667619,-0.43794449463964114
path,-10.840165130619834,-0.43998058053692357
path,-10.839232793965653,-0.4419840801002654
path,-10.838302211122551,-0.44398335697252067
path,-10.837370512915378,-0.44598183883447645
path,-10.836437693676384,-0.4479795323488261
path,-10.83550374833542,-0.44997644347303983
path,-10.834583087613812,-0.45194057683307387
path,-10.833662663457284,-0.45390247107664555
path,-10.832741129397474,-0.45586363368845745
path,-10.831818483219614,-0.4578240672489187
path,-10.83089472297437,-0.4597837740265588
path,-10.830016343853032,-0.46159812602097244
path,-10.82917933214999,-0.4633683829904931
path,-10.82834141628603,-0.4651380391795892
path,-10.827502594367548,-0.46690709677924536
path,-10.82666286472144,-0.4686755577224075
path,-10.825832535473976,-0.47042127821005614
path,-10.825003381529196,-0.4721675258542111
path,-10.824173996661944,-0.4739139249380501
path,-10.823343719679627,-0.47565975521645054
path,-10.822512550084777,-0.4774050172968989
path,-10.821687275548996,-0.4791329218083972
path,-10.820862876639687,-0.4808583882292634
path,-10.8200376784346,-0.48258321498392637
path,-10.819211673660927,-0.48430741050418397
path,-10.818384855774065,-0.4860309823685577
path,-10.817565209646851,-0.48773655022580253
path,-10.816745596767586,-0.48944059681417074
path,-10.815925166566814,-0.49114405746147805
path,-10.815103915414177,-0.4928469363484211
path,-10.814281840060325,-0.4945492372115982
path,-10.81346779865144,-0.49623174798984143
path,-10.81265395378396,-0.4979125993998196
path,-10.811839289037605,-0.4995929037462902
path,-10.811023803117143,-0.5012726625059609
path,-10.810207494885237,-0.5029518769723869
path,-10.809263291163996,-0.5049280142946211
path,-10.808276994080758,-0.5069508830002959
path,-10.807289493506346,-0.5089729700593587
path,-10.80630078907291,-0.5109942758823132
path,-10.805310880508623,-0.5130148007677535
path,-10.804333354195625,-0.5150030828509319
path,-10.803357943145855,-0.516987100459021
path,-10.80238143294534,-0.5189702935467605
path,-10.801403817619017,-0.5209526689187507
path,-10.800425091817258,-0.5229342326580643
path,-10.799461356878988,-0.5248802940664138
path,-10.798499029001007,-0.5268229075942193
path,-10.79753560104139,-0.5287647745150166
path,-10.79657107148102,-0.5307058965291646
path,-10.79560543900011,-0.5326462751092945
path,-10.794651931578029,-0.5345558192224904
path,-10.793700435618693,-0.5364613894263358
path,-10.792747938018843,-0.5383661719184681
path,-10.791794520841112,-0.5402697608966083
path,-10.790815008287,-0.5421790381421002
path,-10.789871837960245,-0.5440629487536671
path,-10.788929454182211,-0.5459470218021767
path,-10.787986053437015,-0.5478304376392825
path,-10.787041629920475,-0.5497131933732337
path,-10.786096178435782,-0.5515952863220994
path,-10.785163184711168,-0.5534489877926441
path,-10.784230253486882,-0.5553009150051372
path,-10.783296305980803,-0.557152202707221
path,-10.782361339687355,-0.5590028479979686
path,-10.781425352390666,-0.5608528481920647
path,-10.780493488641739,-0.5626919518331653
path,-10.779560722954722,-0.5645302966151369
path,-10.778626941887742,-0.5663679977512383
path,-10.777692144205224,-0.568205053151903
path,-10.776756328838665,-0.5700414608676346
path,-10.77583103534129,-0.5718537250045133
path,-10.77490581387462,-0.5736642404622705
path,-10.77397959112652,-0.5754741300534834
path,-10.773052367346528,-0.5772833913938695
path,-10.772124142807613,-0.579092022270643
path,-10.771206195449212,-0.5808756638687645
path,-10.770289353279102,-0.5826563841799904
path,-10.769371614161049,-0.5844364089094223
path,-10.768452971513403,-0.5862157439767862
path,-10.767533419424607,-0.5879943946798502
path,-10.766623258961433,-0.5897518302202354
path,-10.76571297396061,-0.5915078046479307
path,-10.764801784632185,-0.5932631268552316
path,-10.763889683519112,-0.5950178031370823
path,-10.762976669193609,-0.5967718348202253
path,-10.761928300762758,-0.5988347397040785
path,-10.760823359052912,-0.6009509882194071
path,-10.759717067736874,-0.6030663164822109
path,-10.758609424930084,-0.6051807250335887
path,-10.757500429044276,-0.6072942143187522
path,-10.756407994010603,-0.6093695837355219
path,-10.7553172645667,-0.6114408711468233
path,-10.754225297244334,-0.6135112044641283
path,-10.75313208504827,-0.6155805905984036
path,-10.7520376217333,-0.6176490357286942
path,-10.75096688541898,-0.6196669353601685
path,-10.74989808330526,-0.62168075497031
path,-10.748828055897315,-0.6236937193561173
path,-10.74775680161762,-0.6257058298614044
path,-10.746684319109878,-0.6277170876283613
path,-10.745628251990839,-0.6296915760039352
path,-10.744573786096565,-0.6316623135231332
path,-10.743518205937749,-0.6336321608518559
path,-10.742461504314717,-0.6356011254996278
path,-10.741403674775883,-0.6375692141836812
path,-10.74036281882497,-0.6395016380858506
path,-10.739322369292136,-0.6414317124542305
path,-10.73828080773911,-0.6433609692042808
path,-10.737238131167194,-0.6452894113895995
path,-10.736194336922576,-0.6472170417020348
path,-10.735159939524898,-0.6491240375951809
path,-10.734125017000208,-0.6510296677839563
path,-10.733088990111305,-0.6529345135959229
path,-10.732051857701032,-0.6548385761512161
path,-10.731013618780146,-0.6567418563957006
path,-10.730020862185189,-0.6585316787931264
path,-10.729053913894054,-0.6602990613467183
path,-10.728086068592548,-0.6620656768361972
path,-10.727117320208128,-0.6638315346487125
path,-10.726147663290352,-0.6655966432183023
path,-10.725200552957128,-0.6673242983801296
path,-10.724299616804414,-0.6690072598907643
path,-10.723436688883544,-0.6707195242026264
path,-10.722608059971542,-0.6724617428523534
path,-10.721750152962441,-0.6741842568322519
path,-10.720904459997959,-0.6758809355693163
path,-10.720058769048949,-0.6775756633572114
path,-10.719212550047859,-0.6792699599214104
path,-10.718365803697795,-0.6809638233742785
path,-10.717518530668524,-0.6826572520145517
path,-10.716680666998426,-0.6843306596473039
path,-10.715842574990614,-0.686002826544814
path,-10.715003970643803,-0.6876745652962123
path,-10.714164854510969,-0.6893458747832812
path,-10.71332522712448,-0.6910167540014915
path,-10.712494407550617,-0.6926688882614609
path,-10.711663324810129,-0.6943199273991326
path,-10.710831743785281,-0.6959705437908249
path,-10.709999664932955,-0.6976207367859538
path,-10.709167088697278,-0.6992705058030085
path,-10.708215724159716,-0.7011487004240967
path,-10.707220598261571,-0.7031164958142528
path,-10.706225058334464,-0.7050843029180283
path,-10.705228734594987,-0.7070515645800325
path,-10.704231635058834,-0.7090182744022625
path,-10.703251485942932,-0.7109507723566123
path,-10.702271950896336,-0.712878849974081
path,-10.701291686651249,-0.714806383251205
path,-10.70031069872281,-0.7167333679580218
path,-10.69932899214823,-0.7186598002834149
path,-10.698368693158832,-0.7205446028878669
path,-10.697410167337283,-0.7224218218867019
path,-10.69645096878792,-0.7242985082615641
path,-10.695491101020979,-0.7261746594908414
path,-10.694530567253889,-0.7280502733122216
path,-10.693586695782383,-0.7298927196919516
path,-10.692643423379613,-0.7317310935690273
path,-10.691699517620536,-0.7335689457226391
path,-10.690754980600726,-0.7354062750810483
path,-10.689809814520771,-0.7372430801194538
path,-10.688879718303022,-0.7390498094197594
path,-10.687949986217003,-0.7408532470274991
path,-10.687019651837202,-0.742656175880073
path,-10.686088716698904,-0.7444585951230911
path,-10.685157182312686,-0.7462605038152713
path,-10.684234129236993,-0.7480445495593266
path,-10.68331068986597,-0.7498275261586123
path,-10.682386666547615,-0.751610000822958
path,-10.681462060365412,-0.753391973072356
path,-10.680536872412159,-0.7551734423194901
path,-10.679624948012407,-0.75692841715856
path,-10.678713120405947,-0.7586810108830102
path,-10.677800731522202,-0.7604331165449443
path,-10.67688778222764,-0.7621847337372487
path,-10.675974273145986,-0.7639358625346465
path,-10.675075453109677,-0.7656581478102156
path,-10.67417695843415,-0.7673774754105593
path,-10.67327792554263,-0.7690963309868387
path,-10.672378354927,-0.7708147146926371
path,-10.671479952908362,-0.7725336832776862
path,-10.670593661095491,-0.774230688924124
path,-10.669708084914921,-0.7759268698995078
path,-10.668822000306653,-0.7776225980398639
path,-10.667935406357856,-0.7793178734268237
path,-10.667048302139047,-0.7810126963635659
path,-10.666171835818652,-0.7826861044094029
path,-10.66529519286799,-0.7843581466880732
path,-10.66441031165575,-0.7860212813635407
path,-10.663532214180252,-0.7876851950419992
path,-10.662655997355348,-0.7893462120584913
path,-10.661791151828888,-0.7909795969660438
path,-10.660927854689724,-0.792604060301784
path,-10.660064670122884,-0.7942222664337889
path,-10.659201609702531,-0.7958341764150639
path,-10.658338683585864,-0.797439751026602
path,-10.657343509601832,-0.7992568349581165
path,-10.656314607243411,-0.8011597228426484
path,-10.655285018317633,-0.8030619499638036
path,-10.65425477955657,-0.8049634858954358
path,-10.653223869567688,-0.8068643508220866
path,-10.652202960909761,-0.8087371565550071
path,-10.65119133379539,-0.8105988470476331
path,-10.650218224093994,-0.8124625951416304
path,-10.64926281523811,-0.8143252676318734
path,-10.648306789997259,-0.8161873867721269
path,-10.647361056497948,-0.8180201349268823
path,-10.646430115273775,-0.8198134204581219
path,-10.645523345208568,-0.8215660239635219
path,-10.644612662717796,-0.8232965035723935
path,-10.643695329013301,-0.8250065998341831
path,-10.642794716479973,-0.8266900742277221
path,-10.641890359097754,-0.8283524962071899
path,-10.640979518148395,-0.8299950083492357
path,-10.64006224417032,-0.8316177668274684
path,-10.6391385871987,-0.8332209265453058
path,-10.638229166335226,-0.8347989494360774
path,-10.637315394790077,-0.8363569951580916
path,-10.636395396763685,-0.8378958934590909
path,-10.635469219969231,-0.839415792968684
path,-10.634536911675385,-0.8409168410648533
path,-10.633629307794761,-0.8423725817461615
path,-10.63271969498715,-0.843771198155237
path,-10.631794399955899,-0.8451221837794797
path,-10.630855351920696,-0.8464247556866703
path,-10.629910168665429,-0.847703893097194
path,-10.628965691924282,-0.8489631285576095
path,-10.628015427643705,-0.8502044457281259
path,-10.627059413989482,-0.8514279719737469
path,-10.626097691223475,-0.852633832719721
path,-10.625130299228612,-0.8538221521969558
path,-10.62417300066454,-0.8549886395697763
path,-10.623210933764373,-0.856137538735814
path,-10.622243320672265,-0.8572692584228891
path,-10.621270199484838,-0.8583839172553416
path,-10.620291607940098,-0.8594816326964994
path,-10.61931883552081,-0.8605593390587509
path,-10.618340973914876,-0.8616202244169591
path,-10.617357756794634,-0.8626645092943832
path,-10.61636922027886,-0.8636923059537356
path,-10.6153752246409,-0.864705112609719
path,-10.614387829417014,-0.86570012519296
path,-10.613397057270825,-0.8666838495773006
path,-10.612405195412213,-0.8676648707150424
path,-10.611412402351338,-0.8686437136608189
path,-10.61041873604375,-0.8696205674047923
path,-10.6094322070221,-0.8705914962189125
path,-10.608444843475384,-0.871560439245691
path,-10.607456658260434,-0.8725275478333163
path,-10.606467720616076,-0.8734930486389192
path,-10.605478038970242,-0.8744569678257051
path,-10.604275384501864,-0.8755043113668903
path,-10.603033045089722,-0.8765642043176914
path,-10.601790506500437,-0.8776246779581727
path,-10.600547751215133,-0.8786856716216285
path,-10.59930487271306,-0.8797474887527346
path,-10.59807947632474,-0.8808051616277345
path,-10.596854387965882,-0.8818615537644992
path,-10.595619161541755,-0.8828896230257209
path,-10.594375544152852,-0.8838926402156617
path,-10.59312700140362,-0.8848781047398787
path,-10.591899618069704,-0.8858584359540682
path,-10.590673669363069,-0.8868427982333946
path,-10.58944303658216,-0.8878145294222376
path,-10.588213787792027,-0.8887781925935346
path,-10.586988137538144,-0.8897528254731809
path,-10.585783889142087,-0.8907389801112541
path,-10.584584834798898,-0.8917411042755214
path,-10.583390508677928,-0.8927596978880812
path,-10.582200889132693,-0.893794699049886
path,-10.581016066769958,-0.8948464116150721
path,-10.579854500977852,-0.8959094305233529
path,-10.578697787296697,-0.8969873265273083
path,-10.577542245529306,-0.8980701405178463
path,-10.576387210004667,-0.899155689468963
path,-10.575232717128072,-0.9002440938669951
path,-10.574094715859658,-0.9013309372159506
path,-10.572957782875417,-0.9024207154728426
path,-10.571821507688512,-0.9035137073114442
path,-10.570685926656159,-0.9046100326292645
path,-10.569551076194792,-0.9057098114378868
path,-10.568432935075778,-0.906808612796995
path,-10.567316043099792,-0.9079109488378251
path,-10.566199996891363,-0.9090170955795559
path,-10.565084841726113,-0.9101272012881307
path,-10.563970615933753,-0.9112413923846225
path,-10.562872933097863,-0.9123554974469377
path,-10.561776750816088,-0.9134740793769587
path,-10.56068176078163,-0.9145975838940116
path,-10.559588071650643,-0.91572636546118
path,-10.55849581601086,-0.9168608562842961
path,-10.557414534848595,-0.9179989147026114
path,-10.556335102384306,-0.9191440088655451
path,-10.55525788445367,-0.9202973408241337
path,-10.554183560118949,-0.9214611153992259
path,-10.553113398176956,-0.9226394447178622
path,-10.55206149163665,-0.9238253804638528
path,-10.551013643547146,-0.9250240134578385
path,-10.54996963861117,-0.9262361688257662
path,-10.548929514350405,-0.9274619719709427
path,-10.547893308565172,-0.9287015491539408
path,-10.54687582838045,-0.9299507956644228
path,-10.545862772149501,-0.9312139175728037
path,-10.544853754755938,-0.9324911941772999
path,-10.543848814914265,-0.9337827544454325
path,-10.542847991633078,-0.9350887282493877
path,-10.541872806863758,-0.9364031256025298
path,-10.540903047961049,-0.9377317580166902
path,-10.53993753237834,-0.9390751940359298
path,-10.538976299990113,-0.9404335660272631
path,-10.538019390981301,-0.9418070073095363
path,-10.537084636915974,-0.9431905513623351
path,-10.536154933961907,-0.9445892023019983
path,-10.535229683359105,-0.9460033241812844
path,-10.534308926291619,-0.9474330532343661
path,-10.533392704271002,-0.9488785266944975
path,-10.532496054052798,-0.9503355692726916
path,-10.531602363968826,-0.9517939456507003
path,-10.53070992518245,-0.9532663384533808
path,-10.529822210651735,-0.9547549678534073
path,-10.52893926169014,-0.9562599800560725
path,-10.528068491798958,-0.9577557843514138
path,-10.527198262586541,-0.9592496266570946
path,-10.526327540188712,-0.9607428557140711
path,-10.525456321360053,-0.9622354669440601
path,-10.524584603192682,-0.9637274562183411
path,-10.523722130598275,-0.9652017369350463
path,-10.522860217977046,-0.9666740254700878
path,-10.521997811993117,-0.968145698216732
path,-10.52113491078502,-0.9696167524491067
path,-10.520271512694636,-0.9710871857124388
path,-10.519178634677209,-0.9726402240014199
path,-10.518029575298417,-0.9742015097938811
path,-10.516874440740985,-0.9757476582627697
path,-10.515721242069402,-0.9772990207650774
path,-10.514573375288885,-0.9788689484542576
path,-10.513460247995194,-0.9804315560596306
path,-10.512355562726242,-0.9820057778134083
path,-10.511256366251283,-0.9835990272664812
path,-10.51016270474603,-0.9852114611644902
path,-10.509074624824983,-0.9868432372289898
path,-10.508014869101634,-0.9885021666159174
path,-10.50697816290311,-0.9902249617249128
path,-10.505947389734017,-0.9919678884462704
path,-10.504915887690547,-0.993709899097765
path,-10.503883656353773,-0.9954509933511195
path,-10.502861464811012,-0.997168920232589
path,-10.501849787941135,-0.998871207621041
path,-10.500837486229639,-1.0005725191860173
path,-10.499824485288391,-1.0022729523082508
path,-10.498810785004496,-1.0039725068369554
path,-10.497807654402886,-1.005648388238768
path,-10.49681486895218,-1.0073089552259034
path,-10.495821419260277,-1.0089686755855387
path,-10.494820364546793,-1.010627239423555
path,-10.493817842006555,-1.0122848543958185
path,-10.492832245193808,-1.013912091705979
path,-10.49184909370015,-1.0155336897788085
path,-10.490865273909813,-1.0171544067718516
path,-10.489880785702587,-1.0187742425726447
path,-10.488895629003057,-1.0203931970775175
path,-10.487928619539922,-1.0219800134836978
path,-10.48696459076789,-1.023560449753831
path,-10.485999923678323,-1.0251400441576681
path,-10.485034618314156,-1.0267187966213147
path,-10.484068674745396,-1.0282967070770923
path,-10.483121579686953,-1.0298417227829406
path,-10.482177654520157,-1.0313800603783065
path,-10.48123312187515,-1.0329175958604857
path,-10.480279467677061,-1.0344477277839534
path,-10.479311482760652,-1.035939274155093
path,-10.478338479029253,-1.0373874334334139
path,-10.477352258514504,-1.0387948238996523
path,-10.476353509482925,-1.0401641961206733
path,-10.475351576997488,-1.0415246029682956
path,-10.474349035292791,-1.0428840921976383
path,-10.473360195228885,-1.0442246121928598
path,-10.472371728022818,-1.0455616212814705
path,-10.471382670331282,-1.0468977405503195
path,-10.470393022284634,-1.0482329700354778
path,-10.46940278403379,-1.0495673097876401
path,-10.468426560094144,-1.0508825857530237
path,-10.467450644940628,-1.0521943479302265
path,-10.466474158442542,-1.0535052482070808
path,-10.46549710080014,-1.0548152866719525
path,-10.464519472225986,-1.0561244634222668
path,-10.463552560308095,-1.0574184617323379
path,-10.462585521674601,-1.058710273408648
path,-10.461617926394021,-1.060001244222437
path,-10.460649774706388,-1.0612913742935575
path,-10.459681066859055,-1.062580663747613
path,-10.458724284362923,-1.0638535696825198
path,-10.457767493417599,-1.065123912039035
path,-10.4568101618982,-1.066393436597893
path,-10.455852290545891,-1.0676621426550732
path,-10.454893878215723,-1.0689300328049534
path,-10.45394292995717,-1.070186848739766
path,-10.452991585340607,-1.0714423712103902
path,-10.45203971058832,-1.0726970904090498
path,-10.45108730596972,-1.0739510064835656
path,-10.450134371756805,-1.0752041195841455
path,-10.449190326114788,-1.0764446490232067
path,-10.448245934427447,-1.077683583466954
path,-10.447301024547995,-1.0789217314613617
path,-10.446355596748223,-1.0801590931594065
path,-10.445409651301436,-1.0813956687156794
path,-10.444473742640929,-1.0826184826979675
path,-10.443537529476316,-1.083839469099509
path,-10.442600811158162,-1.0850596875837353
path,-10.441663587955409,-1.0862791383050219
path,-10.440725860164864,-1.0874978213730522
path,-10.43957373841706,-1.0888226317995022
path,-10.438389190694812,-1.0902736003139215
path,-10.437223127558223,-1.0917831929870974
path,-10.436056258038745,-1.0932916213061838
path,-10.434888587811457,-1.094798877857757
path,-10.43373563641914,-1.0962870472487194
path,-10.432582499903202,-1.0977712493435356
path,-10.43142859199701,-1.0992543102898726
path,-10.43027391501696,-1.1007362296443832
path,-10.429118471106205,-1.1022170070374995
path,-10.427987569062243,-1.1036708522100371
path,-10.426857965038408,-1.1051144495819893
path,-10.425727634548041,-1.1065569579556433
path,-10.424596579167702,-1.1079983771572988
path,-10.423464800362778,-1.1094387070686016
path,-10.422352327664944,-1.1108564072468967
path,-10.421240110746359,-1.112267957812743
path,-10.420127200334846,-1.1136784591186168
path,-10.419013597550496,-1.1150879111578067
path,-10.41789930344313,-1.1164963139621547
path,-10.416802902331145,-1.1178835506893254
path,-10.415706492809289,-1.1192656218287675
path,-10.414609418139976,-1.1206466799568056
path,-10.413511679158658,-1.1220267251652662
path,-10.412413276642573,-1.1234057575983987
path,-10.411331476224698,-1.1247649899149776
path,-10.410249539324495,-1.126119765047742
path,-10.409166962161878,-1.127473560346088
path,-10.40808374538243,-1.128826375980064
path,-10.406999889611338,-1.130178212121432
path,-10.405931536963415,-1.1315114713673193
path,-10.404862916219283,-1.1328408488984383
path,-10.403793677427352,-1.1341692770172367
path,-10.40272382104201,-1.135496756061671
path,-10.401653347660858,-1.136823286092503
path,-10.400597401323356,-1.1381323365882923
path,-10.39954106196758,-1.139438011643264
path,-10.3984841250067,-1.1407427645662582
path,-10.397426589528639,-1.1420465978983936
path,-10.39636845735257,-1.1433495095294965
path,-10.395323957819285,-1.144635944195412
path,-10.394278968522514,-1.1459194393191867
path,-10.393233399360188,-1.1472020388948625
path,-10.392187250745394,-1.1484837431368757
path,-10.391140523076318,-1.1497645522736104
path,-10.39010654509379,-1.151029889309401
path,-10.389072063300414,-1.1522925791418988
path,-10.388037018294078,-1.153554397257045
path,-10.387001410455804,-1.15481534386654
path,-10.385965240164534,-1.1560754191817548
path,-10.384651828058571,-1.1574494000801328
path,-10.383225847223683,-1.1589810985084334
path,-10.381835364662846,-1.1606232113172257
path,-10.380453561761412,-1.1622936154442496
path,-10.379070754480715,-1.1639624851545087
path,-10.377718622179383,-1.1656038226576078
path,-10.37636679061269,-1.1672300509546607
path,-10.375014006964426,-1.168854817456876
path,-10.373660272916592,-1.1704781223447382
path,-10.372305590078367,-1.1720999658055888
path,-10.37098627229443,-1.1736933429260783
path,-10.369667724509405,-1.1752671381063835
path,-10.368348250294975,-1.1768394446626098
path,-10.367027885029533,-1.1784103708451104
path,-10.365706628643522,-1.1799799190680245
path,-10.364405659618466,-1.1815224314791595
path,-10.363111086059188,-1.1830776782677643
path,-10.361817192632738,-1.184635108389458
path,-10.360523286669064,-1.1861937707405268
path,-10.359229416304927,-1.1877538191997983
path,-10.357967955506226,-1.18928822743825
path,-10.35670957293242,-1.1908239438032233
path,-10.355451409287122,-1.1923614650016892
path,-10.354193513306448,-1.1939009476910936
path,-10.352935933945806,-1.1954425483630406
path,-10.351728084152118,-1.1969702566944171
path,-10.350528889992892,-1.1984971146721553
path,-10.3493301783739,-1.2000265453467343
path,-10.348131997756242,-1.201558700874826
path,-10.34693439673434,-1.203093733345151
path,-10.345750788470948,-1.2046275975488245
path,-10.344567935006733,-1.2061646126887813
path,-10.343385811930073,-1.2077049577536858
path,-10.342204468052598,-1.2092487840209452
path,-10.341023952328824,-1.2107962429184653
path,-10.339874268516441,-1.2123381847130543
path,-10.338727457527563,-1.213883319152311
path,-10.337581634380582,-1.2154325380625357
path,-10.33643684292518,-1.2169859828720921
path,-10.335293135477635,-1.218543807798621
path,-10.334183990567809,-1.220095792767275
path,-10.333078530266016,-1.2216515028251265
path,-10.331974311903727,-1.2232120369184298
path,-10.330871384183958,-1.224777544101794
path,-10.32976979838296,-1.2263481790101256
path,-10.328696048190746,-1.227915847602066
path,-10.327625439789717,-1.229488286265683
path,-10.326556326721228,-1.2310662906901346
path,-10.32548875783868,-1.232650009936856
path,-10.324422784620321,-1.2342395988292982
path,-10.323383707222515,-1.2358273115498006
path,-10.322347752699985,-1.2374206396494982
path,-10.321313547003689,-1.2390202755277149
path,-10.320281141811252,-1.2406263743624162
path,-10.319250580280102,-1.242239073914936
path,-10.31824299111408,-1.2438249871984
path,-10.317237942356329,-1.245406825639262
path,-10.316232431159845,-1.246988231348302
path,-10.315226457714056,-1.2485692042153995
path,-10.314200469469176,-1.2501287774918097
path,-10.313188763654027,-1.2516525202939472
path,-10.312174663637993,-1.253168474878045
path,-10.311153392818806,-1.2546656724763892
path,-10.310135327729206,-1.2561733536141135
path,-10.30911495401197,-1.2576912478982747
path,-10.308106002147749,-1.2591859799518612
path,-10.307095269527256,-1.2606780652792708
path,-10.306081331607771,-1.2621691581330132
path,-10.30506417433085,-1.2636592665121311
path,-10.304043777816311,-1.265148382072092
path,-10.303034303045244,-1.266615722697775
path,-10.30202229372928,-1.2680812912488348
path,-10.301007046065209,-1.2695458662453114
path,-10.299988514850037,-1.2710094349903842
path,-10.298966645778766,-1.2724719829942668
path,-10.297954781790379,-1.2739142677210331
path,-10.296928566527487,-1.2753231951657535
path,-10.295903505497261,-1.2767333642385135
path,-10.294877673837656,-1.2781617361057123
path,-10.293851670766793,-1.27959827894602
path,-10.292548996416789,-1.2811381992726978
path,-10.291123681434351,-1.2827295527376854
path,-10.289697024751177,-1.2843362773660194
path,-10.28826630618209,-1.2859621763194944
path,-10.286770323934224,-1.2876582967060861
path,-10.285225403710108,-1.2894749204008527
path,-10.28367753139878,-1.291326355934665
path,-10.282106123531266,-1.2931704626275433
path,-10.280553255453938,-1.2950180993184006
path,-10.278996778280895,-1.2968622860488794
path,-10.277446368061614,-1.2986403923720433
path,-10.275841406141687,-1.3004004326345113
path,-10.27415950724133,-1.3021325519387041
path,-10.272387163606826,-1.3037939766602613
path,-10.270528007645988,-1.3053039257313976
path,-10.268718178583487,-1.3066837310876471
path,-10.26681334920543,-1.308083794223131
path,-10.26494497965921,-1.3094842142959757
path,-10.263096284907927,-1.3106996308827066
path,-10.26123545584808,-1.3117494664804341
path,-10.259400283293068,-1.312845758465897
path,-10.257587605775306,-1.3140127906051575
path,-10.255796354037,-1.3152561802479472
path,-10.25402562452078,-1.3165800556000886
path,-10.252274567397825,-1.317987136489712
path,-10.250539453999956,-1.319466047359017
path,-10.248820133225715,-1.3210290972699203
path,-10.247121842055718,-1.3226632450314437
path,-10.245476812020373,-1.3243151812403082
path,-10.243873746753394,-1.3259719803896257
path,-10.242244361798367,-1.3275693222913376
path,-10.240641380446744,-1.3291856634429797
path,-10.239083109315741,-1.3308109715739573
path,-10.237542881561122,-1.332443210604704
path,-10.236020805891085,-1.3340752260523001
path,-10.234515020798298,-1.3356747140421183
path,-10.233017934078333,-1.3372696663884382
path,-10.23152037276516,-1.3388642165848748
path,-10.229991156233632,-1.3404501467463135
path,-10.22847157764667,-1.3420390143814296
path,-10.226970685459163,-1.3435938816700688
path,-10.225460886685957,-1.345145983939428
path,-10.223958078085088,-1.3466987851331584
path,-10.222468157066654,-1.3482549770374417
path,-10.220966056806427,-1.3498076538756096
path,-10.219484146875491,-1.3513374978675368
path,-10.218015023167775,-1.352869759382881
path,-10.216535627512457,-1.3543983568478999
path,-10.215054456715992,-1.3559275074630837
path,-10.21358362484543,-1.3574594598212744
path,-10.212129153024174,-1.358961775958388
path,-10.210672628155752,-1.3604634030446274
path,-10.20922329723157,-1.3619666868444131
path,-10.20776210612705,-1.3634666508134432
path,-10.206310271514374,-1.3649694301477988
path,-10.204694131791873,-1.3665542286210395
path,-10.20295335811065,-1.368171649747514
path,-10.201125291004152,-1.3698414435771271
path,-10.199259016007,-1.3715988192450503
path,-10.19736085935311,-1.3734493105769465
path,-10.195441784206146,-1.3753658362468923
path,-10.193537771950368,-1.3773156883030262
path,-10.191644173226797,-1.3792683801607668
path,-10.189746267771401,-1.3812186693211497
path,-10.187857666410054,-1.3831722747789084
path,-10.186019872638957,-1.385052527796291
path,-10.184189145952656,-1.3869273671024833
path,-10.182358051751365,-1.3888020991761185
path,-10.180530827099638,-1.390679048216061
path,-10.178700739101764,-1.3925542397076334
path,-10.176929644288485,-1.3943710737244146
path,-10.175174672917246,-1.3961850904626765
path,-10.173405611625777,-1.3979960483138583
path,-10.171649605876208,-1.3998097800453928
path,-10.169880583407737,-1.4016203368051225
path,-10.168161489808643,-1.4033789191042314
path,-10.166442703027469,-1.4051320029558487
path,-10.164722384710517,-1.4068846638664625
path,-10.163003600002272,-1.4086377774036323
path,-10.161281922370266,-1.4103893340561233
path,-10.159600310700753,-1.4120940764727044
path,-10.157927840842463,-1.4137975431819654
path,-10.156255648685447,-1.4155008408712215
path,-10.154585494478864,-1.4172051106231385
path,-10.152917084460674,-1.4189087587688622
path,-10.15129182788855,-1.420564902635775
path,-10.149683728821511,-1.4222193686836457
path,-10.148064339802437,-1.4238705552002124
path,-10.146454986545299,-1.42552482444761
path,-10.144835876305219,-1.427175638112582
path,-10.14325906131151,-1.4287927524771706
path,-10.141687706314366,-1.4304070055637963
path,-10.140103785513055,-1.4320196988595904
path,-10.13853276363876,-1.4336343419840902
path,-10.136947209903317,-1.4352461452285863
path,-10.135397092062549,-1.436825045805259
path,-10.133845582430661,-1.4384019270124284
path,-10.132289443382021,-1.4399761515040275
path,-10.130732835368946,-1.441550103177921
path,-10.129176267790747,-1.4431245502742494
path,-10.127650351135395,-1.4446699827625942
path,-10.126127948400542,-1.4462146580328172
path,-10.124600945294679,-1.4477566230300494
path,-10.123076886255461,-1.4493002065940734
path,-10.121551969477888,-1.4508433891286865
path,-10.120058873779081,-1.4523528038849702
path,-10.1185710224383,-1.4538622422679166
path,-10.117081187105333,-1.455371053671259
path,-10.115588772623132,-1.456878550346672
path,-10.114096706613669,-1.4583859399041486
path,-10.11263410222697,-1.4598632991909568
path,-10.111172511110457,-1.46134013256049
path,-10.109725976503944,-1.462819678219121
path,-10.108272898052297,-1.4642855361058311
path,-10.106828209180621,-1.46575260803111
path,-10.105390163276015,-1.4672058778198325
path,-10.103954751558078,-1.4686633980699315
path,-10.10251687267993,-1.4701171086907228
path,-10.10105799231618,-1.471569108070785
path,-10.099598334754624,-1.4730179508689005
path,-10.098163032455693,-1.4744479931375678
path,-10.096744752076624,-1.475879171402657
path,-10.095312123232855,-1.4773072193523549
path,-10.093894687992014,-1.4787382041514885
path,-10.092463638560117,-1.480166103349577
path,-10.091053860208726,-1.4815646921899857
path,-10.089625003410843,-1.482960705529955
path,-10.088224783500907,-1.4843713256941595
path,-10.086825564275701,-1.485791088025989
path,-10.085442050398935,-1.4872124382780851
path,-10.08407471320756,-1.4886120886276017
path,-10.082707738457342,-1.4900159795253987
path,-10.081337562948592,-1.4914204006350793
path,-10.079973715699314,-1.4928240078733575
path,-10.078608938513236,-1.4942256524672646
path,-10.077126264757796,-1.4957947140172998
path,-10.075605569214185,-1.4974636216232422
path,-10.074048695067425,-1.499221372555266
path,-10.072456603614857,-1.5010602331323282
path,-10.070862154121432,-1.5028921922064182
path,-10.069276411100024,-1.5046660657661126
path,-10.067678911449068,-1.5064394909998229
path,-10.066072909134107,-1.5082074399523806
path,-10.064458961699147,-1.509970189542205
path,-10.062831696002691,-1.5117357583974291
path,-10.061211773993726,-1.5134497044904545
path,-10.059586132415193,-1.515155667784784
path,-10.057947717869107,-1.5168633244785328
path,-10.056300048349659,-1.518568062138052
path,-10.054638943954789,-1.5202764905815243
path,-10.053008495740093,-1.5219291931769523
path,-10.051384982632154,-1.5235750180957741
path,-10.049761421952702,-1.525225946510087
path,-10.048137068732261,-1.5268762793773585
path,-10.046518467132312,-1.5285210446895243
path,-10.04491776112729,-1.5301297022268792
path,-10.043328357408171,-1.5317422132861371
path,-10.041747830251568,-1.533348090345659
path,-10.040162643765163,-1.5349568432872496
path,-10.038573470735718,-1.5365673991143016
path,-10.037006035554038,-1.5381395180129203
path,-10.035458561480675,-1.5397061448945286
path,-10.033909676791438,-1.5412768172054518
path,-10.032360546809374,-1.5428502501071113
path,-10.03081816620716,-1.544418840678726
path,-10.029291320065424,-1.5459557951840521
path,-10.027769372059609,-1.547494601569195
path,-10.02625034317373,-1.5490358775677533
path,-10.024733514384874,-1.5505726895482244
path,-10.023217466611618,-1.5521089676920514
path,-10.021711410585157,-1.5536187920159164
path,-10.020223535376381,-1.5551278859723106
path,-10.018734303878094,-1.5566354571847156
path,-10.017243504215056,-1.5581441673543672
path,-10.015753160660667,-1.5596559134694192
path,-10.014284685835921,-1.5611370661354038
path,-10.012822405566096,-1.5626168029161642
path,-10.011358236961469,-1.5640997003786274
path,-10.009894956690783,-1.565585217823181
path,-10.008433890408051,-1.5670651044584216
path,-10.006985267078557,-1.5685206240964737
path,-10.005542567494306,-1.5699805435327907
path,-10.004102337985337,-1.5714375253775374
path,-10.002665218662141,-1.5728918374899534
path,-10.001223191992901,-1.5743516870248362
path,-9.999671183133376,-1.575935467060393
path,-9.998078114742615,-1.5776260457906095
path,-9.996453717308954,-1.5794061361008682
path,-9.994798936453416,-1.5812812492782164
path,-9.993117651710211,-1.5832574730845497
path,-9.991454699527537,-1.5851747177068627
path,-9.98978815623683,-1.587075130374077
path,-9.988108700680648,-1.588982354221395
path,-9.98642829079279,-1.5908790389288234
path,-9.984737530799563,-1.592778531758267
path,-9.983047049585066,-1.5946525433475116
path,-9.981355967103795,-1.5965164475975198
path,-9.979653523983027,-1.5983853062402542
path,-9.97794423398491,-1.600253252006585
path,-9.97623184698803,-1.6021147354556042
path,-9.97453141440217,-1.6039178189953893
path,-9.972827132951357,-1.6057145839910552
path,-9.971117871957013,-1.6075079630021254
path,-9.969397293834952,-1.6093073895757748
path,-9.967676685157647,-1.6110971268821788
path,-9.965970232365173,-1.6128235536582132
path,-9.964256052532056,-1.6145487793235462
path,-9.962542683281086,-1.6162657275331396
path,-9.960821171641173,-1.6179872065497283
path,-9.959095733207997,-1.6197103565815638
path,-9.957405630961588,-1.6213861911617096
path,-9.955719388733812,-1.623058111977087
path,-9.95403881883715,-1.6247322499061447
path,-9.952361485150192,-1.626401192728938
path,-9.95068196904778,-1.6280726200354039
path,-9.94901868190667,-1.6297030322963018
path,-9.947379410489486,-1.6313275737153479
path,-9.945739596008703,-1.6329580091813527
path,-9.944101088122276,-1.6345906749565566
path,-9.942473799375415,-1.6362157548663308
path,-9.940859873369847,-1.6378077337679073
path,-9.939258352214322,-1.6394015602737892
path,-9.937668049477665,-1.6409885546763807
path,-9.93607467682068,-1.6425830197999969
path,-9.934483529663895,-1.6441758824791857
path,-9.932916326620314,-1.645730257374771
path,-9.93134940559906,-1.6472908617551014
path,-9.929796075970502,-1.6488455674455504
path,-9.928239834899895,-1.650403546345431
path,-9.92668177677239,-1.6519653588040946
path,-9.92514023600367,-1.6534965275489135
path,-9.923601120121825,-1.6550273014381445
path,-9.922067895353813,-1.6565610818424705
path,-9.920536770012456,-1.658089736116014
path,-9.919022539306786,-1.659611780920429
path,-9.917519504679799,-1.661111361681626
path,-9.916025790743436,-1.662611082339605
path,-9.914541099821834,-1.6641062950688652
path,-9.91305439891079,-1.6656086117536142
path,-9.911582609472724,-1.6671039006205333
path,-9.909974133570621,-1.6688187312492253
path,-9.908339642452296,-1.670675968687127
path,-9.906684580169586,-1.6726221114017337
path,-9.90500674722887,-1.6746485680806091
path,-9.903300583167391,-1.6767300815907171
path,-9.901601782034497,-1.6787578348227847
path,-9.89989100177385,-1.6808005611195538
path,-9.89816800252207,-1.6828612787083668
path,-9.896448788199935,-1.6848753273182475
path,-9.894732485788456,-1.6868801968170044
path,-9.893046271029618,-1.6888229150836818
path,-9.891364917866653,-1.6907627845478064
path,-9.889685598377731,-1.692708135275408
path,-9.88801966102544,-1.694645919845444
path,-9.886354450144216,-1.6965908776235346
path,-9.884728426258206,-1.6984444314300962
path,-9.88310312697164,-1.7003005650803336
path,-9.881489116070016,-1.702149962372019
path,-9.879877792548688,-1.704003370075289
path,-9.878271835014967,-1.7058598841796795
path,-9.876699843081791,-1.7076505332223186
path,-9.87512906117799,-1.7094431350952015
path,-9.873570479388295,-1.7112331632546323
path,-9.872017384273194,-1.7130248359112983
path,-9.870471814352324,-1.714820952943153
path,-9.868953700948875,-1.7165578890347484
path,-9.86743829383773,-1.7182988520395115
path,-9.86593980522103,-1.720033980251367
path,-9.864445704507807,-1.721776229203012
path,-9.862969571941184,-1.7235160122489115
path,-9.861529226284539,-1.725198960598731
path,-9.860096204669466,-1.7268872635404253
path,-9.85867025740483,-1.7285713386568275
path,-9.857243886032366,-1.730255081059349
path,-9.85581706338111,-1.7319384835924894
path,-9.854415999464287,-1.7335794284517207
path,-9.85302249696192,-1.7352112904552837
path,-9.851607670605453,-1.7368138837755664
path,-9.850182819563853,-1.7383988657514768
path,-9.848771752406405,-1.7399514484344807
path,-9.84739809907559,-1.741444110958658
path,-9.846034677787866,-1.7429157978370267
path,-9.844680065182402,-1.7443710497094786
path,-9.843336415456802,-1.7458135896471156
path,-9.842004268070324,-1.747245895255098
path,-9.840719639050544,-1.7486559170606564
path,-9.83944344137088,-1.7500639109516396
path,-9.838174267294477,-1.7514807224993723
path,-9.836914260835321,-1.7529099170949554
path,-9.83567000965514,-1.7543635862601892
path,-9.834458126806801,-1.7558018756828897
path,-9.833262609459563,-1.7572665558237346
path,-9.832067202869217,-1.7587348487178756
path,-9.83086971655641,-1.7602033663378636
path,-9.829670152324358,-1.7616721051125315
path,-9.828495490556632,-1.7631153585936168
path,-9.827329061539084,-1.764574375638886
path,-9.82616045543295,-1.7660335628750061
path,-9.824989670692458,-1.7674929195179694
path,-9.8238167144399,-1.7689524445828981
path,-9.822649330701436,-1.7704025251438935
path,-9.821479821082285,-1.7718527696119586
path,-9.820308186547543,-1.773303178890543
path,-9.819134429958243,-1.7747537539217442
path,-9.817958559722067,-1.776204493275743
path,-9.816799288644862,-1.777632726989582
path,-9.815602609604223,-1.779084259455987
path,-9.814404782730495,-1.7805641692948626
path,-9.813206827040293,-1.7820442760285344
path,-9.812008426449367,-1.7835239164964463
path,-9.81082636660035,-1.7849754541808773
path,-9.809645305771065,-1.7864323059379712
path,-9.80846381230744,-1.7878886445584092
path,-9.80728189196215,-1.789344468589596
path,-9.806099548889136,-1.7907997772694997
path,-9.80493420272693,-1.7922336428630983
path,-9.803768467564879,-1.7936664484219513
path,-9.80260233125969,-1.795098756755144
path,-9.801435796287711,-1.796530567072578
path,-9.800268864164975,-1.797961879037623
path,-9.798842373013537,-1.799492088347461
path,-9.79723990517237,-1.8011278688659873
path,-9.795643384050411,-1.802775078485008
path,-9.794050606680392,-1.8044420302152295
path,-9.79246347450359,-1.8061228748341773
path,-9.790922941822434,-1.8077885766728115
path,-9.789388090683019,-1.809472221776318
path,-9.787858318002598,-1.8111744048119904
path,-9.786332985060943,-1.8128929231834596
path,-9.784812441414262,-1.814629574057401
path,-9.78333943019416,-1.8163564329082011
path,-9.781875304962863,-1.8180927803571667
path,-9.780416888227487,-1.819859226480408
path,-9.77895839604149,-1.821625875230093
path,-9.777499379134,-1.82339180561709
path,-9.77607957743056,-1.8251114626181286
path,-9.77465878634245,-1.8268291079610528
path,-9.773237478828355,-1.8285460078412008
path,-9.771815652467929,-1.830262162704996
path,-9.77039330476779,-1.8319775731461618
path,-9.769006904915432,-1.8336484674235478
path,-9.767620774020246,-1.835317553787748
path,-9.766234144924853,-1.8369859363340273
path,-9.764847015271943,-1.8386536157364215
path,-9.763459386329556,-1.8403205908982723
path,-9.762097713248151,-1.8419507860886308
path,-9.760736466390057,-1.8435838880035607
path,-9.759370752910145,-1.8452378013299495
path,-9.758006898723856,-1.8469139309967417
path,-9.756642494600392,-1.848589256716997
path,-9.755325770334029,-1.850206109898744
path,-9.754008827027906,-1.851820620324607
path,-9.752691373084838,-1.8534343588283404
path,-9.751373411950775,-1.8550473264079448
path,-9.750054941964672,-1.8566595265879113
path,-9.748763359460126,-1.8582386636530381
path,-9.747471349850212,-1.8598157166738187
path,-9.746178854392854,-1.8613920494150875
path,-9.744885875138252,-1.8629676613259503
path,-9.74359241100838,-1.864542553503874
path,-9.742323628241863,-1.8660854316722686
path,-9.741054194745637,-1.8676286572232963
path,-9.739784298332005,-1.869171176783525
path,-9.738513938036608,-1.8707129924127521
path,-9.737243115705017,-1.8722541044587055
path,-9.735707357893366,-1.8738643143940164
path,-9.73387102189799,-1.8755643519060354
path,-9.73198825964421,-1.8773014277848257
path,-9.730117754769394,-1.8790801786614928
path,-9.728259341506842,-1.8809007514373366
path,-9.726461056229995,-1.882715930110749
path,-9.724673994515731,-1.8845621659446954
path,-9.722899013690151,-1.8864499195696738
path,-9.721136108245512,-1.8883790920998351
path,-9.71938526689741,-1.890349587897128
path,-9.717623460979752,-1.8922308620681023
path,-9.715666272816375,-1.8940056796763458
path,-9.71368858933606,-1.8957639838726068
path,-9.711708933227523,-1.8974979018643592
path,-9.709726107889177,-1.8992131887858608
path,-9.707809947795628,-1.9008804718665668
path,-9.705894375683435,-1.9025226375294364
path,-9.703975587006116,-1.9041404642242747
path,-9.70205562010606,-1.9057316700705393
path,-9.700131164857773,-1.907307826422144
path,-9.698270986610224,-1.9088348639228445
path,-9.696411140441139,-1.910342282047187
path,-9.694547536245127,-1.9118343554354649
path,-9.692683076886984,-1.9133094341557264
path,-9.69081521397327,-1.9147776763053883
path,-9.688966832802572,-1.9162236694466785
path,-9.68711596996847,-1.9176631694718673
path,-9.68526388472949,-1.9190974469565147
path,-9.683410458443793,-1.9205251223213722
path,-9.681556042764216,-1.9219497375234251
path,-9.679745448876703,-1.9233448348183364
path,-9.677933587059423,-1.924730239810866
path,-9.67612083675302,-1.9261131370918898
path,-9.674307209176314,-1.9274936365657955
path,-9.672492612112695,-1.928874223795715
path,-9.670724675963406,-1.9302260318338669
path,-9.668956488833793,-1.9315683026086945
path,-9.667187492639854,-1.9329084833492787
path,-9.66541743724811,-1.9342474296555037
path,-9.663647209484889,-1.9355869661185265
path,-9.661912153235013,-1.9369019606073203
path,-9.660176168429482,-1.938211190805943
path,-9.658439132596362,-1.9395223589885997
path,-9.656702018324502,-1.9408312969104113
path,-9.654963909514091,-1.9421391905358747
path,-9.653258756328965,-1.9434259585341498
path,-9.651552496471451,-1.944707341408482
path,-9.649845264920595,-1.9459875567145832
path,-9.648136992076626,-1.9472565447913164
path,-9.646426972942722,-1.9485071376541594
path,-9.644747575061558,-1.9497418034900231
path,-9.643067182256258,-1.9509835845121708
path,-9.64138734453554,-1.9522284759621933
path,-9.639707970303418,-1.9534747178675287
path,-9.6380263717608,-1.954721863814338
path,-9.63637894959067,-1.9559463412033757
path,-9.63473018157862,-1.9571636921786562
path,-9.633079761220202,-1.9583804004296321
path,-9.63142995835112,-1.9595925963385834
path,-9.629777467195892,-1.9608027132041226
path,-9.628151692043303,-1.9619973614649777
path,-9.626524138728767,-1.963181718312935
path,-9.624895556458975,-1.9643660557253297
path,-9.623267202564605,-1.965546213601436
path,-9.621636824760108,-1.9667264729834588
path,-9.62003129072455,-1.967891787056763
path,-9.618424307954442,-1.969049842092964
path,-9.616816176404194,-1.9702086464310793
path,-9.615208622041736,-1.9713617399140924
path,-9.613598938543985,-1.9725158713246034
path,-9.612011400209216,-1.9736500324542114
path,-9.61042221746865,-1.974778673631732
path,-9.608833965300112,-1.9759048043216423
path,-9.60724366288836,-1.9770322450841689
path,-9.605653123412706,-1.9781602475506066
path,-9.60408460488483,-1.9792773296509683
path,-9.602514685636157,-1.980388638909168
path,-9.600943740417518,-1.9815007767752322
path,-9.599373634341113,-1.9826100215416322
path,-9.597801170690614,-1.9837172749826175
path,-9.595981761271807,-1.9848585559296206
path,-9.593823288193947,-1.9860533269003176
path,-9.59156869567329,-1.9872699598793544
path,-9.589320097966672,-1.9885399446617547
path,-9.587078653683626,-1.9898663385525537
path,-9.584890483383287,-1.9911919176606676
path,-9.582705952586712,-1.9925439801511529
path,-9.580525840620593,-1.9939273857747781
path,-9.578347631418694,-1.9953300234985254
path,-9.57616863956032,-1.9967326346250014
path,-9.57405297437624,-1.9980965251272724
path,-9.571936496905888,-1.9994396822987628
path,-9.569820536810575,-2.0007914485301947
path,-9.56770396180523,-2.0021434937721083
path,-9.565587498753136,-2.0035018608476642
path,-9.563493461851538,-2.004847038116471
path,-9.561397701955874,-2.006185543127644
path,-9.559302205705064,-2.0075316928141635
path,-9.557207061703728,-2.0088849255317527
path,-9.555111907171094,-2.0102411842070076
path,-9.55306608919037,-2.0115600389887867
path,-9.551020933114982,-2.0128783813465945
path,-9.54897577896331,-2.014199581946836
path,-9.546925256091384,-2.015526905568875
path,-9.54487456343492,-2.016888046183684
path,-9.542871639285927,-2.0182320902645396
path,-9.54087248170017,-2.0195864054202857
path,-9.53887778671782,-2.020972873370667
path,-9.536887581348678,-2.0223914171417907
path,-9.534903926427713,-2.023803673558991
path,-9.532936343077715,-2.0249281099836987
path,-9.530932327692545,-2.025807182595512
path,-9.528885421841473,-2.0264313439299313
path,-9.526825170129205,-2.026988941589902
path,-9.524770227523389,-2.0275518666509194
path,-9.522759305361003,-2.028099670904658
path,-9.520753111240857,-2.0286521454314586
path,-9.518751277018275,-2.029208966075035
path,-9.516753576047034,-2.029769883029237
path,-9.514757796512091,-2.030337759940647
path,-9.512763569050527,-2.030875051404829
path,-9.510773167595177,-2.031413482594446
path,-9.50878585423346,-2.031955057789971
path,-9.506801413915287,-2.0324995373367667
path,-9.50481267647056,-2.0330429663884386
path,-9.502805760080273,-2.033602620861711
path,-9.500728962218368,-2.034258276849816
path,-9.498645484157318,-2.034920574389107
path,-9.496602844450003,-2.0355209517450388
path,-9.494602849937458,-2.0360557469034433
path,-9.492651649427374,-2.0365277726713042
path,-9.49074062127943,-2.0369358668389617
path,-9.488855412067894,-2.037292928658831
path,-9.48697669554082,-2.0376321810752107
path,-9.485095450230641,-2.037970111776324
path,-9.48321831792819,-2.038304489387398
path,-9.481338196546535,-2.038637543635493
path,-9.479454843288844,-2.038969268968158
path,-9.477570541375915,-2.0392808451444595
path,-9.475750492759976,-2.0393627341081
path,-9.473979798465987,-2.0394023320128816
path,-9.472234283489339,-2.039441955257881
path,-9.470513694660335,-2.039481654996288
path,-9.468817803613767,-2.0395214832292634
path,-9.467146405930785,-2.0395614933760173
path,-9.465499260116966,-2.039601744974235
path,-9.46387627005397,-2.0396422895279267
path,-9.462277109218299,-2.0396831740039385
path,-9.460701145827272,-2.0397244257388016
path,-9.459148034097288,-2.0397660879631956
path,-9.457615821763367,-2.039808289635048
path,-9.456105800737697,-2.0398509868332937
path,-9.454618016508526,-2.0398942441280665
path,-9.45315245600412,-2.039938122867478
path,-9.451709176269775,-2.039982689228328
path,-9.450286979035484,-2.04002809549035
path,-9.448887164486342,-2.0400743216634654
path,-9.44750981705265,-2.040121436330476
path,-9.4461550424446,-2.0401695099873494
path,-9.444822968066408,-2.0402186149070434
path,-9.443512665030198,-2.0402688996688187
path,-9.44222526304973,-2.0403203581993283
path,-9.44091165098176,-2.040508298899956
path,-9.4394653475914,-2.0405786041318956
path,-9.437932961185359,-2.0406122663879462
path,-9.436401904516453,-2.0406452023925343
path,-9.434869971839282,-2.040677824437069
path,-9.433346621010816,-2.040709722760865
path,-9.431822834044109,-2.0407405582198446
path,-9.430303698556052,-2.040770918966581
path,-9.428784188027763,-2.0408009314183886
path,-9.427266335034348,-2.0408303085189816
path,-9.425752380796803,-2.0408632087931293
path,-9.424216489309467,-2.0408944782133016
path,-9.42269950133518,-2.040932824976684
path,-9.42116924150434,-2.040980316992133
path,-9.419626085188947,-2.0410302876468283
path,-9.418073978658112,-2.0410864666868327
path,-9.416515715826199,-2.041148401122875
path,-9.414947948922183,-2.0412160041590157
path,-9.413376724014762,-2.04129026881321
path,-9.411795059120939,-2.041370018293806
path,-9.410212933516892,-2.0414532712966746
path,-9.408608127441138,-2.0415409864093235
path,-9.406985207703682,-2.0416300992413894
path,-9.405331788958717,-2.0417210452874888
path,-9.403660386615705,-2.0417990381203963
path,-9.401986476165765,-2.0418703576171318
path,-9.400272938819072,-2.0419292531945548
path,-9.398520757280446,-2.0419741268859575
path,-9.396722763366165,-2.042002194334191
path,-9.394862010864667,-2.0420054795564533
path,-9.392914926154662,-2.041977010069308
path,-9.390868784747243,-2.041910755858853
path,-9.388809052512187,-2.0418464155382754
path,-9.386901904721011,-2.0418553554492553
path,-9.384949401469973,-2.041848201096119
path,-9.38294528472085,-2.041824842502908
path,-9.38089500228235,-2.0417875716585914
path,-9.37879936387041,-2.04173694788474
path,-9.376657530439156,-2.0416736080995834
path,-9.374478485185703,-2.0415999703854415
path,-9.372278713503738,-2.0415220367723763
path,-9.370057349900721,-2.0414395354553023
path,-9.367813771535253,-2.0413524135189536
path,-9.365547995011317,-2.041261564674489
path,-9.36327059400493,-2.041168392020041
path,-9.360983397222423,-2.041073366346317
path,-9.35868584029891,-2.0409764619194104
path,-9.356377354170391,-2.040877653992364
path,-9.354056334355565,-2.040777719143492
path,-9.3517232331055,-2.0406758409302355
path,-9.349377465202398,-2.0405720111849805
path,-9.34701844179165,-2.0404662094831036
path,-9.344645566688742,-2.0403584214850823
path,-9.342257337897006,-2.0402493295570894
path,-9.3398540397771,-2.040138251329091
path,-9.337435058117864,-2.0400251424467513
path,-9.334999755313044,-2.0399100446796536
path,-9.332547500404955,-2.0397929124581493
path,-9.330075685670874,-2.039675237603319
path,-9.327585629420097,-2.0395554733123724
path,-9.325076671645451,-2.039433610166314
path,-9.322548136773845,-2.03930963930344
path,-9.319999192670663,-2.0391834770094186
path,-9.31742829449733,-2.039056472693407
path,-9.314835693427352,-2.038927321285808
path,-9.312220633250318,-2.0387960097674336
path,-9.30958233683634,-2.0386625236237146
path,-9.306919785323188,-2.038526788626912
path,-9.304231616127849,-2.038393118225004
path,-9.30152016168775,-2.0382535997995617
path,-9.298911816884324,-2.038175086907881
path,-9.296681249777322,-2.0383606077791194
path,-9.294484026965273,-2.0383939540701665
path,-9.292280987901453,-2.03828705598095
path,-9.290052045686322,-2.03814935135498
path,-9.2878259201835,-2.038006793416395
path,-9.285607095805704,-2.0378570602601442
path,-9.283377015879747,-2.037703186812803
path,-9.281135251916862,-2.0375453929678287
path,-9.278882057168554,-2.037383430451022
path,-9.27661733264452,-2.037217282008969
path,-9.274340971489753,-2.0370469281307697
path,-9.272052858751408,-2.036872346839889
path,-9.269751562349,-2.0366943977717327
path,-9.26743826270688,-2.0365121664687114
path,-9.265112822159784,-2.0363256236953102
path,-9.262775094093403,-2.036134738084478
path,-9.260424923202052,-2.035939475718603
path,-9.258060767474339,-2.035740731423692
path,-9.255683834187275,-2.0355375308481714
path,-9.25329394281702,-2.035329832306811
path,-9.250890903120577,-2.035117591899376
path,-9.248474515167462,-2.0349007629876774
path,-9.246041985236706,-2.0346810453985467
path,-9.243595682805857,-2.0344566302537026
path,-9.241135828299768,-2.034227628117971
path,-9.23867220352876,-2.0339976868679948
path,-9.236208667497268,-2.0337682396999015
path,-9.233738514190987,-2.0335388878893346
path,-9.231267726626362,-2.0333097646504217
path,-9.228797076081852,-2.033081154670327
path,-9.226326562719462,-2.0328530574258528
path,-9.223856186688648,-2.0326254723930193
path,-9.221378903949196,-2.03239795998657
path,-9.218900999653625,-2.032170681897105
path,-9.216423233952,-2.0319439176748975
path,-9.213945606954393,-2.031717666788062
path,-9.211468118763166,-2.031491928704223
path,-9.208984935955188,-2.0312662812855193
path,-9.20650149509029,-2.0310410022710528
path,-9.204018194003739,-2.030816237035522
path,-9.201535032773728,-2.0305919850412457
path,-9.199052011473771,-2.0303682457507084
path,-9.196561953449033,-2.0301445355348595
path,-9.194071443191579,-2.0299211232444
path,-9.191581073942272,-2.029698225249015
path,-9.18909084575987,-2.029475841006375
path,-9.186642202912068,-2.0292685365410588
path,-9.184453961909886,-2.0291523304308012
path,-9.182290591207883,-2.029000221864244
path,-9.180113427326212,-2.028844169843416
path,-9.177919958184889,-2.028690775783012
path,-9.175710680925318,-2.0285400122562556
path,-9.173484036024233,-2.028393297938267
path,-9.171291212853243,-2.028254471460783
path,-9.169142761249663,-2.028120828998368
path,-9.16699693063532,-2.027988610102766
path,-9.164853724461807,-2.02785781051135
path,-9.162711683873665,-2.0277291358415055
path,-9.160572620484007,-2.0276020112936086
path,-9.158437177403849,-2.0274766905838097
path,-9.156304345931698,-2.027352757750216
path,-9.154174135337264,-2.0272302118283325
path,-9.152044925262617,-2.027109877255945
path,-9.149918356080518,-2.026990925056993
path,-9.147794438470378,-2.0268733544198243
path,-9.145673182592466,-2.02675716478602
path,-9.143554598554479,-2.0266423555553743
path,-9.141437120920493,-2.026529727016755
path,-9.139320933677157,-2.0264179039151458
path,-9.137207488875156,-2.02630747594367
path,-9.135097506003985,-2.0261987290111287
path,-9.132990146876274,-2.0260913162322867
path,-9.130883540143373,-2.0259855947597023
path,-9.128778461679651,-2.0258807521201474
path,-9.126674589869493,-2.0257766547618394
path,-9.12457168432537,-2.0256732030458005
path,-9.12246955922017,-2.025570319905776
path,-9.120366461329406,-2.0254686582922026
path,-9.118264427012527,-2.0253676750846648
path,-9.116163123194093,-2.025267232755451
path,-9.114062484474175,-2.0251673034718647
path,-9.111962445834116,-2.0250678596609077
path,-9.10986120192262,-2.0249697665220845
path,-9.107760431122616,-2.0248721017705122
path,-9.105660071354679,-2.024774838823393
path,-9.1035600603579,-2.0246779516442714
path,-9.101460336059326,-2.0245814143765863
path,-9.09935941256245,-2.0244859337400283
path,-9.097258653730634,-2.0243907496058235
path,-9.095157999486586,-2.02429583681371
path,-9.093057389455053,-2.0242011706097705
path,-9.090956763258628,-2.0241067263427976
path,-9.088854935785337,-2.024013059698268
path,-9.086752972578703,-2.023919564217294
path,-9.08465081433994,-2.0238262156616984
path,-9.08254840135287,-2.0237329900644263
path,-9.080445673709598,-2.02363986348568
path,-9.078341179931906,-2.0235475319891814
path,-9.076236252619571,-2.0234552495242446
path,-9.074130832685796,-2.02336299238292
path,-9.072024860373467,-2.0232707371089345
path,-9.069918275543092,-2.023178460198302
path,-9.067809638371125,-2.023086853978046
path,-9.06570026875334,-2.0229951767957552
path,-9.063590106782641,-2.022903405151131
path,-9.061479091690988,-2.0228115157198343
path,-9.05936716213369,-2.0227194850552386
path,-9.05725233949799,-2.022628287397228
path,-9.055136480120511,-2.022536898239209
path,-9.053019522929398,-2.0224452940030524
path,-9.050901798735085,-2.0223536117619854
path,-9.04878388007053,-2.0222620835858147
path,-9.046663579394002,-2.0221708346829166
path,-9.044541925446227,-2.022079270485889
path,-9.04241885535445,-2.0219873675264477
path,-9.040294304994942,-2.021895102280405
path,-9.03816820921207,-2.0218024509287456
path,-9.036039142219153,-2.0217101014617262
path,-9.03390839788413,-2.0216173152123185
path,-9.031775909314415,-2.0215240676241746
path,-9.029641608108333,-2.0214303340751307
path,-9.027505424632515,-2.0213360895796364
path,-9.025366199511545,-2.021241880678677
path,-9.023229139786892,-2.0211679734193684
path,-9.021052070545963,-2.022120604642778
path,-9.01887933203483,-2.0235185352123373
path,-9.016769933477846,-2.024736289682984
path,-9.014715718598207,-2.025777416407849
path,-9.012709510547758,-2.026648030504274
path,-9.010751368394681,-2.02734888653962
path,-9.008841555750111,-2.027880386503932
path,-9.006933627115087,-2.0286022484564845
path,-9.004988190662491,-2.0296392128742786
path,-9.003069513089894,-2.0305039073129714
path,-9.001198560355311,-2.031202760779218
path,-8.999377293397195,-2.0317343804527965
path,-8.997594281215727,-2.0322166848349794
path,-8.995769529870186,-2.03311677643298
path,-8.993994315133023,-2.0338516736161383
path,-8.99226970400973,-2.0344208653657994
path,-8.990596133955462,-2.0348248656859895
path,-8.988973938029435,-2.035064091185556
path,-8.987384384637384,-2.035350510834742
path,-8.985705429097566,-2.0361493002367745
path,-8.984029768913832,-2.036795417546356
path,-8.982379361791892,-2.037266307626684
path,-8.980755688581073,-2.037580779950372
path,-8.979184579556978,-2.037737461343267
path,-8.9775978511123,-2.038085564250804
path,-8.975937109289333,-2.0388413115560855
path,-8.974326170291656,-2.039429770126563
path,-8.972773002129241,-2.039859251205049
path,-8.971276592034634,-2.040130067841315
path,-8.969819026962739,-2.04027190031765
path,-8.96834457304962,-2.0403947510543055
path,-8.966848799735153,-2.040508037017151
path,-8.965331999524896,-2.0406118889995346
path,-8.963786499219367,-2.040880208169904
path,-8.962182946789609,-2.0415280373231828
path,-8.960634458565165,-2.042014900539423
path,-8.959142419424428,-2.0423440206008894
path,-8.957704245908301,-2.042521531613078
path,-8.956269888961277,-2.0426502887385323
path,-8.954816918489703,-2.0427705322558998
path,-8.95334564226639,-2.0428823994856002
path,-8.951856356755059,-2.0429860230508257
path,-8.950321721394106,-2.0433907625146026
path,-8.948797062797677,-2.0438504851904904
path,-8.947315737808193,-2.0441543222462344
path,-8.945888697090599,-2.044315419088388
path,-8.944459353267176,-2.0444418586250235
path,-8.943013768347187,-2.044560702741701
path,-8.94155620594221,-2.044672039269226
path,-8.940085598713452,-2.04478377240604
path,-8.938582362849873,-2.0452284408417647
path,-8.937075674087872,-2.045686858309434
path,-8.935632598082396,-2.0459949094990475
path,-8.93424415814018,-2.0461638171566428
path,-8.932854778428753,-2.046301480777409
path,-8.931452012474239,-2.046432719930036
path,-8.930036358273858,-2.0465577554688763
path,-8.928608176622625,-2.046676748448471
path,-8.927169851050952,-2.046788811048849
path,-8.925719629013505,-2.046895118096652
path,-8.924257812887582,-2.046995806944716
path,-8.922784697999349,-2.047091011660578
path,-8.921306260053464,-2.047304897123513
path,-8.919772380175466,-2.0478349779301275
path,-8.91829811827699,-2.0482207291651715
path,-8.91688835621751,-2.048459069172534
path,-8.91551768409024,-2.048599388666343
path,-8.914138635825502,-2.0487330141738616
path,-8.912752118521656,-2.0488612729378537
path,-8.911356891756036,-2.048985104142338
path,-8.909953387207082,-2.049104702031539
path,-8.908542052896422,-2.0492202680899756
path,-8.907123214202414,-2.0493319491682525
path,-8.905697243516892,-2.0494398646289707
path,-8.904264404717935,-2.0495441832399486
path,-8.90282500911396,-2.0496450463502636
path,-8.901379363774588,-2.0497425936107283
path,-8.899927771722329,-2.0498369630524587
path,-8.898470164601413,-2.0499284715864134
path,-8.897007205813836,-2.050017073350172
path,-8.895539382967991,-2.050278632389896
path,-8.894127453168984,-2.05048766323004
path,-8.892754033218733,-2.0506158828196597
path,-8.891376377175762,-2.050741426019136
path,-8.889994862050875,-2.050864642934744
path,-8.888609831614247,-2.050985692743801
path,-8.887221627346921,-2.051104733607613
path,-8.885830588695985,-2.0512219227509507
path,-8.8839768941812,-2.051623905069168
path,-8.881763416459426,-2.0519358675025434
path,-8.879487647200616,-2.0521687459001727
path,-8.877187452009696,-2.052396879474397
path,-8.874878445616657,-2.052611323454232
path,-8.87257548560388,-2.052816431677332
path,-8.870273935519897,-2.053020621454284
path,-8.867974386742032,-2.0532241657015797
path,-8.865677432163425,-2.0534273390739126
path,-8.863383666367374,-2.0536304180842224
path,-8.861091113609799,-2.0538349077058697
path,-8.85880294791106,-2.054039856004835
path,-8.856519480886618,-2.054245408705186
path,-8.854243332613164,-2.0544528000442908
path,-8.851973208887184,-2.054661419457924
path,-8.849705338571383,-2.054871633699569
path,-8.847436418502681,-2.055079716137469
path,-8.845166317578743,-2.0552856034593505
path,-8.842895032409857,-2.055489293585147
path,-8.840622560883798,-2.055690785024283
path,-8.838343874280113,-2.055890514495267
path,-8.836063993522336,-2.0560880338996794
path,-8.8337829201991,-2.056283342846171
path,-8.831500655267112,-2.056476441195124
path,-8.829217200108873,-2.056667328982462
path,-8.826926783583568,-2.056856479835306
path,-8.824635173205866,-2.0570434094171293
path,-8.822342372542034,-2.0572281180782603
path,-8.820048383991779,-2.0574106062315516
path,-8.817753210088547,-2.0575908743324716
path,-8.815451556605495,-2.057769330611613
path,-8.81314871645845,-2.057945557581588
path,-8.810844693676048,-2.058119555783857
path,-8.808539491108373,-2.058291325749038
path,-8.80623311164124,-2.058460868011748
path,-8.803918063714695,-2.0586287224289004
path,-8.80160183538985,-2.05879433568793
path,-8.799284431374018,-2.058957708382293
path,-8.79696585464722,-2.059118841042672
path,-8.794646657636056,-2.0592780574218015
path,-8.79230080533598,-2.0594175245455135
path,-8.789913674762635,-2.0595383078191363
path,-8.787440123249228,-2.0596181120750905
path,-8.784859449375077,-2.059644960396747
path,-8.782199469579313,-2.0596326901155426
path,-8.779528822462254,-2.0596189755828207
path,-8.776865478632022,-2.0596042662581495
path,-8.774201330568513,-2.059587837888371
path,-8.771536374982995,-2.059569694788372
path,-8.768870609043546,-2.0595498409451425
path,-8.766188178570747,-2.0595281811225896
path,-8.763504488462521,-2.0595047554922874
path,-8.760819975107012,-2.0594796090490703
path,-8.758134636776981,-2.059452744761429
path,-8.755448472053352,-2.0594241654022394
path,-8.752743684977137,-2.059393627390664
path,-8.750038565278325,-2.0593614029474034
path,-8.747332621000558,-2.0593274508974453
path,-8.744625810668987,-2.0592917688667907
path,-8.741918233135124,-2.0592543695321712
path,-8.739156482729257,-2.059416113179134
path,-8.736077702671862,-2.0606614242572583
path,-8.732846971255833,-2.0619492211211847
path,-8.729664402944,-2.063050103078257
path,-8.726553796249119,-2.0639875414096562
path,-8.723506801533578,-2.064754164533429
path,-8.720522612869935,-2.0653501691745797
path,-8.71740989395161,-2.0663598556141234
path,-8.71427410473133,-2.0673402434437915
path,-8.71120194099431,-2.0681522813423854
path,-8.708124076996667,-2.069155704899692
path,-8.70507046901293,-2.070079697618846
path,-8.702032727987108,-2.0709704571102545
path,-8.6989550076551,-2.0719483907821994
path,-8.695927264013983,-2.0728144857392463
path,-8.692888899676623,-2.0738445527237728
path,-8.689909931281019,-2.0747152147287387
path,-8.68694424402859,-2.075580118970556
path,-8.683932008170068,-2.07653198044036
path,-8.68097242004155,-2.0773475520912643
path,-8.678010141947016,-2.0783834904364964
path,-8.675110331391155,-2.0792592818379023
path,-8.672270270101263,-2.079971780226315
path,-8.66949037575728,-2.080519978467296
path,-8.666771218419449,-2.0809024827996647
path,-8.664156604326713,-2.0810396898717705
path,-8.661641188366193,-2.0808730955965475
path,-8.659145539845527,-2.0806679901261247
path,-8.656650662923642,-2.080461710059321
path,-8.654156357215143,-2.0802542307672924
path,-8.65167121617096,-2.080046181635189
path,-8.649186610025655,-2.0798369322753776
path,-8.646702431266766,-2.0796264728043714
path,-8.644218772413968,-2.079414816581149
path,-8.6417355411123,-2.079201955384439
path,-8.639226618069483,-2.078985899600262
path,-8.636718007514757,-2.0787686308406053
path,-8.63420965819907,-2.0785501458391704
path,-8.631701483841473,-2.0783304365838724
path,-8.629193493272622,-2.0781095074858524
path,-8.62666387489472,-2.077885637106021
path,-8.62413440146876,-2.0776605484614064
path,-8.621605160145279,-2.0774342571491964
path,-8.619076249944642,-2.0772067809879564
path,-8.616547977109935,-2.0769781666748597
path,-8.613985841359323,-2.0767456081510107
path,-8.611424215065073,-2.0765119096687026
path,-8.60886311190463,-2.076277080315321
path,-8.606302543845135,-2.076041128881088
path,-8.603742527663906,-2.0758040648484126
path,-8.60115243077377,-2.0755633179009543
path,-8.598586641937759,-2.0752230060004138
path,-8.596022495537655,-2.074875122653939
path,-8.593460553037115,-2.074526500277175
path,-8.590900685799246,-2.074177132879222
path,-8.588309644151112,-2.0738225378664383
path,-8.58572048776085,-2.073467206664303
path,-8.583133276483336,-2.073111157005753
path,-8.58054796821946,-2.072754396639723
path,-8.577964569194002,-2.072396940559248
path,-8.575349849318089,-2.0720342509768637
path,-8.57273706257829,-2.0716709110726623
path,-8.570126155880336,-2.071306925690125
path,-8.567517260558203,-2.070942330091354
path,-8.564910318212359,-2.0705771314429904
path,-8.562261536002014,-2.070205562665947
path,-8.559614633930059,-2.069833148515296
path,-8.556969388499175,-2.0694601517794045
path,-8.55432562685594,-2.069086563859058
path,-8.551683330049414,-2.068712394011943
path,-8.548996125389852,-2.0683314545086304
path,-8.546310417989675,-2.067949703470949
path,-8.543626321816726,-2.0675674582002683
path,-8.54094390813856,-2.0671847465340063
path,-8.5382632514517,-2.0668015974482636
path,-8.535517739836587,-2.066407733361844
path,-8.532771497388,-2.0660138896748923
path,-8.530027505868656,-2.065619889825392
path,-8.52728581493606,-2.0652257371513065
path,-8.524546479593711,-2.064831442766169
path,-8.521767617551614,-2.0644311824336192
path,-8.51899378375595,-2.064031159949442
path,-8.516225105150607,-2.0636315277588797
path,-8.513461695772154,-2.0632323406568647
path,-8.510703678281988,-2.062833657504915
path,-8.507893628571194,-2.0624278901769264
path,-8.50508885600514,-2.06202217199653
path,-8.502289614536318,-2.0616171439299507
path,-8.499496051468332,-2.061212876704473
path,-8.49670833725501,-2.0608094452765
path,-8.49386572059664,-2.0603989322037566
path,-8.491023642283423,-2.0599979487065525
path,-8.488027639362581,-2.059798097319202
path,-8.485013916547384,-2.059448563638087
path,-8.481997320367965,-2.059007381718218
path,-8.478919588515208,-2.0585614238742673
path,-8.475812557240475,-2.058112298542335
path,-8.472711804476786,-2.057653537087213
path,-8.46961094475558,-2.0572001558362145
path,-8.466498027723825,-2.056736709684319
path,-8.46332454186061,-2.0562640945808757
path,-8.460128534802319,-2.0557943876039175
path,-8.456939114079928,-2.055315404710078
path,-8.453757041276159,-2.0548363000663494
path,-8.450569534946723,-2.0543593226872794
path,-8.447297905432654,-2.0538690125315724
path,-8.444026410718713,-2.053371935173756
path,-8.440760136416793,-2.0528773329392425
path,-8.437478769009392,-2.052377665796465
path,-8.434204668102302,-2.0518757860274133
path,-8.430812969406613,-2.0515912106866883
path,-8.42738512889217,-2.0512048498640483
path,-8.423937224966657,-2.0507419205418227
path,-8.42047318757264,-2.0502108717469163
path,-8.417011283823403,-2.049668489441521
path,-8.41344041991435,-2.0491539736542688
path,-8.409858180057588,-2.048588917690581
path,-8.406274542205777,-2.0480507640105223
path,-8.402680468995534,-2.047489535763773
path,-8.399084032056967,-2.0469196806841814
path,-8.39538814633683,-2.0463634757777163
path,-8.391686835190576,-2.0457780073816005
path,-8.387981601186382,-2.0451830161479023
path,-8.384275018817107,-2.044583971681866
path,-8.380567219333274,-2.04398234360442
path,-8.37712202188884,-2.043378791765953
path,-8.373887872962513,-2.0427594092353423
path,-8.370780831913018,-2.0422141846803394
path,-8.367747926426636,-2.0417085476336103
path,-8.364729125068324,-2.0412034796369647
path,-8.362021571230748,-2.040741957483104
path,-8.359619764027338,-2.040192083686502
path,-8.357346136780913,-2.0397170847674624
path,-8.355198660500754,-2.039316744318401
path,-8.353133881559009,-2.038962672236842
path,-8.351058140901557,-2.038606182060383
path,-8.348995913979273,-2.0382510125381987
path,-8.346947032070691,-2.037897214703395
path,-8.344911301244187,-2.0375448342918294
path,-8.342888468470353,-2.037193902737502
path,-8.34085741501807,-2.0368409412207127
path,-8.338838752168904,-2.036489484495663
path,-8.336832322237328,-2.036139575133713
path,-8.334837841576975,-2.035791228982925
path,-8.332855010444106,-2.035444456271058
path,-8.330857796460547,-2.03509484390654
path,-8.328863335777651,-2.034745123365614
path,-8.326870836656923,-2.0343951370995543
path,-8.324880239561638,-2.0340448861862632
path,-8.322892111162483,-2.0336944925538734
path,-8.320903643886542,-2.033343672074252
path,-8.318923147948937,-2.0329939214158173
path,-8.316949642172611,-2.0326450833805194
path,-8.314982762119907,-2.03229712157781
path,-8.313022397343566,-2.0319500531559562
path,-8.311060682569622,-2.0316184221749376
path,-8.309106283184724,-2.03129473202178
path,-8.307151957904962,-2.0309705990093443
path,-8.305197745810618,-2.0306460349245694
path,-8.303243686224427,-2.0303210517484502
path,-8.301269394120336,-2.0299923821250454
path,-8.299295319806195,-2.029663321920168
path,-8.297321511913163,-2.029333883876846
path,-8.295348014723963,-2.0290040817628316
path,-8.29337480278717,-2.0286739158149354
path,-8.2913692077032,-2.028338411536116
path,-8.289363999017457,-2.028002274240048
path,-8.287359273223315,-2.027665836246705
path,-8.285355082523855,-2.027329114283794
path,-8.28335147981398,-2.02699212551338
path,-8.281335772199556,-2.026652815497026
path,-8.279320751170413,-2.026313277182565
path,-8.277306477138369,-2.025973529234032
path,-8.275293008430546,-2.025633591255944
path,-8.273280404324067,-2.0252934833944565
path,-8.271242185647576,-2.024948990407092
path,-8.26920648909336,-2.024605747089978
path,-8.267158765297081,-2.024356720579332
path,-8.265082665264167,-2.0242044061084643
path,-8.26299663863378,-2.023993885707797
path,-8.26087650513855,-2.0237600418571633
path,-8.25874669633297,-2.023463810267517
path,-8.256606164178216,-2.0231193957928593
path,-8.254458217238573,-2.022749276302665
path,-8.252311551403949,-2.0223767980217784
path,-8.25015260764796,-2.0220015810862244
path,-8.24798942626702,-2.0216302779618593
path,-8.245826710721746,-2.0212526930895462
path,-8.243663551346913,-2.020880349307321
path,-8.241492058391898,-2.0205021628738637
path,-8.239284795132312,-2.0201228079473132
path,-8.237072963804085,-2.019732739513306
path,-8.234861511159664,-2.0193418812060417
path,-8.232650408644645,-2.0189502310599234
path,-8.230439628098809,-2.0185577871481803
path,-8.228200578297708,-2.018159869387724
path,-8.225961413055414,-2.0177608825967277
path,-8.22372096444453,-2.0173666409018103
path,-8.221472705412644,-2.0169663817665566
path,-8.219224296630754,-2.016562668953823
path,-8.216945439403892,-2.0161530838480033
path,-8.214666331374396,-2.0157422805480865
path,-8.212386990507238,-2.0153305293744577
path,-8.210107395220575,-2.014917826664669
path,-8.20782595565505,-2.014509009845155
path,-8.205506083044428,-2.014088845806647
path,-8.203184645499348,-2.0136655901389537
path,-8.200861993674119,-2.0132411130676684
path,-8.1985382835275,-2.012815445756142
path,-8.196213489865364,-2.0123885779981383
path,-8.193853009937534,-2.011954848811068
path,-8.191486049879643,-2.011524282246706
path,-8.189115728581845,-2.0110858529684026
path,-8.186744208691566,-2.0106461316040396
path,-8.184372197384125,-2.010202272106493
path,-8.181962712347884,-2.00974918638405
path,-8.179551477937165,-2.0092930300430396
path,-8.17713861518073,-2.008835447763931
path,-8.174724094225896,-2.008376423763099
path,-8.172307992784823,-2.007916046803906
path,-8.169850180787673,-2.0074487817718856
path,-8.167390396303455,-2.0069779937365904
path,-8.164928793939772,-2.006505692633241
path,-8.162465344882428,-2.00603186130827
path,-8.160001699524235,-2.0055693271914143
path,-8.157531305457896,-2.0051777862858207
path,-8.155075436901278,-2.0048538146029844
path,-8.15263476137583,-2.0045968470588313
path,-8.150209609380802,-2.0044066551441633
path,-8.147796887338545,-2.0042763717790213
path,-8.1453753117898,-2.0042052904511674
path,-8.14296396038609,-2.0041862471259617
path,-8.140563529388913,-2.004219468548347
path,-8.138174723924163,-2.0043052117582225
path,-8.135798293517329,-2.0044438242248606
path,-8.133423480299365,-2.004639850246057
path,-8.131056279902532,-2.004871408188047
path,-8.128682394754188,-2.0051208399290625
path,-8.126304554202154,-2.0053867850893994
path,-8.123918086055859,-2.0056666265093526
path,-8.121512116000641,-2.00595866009464
path,-8.119091743600682,-2.0062621606075903
path,-8.116656805698527,-2.00657673258197
path,-8.114207898988965,-2.0069014698186636
path,-8.111745269705636,-2.0072357955887323
path,-8.109268626683074,-2.007579583011259
path,-8.106777455525858,-2.0079327820786936
path,-8.104271312130459,-2.008295334789283
path,-8.101749836428517,-2.0086671010060155
path,-8.099206937790159,-2.0090277245534645
path,-8.09665369118796,-2.0094015180707916
path,-8.094095121755803,-2.0097890195526826
path,-8.091520111060804,-2.010185006631641
path,-8.088929819878576,-2.010586506900672
path,-8.086333438322884,-2.0109781830828495
path,-8.08374239608907,-2.0113509877694646
path,-8.081138441974296,-2.011711843399085
path,-8.078498627662427,-2.0120002002758985
path,-8.075837430052037,-2.012179105799052
path,-8.073170503712271,-2.0122764428159843
path,-8.070509521311498,-2.0123086331338467
path,-8.06785311290962,-2.012276898336205
path,-8.06520182196981,-2.0121816712981495
path,-8.062556197476239,-2.012023366257049
path,-8.059916794531798,-2.0118023791097777
path,-8.057284915671996,-2.011518788670351
path,-8.054660513612724,-2.011173382266916
path,-8.052045125683804,-2.0107677121414547
path,-8.049439462519604,-2.0103039006320182
path,-8.046848307863458,-2.0097931854224815
path,-8.044259446802648,-2.009248768831971
path,-8.041673963483241,-2.0086956420179534
path,-8.03909145933458,-2.0081369988728146
path,-8.036512433500954,-2.0075734094890696
path,-8.033937379969025,-2.007005432180738
path,-8.031345346119764,-2.006441299861408
path,-8.028758304311033,-2.0058738345788947
path,-8.026176819222039,-2.0053036086709013
path,-8.023601765460533,-2.004731431760757
path,-8.02103369272468,-2.00415788475842
path,-8.018444445309848,-2.0035936139603923
path,-8.015862903916325,-2.003028845636297
path,-8.013289990730389,-2.0024643748529307
path,-8.01072673217159,-2.001901104549508
path,-8.008173672547928,-2.0013395670788228
path,-8.005581386512299,-2.0007981956483656
path,-8.003000603396629,-2.0002598076951505
path,-8.000431905049673,-1.9997249162412218
path,-7.997875842620459,-1.9991941049745925
path,-7.995333016102379,-1.998667918136674
path,-7.992768671642528,-1.9981565382231206
path,-7.990212424774594,-1.9976456811166758
path,-7.98766427829802,-1.9971353769396256
path,-7.985124127327109,-1.9966256522999124
path,-7.9825919600124235,-1.99611657633956
path,-7.980059558589526,-1.995611503201528
path,-7.977536052413873,-1.9951080659063074
path,-7.975022114052486,-1.994606831530719
path,-7.972518413362676,-1.9941083679154215
path,-7.970025621026596,-1.9936132407870772
path,-7.967508236945676,-1.993134622902558
path,-7.96500312580746,-1.9926604419577392
path,-7.9625113746758895,-1.9921914834094165
path,-7.960035710705415,-1.9917300073992492
path,-7.957578056999079,-1.9912776685417102
path,-7.955114188055431,-1.990843177593275
path,-7.9526691696091,-1.9904186086138482
path,-7.950243913983504,-1.9900046719281987
path,-7.947833707025686,-1.9896127674211654
path,-7.945429930385836,-1.989252058668607
path,-7.943020500018182,-1.988931295656531
path,-7.940619744023674,-1.9886367297011462
path,-7.9382379666431175,-1.9883534029034649
path,-7.935876087389011,-1.9880815850893794
path,-7.933534849699092,-1.9878218311103237
path,-7.931180106898419,-1.9875879432464683
path,-7.928847509593392,-1.9873672700259057
path,-7.926537842818402,-1.9871603877362929
path,-7.924251892339632,-1.9869678935324906
path,-7.9219904461004385,-1.9867903893363557
path,-7.919732873924307,-1.9866365061293136
path,-7.917501382259409,-1.9864988493397868
path,-7.915296506229494,-1.986377812073924
path,-7.913106448907863,-1.9862637354795178
path,-7.910924918704158,-1.9861514440405434
path,-7.908717071699867,-1.9860407469339003
path,-7.9065181992206846,-1.9859321559538
path,-7.904323437445793,-1.985835361846937
path,-7.90212337889191,-1.9857629326477393
path,-7.899916057367558,-1.985717980668516
path,-7.897690015523728,-1.9857005136119803
path,-7.895455648439326,-1.9857127689605438
path,-7.893215137165496,-1.9857486780096028
path,-7.890966226060845,-1.9858107529559947
path,-7.888709057600168,-1.9858986930173828
path,-7.8864084351092005,-1.9860154616436956
path,-7.88409242030509,-1.9861716434717276
path,-7.881758646889717,-1.986371615344702
path,-7.879404204532521,-1.9866393020473414
path,-7.8769859918338705,-1.9870346960155905
path,-7.874466679644903,-1.987523400908477
path,-7.871853178599953,-1.9881032745287275
path,-7.86914637834714,-1.9887721735178685
path,-7.866343344506597,-1.9895322075037516
path,-7.86344867317574,-1.9903781444504038
path,-7.860484286307196,-1.991308807197181
path,-7.85743262847666,-1.9923112505994514
path,-7.854287164036877,-1.9933719351012267
path,-7.851042165263022,-1.9944778171406976
path,-7.847694174463918,-1.995615303403771
path,-7.84430190469936,-1.9967679161416982
path,-7.840823258540216,-1.9979130583345668
path,-7.837254735612527,-1.9990393697124045
path,-7.833593007276871,-2.0001352376806465
path,-7.829835084141509,-2.0011895226095535
path,-7.826035183721896,-2.0022113217355515
path,-7.822129150232238,-2.0031744790553505
path,-7.818112799667003,-2.00406679151909
path,-7.813987971383761,-2.0048744631162547
path,-7.809762440944363,-2.00559003735413
path,-7.805507364755018,-2.0062112012702644
path,-7.801164331826067,-2.006713390237186
path,-7.796761214136685,-2.0071009041339773
path,-7.792413283200412,-2.007435930025779
path,-7.788143916836561,-2.007714967384568
path,-7.784119437935796,-2.0080235767084833
path,-7.780191465113392,-2.0082755183830616
path,-7.776364089248327,-2.008465453263939
path,-7.772648910559885,-2.0085939977756837
path,-7.769057258349631,-2.008663926146336
path,-7.765682344823992,-2.0087432705132295
path,-7.762434840590417,-2.008774994933287
path,-7.759319095344064,-2.0087658441283414
path,-7.75632428041922,-2.0087346394808474
path,-7.7534544754986925,-2.0086891972945637
path,-7.750754083591617,-2.0086656616684744
path,-7.748185004089692,-2.008636347172988
path,-7.745750992356439,-2.0086091632555254
path,-7.7434481816512815,-2.0086152321049076
path,-7.741223254001693,-2.008595642696561
path,-7.739068405999114,-2.0085203586324876
path,-7.73696284282985,-2.0083932299525267
path,-7.734857271149453,-2.0082573037950335
path,-7.732746563343701,-2.0081175282263035
path,-7.730631086152336,-2.00797410198303
path,-7.728528030788327,-2.0078264970340833
path,-7.726421080714778,-2.0076755655505143
path,-7.724310466271136,-2.007521599160132
path,-7.722196531291567,-2.0073647899085074
path,-7.72007961672753,-2.007205329693829
path,-7.717958387920074,-2.007043481799195
path,-7.7158348777101144,-2.006879381377224
path,-7.713714307540182,-2.0067160378677693
path,-7.711598603273576,-2.0065545843991517
path,-7.709442932811301,-2.006474002168734
path,-7.707120025973465,-2.0064571789132772
path,-7.70472489195449,-2.0061958146585686
path,-7.702235380648314,-2.005815921799764
path,-7.699731782340314,-2.005423851673666
path,-7.697234783339717,-2.0050333520542667
path,-7.694732007065304,-2.0046409595912618
path,-7.692225409164769,-2.0042433454007904
path,-7.6897186398240525,-2.0038449808090597
path,-7.687205235031824,-2.0034394963424456
path,-7.684698997388621,-2.003036262223427
path,-7.682162033947023,-2.00262857118022
path,-7.679621669644453,-2.0022141074369992
path,-7.677078110379332,-2.0017965616071884
path,-7.674533351101825,-2.001375573714611
path,-7.671992753246758,-2.000955777098748
path,-7.669411935568095,-2.000524633766753
path,-7.666827922909876,-2.000088823997937
path,-7.664250777704787,-1.9996550577564867
path,-7.661667867602706,-1.9992163056582983
path,-7.659086707682906,-1.9987767402029168
path,-7.656461542161742,-1.9983251047046235
path,-7.653834232183291,-1.9978697623693729
path,-7.65121361042083,-1.9974163342992186
path,-7.648583808021134,-1.9969562888251668
path,-7.645957835780725,-1.996495578256558
path,-7.643280629628316,-1.9960271152801912
path,-7.640590023653153,-1.9955460735727641
path,-7.637906141278067,-1.9950669044879583
path,-7.635227745345707,-1.9945904967818995
path,-7.632534886830976,-1.9941017141372117
path,-7.629812280337349,-1.9936120161755269
path,-7.627080580649393,-1.9931127452342539
path,-7.624354403340367,-1.9926153909370459
path,-7.621617498978183,-1.992108626790649
path,-7.618887009838799,-1.9916035374558996
path,-7.616098701432818,-1.9910881948044563
path,-7.613299428526841,-1.9905614009175636
path,-7.610506694325099,-1.9900362789057306
path,-7.607722565743722,-1.9895141061535078
path,-7.60494703768932,-1.9889949213259464
path,-7.602152443563945,-1.9884782148556686
path,-7.599365798210116,-1.9879641826770282
path,-7.596564207932499,-1.9874375633175703
path,-7.593755110188745,-1.98690488325712
path,-7.590943830444607,-1.9863684230507022
path,-7.5880673330928,-1.9858203117579512
path,-7.585183526568364,-1.985264408695208
path,-7.582304932933617,-1.984709123421401
path,-7.579426832262496,-1.984151656845527
path,-7.57652752349684,-1.9836050234928781
path,-7.573472112586133,-1.9830657847522644
path,-7.570411083417191,-1.9825127671875589
path,-7.567343145094363,-1.9819518471765907
path,-7.564272902401183,-1.9813807307853546
path,-7.5612002710259265,-1.9807991793501767
path,-7.558009006037704,-1.9802022437818516
path,-7.554802317858543,-1.979602095249207
path,-7.551592999909986,-1.9789907393359492
path,-7.5483810287506685,-1.9783680848209786
path,-7.545165989017242,-1.9777329513441952
path,-7.541842832214268,-1.9770826393335694
path,-7.538511316594898,-1.9764234352610497
path,-7.53517699329471,-1.9757521606728863
path,-7.531839826946776,-1.9750686923781708
path,-7.5284997799590325,-1.974372901821556
path,-7.525012204781022,-1.9736745511109715
path,-7.52146801062098,-1.972910194414181
path,-7.51793483721993,-1.972091824365403
path,-7.5143992020680805,-1.9712673298396926
path,-7.510864456311121,-1.9704398422419895
path,-7.507127736439131,-1.9695947848851767
path,-7.503386640810343,-1.9687100800976571
path,-7.49964545138916,-1.967821428273064
path,-7.495904288994039,-1.9669287306352237
path,-7.492162334434023,-1.966031122391741
path,-7.488245269253974,-1.9651430227721896
path,-7.484337767681576,-1.9642161445712985
path,-7.480432126846853,-1.9632845376535708
path,-7.476529610072812,-1.9623543170241304
path,-7.472625930339816,-1.9614169036768243
path,-7.4692189887074845,-1.9607135713121822
path,-7.466667189399892,-1.9602117883128458
path,-7.464378130467203,-1.9598001243159366
path,-7.4621848227275205,-1.9594994664964618
path,-7.460089770518836,-1.9593008833662153
path,-7.458722497979279,-1.9590470396971087
path,-7.458343056680008,-1.9590642331416168
path,-7.458620963447769,-1.959410868688914
path,-7.459230824132899,-1.9599550294992405
path,-7.459700900654039,-1.9605420798367472
path,-7.4598428210803585,-1.9607185679069423
path,-7.460019529934691,-1.960761084018005
path,-7.460392522577076,-1.960775947457762
path,-7.460882228292868,-1.960778784662419
path,-7.461461517998644,-1.9607776068303162
path,-7.462091780320375,-1.960771513923854
path,-7.462707565851454,-1.960765868667176
path,-7.463467384548615,-1.96076447442467
path,-7.464277005987252,-1.960756882852517
path,-7.465118617011423,-1.9607416977734768
path,-7.465987924659281,-1.9607242177020952
path,-7.466819100683316,-1.9607083062502177
path,-7.467731476408802,-1.9606917430746262
path,-7.468663577072248,-1.9606767693683635
path,-7.469605898841619,-1.9606563456909214
path,-7.470552923210155,-1.9606332341238293
path,-7.47144420805188,-1.9606130035581046
path,-7.472414810690712,-1.9605978255806236
path,-7.47326416163965,-1.9606071663311282
path,-7.47411706767288,-1.9606171237654118
path,-7.474974473746479,-1.9606263088220126
path,-7.475785945082136,-1.9606357726393766
path,-7.476659002041998,-1.9606433856266716
path,-7.477534582014002,-1.9606501257432916
confirmed_rock,-14.05,15.22
confirmed_rock,-13.83,15.5
confirmed_rock,-6.66,6.69
confirmed_rock,-5.67,1.26
gt_rock,0.85,6.88
gt_rock,-11.98,7.91
gt_rock,11.97,8.31
gt_rock,25.95,30.55
gt_rock,10.0,13.69
gt_rock,-6.56,5.8
gt_rock,-5.0,19.5
gt_rock,-6.3,-7.96
gt_rock,-5.0,0.5
gt_rock,-4.2,6.99
gt_rock,8.2,2.5
gt_rock,-13.0,14.5
gt_rock,17.0,19.0
gt_rock,0.6,17.69
gt_rock,-2.0,22.69
gt_rock,9.0,11.5
gt_rock,-12.0,11.5
