type,x,y
path,-21.104133953470146,17.09582486496531
path,-21.104132952893004,17.095825257502522
path,-21.104132952893004,17.095825257502522
path,-21.104132952893004,17.095825257502522
path,-21.104132952893004,17.095825257502522
path,-21.104132952893004,17.095825257502522
path,-21.104132952893004,17.095825257502522
path,-21.104132952893004,17.095825257502522
path,-21.104132952893004,17.095825257502522
path,-21.10392533341067,17.095778343817848
path,-21.102536676368764,17.09546629990839
path,-21.099886323880146,17.09486755536407
path,-21.09593576333525,17.094031629296005
path,-21.090676075817857,17.093059421605346
path,-21.084276831053813,17.09198408395554
path,-21.076830621024477,17.09083335829634
path,-21.06881922458881,17.089486391455566
path,-21.06070937371273,17.08797001377945
path,-21.052514426476257,17.086308242825137
path,-21.044348513514013,17.084619260613717
path,-21.036151480607508,17.082884925560478
path,-21.028088033748777,17.08150021323657
path,-21.02011459663315,17.080166644109045
path,-21.012216354459664,17.078823352698702
path,-21.00439371429871,17.07747446752578
path,-20.996583151458257,17.076202774673796
path,-20.98873032823003,17.07505636517223
path,-20.9810414258642,17.074030747022192
path,-20.9734267482737,17.072937451475255
path,-20.965855492365677,17.0718172396527
path,-20.958345463625395,17.070674604606022
path,-20.950979639478824,17.06966072974024
path,-20.943763409011368,17.068679374943983
path,-20.936679829674336,17.067682144798113
path,-20.92965731705615,17.066607228346555
path,-20.922681302370805,17.06550381900347
path,-20.91560906475896,17.064254399714343
path,-20.908414191216306,17.062899947687256
path,-20.90108704435391,17.0615147914353
path,-20.893772767162798,17.06014372246089
path,-20.88647251627845,17.05878501773193
path,-20.879270419936443,17.057488179035342
path,-20.872154647834087,17.056197894915897
path,-20.865121409302972,17.054902593573967
path,-20.858197390967774,17.05357119329456
path,-20.85136450860577,17.052197508292792
path,-20.844667455694303,17.05094583712783
path,-20.838046338812607,17.04969405444032
path,-20.831510831138235,17.048440115817574
path,-20.825058834394838,17.047183726345263
path,-20.81871472184327,17.045868579474543
path,-20.812180262448607,17.04461181698408
path,-20.805364253371135,17.043293810399234
path,-20.798601042601828,17.041900901959437
path,-20.791889682547378,17.04042213320171
path,-20.785228203873118,17.038855411786948
path,-20.77834336932639,17.037024552905084
path,-20.770993400414547,17.035098453783085
path,-20.763594103737258,17.033079864997802
path,-20.756245928392445,17.030981373605997
path,-20.74894400628236,17.02880741528642
path,-20.74156617255953,17.026558741691453
path,-20.73421551224977,17.02427681029891
path,-20.72690717231935,17.021953214140918
path,-20.719621075876063,17.019609989339905
path,-20.712364850591058,17.01722705174086
path,-20.704966350638585,17.014791087273867
path,-20.697462557617644,17.01231006046999
path,-20.689964768792088,17.009767802804646
path,-20.682479615043572,17.007170479208252
path,-20.675009936592,17.004521396655193
path,-20.667566345818663,17.001849653605422
path,-20.66013396794447,16.999091705040847
path,-20.652701066949785,16.99628610556343
path,-20.64527476792235,16.99342460244293
path,-20.637857471830923,16.99050690100016
path,-20.630475597639016,16.98763073053609
path,-20.623130570673435,16.984642572813815
path,-20.61579581287788,16.981580525949486
path,-20.608451713949236,16.978492449003852
path,-20.60111606303728,16.975350257749973
path,-20.59378550033282,16.972163458366136
path,-20.586467642528852,16.968931519650564
path,-20.579157720856415,16.965639773625487
path,-20.571857260143243,16.962300635907816
path,-20.564564095236754,16.958919481634904
path,-20.557396337134236,16.955867275571087
path,-20.5503511325687,16.952951107985704
path,-20.543359647577,16.950003996809656
path,-20.536418930237346,16.94701329808983
path,-20.52952846168318,16.943997071417133
path,-20.522805704136587,16.941482900020915
path,-20.516300864555657,16.939116625719073
path,-20.510167966897846,16.93688775932355
path,-20.504383519286964,16.934699887591425
path,-20.49894139311701,16.932536239085703
path,-20.49384492784666,16.930315131541384
path,-20.48904928272705,16.928124291897483
path,-20.484592564008615,16.92605516023962
path,-20.48074716440457,16.924267471910976
path,-20.47714891142046,16.92289920731507
path,-20.473378860730364,16.921350977390745
path,-20.469803618670912,16.919885590682433
path,-20.466359268022508,16.918596745926468
path,-20.463024908070995,16.917461537326417
path,-20.459788779885997,16.916463905286136
path,-20.456266587533225,16.91546285813463
path,-20.45132943664142,16.914051502821376
path,-20.44532031731595,16.912451807479968
path,-20.437972369119816,16.911574663090544
path,-20.430091583304456,16.910574575938227
path,-20.42200427283833,16.909013312925776
path,-20.41363752625493,16.907138607228017
path,-20.405084350849997,16.905071431592447
path,-20.396744404627206,16.902988764077804
path,-20.38869380930633,16.90094550724765
path,-20.380236175571405,16.89868719137697
path,-20.371600847811827,16.896336913771233
path,-20.36319726396671,16.894147124545366
path,-20.3550921525578,16.89201199851803
path,-20.34716470546071,16.88996765589404
path,-20.33867187105215,16.887664808915503
path,-20.32985718555242,16.885512273525517
path,-20.321283065278966,16.883487831741597
path,-20.313008133922374,16.881516346140113
path,-20.3049685522089,16.87961313887803
path,-20.29714932307024,16.87746340782651
path,-20.289336309992965,16.875301861104234
path,-20.28174200769897,16.873304833276112
path,-20.274440899944366,16.871383734894536
path,-20.26727919098283,16.869588260628163
path,-20.260334594337326,16.867956241785954
path,-20.253719648068827,16.866355669639823
path,-20.247378389137687,16.864845694342446
path,-20.241279582046293,16.86341896481057
path,-20.23544272527492,16.862048992942942
path,-20.229777628725422,16.86076528719349
path,-20.22439602085396,16.859490439468793
path,-20.21925837819585,16.858267937430867
path,-20.213556834905532,16.857300393136157
path,-20.206575048691924,16.85682812705196
path,-20.198972745771364,16.856744413109613
path,-20.19113706014554,16.85693802097485
path,-20.183096517765613,16.857336505017958
path,-20.174863033363795,16.85791887073694
path,-20.166609297795425,16.8586882563737
path,-20.158443908879473,16.859641617002175
path,-20.150347427907917,16.86080546621147
path,-20.142325411421716,16.862165132391194
path,-20.134360811460287,16.863727404840823
path,-20.126444879086126,16.865435612247026
path,-20.118344072259738,16.867193832819602
path,-20.11030140416037,16.86900758618076
path,-20.102226968221952,16.871003634102035
path,-20.094203575479032,16.8731026730055
path,-20.086231068178108,16.87530437904645
path,-20.077817078136704,16.87754026969421
path,-20.0693473020093,16.87987638477276
path,-20.060877185569105,16.882397261306785
path,-20.05246733368381,16.885032768077444
path,-20.044117013876,16.88778207022062
path,-20.035216071130105,16.89060657808919
path,-20.026141225810033,16.893501213290087
path,-20.01708153375337,16.896600740850648
path,-20.008107829704468,16.899884468848512
path,-19.99919694653831,16.90331642893415
path,-19.989579387837157,16.906906934710598
path,-19.979481847193114,16.910695676784037
path,-19.96933905127941,16.91472966655201
path,-19.95928091488365,16.918961638607662
path,-19.949313225328623,16.923402018257725
path,-19.939452911804352,16.928018583987527
path,-19.929717154797608,16.932712466086702
path,-19.920049749174538,16.937605124014656
path,-19.910490210447122,16.94269554924022
path,-19.901032878654096,16.947968855652043
path,-19.89160709303123,16.953112116702044
path,-19.882401973396053,16.95749253255533
path,-19.87344534533452,16.961378195690646
path,-19.86478837808981,16.965036122087128
path,-19.856203318979475,16.96852694031973
path,-19.847628122241257,16.97198950280554
path,-19.839130042735526,16.97527322901255
path,-19.830772617364627,16.978141881924977
path,-19.822524190144186,16.980714520673143
path,-19.8143538321726,16.98302116724036
path,-19.806352826014233,16.985474853287837
path,-19.798598075882573,16.987877237012842
path,-19.791096174575518,16.99005823940565
path,-19.783739969561676,16.99198863647084
path,-19.776508120693926,16.993668546707937
path,-19.768684444802975,16.99538699521769
path,-19.76086164728722,16.99700293897953
path,-19.753130405220784,16.99841393178285
path,-19.745464342825755,16.99964946411872
path,-19.737856581738157,17.00071427617565
path,-19.729709030872964,17.00197720357285
path,-19.72130766515755,17.003632994162672
path,-19.71280748767476,17.00559632872832
path,-19.70427524044898,17.00783345719293
path,-19.69570325722452,17.010212832237894
path,-19.68719675260904,17.01250006199423
path,-19.67872777358436,17.014752880402835
path,-19.670192351279574,17.017120818090717
path,-19.66159939132939,17.01958449570418
path,-19.652961195497998,17.022137367457937
path,-19.644391358243425,17.02458532514267
path,-19.635885900863077,17.026961170905526
path,-19.62734823630214,17.0293814432185
path,-19.61876882157531,17.031859132182902
path,-19.610152730311537,17.034388841765622
path,-19.601392893743704,17.036757381320594
path,-19.592725255430302,17.039104190545405
path,-19.584290059401635,17.04131626840535
path,-19.576018412797865,17.043390982302743
path,-19.567837043986156,17.04529232159518
path,-19.559589544500618,17.047177389258245
path,-19.551604723179427,17.048883945701064
path,-19.543925542004732,17.05043188641322
path,-19.53643038010977,17.051714811661455
path,-19.529097718915065,17.052733547262257
path,-19.521214274401963,17.05387695390751
path,-19.51323081657619,17.05510027225619
path,-19.505576075088914,17.05621401302573
path,-19.498092409456582,17.057100014872294
path,-19.490746954967836,17.057744569477716
path,-19.48315409627533,17.058468528150037
path,-19.475635101256895,17.059110926061926
path,-19.468547341951744,17.0596392408342
path,-19.46177608905202,17.060072878745068
path,-19.45519846213656,17.060313621995434
path,-19.448334947266915,17.060755176856187
path,-19.4413180990081,17.061446977936047
path,-19.43431402438609,17.062165579856373
path,-19.427319150610586,17.0629074727094
path,-19.420327033185462,17.063674857930863
path,-19.41294169382096,17.06460194220292
path,-19.405284737844458,17.06584326108195
path,-19.3974421307051,17.06729787208597
path,-19.389506606629926,17.068885264058558
path,-19.381486312340062,17.07058748281732
path,-19.37316138951193,17.07213777213756
path,-19.364654099199534,17.07378314963809
path,-19.356004411646886,17.07559290650658
path,-19.347247217660545,17.077521450135446
path,-19.33804935660213,17.07932725049504
path,-19.328954883759003,17.080997151751326
path,-19.32022985638803,17.082389545856856
path,-19.311771736130186,17.08329521082527
path,-19.30344656438291,17.084227473312737
path,-19.29516159040055,17.085212949878745
path,-19.287088321561647,17.086150188890805
path,-19.279200101256436,17.08709817415794
path,-19.27149298704639,17.088055770912014
path,-19.263942567052357,17.089010446553168
path,-19.2564626333074,17.089977718438675
path,-19.249109641283432,17.090921536331876
path,-19.241942211856966,17.091902583367094
path,-19.234854978132816,17.09300796921797
path,-19.227812975671295,17.094244323538206
path,-19.22078067835234,17.0955005925709
path,-19.21352294345589,17.096834710753743
path,-19.206205707930305,17.098209786724592
path,-19.19885376632082,17.099572484007503
path,-19.19146736933905,17.100914922904227
path,-19.184045961093872,17.102236744733627
path,-19.176927988248607,17.103553619211528
path,-19.170027111412136,17.104909109193148
path,-19.163238630359803,17.10622564222369
path,-19.156481114892017,17.107471611314697
path,-19.149730438807293,17.10871439425595
path,-19.143242016280137,17.109961537773607
path,-19.136730099752807,17.111321077846664
path,-19.12992215535143,17.112755702189112
path,-19.12297282715738,17.114050016782528
path,-19.115988022633474,17.11532472705975
path,-19.108768975442786,17.11670147104349
path,-19.101103851528176,17.11814528410611
path,-19.09313120082324,17.119577961583975
path,-19.085142374989026,17.12101571962746
path,-19.077169757668145,17.122495252181377
path,-19.068739772814443,17.123696226755026
path,-19.059377915896413,17.124256480234926
path,-19.049366044076876,17.124784388344278
path,-19.03883941497981,17.125405300516885
path,-19.027851501863562,17.12607596715804
path,-19.01641444060075,17.12673394499713
path,-19.004559895872067,17.127414391388918
path,-18.992586783407855,17.128139791036286
path,-18.980592891275762,17.128916414542665
path,-18.968502128150643,17.129657298846595
path,-18.956473531656528,17.130262031148618
path,-18.944431350458782,17.130918146013506
path,-18.932385396277855,17.131676507222437
path,-18.920338976393897,17.132509330158516
path,-18.908285171901174,17.1334073336842
path,-18.896228513484296,17.134358940072868
path,-18.884167919556404,17.13536889368634
path,-18.872102861816803,17.1364394300016
path,-18.86003553545809,17.137560377331287
path,-18.847969093533468,17.138730123734256
path,-18.83630721299987,17.139795694825132
path,-18.825412473645347,17.140716240854047
path,-18.81535874534215,17.141572548048487
path,-18.806020015413583,17.142467623786864
path,-18.79691530075678,17.14357147971114
path,-18.78818503096417,17.144538028119456
path,-18.780241398589,17.145397167476922
path,-18.773043061614796,17.14626058473307
path,-18.76601781921168,17.147268966888475
path,-18.75899552770552,17.14829525734919
path,-18.751439353823457,17.149168188550057
path,-18.742997323955617,17.149924043945866
path,-18.73393626907913,17.150911954472026
path,-18.724265930102742,17.152141397766204
path,-18.71403841791466,17.153584781550357
path,-18.703168401086025,17.154799649916495
path,-18.691723127329613,17.156085966443623
path,-18.679943840888964,17.157480724646355
path,-18.668072961198067,17.158848059490317
path,-18.656178791373453,17.160216840920366
path,-18.644298370032264,17.161544780329535
path,-18.6324325194246,17.16286962003812
path,-18.620567905551543,17.164228416305892
path,-18.608702318956233,17.16562045729098
path,-18.59683747785888,17.167040981087588
path,-18.585394374885144,17.16841072113637
path,-18.57478129312597,17.169757976647883
path,-18.5650234804348,17.171132571457075
path,-18.555916140090822,17.172521600586112
path,-18.54690129430414,17.173889690682998
path,-18.538437157380788,17.175136088581343
path,-18.53092743084918,17.17623062352949
path,-18.52411629763981,17.17727866651975
path,-18.518206476498374,17.17827323001548
path,-18.513128723758424,17.17923076241014
path,-18.508468882392485,17.180083863100492
path,-18.503937041054044,17.180878192468317
path,-18.49942728919322,17.18163646607783
path,-18.494937636393917,17.18236915344376
path,-18.490458439603938,17.183091630895202
path,-18.485504326541008,17.183768184064125
path,-18.47993518054488,17.18466083213078
path,-18.47416530565132,17.185560624259317
path,-18.468412537868414,17.186457519244975
path,-18.462701057021658,17.18737268082284
path,-18.456412563243646,17.188229123170796
path,-18.449234638160146,17.18929605695262
path,-18.441341387197028,17.190750140279356
path,-18.433172793155432,17.192199632226767
path,-18.424816138949286,17.19356999233639
path,-18.41663436227683,17.194846387081956
path,-18.40858849795247,17.196036714482343
path,-18.400663157514185,17.1971575691852
path,-18.39285269290553,17.198217420501187
path,-18.3851590148718,17.199216827414194
path,-18.377859931864922,17.200186564874148
path,-18.370737452553,17.20113780297297
path,-18.36373902621478,17.202030764582638
path,-18.35688057398281,17.202905478180575
path,-18.35010534617877,17.20378405321542
path,-18.342843212762627,17.205000267360994
path,-18.334816721194844,17.2066743074194
path,-18.326167687484613,17.208245696435505
path,-18.31689462877772,17.20969782465021
path,-18.306989383926282,17.211038744584172
path,-18.29642812088499,17.212339348309474
path,-18.285262422537315,17.213520141861174
path,-18.27372305871757,17.214625679042513
path,-18.262069755495634,17.215735969224653
path,-18.25045002230314,17.216870735922168
path,-18.23935779039699,17.21811667344604
path,-18.228849174356903,17.21953867631887
path,-18.218794321207486,17.221228673288497
path,-18.209000907370182,17.223135680107013
path,-18.199492380743138,17.22521553209838
path,-18.190473093296998,17.2271208543647
path,-18.182072218697098,17.228764233325116
path,-18.17413178450821,17.230360529097172
path,-18.166484027113004,17.232096437427646
path,-18.158957140285022,17.23395632165032
path,-18.151773991868698,17.235635235101512
path,-18.145228033839523,17.237076752055383
path,-18.1390287254357,17.238558594483134
path,-18.13293672491409,17.24012329596263
path,-18.126850153027977,17.24171937917788
path,-18.121088292067867,17.243177095680853
path,-18.115563532562792,17.244625034371005
path,-18.110057907298447,17.246104816753828
path,-18.10455013160941,17.247589638626177
path,-18.099059833449594,17.24910193766276
path,-18.09290755166901,17.25103686130652
path,-18.085875831468645,17.25346378659876
path,-18.07813993481874,17.255917456658267
path,-18.069813811098452,17.258329085269125
path,-18.061026598546785,17.260665603340506
path,-18.05244093227932,17.263024256054283
path,-18.04401819965947,17.26544309503547
path,-18.035603496800277,17.267887949094668
path,-18.027190293508273,17.270370014621005
path,-18.018779538859185,17.272852666865237
path,-18.010730453569415,17.275149535528584
path,-18.003309025938904,17.277168850528412
path,-17.996285401040527,17.279181239500897
path,-17.98938287683226,17.281263972921554
path,-17.982489311481384,17.283358803038432
path,-17.975953301627367,17.2852811030752
path,-17.97007276094145,17.286897790670203
path,-17.964571877050776,17.288500445367227
path,-17.95917652460455,17.29016983299925
path,-17.953787513418128,17.291848755450793
path,-17.948724558501556,17.293392742750534
path,-17.943887684003425,17.29491877451627
path,-17.939060886524796,17.296460133851827
path,-17.93423558536113,17.29801326122042
path,-17.92941164451065,17.29957835026579
path,-17.92480806879732,17.301063249762727
path,-17.920273990528937,17.302548351628065
path,-17.9157406838232,17.30404587516132
path,-17.911208125620973,17.305556161554925
path,-17.906676957634403,17.307076464207288
path,-17.901392494521655,17.30894327307046
path,-17.89503168089606,17.311431321647095
path,-17.887962439459553,17.31401246866029
path,-17.88050770591018,17.316523024675465
path,-17.872711486842363,17.31893224871318
path,-17.865015844677483,17.321407685348273
path,-17.857414424878957,17.323961660282194
path,-17.849819964707102,17.32653584092127
path,-17.842231448340005,17.329131215720473
path,-17.834648785493698,17.331748328090068
path,-17.82741244610457,17.334231633886052
path,-17.820490677749323,17.33668831405482
path,-17.813597437391838,17.33917430610045
path,-17.806715423257174,17.341670860319276
path,-17.799826337143415,17.344164782344095
path,-17.79304375451601,17.346456106324585
path,-17.7862583446568,17.348544270568432
path,-17.779503140069284,17.350471764146672
path,-17.772780950627972,17.352237472933975
path,-17.766098268793158,17.353877509489717
path,-17.759746309419334,17.35557088676175
path,-17.75370649219875,17.357372311005996
path,-17.747824359202042,17.359123710720457
path,-17.741986858640978,17.360730461183163
path,-17.736190957638517,17.362208875834263
path,-17.730721705839905,17.363727436621836
path,-17.725553743776267,17.365319794286805
path,-17.720500002491708,17.366831213290894
path,-17.715487113524382,17.36818890159845
path,-17.71049946794727,17.36948940787869
path,-17.704963488009824,17.37106843245047
path,-17.69844354681412,17.37314342831431
path,-17.691209451091744,17.375366881235717
path,-17.683459582302767,17.377502418646817
path,-17.675536571729815,17.37953728684477
path,-17.667002819774577,17.381771104657005
path,-17.657432916538863,17.384381736733268
path,-17.64686090959395,17.3873607339551
path,-17.635541029029984,17.390519871376615
path,-17.624126611881607,17.393711706934777
path,-17.6131146894624,17.397223155132814
path,-17.602646353846975,17.40096138092566
path,-17.592425699657873,17.404805754517664
path,-17.582244015761525,17.40861800919458
path,-17.572127082748473,17.412421627198498
path,-17.56248156901744,17.416081483494906
path,-17.55366399108623,17.419447463633425
path,-17.545642844010622,17.42253612281986
path,-17.538136874136292,17.425456654661918
path,-17.531163573163234,17.42832776985541
path,-17.52477397375886,17.43106213026634
path,-17.5189648574318,17.43356565511344
path,-17.513312353491607,17.435956584029125
path,-17.507698726990363,17.438368195925857
path,-17.50212148449298,17.44080407111558
path,-17.496974135728543,17.443132372437038
path,-17.492296282610916,17.445145099377562
path,-17.48768248632386,17.44717007600408
path,-17.48310493507213,17.449218052402603
path,-17.478564271246906,17.45128910039876
path,-17.473835284626176,17.45346197995753
path,-17.469004955471807,17.455665427591534
path,-17.46408587032843,17.45789444791571
path,-17.4590778111403,17.460149725229268
path,-17.45398042708469,17.462432223310277
path,-17.448969311668076,17.464666774243874
path,-17.4440014545077,17.466935463592975
path,-17.43907462431601,17.46923009307674
path,-17.434189712968063,17.471550185388235
path,-17.429347382067284,17.473895828126565
path,-17.42461684299806,17.476128469587255
path,-17.41993112496376,17.478383398860725
path,-17.415289863864228,17.480664143301684
path,-17.410685378570424,17.48296685243354
path,-17.406085256941974,17.485276072107716
path,-17.40141921548413,17.487609501492724
path,-17.396681747334508,17.489984100265023
path,-17.391939287372413,17.492381974395816
path,-17.38719799645811,17.49478513851913
path,-17.382457884770133,17.49719360811648
path,-17.377968073105457,17.499348569405456
path,-17.373581134347923,17.501437704478406
path,-17.36924478870165,17.503554404791117
path,-17.364959688193046,17.505698722150566
path,-17.36072223067109,17.507868775765683
path,-17.356717645699426,17.509757198515466
path,-17.3528718243467,17.511465742626143
path,-17.34912171139586,17.51304020238703
path,-17.34537274128961,17.51454859495715
path,-17.341624083202046,17.516059417592242
path,-17.338063313093954,17.517573928998612
path,-17.334632683016608,17.518976989397487
path,-17.33122164513432,17.52035307560728
path,-17.327822303111557,17.521702277354
path,-17.324424788065595,17.52305199101921
path,-17.32112169488019,17.52436678785773
path,-17.317849663826205,17.525681090805307
path,-17.314581934301845,17.527008124750786
path,-17.311316487790528,17.52834339208048
path,-17.308057035246765,17.52968676363039
path,-17.304900740390277,17.530998094433787
path,-17.301777842151054,17.532303437884682
path,-17.298662750855932,17.53361888413422
path,-17.295556032801876,17.53494509927728
path,-17.292458252098797,17.53628274416674
path,-17.289391021821086,17.537612788554004
path,-17.286335084262973,17.538954177696304
path,-17.283289755029898,17.54030893729692
path,-17.280255584299898,17.54167770235563
path,-17.27723311332271,17.543061103406462
path,-17.274250877393047,17.54443382256506
path,-17.271287753549025,17.545810524864528
path,-17.2683269307637,17.547186017833813
path,-17.265365578581875,17.54856168647236
path,-17.262404203547185,17.549938122428816
path,-17.259479913976968,17.551282474038008
path,-17.25656298924292,17.55262169725435
path,-17.253647536851986,17.553963456473383
path,-17.25073406410038,17.55530833235237
path,-17.24782307827887,17.55665690494766
path,-17.24501971295616,17.557964276759535
path,-17.2422838783903,17.55921841469147
path,-17.239553653246496,17.560476060498708
path,-17.236827938693807,17.56173955243566
path,-17.234107208816418,17.563009436623588
path,-17.23145602538872,17.564241864531578
path,-17.22883879616328,17.565451742699185
path,-17.226228018138194,17.566669539373216
path,-17.22362414226868,17.567895781974315
path,-17.22102761829044,17.56913099508133
path,-17.218480525766264,17.570337816890078
path,-17.215950613392373,17.571544714290116
path,-17.21342934777763,17.572762143181347
path,-17.210917168858693,17.573990604598702
path,-17.208414513965483,17.575230596508206
path,-17.205963150827206,17.57644529032922
path,-17.203536274871116,17.577657594283867
path,-17.20112028373698,17.578882813010196
path,-17.1987155890363,17.580121428000155
path,-17.19632259965763,17.581373916333135
path,-17.19378496781801,17.582789055790904
path,-17.191249103268312,17.584230829738956
path,-17.188726170916116,17.585687986245865
path,-17.186216589604122,17.587161008968398
path,-17.18372077459429,17.58865037665173
path,-17.18126756861221,17.590130046001494
path,-17.17883175380704,17.59162379581039
path,-17.176410902849486,17.59313529559171
path,-17.174005412814054,17.594664996607243
path,-17.171615676212564,17.596213344746243
path,-17.169256869674626,17.59776679699526
path,-17.166918540376354,17.599336173949947
path,-17.16459721356817,17.600925404179172
path,-17.162293250173523,17.602534916310944
path,-17.160007006839912,17.604165132044685
path,-17.157674355828586,17.605877963220006
path,-17.155360098083534,17.607612378797143
path,-17.15306407476699,17.60936814356359
path,-17.15077379261847,17.61113090663444
path,-17.14848401093996,17.61289464358369
path,-17.14618593514824,17.614666135781494
path,-17.14388835625779,17.61643862585737
path,-17.141591274198834,17.618212113768106
path,-17.139294687165147,17.619986603855953
path,-17.136998593602282,17.621762100047086
path,-17.13460908937442,17.623610216252285
path,-17.132220070709035,17.625460548138964
path,-17.129831581803096,17.627311982933858
path,-17.127444362399533,17.629163209413594
path,-17.12508101572603,17.63095573088485
path,-17.122543538104285,17.632801576735538
path,-17.119992087560835,17.634643123284217
path,-17.11743085260521,17.636476581671705
path,-17.11486035008268,17.638302428830816
path,-17.112281101128243,17.640121145154158
path,-17.10959009845791,17.642055374145922
path,-17.106883894856434,17.643985137947034
path,-17.104157127753286,17.64589657020682
path,-17.101401508451254,17.6477825855838
path,-17.09861689593558,17.64964309830396
path,-17.095779961609146,17.6515070092115
path,-17.092915203009667,17.65334654475294
path,-17.090023240601752,17.65516226102425
path,-17.087104697504422,17.656954736013613
path,-17.084160017567903,17.658724375728607
path,-17.080949429750554,17.660746908382908
path,-17.077673032031267,17.662803892958813
path,-17.07437213994576,17.664839801519214
path,-17.071047471926942,17.666855298337616
path,-17.06769975689283,17.668851056557756
path,-17.064380378495027,17.67077819879738
path,-17.061095738460388,17.67261058736782
path,-17.05779443711543,17.674419533540505
path,-17.054473193166352,17.67621132374728
path,-17.051132758164744,17.67798666498329
path,-17.04783168840231,17.679691945321142
path,-17.04457497293686,17.681296300397428
path,-17.04131216539433,17.68287125464649
path,-17.038011179038165,17.684471656190198
path,-17.034699648702667,17.686089214851656
path,-17.031582126836707,17.687698053101176
path,-17.02854253713956,17.689215567702334
path,-17.02549605670182,17.690714485350217
path,-17.022450978796805,17.692215190172135
path,-17.019384669610908,17.693746338708383
path,-17.01641195574476,17.695251087873768
path,-17.013451063916595,17.69675843321013
path,-17.010557142782904,17.698256020463855
path,-17.007742474029758,17.699822061536278
path,-17.005002868857524,17.70146494489013
path,-17.002371773113342,17.703139057569707
path,-16.999817421675267,17.704876882754355
path,-16.997284275562542,17.706637480889885
path,-16.994753014407213,17.708401404924782
path,-16.99222365185365,17.710168651590205
path,-16.989622835247904,17.711990641203876
path,-16.98702402818781,17.713816159625676
path,-16.984427255778137,17.715645165230733
path,-16.98183252592209,17.717477652170363
path,-16.97923984610658,17.719313615005447
path,-16.976649401478323,17.72115291726949
path,-16.974061017109598,17.722995681023434
path,-16.971474696280975,17.724841898254876
path,-16.96889044205618,17.726691561204234
path,-16.966308260851076,17.728544666723593
path,-16.963726835080518,17.730402156278597
path,-16.961147490567328,17.732263080066648
path,-16.958570229810974,17.734127430651736
path,-16.955995055581205,17.735995202358588
path,-16.953421970352363,17.737866389492535
path,-16.950758219443685,17.739807499248872
path,-16.94809639472954,17.741753704647476
path,-16.945436820145467,17.743703558141277
path,-16.942779500454055,17.74565705729778
path,-16.94012443598964,17.747614194669236
path,-16.937230855037548,17.74972893836879
path,-16.934326960073932,17.751882123334436
path,-16.931425722544336,17.754039673825048
path,-16.92852714947614,17.75620158081756
path,-16.925631246128805,17.75836783418153
path,-16.92256369332574,17.760654461631294
path,-16.919500630001373,17.762959753581512
path,-16.91644059246779,17.76526989414891
path,-16.913383589905383,17.76758488028931
path,-16.910329620338256,17.76990469631034
path,-16.906750750393158,17.772469871722308
path,-16.9030536807573,17.775224330423494
path,-16.89939993552618,17.778025289634446
path,-16.895752998957615,17.78083565884938
path,-16.89211043191945,17.783652934503
path,-16.888127493780175,17.786669934222395
path,-16.884141887664104,17.789772298921548
path,-16.880163905411255,17.79288526801051
path,-16.876191225127105,17.79600644815733
path,-16.87222384449098,17.799135816153335
path,-16.868354438358736,17.802236192686877
path,-16.864600751247966,17.805283104853228
path,-16.860894507554804,17.808250453794983
path,-16.857195475728616,17.811213586664138
path,-16.8535011227098,17.814183760342203
path,-16.84979727208619,17.81717242110066
path,-16.846098131671248,17.820168172179113
path,-16.842403704593917,17.823170998295435
path,-16.838713990462576,17.82618089131966
path,-16.835028988902135,17.829197842594933
path,-16.83140307213614,17.83218734793261
path,-16.82779846492803,17.835161408546284
path,-16.824198390404085,17.838142054804646
path,-16.8206028475726,17.841129294715575
path,-16.817011835540285,17.8441231342394
path,-16.81332475970385,17.847205250071582
path,-16.809642358724425,17.850297056458377
path,-16.80596474324832,17.853395851291985
path,-16.802291912669155,17.85650163331163
path,-16.79862386638993,17.859614400052322
path,-16.794583267577035,17.862936289028774
path,-16.790335663231655,17.866224844294592
path,-16.786084496916946,17.8694407689908
path,-16.781855091319905,17.87259143849523
path,-16.77764733758436,17.875677205718254
path,-16.773570602176502,17.87874686293138
path,-16.769542180577975,17.88178190177323
path,-16.765531436277087,17.884765554997156
path,-16.761538440986303,17.887697560102556
path,-16.75755614622338,17.890602475058547
path,-16.75371971880898,17.893524175068425
path,-16.750000735075385,17.896444859883548
path,-16.746300137951195,17.89931336225371
path,-16.742617325538173,17.902128878172203
path,-16.738952358396983,17.904891162585297
path,-16.735413823982125,17.907640086119457
path,-16.731925287456992,17.91035267283908
path,-16.728454548435067,17.913011248019163
path,-16.725001666981413,17.91561558144689
path,-16.721565464168815,17.91816974901889
path,-16.718207134336858,17.920711435795912
path,-16.714861590389997,17.92320557091096
path,-16.711520083042352,17.925694160534313
path,-16.708180138372807,17.92818525588253
path,-16.704841745382048,17.93067885766448
path,-16.70150075966559,17.93317806124221
path,-16.698161310131677,17.935679780339985
path,-16.694823390808853,17.93818401327029
path,-16.691486995629162,17.940690760127627
path,-16.68815211947675,17.94320002088493
path,-16.684794624453506,17.945729989205596
path,-16.681438655031336,17.948262519070322
path,-16.678084215229454,17.950797598773963
path,-16.674736268777092,17.953343889666485
path,-16.67118281602608,17.955965148617224
path,-16.667209376263692,17.958668807018224
path,-16.66321555294285,17.961411689525036
path,-16.659223971096146,17.964158704490014
path,-16.655234638797932,17.96690985177359
path,-16.65124756428057,17.96966513099346
path,-16.6470382887861,17.972565899201197
path,-16.642818725429738,17.97549440922726
path,-16.638601725743815,17.978427556821394
path,-16.63438730027923,17.98136534033062
path,-16.63017545969663,17.984307757937557
path,-16.625222338024766,17.98741224356404
path,-16.619692494354258,17.991100710868977
path,-16.61407415118384,17.995056812731317
path,-16.608460518904803,17.999021183368768
path,-16.60285162467827,18.002993815732477
path,-16.59647105775524,18.007119415151738
path,-16.58934003451479,18.01176522008434
path,-16.582017394821307,18.016961043276204
path,-16.574692195967792,18.02220112758787
path,-16.56737535120802,18.027455285838347
path,-16.559291606150428,18.0328704689028
path,-16.550443747059397,18.038784281122542
path,-16.541268610857944,18.04519522954395
path,-16.53190754808565,18.052046974782893
path,-16.522481941916226,18.059172596115115
path,-16.513002289938132,18.0661975623311
path,-16.503425939481446,18.07307118699837
path,-16.49423111915046,18.079973042711107
path,-16.48553486954379,18.087078244195087
path,-16.47716254035018,18.094392996377355
path,-16.468899875430456,18.102127613938
path,-16.460621797976607,18.11016059951968
path,-16.45232039432697,18.11845633999082
path,-16.443998393363245,18.126998839687918
path,-16.435656101191725,18.13578589577589
path,-16.42728251102976,18.144787494280028
path,-16.418871120161292,18.153985273663597
path,-16.410427162286513,18.163393161333534
path,-16.401952319127076,18.173015206871767
path,-16.393448230841834,18.18285386627065
path,-16.385206397623065,18.19225245287071
path,-16.37740466790612,18.200645694591994
path,-16.370020823711084,18.208683152527946
path,-16.363243000501726,18.216256078913755
path,-16.356804880055417,18.223387003500243
path,-16.35111863659897,18.229855652170134
path,-16.346074069840544,18.235666109182077
path,-16.341685472701947,18.240666355518087
path,-16.337744018384047,18.244830030630812
path,-16.334223857966705,18.248667163889767
path,-16.33105963672771,18.25246073752619
path,-16.32811316519929,18.25613511171414
path,-16.325574110241497,18.259578983245866
path,-16.32346316772245,18.262850503470627
path,-16.321780309420436,18.26596671272399
path,-16.320457694798407,18.26849984025107
path,-16.319259541622742,18.270630494683687
path,-16.318110833876837,18.27257517623647
path,-16.31700353132943,18.27439645921857
path,-16.315943159721936,18.276102302198566
path,-16.314960244963256,18.27764978051174
path,-16.313791119727437,18.279506171864536
path,-16.311657344249866,18.282161615776616
path,-16.30862305272857,18.284949496338363
path,-16.304695494896862,18.287713218903225
path,-16.30023640916005,18.290457119249577
path,-16.295809085549966,18.293197759853427
path,-16.291625834665687,18.295932745272182
path,-16.28730822774334,18.29876564351291
path,-16.28294628964008,18.30173980838207
path,-16.278243770173734,18.30484176359736
path,-16.273404647191235,18.30810911669053
path,-16.26854838994017,18.311410455133732
path,-16.263705304146576,18.314787179525045
path,-16.258875029145436,18.318276121167873
path,-16.25406568509741,18.32186388606855
path,-16.249260369745468,18.32554098004201
path,-16.24445371247989,18.329325940678586
path,-16.239584457806707,18.33320780827493
path,-16.234746666828457,18.337197512378896
path,-16.22994426459918,18.341290480688247
path,-16.225163509569825,18.345484190144646
path,-16.22041234846901,18.34973397746149
path,-16.215690899456842,18.35400930744553
path,-16.210996839060737,18.35830857903365
path,-16.206418267769372,18.362438617031042
path,-16.201898589949362,18.366535430512407
path,-16.197402537362684,18.37065189371772
path,-16.19292738180261,18.374785989692747
path,-16.18845855089956,18.378927870930006
path,-16.184192043879513,18.38280296290316
path,-16.180024792485764,18.386575493624637
path,-16.1758685172336,18.390360917719796
path,-16.171732364689635,18.39415428458529
path,-16.16760725146315,18.397949979184258
path,-16.163625339986794,18.40152239306861
path,-16.159714620676493,18.40500823067503
path,-16.15581311454574,18.408496401766037
path,-16.15191929806933,18.41198522532851
path,-16.148031684577,18.415472995433262
path,-16.14436175553552,18.41880620225443
path,-16.14097071573364,18.42195728538926
path,-16.13775287128932,18.424950614176737
path,-16.13466613164681,18.427820652162314
path,-16.131680331614543,18.430578026252284
path,-16.128895056825968,18.43308588771498
path,-16.126230887919963,18.435509798164656
path,-16.123638105780213,18.437887993001322
path,-16.121088190843125,18.44021977514533
path,-16.118572618781013,18.442513880597062
path,-16.11621104363313,18.444604150886278
path,-16.11393174875644,18.44666278940279
path,-16.11167662577591,18.44870511292296
path,-16.109434046156487,18.45072024128631
path,-16.10719845039952,18.452691330818194
path,-16.105040117247015,18.454562063866806
path,-16.102897998618836,18.456395855890694
path,-16.100759072158084,18.45820497577355
path,-16.098622535837382,18.459993973968544
path,-16.09648776002709,18.46176668144485
path,-16.094409989945333,18.463486462178892
path,-16.092341319220004,18.46518324137406
path,-16.090273139311527,18.466870879910324
path,-16.08820516350419,18.468550903789033
path,-16.08613715935131,18.470224548655256
path,-16.084137293033997,18.4718428465704
path,-16.08215148261875,18.473440507255035
path,-16.080165258730442,18.475034341757855
path,-16.078178520799494,18.476624880846536
path,-16.07619118711686,18.478212553953536
path,-16.073813637708835,18.479923030785816
path,-16.07121779386868,18.481720669832484
path,-16.068619788513015,18.483545951746077
path,-16.06602386069065,18.48539406762725
path,-16.063429891092024,18.487264632118958
path,-16.06091857362819,18.489141356723497
path,-16.058447235907988,18.491041954266976
path,-16.055978050156472,18.492963808922706
path,-16.053509928913613,18.49490232902954
path,-16.051040625619365,18.496840744029722
path,-16.04864720513154,18.498721020466483
path,-16.046268989742494,18.50058243974148
path,-16.043889449049093,18.502442242272163
path,-16.041508578313813,18.504300446278688
path,-16.039126373669195,18.50615706576957
path,-16.036805057956272,18.50796580238434
path,-16.034491016633403,18.50976429494475
path,-16.032175712775413,18.511561316378963
path,-16.029859144673257,18.513356870841562
path,-16.027541310944006,18.515150961043986
path,-16.025309192058778,18.516881604100718
path,-16.023096442980783,18.518589755976485
path,-16.020882540921626,18.520296577159282
path,-16.018667485300863,18.52200206732101
path,-16.01645127566654,18.523706225646762
path,-16.01428340012352,18.52537213801717
path,-16.012118670400888,18.527032431400382
path,-16.009952841279432,18.52869145236949
path,-16.0077859126304,18.530349199149807
path,-16.005617884380033,18.53200566980793
path,-16.003536651791066,18.53359860598759
path,-16.00147324789181,18.53517117087897
path,-15.999408850056824,18.536742576343116
path,-15.997343458330654,18.538312820431873
path,-15.99527707278354,18.539881901148966
path,-15.993267857445588,18.54140715446778
path,-15.991263516118972,18.542925458020843
path,-15.989258241845828,18.54444266335728
path,-15.987252034751238,18.545958768569044
path,-15.98524489497382,18.547473771736335
path,-15.983281160427186,18.548954942462856
path,-15.981319250560725,18.55043232090841
path,-15.979356451655342,18.55190864287767
path,-15.977392763876518,18.553383906563894
path,-15.975428187397778,18.55485811015987
path,-15.973496189661695,18.556306458282176
path,-15.971564476636882,18.557752641178112
path,-15.969631906458991,18.55919779580345
path,-15.967698479316612,18.560641920449257
path,-15.965764195403677,18.5620850134092
path,-15.96387403644171,18.563494219065106
path,-15.961985714970748,18.564899803857838
path,-15.960096578942446,18.56630440232446
path,-15.958206628553315,18.567708012891032
path,-15.956315864003658,18.56911063398669
path,-15.9544594469246,18.570486517176338
path,-15.952603458185003,18.571860248637204
path,-15.950746686867552,18.57323302383217
path,-15.948889133173989,18.57460484128949
path,-15.94703079730899,18.575975699540248
path,-15.944683578431537,18.577556698895464
path,-15.94193625478515,18.579292920301267
path,-15.93915967268494,18.581075081530436
path,-15.936381990431393,18.582858551796782
path,-15.933603156788122,18.584642946380914
path,-15.930907976381157,18.586415894205828
path,-15.928230868876255,18.58818969600376
path,-15.925552512965565,18.5899632674649
path,-15.922872858902823,18.591736225602613
path,-15.920191857242099,18.59350818757718
path,-15.917601328952625,18.59526555551186
path,-15.915032567821834,18.597021958892114
path,-15.912462372534293,18.59877621919996
path,-15.909890695317914,18.600527957541825
path,-15.907317488741876,18.60227679562348
path,-15.904827585944242,18.604010776839647
path,-15.90235362151401,18.60574167410556
path,-15.89987804007273,18.607468542159815
path,-15.897400795941309,18.609191008258943
path,-15.894921843817418,18.61090870068255
path,-15.892508038159992,18.612608419659335
path,-15.89010075710107,18.614302881924324
path,-15.887691675567607,18.615991467344134
path,-15.885280750153466,18.617673811820065
path,-15.882867937859794,18.619349552665795
path,-15.880539135474246,18.620980968353603
path,-15.878221388503924,18.622603293812546
path,-15.875901694994871,18.62421795031515
path,-15.873580014597719,18.62582459005048
path,-15.871256307388913,18.627422866974882
path,-15.86899771773481,18.628992577027205
path,-15.866744030592992,18.63055343241998
path,-15.864488241918899,18.632104906394993
path,-15.862230313998156,18.63364666502536
path,-15.859970209561995,18.635178376480773
path,-15.857758708609197,18.636693851003873
path,-15.855548604377569,18.638198716019172
path,-15.853336239622807,18.63969255510452
path,-15.85112157901101,18.6411750468853
path,-15.848904587673669,18.642645872389902
path,-15.846751203070854,18.644096806588472
path,-15.844602682871518,18.645535621592632
path,-15.84245176265099,18.64696183206003
path,-15.84029840957095,18.648375131227308
path,-15.838142591274046,18.649775215021144
path,-15.836035036008077,18.65115599242813
path,-15.8339284444957,18.652523035376632
path,-15.831819316881525,18.65387597095992
path,-15.829707622851139,18.655214507932087
path,-15.827593332584716,18.656538357998105
path,-15.825514392482264,18.657843071181546
path,-15.823434218106062,18.65913256112501
path,-15.821351377349357,18.66040652053979
path,-15.81926584245444,18.661664674563486
path,-15.817178590223955,18.662914612441067
path,-15.815131961592947,18.66415041006894
path,-15.81308516977886,18.66537402556038
path,-15.81103756714203,18.666596286810183
path,-15.80898921794618,18.667817693028912
path,-15.806940122483379,18.66903824379313
path,-15.804370920756147,18.670578969427613
path,-15.801231811101982,18.672385083562713
path,-15.798032510281566,18.674281227160037
path,-15.794831400744261,18.676175285654004
path,-15.791628484060013,18.678067257094714
path,-15.78852415692001,18.679934072499965
path,-15.785441049180779,18.681779176491126
path,-15.782353844837244,18.683602382342663
path,-15.779263957978015,18.685414799437147
path,-15.776172509734703,18.68722529151663
path,-15.773201943171069,18.689008067376125
path,-15.77026239160791,18.69076988560533
path,-15.767318567454241,18.692507838941513
path,-15.764370952876455,18.694225655541587
path,-15.761421654812084,18.695939902974875
path,-15.758580302558185,18.69762631223691
path,-15.755759815590386,18.69928833328896
path,-15.752935207129774,18.700926928631528
path,-15.75010875708898,18.702560019784006
path,-15.74728095681192,18.70419148490418
path,-15.744549256162035,18.705796555000898
path,-15.741830812482075,18.707375284138923
path,-15.73910935174752,18.708938657930556
path,-15.736391759123485,18.710560215509737
path,-15.733702585447011,18.712256991174502
path,-15.731090470917447,18.713968200848736
path,-15.728484200095926,18.715681144998065
path,-15.725876678092314,18.717392178069108
path,-15.72326789944168,18.719101292353482
path,-15.720657859300958,18.72080848059804
path,-15.718139861167026,18.72246619715402
path,-15.715629365030596,18.724103291682425
path,-15.713117678511805,18.725738579988956
path,-15.710604800308818,18.72737205770585
path,-15.708090729336124,18.729003720638318
path,-15.70565126709795,18.730589806106078
path,-15.703217537722077,18.732163029440947
path,-15.700799197815916,18.733737231783003
path,-15.698387411432075,18.73531487942867
path,-15.695974525927571,18.736890717351883
path,-15.69364251072944,18.73842295502569
path,-15.691314828571468,18.739938578320004
path,-15.688986090049937,18.741452497839656
path,-15.686656290828914,18.742964710252963
path,-15.684325427048375,18.744475212129498
path,-15.682044311941322,18.745954910538078
path,-15.67976330194111,18.747428572169724
path,-15.67748125831216,18.74890058385776
path,-15.675198179503052,18.750370942787637
path,-15.672914064185601,18.751839646224752
path,-15.670686252568412,18.753274539216516
path,-15.668459256592836,18.75470220922324
path,-15.6662312634181,18.756128293428006
path,-15.66400227348822,18.757552790106963
path,-15.661772287286592,18.75897569751734
path,-15.659580405830708,18.760371983940352
path,-15.657390786040807,18.76176322967976
path,-15.655200324835864,18.763153018385292
path,-15.653009011859236,18.76454134122898
path,-15.650816837820711,18.76592819006341
path,-15.648673026304756,18.767285446951785
path,-15.64652939519627,18.76863778928471
path,-15.644384913110963,18.76998869918712
path,-15.642239575406126,18.77133817297613
path,-15.640093377683398,18.772686204707973
path,-15.63737934105289,18.77435027179391
path,-15.633925318165167,18.776190885549312
path,-15.630405974189559,18.778078605884925
path,-15.626890726456207,18.780006376182072
path,-15.623379473117101,18.78197366597238
path,-15.619998234635888,18.783971553715833
path,-15.616663500078527,18.786010904230118
path,-15.613329755903608,18.788068333141744
path,-15.609993901329773,18.790122223337033
path,-15.606655934463946,18.792172562828366
path,-15.603438059069873,18.794154134969023
path,-15.600240233273963,18.796107920575796
path,-15.597040574732011,18.798058505145715
path,-15.5938390744109,18.80000587646291
path,-15.590635724399657,18.801950023053138
path,-15.587580502731598,18.80379948296139
path,-15.584560395888891,18.805623615114737
path,-15.581538694816283,18.807444903262752
path,-15.578515389614664,18.809263335613167
path,-15.575490471549186,18.81107890114797
path,-15.572590286551574,18.81283084587547
path,-15.569701910312904,18.814516079568598
path,-15.566811218470548,18.816192917797892
path,-15.563919076977546,18.81786752419804
path,-15.561025485624528,18.819539894207775
path,-15.55823472051994,18.82115778841707
path,-15.55545520997342,18.82275663875349
path,-15.55267449303447,18.82435351608335
path,-15.549892557863835,18.82594840777209
path,-15.547109393879527,18.827541302159613
path,-15.544403865485885,18.829093191293794
path,-15.541700353939003,18.830635616612984
path,-15.538995641107492,18.83217611739074
path,-15.536289722574159,18.83371468698585
path,-15.53358259446312,18.835251319183808
path,-15.530969550638671,18.83674266585455
path,-15.528371095119489,18.83821651564735
path,-15.525785650506922,18.839693331185572
path,-15.523204457351156,18.841167711755016
path,-15.520621903719695,18.842638360786854
path,-15.518115519042665,18.844078147039788
path,-15.515611270884902,18.845512264689244
path,-15.513105510934562,18.84694160015243
path,-15.510598176801158,18.8483657493236
path,-15.508089206725598,18.84978430917542
path,-15.50563385340133,18.85118170776136
path,-15.503178158600416,18.85257270049139
path,-15.500720408805384,18.853954647960492
path,-15.498259850393564,18.855325335794163
path,-15.4957964166566,18.85668439043358
path,-15.493404324003098,18.85801351335567
path,-15.4910164773077,18.85932965209185
path,-15.488625684996427,18.860633037759815
path,-15.486231875375159,18.86192331518969
path,-15.483834978189291,18.863200131560035
path,-15.481495080647031,18.864456111427877
path,-15.47915462536675,18.865697819817907
path,-15.476810882996826,18.866925036638847
path,-15.474463790992397,18.868137422660556
path,-15.472113287766284,18.869334641437085
path,-15.469238622145792,18.870891916992313
path,-15.465707131482416,18.87261528321463
path,-15.462129792726573,18.874327284943345
path,-15.45854800316483,18.876022333073088
path,-15.45496167926627,18.8776999449169
path,-15.451054256912306,18.879519803746916
path,-15.447075186832175,18.881335043029235
path,-15.443091891387665,18.883135844476246
path,-15.439106497940687,18.884933475454627
path,-15.435119111505491,18.886728479114883
path,-15.431341426029645,18.888492562506034
path,-15.427683284863834,18.890240984130134
path,-15.424019865660773,18.89196782637868
path,-15.420351075006383,18.89367259803231
path,-15.416676825009947,18.895354811318715
path,-15.413105465390023,18.897005293203758
path,-15.409544129589218,18.89863157249275
path,-15.405977185174034,18.900233853536783
path,-15.402405405840485,18.901816250081975
path,-15.398831857746936,18.90339507641
path,-15.395404523855923,18.90494697288964
path,-15.3920055125295,18.906473308179063
path,-15.388600869025126,18.907975105819272
path,-15.38519394900884,18.90947020820293
path,-15.381785649602504,18.91096338399764
path,-15.378481538415837,18.912430491799192
path,-15.375188320946402,18.91387181413303
path,-15.371893226705831,18.915307959434614
path,-15.368596887915052,18.916742309233275
path,-15.365299299569077,18.918174862524154
path,-15.362117439777629,18.919580543657695
path,-15.358949531008685,18.92095762879764
path,-15.355779537419398,18.922327959633478
path,-15.352608413418588,18.92369663419157
path,-15.349436153441447,18.925063651069525
path,-15.34636303204315,18.9264051824883
path,-15.343298400326324,18.92772248239006
path,-15.340232571058433,18.929037286842814
path,-15.3371657159952,18.930350544769844
path,-15.33409782794201,18.931662254659326
path,-15.331119370216351,18.932949032423068
path,-15.32814616690451,18.934216069660454
path,-15.325172052488046,18.935481629581595
path,-15.32219702102741,18.936745737928458
path,-15.319221062092454,18.93800839299083
path,-15.316328059136888,18.93924388453051
path,-15.313437994135281,18.940466818095718
path,-15.310546986855028,18.94168837447224
path,-15.307655035327652,18.942908552543972
path,-15.304762137883076,18.944127351206
path,-15.301919663387253,18.945325339784784
path,-15.299077460097411,18.946519403273303
path,-15.296234328270138,18.94771213270985
path,-15.293390268434617,18.94890352717261
path,-15.290545281176303,18.950093585738987
path,-15.287790413881822,18.95125415559091
path,-15.285043948957233,18.952399429156664
path,-15.282296680150097,18.953543462003836
path,-15.279548602696178,18.95468625289077
path,-15.276799712382214,18.95582780061133
path,-15.274101304016254,18.956948607826327
path,-15.271403346967842,18.958066009617493
path,-15.268704585886095,18.959182210831575
path,-15.266005019540081,18.960297210526424
path,-15.263304646909194,18.96141100777352
path,-15.260035323636135,18.963038568773097
path,-15.255778222494516,18.965239342477005
path,-15.250762528777368,18.96759630562595
path,-15.245551444443597,18.96992698219178
path,-15.240329625614642,18.97221251498055
path,-15.235186451322846,18.974444812865308
path,-15.230042689464474,18.976629520869015
path,-15.224888037329833,18.97876707536428
path,-15.219722782462112,18.980858903895626
path,-15.214552698635703,18.98293583617939
path,-15.209690726950246,18.984953433744053
path,-15.205048174562634,18.986930414179426
path,-15.200423393000632,18.988858879170177
path,-15.195775211610028,18.990739977173405
path,-15.191109752339754,18.992623327293092
path,-15.186665060606686,18.99444211704198
path,-15.18233136195871,18.996214311881225
path,-15.177980367497645,18.997995607920693
path,-15.173601409725153,18.99980974980367
path,-15.16919017039851,19.00165476934373
path,-15.16496990141228,19.003294320320048
path,-15.160923983428802,19.0048607823097
path,-15.156877601580119,19.00642961393731
path,-15.152829703712166,19.007995676132744
path,-15.148780289262213,19.009558967515172
path,-15.144876626481508,19.011055330282897
path,-15.141015347613214,19.01253985070333
path,-15.137152671383701,19.014021849462473
path,-15.133288600469186,19.01550132491183
path,-15.129423137627992,19.016978275274198
path,-15.125697291339353,19.01838968799871
path,-15.122013383943091,19.019791117253266
path,-15.11832833638149,19.021190251990436
path,-15.114642140403035,19.022587090495968
path,-15.11095478883801,19.023981630963707
path,-15.107370990203865,19.025330478301427
path,-15.103802676466177,19.026674617019133
path,-15.100233314979294,19.028016601630082
path,-15.096662897557058,19.02935643028563
path,-15.093091417065068,19.03069410108174
path,-15.089632347791293,19.03198272739327
path,-15.086192941773382,19.033265963294685
path,-15.08275257463261,19.034547195665034
path,-15.079311239060827,19.03582642266116
path,-15.075868928692225,19.037103642409026
path,-15.072512707179767,19.03834352492053
path,-15.069164661141889,19.039580844621057
path,-15.065815776449329,19.04081626492105
path,-15.062466040713096,19.042049783937056
path,-15.059115442953889,19.043281399771512
path,-15.055863387581741,19.044472296909085
path,-15.052620690536516,19.045660374993318
path,-15.049377085541506,19.046846664495888
path,-15.046132573698594,19.048031163764676
path,-15.04288715621491,19.049213871137937
path,-15.039740575736468,19.050355145246602
path,-15.036608736887814,19.05149223032162
path,-15.033476113722147,19.052627645919255
path,-15.030342702446086,19.05376139042816
path,-15.027208499818924,19.05489346223746
path,-15.024150684763516,19.05599255945337
path,-15.0211010090154,19.057089948164503
path,-15.018050675604682,19.05818575420759
path,-15.014999673813291,19.059279975888163
path,-15.011947994122801,19.060372611527903
path,-15.008351080888662,19.062092797452717
path,-15.003716578224136,19.064866996423078
path,-14.99822334398923,19.06804280781278
path,-14.992114037694423,19.071023773284754
path,-14.985611057340773,19.073772718425932
path,-14.979236710632405,19.076185795927156
path,-14.973071135370082,19.078545104185636
path,-14.967080631329926,19.08095661679221
path,-14.961115736456232,19.08336719483139
path,-14.955148662119766,19.085771496537483
path,-14.94934692158275,19.087823051370624
path,-14.943760362323978,19.08974545329716
path,-14.938376814202888,19.091736534328057
path,-14.93317576375675,19.093785288675036
path,-14.928011788634224,19.095837662512032
path,-14.923002821074494,19.097626902920585
path,-14.91820284872722,19.09939566114602
path,-14.913571210100004,19.101214584803518
path,-14.90895336942468,19.10303192292925
path,-14.90433421962863,19.104845462740347
path,-14.899866975862992,19.10648934719158
path,-14.895581377555645,19.108150249146345
path,-14.891316631852181,19.10981299523084
path,-14.88705086661416,19.111472493399475
path,-14.88278408189541,19.113128739427676
path,-14.878658079638784,19.11468312404895
path,-14.874620832147594,19.116243326179905
path,-14.870582731013124,19.1178006083295
path,-14.866543772397366,19.119354966921026
path,-14.86250395335041,19.12090639838059
path,-14.85859620484753,19.122376706921617
path,-14.854747655233417,19.12384858554313
path,-14.850898333901702,19.12531780036294
path,-14.847048239124078,19.126784348222593
path,-14.84319736975548,19.128248225944898
path,-14.839480675951886,19.129629261845164
path,-14.835826027390139,19.13101318654793
path,-14.832170654875577,19.132394699432062
path,-14.82851456130881,19.13377379770645
path,-14.82485774967662,19.135150478575877
path,-14.82132345967978,19.136458271087854
path,-14.817833452740873,19.13776703544933
path,-14.814342829847405,19.139073592676
path,-14.810851591033119,19.140377940334798
path,-14.807356224528627,19.141693062568987
path,-14.803916755211457,19.142983967665295
path,-14.800487508312928,19.144269382751713
path,-14.797057174662525,19.145551088756957
path,-14.793625858379414,19.146829430847465
path,-14.790193559173465,19.148104409117604
path,-14.78684023317447,19.149335266343567
path,-14.783510950185178,19.15056469630668
path,-14.78018081446056,19.151790954937283
path,-14.776849820010836,19.153014042794812
path,-14.773517961682591,19.154233960206756
path,-14.770295473044637,19.155389679454355
path,-14.767127496097185,19.15654326083184
path,-14.763958681892401,19.157693983750264
path,-14.760789032446137,19.1588418473402
path,-14.757618549820632,19.159986850670915
path,-14.753906751901715,19.16157381733391
path,-14.749604827784925,19.16317560934998
path,-14.74525909351799,19.164728771569102
path,-14.740911815382711,19.16627656303769
path,-14.736562999307752,19.167818980131795
path,-14.731659231156266,19.169864629976693
path,-14.72600768105697,19.17204785186777
path,-14.720174790720591,19.17408863851588
path,-14.714334179163547,19.17611831492341
path,-14.708491160917834,19.178136719508625
path,-14.702799963417723,19.17990827873247
path,-14.697306723892911,19.18167935284714
path,-14.691974032771729,19.18348203295611
path,-14.686664809652761,19.18528162679105
path,-14.681353164321617,19.18707318922616
path,-14.676203646018854,19.18857678189842
path,-14.671256975409383,19.190035030032284
path,-14.666507674812937,19.19154518079193
path,-14.661874936730248,19.193075483537665
path,-14.657245979338724,19.19459928411955
path,-14.652763440008439,19.195951834998525
path,-14.648473123240167,19.197322103439845
path,-14.644239002016048,19.198698625816
path,-14.640001896787824,19.20007010353957
path,-14.635766131432304,19.201437751914465
path,-14.63167658317756,19.20259544279732
path,-14.627791256652355,19.203769327323947
path,-14.624024619080993,19.204965561026512
path,-14.620266758548752,19.20616021841283
path,-14.61650555359925,19.20734946236319
path,-14.612446722622362,19.208665443911155
path,-14.608324100460933,19.209961302919
path,-14.604198969541443,19.211250891485157
path,-14.600041494399376,19.212523266522837
path,-14.595902841061429,19.213808152694344
path,-14.591900631700387,19.214990070840397
path,-14.588034902143606,19.216179880850106
path,-14.584173737672657,19.217366563845058
path,-14.580310219895075,19.218547695678843
path,-14.576445948213038,19.21972598938278
path,-14.572751872132327,19.22079793723628
path,-14.56925856431022,19.221659593944995
path,-14.565623376137653,19.222328780045142
path,-14.56184658679047,19.222807094158828
path,-14.55795352741355,19.223224236396156
path,-14.553923951094859,19.223743590380725
path,-14.549810042498212,19.224283792491313
path,-14.54566233776269,19.22486680824781
path,-14.541486589827214,19.225485729003427
path,-14.53730869793474,19.226105822265048
path,-14.533316882063419,19.22671353800388
path,-14.529344820699956,19.227304309876544
path,-14.525378175560892,19.227895529040254
path,-14.521409332164929,19.2284835925393
path,-14.51743919907481,19.229071764558626
path,-14.513662177109746,19.229642230723574
path,-14.509902360994458,19.230202858952637
path,-14.506139928393546,19.230760036039715
path,-14.50237638320183,19.23131754955628
path,-14.498615905749515,19.231877297576325
path,-14.494993524393578,19.23242547095055
path,-14.491379788215044,19.232962136801422
path,-14.487769767525762,19.233501383991886
path,-14.484159595126028,19.23404059377708
path,-14.480548723907555,19.234581074492798
path,-14.476833467225392,19.235118518646313
path,-14.473053534724706,19.235679067152514
path,-14.469276683581015,19.236244261272834
path,-14.465498554090546,19.23680702522387
path,-14.461719511237005,19.237370476581145
path,-14.458098411544295,19.237921714663248
path,-14.454485912315842,19.238463008894804
path,-14.450872754054775,19.23900294736582
path,-14.44725888205872,19.239541902190496
path,-14.443645381391217,19.24008155584607
path,-14.44019426573335,19.240612872749185
path,-14.43674830885665,19.241129784423094
path,-14.43330066981066,19.241645161115127
path,-14.429851041763225,19.242157288789947
path,-14.426403049653725,19.24267360975574
path,-14.422988410048138,19.24318829104958
path,-14.419578222969873,19.24369915295916
path,-14.416168242094997,19.244209082490407
path,-14.412758450106496,19.244718053865707
path,-14.409349826321282,19.245228254191478
path,-14.40606879147836,19.24572221998435
path,-14.402793742114028,19.246211950425206
path,-14.399520288914294,19.246701462365742
path,-14.396247648369231,19.24719034850853
path,-14.39297618033683,19.247680461960297
path,-14.389824554019086,19.248157955334694
path,-14.386670056709196,19.24862798524523
path,-14.383517695067498,19.249100526281715
path,-14.380364545344204,19.249571679972636
path,-14.377210996397896,19.250041752485917
path,-14.373942507749918,19.250533662265344
path,-14.370583382640831,19.251027690828476
path,-14.367212111357698,19.251532013896693
path,-14.363839554885335,19.25203531220751
path,-14.36046982054906,19.25253726883792
path,-14.357204630581615,19.253024294401826
path,-14.353951395466726,19.253511790958633
path,-14.350698117573787,19.253999088163063
path,-14.347447597867484,19.25448833672629
path,-14.34419481939629,19.254974620178285
path,-14.341048422183672,19.255451355870935
path,-14.337908398102478,19.255920007091778
path,-14.334767858899777,19.256387436370222
path,-14.331628448715568,19.256855635452293
path,-14.328489334673142,19.257324796703525
path,-14.324932940191287,19.257838528979892
path,-14.32096399218971,19.258377340542523
path,-14.316818476184544,19.25889619487471
path,-14.312497628725538,19.25939832010206
path,-14.308025200186062,19.2598967311117
path,-14.303211906570732,19.260438659091548
path,-14.298200177328434,19.260965870155207
path,-14.2930209195835,19.261486622362757
path,-14.28770048211399,19.261994193513846
path,-14.282243085885138,19.262487407327324
path,-14.276757479270337,19.262965332458553
path,-14.271148712370826,19.263312837691533
path,-14.265399829898124,19.263684341256827
path,-14.259514697316897,19.264043965655375
path,-14.253506675314867,19.264406381022624
path,-14.247720660737217,19.26499120115229
path,-14.24199303316737,19.26560781209451
path,-14.236296595352183,19.266228202849597
path,-14.230629976596207,19.266853038573075
path,-14.224991536245659,19.267482857645618
path,-14.219809408007427,19.26820229443608
path,-14.214737858570778,19.26894108542802
path,-14.209691254296168,19.269686283706307
path,-14.204668591170359,19.270438469226583
path,-14.199675657873842,19.2712541592585
path,-14.195073921160153,19.271984789592295
path,-14.190573683308408,19.272638242523403
path,-14.186068824057049,19.27328694990356
path,-14.18156420429145,19.273935227122077
path,-14.177068005706523,19.27458200708898
path,-14.172347613093626,19.275223669331435
path,-14.167506641465591,19.275836834409535
path,-14.162563212758295,19.276415630339848
path,-14.157517424085869,19.276956212346448
path,-14.152376437326312,19.277464876337064
path,-14.147357699038684,19.278086061509963
path,-14.142356892958016,19.27872366225135
path,-14.137367782458657,19.279373066339573
path,-14.132389099269773,19.280034548587007
path,-14.127418913385876,19.280710529715442
path,-14.122831509898303,19.281430057039685
path,-14.118365264091162,19.282086266646232
path,-14.113887471472541,19.282727773715326
path,-14.109408873511768,19.28336840026864
path,-14.104933495375194,19.284012530843057
path,-14.100265075766776,19.284673596691285
path,-14.095480799984122,19.285306218500907
path,-14.090595850386377,19.285896920069423
path,-14.085619763262706,19.286463285148898
path,-14.080590513854096,19.28702721497551
path,-14.075790220818687,19.287667801349848
path,-14.071005847201285,19.288328783112153
path,-14.066222116623111,19.28900484470675
path,-14.061427549184366,19.289700062427173
path,-14.056629327092203,19.290419652927135
path,-14.052056656358705,19.291025927477115
path,-14.047585610598391,19.291570060095008
path,-14.04332187405596,19.29205996242948
path,-14.039283672910084,19.292481458875926
path,-14.03536459840153,19.292764312361992
path,-14.031251607990672,19.292957660532892
path,-14.02700944666525,19.293057122115954
path,-14.02278320552869,19.29305137571203
path,-14.018573868493405,19.29293607678764
path,-14.01438161536033,19.292710736257252
path,-14.010347342204899,19.29241000925605
path,-14.00635766688723,19.292074421970717
path,-14.002368051128542,19.29173624841734
path,-13.998378482088933,19.29139536259719
path,-13.9943889587945,19.291051612958686
path,-13.990494771590344,19.290711413635798
path,-13.986610346985506,19.29037134164042
path,-13.982756388962539,19.29011210800528
path,-13.978882433073347,19.29009158440002
path,-13.975001449832993,19.290240495875295
path,-13.971171076978633,19.29056022298565
path,-13.967396056498062,19.291012269276422
path,-13.963668928726063,19.291553214839293
path,-13.959951357586926,19.292155583155914
path,-13.956248343029758,19.292819884464773
path,-13.952473524943741,19.293570628560524
path,-13.948580987810999,19.29439912802806
path,-13.944579506883091,19.295222786563823
path,-13.940543503975565,19.296035389965354
path,-13.936494060445636,19.29685081413963
path,-13.932463802828696,19.297672548874118
path,-13.928437798316951,19.298480507300035
path,-13.924416971692498,19.299277275425055
path,-13.920404026125274,19.30006949307434
path,-13.916399049595489,19.300862480135873
path,-13.9124179412794,19.30166514001851
path,-13.908446259150207,19.302465070627846
path,-13.904487511569968,19.30325951068489
path,-13.900539464720708,19.304039901438625
path,-13.896605045522069,19.30482623245892
path,-13.892635487808338,19.305618101011277
path,-13.88864966255206,19.306401204539885
path,-13.884649802487287,19.307190661810328
path,-13.880638118314838,19.30797407333246
path,-13.876635063413538,19.308753150136948
path,-13.87266179045872,19.309545524844506
path,-13.868710963475841,19.310328288538308
path,-13.864776204677465,19.311098518942085
path,-13.86086624596986,19.31186034952564
path,-13.856975412065925,19.312615721835662
path,-13.853122412477973,19.313371579250447
path,-13.849295741670012,19.31410622663843
path,-13.845501241599795,19.314828525757527
path,-13.841739118997266,19.315525456465465
path,-13.838019919095084,19.316202689946774
path,-13.834390774927101,19.316877900621368
path,-13.830870913395744,19.317512756942893
path,-13.827463876124126,19.31824246750908
path,-13.824029956077519,19.319032120887247
path,-13.820560916215104,19.319810946277823
path,-13.817113581069064,19.3206210574035
path,-13.813682966687857,19.32144035115775
path,-13.810266841296741,19.32225420870054
path,-13.806866061950542,19.32306189570952
path,-13.803475540076713,19.32385501319692
path,-13.8001346691399,19.324640725485036
path,-13.796820684792207,19.325411181384045
path,-13.793519000568683,19.326163028797517
path,-13.790221116392683,19.326914012917737
path,-13.786924795200274,19.32765544499524
path,-13.783503402904405,19.328394827655256
path,-13.779990934027834,19.3291547334718
path,-13.77644524808958,19.329980073097364
path,-13.772831723271317,19.330904252468002
path,-13.769113697374188,19.331834610705968
path,-13.765379017398084,19.332806593259416
path,-13.761639445142976,19.33376342195761
path,-13.757894787136845,19.334705753297293
path,-13.754146438168053,19.335633562858472
path,-13.750389128273584,19.336565177231197
path,-13.746647757528761,19.33753790775687
path,-13.742905384520025,19.338513116178166
path,-13.739160904972998,19.339485627739286
path,-13.73541569611615,19.340454935505356
path,-13.731667979949622,19.341421593652193
path,-13.728218707698804,19.342368213269467
path,-13.72490017031228,19.343293599021003
path,-13.721593614671805,19.344212091208462
path,-13.718292350509028,19.345133502957122
path,-13.715031277867197,19.346009465905457
path,-13.711847749422423,19.346855265635728
path,-13.708720525949758,19.347704439407423
path,-13.705609161209656,19.34853848812432
path,-13.702506882339428,19.34936364309682
path,-13.699410567331316,19.350185134497128
path,-13.6964427545534,19.35098389197176
path,-13.693497433608865,19.35175874301657
path,-13.690562175055275,19.352553351883913
path,-13.687638173087956,19.35331914210189
path,-13.684717437307516,19.35408133672971
path,-13.681604933707534,19.35483108623885
path,-13.67824923441937,19.355426734160563
path,-13.674793268331715,19.355991974146722
path,-13.671273907803823,19.356595138696857
path,-13.667707417698834,19.35722624853258
path,-13.663926101780024,19.357865307857026
path,-13.6598070671973,19.358376177957982
path,-13.655428658781744,19.35888052677302
path,-13.650884112199426,19.35945676295178
path,-13.646234044840037,19.360088757043464
path,-13.641599571060961,19.3608761675547
path,-13.636958810077186,19.36177073810339
path,-13.632326615787226,19.362658481341313
path,-13.627690679674858,19.363544887578403
path,-13.623059083612883,19.364422481078055
path,-13.618371028052781,19.365281294964916
path,-13.613421490006097,19.366050751092903
path,-13.608326385145507,19.36677222288173
path,-13.603133175537877,19.367519250949663
path,-13.59789107495827,19.368297956902722
path,-13.59245856480322,19.369035142000573
path,-13.586855961509947,19.369710846262016
path,-13.581143510666957,19.370435511606797
path,-13.575328406066236,19.371214412690325
path,-13.569445398386835,19.372020249464136
path,-13.563638806836801,19.37303132912086
path,-13.557829887618615,19.37420603083452
path,-13.552037202621,19.375387947676444
path,-13.546239540261702,19.376564813819204
path,-13.54044075762653,19.377722402949193
path,-13.53501132423547,19.378917209042502
path,-13.529757448346517,19.380169745221483
path,-13.524573430779975,19.381354772889217
path,-13.51940267494739,19.382499684891645
path,-13.514226251221782,19.383666933423168
path,-13.509559184957917,19.384763501288354
path,-13.505387217342602,19.385768947786406
path,-13.501307778574207,19.38668764415232
path,-13.49722058057692,19.38759120792432
path,-13.493136641401032,19.38849244030239
path,-13.489152362377997,19.38934447191178
path,-13.485314628907446,19.390165275354654
path,-13.481497389437045,19.391055395022658
path,-13.47776615126221,19.391878645749358
path,-13.474023443476788,19.392680103773024
path,-13.470470213683821,19.393453167956388
path,-13.466961022517184,19.39422443697401
path,-13.463460391321094,19.394978048478862
path,-13.45997710694607,19.39573742224154
path,-13.456506455569802,19.396454928072835
path,-13.452928909240399,19.397048620380335
path,-13.449260831765512,19.397464263789644
path,-13.445568230752986,19.397895412743726
path,-13.441860637450384,19.398337098674162
path,-13.43813853930226,19.398785937482238
path,-13.434442267983549,19.399349673821806
path,-13.430743211141344,19.399937204611778
path,-13.427040677545007,19.400540018738926
path,-13.423326864784643,19.40113411000192
path,-13.419602095903512,19.40174984980721
path,-13.415892405621117,19.40242496989407
path,-13.412175420249225,19.403141509124733
path,-13.408449804823675,19.403858505791902
path,-13.40471465167754,19.404577527172734
path,-13.400972078508962,19.405292589659975
path,-13.397108305437957,19.405861708683165
path,-13.39312647495768,19.406265296039678
path,-13.38909229269344,19.406674046025568
path,-13.38503463990888,19.40709553936552
path,-13.380952297551724,19.40753204783039
path,-13.376887081239131,19.408091750916064
path,-13.37280919376644,19.40866580322593
path,-13.36871998552435,19.40925402020489
path,-13.364622989204447,19.40983480519946
path,-13.360513072699348,19.410428328059414
path,-13.356430568678404,19.41113486111628
path,-13.352337201606419,19.411923787364493
path,-13.348233645809731,19.41267748028618
path,-13.344123577771875,19.413455304116674
path,-13.339994848636872,19.4142266010089
path,-13.336219938645337,19.414989975628426
path,-13.332638553376462,19.415675058384966
path,-13.32907030527897,19.41635373774795
path,-13.325509440605122,19.417015986312144
path,-13.321946731005394,19.41767904740662
path,-13.318591411752706,19.418313941541975
path,-13.315280514447922,19.418931963015762
path,-13.311975016951024,19.419547564885974
path,-13.30867656628233,19.42016106488698
path,-13.305377393859933,19.42076900812104
path,-13.302192981992189,19.42135879432677
path,-13.29903049185345,19.42194322489492
path,-13.295874301193203,19.42252302002226
path,-13.292727291051314,19.42309795106261
path,-13.289587964961253,19.423653419443635
path,-13.2863396832899,19.42406134306558
path,-13.282995455107963,19.42437395694553
path,-13.279600415775386,19.424719826831456
path,-13.276158470526111,19.42508892613043
path,-13.272688219928595,19.42547463983172
path,-13.269228984904748,19.42593467481443
path,-13.265766887604798,19.42644824373596
path,-13.262310748752906,19.42693305910625
path,-13.258855201956502,19.427421976935666
path,-13.25539991869971,19.427851188174355
path,-13.251960710200178,19.428162841095897
path,-13.248580738299903,19.42834674198932
path,-13.245231579312268,19.428485913842554
path,-13.24195263859514,19.428591757719417
path,-13.238679507069783,19.428704861221732
path,-13.23545162430732,19.42881154818839
path,-13.232255989455101,19.428903978497917
path,-13.229088451597558,19.428985389776738
path,-13.225951865186392,19.429050994139413
path,-13.222851339777803,19.42909584839724
path,-13.219665137073985,19.42912156266111
path,-13.216393701913844,19.429151391636648
path,-13.213054592915748,19.429229364223843
path,-13.209658659655718,19.429339765751592
path,-13.206209011208122,19.429459537460957
path,-13.202741712493433,19.429528208095086
path,-13.199269937339087,19.429524010601206
path,-13.195787471980879,19.429483555492418
path,-13.192288317051574,19.42943807876735
path,-13.188781399336431,19.429395966999962
path,-13.185281175461323,19.429392231153113
path,-13.181803384861613,19.429408850735825
path,-13.178340307070512,19.42941591475685
path,-13.174894637201582,19.42941069886553
path,-13.171460119451593,19.429403763091027
path,-13.168050388751755,19.429413373579262
path,-13.16465632341136,19.42945294992889
path,-13.161286404396508,19.42947906879042
path,-13.157947962839735,19.429489439333683
path,-13.154627406408316,19.429479471176688
path,-13.151332471481119,19.429528198369802
path,-13.14806312819182,19.429573313226033
path,-13.144817509167146,19.429599649528576
path,-13.141596628098693,19.42961628372034
path,-13.138398063934291,19.429619345408643
path,-13.1352227642008,19.429654566825114
path,-13.132072999489413,19.42968190789639
path,-13.128949112207199,19.42969433413449
path,-13.125854633723936,19.429695777220903
path,-13.122776237338398,19.42967979665015
path,-13.119556030584132,19.429718851542837
path,-13.116246494701686,19.429781236071843
path,-13.112869748329038,19.42986062524822
path,-13.109448418760119,19.429913713713383
path,-13.105985615755797,19.429926340546242
path,-13.102511347289406,19.429849808500904
path,-13.09901693293197,19.42973565879419
path,-13.09550598835548,19.429623111699822
path,-13.091991082863602,19.429508952050785
path,-13.088458590989502,19.429394913418474
path,-13.084953967727879,19.429325273058716
path,-13.081437997915865,19.429333421942314
path,-13.077949474833485,19.429317231671913
path,-13.074491348736146,19.429282037663306
path,-13.071052788289723,19.429225430346442
path,-13.067635419205223,19.429187886535654
path,-13.064262127839283,19.429095347559468
path,-13.060950287302667,19.42891978774341
path,-13.057720357705286,19.428713586137157
path,-13.054563739179395,19.42853472997586
path,-13.05149837832818,19.428363943204207
path,-13.048509243616088,19.42820559620899
path,-13.045579847496812,19.428090456863284
path,-13.042702616077513,19.428028856209334
path,-13.039875947988467,19.428029830073495
path,-13.037120742553856,19.428066713657998
path,-13.03440834887718,19.428127974927555
path,-13.031682199287667,19.428198616540183
path,-13.02893978745269,19.428267358621824
path,-13.026179318157066,19.428331804867547
path,-13.023305523601863,19.428412258312008
path,-13.020267745249543,19.42847149762649
path,-13.017112149430185,19.428537318757645
path,-13.013872101987808,19.428635190023556
path,-13.010608230403497,19.428739249524657
path,-13.007393328248666,19.428836229275614
path,-13.004222311968004,19.428932196514136
path,-13.00106047578071,19.429034322675733
path,-12.99790219685641,19.4291320644673
path,-12.994745368764294,19.42922626753092
path,-12.99164256940322,19.429300618075036
path,-12.988602336452692,19.42936942385992
path,-12.985581608416929,19.42945201289308
path,-12.982568450984564,19.429531597647042
path,-12.979555263956424,19.429610995102642
path,-12.976511909346822,19.42969252144518
path,-12.973460978267937,19.429767316167876
path,-12.970408442212333,19.4298381606429
path,-12.967351995459675,19.42990908316742
path,-12.964297052871583,19.4299761297737
path,-12.961291549173007,19.430032209517403
path,-12.95835225616138,19.430085375438814
path,-12.95543576003717,19.430145567327152
path,-12.95252200932763,19.430204988478508
path,-12.949608351677982,19.43026325804764
path,-12.946738607817252,19.43030525106221
path,-12.943906373757867,19.430350959865923
path,-12.941083636722277,19.430399795062133
path,-12.938262222538732,19.430445220400784
path,-12.935439894784892,19.430491391618517
path,-12.93254408633833,19.430496952220867
path,-12.929533748990025,19.43045439202207
path,-12.926378460691987,19.430429866785076
path,-12.923131828094267,19.430311513140854
path,-12.919810722781223,19.43012812312155
path,-12.916461710450228,19.429940656044373
path,-12.913085361186928,19.42980882354178
path,-12.909686904767781,19.42971503010895
path,-12.906282810425441,19.429623626148594
path,-12.902871315116707,19.429539454338368
path,-12.899522396208127,19.429444855463665
path,-12.896236776448815,19.429341369777376
path,-12.892969043243717,19.42925380614967
path,-12.889699751327177,19.42917356380644
path,-12.886426534455167,19.429093763191172
path,-12.88320541054294,19.428991127785707
path,-12.880037967932097,19.428900351061365
path,-12.876881364073675,19.42880643826811
path,-12.873733191436509,19.42872225942382
path,-12.870590075698845,19.428637047721832
path,-12.867512276462485,19.42852098923824
path,-12.864494910120662,19.42841973089105
path,-12.8614957240826,19.42832971455554
path,-12.858505650840291,19.428237337622026
path,-12.855539253633683,19.428152645462017
path,-12.852660182133425,19.428055083630543
path,-12.849828738752803,19.427974177937266
path,-12.847009885398817,19.42788915501026
path,-12.844189745693946,19.427806172073268
path,-12.841372613913117,19.427715958484267
path,-12.838608056419224,19.42761696479577
path,-12.835876505389388,19.42752613725728
path,-12.833153316352963,19.42742934065546
path,-12.830434942566685,19.427328929490436
path,-12.827714500503618,19.42722580574426
path,-12.824930700342648,19.427113128215225
path,-12.822013087780544,19.426962892816864
path,-12.818966589755725,19.426775015670717
path,-12.815804606406582,19.426561311366257
path,-12.812553370997582,19.426331608959114
path,-12.80928973611854,19.426097377567647
path,-12.806036587735532,19.42590844309322
path,-12.802792066407934,19.425717946341273
path,-12.799545139550277,19.425542549291954
path,-12.79629643612318,19.42536842803533
path,-12.793133804421794,19.425149160507463
path,-12.790045945771604,19.424958271346465
path,-12.786992631671236,19.424779687844218
path,-12.783951540797526,19.42459630536713
path,-12.780911525194137,19.424409249040274
path,-12.777921660555343,19.424214141648104
path,-12.774965059754196,19.424024396964978
path,-12.772019673451318,19.42383047333069
path,-12.769080304554866,19.423632326312678
path,-12.766140801967639,19.423432547663683
path,-12.76324709887538,19.4232256351964
path,-12.760384654655367,19.423022431187054
path,-12.757528495090119,19.422816375569937
path,-12.75467900379429,19.422597694970385
path,-12.751832994990167,19.422358706594334
path,-12.749029889701823,19.422108727622465
path,-12.746264159860159,19.4218982501924
path,-12.743509675641223,19.421677672330507
path,-12.740760751138778,19.421441915763374
path,-12.738010162711277,19.421188686198033
path,-12.735261643086991,19.420902370394018
path,-12.73252959643078,19.42060326682202
path,-12.72980052402671,19.420304900692184
path,-12.727076703828416,19.420002009478424
path,-12.724362253920267,19.419690739434284
path,-12.72167602322957,19.4193684046083
path,-12.719013005402031,19.41906261417008
path,-12.716368980113344,19.41875714341842
path,-12.713731000108528,19.418422101861548
path,-12.711091041695418,19.41810466560927
path,-12.708469137344359,19.41777023293914
path,-12.705871629775089,19.41745631493176
path,-12.703285295182502,19.417143133333465
path,-12.700702920784586,19.41680952063489
path,-12.698126086837604,19.416468226968
path,-12.695467699419478,19.41612488949882
path,-12.69267362721908,19.415743380600365
path,-12.689800116441559,19.415318468738523
path,-12.686878743433963,19.41485061732238
path,-12.683928880586832,19.414431871773417
path,-12.680992123283877,19.414038061447823
path,-12.678084996261205,19.413649803387003
path,-12.675187749761653,19.413242915163124
path,-12.672286222726148,19.412837597583117
path,-12.669391474317278,19.412439509496906
path,-12.666521624605993,19.41202462032417
path,-12.663680897983824,19.41162889321541
path,-12.660850840503146,19.411239268898516
path,-12.658024223928708,19.41084719876886
path,-12.655201848683868,19.41044109594283
path,-12.652410125881602,19.410038647892673
path,-12.649646999461629,19.409644057938614
path,-12.646894141334148,19.40924331456887
path,-12.644145036519326,19.408834063106553
path,-12.641395816957113,19.408423223363982
path,-12.638694993896353,19.407998166095037
path,-12.63602887116245,19.407583264468286
path,-12.633392342873504,19.407171577525844
path,-12.630759488993633,19.40674731688404
path,-12.628136452441694,19.406330165820187
path,-12.62551260660529,19.405896163648706
path,-12.622914377711547,19.40549272439749
path,-12.620333478167035,19.40508620641461
path,-12.617747470972127,19.404650530295037
path,-12.61515678698819,19.404231659526893
path,-12.612486802429158,19.403810504694665
path,-12.609708500203862,19.403331093063954
path,-12.6067769993162,19.402798904675855
path,-12.603610466186701,19.40231652535313
path,-12.6003663547007,19.401881192073485
path,-12.597194928543015,19.401448585583832
path,-12.59403239047746,19.401018720364053
path,-12.590869852989863,19.400586172095256
path,-12.587707322379634,19.40015094176832
path,-12.584544804753628,19.39971303028078
path,-12.581477158558583,19.399276472290857
path,-12.578427428783208,19.39884909614899
path,-12.575377724983722,19.398419231161384
path,-12.572328052332304,19.397986877653956
path,-12.569278415877221,19.397552035924445
path,-12.56641164678018,19.39709146022445
path,-12.563630929469513,19.396690424095215
path,-12.560850316464949,19.3962873542603
path,-12.558069799102062,19.395882244145707
path,-12.555289376113574,19.395475091402364
path,-12.55258373149957,19.39507233278841
path,-12.549887752467972,19.39467357157096
path,-12.547191860534152,19.39427289066784
path,-12.544496055685745,19.393870287988236
path,-12.541800338234077,19.393465761620423
path,-12.53916044976219,19.393064939903443
path,-12.53652385282797,19.392665629345696
path,-12.533887344667665,19.392264467016116
path,-12.53125092598091,19.39186145236789
path,-12.528614597645035,19.391456584909953
path,-12.525536297527761,19.39110180862674
path,-12.522038842864855,19.39056894072596
path,-12.518523384844327,19.39001993782977
path,-12.515008091504537,19.38946763680867
path,-12.511492967937967,19.388912037213743
path,-12.508099090924848,19.388360058310784
path,-12.50472837104108,19.387821071876896
path,-12.501357820455585,19.387279051287226
path,-12.49798744405752,19.38673399627373
path,-12.494617246794544,19.386185906614358
path,-12.491355519248234,19.385643833212576
path,-12.488109284041489,19.385110185969644
path,-12.484863228852891,19.38457371845164
path,-12.481617358261051,19.384034430944
path,-12.478371676881679,19.383492323726923
path,-12.475256423104199,19.38295372219129
path,-12.472170058111592,19.382432462547403
path,-12.46908395727022,19.381908716080158
path,-12.465998116945169,19.381382477265934
path,-12.462912534258514,19.38085374112094
path,-12.459929853954922,19.380332967787247
path,-12.456959618882449,19.379819325721936
path,-12.453989613533095,19.379303347614396
path,-12.451019844775836,19.378785034916863
path,-12.448050307731716,19.378264383807554
path,-12.445173254223425,19.377754057418482
path,-12.442303893340858,19.377246496611978
path,-12.439434740761167,19.376736742622047
path,-12.436565798494954,19.37622479461691
path,-12.433697068697969,19.375710651864853
path,-12.430897002077522,19.375205108800827
path,-12.428100071591304,19.37469957824523
path,-12.425303346029898,19.374191956282026
path,-12.422506828160694,19.373682242781843
path,-12.419710520802292,19.373170437649893
path,-12.416509094553934,19.3726603033938
path,-12.413034466957598,19.372017291796883
path,-12.409560541681973,19.371371106615534
path,-12.40608770764786,19.37072066097761
path,-12.402615970889139,19.37006595739606
path,-12.399293798062367,19.369419674498936
path,-12.39599696578942,19.368789471786222
path,-12.392701259822632,19.36815548049609
path,-12.389406672852827,19.367517697575575
path,-12.386113198719029,19.366876120375085
path,-12.382951303648216,19.36624182939144
path,-12.379811816553087,19.365621380202256
path,-12.376681786176697,19.364997387143617
path,-12.373565021268774,19.364368798160918
path,-12.37046877899264,19.3637315180387
path,-12.367458070036001,19.363098752335265
path,-12.364447703206485,19.362479104862096
path,-12.36144000958387,19.361856119058565
path,-12.35843509017016,19.361229997834638
path,-12.355432946938615,19.360600740036777
path,-12.352511109269658,19.35998021808489
path,-12.349637633262756,19.359371351008924
path,-12.346769643857554,19.358759911278305
path,-12.34390422384963,19.358145599700777
path,-12.341041375625691,19.35752841456854
path,-12.33823002948251,19.35691391132388
path,-12.335457410643212,19.35631043457344
path,-12.332693174092885,19.355704923773455
path,-12.329931449880586,19.355096736078135
path,-12.327172232796961,19.354485868605988
path,-12.324063717349588,19.353780595362768
path,-12.320751213354608,19.35303758123282
path,-12.317440881665249,19.352291027114617
path,-12.314134140918485,19.351540569416716
path,-12.310830994843723,19.350786206021947
path,-12.307580433857714,19.350034633529507
path,-12.304360924923083,19.349294050697388
path,-12.301169771410095,19.348552938276534
path,-12.297988389514053,19.347808948176027
path,-12.294810453110204,19.347061307469417
path,-12.291707159717246,19.346323318664233
path,-12.288636277657062,19.34559676034405
path,-12.285574123375032,19.344872488902524
path,-12.282463053712089,19.344158605045312
path,-12.27929167423651,19.343436062846596
path,-12.27665043725616,19.34270591699388
path,-12.274353399242527,19.342041134783514
path,-12.272091945872482,19.34133297428886
path,-12.269877960902646,19.34058903600742
path,-12.26766986651402,19.339853705234646
path,-12.265518649212607,19.339142017530225
path,-12.263373609034652,19.33842483303894
path,-12.261229306455375,19.337706262840616
path,-12.259085736863025,19.33698630479918
path,-12.256942896134689,19.336264956985694
path,-12.254828714298299,19.3355526085919
path,-12.252715911585039,19.33483817525452
path,-12.250603809298969,19.334122384670906
path,-12.248492404828944,19.333405235614386
path,-12.246381695846448,19.332686726998055
path,-12.244304066452452,19.33197908252911
path,-12.24222807634546,19.33126918347669
path,-12.240109085613213,19.330574604861994
path,-12.23800217627636,19.32990999467444
path,-12.235898070611475,19.32925326852007
path,-12.23376845273562,19.328666557638737
path,-12.231552703226068,19.328146942865143
path,-12.229279897394974,19.327660782091105
path,-12.226998222882987,19.327178716734377
path,-12.224716852952897,19.32669540565665
path,-12.22247149918119,19.326218325875416
path,-12.220226746735843,19.325740244057705
path,-12.217982305405844,19.32526095612457
path,-12.215738179920285,19.32478046201684
path,-12.213494372842113,19.324298760379897
path,-12.211287738257445,19.32382269613757
path,-12.209081306872243,19.323345359844694
path,-12.20687501453676,19.32286671454907
path,-12.204668867064914,19.322386761329252
path,-12.202462869948942,19.321905501221867
path,-12.200056182126819,19.321284690379404
path,-12.197463043213151,19.320698626735147
path,-12.194819096749569,19.32011622891989
path,-12.192175402569186,19.319531959911966
path,-12.18953196827079,19.318945821202064
path,-12.186948763632344,19.31836827750196
path,-12.184367475919577,19.317791808954745
path,-12.181786531173296,19.317213617382254
path,-12.17920592657825,19.316633698478935
path,-12.17662565999219,19.316052048482256
path,-12.174125562015053,19.315484963350926
path,-12.171627369266796,19.314918443349967
path,-12.169129477754975,19.314350282884238
path,-12.166631888492507,19.31378048077771
path,-12.164135414844058,19.31320965492377
path,-12.16170071463848,19.312651552343514
path,-12.159267336325975,19.31209269399266
path,-12.156834412676895,19.31153240506792
path,-12.15440194406577,19.310970685150835
path,-12.151969930913426,19.31040753387895
path,-12.149582701752873,19.309853141775847
path,-12.147196172836638,19.30929755046571
path,-12.144810082307579,19.308740577687615
path,-12.142424430881436,19.308182223383557
path,-12.140039219283194,19.307622487516678
path,-12.137712520971832,19.307072306982885
path,-12.135387600787345,19.3065234806668
path,-12.133063171687917,19.3059733925357
path,-12.13073922757052,19.305422037782524
path,-12.128415762987915,19.304869412070865
path,-12.125843149959863,19.304125755185193
path,-12.12303710305189,19.303411033817444
path,-12.12017286373032,19.302724064876152
path,-12.117309314532656,19.30203512095699
path,-12.11444645265596,19.30134420015887
path,-12.11166735815061,19.300669621766524
path,-12.108901491529595,19.299990934608495
path,-12.106128696005232,19.299311320490048
path,-12.103359170927654,19.298627002942457
path,-12.100592950069881,19.29793795072168
path,-12.09789988599158,19.297258585754644
path,-12.095212514043832,19.29657809234289
path,-12.092528356817684,19.295893150260454
path,-12.089845607522701,19.29520568246498
path,-12.08716353314458,19.29451646293966
path,-12.084640156448337,19.29385322765271
path,-12.082126796428467,19.293203828060044
path,-12.079614024290262,19.2925528869461
path,-12.077101836656999,19.291900401615937
path,-12.074590230546594,19.29124636967882
path,-12.072145695991345,19.290607500677353
path,-12.06970280406951,19.289968153085645
path,-12.067260448599919,19.28932733011481
path,-12.064818628725954,19.288685030815728
path,-12.06237734369158,19.288041254424147
path,-12.060005603069493,19.2874134334185
path,-12.0576355564467,19.286785403979028
path,-12.055263642944869,19.28615129214159
path,-12.052899258769887,19.285435351836504
path,-12.050508081960082,19.284787763108806
path,-12.048156138883444,19.284168724181832
path,-12.045800679338788,19.283549428102962
path,-12.043445597814157,19.282928679775324
path,-12.041090902459883,19.282306479079246
path,-12.038736600702844,19.281682825962168
path,-12.036431038331681,19.28106922544869
path,-12.034126055618566,19.280455637705842
path,-12.031821463793086,19.279840654580326
path,-12.029517268400376,19.27922427624339
path,-12.027213474497403,19.278606502911057
path,-12.024954021816498,19.277996048892522
path,-12.02269559911121,19.2773870895437
path,-12.020437655818716,19.27677685117787
path,-12.018180187681011,19.27616532822005
path,-12.015923190905259,19.275552515660337
path,-12.013452462671085,19.27477900738806
path,-12.010737627649227,19.273997928936513
path,-12.007999246755837,19.273233110119556
path,-12.00525948245874,19.27248035712726
path,-12.002520237339947,19.271726653672467
path,-11.999842576936496,19.270985197310573
path,-11.997169373686114,19.270230508503236
path,-11.994498313644439,19.269485298709572
path,-11.991831438349184,19.268741478673284
path,-11.989166071881089,19.267995828500258
path,-11.986580262165171,19.267267712843307
path,-11.983996533702966,19.266541033448473
path,-11.981413373808097,19.265812558360658
path,-11.978818450848623,19.265039907280087
path,-11.976185636324754,19.264251433625738
path,-11.973622549662398,19.263455121027473
path,-11.971062887042349,19.262652677684297
path,-11.968504349933342,19.261843029423126
path,-11.965946929903465,19.261026208782567
path,-11.963390619317146,19.260202247334618
path,-11.960889157422583,19.259373312925195
path,-11.958388911405883,19.25853728044691
path,-11.955889736797007,19.25769419603126
path,-11.95339162853381,19.25684408733281
path,-11.950894581995842,19.25598698158287
path,-11.94845864111553,19.25512524634016
path,-11.946024184648673,19.25425649518682
path,-11.943590754677414,19.253380823341935
path,-11.941158348482253,19.25249825404864
path,-11.938726963616999,19.25160880975369
path,-11.936360115174521,19.250714960905928
path,-11.933994881209458,19.249814181535214
path,-11.931630636356491,19.24890659031413
path,-11.929267379520718,19.247992206346133
path,-11.926905109828642,19.247071047510847
path,-11.924312766589106,19.246106513976745
path,-11.921581552919047,19.24512355206963
path,-11.918811444319255,19.244135430739522
path,-11.916002916717689,19.243142104716135
path,-11.913156471746582,19.242143536370065
path,-11.910289846564304,19.24114631267925
path,-11.907396403042485,19.240143402257313
path,-11.904502781029063,19.239133768618387
path,-11.901611539439386,19.238117849510306
path,-11.89872023572082,19.23709733705052
path,-11.895924895590662,19.236069917194072
path,-11.89313523254628,19.235036616481324
path,-11.890346791730263,19.233996690110146
path,-11.887559567587953,19.23295015649482
path,-11.884773555242996,19.23189703317912
path,-11.882371082044314,19.23097376350779
path,-11.880068770587728,19.23005158638449
path,-11.877767425618398,19.2291228807251
path,-11.875467047434574,19.228187656405233
path,-11.87316763638834,19.227245922682055
path,-11.87091637990706,19.22629953508186
path,-11.868666098188992,19.225346655404522
path,-11.86641676855986,19.224387290409364
path,-11.86416839160466,19.223421446762664
path,-11.861920968054116,19.22244912991525
path,-11.859710867890387,19.221486911061504
path,-11.85750132140731,19.22052323944374
path,-11.855292312278264,19.219558110270402
path,-11.853083841547335,19.218591523664355
path,-11.850875910238386,19.21762347975161
path,-11.8487017052003,19.216668568012274
path,-11.846528041076224,19.215712248486046
path,-11.844354903336134,19.21475451549944
path,-11.842182293000887,19.213795369162774
path,-11.840010211106561,19.212834809583196
path,-11.837849666489012,19.21187771779649
path,-11.835689652161042,19.210919229226594
path,-11.833530163997008,19.209959342029382
path,-11.831371203046858,19.208998056305
path,-11.829212770339328,19.20803537215809
path,-11.827084878564198,19.207084710299426
path,-11.824957516451228,19.206132694265264
path,-11.822830670997329,19.205179318753892
path,-11.820704343213087,19.204224583862786
path,-11.818578534108537,19.203268489690092
path,-11.816481569572609,19.202323808365893
path,-11.814385125107771,19.20137780914146
path,-11.812289188522211,19.20043048693063
path,-11.810193760781207,19.199481841831126
path,-11.808098842849098,19.19853187394144
path,-11.805846580762532,19.19759413579028
path,-11.80355024163584,19.19665049498771
path,-11.801243311452442,19.19570085816048
path,-11.798926185490215,19.194745179837366
path,-11.796599266408487,19.193783415988378
path,-11.794271454908221,19.192818838444094
path,-11.791934689410882,19.191848095812873
path,-11.789589407107362,19.19087115431081
path,-11.787236053047673,19.189887982640656
path,-11.784875078252417,19.18889855094558
path,-11.782518001244261,19.18790715458336
path,-11.78015423740519,19.186909447420987
path,-11.777786926675374,19.185903962905392
path,-11.775418714794824,19.184889512843743
path,-11.773049691264465,19.183866305953583
path,-11.770687347380031,19.182831976521094
path,-11.768325043199871,19.181789174754798
path,-11.765961588915145,19.18073856553059
path,-11.763598099998516,19.179680418098133
path,-11.76123563567928,19.17861565323555
path,-11.758921235425602,19.17754612341422
path,-11.75660790879772,19.1764700047209
path,-11.75429563467666,19.175387294866066
path,-11.75198441477594,19.174297992057873
path,-11.749674271122613,19.173204534843556
path,-11.74739855583048,19.172125349507553
path,-11.745124733723639,19.17104404431907
path,-11.74285323892896,19.16996041740498
path,-11.740584512076289,19.168874279400228
path,-11.738318993408885,19.167785442750933
path,-11.73609334664359,19.16671988075302
path,-11.733871793944962,19.16565129954289
path,-11.731654760485208,19.164579502591394
path,-11.729442678159284,19.163504312267584
path,-11.727235977394917,19.162425553101702
path,-11.72478061726059,19.161333982763484
path,-11.72255195608208,19.160259183134976
path,-11.720765011509384,19.159354105951714
path,-11.719043688201674,19.158506147553055
path,-11.717321883213366,19.15767563728677
path,-11.71564198247339,19.15687492303979
path,-11.71396146595845,19.15609077812093
path,-11.712280257413166,19.155322794063544
path,-11.710598303980435,19.15457049527909
path,-11.708915582676752,19.15383317194379
path,-11.707262930335112,19.153119848686742
path,-11.705609393166666,19.152420710845206
path,-11.703954897385708,19.151735425510246
path,-11.70229937926043,19.15106367433658
path,-11.700642774008479,19.150405150907282
path,-11.698977145658498,19.149757098240347
path,-11.697303938347062,19.149116220092143
path,-11.695643371339347,19.148372908465923
path,-11.693994509974422,19.147618128326407
path,-11.69234500160574,19.146875292544493
path,-11.690728274704053,19.146136364536105
path,-11.68911182435268,19.145402295079524
path,-11.687497374670569,19.14466011254092
path,-11.685883515375552,19.143920495703213
path,-11.684270202520116,19.14318337509132
path,-11.682687090440533,19.142448792705682
path,-11.681103532670226,19.14172376635656
path,-11.679521888024933,19.140991358825108
path,-11.677941504266894,19.140256604843785
path,-11.676360777315207,19.139530336173962
path,-11.674808233819546,19.138803135078888
path,-11.673255967949816,19.138080180678003
path,-11.67170391113575,19.137361505180806
path,-11.670154712173765,19.136629583772816
path,-11.668605334851552,19.135904734812105
path,-11.667258541107334,19.13524709185122
path,-11.665946227765028,19.134614539380937
path,-11.664633587747073,19.13398848836705
path,-11.663320639647118,19.1333685833111
path,-11.662007446148083,19.132754202297708
path,-11.660708216409782,19.132149783933027
path,-11.659408769668493,19.131550312899382
path,-11.6581111636299,19.130942643488666
path,-11.656816294612163,19.130321728107205
path,-11.655521331851626,19.129705265640826
path,-11.654238226582077,19.129096725900446
path,-11.652957065239907,19.1284798718323
path,-11.651677138575147,19.127859362896807
path,-11.650397251031027,19.127242396646512
path,-11.649117468739009,19.12662844855523
path,-11.647849273073614,19.126020961948093
path,-11.64658127092914,19.125415761480923
path,-11.645315297797248,19.12480188154911
path,-11.644051214464284,19.124180539760463
path,-11.64278742218122,19.123561145516486
path,-11.641534781496008,19.122947182104376
path,-11.640282499892034,19.12233463184687
path,-11.639030609798647,19.12172322482553
path,-11.637779177670062,19.121112531497175
path,-11.636528294648743,19.120502001138952
path,-11.635292324026523,19.1198965829546
path,-11.634056979287283,19.119290857321314
path,-11.632822308828361,19.11868451669171
path,-11.631588355881828,19.118077324158616
path,-11.630355109716847,19.117469344538133
path,-11.62888708993783,19.116731798294186
path,-11.62736128792337,19.1159620874658
path,-11.62583674778003,19.11519044373708
path,-11.62431351512227,19.114416660829022
path,-11.622791663318369,19.113640406894557
path,-11.621300638590657,19.112871955475295
path,-11.619811117222774,19.112100503815423
path,-11.618323167814403,19.11132571629843
path,-11.616836895643557,19.110547138253658
path,-11.615352396891096,19.109764369887316
path,-11.613887361083359,19.10898367897747
path,-11.612424232865331,19.10819832430303
path,-11.610963096913073,19.10740796012235
path,-11.60950404677124,19.106612242257132
path,-11.60804717993045,19.105810822818256
path,-11.606616960901874,19.10501236306226
path,-11.605189075213744,19.104207712736063
path,-11.603763614204635,19.103396531840342
path,-11.602340673237062,19.102578509754284
path,-11.600920297029242,19.10175359327723
path,-11.59948721194071,19.100916056629902
path,-11.598077595918705,19.10007653883928
path,-11.59668536491872,19.099245129425036
path,-11.595322090963762,19.098417841913786
path,-11.593994916332786,19.097596730269682
path,-11.592728204448195,19.09678877233068
path,-11.591492880780114,19.095975877952714
path,-11.59021260348389,19.095108471347437
path,-11.588777020747983,19.09411863092574
path,-11.587287894135715,19.09308336628197
path,-11.585816720149353,19.092048034977154
path,-11.584348197653267,19.091005740725212
path,-11.582882372326736,19.0899563210204
path,-11.581419305161797,19.08889958844905
path,-11.579959058468768,19.08783535238667
path,-11.578515905337765,19.08676969896833
path,-11.57707570051265,19.08569615348465
path,-11.575638507671329,19.08461450326124
path,-11.574203606375093,19.083527127305757
path,-11.572770109078945,19.08243688923877
path,-11.57135295101905,19.081350177985087
path,-11.569937338362946,19.08026014550733
path,-11.568523340387484,19.079166549085006
path,-11.567111033176536,19.07806914607813
path,-11.565700494061796,19.07696769079486
path,-11.5643077472749,19.075869092589436
path,-11.562916923085913,19.074765952420133
path,-11.561528102970492,19.07365799109585
path,-11.560067937489682,19.07250339405118
path,-11.558576545915543,19.071318470375864
path,-11.557101242516682,19.07013313923153
path,-11.555628955003945,19.068940770261516
path,-11.554159785447657,19.06774109240084
path,-11.5526939199642,19.066533641383153
path,-11.551231452836543,19.065318186203417
path,-11.549793185410177,19.06408495397292
path,-11.548397462706511,19.06285902308872
path,-11.546881975043862,19.061859472225073
path,-11.545334624348829,19.060906511554926
path,-11.54378743012468,19.059953116562045
path,-11.542250122441398,19.059005288218486
path,-11.54071298686885,19.05805704403437
path,-11.539176024481371,19.057108385151842
path,-11.537639240570373,19.056159315695197
path,-11.536102639893095,19.055209839445368
path,-11.534582730002658,19.054270164547766
path,-11.533063014700415,19.053330103234916
path,-11.531543489267136,19.052389652711337
path,-11.530024156798396,19.051448815663605
path,-11.528505020066737,19.05050759456966
path,-11.526755979242441,19.04947366976063
path,-11.525006502976126,19.04836192189428
path,-11.523215927081822,19.04718815753832
path,-11.52148546711858,19.04599700300155
path,-11.519736202382695,19.0448532496984
path,-11.517930706618149,19.043795832605685
path,-11.51604312064048,19.042829877783443
path,-11.514114623668414,19.04192103128205
path,-11.512181486144538,19.041007761817568
path,-11.510277659790587,19.04004090848272
path,-11.508453097296936,19.039041893828443
path,-11.506662979859593,19.037984852605874
path,-11.504907235385483,19.03686986175408
path,-11.503185813121453,19.035697010139458
path,-11.50149866247992,19.03446638615105
path,-11.500109954331753,19.033330483512476
path,-11.498850493923307,19.032192940428985
path,-11.497625367564797,19.030997875734936
path,-11.49643409359516,19.02974574476153
path,-11.495271026335894,19.028446073520954
path,-11.494148468443674,19.027111268671124
path,-11.493051762151241,19.025732908524624
path,-11.491980858953953,19.02431106111464
path,-11.490935717404852,19.022845798225756
path,-11.489916296199043,19.02133719134526
path,-11.48893189947738,19.019790742504796
path,-11.48797314541529,19.018201093886756
path,-11.487039988898278,19.016568313229982
path,-11.486128442695238,19.01489912825925
path,-11.485230336060555,19.013207317654174
path,-11.484350510322331,19.01149634814387
path,-11.483483799676893,19.009763306944453
path,-11.482630162105588,19.00800826044528
path,-11.481789558340015,19.00623127588161
path,-11.480962050083933,19.00443224862752
path,-11.480149752724987,19.0026120959427
path,-11.479350654104106,19.00076973200182
path,-11.478564713626223,18.998905224075784
path,-11.477791891632494,18.997018639966612
path,-11.477032148482667,18.99511004743256
path,-11.476277747563636,18.993189107474773
path,-11.475523148972005,18.991268549191368
path,-11.474768352849669,18.98934837512251
path,-11.474013359613622,18.987428585118266
path,-11.473258169712539,18.985509178622564
path,-11.472499634651085,18.983582704858343
path,-11.471741030813918,18.981656391279863
path,-11.470982230109042,18.979730462215564
path,-11.470223232762265,18.97780490883311
path,-11.469464040168777,18.975879734114976
path,-11.468602365645049,18.9738705553608
path,-11.467744093190966,18.97182181111851
path,-11.466907132886128,18.969737975339765
path,-11.466078168242529,18.967642119268955
path,-11.46524897238457,18.965546710266885
path,-11.464414345691864,18.96343955006296
path,-11.463579707619449,18.961332456996953
path,-11.462744839075079,18.959225816393076
path,-11.461909740797843,18.957119630557855
path,-11.461074480267804,18.955018233242516
path,-11.460234575766735,18.952910056209767
path,-11.45939600244202,18.95080229237686
path,-11.458558552052434,18.94869520881029
path,-11.457721968215678,18.946588830367013
path,-11.456886231073986,18.944483144549043
path,-11.456046639955204,18.942366816788912
path,-11.455207720800637,18.94025101030856
path,-11.454369279321046,18.938135937370937
path,-11.45353124582558,18.93602160093714
path,-11.452693560713662,18.933908003948826
path,-11.45193897973807,18.93196184635174
path,-11.451189183035448,18.93017329806393
path,-11.450390965239206,18.928486711092606
path,-11.449536836871996,18.926879554944882
path,-11.44863390309537,18.925340376767522
path,-11.447677397198,18.923858205679597
path,-11.44667704329646,18.92243626046156
path,-11.445635502546686,18.92103766223597
path,-11.444645430521726,18.919645043372967
path,-11.443614335630132,18.91832091087657
path,-11.442537104041968,18.917065421578016
path,-11.4414183117821,18.915879394969117
path,-11.440259095860016,18.91476092814713
path,-11.43905894916372,18.913710896831816
path,-11.437817383469799,18.91273014208164
path,-11.436535512177787,18.911820403495152
path,-11.435211291045354,18.910981550871693
path,-11.433844284172674,18.91021433733902
path,-11.432443355692437,18.90950393113996
path,-11.431040433503448,18.90879679722861
path,-11.429455990248869,18.908018685701638
path,-11.427817116563958,18.907185430850877
path,-11.42618471050993,18.906337127898933
path,-11.42456411631279,18.905496809566344
path,-11.422923789652017,18.90466598282073
path,-11.421306097443303,18.903850348537283
path,-11.419686175171297,18.90303737834231
path,-11.418064182048065,18.902227230302092
path,-11.41644126951677,18.901418374887246
path,-11.414818932550991,18.900608390778352
path,-11.41323096619611,18.899814156039007
path,-11.411643581429818,18.899018830912244
path,-11.410056768169737,18.898222403033458
path,-11.408470529899759,18.897424873735506
path,-11.40688486848209,18.896626242614364
path,-11.405326415261232,18.895839949415947
path,-11.403768534560374,18.895052600445197
path,-11.402211217192795,18.89426418752409
path,-11.400654463815533,18.89347470953548
path,-11.399098275939732,18.89268416788892
path,-11.397557770160802,18.891900259201993
path,-11.396017826655449,18.891115312486278
path,-11.394478440644344,18.890329322686465
path,-11.392939612707336,18.889542290127707
path,-11.391401344098247,18.888754215582374
path,-11.38989170965108,18.887979512077536
path,-11.388382625275472,18.887203813301937
path,-11.386874081505413,18.88642711072933
path,-11.385366078205546,18.88564940373968
path,-11.383858616312219,18.884870693133728
path,-11.382372747601627,18.884101875623834
path,-11.380887413358534,18.883332089098015
path,-11.379402605666622,18.882561326365487
path,-11.377918325343844,18.881789588246274
path,-11.37643457211566,18.881016874232976
path,-11.374861325149542,18.880199132268253
path,-11.373275176289553,18.879370221819304
path,-11.3716896309841,18.87854019443663
path,-11.370104689391152,18.877709050349512
path,-11.368520351517967,18.87687678964004
path,-11.366963762220797,18.876057703196846
path,-11.36540776633557,18.875237547133572
path,-11.363852353378986,18.8744163124264
path,-11.362297523380619,18.87359399922032
path,-11.360743275744122,18.87277060699228
path,-11.359212009221258,18.871958028414976
path,-11.357681315603285,18.871144408147668
path,-11.356151187726459,18.87032974015434
path,-11.354621625109584,18.869514024193172
path,-11.353092628329746,18.86869726087297
path,-11.351585222887639,18.86789070562842
path,-11.350078374857427,18.867083137964155
path,-11.348572077163077,18.866274551863835
path,-11.347066328595199,18.865464946440465
path,-11.345561129549056,18.864654322100424
path,-11.344076282105986,18.863853365726815
path,-11.342591977323892,18.863051423686905
path,-11.341108207147304,18.862248489283136
path,-11.339624971286142,18.86144456242979
path,-11.338142269658798,18.860639643109984
path,-11.336678787161208,18.859843896038026
path,-11.335215832434912,18.859047187417367
path,-11.333753398267689,18.858249511275
path,-11.332291484284124,18.85745086741051
path,-11.330830090658678,18.85665125603667
path,-11.329383429366379,18.855858469288986
path,-11.327946975508176,18.85506582819429
path,-11.326501771934238,18.854271361164816
path,-11.325057038285888,18.85347591933376
path,-11.323612778401541,18.852679505275475
path,-11.321985735487486,18.851808369500034
path,-11.320294514213854,18.85085201153229
path,-11.318589272233968,18.849906279007843
path,-11.316884278348205,18.848959134700245
path,-11.315179990656222,18.84801063724046
path,-11.313506552520446,18.847077610365346
path,-11.311833809656015,18.84614329284158
path,-11.310160479785445,18.84521145126884
path,-11.308486906005818,18.844280913220544
path,-11.306813950581367,18.84334920382075
path,-11.305179948225598,18.842437719858076
path,-11.303546551274549,18.841525130485387
path,-11.301913745131992,18.840611424440457
path,-11.300281529158921,18.839696601551612
path,-11.298649903651214,18.83878066243092
path,-11.297214003266943,18.837967375219772
path,-11.29580247368631,18.837172673873397
path,-11.294391387703268,18.836377136885563
path,-11.292980745148991,18.835580764370647
path,-11.29157054606263,18.834783556601927
path,-11.2901757826923,18.83399400437454
path,-11.288781459183074,18.833203639517368
path,-11.28738756950542,18.832412457459892
path,-11.285994113448917,18.831620458213447
path,-11.28460109083474,18.830827641801662
path,-11.28322457464321,18.83004317232364
path,-11.281848488420058,18.829257909796464
path,-11.280472825605512,18.82847184922029
path,-11.279097585893197,18.827684990476943
path,-11.277722769452236,18.826897333832576
path,-11.276363617980453,18.826117626834854
path,-11.275004886523263,18.825337144471295
path,-11.273646568498528,18.82455588172338
path,-11.272288663908745,18.823773838684037
path,-11.270931172616429,18.822991015337188
path,-11.269533345651991,18.82218134668549
path,-11.268114785895097,18.821361006381224
path,-11.266696637322777,18.820539787200083
path,-11.265278905567301,18.819717692907783
path,-11.263861593542767,18.81889472525468
path,-11.262459689234895,18.81807960305674
path,-11.261058207275992,18.8172636340982
path,-11.259657143811198,18.816446815190105
path,-11.258256501034785,18.815629147742207
path,-11.256856280862559,18.814810632967028
path,-11.255468401008262,18.813998250031617
path,-11.254080944539362,18.81318503980895
path,-11.252693908123272,18.81237099953129
path,-11.251307292171942,18.811556129151437
path,-11.2499210975901,18.810740429144293
path,-11.24854957401867,18.809932299914887
path,-11.247178471869809,18.809123364373093
path,-11.24580778582942,18.808313619025455
path,-11.24443751655774,18.807503063869685
path,-11.243067665629596,18.806691700165487
path,-11.24171446733086,18.805889159852843
path,-11.240361684159128,18.805085834956564
path,-11.239009309972745,18.804281720688117
path,-11.237657345384319,18.803476817556273
path,-11.236305790861106,18.80267112588611
path,-11.234967482700425,18.80187231051841
path,-11.233629582738192,18.801072725811146
path,-11.23229208613529,18.800272368084002
path,-11.23095499190484,18.799471236556382
path,-11.229618300808603,18.79866933174713
path,-11.22829425357451,18.7978740095511
path,-11.226970076171146,18.797077261542732
path,-11.225646834809188,18.7962839967161
path,-11.224330168127992,18.79549341765613
path,-11.223017523341609,18.794706673198323
path,-11.221718310324054,18.793929391423035
path,-11.220423287147124,18.793156038480728
path,-11.219132557231271,18.792386680586258
path,-11.217865483784474,18.791610790115755
path,-11.216665111983119,18.79077646699252
path,-11.215434752922517,18.789731679165303
path,-11.214270286238833,18.788517031478
path,-11.213136134566444,18.78722760915378
path,-11.212033869820406,18.785970553344306
path,-11.211006048947906,18.784741715324664
path,-11.210035958937038,18.783526572247922
path,-11.209116901045531,18.78231016996453
path,-11.208248745241827,18.78109191261947
path,-11.20743179889434,18.779871601786713
path,-11.20663835435125,18.778649554065233
path,-11.20584771354091,18.777429717629396
path,-11.205057552124803,18.776208510628322
path,-11.204267868719912,18.774985935760565
path,-11.203478664357027,18.77376199672671
path,-11.20268994001798,18.772536697155083
path,-11.20190072588322,18.77130852713166
path,-11.201111993922636,18.770078999907287
path,-11.200323745834732,18.768848119321962
path,-11.199535982427571,18.767615888773165
path,-11.198748704444398,18.766382311598697
path,-11.197961112510015,18.76514613238817
path,-11.197174007258772,18.763908609904203
path,-11.196387390357934,18.762669747753964
path,-11.195601263207651,18.76142954943079
path,-11.194815625851717,18.76018801788628
path,-11.194028803504494,18.758942499326174
path,-11.193242472819975,18.757695647439196
path,-11.192456635835397,18.75644746599039
path,-11.191671293379626,18.755197958140766
path,-11.190886444750754,18.75394712648719
path,-11.190100416876076,18.752692295489553
path,-11.189314885125798,18.751436140601157
path,-11.188529852383901,18.750178665821057
path,-11.187745317445252,18.74891987352026
path,-11.18696128227095,18.74765976718229
path,-11.186199926293966,18.746442971262454
path,-11.185446291603505,18.74522778498218
path,-11.184693119968447,18.744011389142667
path,-11.183940412284953,18.74279378650618
path,-11.183188169043149,18.74157497967994
path,-11.182435095986687,18.740352866473657
path,-11.18168248851183,18.73912954948454
path,-11.180930348119002,18.737905031788912
path,-11.180178675160075,18.736679315918263
path,-11.17942746998077,18.73545240439294
path,-11.178675695320768,18.734222599152265
path,-11.177924388873091,18.732991599319
path,-11.177173553071865,18.731759408242816
path,-11.17642318774326,18.730526028236078
path,-11.175673293086119,18.729291461735443
path,-11.17492300027829,18.72805427480744
path,-11.174173178213387,18.726815902896508
path,-11.173423829479425,18.725576349359958
path,-11.17267495418311,18.72433561657971
path,-11.17192655128947,18.723093706527116
path,-11.171193635994227,18.721956301462605
path,-11.170524582619421,18.720845578546516
path,-11.16985802978105,18.719734748926765
path,-11.169191853608154,18.71862298940382
path,-11.168526056096997,18.717510302324108
path,-11.167860122115975,18.716395827778822
path,-11.167194567394308,18.715280427464105
path,-11.166529390576862,18.714164102587205
path,-11.16586459333742,18.71304685536519
path,-11.165200175999344,18.71192868753434
path,-11.164535555891899,18.710808618782828
path,-11.163871315994635,18.709687630854233
path,-11.16320745725372,18.708565725759804
path,-11.16254397823849,18.70744290460403
path,-11.161880880502675,18.706319169539338
path,-11.161217675325057,18.705193690769505
path,-11.16055485053968,18.70406729937686
path,-11.159892408192814,18.702939997733328
path,-11.159230347926185,18.70181178730577
path,-11.158568670038928,18.700682669787994
path,-11.157906608763813,18.699551334959516
path,-11.157244929810965,18.69841909368787
path,-11.156583634546195,18.69728594812342
path,-11.15592272269728,18.696151899749484
path,-11.15526219531854,18.69501695051093
path,-11.154601517103861,18.693880179672195
path,-11.153941223371719,18.69274250937279
path,-11.153281314743744,18.69160394146089
path,-11.152621791827992,18.690464477713252
path,-11.15196265387067,18.689324119425926
path,-11.151303062344857,18.688181412031224
path,-11.150643856209827,18.687037810638195
path,-11.149985037465614,18.685893317602176
path,-11.149326605752922,18.684747934348675
path,-11.148668561072046,18.683601662425502
path,-11.147967380975064,18.682374617322147
path,-11.147264934256036,18.68114866065918
path,-11.146563244301735,18.679921668891165
path,-11.145862020266101,18.67869365238641
path,-11.14516126007703,18.67746461483157
path,-11.144459009227486,18.67623112287224
path,-11.143757219506176,18.674996610322868
path,-11.14305589129215,18.673761081315313
path,-11.142355021829259,18.672524538461953
path,-11.141654611998907,18.671286985476975
path,-11.140952121061165,18.670043925334788
path,-11.14025008871744,18.668799852375777
path,-11.139548514198122,18.667554769668666
path,-11.138847398123502,18.666308680330186
path,-11.138146739609589,18.665061586850236
path,-11.137444794012707,18.66381037749511
path,-11.136743305431946,18.662558163161442
path,-11.13604227542026,18.66130494716972
path,-11.135341701856103,18.660050731266555
path,-11.134641586032389,18.65879551832032
path,-11.13376528687135,18.657288413120327
path,-11.132859136500317,18.655681558160584
path,-11.131935159708696,18.654000157743027
path,-11.130993644059211,18.652244451700955
path,-11.130013141376171,18.650534837511287
path,-11.129088923435871,18.64886782778012
path,-11.128171304352497,18.647201352184936
path,-11.127254487775641,18.64553316334589
path,-11.126338472622269,18.64386326727076
path,-11.125423258415282,18.642191669949398
path,-11.124503477146252,18.64050853770741
path,-11.123584499959168,18.638823693288458
path,-11.122666330278667,18.637137144281606
path,-11.121748967530916,18.63544889598967
path,-11.120832411752552,18.633758953782387
path,-11.119912244260604,18.632059147491386
path,-11.11899288683731,18.630357639165425
path,-11.11807434249401,18.628654435528517
path,-11.117156610622688,18.626949541325327
path,-11.116239691303653,18.625242961445142
path,-11.115280349265687,18.623714802769385
path,-11.114393128996337,18.622233138818576
path,-11.113583990758755,18.620780442153755
path,-11.112816374344927,18.61934250461364
path,-11.11204933550518,18.617903393526845
path,-11.111279624802128,18.61645700350356
path,-11.110510489359884,18.615009432660415
path,-11.109741931325837,18.613560684973642
path,-11.108973950542449,18.612110763102375
path,-11.108206547604064,18.610659669928097
path,-11.107436777459554,18.609201823235814
path,-11.106667586859425,18.60774280014632
path,-11.105898977775288,18.606282604397382
path,-11.105130950268483,18.604821238596426
path,-11.104363504001055,18.603358705187816
path,-11.103592755346098,18.601887580156838
path,-11.102822590648989,18.600415279075467
path,-11.102053013879514,18.598941806439797
path,-11.101284023220858,18.59746716414551
path,-11.100515620429654,18.595991355288472
path,-11.099762686874266,18.594550791004664
path,-11.09901535748304,18.593111092278686
path,-11.098268585307443,18.591670293513875
path,-11.097522370353262,18.590228396971852
path,-11.096776712627305,18.588785404902204
path,-11.096028132746063,18.587334563923847
path,-11.095281270941596,18.585884781378017
path,-11.094537399933502,18.58447967573659
path,-11.093810461067719,18.58312685873288
path,-11.093097693160079,18.581826449221797
path,-11.092396708282926,18.580575505029866
path,-11.091709733898888,18.57937685926065
path,-11.091026125833466,18.578187758853307
path,-11.090323007128475,18.576922081293777
path,-11.089602548614423,18.575578854411457
path,-11.088862485866319,18.574154705488322
path,-11.088112113302323,18.572706202989693
path,-11.08737649069143,18.57131097233167
path,-11.086654984674848,18.56996866912902
path,-11.0859474512173,18.568679279534525
path,-11.08525101030034,18.56743906666586
path,-11.084561690291263,18.566228687064054
path,-11.083855640492786,18.564946063640814
path,-11.083132770837308,18.56358686113479
path,-11.08239334607229,18.562151361369622
path,-11.081643732535976,18.560701169023215
path,-11.08090989037195,18.55930489135793
path,-11.080190006902594,18.557961796029453
path,-11.079483940592644,18.556672061363827
path,-11.078791571550479,18.555435698063963
path,-11.078091781374638,18.554178355160417
path,-11.077375514978621,18.552843702291128
path,-11.076643046880926,18.551433535437873
path,-11.075893901928522,18.54995839884729
path,-11.075151564471838,18.54851447342491
path,-11.074443090373192,18.54715337110315
path,-11.073749304992306,18.545847567744655
path,-11.073066066563436,18.544594422624222
path,-11.072398403866353,18.54339219172768
path,-11.071725233108603,18.542170307717555
path,-11.071033255079692,18.540866081436537
path,-11.070325007682946,18.53948487462108
path,-11.069602964086693,18.538042293899455
path,-11.068887043768806,18.536637702655494
path,-11.06818182326021,18.535285941738035
path,-11.067490884110446,18.533983629160232
path,-11.066812916975607,18.532733304502845
path,-11.06614346721718,18.53152280881848
path,-11.065461293849625,18.530251940280912
path,-11.064763391022508,18.528905794327905
path,-11.064047269537031,18.52748035717723
path,-11.063324450163597,18.526030590015537
path,-11.062610365438832,18.52463555409592
path,-11.061912172141898,18.523293274493415
path,-11.061227105857574,18.522004544661023
path,-11.060596659512198,18.520864978102814
path,-11.060005443774614,18.519775451716537
path,-11.059401046820717,18.518622720925443
path,-11.05878146017643,18.517396043942284
path,-11.058152103402497,18.516135696566884
path,-11.057533915410096,18.51492586944509
path,-11.056928838029272,18.51377018829649
path,-11.056333710934037,18.512662495366172
path,-11.055729809529565,18.511506470000327
path,-11.055110993886016,18.51027706887019
path,-11.05448127029969,18.50901238526667
path,-11.05386405678327,18.50779953056578
path,-11.053257082268054,18.506641049797114
path,-11.052664776469204,18.505528777753163
path,-11.052061073168602,18.504369233926294
path,-11.051442043942876,18.503135837871863
path,-11.050812602407712,18.501860105992176
path,-11.05019136324766,18.500633436142316
path,-11.049585332226828,18.49945920010492
path,-11.048988724748906,18.49833243303874
path,-11.048381371899678,18.4971543952367
path,-11.04775739418388,18.495900374146764
path,-11.047119131979072,18.494574243775997
path,-11.046469279309052,18.493187687143923
path,-11.04582149618716,18.491836217696886
path,-11.045187763029292,18.490536529858456
path,-11.04456379866291,18.489288476220377
path,-11.043954452584021,18.48809098448032
path,-11.043342649590546,18.486889903920485
path,-11.042716726503196,18.48561345598057
path,-11.042075071078179,18.484263793008463
path,-11.041423483283111,18.482868350515705
path,-11.04078091045174,18.481520094958043
path,-11.040148731990714,18.480227348405656
path,-11.039531739030338,18.478988421123724
path,-11.038768826754499,18.47755446739212
path,-11.037979486623286,18.47600569833935
path,-11.037175945206595,18.47438291266118
path,-11.036358435931747,18.47268620744323
path,-11.035527366010145,18.470916632347187
path,-11.034680850303726,18.469072082902596
path,-11.033821557287306,18.467156690969016
path,-11.032957750631828,18.465241935895406
path,-11.032104682000409,18.46338237741228
path,-11.031267282081057,18.461576275037903
path,-11.030438889064353,18.459819406625638
path,-11.029620691640828,18.45811605814467
path,-11.028817131472495,18.456463024088357
path,-11.02802269880989,18.454860964861616
path,-11.027239671830843,18.453309785569054
path,-11.026463546883088,18.4517964510731
path,-11.025669208640823,18.45023976997418
path,-11.024855131167355,18.448608656718886
path,-11.024015892539138,18.446904391518572
path,-11.023151255124935,18.44512621426623
path,-11.022237387310422,18.443229190787875
path,-11.021310329751316,18.441259158401774
path,-11.020370384343968,18.43921619528115
path,-11.01942144295538,18.437158017266164
path,-11.01848624067874,18.43514968604573
path,-11.017556607537689,18.433182930511876
path,-11.016636878939554,18.431266438745443
path,-11.015728932938217,18.429400013604848
path,-11.014834860028904,18.42758212934412
path,-11.013949553438438,18.425813879353164
path,-11.013074001210727,18.424087320985574
path,-11.012206948051803,18.42241025195823
path,-11.01134658702003,18.42076132827893
path,-11.010471394962185,18.419042667596898
path,-11.009582320088704,18.417247318027652
path,-11.008672434384705,18.41536392234482
path,-11.007749243897962,18.413404540902143
path,-11.00681321735408,18.411370504747
path,-11.005863690130985,18.409263473218044
path,-11.004912270079515,18.40716308817977
path,-11.003956757447416,18.405267872245965
path,-11.003085371864142,18.40346399521557
path,-11.002292298008237,18.401723464797833
path,-11.001519593569554,18.400033089520445
path,-11.000755666015417,18.398393653883723
path,-11.000002330584628,18.396798940805294
path,-10.999257226791999,18.39525405948039
path,-10.998525608900009,18.393757670355658
path,-10.99780184928093,18.39231123945106
path,-10.997090858157277,18.39091352882529
path,-10.996385057087497,18.389560765147355
path,-10.995689390934098,18.388257437554504
path,-10.994994945805997,18.386962231195078
path,-10.994283335669452,18.38558941581492
path,-10.993558300791467,18.384141123347334
path,-10.992817308824007,18.382612973483802
path,-10.992063327203866,18.3810096915088
path,-10.991296670325518,18.37933202214402
path,-10.990518042565284,18.377583116806587
path,-10.989727699083492,18.375763503056554
path,-10.98876527526354,18.373634673858778
path,-10.98778246356267,18.37139979682516
path,-10.986797054962958,18.369174428929778
path,-10.985826223990475,18.367001008271245
path,-10.984864840932644,18.36488043019744
path,-10.983905450279236,18.362798599370958
path,-10.982960348753185,18.360766255317113
path,-10.982023532488908,18.358783523582833
path,-10.981097200161113,18.356849951685206
path,-10.980181264669634,18.35496552179757
path,-10.979252985683852,18.353075098318786
path,-10.978310972477683,18.35111278891468
path,-10.977357056796848,18.349077638238644
path,-10.97639149417787,18.346969791196884
path,-10.975414682533065,18.344790302881435
path,-10.974415110155379,18.34252116425601
path,-10.973405208385214,18.34018339311283
path,-10.972386439550531,18.33781091017299
path,-10.971375674731629,18.335485735024548
path,-10.970378806670917,18.33321088007461
path,-10.969361185320357,18.331189773474044
path,-10.968412961427514,18.329292557789003
path,-10.967565626828174,18.327462164244633
path,-10.966787593892057,18.325693880965094
path,-10.96602137444631,18.32397657389329
path,-10.965254309515432,18.322293482752457
path,-10.964500454768633,18.320658598275283
path,-10.963754043688997,18.319074016351593
path,-10.963017382728,18.317539257370704
path,-10.962290409470976,18.316054313524834
path,-10.961569461289296,18.31460986929451
path,-10.960842515727515,18.31316325162466
path,-10.960102147815892,18.311640027735656
path,-10.959350085516865,18.310044345692692
path,-10.95858655152297,18.308376410642822
path,-10.957807907515063,18.306629659811595
path,-10.957014398023453,18.304804512969554
path,-10.956210295702073,18.30290918341386
path,-10.955395847556716,18.300944129882243
path,-10.954571255593503,18.298909519252714
path,-10.953698635650603,18.29677294988958
path,-10.952833409345725,18.294683111275443
path,-10.951981270926906,18.292644089491112
path,-10.951137330019352,18.29065650134254
path,-10.950303593288163,18.28872022281883
path,-10.949470507371561,18.286820218626342
path,-10.948647746170055,18.284969633803893
path,-10.947837142034585,18.283167846145716
path,-10.947033740593877,18.281415683515913
path,-10.94623962422513,18.279713272592673
path,-10.945443053322906,18.27804254461616
path,-10.944645083753509,18.27636356700555
path,-10.943832158561083,18.274606864828375
path,-10.943008355744556,18.27277817872473
path,-10.94217390284068,18.27087767973084
path,-10.9413171770943,18.26888437192346
path,-10.940450395939896,18.266820620169575
path,-10.939573956124267,18.26468776481263
path,-10.93868942737559,18.262539831994378
path,-10.937816689251083,18.26044158596085
path,-10.936671372226805,18.258021451910494
path,-10.935472152090474,18.255446764783336
path,-10.934269882212922,18.252856792719243
path,-10.933056583436972,18.250192580963546
path,-10.931833211680285,18.247456562925137
path,-10.93056569554168,18.244587351906024
path,-10.929288809270655,18.24164639015972
path,-10.928002803912843,18.238634130042822
path,-10.92670802746249,18.235550907952973
path,-10.925404821299182,18.232397032662156
path,-10.924050153565133,18.229095371588276
path,-10.92268770852772,18.22576610272467
path,-10.92133677196756,18.22248415395456
path,-10.919993987439318,18.219253000206535
path,-10.918661699110263,18.21607164763805
path,-10.917313789792361,18.212897435578498
path,-10.915977451736108,18.209767680225095
path,-10.914648617817848,18.20668787751714
path,-10.913327811835526,18.20367802840813
path,-10.912017716714294,18.200716092170474
path,-10.910692567244043,18.197969228200158
path,-10.909469379480402,18.195263907950245
path,-10.90831993272702,18.192544397314798
path,-10.907203974733102,18.18976244448226
path,-10.906114053014665,18.18692024207906
path,-10.904976208666737,18.183923620043604
path,-10.903829550961477,18.18085924843898
path,-10.902672959448976,18.177733209404877
path,-10.901517253185993,18.174622915238903
path,-10.900370855096572,18.171562044908114
path,-10.899204848120739,18.168496923562785
path,-10.898047659594381,18.165476337346632
path,-10.896899098274108,18.16250550504108
path,-10.895758636951303,18.15958151168249
path,-10.894610754280093,18.156618709727233
path,-10.893335225988304,18.153367794162694
path,-10.892051188560359,18.150020296102387
path,-10.89075833506977,18.146609191470436
path,-10.889456971710153,18.143134681846625
path,-10.888147393601873,18.139596903048467
path,-10.88675781378913,18.135849933374974
path,-10.885362296533035,18.132036219939742
path,-10.88396749720027,18.128246982001222
path,-10.882582063181601,18.124508592358744
path,-10.881203545040817,18.12082109707864
path,-10.879789544065275,18.117103181561465
path,-10.87838605152133,18.113423186244905
path,-10.876990998320688,18.109794091290873
path,-10.87559622120471,18.106180723193848
path,-10.874192708668724,18.102503904848163
path,-10.872662603774565,18.098541282966096
path,-10.871122278386592,18.094478277782684
path,-10.869574047457094,18.090354343805846
path,-10.868018231226177,18.086169560545684
path,-10.866455142528372,18.081923949723535
path,-10.86497449077802,18.078400754125614
path,-10.863648998821814,18.07530935858505
path,-10.862453640920952,18.07230104717974
path,-10.861342099683348,18.06935758158133
path,-10.860308562937895,18.066477500356118
path,-10.859267011324507,18.06357842144895
path,-10.858236439463512,18.06072596927434
path,-10.857214301181509,18.05792522699502
path,-10.856198158531912,18.055176789553123
path,-10.855192899216775,18.052479024143533
path,-10.854168404203017,18.04978026635992
path,-10.85314913988225,18.047129710098837
path,-10.852140110407383,18.04453013449901
path,-10.851138843898681,18.041982469372062
path,-10.850145071449187,18.039487238428688
path,-10.84911506567781,18.03696319075634
path,-10.848079907447396,18.03443580841496
path,-10.84703373763908,18.031845684918675
path,-10.845979275648263,18.02919874299864
path,-10.844916813354672,18.02649562251301
path,-10.843783655658411,18.0240501717084
path,-10.842654054790927,18.021635724738257
path,-10.841531423272196,18.01917356854861
path,-10.840386636029349,18.016661441821213
path,-10.839200008633362,18.01409523842318
path,-10.837983134710123,18.01140756502385
path,-10.836724842041232,18.008660762882016
path,-10.835449415775717,18.005871921324978
path,-10.834163613535308,18.00304534503469
path,-10.83286734999827,18.000180853850434
path,-10.831592584900115,17.997246944204896
path,-10.830366277465254,17.994370681129244
path,-10.829144031503706,17.991547638251845
path,-10.827909592938601,17.988773782355253
path,-10.826661483591838,17.986048410851026
path,-10.825428280315553,17.983323887524694
path,-10.824189876954776,17.98064150014115
path,-10.822937205552842,17.978008741758295
path,-10.821676080973146,17.97542349808709
path,-10.820402970094428,17.972887442791734
path,-10.818731186038157,17.96994332357743
path,-10.816991092453707,17.96648081830288
path,-10.815276009291289,17.962579507177526
path,-10.813537575845915,17.958513681428787
path,-10.8109169962895,17.95489686077594
path,-10.8080270256612,17.950946645452802
path,-10.80513820625273,17.94658026996432
path,-10.802226089351834,17.94184037416436
path,-10.799297851840908,17.936722715006805
path,-10.796334532394393,17.931237866014975
path,-10.793310768841588,17.925332191890078
path,-10.790257240917455,17.919051117339418
path,-10.787168608437108,17.912513972534075
path,-10.784071357591028,17.90592560629744
path,-10.781120879200344,17.899374115495146
path,-10.7783199675825,17.89259355470188
path,-10.77522415871336,17.88576900517031
path,-10.772065146081802,17.878779648946548
path,-10.768818635637427,17.871649796196102
path,-10.765512686105959,17.864365196106352
path,-10.762334081399986,17.857882782344785
path,-10.75949393617651,17.85247774290239
path,-10.75712857297668,17.847346657019155
path,-10.755222496381954,17.842387073663367
path,-10.753472291125306,17.83742945954316
path,-10.751637664262933,17.832193224863172
path,-10.749808318320358,17.8268145141666
path,-10.747936565150734,17.821425007456074
path,-10.746020681661935,17.816022813043094
path,-10.744059329735208,17.810605440742943
path,-10.741987748737651,17.80485827949175
path,-10.739951425627543,17.798897334127076
path,-10.737877703327054,17.792916406775866
path,-10.735767703220064,17.786915642149477
path,-10.733619276266607,17.780891679865068
path,-10.731096272146102,17.77442233617744
path,-10.728479436889849,17.76766881080299
path,-10.725836337976869,17.760748909473318
path,-10.723168278900776,17.753642602359687
path,-10.720489826678634,17.74639504967166
path,-10.717568104388626,17.73891658077565
path,-10.714025265055552,17.73173329572677
path,-10.710199000885371,17.724591126294435
path,-10.706334711262626,17.71738367182578
path,-10.702430198795092,17.710113476642007
path,-10.698482764669729,17.702783788477184
path,-10.69448900237267,17.695397857964476
path,-10.690445380420998,17.687958849570546
path,-10.686347973905171,17.68047034037338
path,-10.682207134603507,17.67293649744798
path,-10.677981017764147,17.665390096718674
path,-10.673667428803267,17.657850770341454
path,-10.6692738189051,17.650326199871927
path,-10.664860617690843,17.6429044065815
path,-10.660428266382246,17.63558800122642
path,-10.655953026501967,17.62818631348189
path,-10.651385402930826,17.620757382357525
path,-10.64672296745787,17.613311057340674
path,-10.641963183570775,17.605854658739773
path,-10.637103664499401,17.5983952085723
path,-10.632143545038584,17.590869317358727
path,-10.627075094637654,17.583350152295147
path,-10.621931103886219,17.575798795560964
path,-10.616798167832183,17.568151746664853
path,-10.611687402582886,17.56040782947005
path,-10.606632186128474,17.5525989249705
path,-10.601727971989874,17.544785226455133
path,-10.596995440194302,17.53697962876408
path,-10.592436225672055,17.529180537391717
path,-10.588051806777683,17.521386079079395
path,-10.583846448763193,17.5136295553662
path,-10.579821061022084,17.50592153295756
path,-10.575976328452999,17.498250022784475
path,-10.572310508537493,17.49060768243712
path,-10.568820858689634,17.482985466950076
path,-10.56550378797446,17.47528874285348
path,-10.562351312550833,17.46770517038623
path,-10.559210599723743,17.460176131988153
path,-10.555954851887783,17.45264525999834
path,-10.552591665973111,17.445106504238147
path,-10.549297583921144,17.43724137503326
path,-10.546062919750668,17.42935916923596
path,-10.542737707495995,17.421518559587067
path,-10.539336156520053,17.414002473404814
path,-10.535899673598742,17.406935426405564
path,-10.532565447447002,17.399897308340197
path,-10.529119977085827,17.393061165893556
path,-10.525581576694433,17.386316913178952
path,-10.521950489679428,17.37963936013988
path,-10.518079533845597,17.373010243428403
path,-10.513663532980058,17.36594379316408
path,-10.509195932243037,17.358909398646055
path,-10.504718423659915,17.35194519802112
path,-10.50023563061793,17.345035647746222
path,-10.495753996241184,17.338172626745102
path,-10.49119905376919,17.331121808268417
path,-10.48663006263413,17.324124054356968
path,-10.482052421285387,17.317208613182416
path,-10.477485461448316,17.310370065892414
path,-10.472865403866246,17.303519636326524
path,-10.467932177342828,17.296248713071538
path,-10.462991146986754,17.288976612803427
path,-10.458083014652134,17.281867913404746
path,-10.45329941577055,17.275228705290704
path,-10.44846640264058,17.268679175199537
path,-10.4432591867203,17.261740125416463
path,-10.438037002533623,17.254761145062645
path,-10.432810473265649,17.247807053307596
path,-10.427663408601665,17.240866708500235
path,-10.422548681494959,17.23394046448121
path,-10.417316508713087,17.226831284370764
path,-10.412086152371698,17.219707326932614
path,-10.40686459289386,17.212576185679602
path,-10.401650158945671,17.205433998262187
path,-10.396442891864774,17.198277231083775
path,-10.391223328954744,17.19107440001419
path,-10.386032034733018,17.183907911863084
path,-10.380610047907519,17.176882026573402
path,-10.375180466959716,17.170003078423978
path,-10.368689315301735,17.163271470355692
path,-10.362040097789516,17.1563748752865
path,-10.354844313635052,17.149376648845333
path,-10.347367651563273,17.142643291771122
path,-10.339715431465748,17.136127211756023
path,-10.331964419775447,17.129735698712217
path,-10.32400586443386,17.123025179413055
path,-10.31591843683064,17.116349306992326
path,-10.307727949032493,17.10999329622895
path,-10.29959013771722,17.103898847949228
path,-10.291619272677357,17.09796450189356
path,-10.28351935497235,17.091357818522148
path,-10.275386031561183,17.084585331222534
path,-10.267311290756929,17.078087491876413
path,-10.25942458845654,17.07179282416549
path,-10.251635072800303,17.065536849116064
path,-10.243669146842862,17.058658399767197
path,-10.235615472324087,17.051737195778248
path,-10.227553607606183,17.045065316783752
path,-10.219597383354373,17.03853362866398
path,-10.21172674560931,17.03210509367784
path,-10.203759011242099,17.025134484244642
path,-10.195537924238657,17.017565442523793
path,-10.187112336679464,17.009769693078365
path,-10.178479321574391,17.001822312412326
path,-10.169714211899036,16.99378513472588
path,-10.161002807735375,16.98586738309966
path,-10.152453416988353,16.978083108045265
path,-10.143919866221436,16.97002722082424
path,-10.13524885400574,16.96179734742596
path,-10.126437367146666,16.953400635286325
path,-10.117729305853773,16.9453037908111
path,-10.10927615581527,16.937621208562817
path,-10.100913675856345,16.929996912312443
path,-10.092538575758514,16.92233401945901
path,-10.084112931866946,16.914664863667042
path,-10.075757014096595,16.907147586748337
path,-10.06757148636736,16.899889057574008
path,-10.059537135615614,16.89286594566522
path,-10.051644236308832,16.886074202201346
path,-10.04388497088909,16.879494533762294
path,-10.036114173787006,16.872443063037213
path,-10.028229381226053,16.865374903203886
path,-10.020489310389609,16.858557392648553
path,-10.012921089252997,16.851977639349904
path,-10.005369170527116,16.845467338005033
path,-9.997700822745788,16.83835617531098
path,-9.989849261272674,16.831178439865884
path,-9.982065019523116,16.82417945186431
path,-9.974389344977746,16.81732480741144
path,-9.966810141241151,16.810584555009235
path,-9.959154556022899,16.80339118965939
path,-9.951361948834386,16.796095068717573
path,-9.943547176520788,16.78902016632218
path,-9.93584975525357,16.782119554793262
path,-9.92825640264941,16.775347383541288
path,-9.920537633017272,16.768094600138603
path,-9.912738807716416,16.76083226673768
path,-9.905079226697623,16.753793227901827
path,-9.897555299906399,16.746957943327168
path,-9.890135976570717,16.74025429740453
path,-9.883026425408284,16.73382757615445
path,-9.876310144670338,16.727650867989
path,-9.869862391541972,16.72163370067169
path,-9.86351177201264,16.715660793061378
path,-9.857111520195268,16.70962015053358
path,-9.850512183524579,16.703675675425455
path,-9.844176474315292,16.69789120695351
path,-9.837909283698144,16.69212682530237
path,-9.831580529931117,16.686279078184945
path,-9.82522277345279,16.680361003152786
path,-9.819059612487942,16.67445674356838
path,-9.812758293012717,16.66838308311489
path,-9.806044817613191,16.662096857379833
path,-9.79923899035644,16.65562523016323
path,-9.79240532381839,16.648968843102264
path,-9.785315209263867,16.64215241658033
path,-9.778151072539401,16.635160343054164
path,-9.771116349998257,16.62802334538507
path,-9.764183422278863,16.620856364188526
path,-9.757307997917223,16.613800249438892
path,-9.750183030392318,16.606872693809635
path,-9.742543826310039,16.599894478688377
path,-9.734735842448188,16.592953602213136
path,-9.726950445435218,16.586052850091633
path,-9.719233202465004,16.57918393013338
path,-9.71176814780141,16.57241937908799
path,-9.704340295045512,16.565716004134163
path,-9.696959145681124,16.559237858183707
path,-9.689713010560702,16.553395404370658
path,-9.682880243750471,16.547868505037908
path,-9.676427115461369,16.54255335393701
path,-9.67017741884281,16.537350068406393
path,-9.664019104505162,16.532193493347837
path,-9.657956954177083,16.527078354365496
path,-9.651986465382924,16.522018313433126
path,-9.64581359802982,16.516845618771075
path,-9.639437277531462,16.511597417520065
path,-9.632890028272003,16.50629943701138
path,-9.626174763595396,16.500962648988832
path,-9.619284253639455,16.4955870692491
path,-9.612235978506623,16.48962708452996
path,-9.605518810617786,16.482184191923057
path,-9.598649879692665,16.47425478761511
path,-9.591609511927068,16.466219969290126
path,-9.584520153000437,16.458101327671386
path,-9.57760897309144,16.450370478058453
path,-9.570846323275767,16.443091070833212
path,-9.563958659653617,16.43614594135705
path,-9.557025256428565,16.429409439950614
path,-9.550175328496955,16.422660109703116
path,-9.543422368497353,16.415871163924702
path,-9.536737679984757,16.40906683627984
path,-9.530154462162624,16.402266139750612
path,-9.523704082556833,16.395509089913777
path,-9.517193793291945,16.388785307015404
path,-9.510335124845666,16.381958261552086
path,-9.503217271689977,16.37487252124238
path,-9.49600550644912,16.367557372609202
path,-9.488751580330979,16.360007894386587
path,-9.481448035863323,16.35224593465518
path,-9.474024387303006,16.344400318993515
path,-9.46655648519461,16.336543302798816
path,-9.45919768524748,16.32866033920971
path,-9.451955121620664,16.32078745283956
path,-9.4452164760713,16.31322282228072
path,-9.438743271239282,16.305894275176424
path,-9.432348152668254,16.298749133158722
path,-9.426138356377757,16.291942456831226
path,-9.420227606726726,16.285568357322227
path,-9.414412640424652,16.27950312310494
path,-9.408632839838887,16.27372107476124
path,-9.402887849745209,16.268221814310245
path,-9.397200085800995,16.262461926046402
path,-9.391453976467249,16.256656438667655
path,-9.385643738232286,16.250851344363134
path,-9.379798780458396,16.245040221850147
path,-9.373930415479974,16.23923075781407
path,-9.3680492234064,16.23344203509055
path,-9.362162662390558,16.227656268993208
path,-9.356269800872758,16.22187727618791
path,-9.350367283676848,16.216138961775968
path,-9.344472403142195,16.210494441517913
path,-9.33860759182822,16.20484853719992
path,-9.332770741195773,16.19916974387332
path,-9.326942102168958,16.19347902604841
path,-9.321117495961753,16.187754411900983
path,-9.315299517152823,16.182002509836796
path,-9.309491175261474,16.176227044496837
path,-9.303688710150503,16.17043020435005
path,-9.297893360058001,16.16461361845638
path,-9.292101879657329,16.15878175317383
path,-9.286309781771358,16.15294382126445
path,-9.28050369619618,16.147116880872378
path,-9.274673442163339,16.141319938236425
path,-9.268819251114378,16.135546933190447
path,-9.262945762337994,16.12978702849213
path,-9.25704641300422,16.124043850686213
path,-9.251133661994393,16.118317327823803
path,-9.245222468804938,16.112585730627877
path,-9.239301673990886,16.10686978529384
path,-9.233352430001709,16.101148450297895
path,-9.227379578911629,16.095555774159283
path,-9.221372181471896,16.08998673587878
path,-9.215336545982737,16.08452306640165
path,-9.209304317436613,16.07921915035013
path,-9.203246905497073,16.07396721028346
path,-9.197171876932691,16.06876410972117
path,-9.191070999165493,16.063607706020772
path,-9.184955257554341,16.058497753821868
path,-9.17881510826916,16.053434518338804
path,-9.172654129722527,16.048418444233278
path,-9.16647186875541,16.04344979230006
path,-9.160274003066188,16.038518488461783
path,-9.154062782534819,16.033608207678494
path,-9.147838238445484,16.028725624144755
path,-9.141601591355402,16.0239018740851
path,-9.135357132667387,16.019179804433552
path,-9.129072365374554,16.014498817195708
path,-9.122707649109799,16.009551936018948
path,-9.1162165251482,16.0044056864995
path,-9.109490475002422,15.999103808860724
path,-9.102694408814848,15.993678991929938
path,-9.095842973911381,15.988130818612275
path,-9.088962041003718,15.982464683288235
path,-9.082079526627828,15.976687518875382
path,-9.07508625771162,15.970797612519998
path,-9.068147585948289,15.964820503049543
path,-9.061304824371337,15.958861605384595
path,-9.054521169392109,15.952943686115288
path,-9.047771994313242,15.946975448438087
path,-9.040804681311931,15.940844290419811
path,-9.03389269706497,15.934596304381637
path,-9.02706177576905,15.92833698108773
path,-9.020277187453928,15.922032911413801
path,-9.013523762368294,15.915674779460383
path,-9.00654012673098,15.909126478804293
path,-8.99953983083648,15.902501012890275
path,-8.992561178052096,15.896003200059614
path,-8.985624819547825,15.889461643260482
path,-8.978735227109695,15.882966041976257
path,-8.971517917358506,15.876356221436966
path,-8.964250054974931,15.869606611033175
path,-8.957034986242483,15.862923841825117
path,-8.94985985319444,15.856222871124771
path,-8.94271580816424,15.849528364751436
path,-8.935319021065665,15.842554831045154
path,-8.927765403306884,15.835240321099366
path,-8.920142013319591,15.827842268239793
path,-8.912493681961145,15.820262872679377
path,-8.904812692503425,15.812598124961152
path,-8.896854357771144,15.804944432370172
path,-8.888841989307348,15.797243102908993
path,-8.880986605446111,15.789533911944993
path,-8.873303847590943,15.781711272003154
path,-8.865708100628991,15.773848051608496
path,-8.857830889261875,15.7659292483159
path,-8.849872396085832,15.75788926633216
path,-8.841955141053313,15.749899322430506
path,-8.833958406884754,15.743259618617712
path,-8.825926778003904,15.737435804637883
path,-8.817668879130805,15.731986301969325
path,-8.809181439454797,15.726922914815548
path,-8.800497196572628,15.72222484940219
path,-8.79163978318545,15.717874333011487
path,-8.782613113784214,15.71384634157412
path,-8.773677954326756,15.709996432433405
path,-8.76490306025401,15.705731786650928
path,-8.755881219879544,15.701607033196778
path,-8.746631925110329,15.697451261296548
path,-8.737069641017367,15.693252773200346
path,-8.727592596598493,15.689066996800623
path,-8.718328759700553,15.68510366520802
path,-8.709001908533182,15.681332188290556
path,-8.69961043651714,15.677389691877112
path,-8.690249363603682,15.673218054825279
path,-8.681158797152506,15.669016202846565
path,-8.672468420780243,15.665075357415216
path,-8.664111874916504,15.661361124985238
path,-8.655953464229542,15.657481274864182
path,-8.647879623897055,15.653382375813695
path,-8.640184969806157,15.649287070522226
path,-8.632874750583039,15.645451226114814
path,-8.625948768325365,15.641879513046229
path,-8.619313837006846,15.63835893237412
path,-8.612856500522257,15.634693104560492
path,-8.606134090128323,15.630578338490716
path,-8.59911325168527,15.626079818756255
path,-8.592070336387106,15.621503325037708
path,-8.585011718655158,15.616855612588918
path,-8.577940264548282,15.612140355518955
path,-8.571083496087413,15.607632436903717
path,-8.564595323855638,15.60344473174038
path,-8.558225249237292,15.599333565707802
path,-8.551846267058734,15.595181440537743
path,-8.545497379772822,15.59098037708278
path,-8.539569187012216,15.587127971619338
path,-8.533946389635346,15.58333085605504
path,-8.528539190896849,15.57945733685511
path,-8.523227966072431,15.575536233077642
path,-8.517968931772844,15.57157961377259
path,-8.51315129697305,15.567907668574296
path,-8.50862559091743,15.564232764951875
path,-8.504243673146151,15.560511839263098
path,-8.499861514371247,15.556772872941346
path,-8.495506721064395,15.553012463427816
path,-8.491536588278741,15.549416576834854
path,-8.48774573246644,15.545788157705099
path,-8.483907131236908,15.541989466524132
path,-8.4793810083864,15.537879129899004
path,-8.47516933279043,15.534233879612634
path,-8.471238098745818,15.530865053843012
path,-8.467275682478695,15.527585357211146
path,-8.463305521881509,15.52443989479623
path,-8.459065635212479,15.52135911487966
path,-8.454629118131843,15.518413499022591
path,-8.450470301273715,15.515610914962211
path,-8.446404482189187,15.51297860428724
path,-8.442354354832949,15.510406499266596
path,-8.438334691564258,15.507849300321046
path,-8.434345765138717,15.505307019820389
path,-8.43063739579242,15.502876741527594
path,-8.426984725180384,15.500548329011012
path,-8.423362747155887,15.498234972658652
path,-8.41977164273843,15.49593665489104
path,-8.416211611057893,15.493653377111755
path,-8.412928555843383,15.491480641875985
path,-8.409745238249936,15.489408051495815
path,-8.406612685256563,15.487351292647153
path,-8.40351975239429,15.48530563763325
path,-8.400458041091435,15.48326764591839
path,-8.397224248378093,15.480925270401594
path,-8.393754805064484,15.478410155374027
path,-8.390131354594596,15.475934644822894
path,-8.386499543294507,15.473464788119225
path,-8.382885499139677,15.470995700636578
path,-8.379460371948596,15.468627280413438
path,-8.376077724787992,15.466298205228911
path,-8.372700904197297,15.463965850816795
path,-8.369329299080073,15.461630081565229
path,-8.365962427865645,15.459290795151766
path,-8.362799406625891,15.457052424113767
path,-8.359695495020683,15.45488393809263
path,-8.35659500771214,15.452712372537327
path,-8.353497755180035,15.45053768974712
path,-8.350403586161553,15.448359859929147
path,-8.347467979697205,15.446265550006022
path,-8.344553883211203,15.444205123204434
path,-8.341642273645135,15.442141812630522
path,-8.338733093123988,15.440075610379004
path,-8.335826295700404,15.438006510438386
path,-8.33310720430851,15.436033992850504
path,-8.330426434509844,15.434117800187671
path,-8.327747641618643,15.432199121735264
path,-8.325070807513608,15.43027795650554
path,-8.322395917976886,15.428354303967849
path,-8.319858897059342,15.426507561261536
path,-8.317343375444,15.424691011851756
path,-8.314829617898145,15.422872341172683
path,-8.312317613632551,15.42105154174895
path,-8.309807353726905,15.419228606985756
path,-8.307354256596627,15.417442659794235
path,-8.304904574402858,15.41565727522259
path,-8.302456527805518,15.413869817879405
path,-8.300010114157384,15.412080285784345
path,-8.297565331471334,15.410288677272524
path,-8.295261756612478,15.408579734293424
path,-8.292980239198933,15.406901730167489
path,-8.290700214395857,15.40522197570706
path,-8.288421674921908,15.403540464125458
path,-8.28614461442567,15.401857189375788
path,-8.283978326715333,15.400243455020584
path,-8.281823106579484,15.398644899492965
path,-8.279669190255458,15.397044749409384
path,-8.277516575578346,15.395443001162198
path,-8.275365260753178,15.393839651568667
path,-8.273636272014134,15.392751554558252
path,-8.272741837993212,15.392391674305722
path,-8.272374986209773,15.392497814711225
path,-8.272085528349825,15.392617176765304
path,-8.271866599180942,15.392740845583594
path,-8.271679589240836,15.392895927404396
path,-8.271537365010126,15.393035765871856
path,-8.271404959482945,15.393177866349891
path,-8.271270851517833,15.393329844771277
path,-8.27113870157136,15.393489654367885
path,-8.270960607986444,15.393692283630587
path,-8.270803286818792,15.393865372322573
path,-8.270652412490223,15.394038033191872
path,-8.270497979285082,15.394225123473323
path,-8.270336952708197,15.394430239083812
path,-8.270165745722679,15.394655601770138
path,-8.269987790782528,15.39490172846458
path,-8.26980191939266,15.395170200335402
path,-8.269606634840656,15.395459504392422
path,-8.269400195493688,15.395775005268627
path,-8.268424666443032,15.395564401028757
path,-8.26698227427456,15.39467033568747
path,-8.265452404165549,15.393285993629213
path,-8.264056417619718,15.39174880423073
path,-8.262798461150684,15.390083407613819
path,-8.261629417263487,15.388583848545377
path,-8.260527609623486,15.387065751456332
path,-8.259498540777122,15.38549797349677
path,-8.258542079942695,15.3838917770632
path,-8.257190108348624,15.382087566698027
path,-8.25569955246878,15.38062090594713
path,-8.254100558297097,15.379352740578238
path,-8.252454780288522,15.37811616473685
path,-8.25080874064847,15.376878399842344
path,-8.249162867794022,15.375639675392128
path,-8.247537595441008,15.37441524104578
path,-8.245912796720729,15.37319010748201
path,-8.244289012887963,15.371964499451105
path,-8.242666425376283,15.370738514912235
path,-8.241045179842864,15.369512232932642
path,-8.239445216500124,15.368300672519949
path,-8.237846515225842,15.367088869999762
path,-8.236249429310789,15.365876945201038
path,-8.234654017138237,15.364664929324414
path,-8.23306032543548,15.363452847618708
path,-8.231495183547105,15.3622608503081
path,-8.229932042288443,15.361069345884818
path,-8.22837045868086,15.359877755971212
path,-8.226810689556595,15.358686183364709
path,-8.225252747395913,15.357494634749619
path,-8.223529818839172,15.356004535197535
path,-8.221653742114555,15.354438408186827
path,-8.21966740086491,15.3529001735953
path,-8.217671539507919,15.351364701340042
path,-8.215678260478983,15.349828949545353
path,-8.213725860853714,15.348318063630394
path,-8.211778057005752,15.346812476254904
path,-8.209832613313418,15.345306680063103
path,-8.20788976865801,15.343800730821773
path,-8.205949517434382,15.342294619206543
path,-8.204085334180512,15.340838433052017
path,-8.202228189813706,15.339392649381917
path,-8.200373534827929,15.337946797075041
path,-8.198521364426984,15.336500866161204
path,-8.196671674803957,15.335054848165234
path,-8.194850542472851,15.333628920527397
path,-8.193032019619578,15.33220337097227
path,-8.19121593361466,15.330777736433326
path,-8.189402283182218,15.329352011304751
path,-8.187591067588018,15.32792619101497
path,-8.18583328214042,15.326539009085142
path,-8.184079571163839,15.325154853727074
path,-8.182328202024886,15.32377061447354
path,-8.180579176058975,15.322386289913194
path,-8.178832494734626,15.321001879416686
path,-8.177117773253075,15.319637226495304
path,-8.175406388611904,15.31827652583732
path,-8.173697367517788,15.316915892198375
path,-8.171990706566483,15.315555282604473
path,-8.170286402504205,15.314194688938843
path,-8.1686187763832,15.312860665738569
path,-8.166953418242516,15.311526811525425
path,-8.165289462773165,15.310191956461404
path,-8.16362676549326,15.308856074605671
path,-8.161965222540283,15.307519153396719
path,-8.16033607992402,15.306206031438919
path,-8.15870843433595,15.30489276804311
path,-8.157081730510615,15.303578492363487
path,-8.155455939612784,15.30226320992592
path,-8.15383104027212,15.300946926464874
path,-8.152235463666454,15.299652417218459
path,-8.150641122463572,15.298357629536678
path,-8.149047602327794,15.2970618834805
path,-8.14745489726941,15.295765183721981
path,-8.14586300290089,15.294467534313487
path,-8.144302938829945,15.293194050926548
path,-8.142743918619308,15.291920119101478
path,-8.141185668259455,15.290645278807396
path,-8.139628186968967,15.289369532630976
path,-8.138071474319007,15.288092882793272
path,-8.136539161211363,15.286834742521426
path,-8.13500760095145,15.285575734218142
path,-8.133476786071764,15.28431585409574
path,-8.131946716873344,15.28305510341133
path,-8.13041739373514,15.281793483266762
path,-8.128906318328788,15.28054545515055
path,-8.127396028604123,15.279296623925438
path,-8.125885043902997,15.278045201295171
path,-8.124369519141473,15.276789335021032
path,-8.1228489417928,15.275528104613247
path,-8.121341784691271,15.274277089573918
path,-8.11982317476637,15.273016145141188
path,-8.118280929849597,15.271736475913581
path,-8.116778328991062,15.270477661048938
path,-8.115299226938212,15.269239177149675
path,-8.113639743383674,15.2676221760323
path,-8.111926420865903,15.265874945240357
path,-8.110222918001185,15.264166417870074
path,-8.108518544109916,15.262487432842663
path,-8.106789526818197,15.26081864533921
path,-8.105049944735486,15.259188328837679
path,-8.103289855974191,15.257579154237227
path,-8.10150680954584,15.255978480193006
path,-8.099701712358739,15.254385940780141
path,-8.097875496359213,15.252801160652517
path,-8.096072695330205,15.25124877699413
path,-8.094269105981176,15.249713351897535
path,-8.09246661110597,15.248176691190215
path,-8.090665210119697,15.246638787889122
path,-8.088864901932103,15.245099636203742
path,-8.087104791833639,15.243588746091886
path,-8.085352805840618,15.242086821473299
path,-8.083601852954093,15.240583689884309
path,-8.08185193308621,15.239079348780972
path,-8.080103046260067,15.237573795945027
path,-8.078395455508966,15.236097062855755
path,-8.076698472842333,15.234632320779488
path,-8.075002462507635,15.233166418436769
path,-8.073307425109595,15.231699355803746
path,-8.07161336128851,15.230231132934295
path,-8.069946329777263,15.228783304934591
path,-8.068284087791044,15.22733881871069
path,-8.066622786136529,15.22589320904354
path,-8.064962425597887,15.224446476600315
path,-8.063303006961403,15.222998622049309
path,-8.061683363073513,15.221568665276362
path,-8.060075103350638,15.220150964458984
path,-8.058466750718773,15.218732838695956
path,-8.05685903437344,15.217313825018897
path,-8.055252806022612,15.215893554518233
path,-8.05366575830021,15.21449117674294
path,-8.052085885739857,15.213091002206816
path,-8.050510021530727,15.211688496563434
path,-8.048938998068529,15.210283297550037
path,-8.047373642855032,15.208875044541644
path,-8.045828886052565,15.207490506471702
path,-8.044301674566901,15.20611406687749
path,-8.042784342413011,15.204734922270816
path,-8.041275884915313,15.203351349452987
path,-8.039777085110556,15.201963004588299
path,-8.0381853746544,15.200197440973142
path,-8.036462165363723,15.198182074620247
path,-8.034685325151067,15.196120784293742
path,-8.032918442605096,15.194053209070207
path,-8.031163082711545,15.191979685452358
path,-8.029423747402582,15.189934871025477
path,-8.027703728803711,15.187906293994585
path,-8.026003059198711,15.185875374467221
path,-8.024322014771032,15.183841569643308
path,-8.02266074067072,15.181804538245325
path,-8.0210195011622,15.179798373218407
path,-8.019396135855532,15.177817379586854
path,-8.017781635978858,15.175838757456004
path,-8.0161747928459,15.173862787300926
path,-8.014575172507538,15.171889243034553
path,-8.01298795677234,15.169942511339539
path,-8.011408447136121,15.168005416386015
path,-8.009834854936933,15.166070181856245
path,-8.008266760662243,15.164136591100512
path,-8.006703740668453,15.162204425967175
path,-8.005151879379106,15.160300100881239
path,-8.003605537141693,15.158406590645235
path,-8.002062505910471,15.15650927558435
path,-8.00052258740483,15.15461326953578
path,-7.998985510872934,15.152712276296212
path,-7.997466332772685,15.150850793214978
path,-7.995960839156967,15.14898900917496
path,-7.9944657464119775,15.147122582745652
path,-7.992977732453964,15.14525309264214
path,-7.991492782176629,15.143381762910485
path,-7.990010454564655,15.141548933160578
path,-7.988512870874208,15.13971973386417
path,-7.986989352521591,15.137894348593354
path,-7.985428743843789,15.136074925310234
path,-7.983819817346323,15.134263621157974
path,-7.9821712041511965,15.132506657603102
path,-7.980591886447892,15.13074890383226
path,-7.9790930740732255,15.128967465476796
path,-7.9776138644693155,15.127174647133842
path,-7.976126678547031,15.125382224756475
path,-7.974650011082396,15.123630289745188
path,-7.973162100249089,15.121883547399412
path,-7.971662608753815,15.120137946917755
path,-7.970151755881925,15.118393443359995
path,-7.968629754933421,15.116649992954219
path,-7.967124438587322,15.114947180860124
path,-7.965617325958466,15.113246517014522
path,-7.964100150035019,15.111546741441176
path,-7.962573089234554,15.10984781738988
path,-7.9610390101331,15.108149326340964
path,-7.959518530998431,15.106492629945874
path,-7.958007780718149,15.10483599467247
path,-7.956507183481398,15.103176844325938
path,-7.955011174369889,15.101516257409738
path,-7.953515649935963,15.09985503488761
path,-7.9520319860932425,15.098220136966509
path,-7.9505587509412665,15.096583398402574
path,-7.949087540001208,15.094945737082087
path,-7.9476168064907355,15.093307456027423
path,-7.946146552295275,15.091668554466356
path,-7.9446888318572855,15.090053868496135
path,-7.943240452995676,15.088437421874255
path,-7.941792797393154,15.086820320060616
path,-7.94034561464345,15.085202612998572
path,-7.9388989065433435,15.083584300128804
path,-7.937467651417392,15.08199953927655
path,-7.9360495785432885,15.080412981400906
path,-7.934633433612678,15.078825552300543
path,-7.9332177511900435,15.07723753975695
path,-7.93180253295634,15.075648943352153
path,-7.930400747553993,15.074080661703777
path,-7.929004438464078,15.072511125363704
path,-7.927608586708363,15.070941018817948
path,-7.926213193892039,15.069370341725273
path,-7.924818261620846,15.067799093756681
path,-7.923272472939666,15.065873684851727
path,-7.921582711255804,15.06372308760899
path,-7.919806081621807,15.061545978500076
path,-7.917962530356018,15.059380993330592
path,-7.916064445426553,15.057225707782154
path,-7.914191453562659,15.055154929358412
path,-7.91234018791659,15.05309185754859
path,-7.91051069850491,15.051023728847047
path,-7.908688175218069,15.048953414001026
path,-7.906866479389124,15.046882111209444
path,-7.9050700800177625,15.044867082059115
path,-7.903295920418086,15.042851550446832
path,-7.901526637336614,15.04083428484449
path,-7.899758150048672,15.03881608304549
path,-7.897990461783865,15.036796944642356
path,-7.896251335792338,15.034843149960734
path,-7.8945374973784705,15.032890191358597
path,-7.892830555199903,15.030935158021025
path,-7.891124371963674,15.028979247515805
path,-7.889418950577602,15.027022459503774
path,-7.88773880049732,15.025110300912221
path,-7.886074146382821,15.023196915828533
path,-7.884410236984928,15.02128268940559
path,-7.882747065665912,15.019367624192261
path,-7.8810846351217,15.017451719896783
path,-7.879449827376171,15.01558609780887
path,-7.87783296085541,15.013719549779733
path,-7.876216876703851,15.011852189871334
path,-7.874601503785189,15.009984033998935
path,-7.872986845295429,15.008115081743382
path,-7.871396770033657,15.00628707992732
path,-7.869787551844715,15.004435491748563
path,-7.868171238017913,15.002622059234756
path,-7.866556288663997,15.000807821852478
path,-7.864943205053732,14.998992546678
path,-7.863337386398909,14.997214511932984
path,-7.861734054700173,14.995437902300727
path,-7.860134015565236,14.99366013152369
path,-7.858537743883952,14.991881154028981
path,-7.85694571267759,14.990100924240062
path,-7.855365765371955,14.988372608859043
path,-7.853790240437392,14.986648910697335
path,-7.852220370424723,14.98492384038926
path,-7.8506566242975255,14.983197352336134
path,-7.849099468067852,14.98146940123591
path,-7.847552953960133,14.979769776415703
path,-7.846013805874638,14.97806978348832
path,-7.844482628958283,14.976368202441623
path,-7.842959878188981,14.974664989263243
path,-7.841446004568556,14.97296010045243
path,-7.839945630928914,14.971287716167419
path,-7.838454814176064,14.969615287712198
path,-7.836974205454501,14.96794106617515
path,-7.835504241085546,14.966265010014022
path,-7.834045352443724,14.964587078356855
path,-7.8326025040813665,14.962944299687946
path,-7.8311713328659245,14.961301607468272
path,-7.82975250412914,14.959656931455914
path,-7.828346430983415,14.958010233239397
path,-7.826948840046676,14.956361993578193
path,-7.825561817748663,14.954735475574235
path,-7.824183937748351,14.953107867005109
path,-7.822806810882341,14.951479602607774
path,-7.821430275422678,14.949850702125179
path,-7.820054333200746,14.948221165896605
path,-7.818539191982467,14.946213083728496
path,-7.816878411460239,14.943952339878248
path,-7.815125888205029,14.941670802878216
path,-7.813295950453589,14.939396921899682
path,-7.811400433321255,14.93712932981464
path,-7.809516129795756,14.934924309792128
path,-7.807649739564213,14.932723767900036
path,-7.80580143367309,14.930520167978127
path,-7.803957922384889,14.928315002515106
path,-7.802115527368851,14.92610868870643
path,-7.8002954381729,14.923973486949665
path,-7.798495614939573,14.921845364562163
path,-7.796716597579491,14.919713950786095
path,-7.7949433202583105,14.91758093745519
path,-7.793171099647542,14.915446855322779
path,-7.791419451670773,14.913366464924025
path,-7.789690316252183,14.911287594378072
path,-7.787968162694624,14.909207035331589
path,-7.786247023338438,14.907125463523503
path,-7.78452690107063,14.905042879079998
path,-7.782831248216644,14.903030188918136
path,-7.781161125602952,14.901022821096129
path,-7.779506283357963,14.899012897838409
path,-7.777852419424503,14.8970020309063
path,-7.7761995151458985,14.89499022344466
path,-7.774568941586697,14.893032258696419
path,-7.772961250796147,14.891074571173275
path,-7.771356843370383,14.88911572456447
path,-7.769753352960464,14.887155988947182
path,-7.768150782092199,14.885195364373491
path,-7.766570971850232,14.883282950689907
path,-7.765010515038929,14.881370387436666
path,-7.763451255925396,14.879456942191919
path,-7.761892879717665,14.877542652687213
path,-7.7603353887320425,14.875627518980043
path,-7.758802292521714,14.873764086912304
path,-7.757289696959442,14.87190086573462
path,-7.755778258853196,14.870036809531113
path,-7.75426766579879,14.868171955817875
path,-7.752757919905601,14.86630630465794
path,-7.751268775714989,14.864472242965176
path,-7.749786960926761,14.862637515678149
path,-7.748305970102437,14.86080201863088
path,-7.7468258052291326,14.858965751891345
path,-7.745346468289596,14.857128715529457
path,-7.743889946529111,14.855328122904751
path,-7.74244236178871,14.853527031459263
path,-7.740995577221497,14.851725201620887
path,-7.739549594679826,14.849922633463667
path,-7.73810441601227,14.848119327063525
path,-7.736678425358558,14.846343166552458
path,-7.735257180629303,14.844566326209831
path,-7.73383672040527,14.842788770505042
path,-7.732417046439268,14.8410104995185
path,-7.73099816048058,14.839231513332486
path,-7.729603325662299,14.8374900836954
path,-7.72821675647649,14.835748322963726
path,-7.726831410232982,14.834005153060984
path,-7.725439066956933,14.832262255579517
path,-7.724040042151077,14.830518909289577
path,-7.722487177901044,14.828356521969818
path,-7.7207856953269305,14.825851784953137
path,-7.718992195561733,14.8233285943346
path,-7.717111402991668,14.820813442637897
path,-7.715140598694142,14.81830714284543
path,-7.713143772470355,14.81586762181792
path,-7.711158747693254,14.813429450013288
path,-7.709177300632548,14.810989653405423
path,-7.707197708558606,14.808548428388391
path,-7.7052199766806515,14.806105775650016
path,-7.703319241719993,14.803782468867407
path,-7.701436357976382,14.801472629558942
path,-7.69956910856209,14.79915997180518
path,-7.697706700213889,14.796845705431231
path,-7.695847144245403,14.794530033479646
path,-7.694023092969199,14.792282802236976
path,-7.692222411765895,14.790034626366477
path,-7.6904240437871545,14.787785160298643
path,-7.688627258288232,14.785534524929323
path,-7.686832059262703,14.783282720013885
path,-7.685071246702485,14.781089851014714
path,-7.683329330790885,14.778896801880059
path,-7.68158885643217,14.776702745444421
path,-7.679849831875444,14.774507672763614
path,-7.678112266464511,14.772311575349521
path,-7.676428305175905,14.770206621856218
path,-7.674768003549964,14.768103828351025
path,-7.673109378496946,14.765999999341169
path,-7.6714521361354295,14.76389518278083
path,-7.669796280829545,14.761789376551786
path,-7.6681690117387085,14.759731172891884
path,-7.6665537883799795,14.757671729333357
path,-7.6649392124875995,14.755612177105498
path,-7.663336715343289,14.753538112327131
path,-7.661767232329827,14.751431509070796
path,-7.660237423279301,14.749382200157626
path,-7.658736040385899,14.747409279264035
path,-7.657290814665107,14.745468365172362
path,-7.655817810325911,14.743531673517287
path,-7.65433680411515,14.741597895334769
path,-7.652895070598376,14.739709486978107
path,-7.651458590351857,14.737827553961926
path,-7.650023938741707,14.735944500969136
path,-7.648591112562441,14.734060330292847
path,-7.647160108933105,14.732175044108576
path,-7.645752991064609,14.730317259429688
path,-7.644348584215575,14.72846019177671
path,-7.64294593555676,14.726602049730786
path,-7.641545043214569,14.724742835049984
path,-7.640145905511738,14.72288254942136
path,-7.638774098205517,14.721054458158159
path,-7.637405603789508,14.719228338181207
path,-7.636038792649234,14.717401192991508
path,-7.634673663739432,14.715573023984641
path,-7.633310216130852,14.713743832514485
path,-7.631976146755575,14.711949853720522
path,-7.630645721343172,14.710158648937494
path,-7.629316902287328,14.708366469416456
path,-7.627989689053212,14.706573316387658
path,-7.62666408120286,14.704779191010562
path,-7.625013025522011,14.702658827796558
path,-7.623168680818111,14.700025327153682
path,-7.621253781376886,14.697324003187545
path,-7.6192946099845065,14.694635211815054
path,-7.617331372002148,14.691946576726808
path,-7.615425647881431,14.689322954856815
path,-7.613538850104287,14.686725620703747
path,-7.611655349865638,14.684126272160988
path,-7.609775149932157,14.681524913980256
path,-7.6078982528476535,14.678921550719851
path,-7.606083351925384,14.67638740885218
path,-7.604292414929179,14.673890549986035
path,-7.602504568200243,14.671391984090082
path,-7.600719807845042,14.668891703396719
path,-7.598938130375562,14.666389701104535
path,-7.597213394091995,14.663955282719929
path,-7.5955143988919085,14.661546720880889
path,-7.5939139741625095,14.659171865001326
path,-7.592362951323166,14.656781253503206
path,-7.590810282657111,14.65439257208701
path,-7.589317096537838,14.652085701261774
path,-7.587829995407433,14.64979303464176
path,-7.5863438141279245,14.647499391945146
path,-7.584858545111848,14.645204777943931
path,-7.583374181708898,14.642909196911349
path,-7.581924811268647,14.64066349588623
path,-7.580477356171067,14.638420493963347
path,-7.579030750842207,14.636176579885273
path,-7.577584991181527,14.633931756559122
path,-7.576140073239717,14.631686026883928
path,-7.57473413170461,14.62949608954707
path,-7.573329441585183,14.627311075131212
path,-7.571916419717111,14.625131519076742
path,-7.570504853685233,14.622950636424779
path,-7.569089772860952,14.620771857610087
path,-7.567705894438723,14.618645086072387
path,-7.566323777901294,14.61652287697238
path,-7.564942594016051,14.614399710497795
path,-7.563562343000217,14.612275587572887
path,-7.562182722837562,14.610150235775224
path,-7.560847395397465,14.608080374224825
path,-7.559520510715975,14.606022375102341
path,-7.558194531480914,14.603963630068115
path,-7.556869453747757,14.601904127354514
path,-7.5555452740594955,14.599843856372724
path,-7.554245804127736,14.59781811511639
path,-7.5529472046738295,14.595793429834666
path,-7.551649464624738,14.593767981671874
path,-7.550352581994411,14.591741763700156
path,-7.549056555090035,14.589714769706577
path,-7.547788692154079,14.587727036144598
path,-7.546521658220382,14.585741300620288
path,-7.545255441537347,14.583754809092362
path,-7.543990041269367,14.58176755755213
path,-7.542725456757157,14.579779542424715
path,-7.541481998107905,14.577821491385956
path,-7.54023933584484,14.575863953625653
path,-7.538997462562941,14.573905669313389
path,-7.537756378111049,14.57194663620807
path,-7.5365160824441615,14.569986852331974
path,-7.535308745181323,14.568073406778936
path,-7.534102539577848,14.566163668862037
path,-7.532897082506001,14.564253215645811
path,-7.531692374185497,14.562342045937868
path,-7.530488414899815,14.560430158705906
path,-7.528814367983436,14.558179089908371
path,-7.526947961859956,14.555328833660246
path,-7.525083385377359,14.552354685948147
path,-7.5232205222377075,14.549378713649226
path,-7.521364134416129,14.546396320693201
path,-7.5195813339335915,14.543488010028105
path,-7.517795597394334,14.54065469965673
path,-7.515985876104081,14.537916832929188
path,-7.514152112414379,14.53519597570535
path,-7.5123070502672356,14.532346334848159
path,-7.510415761864762,14.529274075930358
path,-7.508510424674204,14.52614955740504
path,-7.506601152945548,14.523030576926057
path,-7.5046946950013815,14.519909056280726
path,-7.502791053874993,14.516785002070394
path,-7.500953425372029,14.513760130926935
path,-7.499136173262546,14.510764041794657
path,-7.497321582418492,14.50776581903519
path,-7.495509648118993,14.504765451088476
path,-7.493700366243306,14.50176292773719
path,-7.491974137030208,14.498874448872229
path,-7.490262895664922,14.496019035704085
path,-7.488552374053767,14.493162749870079
path,-7.486844209903549,14.490304433567488
path,-7.485138403674022,14.487444087779462
path,-7.4834823258006775,14.484655346170623
path,-7.4818325099775675,14.481877406965335
path,-7.480182157001456,14.47909831707767
path,-7.478527519465877,14.476318988774386
path,-7.4768750702665505,14.47353777097245
path,-7.475276158840219,14.470835432066972
path,-7.473684578384768,14.468146072711027
path,-7.472095051643823,14.465454982121713
path,-7.470507576785106,14.462762155910497
path,-7.468922152225236,14.46006759029422
path,-7.467393177266999,14.457455504378785
path,-7.465871264169422,14.454859034600112
path,-7.4643512587564445,14.452260974922163
path,-7.4628331590731785,14.44966132079514
path,-7.461316963417258,14.447060068269804
path,-7.459838691681678,14.444512227054878
path,-7.45836143017858,14.441968489784028
path,-7.456885972339564,14.43942319802287
path,-7.455412318171204,14.436876351764868
path,-7.453940467741048,14.434327951157641
path,-7.452505077111933,14.43183551499815
path,-7.451074214008988,14.429348949014711
path,-7.449645093114682,14.426860978029932
path,-7.448217713773586,14.424371598296636
path,-7.446792073510741,14.421880804236707
path,-7.445412868992624,14.41945261824262
path,-7.444033152912407,14.417033710665718
path,-7.442659637680318,14.414610029372326
path,-7.441282624458024,14.412188821974159
path,-7.439907278462692,14.40976619217611
path,-7.438557012788572,14.407382823700269
path,-7.437209232847234,14.405002062654626
path,-7.435857459173505,14.402626801848065
path,-7.434525797448519,14.400230583508547
path,-7.433207209031123,14.397817237614603
path,-7.431379493865564,14.395211811518944
path,-7.429301698604801,14.392227089484544
path,-7.427167472368998,14.388907429678445
path,-7.424999210725415,14.385291897422979
path,-7.422846229790319,14.381422753423168
path,-7.420843052674442,14.377601752660315
path,-7.418862173183083,14.373781228949822
path,-7.4168876689182826,14.369960769613392
path,-7.41491944533774,14.36614028822176
path,-7.412957416619973,14.362319706183754
path,-7.411089168739735,14.35871315160036
path,-7.409254017681056,14.355119675043609
path,-7.407400021326787,14.351538081525575
path,-7.405590019841754,14.34795279964335
path,-7.403781077253695,14.344362714008312
path,-7.402038477578361,14.34091671385616
path,-7.400308484828102,14.337472776684669
path,-7.398581376580128,14.334027073495742
path,-7.396857155488905,14.330579606078313
path,-7.395135824266887,14.327130376251276
path,-7.393486207034743,14.32389612804451
path,-7.391875189065533,14.320656291960146
path,-7.390266847458825,14.31741495832488
path,-7.388661172448086,14.314172124195233
path,-7.387058155558346,14.310927787000768
path,-7.385504824193022,14.307783085850678
path,-7.383957776344069,14.304638532153202
path,-7.382413175410408,14.301492553767538
path,-7.380871019507977,14.298345150483636
path,-7.3793313071689655,14.295196322264694
path,-7.377811392057465,14.292103305326247
path,-7.3763304497202435,14.289063353647352
path,-7.3748518321506795,14.286022097244553
path,-7.373375533801526,14.28297953474514
path,-7.371901550001522,14.279935664949022
path,-7.370461129755247,14.27695705477164
path,-7.3690241356984325,14.273977723069661
path,-7.367589337227029,14.270997135792726
path,-7.3661567328069495,14.268015292887307
path,-7.364726321248751,14.265032194437284
path,-7.363346208721253,14.262172908375135
path,-7.361979052212837,14.259311541592426
path,-7.360613948056075,14.256449038063531
path,-7.359250892211797,14.253585396743423
path,-7.357889881202594,14.250720616803033
path,-7.356559992185872,14.247917550729763
path,-7.355233014567869,14.245113827979697
path,-7.3539079787208985,14.242309012415943
path,-7.352584883587963,14.239503104105838
path,-7.351263728375284,14.23669610322199
path,-7.349971151208537,14.233945773475995
path,-7.348681092837982,14.231194703988884
path,-7.347392889148061,14.228442585689232
path,-7.3461065405985195,14.225689419216135
path,-7.34482204775621,14.222935205254636
path,-7.3435750700303455,14.220272653059855
path,-7.342336231625276,14.217608041454522
path,-7.341099198048897,14.214942481014978
path,-7.339863963474191,14.212275969862283
path,-7.338630522771046,14.20960850639087
path,-7.337420832310498,14.206987823391247
path,-7.336212937931724,14.204366274356031
path,-7.335010708255485,14.201746628075224
path,-7.333805610449285,14.19912684942668
path,-7.332605055547002,14.196504113617918
path,-7.330898673474372,14.193632973466475
path,-7.328940150725659,14.190325898779868
path,-7.326810053029969,14.186697918135028
path,-7.324503840366638,14.182758170011029
path,-7.322145230931632,14.1785827709587
path,-7.320004680992669,14.174402127781164
path,-7.318027405433012,14.170151212153694
path,-7.3160991716002535,14.165833365676331
path,-7.3141760666051745,14.161512462143707
path,-7.312257642890451,14.15718913883317
path,-7.310435551070073,14.153122871226657
path,-7.308653846780064,14.149084831722723
path,-7.306876235064683,14.145044701550855
path,-7.305102713466161,14.141002481161
path,-7.3033332802094275,14.136958171310802
path,-7.301639630128411,14.133122356705076
path,-7.299974014250168,14.129300836362885
path,-7.298301998603133,14.125473196212416
path,-7.29663376742685,14.121643711485591
path,-7.294969313658292,14.117812380793167
path,-7.293368857402037,14.114129473769864
path,-7.291778771955661,14.110448623857431
path,-7.290192097783402,14.10676604682617
path,-7.2886088368846185,14.103081744990561
path,-7.287028991393555,14.099395720731174
path,-7.285515294832587,14.095918917824426
path,-7.284035985755184,14.0924520185541
path,-7.282559807759014,14.088983656707624
path,-7.2810867523220795,14.085513829571239
path,-7.279616530786575,14.082042339758706
path,-7.278164185375969,14.078608052743519
path,-7.276718673125236,14.075173015550684
path,-7.275278420809193,14.071738069841794
path,-7.273842002964468,14.06830224629729
path,-7.272408622001392,14.064864990024283
path,-7.27101861165371,14.061545890566697
path,-7.269640849290322,14.05822645351474
path,-7.268265955166787,14.054905705162058
path,-7.2668939242276664,14.051583644274443
path,-7.265524752137166,14.048260269949955
path,-7.264191411893074,14.045021802684216
path,-7.262864137554009,14.041783843438143
path,-7.261539537709351,14.038544625657913
path,-7.260217612861249,14.035304150598847
path,-7.258898363677185,14.032062419599898
path,-7.257608597495256,14.02891145240976
path,-7.256331721026785,14.025759859538615
path,-7.255057419327775,14.02260710853588
path,-7.2537856888818695,14.019453198705719
path,-7.252516526706683,14.016298129604397
path,-7.251282068830454,14.013227838787685
path,-7.250053251546524,14.010158171746243
path,-7.248826830509034,14.007087396157448
path,-7.247599098861576,14.00401353485568
path,-7.246373772023286,14.000938560123505
path,-7.245174603953189,13.997942609828561
path,-7.243984499620884,13.994944030947343
path,-7.242796771804266,13.99194444481239
path,-7.241611414041158,13.988943849008074
path,-7.240428420655598,13.985942241510514
path,-7.23888921066467,13.982717357400379
path,-7.237196375011018,13.979149620924181
path,-7.23538165965114,13.975253036684242
path,-7.233580673049419,13.971089494744263
path,-7.231877603936646,13.966896381188093
path,-7.229816849416003,13.96238255281098
path,-7.227669292952062,13.957311275520366
path,-7.225549587081542,13.952151138945416
path,-7.223436693152867,13.946987469495332
path,-7.221329876511766,13.941819762708823
path,-7.219259879484717,13.936742520807707
path,-7.2171837294817855,13.93175353654949
path,-7.215095249794302,13.926808482047676
path,-7.213013862765183,13.92186177943155
path,-7.210938946604838,13.916912725408093
path,-7.208983385994341,13.912193638559945
path,-7.207071372310351,13.907585721537421
path,-7.2051501170176895,13.903001798470491
path,-7.20323199653257,13.898414363816075
path,-7.201316686176542,13.893823185644038
path,-7.199497544507298,13.889425168626733
path,-7.19769495272676,13.88508912376905
path,-7.195896891319283,13.88075281916758
path,-7.194119749292761,13.876415322004814
path,-7.192375294982232,13.872084202585706
path,-7.190713985312368,13.86791259390748
path,-7.189118275469903,13.863804639128949
path,-7.187585794598285,13.859729839677605
path,-7.186088456506006,13.85566545628608
path,-7.184602485157825,13.85159400431989
path,-7.183167483837442,13.84764045152106
path,-7.181722669949428,13.843723870111665
path,-7.1802774394136035,13.83980345137505
path,-7.178831890440329,13.835878303032233
path,-7.177385327699846,13.831947910588966
path,-7.176000929106894,13.828194130705644
path,-7.174631768943797,13.824467721918488
path,-7.173265831071368,13.820739782815735
path,-7.171903114814118,13.817010312134999
path,-7.170543619688634,13.813279308954554
path,-7.169235233467739,13.809679748544376
path,-7.167936062336486,13.806092052219853
path,-7.166639798846979,13.802503008699484
path,-7.165346449146335,13.798912611609438
path,-7.164056018926458,13.795320855383011
path,-7.162799658153792,13.791859561746463
path,-7.16160908474135,13.788410942201653
path,-7.160430524717256,13.785003106847569
path,-7.159144346531921,13.781693308827817
path,-7.157725702204357,13.77854989069787
path,-7.15628399360473,13.77550609511055
path,-7.154848007264867,13.772469806183967
path,-7.153422367146971,13.769423339658008
path,-7.151994592107985,13.76634061332406
path,-7.150524879176297,13.763240351119256
path,-7.14909038982023,13.760190244766594
path,-7.147650508248136,13.757162424903052
path,-7.146214356351801,13.754132798739263
path,-7.144781943472117,13.751101370603982
path,-7.143353278079545,13.748068144336766
path,-7.141964379947632,13.745093274506758
path,-7.140581043009132,13.742137459930104
path,-7.139201282259404,13.739179985499359
path,-7.13782510025299,13.73622084325737
path,-7.136452504315518,13.733260036887776
path,-7.134821336008878,13.729733615182633
path,-7.132739466620977,13.725387026916314
path,-7.130230523349785,13.720254549235541
path,-7.127425706377782,13.714377040988715
path,-7.124580969921419,13.708101014898356
path,-7.121862696412418,13.701887862346135
path,-7.119246752509538,13.695834062742152
path,-7.1166416613517995,13.689927986956295
path,-7.114089632151027,13.684099167430833
path,-7.1115674952469305,13.67825939219428
path,-7.109177155979827,13.672520694365462
path,-7.106962852321634,13.666986795628763
path,-7.104740809430102,13.661578045827445
path,-7.102509854552654,13.656286353652554
path,-7.100322581964871,13.651063896206276
path,-7.09829546089762,13.645946859767514
path,-7.096316024790304,13.640958625910669
path,-7.094308382649494,13.636071769086668
path,-7.092328456838244,13.631246742919917
path,-7.090383662814914,13.626471426441315
path,-7.088581611329722,13.621794036615217
path,-7.086791882053762,13.617239626323137
path,-7.084993109132495,13.612772659261475
path,-7.083224777551767,13.608350246240603
path,-7.08148624102985,13.603970674831071
path,-7.079840342527782,13.5996815759775
path,-7.0781871344086325,13.595484977670877
path,-7.076559469561449,13.591322113988943
path,-7.074932746560208,13.587145197774422
path,-7.073312766576118,13.582965596802849
path,-7.071748762375709,13.578879133302818
path,-7.070191130147672,13.57482263260645
path,-7.0686398680350555,13.5707636349255
path,-7.067094981545822,13.566702150411748
path,-7.065556476175477,13.56263818916102
path,-7.064123861648827,13.55868821995717
path,-7.062693086214948,13.55487105124893
path,-7.061267933924343,13.55105401512438
path,-7.059848421041879,13.54723494623457
path,-7.058434550535856,13.543413842364071
path,-7.057082288339104,13.539689812276135
path,-7.055731939452533,13.536007326693005
path,-7.0543868374759455,13.532323043061279
path,-7.053046984291317,13.528636953736495
path,-7.051712381977623,13.524949052474168
path,-7.050379984891381,13.521250864007875
path,-7.049052867205457,13.517550841253335
path,-7.0477310317606525,13.513848986183532
path,-7.0464144812567,13.510145297005879
path,-7.04510321850302,13.506439772783086
path,-7.043903910198761,13.502854670363163
path,-7.0427559235649335,13.499436027472
path,-7.041598810285747,13.496025998638865
path,-7.040446321149919,13.492614697667182
path,-7.039298450948573,13.48920213694011
path,-7.0381884359384,13.485866107855164
path,-7.037081673532432,13.482546982498109
path,-7.035979269691082,13.479226741147523
path,-7.034881220797777,13.475905386139303
path,-7.033787523976438,13.472582923117532
path,-7.032403300005805,13.468852117156493
path,-7.03054207386897,13.464458691342175
path,-7.028573073810737,13.459428183605642
path,-7.026635555793494,13.453838496908704
path,-7.024723178417356,13.447868911129957
path,-7.0225842839536545,13.441515293505873
path,-7.0200252253063455,13.434501754854248
path,-7.0173594969193775,13.426860775509303
path,-7.014735950490183,13.418734137660419
path,-7.012152685906377,13.410221253124446
path,-7.009882918176636,13.401892816020325
path,-7.007954921808972,13.393843802798871
path,-7.006260767741704,13.385983244763834
path,-7.004766435391453,13.378217456795536
path,-7.003657948458965,13.370513095940776
path,-7.002923224854148,13.36325371064505
path,-7.002703613896614,13.356335530536358
path,-7.002817344683814,13.349568025625265
path,-7.003085647521711,13.34305831766466
path,-7.00353253224346,13.33679277377916
path,-7.003925560195544,13.330900727279337
path,-7.004502449622245,13.32518919344837
path,-7.00527248732024,13.319628215045437
path,-7.0062009185604195,13.314209862594048
path,-7.007262710838905,13.308950367075553
path,-7.008433347552909,13.30385051596254
path,-7.009695685218999,13.298886044618326
path,-7.011052864601405,13.29404112461654
path,-7.012507207155839,13.289306228397553
path,-7.013929875911048,13.28461679380071
path,-7.015408290908034,13.279882803257056
path,-7.017055831023582,13.275213663925808
path,-7.018797572601178,13.270632013282128
path,-7.020553766403444,13.266061189863086
path,-7.022325931892714,13.261461487426438
path,-7.02410851046813,13.256790135982534
path,-7.025889722595723,13.252114579592115
path,-7.027675785587071,13.247445770781415
path,-7.029468718785988,13.24277790231381
path,-7.031268228593829,13.238102350960915
path,-7.033023966722747,13.233276637319806
path,-7.034774362322429,13.228442775355404
path,-7.0365250460589746,13.223608137253608
path,-7.038287843504683,13.218771413436654
path,-7.040058966758645,13.213947305586336
path,-7.0416624863762305,13.208520880367402
path,-7.043195988938436,13.202817651762834
path,-7.044723414694613,13.19711506087648
path,-7.046244383209402,13.191414269218845
path,-7.047759289694705,13.185716128302762
path,-7.049212615888106,13.179805241348983
path,-7.050656773844758,13.173889607703947
path,-7.052093792993536,13.167980733473081
path,-7.05352948343032,13.162075568958228
path,-7.054964481536621,13.156175861924297
path,-7.05639150349481,13.150287977421314
path,-7.057806118570339,13.144415593445569
path,-7.059207541716769,13.138559946507304
path,-7.06059484988771,13.132722326277309
path,-7.061967026522609,13.126904084228944
path,-7.06322335573847,13.12128010740975
path,-7.064555732595096,13.11579942977955
path,-7.0659533571681505,13.110431695933505
path,-7.067337889673251,13.105094798419637
path,-7.068739920964871,13.099282516680884
path,-7.06983337130275,13.093741072564946
path,-7.070716386701521,13.088434123003132
path,-7.0716412604519805,13.083245659138989
path,-7.072607412189944,13.078175577940096
path,-7.073614255695847,13.073223790031149
path,-7.074525679060634,13.068463354471554
path,-7.075450762954243,13.063856607270921
path,-7.076403158379347,13.059382485928849
path,-7.0773833011773855,13.05503987123909
path,-7.078395828349574,13.050822471012149
path,-7.079555570432558,13.046668485435275
path,-7.080851283536564,13.042582096757148
path,-7.08218400075156,13.038613128507883
path,-7.083552908262999,13.034761713128361
path,-7.084957189408584,13.031027995747673
path,-7.086311759257827,13.027084265674096
path,-7.08763070329664,13.023139413198583
path,-7.088912091793178,13.019216510564537
path,-7.0901558652941645,13.015316148657513
path,-7.091368459025625,13.011421191325951
path,-7.0925414093416235,13.0072475091062
path,-7.093683069689801,13.003083435834762
path,-7.094784248017216,12.998945453182
path,-7.095887896028601,12.994848394262284
path,-7.097056339928267,12.990769464112722
path,-7.098254997239338,12.986216165641387
path,-7.099513752618802,12.981526278602349
path,-7.100804485141784,12.976812514916794
path,-7.102127989685853,12.97207429295279
path,-7.103486181928728,12.967309436450845
path,-7.104914226291215,12.96221110631155
path,-7.106390914714068,12.957058156033813
path,-7.107905692758849,12.951877642382602
path,-7.109458697925538,12.946670104829622
path,-7.111049971021594,12.941436207660425
path,-7.1126796545450715,12.936176461866758
path,-7.1143012388018105,12.930855849655812
path,-7.11584858458161,12.925419907332085
path,-7.1173222780951315,12.919869236550305
path,-7.118712761068451,12.914190663960687
path,-7.1199990401867215,12.908357952088494
path,-7.121204343421694,12.902343126872045
path,-7.122342833208803,12.89613800412754
path,-7.1234142040693635,12.889742936569418
path,-7.124418324225986,12.883158045410434
path,-7.125270344311871,12.876448344110505
path,-7.125924977397675,12.869648501846473
path,-7.1264239941205325,12.862723454698976
path,-7.126850186004967,12.855642368007977
path,-7.127215801694615,12.848407720765428
path,-7.127694242910934,12.84069150530955
path,-7.128084708220308,12.83276810555518
path,-7.128360360885023,12.82473980231084
path,-7.128523470255874,12.816592333478704
path,-7.128587859916423,12.808317390176944
path,-7.128803909410558,12.799651759092217
path,-7.12894566521996,12.790808992458402
path,-7.1289410179844275,12.781861397781931
path,-7.128903402454521,12.773054307008467
path,-7.1289000563590585,12.76438714924464
path,-7.1292230675361585,12.755474226356213
path,-7.129536936804489,12.746573333477983
path,-7.12990428952031,12.737937862750458
path,-7.130349436595486,12.72964359114752
path,-7.130759050277107,12.721662558285738
path,-7.131527126756628,12.7133870128304
path,-7.132321519449404,12.705146063695453
path,-7.13297676029589,12.697199070390429
path,-7.133407878145989,12.689443174064806
path,-7.133645045385256,12.681657675318867
path,-7.134042014093273,12.673496053580457
path,-7.134276149102128,12.665458219014498
path,-7.134526287354503,12.657774356915354
path,-7.134771820150577,12.650323057381806
path,-7.134933743995378,12.643133048901928
path,-7.135453376677744,12.635631218325253
path,-7.1360316270199124,12.627940828771475
path,-7.136399205745659,12.620317761491071
path,-7.136658798736095,12.612818562428691
path,-7.136959397049465,12.605517510596714
path,-7.1376423916030936,12.597858791750275
path,-7.1383911047402595,12.59002039235798
path,-7.139193451024796,12.58182776600399
path,-7.1397965238271475,12.573464026895218
path,-7.1403222173655,12.565064536269972
path,-7.1409841692477904,12.55642130692663
path,-7.1416340361524275,12.547645050085995
path,-7.142322665121998,12.539013802963558
path,-7.143064900854566,12.530514125787771
path,-7.143849480642189,12.522108079467172
path,-7.14478042636498,12.513387431325382
path,-7.14567293055641,12.504564013998678
path,-7.146575497051276,12.49589303721847
path,-7.147520809551677,12.487373023905297
path,-7.148463994519074,12.478903813015787
path,-7.148959056550108,12.470583210365744
path,-7.149165937105217,12.462184781289553
path,-7.149202166858475,12.452664990143516
path,-7.14917334582461,12.442677516714362
path,-7.149009507255153,12.432327437085139
path,-7.148733784641712,12.421768750654786
path,-7.148348237192414,12.411022039906147
path,-7.147854113915369,12.400126465336125
path,-7.147253157885811,12.38911284904173
path,-7.146542696621025,12.377990017639389
path,-7.145730806139307,12.36682531852571
path,-7.1448175976739785,12.355485342189365
path,-7.143797659310424,12.344034817830998
path,-7.142653076991288,12.332497320172866
path,-7.141388933721017,12.32086465623917
path,-7.140037447116151,12.30920157396303
path,-7.138570877432123,12.297415864168634
path,-7.13698444561579,12.285537040487174
path,-7.135389284416047,12.273367726611806
path,-7.134467667518977,12.260458653269769
path,-7.134035702743701,12.247481150074524
path,-7.133930042037353,12.234535375049294
path,-7.134051215742669,12.221687691128388
path,-7.134070267100183,12.208265733462474
path,-7.13397001377799,12.194483237350319
path,-7.134104343568501,12.180932278644553
path,-7.134721885378063,12.168164557648502
path,-7.135558541335897,12.155717832651048
path,-7.13636861192076,12.143130392166968
path,-7.137165063675097,12.130492663869438
path,-7.1379527703410615,12.118017663835705
path,-7.138778742428629,12.106017729405956
path,-7.1395446284113016,12.094285973174385
path,-7.140206343462213,12.08260998466282
path,-7.140765378280308,12.070994395015017
path,-7.1412653551996215,12.059652344755415
path,-7.141752171724235,12.048761966271751
path,-7.142216386267756,12.038198862189095
path,-7.142763100102824,12.027779651425464
path,-7.143425797886954,12.01742128426823
path,-7.143838611630507,12.006876535848757
path,-7.144358079077833,11.99635719533605
path,-7.145111907599895,11.98595486758086
path,-7.146058693027221,11.975698522589997
path,-7.147017405809017,11.96538244694027
path,-7.147481452517235,11.954649061374338
path,-7.147806684792952,11.944025783804683
path,-7.148153074048625,11.933632596629268
path,-7.148596705717919,11.923342199534535
path,-7.149145074322446,11.913106059825386
path,-7.149467000445566,11.902647411682269
path,-7.1497713121482604,11.892112234702342
path,-7.150110200345989,11.881735076162972
path,-7.150555948198891,11.871436247158561
path,-7.151088812438269,11.861210430829905
path,-7.151359103086266,11.850784819743378
path,-7.151698265012087,11.840351161395457
path,-7.152235681548806,11.830011309058836
path,-7.152894926753411,11.819789997933196
path,-7.153689109899247,11.809482223383421
path,-7.154507296483113,11.799944339407597
path,-7.155197082517199,11.791106366235397
path,-7.15599966368837,11.782410849612516
path,-7.156935228881892,11.773802037534882
path,-7.157963288520137,11.765241840536437
path,-7.159149977618099,11.757543159025134
path,-7.160379058326914,11.750903544341005
path,-7.16161381566186,11.745134516549905
path,-7.162667774426082,11.740341456540607
path,-7.163856120661452,11.735706021983034
path,-7.16503891656772,11.73120147732757
path,-7.166207172627031,11.72665749614083
path,-7.167422599884925,11.722123308430769
path,-7.168704411485004,11.7175287481041
path,-7.17003996894909,11.712947183935201
path,-7.171621951416249,11.707938225295031
path,-7.173586955961283,11.702535364017956
path,-7.17566350980237,11.696982687910932
path,-7.1777948680467585,11.691346505994641
path,-7.1799648419022395,11.685054161991633
path,-7.181938004171124,11.678874508224194
path,-7.183621241702192,11.672911942630202
path,-7.1846990933088515,11.666191005613754
path,-7.185518140102898,11.659200030502952
path,-7.186312644957528,11.651988121249508
path,-7.187241528227045,11.644479276941288
path,-7.188258559642431,11.636766137733053
path,-7.1892288174253896,11.628949432483036
path,-7.190154736649905,11.621030499727983
path,-7.191038702613302,11.613010722595012
path,-7.19175571355499,11.605086466488924
path,-7.192482888876423,11.597101558116275
path,-7.193180325977721,11.589029046391481
path,-7.193920281502184,11.580960723014242
path,-7.194723681692311,11.57292227703817
path,-7.195328084723984,11.56517945875397
path,-7.195963524719773,11.55743040557596
path,-7.196628009073438,11.549669061989759
path,-7.197358219932109,11.541949365793766
path,-7.1981542745092035,11.53427207480004
path,-7.199191752700086,11.526402717672788
path,-7.200451703594196,11.518375426529534
path,-7.201808251124576,11.510406160105774
path,-7.203261760207398,11.502504349272359
path,-7.204814977784123,11.494672995774835
path,-7.206217623654545,11.487136056587627
path,-7.207682871371214,11.479622010874456
path,-7.209215660699703,11.472154410313433
path,-7.210821319014384,11.4647436303727
path,-7.21250077187325,11.457386224907811
path,-7.213982548789087,11.450364972243026
path,-7.215497184420528,11.443364659795488
path,-7.217043959978796,11.436372363330742
path,-7.218661601159852,11.42944435044694
path,-7.220349631609379,11.422580974682322
path,-7.222290048172968,11.415524027236321
path,-7.224331801651945,11.40850182892911
path,-7.226387057592381,11.40169006338276
path,-7.228460503098297,11.395076143457672
path,-7.23055877631293,11.388641730207443
path,-7.232714489273241,11.38236292797927
path,-7.234920295597135,11.376247946257145
path,-7.237023366207204,11.3701672505795
path,-7.238707298034799,11.363929209131538
path,-7.240456865160487,11.357887860284901
path,-7.242235340214355,11.352067836422655
path,-7.244088452973201,11.346432138021047
path,-7.246018746584761,11.340980186268148
path,-7.248027846247262,11.335704852161038
path,-7.250118907637584,11.330584006800084
path,-7.252482398050469,11.325124925858228
path,-7.255244552315879,11.319064041939837
path,-7.25808158634529,11.312354394045306
path,-7.261071168999965,11.305581994573474
path,-7.264164252298354,11.29888299622512
path,-7.267404414426871,11.292124774393061
path,-7.270737740841335,11.285417672365226
path,-7.27418777204526,11.27879335242302
path,-7.277722638793677,11.272214550641387
path,-7.281366010901035,11.26570729526261
path,-7.285115821254098,11.25921789160402
path,-7.288977023521366,11.252801875177333
path,-7.292924415117387,11.246450102324173
path,-7.296869999050333,11.240095277807235
path,-7.300823097827722,11.233743445532026
path,-7.30425334240801,11.22801950398142
path,-7.307434932983453,11.222800218252036
path,-7.310677190815947,11.217788741938818
path,-7.31398215807943,11.212986153633288
path,-7.317294529567005,11.208322625110094
path,-7.320543340892561,11.203622593259336
path,-7.323750124681803,11.198968652591537
path,-7.326914646776383,11.194360768293505
path,-7.330036687448812,11.189799118025595
path,-7.333116194094298,11.185283803874647
path,-7.336145070258328,11.18067060274934
path,-7.339150132683593,11.176089523519083
path,-7.342131067157763,11.171541093425834
path,-7.345087553886623,11.167025178435075
path,-7.348019813386235,11.162541553966891
path,-7.350899343295403,11.157124324565135
path,-7.354037576623316,11.150730794169883
path,-7.356612302886386,11.143283316934637
path,-7.359483232683755,11.13533803608331
path,-7.362567777838561,11.127125619185737
path,-7.365826582436997,11.118708417883457
path,-7.369188599852928,11.110286936355626
path,-7.372650033134443,11.101923136392337
path,-7.376195449653179,11.093602621421196
path,-7.379820355973871,11.085321397290153
path,-7.383534225174523,11.077088109774907
path,-7.387336197548126,11.068902615753508
path,-7.391413141850723,11.06077299054232
path,-7.395677603503675,11.052749733976567
path,-7.400098378365046,11.044833463681925
path,-7.4039914801983135,11.037590110685864
path,-7.4075931837356155,11.030905894933987
path,-7.411294094444564,11.024522148881854
path,-7.415094914987782,11.0184400426891
path,-7.418995868300787,11.012660752935362
path,-7.422969139033022,11.007196571830258
path,-7.426965590289571,11.00192541818622
path,-7.430898854233295,10.996721760083588
path,-7.434769546859814,10.991584941363476
path,-7.438591725800235,10.986503088838742
path,-7.442358762154396,10.981352616285394
path,-7.44608021370141,10.976254232636133
path,-7.449756478091757,10.971207828183992
path,-7.453387991632486,10.966212895286892
path,-7.456975540549655,10.961268869019714
path,-7.460592726256174,10.955484842493862
path,-7.464345712503462,10.948705507789606
path,-7.467634770193077,10.94101826356748
path,-7.471369808637887,10.932995100627885
path,-7.475370049664883,10.924763302264621
path,-7.479544598543408,10.916652431717685
path,-7.483876971930075,10.90865375786282
path,-7.488362752999216,10.900763202549102
path,-7.493015711795329,10.892994678824603
path,-7.497824534082582,10.885336671569863
path,-7.502609800823032,10.877977378030838
path,-7.507483267006387,10.870909380080771
path,-7.512140812093755,10.864094824756462
path,-7.516501751833115,10.857467508123076
path,-7.520691912101742,10.850923684412583
path,-7.524582358194468,10.844620957139574
path,-7.528249026392998,10.83864512897605
path,-7.53181580861407,10.832776581692977
path,-7.535367014635416,10.826851266645486
path,-7.538897223818351,10.820861739541865
path,-7.54247991644529,10.814473512846805
path,-7.54625670501782,10.807789828238134
path,-7.550155029474433,10.80086686779206
path,-7.554062388367682,10.793871851999471
path,-7.557958870831158,10.786831809933034
path,-7.561991306585176,10.779617547903324
path,-7.566249594184632,10.772123460908816
path,-7.570710370267435,10.764361994499863
path,-7.5753640490813074,10.756567885610144
path,-7.5802025743909685,10.748886815156222
path,-7.585379652806312,10.741116921079144
path,-7.590800802160854,10.733362370524194
path,-7.596315367806192,10.72566336579643
path,-7.601592384221662,10.71767900982541
path,-7.606841229879741,10.709697900773394
path,-7.6122187896501465,10.701990964436176
path,-7.617605381998586,10.694507788174432
path,-7.622904127970476,10.687056451148727
path,-7.628108507408285,10.679608908752135
path,-7.633221344296559,10.672161327706377
path,-7.63844962417106,10.664670395370702
path,-7.643637743676738,10.657231690424647
path,-7.648760426478629,10.649810040335678
path,-7.653829028998592,10.6423967677222
path,-7.658845442564257,10.634989126390305
path,-7.663984190641179,10.627470213996242
path,-7.669209337358976,10.619883006456401
path,-7.674510365284225,10.612238477547079
path,-7.679876166072746,10.604544424820562
path,-7.685305748665762,10.596801980749332
path,-7.690785227726681,10.589012382071083
path,-7.696331158980925,10.581169806022048
path,-7.701984240473801,10.573257808977164
path,-7.707760128759483,10.565283173131006
path,-7.713654060133025,10.557246460989
path,-7.7196195559021845,10.549263439997661
path,-7.725741738387398,10.541284546857588
path,-7.731914159471952,10.533276015888987
path,-7.7380915559879,10.525264685539938
path,-7.7442724296954575,10.517250797339765
path,-7.750482820371357,10.509022804785806
path,-7.7567943068789065,10.500723342492902
path,-7.763202814900036,10.492360023695866
path,-7.769623848274366,10.48398399698009
path,-7.7760250169738585,10.475615170874487
path,-7.782406216548221,10.467253370742164
path,-7.788768041754267,10.458897977524453
path,-7.795113595693273,10.450547985223734
path,-7.801442613381055,10.442202949085834
path,-7.8077673875037,10.433850745978155
path,-7.813591279131841,10.425867521442035
path,-7.819259900893022,10.418159022568824
path,-7.825008383737355,10.410498757295908
path,-7.830777223478084,10.402814969000937
path,-7.836526187197689,10.39510271889111
path,-7.842275110427929,10.386998614168908
path,-7.848117862470744,10.378792740265446
path,-7.854047369983034,10.37052588968262
path,-7.860061932300511,10.362198064606682
path,-7.866159865885911,10.353809226183227
path,-7.8723390721176205,10.345359342199297
path,-7.878598571361552,10.33684840141105
path,-7.884936073205369,10.32827655741547
path,-7.8913496611157825,10.319642270609126
path,-7.897830146006634,10.310946554478802
path,-7.903832636907252,10.302754624149738
path,-7.909637537844946,10.294853863268115
path,-7.915546469030511,10.28696162214178
path,-7.92150302190325,10.279035620191372
path,-7.92749312758863,10.271077214423041
path,-7.933445270851404,10.262696765460152
path,-7.9394392175730175,10.254229310602842
path,-7.94545355078061,10.245730413548008
path,-7.951204077285608,10.237170925998711
path,-7.956925217310003,10.228540599623262
path,-7.962641489768209,10.219884313971571
path,-7.968334183648027,10.21119735669415
path,-7.973991737127852,10.202482141310794
path,-7.979626933607263,10.193747722465368
path,-7.985226151006726,10.184998154377512
path,-7.99065927381015,10.176343008364839
path,-7.995884186663975,10.167917915264933
path,-8.000909411584443,10.159716055040496
path,-8.0057095260718,10.151572215506672
path,-8.010280495005613,10.143400754743029
path,-8.01503910368702,10.135269889847056
path,-8.019680132408904,10.127132370997717
path,-8.024117073208183,10.119019874624945
path,-8.02832048722686,10.110953119326075
path,-8.032159679838939,10.103043971164
path,-8.036177993404777,10.095103312749899
path,-8.03999605114965,10.087222675103222
path,-8.043431215119083,10.079516760383413
path,-8.046468259655933,10.071978708286318
path,-8.04915627133097,10.064566189641592
path,-8.05196716193962,10.056952418860957
path,-8.054581997085076,10.049272646478013
path,-8.056921682329008,10.041675950926319
path,-8.059007701726914,10.034040441305672
path,-8.06080145173965,10.026455314474328
path,-8.062511258158693,10.018699900791644
path,-8.06391778229519,10.011008789522712
path,-8.064983116874814,10.003424189396236
path,-8.065717470017255,9.995967504885634
path,-8.06613017778801,9.98862618446648
path,-8.066415219949533,9.981267670114875
path,-8.066514264839531,9.973962721728116
path,-8.066497776473353,9.966663475005774
path,-8.066395729915419,9.959368107804622
path,-8.066221982682933,9.952068067679614
path,-8.06629588060304,9.944546291807958
path,-8.066469961842255,9.936873818860478
path,-8.066690403464785,9.929088452308836
path,-8.066936863371078,9.921205343837174
path,-8.067201200416486,9.913232171183614
path,-8.067335756627743,9.905396862546233
path,-8.06747087389389,9.897660796116575
path,-8.067651046480353,9.889847860009862
path,-8.06787247687674,9.881962796740645
path,-8.068132574472116,9.874024825927728
path,-8.068566191359666,9.865930810737241
path,-8.069033675548845,9.857735074694885
path,-8.069504304262143,9.849462149944756
path,-8.069974590259974,9.841142053413215
path,-8.070404721245634,9.832764387549421
path,-8.07084203845188,9.82452194796131
path,-8.071333599714118,9.816411022597038
path,-8.071729596736272,9.808404542278081
path,-8.072058700417791,9.800443626673113
path,-8.072439742731323,9.792406797267839
path,-8.072854822640853,9.784539978888857
path,-8.073239985845165,9.776839032716572
path,-8.073603245688794,9.769277547456005
path,-8.073981380243378,9.761734132355452
path,-8.074376546702764,9.754197833265708
path,-8.074877704769579,9.746455459024325
path,-8.075307714130755,9.738550769290356
path,-8.07574740747523,9.730629508343075
path,-8.076221243799553,9.722708373038762
path,-8.076753597638263,9.714787136151712
path,-8.077291265763055,9.706979786172088
path,-8.077893074313785,9.699170982606727
path,-8.078563989143735,9.691359379957932
path,-8.0793220171497,9.683560048182576
path,-8.08017650386184,9.675858302704112
path,-8.080792511367731,9.668371074066787
path,-8.081372857437314,9.661117453787426
path,-8.081948981706065,9.653978440389638
path,-8.082544891768102,9.646790699520768
path,-8.083146686837898,9.63962255911451
path,-8.083792709445122,9.632252963860163
path,-8.084376186941112,9.624707365542099
path,-8.08488910472924,9.617133587294846
path,-8.085378549768558,9.60956648644204
path,-8.08584261087422,9.60200543452177
path,-8.08630575493765,9.59473969608153
path,-8.08674656871431,9.587533101921975
path,-8.087168957806409,9.580335943135763
path,-8.087569898622482,9.57314700310406
path,-8.087946368702104,9.565965184164455
path,-8.088408034756046,9.558564859471996
path,-8.088898603531794,9.550968101679834
path,-8.089300753386178,9.543335855709113
path,-8.08961850712244,9.53568340368567
path,-8.08986097285757,9.528014754621692
path,-8.089884773319158,9.52059847446059
path,-8.0897817362077,9.513278859996197
path,-8.08960909332807,9.505962503118807
path,-8.089391779787425,9.498659109880604
path,-8.089148768707764,9.491376326883287
path,-8.089022660072487,9.484606666555159
path,-8.088873854638654,9.478378173461945
path,-8.08870357285632,9.472203017787594
path,-8.088522364809231,9.466043342135467
path,-8.088323782074147,9.459893105149797
path,-8.088108177981512,9.45380139479626
path,-8.087865267630438,9.44771035441955
path,-8.087594744408266,9.441619612631825
path,-8.087300242796715,9.435532137739635
path,-8.086985790507038,9.429451523488996
path,-8.086712117862458,9.423821890507883
path,-8.08637051934383,9.418437484559544
path,-8.086021481821529,9.413069199624815
path,-8.085668760581601,9.407721201878807
path,-8.085316803362192,9.4023984916034
path,-8.084928256625947,9.397464731296543
path,-8.084467647192282,9.392745738832643
path,-8.08402274699395,9.388064389576257
path,-8.08359802161704,9.383426254667425
path,-8.08319909508454,9.378840867325705
path,-8.082753989351485,9.374419904547075
path,-8.08233503791626,9.37006801584571
path,-8.0819426788744,9.365785015817625
path,-8.081547923613234,9.361539103305306
path,-8.081153461101314,9.357315541328559
path,-8.080654633681004,9.353260788453857
path,-8.080134620321092,9.34924887773006
path,-8.079611243224825,9.34525274103374
path,-8.079082518846516,9.34127126234035
path,-8.078546411066542,9.337303188091413
path,-8.077913262213016,9.333465489767681
path,-8.077258397354587,9.329651503893684
path,-8.076592347583452,9.325845545867445
path,-8.075917440579465,9.322055678493435
path,-8.07523740665939,9.318294752071974
path,-8.07452732797106,9.314589445607366
path,-8.073807076411454,9.310909684287584
path,-8.073070865841567,9.307244034725409
path,-8.072310954936526,9.303575112243848
path,-8.071525565882036,9.299901808386203
path,-8.070655101410454,9.296310165128853
path,-8.069755160668384,9.292670354363334
path,-8.068886438884661,9.289014078316823
path,-8.068061641003121,9.28536196516562
path,-8.067280521332965,9.281714043245403
path,-8.06660723990567,9.278244583547634
path,-8.065965978518914,9.274811391864104
path,-8.065356834258008,9.27141004199592
path,-8.064781244069778,9.268036667758103
path,-8.064247285499249,9.264670454086495
path,-8.063787634201473,9.261385950207794
path,-8.063360734382496,9.258135745028214
path,-8.062966081434405,9.254916144842777
path,-8.062612188167574,9.251705399762137
path,-8.062300346399635,9.248499221809986
path,-8.062065262378702,9.245381155788436
path,-8.06186193252678,9.242298034561898
path,-8.061688106472745,9.239248537755465
path,-8.061551449849457,9.23621296334663
path,-8.061455555331765,9.233181712273591
path,-8.061415136499214,9.230205961181946
path,-8.061407121516476,9.227257746800198
path,-8.061440148564802,9.224315426366116
path,-8.061514857107849,9.221378023071088
path,-8.061641263444535,9.21843701823506
path,-8.061788314580602,9.215495533201151
path,-8.061919352027255,9.212583863783738
path,-8.062035688883505,9.209703897235299
path,-8.062138424301159,9.206857298514652
path,-8.062228492344177,9.204045432305023
path,-8.062292658262475,9.20128594522137
path,-8.062344976959288,9.19856249752072
path,-8.062385379666333,9.195875150984929
path,-8.062410909574849,9.193215169754682
path,-8.062411111613589,9.190554473483228
path,-8.062369896869837,9.18792506509024
path,-8.06230223861159,9.185294349594216
path,-8.062207081803663,9.182660847097441
path,-8.06208379346101,9.180024409728436
path,-8.061931662740394,9.177384777426642
path,-8.061737898236741,9.17475605685102
path,-8.061513806198752,9.172123246869907
path,-8.061258505852235,9.169485795637991
path,-8.060970874909765,9.166843163485566
path,-8.060653924925706,9.164137929471417
path,-8.060292005276777,9.161358823182686
path,-8.060057372831627,9.158472154762071
path,-8.05989258057752,9.155560444318404
path,-8.059765676197069,9.15265611527285
path,-8.059676557916363,9.149759090091427
path,-8.05963189209685,9.146917393707168
path,-8.059621219628516,9.144103678064482
path,-8.059778264381293,9.141464989606956
path,-8.059986888189608,9.138874140115059
path,-8.060242855424333,9.136289577068302
path,-8.060542482356261,9.13373869565548
path,-8.060856181553413,9.131213723586434
path,-8.06113863614708,9.128717768802797
path,-8.061388989099832,9.12624946338526
path,-8.061608035030787,9.123806866732902
path,-8.061785789140016,9.121391840562268
path,-8.061916201598528,9.118962072799626
path,-8.062003218831924,9.116448997959363
path,-8.062067200344389,9.11382479948526
path,-8.06211555359553,9.111102931894743
path,-8.062236016523213,9.10841902000122
path,-8.062333472218764,9.105765582526116
path,-8.062419099030707,9.103148373696916
path,-8.062546061433949,9.100571244573452
path,-8.062713725755227,9.09798902268819
path,-8.062921282895468,9.095448148508133
path,-8.06309874483803,9.092924092346902
path,-8.063228900345832,9.090379320005384
path,-8.063328878349012,9.087753141713792
path,-8.063391654438163,9.085094427530574
path,-8.06346482749056,9.082365241941593
path,-8.063632109960684,9.079739819897746
path,-8.063845420449233,9.077168826711386
path,-8.064059431794684,9.07459626472638
path,-8.064274010284029,9.072021971136541
path,-8.06448285110783,9.06950120152787
path,-8.064693402384647,9.06698198488295
path,-8.06490433066338,9.06446091215623
path,-8.06511543330475,9.061940583733
path,-8.065327759892723,9.059426838156863
path,-8.065537022274146,9.056957776030039
path,-8.06574640139579,9.054488441025809
path,-8.065956224540018,9.052018525984325
path,-8.066166399842915,9.049547918060945
path,-8.066376934735631,9.047076626963324
path,-8.06658331817926,9.044645566617897
path,-8.066790870594863,9.04221579375365
path,-8.06699878408436,9.039785375986204
path,-8.06720693369956,9.037354160488139
path,-8.067415406564743,9.03492225750571
path,-8.06760876489247,9.032535170077416
path,-8.06781434356592,9.030158847556505
path,-8.0680168294835,9.027779689117917
path,-8.06821682822431,9.025400715444153
path,-8.068414338180537,9.023021937546165
path,-8.06860640802097,9.020678475851856
path,-8.068796128621475,9.018335845773239
path,-8.068985269290527,9.015992828981432
path,-8.069174519632796,9.01364898473215
path,-8.069363894815364,9.011304330568679
path,-8.069570731318791,9.008914629492164
path,-8.069764219530887,9.006504557935667
path,-8.069958030151644,9.004093747403319
path,-8.070152219901958,9.001682278005479
path,-8.070346677488354,8.999270023099767
path,-8.070526522044469,8.996891473268715
path,-8.070719486128873,8.99452077093507
path,-8.070912540361471,8.992149185437485
path,-8.071105685477084,8.989776719125688
path,-8.07129892532324,8.9874033780665
path,-8.071490484770468,8.985079032763219
path,-8.071672368041927,8.982758864895567
path,-8.0718524024249,8.980436303547012
path,-8.072026967919603,8.97811477639346
path,-8.072200524744247,8.975793232670869
path,-8.072369798474881,8.97351079773843
path,-8.072540714069351,8.971230082147292
path,-8.072711827815592,8.968948717934804
path,-8.072883105305609,8.966666663497294
path,-8.073054539757436,8.964383910752776
path,-8.07322401442906,8.962125627859013
path,-8.073393860125043,8.959867190074723
path,-8.07356385984374,8.957608069102584
path,-8.0737340117057,8.95534826326068
path,-8.073904316444033,8.953087774065049
path,-8.0740722290993,8.950856802771193
path,-8.074240556327698,8.948625911595709
path,-8.074409025219412,8.946394345680243
path,-8.074577640363644,8.944162111612625
path,-8.074746403754276,8.941929212831667
path,-8.07489964686887,8.939723153907071
path,-8.075067637458622,8.937527140551115
path,-8.075235478809693,8.93533019027039
path,-8.075403272260916,8.933132421193735
path,-8.075571049773135,8.930933868061974
path,-8.075737247728618,8.928751071765051
path,-8.075903808328604,8.926567967951256
path,-8.076070422570904,8.924384167269384
path,-8.076237090601035,8.92219966751705
path,-8.076403824413928,8.920014481121425
path,-8.076568489762133,8.917852491979396
path,-8.076733559284182,8.915690470564247
path,-8.076898722588682,8.913527807409865
path,-8.077063978382,8.91136449998704
path,-8.077229332548292,8.909200554614962
path,-8.07740463493592,8.90700362706143
path,-8.07757298205235,8.904797010269188
path,-8.077741535977092,8.902589712910267
path,-8.077910247650966,8.900381689019722
path,-8.078079113069279,8.898172945916832
path,-8.078232590204564,8.8959883782355
path,-8.078400840949389,8.893813719618448
path,-8.078568957577867,8.891638106651975
path,-8.078737032974756,8.889461654536664
path,-8.07890509705384,8.887284402151597
path,-8.07907175275055,8.88512035653929
path,-8.079238787614315,8.88295600940101
path,-8.079405875067696,8.88079095629558
path,-8.079573016428556,8.878625200856709
path,-8.079740223204064,8.876458758909132
path,-8.079905584187426,8.874311989633375
path,-8.080071375972912,8.872165119879057
path,-8.080237263343463,8.870017618619366
path,-8.08040324075902,8.867869480769784
path,-8.080569313492651,8.865720714235506
path,-8.08073414991125,8.86358463532268
path,-8.080899387570005,8.86144832068684
path,-8.081064749754255,8.859311426104933
path,-8.081230219291777,8.857173932091769
path,-8.081395797901969,8.855035841949654
path,-8.08155963886185,8.852916835905786
path,-8.081723908453167,8.850797742082083
path,-8.081888301983525,8.84867808620578
path,-8.08206004969373,8.846555635367944
path,-8.08223375449293,8.844430120935
path,-8.082406368189124,8.84231702168474
path,-8.082579509642574,8.840203965513595
path,-8.082752888236442,8.838090508059508
path,-8.082926477111961,8.835976616593845
path,-8.083100265315803,8.833862277809558
path,-8.083272438770246,8.831764310158233
path,-8.083445201052925,8.829666602294449
path,-8.083618136722903,8.827568425626193
path,-8.083791232594063,8.82546976454499
path,-8.083964483701036,8.823370613467143
path,-8.084137339053596,8.821275956780712
path,-8.0843104774486,8.819180974254563
path,-8.08448352731355,8.817085208248594
path,-8.0846564044258,8.814988555962334
path,-8.08482922502085,8.812891160041467
path,-8.085033857374091,8.810727134294524
path,-8.085215222789628,8.808509829254364
path,-8.085396963939784,8.806292281164136
path,-8.08557904683136,8.804074447106506
path,-8.085761456596353,8.801856305426826
path,-8.085943523208718,8.799644151964232
path,-8.086126007569922,8.797431805021498
path,-8.08630879129367,8.795219112936676
path,-8.086491842955857,8.793006035363934
path,-8.086675146187075,8.790792550547252
path,-8.086857759820392,8.788587167460038
path,-8.08704081272813,8.786381615439629
path,-8.087224083462447,8.784175616826666
path,-8.087407554993355,8.781969149952491
path,-8.087591218304631,8.779762203062196
path,-8.087773950604658,8.777564874326979
path,-8.087957041876907,8.775367296364479
path,-8.088139817905837,8.773168623130983
path,-8.08832231740023,8.770968901720195
path,-8.088504713631725,8.768768343884357
path,-8.088686488131529,8.766573852973037
path,-8.088868059846304,8.76437849367312
path,-8.089049448907565,8.762182205890708
path,-8.089230770016707,8.759985128342072
path,-8.089412135359364,8.757787398622991
path,-8.08959285294653,8.755595498939176
path,-8.089773708297297,8.753403071989222
path,-8.089954547004334,8.751209925545885
path,-8.090135325348257,8.749016007107628
path,-8.09031600506932,8.746821270629695
path,-8.09049626160611,8.744628005866149
path,-8.090676367723587,8.742433863717416
path,-8.090856124965802,8.74023860035453
path,-8.091035324174483,8.738041960452676
path,-8.09121353716974,8.735843420808235
path,-8.091388975742804,8.733644925270555
path,-8.091552045676666,8.731434106177304
path,-8.0916745477346,8.729181546288777
path,-8.091795839539879,8.72692680489398
path,-8.091918514104998,8.724673039824573
path,-8.092190585241832,8.722289037112684
path,-8.09245040850316,8.719802736646544
path,-8.092646094789924,8.717237535414936
path,-8.092797772669362,8.714617863949679
path,-8.092949777182032,8.711997577892518
path,-8.09310176297143,8.709410887004676
path,-8.093255583524346,8.706825475541287
path,-8.093411239441433,8.704241330669673
path,-8.093568727504037,8.701658454100464
path,-8.093728044643301,8.69907684731746
path,-8.093887568086686,8.6965223479423
path,-8.094048875508346,8.693969106823136
path,-8.094211967501096,8.691417113104343
path,-8.094376841516656,8.688866367575255
path,-8.094543495098355,8.686316870887541
path,-8.094709888534698,8.683799342361514
path,-8.094878010567385,8.681283047392691
path,-8.095047862941678,8.678767972334441
path,-8.095219443545753,8.676254117431322
path,-8.09539275032385,8.673741482844738
path,-8.095566218839709,8.671252418931955
path,-8.095741376219577,8.668764563835731
path,-8.09591822348374,8.666277907386611
path,-8.096096758793369,8.663792449502594
path,-8.096432556764974,8.661264887715038
path,-8.096852762870132,8.658734442085832
path,-8.097271329455422,8.656198023305562
path,-8.097691065544755,8.65366181548744
path,-8.098111964835768,8.651125819805308
path,-8.09853401817056,8.648590031633345
path,-8.098955955088313,8.646061992812575
path,-8.099379024580326,8.643534156669046
path,-8.09980321582567,8.641006510881217
path,-8.100228514187918,8.638479037872695
path,-8.100654898706074,8.63595170712071
path,-8.101072170458105,8.633400819479363
path,-8.101451374593335,8.630782236152362
path,-8.10183123680706,8.62816306129084
path,-8.102212473918106,8.625544513827204
path,-8.102595082850616,8.622926594399868
path,-8.102985261388472,8.620295496629517
path,-8.103380527593693,8.617658809566256
path,-8.103777161444519,8.61502272916863
path,-8.104175163187227,8.612387259288026
path,-8.10457231459386,8.609747065474103
path,-8.105101098953108,8.607004150812127
path,-8.105641618284334,8.604160347510485
path,-8.106132067010062,8.601248973419949
path,-8.106586066213408,8.598287999244453
path,-8.107039894059362,8.595325297319022
path,-8.107494057917446,8.592372511516423
path,-8.107949951066415,8.589420525283163
path,-8.108407573386144,8.586469339425747
path,-8.108866924313395,8.583518957970478
path,-8.109328005873817,8.58056938824442
path,-8.109789336179514,8.5776300668034
path,-8.11025238042021,8.574691556527043
path,-8.110717135425235,8.57175385301658
path,-8.111183609821218,8.568816971879736
path,-8.11165180377724,8.56588091715665
path,-8.112121138362303,8.562949241433044
path,-8.112592181707171,8.560018389844812
path,-8.113064932376712,8.557088362222974
path,-8.113539395793465,8.554159169411246
path,-8.114015564014343,8.551230803428293
path,-8.114492922794046,8.548306415092451
path,-8.114971983956556,8.545382861288354
path,-8.115452746935079,8.542460143077129
path,-8.115935212104546,8.539538263969568
path,-8.116419381020384,8.536617229109204
path,-8.116907314410884,8.533684697519774
path,-8.117396961260306,8.530753011201055
path,-8.117888323886255,8.527822181576335
path,-8.118381397257552,8.524892204861763
path,-8.118876189012738,8.521963094296074
path,-8.119525024166434,8.518927497178913
path,-8.120226917405384,8.515785528288653
path,-8.120875688961123,8.51257170355558
path,-8.121471158629408,8.509286028101611
path,-8.122046514580369,8.505976707080116
path,-8.12260389087212,8.502694426882773
path,-8.123162208851594,8.499414843750102
path,-8.123722705314176,8.496136593846103
path,-8.124285385462798,8.492859681946516
path,-8.124850249304341,8.489584104233161
path,-8.125415656477733,8.486319275294148
path,-8.125983240761542,8.483055789546464
path,-8.126552991718015,8.47979361415653
path,-8.127124918874207,8.476532766836542
path,-8.127699015214912,8.473273233118631
path,-8.128274030717725,8.470028623258663
path,-8.128850570437622,8.466781584677625
path,-8.129429274600566,8.463535892480001
path,-8.130010145479908,8.460291550358527
path,-8.130593182188358,8.457048556294433
path,-8.13117846110769,8.453807620333187
path,-8.131766748049127,8.450569600993854
path,-8.1323581182832,8.447334681841905
path,-8.132952567838421,8.44410285708358
path,-8.133550092279991,8.44087412110882
path,-8.13415156529307,8.437643763536718
path,-8.134756114149885,8.434416490698744
path,-8.13536373350785,8.431192300055462
path,-8.135974419183766,8.427971186840992
path,-8.136588166877063,8.424753146427904
path,-8.137355117481961,8.421435655109669
path,-8.138127712613201,8.417988740958101
path,-8.138844079599465,8.41443121556818
path,-8.139545966853074,8.41084251314516
path,-8.140251700090754,8.40725759164623
path,-8.140955531922177,8.403705330254542
path,-8.141663123192748,8.400156800733807
path,-8.142374471209585,8.396611986675586
path,-8.143089566648925,8.393070886057627
path,-8.143808401025185,8.389533496722995
path,-8.144520384389503,8.386051523185532
path,-8.145235951405152,8.382573189885422
path,-8.14595512548197,8.379098452078592
path,-8.146677898711925,8.375627306978561
path,-8.147404264035552,8.372159751778725
path,-8.148125550545654,8.368736803571158
path,-8.148850322317639,8.36531737537073
path,-8.149578580314094,8.361901443115492
path,-8.150310318474055,8.358489003759656
path,-8.151045529817946,8.35508005399375
path,-8.151774797021597,8.35171788701749
path,-8.152507427766224,8.348359136581148
path,-8.153243425336322,8.345003777523019
path,-8.153982783366517,8.34165180643878
path,-8.154725496086387,8.338303219969156
path,-8.15545786259082,8.33502045602049
path,-8.156193032027513,8.33174160397485
path,-8.156931413781827,8.328465999872687
path,-8.15767300232221,8.32519364036858
path,-8.15841779202273,8.321924522062645
path,-8.159226724805013,8.318564481850432
path,-8.160015754419732,8.315138625745114
path,-8.160808298334162,8.31171632613992
path,-8.161604349301474,8.308297582887413
path,-8.162403900957834,8.304882392134985
path,-8.163197304703166,8.301511633961116
path,-8.163994104356558,8.298144356302984
path,-8.164794302885227,8.294780534933707
path,-8.165597894513443,8.291420166066784
path,-8.16640487311036,8.288063245820409
path,-8.167204114522487,8.28475569530225
path,-8.168006628770126,8.281451514731744
path,-8.168812420819258,8.278150677584227
path,-8.1696214849334,8.274853180081033
path,-8.170433815617997,8.271559018469452
path,-8.171239434802567,8.268294999715263
path,-8.172176533737453,8.265068883820494
path,-8.173281145481024,8.262124895371887
path,-8.174509673528597,8.25945853869503
path,-8.175818748859912,8.25697328749791
path,-8.177157241715646,8.254477928770731
path,-8.178489624411258,8.251971617622392
path,-8.179827665841486,8.249467591530212
path,-8.18117329610141,8.246970343117319
path,-8.18251835075912,8.244477688605425
path,-8.183907075071975,8.24193387035987
path,-8.185292474241892,8.239377263947897
path,-8.186683737052094,8.236826833663773
path,-8.188074400759746,8.234275999465629
path,-8.189473784718787,8.231731381144755
path,-8.190952389859042,8.229092991356387
path,-8.192432366479993,8.226412030671144
path,-8.193918131132904,8.223736711309497
path,-8.195410087730094,8.22106505242523
path,-8.196901170133788,8.218396794430246
path,-8.198479576938391,8.21561844057218
path,-8.200067258366943,8.212804985986617
path,-8.201656883666763,8.209990074103919
path,-8.20325366742389,8.207185168974338
path,-8.204852603303236,8.204382933040565
path,-8.20663235420043,8.201373215204578
path,-8.208629125500115,8.198106469653105
path,-8.210739538878125,8.194608018460526
path,-8.212753670770107,8.191225648142906
path,-8.214642655561637,8.188147328104922
path,-8.21670843318125,8.185019883051158
path,-8.218951278169953,8.181446590702686
path,-8.221315690809506,8.17759056224401
path,-8.223683799071733,8.17361851588221
path,-8.226057969107481,8.16964741629419
path,-8.228629310783308,8.165460664385545
path,-8.231428212110181,8.16098608371446
path,-8.234341480692157,8.15627239947653
path,-8.237253739465237,8.151522379972468
path,-8.240180216793783,8.146783861585046
path,-8.24331016524853,8.141869566094282
path,-8.246622907094478,8.13666733754857
path,-8.249993934567522,8.131320430970254
path,-8.253377886729032,8.125982680609681
path,-8.256776894038747,8.1206587371495
path,-8.260480787608477,8.115063288328518
path,-8.264594237093393,8.109057802115005
path,-8.268906323042259,8.102822385091342
path,-8.273353941313902,8.096293487287028
path,-8.277874181982593,8.089541680368082
path,-8.282417177689812,8.082801621546094
path,-8.286985781035257,8.076085414695019
path,-8.291578738859517,8.069387523577221
path,-8.29619494402706,8.062709891016661
path,-8.300834213373825,8.056052367509102
path,-8.3054116098543,8.049565906419884
path,-8.309886977070825,8.04332929062517
path,-8.314258519512906,8.03730028989499
path,-8.318560096262276,8.03145129494812
path,-8.322817268899032,8.025724954627663
path,-8.326848956479123,8.020250628360571
path,-8.330672326228921,8.015168961183226
path,-8.334275651677464,8.010440822285457
path,-8.337648782461493,8.005672367981553
path,-8.340816172392438,8.000828835189905
path,-8.34379480049732,7.996210011329022
path,-8.346548186350182,7.99189238234287
path,-8.34912280289176,7.988019849927617
path,-8.351471961325363,7.984304035933075
path,-8.35353932758662,7.980541954546421
path,-8.355408923706504,7.977071463921439
path,-8.357015726329923,7.973976311442858
path,-8.358355492180808,7.971214940643941
path,-8.359528386763069,7.968560661417965
path,-8.36050872281105,7.965925488351224
path,-8.36131742579864,7.963444930152982
path,-8.361997717008338,7.960997240600356
path,-8.362582219988273,7.95860286387049
path,-8.363075287913738,7.9562675601913995
path,-8.363484749739577,7.953963673477931
path,-8.363823295401424,7.951768103115405
path,-8.364077600476103,7.949590079832355
path,-8.364226980068818,7.947520494000966
path,-8.364296939213524,7.945522990539085
path,-8.36428636989291,7.94357101465936
path,-8.364232514628636,7.941044312755936
path,-8.364020669090797,7.938318021554337
path,-8.363721012288792,7.9356532732825205
path,-8.363336230861874,7.9330494846570065
path,-8.362942691833661,7.930442391016046
path,-8.363109998234082,7.92615284987484
path,-8.364024550407484,7.920087372929905
path,-8.36554433653588,7.9132827803350505
path,-8.36769488459142,7.905796123797156
path,-8.370315507743813,7.89778942978817
path,-8.37304866311164,7.8895932944973906
path,-8.375858952082407,7.881212089461027
path,-8.37870632117066,7.872690311312783
path,-8.38159996899252,7.863990721258599
path,-8.384547376492794,7.855085983839058
path,-8.38737830557838,7.8460683742076265
path,-8.390536980884862,7.8371695099735845
path,-8.393938790501668,7.828524675786638
path,-8.397297362682963,7.820243610493738
path,-8.400678009585794,7.812284357214059
path,-8.403864538478325,7.804728038908454
path,-8.406940271581925,7.797547124029445
path,-8.409952532667347,7.790586671433921
path,-8.412887812173603,7.783788041400818
path,-8.415749686766356,7.777143086272362
path,-8.418364814323473,7.770786667884893
path,-8.420883073947003,7.7647465857243345
path,-8.423347161583512,7.758870971497926
path,-8.425752565157051,7.7531089349398306
path,-8.428064506211333,7.747448070302952
path,-8.430058575796116,7.742081594500646
path,-8.431864617900946,7.737064996417564
path,-8.43354776772224,7.732391995088594
path,-8.435125842798906,7.728069739729958
path,-8.436604130025698,7.724096372972828
path,-8.437950108337663,7.7204668463904955
path,-8.439239587323637,7.71715065172116
path,-8.440567554439372,7.713944827480149
path,-8.441913885527473,7.710755257347979
path,-8.443282639507235,7.707584877448573
path,-8.444630487845767,7.704488606845844
path,-8.445981423679298,7.7014093799628025
path,-8.447329741784785,7.69832774481808
path,-8.448675225320793,7.695243877551524
path,-8.450017817685644,7.692157958611029
path,-8.451299204429482,7.689168347008828
path,-8.452567046918587,7.686238488503421
path,-8.453832200149792,7.683307042261974
path,-8.455094619914643,7.6803741256009666
path,-8.456354267769907,7.677439839239427
path,-8.457577601199484,7.674570349109894
path,-8.458794504126553,7.671720825605007
path,-8.460008735167659,7.6688701673033295
path,-8.461220273191186,7.6660184276207035
path,-8.46242910054481,7.663165651193016
path,-8.463600410158733,7.660377166119633
path,-8.464765813494296,7.657612345334902
path,-8.465928617794498,7.654846728508518
path,-8.467088816758471,7.652080328604514
path,-8.46824640489183,7.649313156853728
path,-8.469762459803077,7.645964215631999
path,-8.471531167584978,7.641897309402346
path,-8.473512271202837,7.63718695053789
path,-8.475625135375164,7.632065727338821
path,-8.477731199936708,7.626935646070356
path,-8.480030072021211,7.621436208135882
path,-8.48253470566438,7.615304967996703
path,-8.485099429147969,7.608958026694367
path,-8.487650417316786,7.602607217970954
path,-8.490187656097651,7.5962525704971595
path,-8.492582560347138,7.59003883217504
path,-8.494876655565264,7.5840401150906205
path,-8.497098564012775,7.578247313537113
path,-8.499281877941199,7.5726262413523795
path,-8.501438205997932,7.567024814284345
path,-8.503472908621877,7.561454447645903
path,-8.505431406280637,7.556085825961365
path,-8.507323958471307,7.5509210417010175
path,-8.509220248166228,7.545909606001813
path,-8.511118823644237,7.540935711386473
path,-8.512917357109618,7.5360804364396
path,-8.514662770493494,7.531404408720507
path,-8.516391107871478,7.526811669102662
path,-8.518112373925772,7.522217101448947
path,-8.519826581445308,7.517620473791676
path,-8.521446105341704,7.513147732421888
path,-8.52302514171924,7.508851318198861
path,-8.524593457602991,7.504590380441461
path,-8.526155700163727,7.50032766298691
path,-8.527711863996814,7.49606317389899
path,-8.529233804494538,7.491861529332992
path,-8.530747534537126,7.487677695272007
path,-8.532255410400058,7.483492169291733
path,-8.53375742723265,7.479304960269314
path,-8.535253580306758,7.475116076992064
path,-8.536688489285293,7.471030925311265
path,-8.538106908382572,7.4670243853266385
path,-8.53951911710851,7.463019215382464
path,-8.540925954826642,7.459012668873776
path,-8.542327418836328,7.455004741888585
path,-8.543666588038063,7.451102909221882
path,-8.544991013797368,7.44728421899495
path,-8.54631050399647,7.44346492479186
path,-8.547625109558592,7.439644338418505
path,-8.548934828399547,7.435822463189652
path,-8.550206037696931,7.4320761440399465
path,-8.551468911274561,7.428360972122907
path,-8.55272716789259,7.424644621473566
path,-8.553980802488558,7.420927101521033
path,-8.555229814023724,7.417208411230748
path,-8.556438296582913,7.413570094074167
path,-8.557638425814153,7.409968603780797
path,-8.558834221191676,7.406366011721181
path,-8.560025680816599,7.40276232116245
path,-8.561212802196485,7.3991575354989
path,-8.562357104224034,7.395633517581927
path,-8.563494962519746,7.3921507031385705
path,-8.564628752390698,7.388666992621151
path,-8.56575847406248,7.385182378737681
path,-8.566884057442868,7.381696851407092
path,-8.568104306097675,7.377832478723749
path,-8.56952239733881,7.373366582439121
path,-8.570992989393186,7.368650437449427
path,-8.572518048524277,7.363899377988731
path,-8.574074627363544,7.3590946698599
path,-8.576112504447684,7.353593099301831
path,-8.578420072993532,7.347156513857322
path,-8.580884179151703,7.339848503991263
path,-8.583495414018786,7.331679508792472
path,-8.586199135730904,7.322981534490974
path,-8.588992180025873,7.313908553094341
path,-8.59177695440362,7.304743962851889
path,-8.594535135968824,7.295571357779716
path,-8.597264183606576,7.286389154278096
path,-8.59996258192806,7.277198889294681
path,-8.602434263498758,7.268108472640393
path,-8.604668033134192,7.259192212205057
path,-8.60656666054178,7.250657158689362
path,-8.608288104794267,7.242367606491577
path,-8.609907581136888,7.234283558963762
path,-8.611536603635528,7.226479276356773
path,-8.613093131056797,7.218910556825536
path,-8.614557185262969,7.211574324006444
path,-8.615912228654377,7.204472849997591
path,-8.617247840383298,7.1975359301488036
path,-8.61888143099041,7.190779800946538
path,-8.62077164050889,7.184183311887096
path,-8.622798778420899,7.177876332509194
path,-8.624804794344156,7.171507761683125
path,-8.626938417992553,7.165067305095656
path,-8.629228598074071,7.158490177720541
path,-8.631636093082683,7.15181619489551
path,-8.633912442669558,7.145217628983587
path,-8.635721099305453,7.138640983497329
path,-8.637321464274171,7.131959165372125
path,-8.63897049790998,7.125413627144234
path,-8.640563783356432,7.119069153548102
path,-8.642027635107182,7.112902107773937
path,-8.64345124042592,7.106767809836393
path,-8.6448779859913,7.100633557628597
path,-8.646372634473742,7.094689518224571
path,-8.647841706705348,7.0889665475159305
path,-8.649273038300787,7.083438900697758
path,-8.65048096473063,7.0780829857848255
path,-8.651446011800042,7.072790017721966
path,-8.652268743114622,7.067584091580102
path,-8.653025465358944,7.0625237053675685
path,-8.653822137777613,7.0575905508357994
path,-8.65465651346909,7.0527692167818365
path,-8.655508997831198,7.047977565371718
path,-8.656213295213483,7.043275501382797
path,-8.656918409161737,7.038707719816281
path,-8.65766154798818,7.0342505094164505
path,-8.658424949141468,7.029831258648815
path,-8.659184718474052,7.025414068452535
path,-8.65980396763791,7.02108214603811
path,-8.660406589452748,7.0168847146848
path,-8.66104861067687,7.01280602950768
path,-8.661718721677806,7.008779620405064
path,-8.662387209598375,7.004756700757033
path,-8.663178445571116,7.000243930725799
path,-8.664077030318285,6.995282789955056
path,-8.664987508713649,6.990227455738115
path,-8.665890893568035,6.985138998089572
path,-8.66678464515544,6.980033125117646
path,-8.667907579972509,6.974288116135089
path,-8.669131721469379,6.967536708658081
path,-8.670353909674436,6.959866511271305
path,-8.671725811176326,6.951339773145294
path,-8.673167894951627,6.9424226648840905
path,-8.674611841282207,6.9329838444153715
path,-8.676167541106897,6.922933924185106
path,-8.677706514359334,6.912840857897326
path,-8.679268849054214,6.902702720571106
path,-8.680851043413728,6.8925115682421465
path,-8.68214698193107,6.882411562043031
path,-8.683090531045103,6.872482434379787
path,-8.683954765608698,6.862699785208208
path,-8.68477416861723,6.853048863882451
path,-8.685558612684792,6.843521421426712
path,-8.685852995507991,6.835329787545781
path,-8.685743740588189,6.828813760319896
path,-8.685858402546366,6.822706080975009
path,-8.686107963329889,6.816739885913169
path,-8.68624168042685,6.810977288428267
path,-8.686154105199085,6.805668151160527
path,-8.686074968186631,6.80055823362718
path,-8.68598639046696,6.795613655631631
path,-8.685833169653517,6.791014110180173
path,-8.685992265264094,6.786639038427117
path,-8.6862123193909,6.782533563207345
path,-8.686453045345157,6.778597653544809
path,-8.686726513506002,6.77480799614705
path,-8.687032022648195,6.7711649834939065
path,-8.687368853371908,6.76766908592663
path,-8.687622158459796,6.763779295404748
path,-8.687646355492815,6.759041885930306
path,-8.687628614093926,6.753754859632884
path,-8.68780321011567,6.748246856333967
path,-8.688173615249147,6.742519917918192
path,-8.688764101349937,6.736612228360348
path,-8.689549946568738,6.7304900723081955
path,-8.690531396407868,6.72415346483268
path,-8.691708973830362,6.717593455065597
path,-8.693071215199549,6.710819306445646
path,-8.69429564222363,6.704267227147671
path,-8.695242890197088,6.6981916692126
path,-8.696185001675346,6.692293254884947
path,-8.697176962377362,6.68646565198304
path,-8.69823446076224,6.680646138751713
path,-8.699213275448647,6.674924011413696
path,-8.70006911947166,6.669486883810556
path,-8.700883467951703,6.664371243725646
path,-8.701642044332186,6.659580588277473
path,-8.702365242936601,6.655053536604461
path,-8.702963083613552,6.650756782800129
path,-8.703506546299126,6.646725841600954
path,-8.703904155167915,6.642713999427642
path,-8.704273632847398,6.638807033980901
path,-8.70488072158515,6.6348862431140825
path,-8.705416281619335,6.63067639068116
path,-8.705888490938296,6.626319048910073
path,-8.706119789146296,6.621963896775237
path,-8.706319290389803,6.61764257243694
path,-8.706662851346657,6.6132080560912145
path,-8.706836016603049,6.608123426994424
path,-8.706977205641598,6.60190252109526
path,-8.707073859311677,6.594654957682243
path,-8.707078569351275,6.5868420390702225
path,-8.706965163842963,6.578559200216026
path,-8.706658198987956,6.569951643949482
path,-8.706335925140099,6.561455667590678
path,-8.706201164785703,6.5528890108985305
path,-8.706062286309818,6.544473671957794
path,-8.705965831836478,6.536098647754287
path,-8.705794917544223,6.527830403218548
path,-8.705674548283913,6.519645649233771
path,-8.705557133850178,6.51146832480961
path,-8.705326067844545,6.503383839160359
path,-8.70493872476209,6.495327121026376
path,-8.704243075867835,6.487508603198755
path,-8.703336526563719,6.48006640147956
path,-8.702435458649216,6.472909729465482
path,-8.701573995958999,6.465863578802176
path,-8.700694187884215,6.458829904936155
path,-8.699707517673083,6.452007467243047
path,-8.698650970018049,6.4455340121452895
path,-8.697608120467072,6.439363017958677
path,-8.696674304187749,6.433441441773345
path,-8.695868781736811,6.427674649049404
path,-8.695056319403761,6.422108860975365
path,-8.694297247427416,6.416716928675966
path,-8.693571997740635,6.4113782993897965
path,-8.692849940553144,6.406039591798243
path,-8.692131434361661,6.400704983056065
path,-8.691507024571814,6.394654305758492
path,-8.691037303049946,6.387461407707632
path,-8.69054149123195,6.379911554669645
path,-8.689894759071331,6.372141170618136
path,-8.689099945473618,6.364148333896162
path,-8.688258190403367,6.355879303003657
path,-8.687271429440516,6.347391541413305
path,-8.686137434462285,6.338687873849256
path,-8.684855687342637,6.329776170068669
path,-8.683471621158471,6.32068909848074
path,-8.682132430185412,6.3113114268820985
path,-8.680850489948913,6.3016990735867795
path,-8.679642704815167,6.29187507430308
path,-8.67855336613974,6.281853358863974
path,-8.67753771388747,6.271594091682025
path,-8.676530670051099,6.261071935297308
path,-8.675551676535495,6.250334716197311
path,-8.674548702965657,6.239454715806511
path,-8.673703566499881,6.2286370541539595
path,-8.672969760752776,6.21781987613144
path,-8.672121379302414,6.206927337937695
path,-8.671151748130752,6.195882660052242
path,-8.670005836067352,6.184733842509304
path,-8.66870822721361,6.173461495164008
path,-8.667255648220044,6.162074969339053
path,-8.665716679793592,6.150571585309142
path,-8.66409619887889,6.138962983890289
path,-8.662409474620581,6.127261253380366
path,-8.660657440701762,6.1154751537223255
path,-8.658918013665327,6.10363107052068
path,-8.657416682088297,6.0918841012376035
path,-8.656242010516955,6.080369395909896
path,-8.655277265389644,6.068986471720917
path,-8.654519921593145,6.057699109324814
path,-8.653834145887037,6.046537053541648
path,-8.65307184411888,6.0353260315483315
path,-8.652195733582651,6.0240141163068275
path,-8.651199430019528,6.01260059598615
path,-8.650154543537855,6.00107983904708
path,-8.649098893902705,5.989447391776252
path,-8.648041610864565,5.977703126604234
path,-8.646964873302002,5.965849034554657
path,-8.64586535533952,5.95388582082043
path,-8.644760200826287,5.9418128959801475
path,-8.643629240182248,5.929631764664236
path,-8.64251446783178,5.917395780262003
path,-8.64158731805004,5.905341493956978
path,-8.640786063348896,5.893469803749469
path,-8.640040887001565,5.88174396711582
path,-8.639395655490125,5.869932599781557
path,-8.638314724049602,5.858583313550041
path,-8.63676062386641,5.847999266791018
path,-8.635210422447216,5.837836021789398
path,-8.633740905005135,5.827790001960122
path,-8.632745725457614,5.817979203541179
path,-8.631576421866427,5.807926606229886
path,-8.630071612998632,5.797622163405402
path,-8.62846414317366,5.7874760625330515
path,-8.627096335978864,5.777463762844755
path,-8.626045132761595,5.767806050675368
path,-8.624794953840741,5.757823329357332
path,-8.623278677823574,5.747442184859105
path,-8.621663876194175,5.736889187455049
path,-8.62039485028284,5.726433175983334
path,-8.619368067923764,5.716307144977138
path,-8.61808826623689,5.705800827870938
path,-8.616521971494842,5.695020698568546
path,-8.614893092026954,5.68431471922886
path,-8.613618900287014,5.6736896762390385
path,-8.612853886010772,5.66320038314155
path,-8.611673249006754,5.652697558049052
path,-8.610558013401453,5.64241570081643
path,-8.60987129746905,5.632582703608464
path,-8.609508599556413,5.6230863150731425
path,-8.609366169644913,5.613878271997421
path,-8.609308494706955,5.605235385699803
path,-8.60962716726664,5.597236491247484
path,-8.610115289236305,5.5895395413596525
path,-8.610677101585841,5.582049053988157
path,-8.611270321380186,5.5747130412613295
path,-8.612088788425442,5.567765917935869
path,-8.613106676111302,5.561093933033006
path,-8.614240370485003,5.554527414498428
path,-8.615270818346167,5.547864368149539
path,-8.616145867214481,5.541106118922199
path,-8.616806526924252,5.5342013364844584
path,-8.617337771308177,5.527221984495884
path,-8.61721213296252,5.51968893296037
path,-8.616458383176877,5.511548039398822
path,-8.615266257349278,5.502999256929576
path,-8.613670630324542,5.4941164560041935
path,-8.611838368703618,5.484842968280717
path,-8.609844371619149,5.475153659120654
path,-8.607971416031717,5.46531897363238
path,-8.606379838868527,5.455464786162433
path,-8.605321155763969,5.445869169388503
path,-8.604584778025412,5.436622543955843
path,-8.60395052434049,5.427525851623795
path,-8.603395966960678,5.418594753544065
path,-8.60292709510511,5.409832664422139
path,-8.602666185430156,5.401433056620699
path,-8.602549828517663,5.393282639640575
path,-8.602531404697894,5.385260204874117
path,-8.602768786717546,5.377234374096737
path,-8.603266913454084,5.369189243985387
path,-8.603980670557165,5.361298679917892
path,-8.60469911929197,5.353631389048186
path,-8.605414870052735,5.346193750900867
path,-8.606134997631731,5.338987698545539
path,-8.606867140082285,5.332015805009591
path,-8.607657320350725,5.324774234406726
path,-8.608583031713973,5.317502286078259
path,-8.609624398803499,5.31027485439009
path,-8.610783234359374,5.303111871640475
path,-8.612095968432481,5.29602057579904
path,-8.613467591522971,5.288566989412774
path,-8.614896835698989,5.280688600092321
path,-8.616412117444938,5.272857073029343
path,-8.617961561579563,5.265093647609761
path,-8.619531228251644,5.257397889918232
path,-8.620868377815949,5.249267328841672
path,-8.622327704175206,5.240579502948261
path,-8.623927877220384,5.231998356931853
path,-8.625627692565358,5.223626306994032
path,-8.627430501049009,5.215434103458116
path,-8.629332838452811,5.207400849802201
path,-8.63131567091086,5.199495329499694
path,-8.633411422215067,5.1917081338592
path,-8.635568482845915,5.184013215438969
path,-8.637775509709645,5.176393697372
path,-8.640090868136232,5.168861610768208
path,-8.642509872502528,5.161418145473344
path,-8.645008046761824,5.15403309946766
path,-8.647599685955294,5.146704202134156
path,-8.650258158850155,5.139419819481513
path,-8.653010398287604,5.132255804478521
path,-8.655701022492531,5.125143886039029
path,-8.658322418497258,5.118049714802088
path,-8.66088178428699,5.110968132967325
path,-8.663430020561231,5.103854677127009
path,-8.666030233240287,5.096631644718371
path,-8.668590338330626,5.089440014059829
path,-8.671059341763282,5.082214846059902
path,-8.673418249098354,5.074960847578689
path,-8.675668320236364,5.067685894873693
path,-8.67782801146156,5.060081623675406
path,-8.680103237063948,5.052619026598157
path,-8.682311446520693,5.045208410406388
path,-8.684407033862872,5.037762491891471
path,-8.686352848174703,5.030287882175466
path,-8.688374477897975,5.022295804559899
path,-8.690493252627954,5.014371757518483
path,-8.692636888324685,5.006585955196328
path,-8.694720980773017,4.998761849696539
path,-8.696711500566574,4.990898474587195
path,-8.69858509283315,4.982472211968834
path,-8.700639494482717,4.974066764656568
path,-8.702892564947419,4.965748275982507
path,-8.705282193672675,4.95745034269539
path,-8.707704820353296,4.949106450273497
path,-8.710190543185787,4.940638191117785
path,-8.711895979012978,4.932005820994246
path,-8.712266670917307,4.922886022551103
path,-8.712044972595102,4.913681161384979
path,-8.711489724778698,4.904542776395033
path,-8.710979376788474,4.894884742825007
path,-8.710394811869536,4.885045083304628
path,-8.709527552301486,4.875331485508044
path,-8.708443824444002,4.865669714218011
path,-8.707064234551625,4.855968101280761
path,-8.705925247578318,4.845627597458242
path,-8.70499168218146,4.834690304394374
path,-8.703887411882537,4.823497368595306
path,-8.702510187091214,4.812155058973928
path,-8.70094999507366,4.800739179157211
path,-8.69935610675316,4.789083534665524
path,-8.697743513182852,4.77734399940644
path,-8.696155697892868,4.7655409313490384
path,-8.694639992826483,4.753609137140982
path,-8.693089156593123,4.741422306774498
path,-8.691339638722686,4.729161202689473
path,-8.689628075347933,4.716890039110374
path,-8.687980059925579,4.704598969055749
path,-8.686362225859737,4.692314361792749
path,-8.684774454626641,4.6800377784077805
path,-8.683224275712307,4.667765862990283
path,-8.681864479566064,4.655495839853154
path,-8.680575446394775,4.643259699766199
path,-8.679126803009298,4.631130777361867
path,-8.677563459160273,4.619058064119405
path,-8.675965980905273,4.607168952347123
path,-8.674305303409119,4.595374587412123
path,-8.672600642688092,4.583567173688175
path,-8.67084667920904,4.5717434002909725
path,-8.669067052274432,4.559912890534244
path,-8.667269887600746,4.548188269359619
path,-8.66546939804386,4.536613945103337
path,-8.663693362651069,4.5251166155568905
path,-8.66195113875229,4.513676111536157
path,-8.660236762850213,4.5022621917877155
path,-8.658554511996167,4.4906512724211
path,-8.656903765684905,4.47896302090214
path,-8.655288939562082,4.467298660093992
path,-8.653708742985556,4.455652017971213
path,-8.652161566797389,4.444017974365839
path,-8.650696446010015,4.432968560391271
path,-8.64922028010797,4.422894646892798
path,-8.64763249081717,4.413663067394837
path,-8.645722074934714,4.405191254770201
path,-8.643439104633522,4.397328544995144
path,-8.641774880513427,4.390144781020223
path,-8.640227564900686,4.383717642936172
path,-8.638552242984197,4.3778927525479805
path,-8.636879217724438,4.37237068800884
path,-8.635204207267451,4.366658160656726
path,-8.633830913001496,4.360285671903899
path,-8.632802195930035,4.353579458860895
path,-8.631558470980638,4.347152255986558
path,-8.630292890708349,4.340891860190184
path,-8.629096437444362,4.33437464833877
path,-8.62792452108516,4.326980515552246
path,-8.626716852955148,4.318446156812967
path,-8.625418981173167,4.309055454374296
path,-8.623851845525172,4.299212217707983
path,-8.622364786636638,4.289523673733285
path,-8.621503266774834,4.2796004563289305
path,-8.621045391302708,4.269492106612775
path,-8.620642081179504,4.259757776810957
path,-8.62027002813884,4.250467224733323
path,-8.619925848156015,4.2416237812959805
path,-8.619616375598751,4.232224051741732
path,-8.619382414944475,4.222582635569037
path,-8.619176101732906,4.213295673096162
path,-8.618960014079585,4.2043884742105835
path,-8.618776477125198,4.195787398001929
path,-8.618422761471374,4.1877918498507976
path,-8.618001809952764,4.180302708778605
path,-8.617657679701907,4.173430177635463
path,-8.617346133477735,4.167018732208185
path,-8.61706863006016,4.161027018789068
path,-8.616803118695703,4.155875297449722
path,-8.616576108862466,4.151185149788782
path,-8.616378451733441,4.146940163921037
path,-8.616206285485653,4.1431377516018895
path,-8.616067217396925,4.139732628370296
path,-8.61595782909081,4.136795461108344
path,-8.615795819898969,4.134215131424005
path,-8.615565642408264,4.13180574845364
path,-8.615382987006347,4.129405825955027
path,-8.615255498774793,4.127000461479812
path,-8.615097451210069,4.124188695883972
path,-8.614748602857865,4.120624363213452
path,-8.61437625337153,4.116988642554577
path,-8.614075291730119,4.113307230185919
path,-8.613851038999782,4.109578997939192
path,-8.613552920620606,4.1054075508616465
path,-8.613140494351102,4.100589810982642
path,-8.612725398860755,4.0952761921642695
path,-8.612435172650068,4.0881233705322355
path,-8.611942508529586,4.079716721020996
path,-8.610995389284616,4.071264510377274
path,-8.609919991082046,4.062864389347683
path,-8.608847263676518,4.054383346157641
path,-8.607810041181951,4.045846363892544
path,-8.606809559970591,4.03725610682474
path,-8.605820741166436,4.02907767655921
path,-8.604815866957388,4.0212644360828245
path,-8.6038412815202,4.013467024863116
path,-8.602841651625496,4.005651175738696
path,-8.601843755094428,3.9978052431084703
path,-8.600856175422894,3.990211372700555
path,-8.599832951311207,3.9828844499106033
path,-8.598742747516917,3.975588082148879
path,-8.597632256224719,3.968294187631938
path,-8.596501825648545,3.9610049791223334
path,-8.595514302159835,3.953984752721777
path,-8.594532372584885,3.947281602120661
path,-8.593571419200284,3.9406826429676225
path,-8.592526131204162,3.934084642691521
path,-8.591458301015733,3.9275022512584674
path,-8.590497259518228,3.921174580210366
path,-8.5895121846437,3.9149966858777376
path,-8.588491588517323,3.908842628431076
path,-8.587453105342112,3.902717808958109
path,-8.586395277624653,3.8966228065180606
path,-8.585309765388496,3.8902187705559106
path,-8.583883743578937,3.8834419736424817
path,-8.582226119540419,3.876385780921625
path,-8.580586180650721,3.86912959383657
path,-8.5788548424393,3.8618869305713703
path,-8.57686731042493,3.85428455592596
path,-8.574555346162565,3.8462274689958877
path,-8.572118601188926,3.837918798589526
path,-8.569700305132681,3.8294248578407726
path,-8.567195111382237,3.820950846134006
path,-8.564643073151162,3.8126499965161282
path,-8.562018412853483,3.8044275832950007
path,-8.559302366162262,3.7962029443077734
path,-8.556462076179493,3.7879411657770174
path,-8.55348862326526,3.7798176356551614
path,-8.550532169248324,3.771876447234152
path,-8.54745806078484,3.7642076415860717
path,-8.544555224265281,3.7564365911362914
path,-8.5415092227844,3.7488657033530424
path,-8.538537514389388,3.7412738852263496
path,-8.535403539719349,3.7336133605162583
path,-8.532336822976243,3.7259496249864488
path,-8.529408044180027,3.7182766238251186
path,-8.526549013689191,3.710579294335067
path,-8.523786486035565,3.7028574564806664
path,-8.520835136598308,3.6948396497698712
path,-8.517776575666975,3.6869892806772584
path,-8.514786745070715,3.679153106103885
path,-8.511867355208633,3.6712926810073174
path,-8.509085102684496,3.6634010241505557
path,-8.505977761242132,3.655417055649108
path,-8.502964576835554,3.6474408495219572
path,-8.499986268902253,3.6394798327015923
path,-8.49705758822863,3.631508438744535
path,-8.494240530399141,3.6235379909368066
path,-8.491308303308575,3.615482837777424
path,-8.488434321385936,3.6074804846384105
path,-8.485697252163307,3.5995301039995877
path,-8.483096030383688,3.5916211195344627
path,-8.480670257571255,3.583779677488412
path,-8.478124491835661,3.5756892370675195
path,-8.475840284599766,3.5676409407483987
path,-8.473921482982178,3.5597985102356478
path,-8.472334026783528,3.5521193259388704
path,-8.471018209729861,3.5445310410870285
path,-8.469402581453231,3.536449698470207
path,-8.467704917847694,3.5280655705575343
path,-8.466270149256218,3.519776647365405
path,-8.465102333182056,3.5114976510514864
path,-8.464111084076022,3.5032327155317073
path,-8.46326517528586,3.4953662696999364
path,-8.462585922788765,3.488122966944214
path,-8.462054039139783,3.4814798209168263
path,-8.461594440099443,3.4751920554471325
path,-8.461135340538645,3.4692124148331973
path,-8.460672017674028,3.4630910390306684
path,-8.460309580656597,3.4569861921494973
path,-8.460063795734643,3.4509585283172437
path,-8.4599261158397,3.4449956290232144
path,-8.459896383359325,3.439097326694761
path,-8.460005028028506,3.432429153429201
path,-8.46016361621893,3.42535034581194
path,-8.460394633914072,3.4166017043899104
path,-8.460596883864683,3.4067415889151254
path,-8.460797943573821,3.3958268946948458
path,-8.460725021018845,3.3849912097174593
path,-8.460580318531374,3.3746556248723483
path,-8.460561273024894,3.3643202218782884
path,-8.460578161483902,3.353626572003608
path,-8.46022401531997,3.342360278354258
path,-8.459604424694275,3.3312530053949
path,-8.45916845497057,3.3206129819483725
path,-8.458950857954907,3.3104213898162302
path,-8.458914478347355,3.300318141118743
path,-8.458935977656168,3.2901179293654597
path,-8.458744619049497,3.2800029284599668
path,-8.458374984041091,3.2700218674983117
path,-8.457906890982802,3.2601599720418415
path,-8.457440996673292,3.250362483813287
path,-8.456979475157887,3.2406271616956595
path,-8.456492770430835,3.2303347718189106
path,-8.455682350474099,3.2190796783075273
path,-8.454604751190095,3.2074704273322148
path,-8.453561714052382,3.1957214192892884
path,-8.452555424834808,3.1840379295899037
path,-8.451436076929273,3.1724554501281856
path,-8.45027975713759,3.16116319140197
path,-8.44901020714772,3.1500176461845877
path,-8.447720693690071,3.138905130831995
path,-8.446450312368665,3.127791174011563
path,-8.445196242300572,3.116657207382439
path,-8.44392994663743,3.105622369580971
path,-8.442409163774007,3.0948476686526307
path,-8.440582875492998,3.0843536052616165
path,-8.438442755364367,3.0741341841119514
path,-8.436640704098938,3.0634320312471632
path,-8.43523156137342,3.0523672595985696
path,-8.433580076856286,3.0414271349704776
path,-8.431735602395122,3.030748769511563
path,-8.42983850673376,3.020233562639342
path,-8.428369953680313,3.0091096268499546
path,-8.426972421943681,2.9978233361054327
path,-8.425534147074174,2.986725523598496
path,-8.424056313193685,2.9758050317794256
path,-8.422544885630467,2.965049451405914
path,-8.421389612359713,2.9537769816690442
path,-8.420123525340614,2.942504799938719
path,-8.418762350163346,2.9314389771365885
path,-8.417356774829157,2.920566120489713
path,-8.4159789895086,2.9099601497951406
path,-8.414719718811186,2.8991510158838714
path,-8.41337452905192,2.8883228374906347
path,-8.411956174744255,2.877714802694781
path,-8.410504875118908,2.8672707319264625
path,-8.40913530112923,2.8566679678249236
path,-8.407903975511793,2.8457794512619268
path,-8.406633844941014,2.8351405762876905
path,-8.40531088628539,2.8247304274572267
path,-8.404038307281523,2.8142373537585876
path,-8.402820477319414,2.803552007527172
path,-8.401499206037071,2.7931793201466264
path,-8.40019175043151,2.7832514235416843
path,-8.398900194324181,2.7737715193133727
path,-8.397612211351914,2.76456010652528
path,-8.396275679230017,2.75519725127983
path,-8.394947971321734,2.7463784640909843
path,-8.393591666720639,2.73844365902246
path,-8.392200490437299,2.7309543361589292
path,-8.391083158436743,2.724018478715608
path,-8.39018534323738,2.717735834377374
path,-8.389251099885811,2.711877315814882
path,-8.388629267888088,2.7061868598777132
path,-8.388504114439348,2.700187165409908
path,-8.388514582395093,2.6941266800553434
path,-8.388533136422415,2.688070873498858
path,-8.388560826756628,2.68115642848255
path,-8.388607219985795,2.673306003831629
path,-8.388484299244299,2.664861845575164
path,-8.38790231613472,2.6561065089647315
path,-8.387485594110307,2.6471160130059226
path,-8.387184791064518,2.637519052914787
path,-8.387267710652125,2.627418844238558
path,-8.387252299566358,2.6172722032084637
path,-8.387106816805062,2.6071337969512536
path,-8.386868963586792,2.5970444524039116
path,-8.386702840124977,2.5872888060580204
path,-8.38669849254224,2.5779237931161196
path,-8.386684252753584,2.5683871812378625
path,-8.386500072715778,2.5582930320222723
path,-8.386241523318295,2.5479945863893096
path,-8.385999988967031,2.537823932814738
path,-8.385686808989103,2.527519619411745
path,-8.385293657346766,2.5170335796448513
path,-8.38486243268352,2.506393595022642
path,-8.384414959881719,2.4956251561488467
path,-8.38375612824266,2.484473986874527
path,-8.382962161700027,2.4731347017210155
path,-8.382169753085234,2.46169118321198
path,-8.381422280382468,2.4502166742523976
path,-8.38071829545493,2.43871338898093
path,-8.380123309027251,2.4277827050032306
path,-8.379802403972441,2.4178070871741846
path,-8.379494337762607,2.4081232443984546
path,-8.379224507443247,2.3986523960101924
path,-8.378996632057364,2.3893262214379387
path,-8.378550739491946,2.3806178140190872
path,-8.378002246260793,2.3725462467381857
path,-8.377653927903452,2.364618052900309
path,-8.377527961847477,2.356838552922733
path,-8.377596874193209,2.3491886566490376
path,-8.377845991792398,2.341136377515312
path,-8.377964364096643,2.3319962414004385
path,-8.377867301538066,2.322021938608104
path,-8.377565986312527,2.3113854800711437
path,-8.377002644490153,2.3002574548530235
path,-8.376387338206962,2.288841285473709
path,-8.375771463024336,2.277175033360378
path,-8.375117169973567,2.2652373021037784
path,-8.374473422245723,2.2530797587683393
path,-8.373850519131198,2.2407054286025763
path,-8.373611408985166,2.228661687855332
path,-8.373816267531168,2.2175808759122413
path,-8.373973534745483,2.2067606159379785
path,-8.374023586967004,2.195947062596056
path,-8.373965935776926,2.1851469288520664
path,-8.373704519300418,2.1739378911559863
path,-8.373164038945088,2.162021923548668
path,-8.372350323752503,2.1496014045469094
path,-8.371393683996459,2.1371196759144055
path,-8.37032401785888,2.1246738166820367
path,-8.369505194970648,2.1126980282344348
path,-8.368896174834138,2.1013885013289944
path,-8.368220760935808,2.0904922574400184
path,-8.367470489204658,2.0799750537435164
path,-8.36665026805819,2.0698347044219356
path,-8.365804200188288,2.060299018832192
path,-8.364999413547006,2.0516855699833196
path,-8.364123756813974,2.0436362994513746
path,-8.363160740172262,2.035973998165731
path,-8.362134448651108,2.0286679680531066
path,-8.361014546776884,2.02114802863828
path,-8.359785813217961,2.0135331888618597
path,-8.358533864467166,2.0059269875343775
path,-8.3572782680623,1.9983274553045842
path,-8.356158894890914,1.990797494854603
path,-8.355357790558289,1.9828259724193908
path,-8.354943659060803,1.9736274223598778
path,-8.35489748405464,1.9639919674679602
path,-8.355100380133827,1.9544749002964497
path,-8.355451275080247,1.9451172474086043
path,-8.355648663488568,1.9351415620039287
path,-8.355702383540093,1.9242724004030138
path,-8.355982466869754,1.9133790191685696
path,-8.356609867552889,1.9027441278413524
path,-8.357567464091394,1.8923132527509055
path,-8.358132965522344,1.881431980355673
path,-8.358220653197087,1.8702922154998887
path,-8.358438044228324,1.8593959056844553
path,-8.358920799846608,1.84881374966763
path,-8.359673050879257,1.8384666320623113
path,-8.360653347742858,1.8283099785349697
path,-8.361677976724872,1.818167969384396
path,-8.362648593025053,1.8077569578336559
path,-8.363502959974785,1.7971490496189277
path,-8.364253359830506,1.7863876324871948
path,-8.364473051616772,1.7749526307832748
path,-8.364212495164395,1.7631781606083619
path,-8.363885663976703,1.7514775392958755
path,-8.36350359819736,1.739883543624974
path,-8.36307023298916,1.728340029360279
path,-8.362415860412641,1.716674310473574
path,-8.361462167449792,1.7047801946014116
path,-8.360491687247798,1.6926421489573804
path,-8.359363467962778,1.6804665498854374
path,-8.358051866502041,1.668296401627904
path,-8.356967527564574,1.65629942477707
path,-8.356353959810257,1.6444093741610368
path,-8.355755489994028,1.632501571814504
path,-8.35513479751891,1.620597726613829
path,-8.354491653749067,1.6086973465873649
path,-8.353903684740823,1.596937246177417
path,-8.353425175752317,1.5854224560356875
path,-8.353057475328695,1.574118313783297
path,-8.352760300777632,1.5629874317700987
path,-8.35250666202229,1.5520290157035368
path,-8.35208924636965,1.5407560115328687
path,-8.35137676014246,1.5290265629152888
path,-8.350368150231937,1.516908392535336
path,-8.349147578619293,1.5047297757400808
path,-8.347873315438486,1.492678306355941
path,-8.346813169608454,1.4807530575603227
path,-8.34574329750513,1.4688185033278147
path,-8.344651140898597,1.4568633075590345
path,-8.34353618438251,1.4449056509846288
path,-8.34239841534174,1.4329521877412417
path,-8.341340864275764,1.4212046370884335
path,-8.340442316655484,1.4097505814573392
path,-8.339758672307696,1.3986893470191784
path,-8.339139157141501,1.3878477406034804
path,-8.338595488994937,1.3771581056382964
path,-8.337896546905453,1.3660053624155508
path,-8.336835097158035,1.354367599900181
path,-8.335517562262512,1.3424061991612415
path,-8.334168923975941,1.330411437100208
path,-8.33279629212814,1.3184010164936715
path,-8.331412308854084,1.3065609915908578
path,-8.329995284861834,1.2946900846696363
path,-8.328553522485539,1.2827817667859387
path,-8.327086949100346,1.2708511775933153
path,-8.325596198663636,1.258907458659949
path,-8.324164572972945,1.2472124787270307
path,-8.322754220525292,1.2356735423618632
path,-8.321387132115015,1.224247106349278
path,-8.32003510963376,1.212884658697654
path,-8.318710754023616,1.201551939043941
path,-8.317426432335136,1.189987356863035
path,-8.316205621009832,1.1785117627675883
path,-8.31519713463907,1.1673119517715116
path,-8.314300208458343,1.1562624864637199
path,-8.313489750049966,1.145332053652134
path,-8.31243455583829,1.1339787839008368
path,-8.310991167435658,1.1222885916996086
path,-8.309504032517216,1.110585278238781
path,-8.30799076654248,1.0989094274572704
path,-8.306454608635448,1.087252044748915
path,-8.304759389551753,1.075502373036152
path,-8.302851214481274,1.0636223816083399
path,-8.30072077320843,1.05170764882583
path,-8.298367687808424,1.0398459557913433
path,-8.295824192134585,1.0280397472903184
path,-8.293417189895438,1.0166782341231144
path,-8.291470317975124,1.006157549388113
path,-8.28937235819127,0.995940895036573
path,-8.28706205141427,0.9857689513856512
path,-8.284576585100812,0.9756385505118916
path,-8.282179193870357,0.9660149622519248
path,-8.280167168889967,0.9572089032420692
path,-8.27810691636718,0.949066086029503
path,-8.276069359860555,0.9410646854858054
path,-8.274129301213776,0.9331044572671647
path,-8.272388749724257,0.9252532792465438
path,-8.270743928637133,0.9174521862870255
path,-8.269055521699025,0.9097339835920994
path,-8.26732847476774,0.9021052328602206
path,-8.265557557215217,0.8945666372476943
path,-8.263689946777653,0.8870100469773824
path,-8.261957833406553,0.8796455898032625
path,-8.26041293248242,0.8725262359723343
path,-8.259030427077153,0.8656220542179955
path,-8.2578104797451,0.8589303709176551
path,-8.256240417417956,0.8515716374733496
path,-8.254388089631227,0.843982866177824
path,-8.252642779586628,0.8366233475095138
path,-8.251122224571544,0.8294950153398484
path,-8.249919267463461,0.8225989566921306
path,-8.248353786911782,0.8149400111490166
path,-8.246428413434147,0.8062152811419927
path,-8.244553697375219,0.7972232683875228
path,-8.242891600537051,0.7884888465626284
path,-8.241463656378246,0.7800081043578664
path,-8.240008976623134,0.7715908169576172
path,-8.238606619317553,0.7633421254310296
path,-8.237379079901745,0.7553280468908968
path,-8.236265191702888,0.7475113163525747
path,-8.235218555169915,0.7398709636210403
path,-8.234178084676463,0.7323745001220161
path,-8.233185685735622,0.7250381652815743
path,-8.232305268866119,0.7178751291408906
path,-8.231465957481234,0.7108542763858011
path,-8.230662273849944,0.7039704112107914
path,-8.229063014626103,0.6959141872558493
path,-8.227020106361557,0.6866967405520609
path,-8.224999252865807,0.677341117457955
path,-8.223026296922782,0.6680939157480587
path,-8.221091781089026,0.6589362868422977
path,-8.218957941675814,0.6493857813100357
path,-8.216842826693041,0.6398352226700581
path,-8.21479116369627,0.6304109622264688
path,-8.212832835634455,0.6209810410300065
path,-8.210919669873135,0.6116107048006364
path,-8.20873263895177,0.6018103785388
path,-8.206473260313892,0.5917921342844367
path,-8.204117671179956,0.5815935130495821
path,-8.201709035691898,0.5712862939747692
path,-8.199251042745827,0.560891027150252
path,-8.196875726947127,0.5505621254966744
path,-8.194362562826926,0.540071283167083
path,-8.191704924201193,0.5292630005730002
path,-8.18891908682903,0.5181935448714401
path,-8.186020181308326,0.5068977464524472
path,-8.183176899559228,0.49560384047076744
path,-8.180619969617945,0.48454929210285114
path,-8.177932664720302,0.4735113195248478
path,-8.17502667247531,0.46230094322124143
path,-8.171980437436464,0.4508488451501978
path,-8.169033376642842,0.4393251976781426
path,-8.16658622467854,0.4280415549163308
path,-8.164418534028052,0.4171659289051451
path,-8.162445512348944,0.4067840588149416
path,-8.160637473852118,0.3968503582447499
path,-8.158474743355605,0.38678537104781724
path,-8.156314854212964,0.37671695929896365
path,-8.154302648177149,0.36671771196852815
path,-8.15239109606901,0.356759631821165
path,-8.150542089004446,0.34687680977770124
path,-8.148266224819366,0.3366900277790293
path,-8.14582297412598,0.32637366234527027
path,-8.143270835620234,0.3159377101745242
path,-8.140673255856752,0.3054402092192904
path,-8.138040473240562,0.2948689152368363
path,-8.135599308161149,0.2843922799300252
path,-8.13341954817581,0.2743447241731371
path,-8.13145433026273,0.2647727129724703
path,-8.129704658682552,0.25569425260287193
path,-8.127791098839538,0.24701478772653057
path,-8.125306561568737,0.23782186786820506
path,-8.12246453603344,0.22836889865626295
path,-8.119404331336108,0.21872773443006233
path,-8.116258385282626,0.20890674366650963
path,-8.113107386320603,0.19892537916259356
path,-8.109824826407719,0.18903208153072365
path,-8.106549956288566,0.17939315544059936
path,-8.103459115795882,0.1696241341200463
path,-8.100320799642986,0.15943879068821848
path,-8.097082246874372,0.14858482292630687
path,-8.093793024029521,0.13748051912734865
path,-8.090397225736835,0.12625894832996098
path,-8.086997039726612,0.11462434971125557
path,-8.083449270064603,0.10273174898111427
path,-8.07974795911329,0.09059888839758246
path,-8.076073864825581,0.0783804112735974
path,-8.072439004892635,0.06620938627508599
path,-8.069147976179142,0.05396391282970054
path,-8.066178130874036,0.041646938622428846
path,-8.063416938051505,0.02931023243064196
path,-8.06073985612819,0.017105694045477512
path,-8.057493861810784,0.005390533506102594
path,-8.053832009803411,-0.0059257049298360055
path,-8.050075328330774,-0.017163639648718972
path,-8.046365596331759,-0.028540640893045307
path,-8.042667845155789,-0.03991210531992598
path,-8.038763357442766,-0.05099677711432802
path,-8.034678128003495,-0.061790789552800936
path,-8.030426390633055,-0.07229874842367137
path,-8.02601248292426,-0.08250587744509805
path,-8.022054500859772,-0.09279601453849977
path,-8.018232464883733,-0.10330505845385841
path,-8.01448751004456,-0.11420863007681785
path,-8.01097066056118,-0.12524179588931786
path,-8.007741117886066,-0.13634272282184273
path,-8.004580529663038,-0.14733070414348487
path,-8.001079531312186,-0.1583868887709585
path,-7.997667356292365,-0.16970843781823935
path,-7.99453590298452,-0.1811327942824179
path,-7.991666006961651,-0.1926399246660216
path,-7.988785391364817,-0.20400111456780992
path,-7.9856135371703125,-0.21507969447831465
path,-7.9824733847826055,-0.22638733714216072
path,-7.97955928484679,-0.2378113154135312
path,-7.976896199732915,-0.24931261755462822
path,-7.9742135223626,-0.2606580988300504
path,-7.97126783525058,-0.2717356947248636
path,-7.9683655924822245,-0.2830501852674508
path,-7.9656730635812405,-0.29447729484774376
path,-7.963216487762595,-0.30597688290837854
path,-7.960742779666046,-0.3173316024866867
path,-7.957852304146986,-0.32822895325439044
path,-7.954706437733144,-0.33871241826458703
path,-7.95137827334906,-0.34883307832168403
path,-7.947957321889559,-0.35874139924425275
path,-7.945454437916375,-0.3687930564379819
path,-7.942991621345999,-0.37903163671623546
path,-7.940708492309029,-0.3895850196172378
path,-7.9384322890652985,-0.40038624636571
path,-7.936098965799599,-0.41145383227935795
path,-7.9336525467087355,-0.42233907660719255
path,-7.931194077020879,-0.4329311791424838
path,-7.928715691793416,-0.4437659160021689
path,-7.926202558564474,-0.4548584252722027
path,-7.923647715074735,-0.4662089906314746
path,-7.921197866576115,-0.4774517502214973
path,-7.919206051319646,-0.4883937961224234
path,-7.917495370396323,-0.49910616730521623
path,-7.9159685856895114,-0.5096202622366465
path,-7.914341690406197,-0.5201595069597508
path,-7.912666710948771,-0.5300276816334791
path,-7.910988314863772,-0.5394675598368849
path,-7.909455182046207,-0.5486139753816653
path,-7.907842802727823,-0.5576336138326592
path,-7.906027711849518,-0.5665963886381858
path,-7.9042867340464245,-0.5748899065611218
path,-7.902822155276573,-0.5823458959034647
path,-7.901280461405643,-0.5897593993614503
path,-7.8995880076588705,-0.597185053277299
path,-7.89774400997733,-0.6046215501230232
path,-7.895634442271903,-0.6124485174451048
path,-7.893476270338678,-0.6206374973173339
path,-7.891329291769857,-0.6291573771826267
path,-7.889183767284364,-0.6379925108764579
path,-7.887037903611968,-0.6471396907740635
path,-7.8845722734445,-0.6568348701270761
path,-7.881854901636433,-0.6669290842752682
path,-7.879140417380486,-0.6773617279632284
path,-7.876419497240936,-0.6881177428895738
path,-7.8736897492266715,-0.6991936815829576
path,-7.870915453124103,-0.7099704082166229
path,-7.867934029246874,-0.7202274622992754
path,-7.864721767577322,-0.7301483643569436
path,-7.86140190396555,-0.7400152968446012
path,-7.8580680860469645,-0.7498040701350986
path,-7.85465862996711,-0.7596022252678306
path,-7.851199705183884,-0.7693400066821345
path,-7.847696692518234,-0.7790151893306786
path,-7.844185186391231,-0.7886143346727913
path,-7.840664254040675,-0.7981373540151657
path,-7.837128949583466,-0.8077941152783745
path,-7.833538217201457,-0.8176918697267515
path,-7.829833245234396,-0.8276338201129904
path,-7.826087651390726,-0.8375035155120164
path,-7.822328110541093,-0.8472904923188199
path,-7.8184884605761,-0.8567729185046586
path,-7.8146394628171585,-0.8658586154328644
path,-7.810802157659178,-0.8745651728941181
path,-7.806993737491436,-0.8828944293135342
path,-7.8032251687959935,-0.8908692516383151
path,-7.799489079167056,-0.8984656239459721
path,-7.795815378630429,-0.9058172217941188
path,-7.792332619840218,-0.912910416133611
path,-7.789056253359574,-0.9197913255125416
path,-7.785924381881633,-0.926433589175722
path,-7.783047823905978,-0.9333741104191664
path,-7.780377152376145,-0.9406369984642695
path,-7.77779004594495,-0.9479081971114567
path,-7.775281949290707,-0.9551600376352466
path,-7.772843354111995,-0.9623946282607535
path,-7.770345506344858,-0.9694233832116272
path,-7.767853590216839,-0.9762748134789346
path,-7.765482093863098,-0.9831811088819639
path,-7.763181513276408,-0.9901536788254169
path,-7.760923333235919,-0.9971121927559535
path,-7.758690780115007,-1.003908782574087
path,-7.756483023400788,-1.0104397203660938
path,-7.754344084319587,-1.016762462684452
path,-7.752289102548447,-1.0230549020185844
path,-7.750229821920426,-1.0294266417008955
path,-7.748192336389909,-1.0361497584125612
path,-7.746044598131181,-1.0433257717691893
path,-7.743872266596177,-1.0505261095724516
path,-7.741696458736212,-1.0577224271519023
path,-7.73951532871463,-1.0649144926522625
path,-7.737285187273193,-1.0724698019829586
path,-7.734929189757699,-1.0801765880735625
path,-7.732562195867207,-1.0878777574868879
path,-7.73018340275059,-1.095573166390913
path,-7.7277921595408525,-1.1032626836770212
path,-7.725194020899112,-1.1106002424258978
path,-7.722651289317145,-1.1176407652435545
path,-7.7202728256560125,-1.1244831857095765
path,-7.718022323655769,-1.1311715348644755
path,-7.715861302624417,-1.1377443359536545
path,-7.713667550939983,-1.1440481396378819
path,-7.711563833681333,-1.1501924681965627
path,-7.709529055148307,-1.1562308344682606
path,-7.707568824360319,-1.1621890849534648
path,-7.7056208478673,-1.1681228241523187
path,-7.703531747128519,-1.1737421755548294
path,-7.701545851224637,-1.1791031940899657
path,-7.699688172709591,-1.1843135927404043
path,-7.697907339921516,-1.1894007235381254
path,-7.69617532583891,-1.1944040842716337
path,-7.694409542541785,-1.1992135710042884
path,-7.692690413821074,-1.203909692222321
path,-7.691016030740469,-1.208561332604
path,-7.689413647240135,-1.2131770608395087
path,-7.687834707596152,-1.2177623492621206
path,-7.686187416355823,-1.2222068434779891
path,-7.684592081070329,-1.2265848939398205
path,-7.683048166170045,-1.2309269312434066
path,-7.6815219079407635,-1.2352521155772402
path,-7.679999504625128,-1.2395619774435236
path,-7.678418867491848,-1.243741121922757
path,-7.676899639533575,-1.2478509329028409
path,-7.675433534044897,-1.2519231759316556
path,-7.67397364460372,-1.255978111744581
path,-7.672512269299528,-1.2600280463130349
path,-7.670890326702017,-1.2645109136811843
path,-7.6690598212465435,-1.269548123421315
path,-7.667208593354587,-1.2745936511670755
path,-7.665343961640471,-1.279637713445794
path,-7.663473923590027,-1.2846766594500674
path,-7.661511064028194,-1.2895496538127782
path,-7.659566011721055,-1.2943157441817617
path,-7.657690520801882,-1.2990453078790185
path,-7.655884206913643,-1.3037448605142252
path,-7.654093875177205,-1.3084172922092192
path,-7.652240364587251,-1.3128832886012496
path,-7.650430653674502,-1.3171992481122101
path,-7.648675816642205,-1.3214578678905682
path,-7.646969054864793,-1.3256886723083003
path,-7.645306593017163,-1.3298995922140688
path,-7.643498343697626,-1.3345510642209797
path,-7.641431263410352,-1.3398463419860656
path,-7.639316202926508,-1.3451793307817166
path,-7.63718601757486,-1.3505104064673277
path,-7.635044541352697,-1.3558380140847461
path,-7.632813733114358,-1.3609915490385067
path,-7.6306077041681615,-1.3660057560747865
path,-7.628434893296457,-1.3709789085035884
path,-7.6263044958214525,-1.3759344797134725
path,-7.624221215877791,-1.3808655815438131
path,-7.622123776362868,-1.385586586518576
path,-7.620076228024907,-1.3900931495963826
path,-7.618085676392236,-1.394518313224444
path,-7.616139838314561,-1.3989138146685247
path,-7.614249801133195,-1.4032946650863576
path,-7.612347893107053,-1.4074621453085197
path,-7.61050678026012,-1.411440699134261
path,-7.608725709582952,-1.4153572142783017
path,-7.606975378142873,-1.4192573119513052
path,-7.6052626401491406,-1.4231388981530053
path,-7.603537893181533,-1.4268624081567027
path,-7.601847780233171,-1.4304961817821438
path,-7.6001982066299885,-1.434104289402863
path,-7.598590029611166,-1.4376905269996934
path,-7.5970124547685005,-1.4412544808146392
path,-7.595404299799241,-1.444696326928642
path,-7.593815464007526,-1.4480659022235554
path,-7.592252068598761,-1.45141985030026
path,-7.59070030430306,-1.4547999828960354
path,-7.589013719265249,-1.4584162357991237
path,-7.587350664779637,-1.4618933227571134
path,-7.5857168159187385,-1.4653340853838612
path,-7.584093531309734,-1.4687671627260233
path,-7.582484640696999,-1.472185099135824
path,-7.580885235931479,-1.4755877911021202
path,-7.579125209545778,-1.4794103573099733
path,-7.577143818600287,-1.4836593706741954
path,-7.575154827887275,-1.4879090161656443
path,-7.573181127406311,-1.492134177391332
path,-7.571222741271929,-1.496334844888355
path,-7.569282024651104,-1.500341531191627
path,-7.567471393009969,-1.5042186517437888
path,-7.565683442996885,-1.5080638736007328
path,-7.56389695019276,-1.5118910772923864
path,-7.562111965726558,-1.5157003012236947
path,-7.560324444821057,-1.5193125390011775
path,-7.558654811309013,-1.522782264277937
path,-7.557003436970807,-1.5261959193699048
path,-7.555377876069665,-1.5296007276450434
path,-7.553741928366373,-1.533020069997633
path,-7.5521083963677444,-1.5363395949076128
path,-7.550549066442793,-1.5395535785236631
path,-7.549021260336272,-1.542731739962049
path,-7.547495803063595,-1.5459000828829637
path,-7.5459706463707965,-1.5490596989767307
path,-7.5444480018822535,-1.5521201071755597
path,-7.542993302968422,-1.555100050505792
path,-7.541574418970147,-1.5580135772855805
path,-7.540172810644194,-1.5608850533785534
path,-7.538773776126559,-1.5637469480628625
path,-7.537383369264049,-1.5665519481937558
path,-7.536021123334526,-1.5693110352783919
path,-7.534587565593342,-1.572024596128888
path,-7.533202786409359,-1.574788018050652
path,-7.531836698395045,-1.577579684288264
path,-7.530471158589844,-1.5803095456473302
path,-7.5291396176635805,-1.5829900649077242
path,-7.527854867294683,-1.58564496328382
path,-7.526580161571492,-1.5882721999890037
path,-7.525311429252,-1.5908762986476241
path,-7.524048543963458,-1.5934215995081198
path,-7.5228209975021825,-1.5959410188609373
path,-7.521600980162097,-1.598443375935892
path,-7.520382770281064,-1.6009328308627044
path,-7.519165314264105,-1.6034130640179618
path,-7.517953601175526,-1.6057786888256618
path,-7.516779391789647,-1.608101270482755
path,-7.5156371034944875,-1.6104219911739177
path,-7.5145025346626335,-1.612738715574403
path,-7.5133651978515354,-1.6150542021364578
path,-7.512244366200974,-1.6173154292537781
path,-7.511135024260842,-1.619567666521532
path,-7.510025714004488,-1.6218193807954433
path,-7.508913420749166,-1.6240714913267946
path,-7.507799351587184,-1.626323442737139
path,-7.506700150964249,-1.6284635659150315
path,-7.505627444773493,-1.6305929462769504
path,-7.504569623085145,-1.6327214511560766
path,-7.503509682686136,-1.6348501474242023
path,-7.502449674814272,-1.6369779082478406
path,-7.501407123966488,-1.6390120659574385
path,-7.500387421246662,-1.6410337773887946
path,-7.4993757605477525,-1.6430549814493673
path,-7.4983615812614035,-1.6450761482196614
path,-7.497347379982606,-1.6470966824107203
path,-7.496346477759796,-1.649074139664191
path,-7.495353742363621,-1.6510460327101375
path,-7.494359712499252,-1.653017794111612
path,-7.49336323251394,-1.6549895042619636
path,-7.49236689429441,-1.6569600183967839
path,-7.49138617343978,-1.6588528927927892
path,-7.490428015177449,-1.6607349948405998
path,-7.48947223738926,-1.662617402779665
path,-7.488515264843115,-1.6644996958896932
path,-7.487556031514772,-1.6663819674717697
path,-7.486611498865284,-1.6682001191310039
path,-7.485684397971587,-1.6700138147538781
path,-7.484756978834522,-1.6718282510006632
path,-7.483828529233474,-1.673642195285828
path,-7.482898954021307,-1.6754560533364773
path,-7.481898710464228,-1.6773948333346593
path,-7.480868798460761,-1.6793779443660595
path,-7.479826893726112,-1.68138252894747
path,-7.478776843106007,-1.6834077377569017
path,-7.477717159490829,-1.6854546036582019
path,-7.4766690672922715,-1.6874471253944832
path,-7.475640420138016,-1.6894326680261864
path,-7.474610684396849,-1.6914187002117154
path,-7.473578956711071,-1.693403759593935
path,-7.472546977511865,-1.6953884903127638
path,-7.471537280730424,-1.697260066515613
path,-7.470557160140232,-1.6991148296186827
path,-7.469588570077903,-1.7009686352031117
path,-7.4686176762654295,-1.7028224897837378
path,-7.467647073878292,-1.7046749416095694
path,-7.4666935418340294,-1.7064422047492616
path,-7.465764767020202,-1.708200506329665
path,-7.464839334935349,-1.709959693064074
path,-7.463912095259065,-1.7117180785780874
path,-7.462984892779306,-1.7134762652461144
path,-7.462075932815571,-1.7151607204856472
path,-7.461186096523872,-1.7168367361611327
path,-7.460298911036181,-1.7185127216820153
path,-7.459410670285846,-1.720189034092871
path,-7.45852157420205,-1.7218647909552158
path,-7.457652020735292,-1.7234628583033447
path,-7.456802390945793,-1.7250525736460927
path,-7.455955969556126,-1.7266422541297721
path,-7.455108703208862,-1.728231727045699
path,-7.454260835132704,-1.7298202382423622
path,-7.453413236127675,-1.7313267971458206
path,-7.452601396162622,-1.7327678167278904
path,-7.451802200328199,-1.7342057178130572
path,-7.451005727430453,-1.7356442272705448
path,-7.450218964111769,-1.736949077059431
path,-7.4494376748827,-1.7381618533461822
path,-7.448647689599445,-1.7393215295881508
path,-7.447847093836829,-1.7404302233075117
path,-7.447044531867824,-1.7414999659558532
path,-7.446230872352572,-1.7425227538629866
path,-7.445394327717647,-1.7434747829946355
path,-7.444522535597121,-1.7443575690969662
path,-7.443610892060903,-1.7451641552615782
path,-7.442654854193649,-1.7458865597773017
path,-7.441668391811193,-1.746564047399093
path,-7.440659646939607,-1.7471723668819632
path,-7.439648006299328,-1.7477195661905784
path,-7.4386333632694965,-1.7482129117179976
path,-7.437627804216932,-1.7486589794547307
path,-7.436606927083727,-1.7490449910341863
path,-7.435601109366024,-1.749411632893553
path,-7.434613325524008,-1.7497818402735021
path,-7.433621958409683,-1.7501451412263158
path,-7.432627996122549,-1.7505054893076544
path,-7.431639225713529,-1.7508769642635407
path,-7.430668102415026,-1.751230586703514
path,-7.429707190349007,-1.7515812590493751
path,-7.428746135678276,-1.7519299095761696
path,-7.427792908966992,-1.7522933677751402
path,-7.426827257239426,-1.7526450169283583
path,-7.42651385187161,-1.7527393693844362
path,-7.426685282328664,-1.752691845603913
path,-7.426995646485293,-1.7526071112726083
path,-7.427376938649467,-1.752503918089683
path,-7.427816244748845,-1.7523853522388915
path,-7.4279961350205586,-1.7523323718001242
path,-7.428260839374316,-1.7522530838091122
path,-7.4286723207360374,-1.7521067958197616
path,-7.4291892316987775,-1.7519277317125932
path,-7.429747911950505,-1.7517094883589779
path,-7.429984816979688,-1.751613782059516
path,-7.430167989704512,-1.751506029717629
path,-7.4305545503471215,-1.7513443670023283
path,-7.431056269048926,-1.7511414354250965
path,-7.431670758969788,-1.7509042173871208
path,-7.432387730297928,-1.7506399833702841
path,-7.433137851596021,-1.7503765457960303
path,-7.434087693107031,-1.7500950654665055
path,-7.43507019489128,-1.7498192591740651
confirmed_rock,-15.0,15.48
confirmed_rock,-5.28,8.07
confirmed_rock,-6.55,-6.57
gt_rock,0.85,6.88
gt_rock,-11.98,7.91
gt_rock,11.97,8.31
gt_rock,25.95,30.55
gt_rock,10.0,13.69
gt_rock,-6.56,5.8
gt_rock,-5.0,19.5
gt_rock,-6.3,-7.96
gt_rock,-5.0,0.5
gt_rock,-4.2,6.99
gt_rock,8.2,2.5
gt_rock,-13.0,14.5
gt_rock,17.0,19.0
gt_rock,0.6,17.69
gt_rock,-2.0,22.69
gt_rock,9.0,11.5
gt_rock,-12.0,11.5
